{"type": "FeatureCollection", "features": [{"type": "Feature", "geometry": {"type": "MultiPolygon", "coordinates": [[[[73.8070111251972, 18.641119452420007, 0.0], [73.80700273576788, 18.641123283697866, 0.0], [73.80699478067412, 18.64112788041039, 0.0], [73.80698733652774, 18.64113319828876, 0.0], [73.80698047501991, 18.641139186118977, 0.0], [73.80697426223067, 18.64114578623503, 0.0], [73.8069687579926, 18.641152935074242, 0.0], [73.80696401531455, 18.64116056378946, 0.0], [73.80696007987113, 18.641168598912056, 0.0], [73.80695698956295, 18.64117696305945, 0.0], [73.80695477415144, 18.64118557568038, 0.0], [73.80695345497234, 18.641194353830645, 0.0], [73.80695304473022, 18.64120321297187, 0.0], [73.80695354737605, 18.641212067785716, 0.0], [73.80695495806926, 18.64122083299547, 0.0], [73.8069572632242, 18.64122942418736, 0.0], [73.8069604406411, 18.641237758623504, 0.0], [73.80696445971985, 18.64124575603866, 0.0], [73.80696928175458, 18.64125333941332, 0.0], [73.80697486030654, 18.64126043571539, 0.0], [73.80698114165129, 18.641266976603525, 0.0], [73.80698806529605, 18.641272899085354, 0.0], [73.80699339920201, 18.64127663107864, 0.0], [73.8070292129122, 18.641408735941557, 0.0], [73.80702921297951, 18.641408736161644, 0.0], [73.80703063596388, 18.641413985072628, 0.0], [73.80703229333567, 18.641419395914543, 0.0], [73.80714516911229, 18.641749289038525, 0.0], [73.80714154109263, 18.641756074353584, 0.0], [73.80713814940769, 18.641764331702664, 0.0], [73.80713761919993, 18.64176612287103, 0.0], [73.8071360780712, 18.641769005171614, 0.0], [73.80713268638611, 18.641777262520698, 0.0], [73.80713016007074, 18.64178579701621, 0.0], [73.80712852345498, 18.641794526466324, 0.0], [73.80712779230049, 18.641803366801703, 0.0], [73.8071279736488, 18.6418122328851, 0.0], [73.8071290657536, 18.641821039331287, 0.0], [73.80713105809743, 18.641829701329367, 0.0], [73.80713393149308, 18.641838135459547, 0.0], [73.80713765826832, 18.64184626049651, 0.0], [73.80714220253232, 18.641853998191657, 0.0], [73.80714752052143, 18.641861274026706, 0.0], [73.80715356102058, 18.64186801793133, 0.0], [73.80716026585651, 18.641874164957976, 0.0], [73.80716757045795, 18.64187965590736, 0.0], [73.80724276014716, 18.641930678966858, 0.0], [73.80718810398726, 18.642059452794005, 0.0], [73.80718528330839, 18.642067058597032, 0.0], [73.8071851735463, 18.6420674675023, 0.0], [73.80718504228457, 18.642067826500984, 0.0], [73.80718444520838, 18.642070180836605, 0.0], [73.80718318545367, 18.64207487389922, 0.0], [73.8071811200139, 18.642084302882743, 0.0], [73.80717975296191, 18.64209233681113, 0.0], [73.80717914977248, 18.642100455408343, 0.0], [73.8071793153391, 18.642108592811873, 0.0], [73.80718024831873, 18.642116683006655, 0.0], [73.80718194114262, 18.64212466036058, 0.0], [73.80718704313226, 18.64214414234129, 0.0], [73.80718933446418, 18.642151534485315, 0.0], [73.8073411701846, 18.642574140890094, 0.0], [73.8073443968374, 18.642581925275167, 0.0], [73.80734836523321, 18.642589391663975, 0.0], [73.80735304132406, 18.642596475996395, 0.0], [73.80735898454404, 18.642604617471395, 0.0], [73.8073643281725, 18.642611258922066, 0.0], [73.80737029352059, 18.642617400558496, 0.0], [73.80737682940756, 18.64262298968735, 0.0], [73.80738387975758, 18.642627978355616, 0.0], [73.80739138408082, 18.64263232376206, 0.0], [73.80739927799256, 18.642635988624413, 0.0], [73.80740883352573, 18.642639913965205, 0.0], [73.8074131645229, 18.642641470402037, 0.0], [73.80741605712596, 18.64264255368586, 0.0], [73.8074165476985, 18.642642686218743, 0.0], [73.80741705655633, 18.642642869087716, 0.0], [73.80742232368404, 18.642644246656634, 0.0], [73.8074250071719, 18.642644971626556, 0.0], [73.80742526399325, 18.64264501566746, 0.0], [73.80742553133354, 18.64264508558786, 0.0], [73.80743381669829, 18.642646482324473, 0.0], [73.80743416274021, 18.64264654166531, 0.0], [73.80745419569041, 18.642649016969816, 0.0], [73.8074236384249, 18.64271553822501, 0.0], [73.8074203296058, 18.64272382607684, 0.0], [73.80741788889858, 18.642732383183745, 0.0], [73.8074163398087, 18.64274112713615, 0.0], [73.80741569725483, 18.64274997372504, 0.0], [73.80741596742527, 18.64275883775295, 0.0], [73.8074171477183, 18.642767633854444, 0.0], [73.80741922676715, 18.64277627731825, 0.0], [73.80742218454961, 18.642784684903063, 0.0], [73.80742599258072, 18.642792775639222, 0.0], [73.80743061418715, 18.642800471608453, 0.0], [73.8074360048604, 18.642807698694327, 0.0], [73.8074421126854, 18.64281438729599, 0.0], [73.80744887884046, 18.642820472998483, 0.0], [73.80745623816382, 18.642825897193102, 0.0], [73.80746411978116, 18.64283060764183, 0.0], [73.80746762309415, 18.64283226983741, 0.0], [73.80747153525027, 18.642836936627223, 0.0], [73.80747802693656, 18.642843288198673, 0.0], [73.80748514045027, 18.642849002627415, 0.0], [73.80749280728435, 18.64285402488032, 0.0], [73.80750095360295, 18.642858306590266, 0.0], [73.80750950095252, 18.642861806521996, 0.0], [73.8075183670173, 18.6428644909692, 0.0], [73.80752746641211, 18.64286633407913, 0.0], [73.80753671150472, 18.642867318101608, 0.0], [73.80754601325968, 18.64286743355993, 0.0], [73.80755528209588, 18.642866679342163, 0.0], [73.80756442874919, 18.642865062711834, 0.0], [73.80757336513221, 18.642862599237997, 0.0], [73.80758200518258, 18.64285931264528, 0.0], [73.80759026569177, 18.642855234585415, 0.0], [73.80759806710647, 18.64285040433238, 0.0], [73.80760533429473, 18.642844868404225, 0.0], [73.80761199726952, 18.642838680115027, 0.0], [73.80761799186274, 18.64283189906145, 0.0], [73.80762326034319, 18.64282459054882, 0.0], [73.80768432913128, 18.642730272181737, 0.0], [73.80797526359349, 18.642624642242318, 0.0], [73.80797852019253, 18.642623393566943, 0.0], [73.80811080773265, 18.64256993719358, 0.0], [73.80827802849836, 18.64250694630365, 0.0], [73.80828668965448, 18.642503194377486, 0.0], [73.80829491268109, 18.64249863377212, 0.0], [73.80830261475307, 18.642493310423514, 0.0], [73.80830459440554, 18.642491629261606, 0.0], [73.80834020122758, 18.642477240746558, 0.0], [73.80862654955055, 18.64236546157361, 0.0], [73.80863095506888, 18.642364219004598, 0.0], [73.8087516434279, 18.642341927856, 0.0], [73.8088213347509, 18.642342420189156, 0.0], [73.80882489021515, 18.64234272115493, 0.0], [73.80885917867127, 18.642347055378412, 0.0], [73.80886870511705, 18.642349135568097, 0.0], [73.80888929325879, 18.642355091456647, 0.0], [73.80890939814898, 18.64236239505293, 0.0], [73.80892892283434, 18.64237101113617, 0.0], [73.80893901031459, 18.64237630203325, 0.0], [73.80894340871069, 18.64238046395928, 0.0], [73.80894166166405, 18.642387083335553, 0.0], [73.80893786760112, 18.642398206977546, 0.0], [73.80893329078947, 18.64240905968458, 0.0], [73.80892795462911, 18.64241958689348, 0.0], [73.80889942393152, 18.64246728415943, 0.0], [73.80886754648473, 18.64251300894362, 0.0], [73.80883237192792, 18.642556672036868, 0.0], [73.80878696692243, 18.642606367851112, 0.0], [73.80873774708068, 18.64265460910365, 0.0], [73.80873756742844, 18.642654786147, 0.0], [73.80872505113344, 18.64266718815245, 0.0], [73.80872296209294, 18.642669399471572, 0.0], [73.8087113293783, 18.64268255999922, 0.0], [73.80870939757364, 18.642684897613517, 0.0], [73.80869869890358, 18.642698759571598, 0.0], [73.80869693271525, 18.64270121334017, 0.0], [73.808687214502, 18.64271571659413, 0.0], [73.80868562159216, 18.642718275871925, 0.0], [73.80867692599453, 18.642733357504998, 0.0], [73.80867551327312, 18.642736011190163, 0.0], [73.80866787801395, 18.642751605776674, 0.0], [73.80866665160967, 18.64275434235705, 0.0], [73.80866010981195, 18.642770382245942, 0.0], [73.80865907504528, 18.642773189849635, 0.0], [73.80865365508832, 18.64278960545805, 0.0], [73.80865281644815, 18.64279247190556, 0.0], [73.80864854184463, 18.642809192020895, 0.0], [73.80864790296907, 18.642812104877553, 0.0], [73.8086447922633, 18.64282905696584, 0.0], [73.80864435592405, 18.642832003594833, 0.0], [73.80864242261084, 18.642849114116196, 0.0], [73.80864219208985, 18.642852050053698, 0.0], [73.80863946875807, 18.642913647042363, 0.0], [73.80863943855896, 18.642916559356987, 0.0], [73.80864088403001, 18.64297819562718, 0.0], [73.80864105072783, 18.642981103745836, 0.0], [73.8086466590002, 18.643042523181272, 0.0], [73.80864907699804, 18.643068753769004, 0.0], [73.80864972476098, 18.643093620823752, 0.0], [73.80864873350686, 18.64311847758968, 0.0], [73.80864610714563, 18.64314322599638, 0.0], [73.80864185603883, 18.64316776840091, 0.0], [73.80863599695829, 18.643192007972907, 0.0], [73.80862855301979, 18.6432158490768, 0.0], [73.80861956766046, 18.64323916115004, 0.0], [73.80859646902833, 18.643288914321285, 0.0], [73.80858801565469, 18.643307135627477, 0.0], [73.80858683275345, 18.64330993451246, 0.0], [73.80857967848132, 18.643328641663054, 0.0], [73.80857869420085, 18.643331509573414, 0.0], [73.80857286579196, 18.64335063022366, 0.0], [73.8085720845229, 18.643353554366705, 0.0], [73.80856760797471, 18.64337300323075, 0.0], [73.80856703320177, 18.643375970563962, 0.0], [73.80856392848207, 18.643395660891997, 0.0], [73.80856356276911, 18.643398658179713, 0.0], [73.80856184372671, 18.643418502145092, 0.0], [73.80856168870503, 18.643421516018307, 0.0], [73.80856136300812, 18.643441425108815, 0.0], [73.80856141936927, 18.64344444212429, 0.0], [73.80856248847114, 18.64346432753715, 0.0], [73.80856275596379, 18.64346733423781, 0.0], [73.80856521509635, 18.64348710727601, 0.0], [73.8085656925275, 18.64349009025092, 0.0], [73.80856953072262, 18.64350966271867, 0.0], [73.80857020865552, 18.643512581528622, 0.0], [73.80857215974194, 18.64351983574019, 0.0], [73.80857302952272, 18.64352267881006, 0.0], [73.80857547495687, 18.643529795593242, 0.0], [73.80857653825682, 18.64353257823859, 0.0], [73.80857946753223, 18.64353952701659, 0.0], [73.80858071978261, 18.64354223728094, 0.0], [73.80858412031394, 18.643548988198923, 0.0], [73.80858555613474, 18.643551614438326, 0.0], [73.80858941331195, 18.6435581384916, 0.0], [73.80859102653437, 18.643560669422666, 0.0], [73.80859532378543, 18.64356693858101, 0.0], [73.80859703741724, 18.64356927420713, 0.0], [73.80861910248474, 18.643597414703365, 0.0], [73.80862089159301, 18.64359955776782, 0.0], [73.80864470481013, 18.64362637209013, 0.0], [73.80864662685042, 18.643628407878687, 0.0], [73.80867210071062, 18.643653797491524, 0.0], [73.80867414862036, 18.643655718523497, 0.0], [73.80870118951462, 18.64367959012629, 0.0], [73.80870335576797, 18.643681389342103, 0.0], [73.80873186432854, 18.64370365521279, 0.0], [73.8087320219885, 18.643703777810806, 0.0], [73.80878228458427, 18.643742691534367, 0.0], [73.80883035560845, 18.64378404499463, 0.0], [73.80883055963882, 18.643784219495426, 0.0], [73.80891374510286, 18.64385495255963, 0.0], [73.80891605729437, 18.643856796180554, 0.0], [73.80900379137573, 18.64392234544665, 0.0], [73.80900622183346, 18.643924045228363, 0.0], [73.80909814965487, 18.64398414555024, 0.0], [73.80910068854779, 18.64398569461711, 0.0], [73.8091964382668, 18.64404010288914, 0.0], [73.80919737077228, 18.644040619156268, 0.0], [73.80936941109066, 18.644133387752188, 0.0], [73.80938756868879, 18.64414417210487, 0.0], [73.80940446398019, 18.644155765303186, 0.0], [73.8094205109899, 18.64416840631608, 0.0], [73.80943563833183, 18.644182038909353, 0.0], [73.80944977871079, 18.644196602437674, 0.0], [73.80946286922259, 18.644212032114595, 0.0], [73.80947485163287, 18.644228259300217, 0.0], [73.80948567263698, 18.644245211807153, 0.0], [73.80949528409661, 18.644262814221026, 0.0], [73.80950370348162, 18.644281119179404, 0.0], [73.80952650762691, 18.644340153620835, 0.0], [73.80954597605002, 18.644400413115843, 0.0], [73.80956200003669, 18.644461587423763, 0.0], [73.8095745640254, 18.644523652240842, 0.0], [73.80961002638853, 18.644757568988524, 0.0], [73.8096355935591, 18.644992489464183, 0.0], [73.8096367496202, 18.64501498371201, 0.0], [73.80963628974311, 18.64503717776295, 0.0], [73.80963423266931, 18.645059289364532, 0.0], [73.80963058810364, 18.64508121419341, 0.0], [73.80962537324048, 18.645102848807785, 0.0], [73.80961861268327, 18.645124091134946, 0.0], [73.80961033832777, 18.645144840952966, 0.0], [73.80960058921231, 18.645165000363626, 0.0], [73.80958933564207, 18.645184606121166, 0.0], [73.80955339263878, 18.645238927757365, 0.0], [73.80951425756551, 18.645291391047426, 0.0], [73.80947149161807, 18.64534247596211, 0.0], [73.80930866274576, 18.645532292186285, 0.0], [73.80930589856116, 18.645535858187973, 0.0], [73.80930351435882, 18.64553966528886, 0.0], [73.8093015330999, 18.645543676824495, 0.0], [73.80929997386505, 18.64554785416162, 0.0], [73.80929885167059, 18.645552157070203, 0.0], [73.80929817732387, 18.64555654411089, 0.0], [73.80929795731927, 18.645560973034083, 0.0], [73.80929819377559, 18.645565401186847, 0.0], [73.80929888441565, 18.645569785923637, 0.0], [73.80930002258826, 18.645574085017042, 0.0], [73.8093015973322, 18.645578257064447, 0.0], [73.80930359348189, 18.645582261886734, 0.0], [73.80930599181329, 18.645586060915267, 0.0], [73.80930876922923, 18.645589617563306, 0.0], [73.80931189898166, 18.64559289757838, 0.0], [73.80931535092938, 18.645595869372123, 0.0], [73.80931832592127, 18.645597964847674, 0.0], [73.80931784057384, 18.64559927307896, 0.0], [73.80931672703973, 18.64560357803158, 0.0], [73.80931606152197, 18.64560796629725, 0.0], [73.80931585042993, 18.645612395614584, 0.0], [73.80931609579653, 18.645616823326833, 0.0], [73.80931679525882, 18.645621206792715, 0.0], [73.80931794208064, 18.64562550379705, 0.0], [73.80931952521748, 18.645629672957337, 0.0], [73.80932152942289, 18.645633674122273, 0.0], [73.80932393539533, 18.64563746875843, 0.0], [73.80932671996395, 18.645641020321392, 0.0], [73.80932985631188, 18.64564429460763, 0.0], [73.80933331423437, 18.645647260083976, 0.0], [73.80933706042971, 18.64564988819125, 0.0], [73.80934105882001, 18.645652153619324, 0.0], [73.80934527089858, 18.645654034550883, 0.0], [73.80934965610075, 18.645655512871503, 0.0], [73.8093541721946, 18.64565657434413, 0.0], [73.80935877568767, 18.645657208746215, 0.0], [73.80936342224577, 18.645657409968088, 0.0], [73.80936806711995, 18.645657176071886, 0.0], [73.8093726655775, 18.645656509310143, 0.0], [73.80937717333275, 18.64565541610416, 0.0], [73.80938154697348, 18.645653906982098, 0.0], [73.80938574437917, 18.645651996477643, 0.0], [73.80938972512642, 18.645649702990017, 0.0], [73.80939345087849, 18.645647048606754, 0.0], [73.80939688575431, 18.645644058891044, 0.0], [73.80939999667414, 18.64564076263551, 0.0], [73.80958132518383, 18.645428551197014, 0.0], [73.80958162277034, 18.645428199347073, 0.0], [73.80962702204798, 18.645373968818742, 0.0], [73.80962860243255, 18.64537196984978, 0.0], [73.80967078145541, 18.645315425884505, 0.0], [73.80967224328231, 18.645313346553714, 0.0], [73.80971107259403, 18.64525466270151, 0.0], [73.8097125635116, 18.64525224642317, 0.0], [73.80972686771263, 18.64522732588432, 0.0], [73.80972833140702, 18.645224553813208, 0.0], [73.80974080723155, 18.64519875602242, 0.0], [73.80974206784472, 18.645195894709055, 0.0], [73.80975265643214, 18.645169341381177, 0.0], [73.80975370801646, 18.645166404325472, 0.0], [73.80976235941036, 18.645139220740052, 0.0], [73.80976319700446, 18.645136221799447, 0.0], [73.80976987038848, 18.64510853620944, 0.0], [73.80977049004078, 18.645105489532632, 0.0], [73.80977515393063, 18.64507743255947, 0.0], [73.8097755527177, 18.645074352520943, 0.0], [73.8097781851101, 18.64504605653835, 0.0], [73.80977836115053, 18.645042957669865, 0.0], [73.80977894962697, 18.64501455617898, 0.0], [73.80977890209036, 18.645011453100906, 0.0], [73.80977744387548, 18.644983080100523, 0.0], [73.8097772476205, 18.644980628589554, 0.0], [73.80975125259157, 18.644741778639517, 0.0], [73.80975101830175, 18.644739978701537, 0.0], [73.80971498780542, 18.644502315748593, 0.0], [73.80971461655142, 18.64450021729294, 0.0], [73.80970111266161, 18.644433509728444, 0.0], [73.80970055936879, 18.644431124942987, 0.0], [73.80968329368862, 18.644365210460705, 0.0], [73.8096826060155, 18.64436285766104, 0.0], [73.8096616290043, 18.644297928879833, 0.0], [73.80966080896057, 18.644295614941385, 0.0], [73.8096361819228, 18.644231861599508, 0.0], [73.8096351124377, 18.644229331296383, 0.0], [73.80962421375484, 18.64420563602368, 0.0], [73.80962284850595, 18.644202918050244, 0.0], [73.80961031707399, 18.644179968032766, 0.0], [73.80960876479645, 18.644177342859177, 0.0], [73.80959465636307, 18.644155240191083, 0.0], [73.80959292396203, 18.64415271949492, 0.0], [73.8095773012899, 18.644131562501144, 0.0], [73.80957539647217, 18.644129157496046, 0.0], [73.80955832906015, 18.644109040294556, 0.0], [73.80955626029953, 18.644106761679364, 0.0], [73.80953782407344, 18.644087773762486, 0.0], [73.80953560057301, 18.644085631673764, 0.0], [73.8095158775477, 18.644067857509945, 0.0], [73.80951350919878, 18.644065861476786, 0.0], [73.80949258711362, 18.644049380135367, 0.0], [73.80949008445202, 18.64404753903723, 0.0], [73.80946805638008, 18.644032423836034, 0.0], [73.80946543053898, 18.644030745863102, 0.0], [73.80944239447336, 18.644017064042707, 0.0], [73.80944066649538, 18.644016085604257, 0.0], [73.80926747380762, 18.643922695664106, 0.0], [73.80917607187881, 18.643870757973158, 0.0], [73.80908911720489, 18.643813909004397, 0.0], [73.80900612938707, 18.643751905869912, 0.0], [73.80892642105808, 18.643684129469154, 0.0], [73.80887570491873, 18.643640500541107, 0.0], [73.80887383150497, 18.64363897132243, 0.0], [73.80882077578136, 18.6435978951451, 0.0], [73.8087956801248, 18.64357829484298, 0.0], [73.80877285630028, 18.643558146064272, 0.0], [73.80875135512551, 18.643536716011425, 0.0], [73.80873125561101, 18.64351408343441, 0.0], [73.80871266661957, 18.643490376142303, 0.0], [73.80871173703235, 18.643489019991943, 0.0], [73.80871093135752, 18.643487657271407, 0.0], [73.80871022106491, 18.643486247163686, 0.0], [73.80870960920647, 18.643484795727527, 0.0], [73.808709098411, 18.643483309198935, 0.0], [73.80870869452772, 18.64348180755275, 0.0], [73.80870601726495, 18.643468155192213, 0.0], [73.80870430366853, 18.643454376843554, 0.0], [73.80870355868026, 18.64344052018862, 0.0], [73.80870378562278, 18.643426647033902, 0.0], [73.80870498348371, 18.64341281925942, 0.0], [73.80870714691979, 18.643399098542403, 0.0], [73.808710266281, 18.643385546082946, 0.0], [73.80871432765345, 18.643372222330548, 0.0], [73.8087193129216, 18.643359186714672, 0.0], [73.80872583777611, 18.643345122320426, 0.0], [73.8087508237978, 18.643291303715284, 0.0], [73.80875197071475, 18.643288600862714, 0.0], [73.80876302411963, 18.643259923292174, 0.0], [73.80876396259256, 18.64325723002794, 0.0], [73.80877310548753, 18.64322794751357, 0.0], [73.80877386473084, 18.643225203397147, 0.0], [73.80878106104424, 18.643195431470986, 0.0], [73.80878163806241, 18.643192647329304, 0.0], [73.80878685940276, 18.643162503454672, 0.0], [73.80878725191934, 18.643159690272253, 0.0], [73.80879047768732, 18.643129293379495, 0.0], [73.80879068415378, 18.643126462255537, 0.0], [73.80879190162347, 18.643095932273564, 0.0], [73.80879192122528, 18.643093094378383, 0.0], [73.80879112559458, 18.643062551760906, 0.0], [73.80879095825455, 18.643059718290736, 0.0], [73.8087881543747, 18.643029302102843, 0.0], [73.80878294522533, 18.642972254221625, 0.0], [73.80878163631229, 18.64291644292845, 0.0], [73.80878410152582, 18.642860683059073, 0.0], [73.80878536781961, 18.642849475818082, 0.0], [73.80878740242667, 18.642838387982845, 0.0], [73.80879019830337, 18.642827451873647, 0.0], [73.80879374332099, 18.642816714932366, 0.0], [73.80879802210052, 18.64280622373696, 0.0], [73.80880301607995, 18.64279602379995, 0.0], [73.80880870359489, 18.642786159369308, 0.0], [73.80881505997199, 18.642776673238238, 0.0], [73.8088220576365, 18.642767606558674, 0.0], [73.8088296662318, 18.642758998662796, 0.0], [73.80883884591788, 18.642749902793717, 0.0], [73.80889070060711, 18.642699079037968, 0.0], [73.8088924649833, 18.642697251846307, 0.0], [73.80894139672276, 18.642643695969717, 0.0], [73.80894324673912, 18.64264154042766, 0.0], [73.80898227020869, 18.642593099540548, 0.0], [73.8089841534677, 18.642590588692702, 0.0], [73.80901961632496, 18.64253972097232, 0.0], [73.80902131535147, 18.642537093410244, 0.0], [73.8090530520882, 18.64248403626503, 0.0], [73.80905455431987, 18.642481313394313, 0.0], [73.80906269256525, 18.642465258192622, 0.0], [73.80906399296087, 18.64246245360093, 0.0], [73.80906436218805, 18.642461578074165, 0.0], [73.80908471960629, 18.642470655763425, 0.0], [73.80909072015639, 18.642473095271832, 0.0], [73.80911526160044, 18.642482134345986, 0.0], [73.80912142395064, 18.642484174661913, 0.0], [73.80914655944736, 18.64249158331473, 0.0], [73.80915285441371, 18.64249321477556, 0.0], [73.809178464922, 18.642498957919663, 0.0], [73.80918486269131, 18.642500172798677, 0.0], [73.80921082692063, 18.642504223234692, 0.0], [73.80921729719337, 18.64250501577828, 0.0], [73.80924349217769, 18.642507354323346, 0.0], [73.80925000431061, 18.642507720778006, 0.0], [73.80925937969768, 18.64250794020508, 0.0], [73.8092624917708, 18.642510848706195, 0.0], [73.80927336525177, 18.642519185048624, 0.0], [73.80928504353919, 18.642526465270898, 0.0], [73.8092974141646, 18.642532619260347, 0.0], [73.80931035799199, 18.642537587750553, 0.0], [73.809323750365, 18.64254132289213, 0.0], [73.80933746230748, 18.642543788713528, 0.0], [73.80935136176566, 18.642544961467465, 0.0], [73.80935903788563, 18.6425448890653, 0.0], [73.8093648192852, 18.642596438091104, 0.0], [73.8093243516559, 18.642689615089797, 0.0], [73.8093266818822, 18.6427947423598, 0.0], [73.8093132910703, 18.6429581658356, 0.0], [73.8092328439467, 18.6430744479157, 0.0], [73.8092127575216, 18.6433195831009, 0.0], [73.809172940897, 18.6433193308875, 0.0], [73.8091418853133, 18.6433804497657, 0.0], [73.8092058788579, 18.643427571791594, 0.0], [73.8092538256873, 18.643579704588397, 0.0], [73.8093115308848, 18.643650145081097, 0.0], [73.8092897858583, 18.643693804179595, 0.0], [73.809301202763, 18.6438135879364, 0.0], [73.809381039739, 18.643784895681, 0.0], [73.8094612226043, 18.6437065691584, 0.0], [73.8094833135013, 18.643613275736193, 0.0], [73.8095454855467, 18.643482278888, 0.0], [73.8095619593735, 18.643315955122503, 0.0], [73.8097031134433, 18.6432788916359, 0.0], [73.8099778923953, 18.643406182267405, 0.0], [73.8101672178081, 18.643489134802795, 0.0], [73.8104292988899, 18.643680579821297, 0.0], [73.8105811187465, 18.6438713269275, 0.0], [73.8105985605835, 18.64400574768329, 0.0], [73.8106805252193, 18.644111378767498, 0.0], [73.8107132203408, 18.644254655406705, 0.0], [73.8107769910743, 18.6443338932493, 0.0], [73.8107762389951, 18.6444419207572, 0.0], [73.8107622395226, 18.6446929342768, 0.0], [73.810684306432, 18.644888067234596, 0.0], [73.8105677114018, 18.645136971675395, 0.0], [73.810568063632, 18.6453063217697, 0.0], [73.8106274640077, 18.6453534142934, 0.0], [73.8106424834979, 18.6453958463013, 0.0], [73.8106269354224, 18.6454293255449, 0.0], [73.8106022699251, 18.6454525278103, 0.0], [73.8105562050841, 18.6454697550716, 0.0], [73.8104606058534, 18.645562583418304, 0.0], [73.8104160317337, 18.64558565966839, 0.0], [73.810380412329, 18.645642370162697, 0.0], [73.8103830176588, 18.645708081954105, 0.0], [73.8105221338512, 18.645743999814098, 0.0], [73.8106090594631, 18.645797106118504, 0.0], [73.8106561170737, 18.645857259587398, 0.0], [73.8107345758615, 18.6458066596423, 0.0], [73.8107883081057, 18.6457880209521, 0.0], [73.8108928722933, 18.6457273668408, 0.0], [73.8109602654224, 18.645726333261095, 0.0], [73.8110028406292, 18.645770399448995, 0.0], [73.8111153086254, 18.6457706089915, 0.0], [73.811002840632, 18.645770399453696, 0.0], [73.8109459337631, 18.645805076974995, 0.0], [73.8109056287187, 18.6458748969919, 0.0], [73.8108121198734, 18.6458874445072, 0.0], [73.8107063290632, 18.645904293926495, 0.0], [73.8106812569034, 18.645985889436798, 0.0], [73.8104811945861, 18.646124773453497, 0.0], [73.8104216579912, 18.646317102863698, 0.0], [73.81042248389858, 18.646346268264452, 0.0], [73.81041979900182, 18.646346300324247, 0.0], [73.81041055320263, 18.646347279988163, 0.0], [73.81040145265821, 18.64634911880774, 0.0], [73.81039258501163, 18.646351799074157, 0.0], [73.81038403566306, 18.646355294975024, 0.0], [73.81037588694731, 18.64635957284294, 0.0], [73.81036821734088, 18.646364591479742, 0.0], [73.8103611007062, 18.646370302553283, 0.0], [73.81035460558033, 18.64637665106287, 0.0], [73.8103487945149, 18.64638357586895, 0.0], [73.81034372347362, 18.646391010281913, 0.0], [73.81033944129348, 18.64639888270437, 0.0], [73.81033598921428, 18.646407117320653, 0.0], [73.81033340048151, 18.646415634826937, 0.0], [73.81033170002623, 18.646424353195037, 0.0], [73.81033090422484, 18.646433188462343, 0.0], [73.81033102074151, 18.6464420555404, 0.0], [73.81033204845427, 18.646450869034414, 0.0], [73.8103339774658, 18.64645954406561, 0.0], [73.81033678919883, 18.646467997088685, 0.0], [73.8103404565749, 18.64647614669637, 0.0], [73.81034494427534, 18.646483914403433, 0.0], [73.81035020908118, 18.646491225402585, 0.0], [73.81035620028953, 18.64649800928481, 0.0], [73.81036286020182, 18.646504200717583, 0.0], [73.81037012467947, 18.64650974007394, 0.0], [73.81037792376154, 18.646514574006783, 0.0], [73.81038618233856, 18.646518655962645, 0.0], [73.81039482087586, 18.646521946629985, 0.0], [73.81040375617948, 18.646524414317838, 0.0], [73.81041290219748, 18.646526035260976, 0.0], [73.81042217084857, 18.646526793848796, 0.0], [73.81042901247817, 18.64652703239984, 0.0], [73.8104356121309, 18.646677420382996, 0.0], [73.8105008581421, 18.6468198080912, 0.0], [73.8105666148875, 18.647053807486998, 0.0], [73.8105233074784, 18.6471148490295, 0.0], [73.8102841379459, 18.647151292588998, 0.0], [73.8099650484562, 18.6472281069133, 0.0], [73.809958129269, 18.647341934937796, 0.0], [73.8101083736075, 18.647319527818205, 0.0], [73.8102183122092, 18.647366940389798, 0.0], [73.8103464045129, 18.647446585551403, 0.0], [73.810477417487, 18.647546687613797, 0.0], [73.8104645965124, 18.647628360604095, 0.0], [73.8103448181842, 18.6476743191266, 0.0], [73.8103032310794, 18.647928077659998, 0.0], [73.8103417268104, 18.648118107698203, 0.0], [73.81042081322431, 18.648197442601603, 0.0], [73.81042626791742, 18.64829383019209, 0.0], [73.8104617541742, 18.648572392904203, 0.0], [73.8105247777403, 18.648539214203996, 0.0], [73.8106114783977, 18.6481850083595, 0.0], [73.8106062269365, 18.648059424135695, 0.0], [73.810634830063, 18.647910695852502, 0.0], [73.8108227851543, 18.6477512966631, 0.0], [73.8109582844681, 18.647647041442198, 0.0], [73.8110021813377, 18.647501329589996, 0.0], [73.81089295388232, 18.647351729248097, 0.0], [73.8108417792006, 18.647222934712996, 0.0], [73.8107112338414, 18.647055680664398, 0.0], [73.8106119340476, 18.647020014818, 0.0], [73.8106128286678, 18.646891549711498, 0.0], [73.8106568475855, 18.646728319965998, 0.0], [73.8105946380198, 18.646644712280196, 0.0], [73.8105526685223, 18.646525450258192, 0.0], [73.8105556032804, 18.64652456321926, 0.0], [73.81056415263463, 18.646521067310932, 0.0], [73.81057230135411, 18.646516789435097, 0.0], [73.81057997096218, 18.646511770790084, 0.0], [73.81058708759622, 18.64650605970826, 0.0], [73.81059358271916, 18.646499711190515, 0.0], [73.81059939377938, 18.64649278637662, 0.0], [73.81060446481324, 18.646485351956375, 0.0], [73.81060874698396, 18.64647747952739, 0.0], [73.81061219905196, 18.64646924490551, 0.0], [73.81061478777202, 18.646460727394693, 0.0], [73.81061648821348, 18.64645200902327, 0.0], [73.81061728400032, 18.646443173753966, 0.0], [73.81061716746876, 18.64643430667525, 0.0], [73.81061613974124, 18.646425493181965, 0.0], [73.81061421071547, 18.646416818152847, 0.0], [73.81061139896916, 18.64640836513316, 0.0], [73.81060773158107, 18.646400215530065, 0.0], [73.81060324387028, 18.646392447828667, 0.0], [73.81059797905594, 18.646385136836106, 0.0], [73.81059198784119, 18.64637835296118, 0.0], [73.81058532792471, 18.64637216153626, 0.0], [73.81057806344516, 18.64636662218808, 0.0], [73.81057628912077, 18.646365522449667, 0.0], [73.8106166612235, 18.6463411934082, 0.0], [73.8106961840973, 18.646357755421295, 0.0], [73.81090426959372, 18.646166365691, 0.0], [73.81109101624111, 18.646022678303677, 0.0], [73.81109033135519, 18.646033206750392, 0.0], [73.8110903297569, 18.64603332537587, 0.0], [73.8110903166177, 18.646033443348127, 0.0], [73.81107454167834, 18.646298441122802, 0.0], [73.81107282548537, 18.64629709286865, 0.0], [73.81106526301421, 18.64629223424679, 0.0], [73.8110572457575, 18.646288090835167, 0.0], [73.81104884791793, 18.646284700982605, 0.0], [73.81104014722064, 18.646282096063437, 0.0], [73.81103122419384, 18.64628030018715, 0.0], [73.81102216142342, 18.646279329975226, 0.0], [73.81094179151647, 18.646274441918823, 0.0], [73.81093238584016, 18.646274315664815, 0.0], [73.81092301334512, 18.64627507863202, 0.0], [73.81091376632033, 18.646276723307643, 0.0], [73.8109047358193, 18.646279233496916, 0.0], [73.81089601076354, 18.646282584482503, 0.0], [73.81088767706682, 18.646286743267957, 0.0], [73.81087981678938, 18.646291668902563, 0.0], [73.81087250732978, 18.64629731288462, 0.0], [73.8108658206628, 18.64630361963899, 0.0], [73.81085982263075, 18.646310527064355, 0.0], [73.81085457229511, 18.646317967144697, 0.0], [73.81085012135497, 18.646325866619065, 0.0], [73.81084651363794, 18.64633414770292, 0.0], [73.81084378466862, 18.646342728854094, 0.0], [73.81084196131874, 18.646351525575696, 0.0], [73.8108410615426, 18.646360451248142, 0.0], [73.81082854245564, 18.646618773541757, 0.0], [73.81082856326547, 18.646627522902268, 0.0], [73.81082947164889, 18.646636229331193, 0.0], [73.81083125908982, 18.646644811204794, 0.0], [73.81083347263254, 18.64665180907431, 0.0], [73.81081869361539, 18.64684326273918, 0.0], [73.81081847285365, 18.64685234384056, 0.0], [73.81081920963656, 18.646861400187383, 0.0], [73.81082089651913, 18.646870340266215, 0.0], [73.81082351645574, 18.646879073738447, 0.0], [73.81082704297235, 18.646887512353242, 0.0], [73.81083144043399, 18.646895570839238, 0.0], [73.81083666440483, 18.646903167766204, 0.0], [73.81084266209729, 18.646910226367932, 0.0], [73.81084937290534, 18.646916675317915, 0.0], [73.81085672901699, 18.64692244945012, 0.0], [73.81086465609947, 18.646927490417458, 0.0], [73.81087307405036, 18.646931747281428, 0.0], [73.81088189780712, 18.646935177026787, 0.0], [73.81089103820645, 18.646937744996254, 0.0], [73.81090040288548, 18.646939425240735, 0.0], [73.81090989721493, 18.646940200781483, 0.0], [73.81099028267211, 18.64694289913526, 0.0], [73.81099942159697, 18.646942785645663, 0.0], [73.81100850657916, 18.646941833731635, 0.0], [73.81101745316579, 18.646940052242055, 0.0], [73.8110261781905, 18.6469374577374, 0.0], [73.81103460054655, 18.64693407433588, 0.0], [73.81104264194076, 18.646929933489172, 0.0], [73.81105022762134, 18.646925073690056, 0.0], [73.8110572870728, 18.646919540114624, 0.0], [73.8110637546714, 18.646913384202296, 0.0], [73.81106957029523, 18.646906663177646, 0.0], [73.81107467988305, 18.646899439518478, 0.0], [73.81107903593688, 18.64689178037499, 0.0], [73.81108173792775, 18.646885694167654, 0.0], [73.81109160252211, 18.646925300615376, 0.0], [73.81109237806427, 18.64692803107268, 0.0], [73.81111106557142, 18.646986502545424, 0.0], [73.81111201884384, 18.646989181388125, 0.0], [73.81113450828809, 18.64704642350433, 0.0], [73.81113563555424, 18.647049040231682, 0.0], [73.8111618387826, 18.64710482860607, 0.0], [73.81116318199095, 18.647107456907396, 0.0], [73.81118221698793, 18.647141831797224, 0.0], [73.81118378784845, 18.64714445259339, 0.0], [73.81120518815264, 18.647177539250833, 0.0], [73.8112069390811, 18.64718005421778, 0.0], [73.81123060918146, 18.64721170497246, 0.0], [73.81123253236329, 18.647214102885503, 0.0], [73.81125836661825, 18.64724417647573, 0.0], [73.81126045347014, 18.64724644663268, 0.0], [73.81128833657911, 18.64727480883588, 0.0], [73.81129057778737, 18.647276941104828, 0.0], [73.8113203853052, 18.647303465336204, 0.0], [73.81132277086687, 18.647305450200303, 0.0], [73.81135436975921, 18.64733001807847, 0.0], [73.81135688902737, 18.647331846679094, 0.0], [73.81139013826451, 18.647354348553865, 0.0], [73.8113927799953, 18.64735601272966, 0.0], [73.81142753118162, 18.64737634817173, 0.0], [73.8114302835847, 18.647377840495267, 0.0], [73.8114663816211, 18.64739591874446, 0.0], [73.81146923241211, 18.647397232555246, 0.0], [73.81150651618788, 18.647412972925395, 0.0], [73.8115091950866, 18.647414011904843, 0.0], [73.81154758522447, 18.647427615124915, 0.0], [73.81155006321187, 18.647428419662102, 0.0], [73.81158918266586, 18.647439981763473, 0.0], [73.81159170347094, 18.6474406546637, 0.0], [73.8116314329117, 18.647450140377327, 0.0], [73.81163398884497, 18.647450679587948, 0.0], [73.81167420708259, 18.64745805997869, 0.0], [73.81167665019836, 18.647458445513273, 0.0], [73.81168795491683, 18.64745994137502, 0.0], [73.8116902748996, 18.64746019301004, 0.0], [73.81170164318294, 18.64746115635676, 0.0], [73.81170397335076, 18.647461298774857, 0.0], [73.81170700203621, 18.64746141257216, 0.0], [73.81232391152213, 18.64836413543878, 0.0], [73.8123266385934, 18.648367727347942, 0.0], [73.81232972187544, 18.648371047162502, 0.0], [73.81233313167452, 18.648374062910808, 0.0], [73.81233683515242, 18.648376745549538, 0.0], [73.81234079664263, 18.648379069243394, 0.0], [73.81234497799382, 18.64838101161392, 0.0], [73.81234933893725, 18.64838255395502, 0.0], [73.81235383747463, 18.64838368141308, 0.0], [73.81235843028259, 18.648384383130065, 0.0], [73.8123630731298, 18.648384652348046, 0.0], [73.81236772130309, 18.648384486474303, 0.0], [73.81237233003799, 18.64838388710628, 0.0], [73.8123768549498, 18.648382860016238, 0.0], [73.81238125246112, 18.648381415095614, 0.0], [73.8123854802215, 18.64837956625978, 0.0], [73.81238949751524, 18.64837733131407, 0.0], [73.81239326565363, 18.64837473178223, 0.0], [73.81239640598584, 18.648372081621837, 0.0], [73.81239949747624, 18.648373174992773, 0.0], [73.81240399601377, 18.648374302449657, 0.0], [73.81240858882175, 18.648375004165434, 0.0], [73.81241323166887, 18.64837527338218, 0.0], [73.81241787984193, 18.648375107507192, 0.0], [73.81242248857646, 18.648374508137934, 0.0], [73.8124270134878, 18.648373481046672, 0.0], [73.81243141099854, 18.64837203612484, 0.0], [73.81243563875822, 18.648370187287856, 0.0], [73.81243965605115, 18.648367952341037, 0.0], [73.81244342418863, 18.648365352808145, 0.0], [73.81244690688139, 18.64836241372413, 0.0], [73.81245007058921, 18.64835916339399, 0.0], [73.81245288484384, 18.648355633120193, 0.0], [73.81245532254249, 18.648351856901233, 0.0], [73.8124573602088, 18.648347871104168, 0.0], [73.81245897821893, 18.64834371411442, 0.0], [73.8124601609906, 18.648339425966093, 0.0], [73.8124608971331, 18.648335047956394, 0.0], [73.81246117955703, 18.64833062224797, 0.0], [73.81246100554249, 18.648326191462804, 0.0], [73.81246037676539, 18.648321798271798, 0.0], [73.81245929928123, 18.64831748498377, 0.0], [73.81245778346681, 18.648313293138024, 0.0], [73.81245584392026, 18.648309263104334, 0.0], [73.81245349932053, 18.64830543369412, 0.0], [73.81185462926358, 18.64742910916874, 0.0], [73.81185534334206, 18.647428738645935, 0.0], [73.81186749799038, 18.647421967590912, 0.0], [73.81186993934867, 18.64742051095522, 0.0], [73.8118816401233, 18.647413048679393, 0.0], [73.81188398416127, 18.647411453384944, 0.0], [73.81189518785746, 18.647403327442614, 0.0], [73.8118974259203, 18.64740159937961, 0.0], [73.81190809116897, 18.64739283977532, 0.0], [73.81191021499203, 18.647390985325135, 0.0], [73.81192030241203, 18.647381624403693, 0.0], [73.81192237383857, 18.647379577218103, 0.0], [73.81193286721052, 18.647368530983158, 0.0], [73.81193486395495, 18.647366286229953, 0.0], [73.81194458062055, 18.64735461220801, 0.0], [73.81194641981523, 18.647352248298148, 0.0], [73.8119553185454, 18.647339996023554, 0.0], [73.81195699238584, 18.647337522988185, 0.0], [73.8119650354222, 18.647324744449364, 0.0], [73.81196653680662, 18.64732217278115, 0.0], [73.8119736900216, 18.64730892219904, 0.0], [73.81197501257901, 18.647306262810663, 0.0], [73.81198124562087, 18.647292596409375, 0.0], [73.81198238373982, 18.64728986058446, 0.0], [73.81198767016097, 18.64727583635265, 0.0], [73.81198861901213, 18.647273035700024, 0.0], [73.81199293638196, 18.647258713144307, 0.0], [73.8119936919393, 18.647255859547595, 0.0], [73.81199702193894, 18.647241299440577, 0.0], [73.8119975809967, 18.647238405007577, 0.0], [73.81199990949673, 18.647223669129787, 0.0], [73.81200026968276, 18.64722074614215, 0.0], [73.8120015868033, 18.64720589701999, 0.0], [73.81200174658932, 18.64720295788038, 0.0], [73.81200204674201, 18.647188058520577, 0.0], [73.81200200545008, 18.647185115700196, 0.0], [73.81200128736165, 18.647170229322835, 0.0], [73.81200104516708, 18.647167295308503, 0.0], [73.8119993118848, 18.647152485078315, 0.0], [73.81199886289915, 18.64714953539101, 0.0], [73.81199517458913, 18.647129889038215, 0.0], [73.81199451307042, 18.647126937581284, 0.0], [73.81198945702437, 18.647107569783827, 0.0], [73.81198859027133, 18.647104667010478, 0.0], [73.81198218905024, 18.647085664189238, 0.0], [73.81198112093053, 18.647082823052056, 0.0], [73.81197340309775, 18.64706426999951, 0.0], [73.8119733733489, 18.64706419866258, 0.0], [73.81196636834946, 18.647047442344007, 0.0], [73.8119609582836, 18.647031658713683, 0.0], [73.81195660838009, 18.647015579998794, 0.0], [73.8119533361249, 18.6469992708343, 0.0], [73.81195115467179, 18.646982796781305, 0.0], [73.81195007278977, 18.646966224064073, 0.0], [73.81195009482747, 18.646949619303133, 0.0], [73.81195121722791, 18.646933100291033, 0.0], [73.81195328786859, 18.646918044133614, 0.0], [73.81195641538035, 18.64690320684809, 0.0], [73.81196059230865, 18.646888606171846, 0.0], [73.81196579938246, 18.646874309467144, 0.0], [73.81197201257797, 18.646860382693514, 0.0], [73.81197920322943, 18.646846890104392, 0.0], [73.81198733816173, 18.646833893949392, 0.0], [73.81199637984284, 18.64682145418831, 0.0], [73.8120062865579, 18.646809628213326, 0.0], [73.81201701260052, 18.646798470585267, 0.0], [73.81202850848456, 18.64678803278154, 0.0], [73.8120407738906, 18.646778321216406, 0.0], [73.81212662290172, 18.646718893395068, 0.0], [73.81221623662756, 18.6466646288432, 0.0], [73.81231050401036, 18.64661509745231, 0.0], [73.81231050205167, 18.646615094065037, 0.0], [73.81231057448112, 18.6466150603501, 0.0], [73.81232686021607, 18.64660646883389, 0.0], [73.81232952763956, 18.64660495071338, 0.0], [73.81234518795179, 18.646595360658697, 0.0], [73.81234774531514, 18.646593679226648, 0.0], [73.81236271292495, 18.64658313183402, 0.0], [73.81236514924102, 18.646581294314263, 0.0], [73.81237935984483, 18.64656983489724, 0.0], [73.81238166464625, 18.646567849184517, 0.0], [73.81239505719292, 18.64655552697502, 0.0], [73.8123972205783, 18.646553401600045, 0.0], [73.8124097375312, 18.646540269536516, 0.0], [73.81241175020642, 18.646538013630074, 0.0], [73.8124233377905, 18.64652412813027, 0.0], [73.81242519110856, 18.646521751384363, 0.0], [73.8124357995418, 18.646507172102805, 0.0], [73.81243748554047, 18.646504684728487, 0.0], [73.81244706924731, 18.646489474300626, 0.0], [73.81244858068342, 18.646486886983933, 0.0], [73.8124570984909, 18.64647111075639, 0.0], [73.8124584288711, 18.64646843461288, 0.0], [73.81246584418544, 18.64645216036321, 0.0], [73.81246698779418, 18.64644940689013, 0.0], [73.81247326875828, 18.64643270453536, 0.0], [73.81247422068242, 18.646429885562416, 0.0], [73.81247934031259, 18.646412826858874, 0.0], [73.81248006494164, 18.646410092324235, 0.0], [73.81249134237994, 18.646361148269595, 0.0], [73.81249186371457, 18.646358515327506, 0.0], [73.81250007770849, 18.646309020094158, 0.0], [73.81250043439547, 18.646306362323468, 0.0], [73.81250555605959, 18.646256489984243, 0.0], [73.81250574684462, 18.646253816732145, 0.0], [73.81250775816912, 18.646203742686176, 0.0], [73.81250778238137, 18.64620106335427, 0.0], [73.81250667629524, 18.646150963709673, 0.0], [73.81250653384973, 18.646148287721164, 0.0], [73.81250642787393, 18.646147033245736, 0.0], [73.81267482359164, 18.646146660793356, 0.0], [73.81265774189511, 18.646159817886534, 0.0], [73.81265529817321, 18.646161835260003, 0.0], [73.81263838155002, 18.64617679274037, 0.0], [73.81263608777105, 18.646178964209803, 0.0], [73.81262028008103, 18.646194986107535, 0.0], [73.81261814691592, 18.646197301571046, 0.0], [73.81260352169477, 18.646214313354072, 0.0], [73.81260155906647, 18.646216762040694, 0.0], [73.81258818434951, 18.646234684572082, 0.0], [73.81258640138802, 18.646237255090806, 0.0], [73.81257433939327, 18.646256004997102, 0.0], [73.81257274439294, 18.646258685389917, 0.0], [73.81256205123184, 18.646278175448582, 0.0], [73.81256065161219, 18.646280953247167, 0.0], [73.81255137702881, 18.646301092792726, 0.0], [73.81255017930108, 18.64630395507456, 0.0], [73.81254236644031, 18.64632465041998, 0.0], [73.81254137617624, 18.64632758387005, 0.0], [73.81253506138313, 18.646348738742855, 0.0], [73.81253402275676, 18.646352987911456, 0.0], [73.81252172423419, 18.64641718900551, 0.0], [73.81252125786811, 18.646420190846676, 0.0], [73.8125135080629, 18.64648503408858, 0.0], [73.81251325413555, 18.646488059000642, 0.0], [73.81251008801271, 18.64655325187945, 0.0], [73.8125100476698, 18.646556286217038, 0.0], [73.81251147951745, 18.646621534644286, 0.0], [73.81251157178062, 18.646623561378465, 0.0], [73.81251314247152, 18.646646276428996, 0.0], [73.81251342370946, 18.64664904337665, 0.0], [73.81251645689365, 18.646671623352763, 0.0], [73.81251691610946, 18.646674368575756, 0.0], [73.81252140030486, 18.646696727997725, 0.0], [73.81252203576022, 18.646699441103905, 0.0], [73.81252795399182, 18.646721495326407, 0.0], [73.81252876328124, 18.646724166045093, 0.0], [73.8125360931454, 18.646745831578436, 0.0], [73.8125370732052, 18.64674844979888, 0.0], [73.81254578695412, 18.64676964462473, 0.0], [73.81254693407406, 18.646772200435016, 0.0], [73.81255699872081, 18.64679284431685, 0.0], [73.8125583085587, 18.64679532804228, 0.0], [73.81256968600275, 18.64681534282937, 0.0], [73.81257110659541, 18.646817673149677, 0.0], [73.81259723487833, 18.64685773331185, 0.0], [73.8125987474239, 18.6468599095294, 0.0], [73.81262725924839, 18.646898464359726, 0.0], [73.81262890112141, 18.64690055367325, 0.0], [73.81265970130603, 18.64693747446116, 0.0], [73.81266158590977, 18.64693959615119, 0.0], [73.81267563323235, 18.64695445820974, 0.0], [73.81267777843067, 18.64695658398482, 0.0], [73.8126928131407, 18.64697054064182, 0.0], [73.81269509927924, 18.646972528457752, 0.0], [73.81271105729728, 18.646985520228075, 0.0], [73.81271347463193, 18.646987361612204, 0.0], [73.81273028794311, 18.646999333123286, 0.0], [73.81273282617128, 18.647001020227638, 0.0], [73.81275042311525, 18.64701192045514, 0.0], [73.812753071418, 18.647013446088625, 0.0], [73.81277137699433, 18.64702322857451, 0.0], [73.81277412408494, 18.647024586235062, 0.0], [73.81279306027307, 18.64703320928498, 0.0], [73.81279589444271, 18.647034393185887, 0.0], [73.8128153805342, 18.647041820047292, 0.0], [73.81281828970364, 18.647042825142744, 0.0], [73.81283824264625, 18.647049024161227, 0.0], [73.81284121441587, 18.647049846167224, 0.0], [73.81286154916741, 18.64705479092174, 0.0], [73.81286457087128, 18.647055426334834, 0.0], [73.81288520076244, 18.647059095750162, 0.0], [73.81288825952178, 18.64705954186215, 0.0], [73.81290909662522, 18.647061920298665, 0.0], [73.81291217940287, 18.647062175208106, 0.0], [73.81293313490785, 18.64706325252859, 0.0], [73.8129362285648, 18.647063315149058, 0.0], [73.81295721315615, 18.647063086761804, 0.0], [73.81295982876311, 18.647062989389735, 0.0], [73.81303924645994, 18.647057936188286, 0.0], [73.81304137872378, 18.647057754328326, 0.0], [73.81312024670179, 18.647049312393445, 0.0], [73.81312906860502, 18.647048450939828, 0.0], [73.81313662959026, 18.647048180982942, 0.0], [73.81314419307695, 18.647048377194047, 0.0], [73.81315172746795, 18.647049038753476, 0.0], [73.81315920128758, 18.64705016289746, 0.0], [73.81316658331292, 18.647051744929765, 0.0], [73.81317384270545, 18.647053778241457, 0.0], [73.81318094913799, 18.64705625433796, 0.0], [73.81318787292247, 18.647059162875184, 0.0], [73.8131945851345, 18.647062491702577, 0.0], [73.81320105773308, 18.64706622691358, 0.0], [73.81320754551368, 18.64707054028079, 0.0], [73.81322980901525, 18.647086983141264, 0.0], [73.81325235645991, 18.647104898073106, 0.0], [73.81325291776011, 18.64710533714881, 0.0], [73.81330278245682, 18.647143738189282, 0.0], [73.81330529095989, 18.647145542345037, 0.0], [73.8133577154525, 18.647180709334034, 0.0], [73.8133603438554, 18.647182351077458, 0.0], [73.8134150977094, 18.64721412943564, 0.0], [73.81341783942527, 18.647215604018243, 0.0], [73.81349616893435, 18.647254521592064, 0.0], [73.8134990124253, 18.647255821587237, 0.0], [73.8135798834966, 18.647289687781175, 0.0], [73.81358285173141, 18.64729081855841, 0.0], [73.81360004602666, 18.64729673610455, 0.0], [73.81360312873207, 18.647297684852486, 0.0], [73.81362070689693, 18.647302469042312, 0.0], [73.8136238503858, 18.6473032148567, 0.0], [73.8136417303121, 18.647306843343163, 0.0], [73.81364491990196, 18.647307382740433, 0.0], [73.81366301807213, 18.647309838574525, 0.0], [73.81366623886305, 18.647310169034935, 0.0], [73.81368447073967, 18.647311440745536, 0.0], [73.81368770768817, 18.647311560725612, 0.0], [73.81370598810973, 18.647311642372394, 0.0], [73.81370922609526, 18.647311551311674, 0.0], [73.81372746967318, 18.647310442513355, 0.0], [73.81373069357194, 18.647310140837128, 0.0], [73.81374881508978, 18.647307846772694, 0.0], [73.81375200984141, 18.647307335890243, 0.0], [73.81376992465297, 18.647303867275607, 0.0], [73.81377307533631, 18.647303149573013, 0.0], [73.81379069976082, 18.647298522609884, 0.0], [73.8137937916573, 18.647297601439917, 0.0], [73.81381104337065, 18.647291837741218, 0.0], [73.81381406203933, 18.64729071740629, 0.0], [73.81383086045807, 18.647283843894225, 0.0], [73.8138337917976, 18.647282529627823, 0.0], [73.81385005845586, 18.647274578408947, 0.0], [73.81385276045374, 18.64727314977217, 0.0], [73.81388138354808, 18.647256830787466, 0.0], [73.81388385884578, 18.647255318244657, 0.0], [73.81391136540334, 18.647237338930175, 0.0], [73.81391373755544, 18.647235682998552, 0.0], [73.81394002172908, 18.64721611254016, 0.0], [73.81394228160735, 18.64721431959191, 0.0], [73.81396724225382, 18.647193233298367, 0.0], [73.81396938116222, 18.647191310232827, 0.0], [73.8139929222316, 18.64716878924569, 0.0], [73.81399493193938, 18.647166743463043, 0.0], [73.81401696284426, 18.64714287444498, 0.0], [73.81401883561804, 18.64714071381747, 0.0], [73.81403927158254, 18.64711558861815, 0.0], [73.81403984818766, 18.64711480291916, 0.0], [73.81404046981888, 18.647114049063248, 0.0], [73.81404118053469, 18.647112987424048, 0.0], [73.81404193785389, 18.6471119554787, 0.0], [73.81404243089264, 18.64711111968868, 0.0], [73.81404297201499, 18.647110311381464, 0.0], [73.81404357014502, 18.647109188449505, 0.0], [73.8140442177073, 18.647108090714088, 0.0], [73.8140446224315, 18.64710721288219, 0.0], [73.81404507783367, 18.647106357908097, 0.0], [73.8140455576176, 18.64710518449783, 0.0], [73.81404608918659, 18.647104031544142, 0.0], [73.8140464016985, 18.647103120124324, 0.0], [73.81404676699472, 18.647102226717244, 0.0], [73.81404712381199, 18.647101014129273, 0.0], [73.8140475342684, 18.64709981706088, 0.0], [73.81404775155838, 18.647098880830644, 0.0], [73.81404802323065, 18.64709795759457, 0.0], [73.8140482536449, 18.647096717506763, 0.0], [73.81404853903582, 18.647095487852106, 0.0], [73.81404865901126, 18.647094535827858, 0.0], [73.81404883444326, 18.64709359165406, 0.0], [73.81404893623548, 18.647092336009138, 0.0], [73.81404909381247, 18.647091085610473, 0.0], [73.81404911531791, 18.64709012696073, 0.0], [73.81404919282012, 18.64708917094211, 0.0], [73.81404916501002, 18.647087911832628, 0.0], [73.81404919325551, 18.64708665273197, 0.0], [73.8140491160839, 18.647085696689057, 0.0], [73.81404909490993, 18.647084738032607, 0.0], [73.81404893776535, 18.64708348758449, 0.0], [73.81404883640732, 18.647082231907657, 0.0], [73.81404866130185, 18.647081287678777, 0.0], [73.81404854165564, 18.64708033561688, 0.0], [73.81404825668996, 18.647079105872628, 0.0], [73.81404802670458, 18.647077865712472, 0.0], [73.81404775535161, 18.647076942391077, 0.0], [73.81404753838544, 18.64707600609262, 0.0], [73.81404712834306, 18.647074808895333, 0.0], [73.81404677194521, 18.647073596195277, 0.0], [73.81404640695804, 18.64707270267344, 0.0], [73.8140460947614, 18.64707179115548, 0.0], [73.81404556359125, 18.647070638034812, 0.0], [73.81404508421325, 18.647069464473834, 0.0], [73.8140446291069, 18.647068609356683, 0.0], [73.8140442246864, 18.647067731397627, 0.0], [73.81404357750397, 18.647066633458756, 0.0], [73.8140429797625, 18.647065510338876, 0.0], [73.8140424389199, 18.647064701861638, 0.0], [73.81404194617038, 18.647063865916714, 0.0], [73.81404118920837, 18.64706283373341, 0.0], [73.81404047886002, 18.647061771870874, 0.0], [73.81403985748977, 18.647061017819624, 0.0], [73.81403928115667, 18.647060231939435, 0.0], [73.81403842170505, 18.647059275452172, 0.0], [73.81403760559085, 18.647058285073307, 0.0], [73.81403690967711, 18.647057592709967, 0.0], [73.81403625531082, 18.647056864462968, 0.0], [73.8140353016466, 18.64705599288322, 0.0], [73.81403438762618, 18.64705508352591, 0.0], [73.81403362387098, 18.647054459518316, 0.0], [73.8140328977734, 18.64705379591792, 0.0], [73.81403185908087, 18.647053017639497, 0.0], [73.81403085595677, 18.64705219806134, 0.0], [73.81403003171549, 18.64705164841903, 0.0], [73.81402924087935, 18.64705105585605, 0.0], [73.81401122206113, 18.647038869013496, 0.0], [73.81401102423402, 18.64703869575731, 0.0], [73.81401045087173, 18.64703828464131, 0.0], [73.81403609751266, 18.64700798253695, 0.0], [73.81408834257095, 18.647067074878503, 0.0], [73.81408865503326, 18.647067394999514, 0.0], [73.81408894007818, 18.647067737582773, 0.0], [73.81409023865443, 18.647069017436454, 0.0], [73.81409151102169, 18.64707032099039, 0.0], [73.81409185489598, 18.6470706103754, 0.0], [73.8140921737946, 18.647070924676203, 0.0], [73.81409359771932, 18.64707207703617, 0.0], [73.81409499799824, 18.64707325543105, 0.0], [73.8140953699728, 18.647073511293122, 0.0], [73.81409571965395, 18.647073794284577, 0.0], [73.81409725521395, 18.64707480805295, 0.0], [73.81409876991908, 18.647075849940205, 0.0], [73.81409916641162, 18.647076069815235, 0.0], [73.81409954350765, 18.647076318771983, 0.0], [73.81410117591464, 18.647077184185616, 0.0], [73.81410279045855, 18.647078079531283, 0.0], [73.8141032076506, 18.64707826130177, 0.0], [73.8141036085299, 18.647078473826216, 0.0], [73.8141053220629, 18.64707918255068, 0.0], [73.81410702089664, 18.647079922732104, 0.0], [73.81410745477046, 18.64708006464749, 0.0], [73.8141078755723, 18.6470802386929, 0.0], [73.8141096537291, 18.647080783902823, 0.0], [73.81411142049193, 18.647081361791606, 0.0], [73.814111866869, 18.64708146248516, 0.0], [73.81411230354088, 18.6470815963754, 0.0], [73.81411412919682, 18.647081972820096, 0.0], [73.81411594687383, 18.64708238285086, 0.0], [73.81411640145534, 18.647082441352858, 0.0], [73.81411684979184, 18.64708253379847, 0.0], [73.81411870536483, 18.64708273785256, 0.0], [73.8141205564508, 18.6470829760765, 0.0], [73.81412101485887, 18.64708299182352, 0.0], [73.81412147054228, 18.647083041934213, 0.0], [73.81412333816213, 18.647083071632547, 0.0], [73.81412520483009, 18.647083135755427, 0.0], [73.81412566264999, 18.647083108595822, 0.0], [73.8141261212918, 18.647083115889004, 0.0], [73.81412798297231, 18.647082970945554, 0.0], [73.8141298472452, 18.647082860349837, 0.0], [73.81413030006784, 18.64708279054518, 0.0], [73.8141307572511, 18.6470827549506, 0.0], [73.81413259506323, 18.647082436761263, 0.0], [73.8141344389871, 18.647082152512045, 0.0], [73.8141348824516, 18.64708204073458, 0.0], [73.81413533377336, 18.64708196259505, 0.0], [73.8141371300179, 18.647081474224173, 0.0], [73.81413893583476, 18.64708101905892, 0.0], [73.81413936567033, 18.64708086638512, 0.0], [73.8141398067841, 18.647080746453163, 0.0], [73.81414154416225, 18.64708009260403, 0.0], [73.81414329448108, 18.647079470906224, 0.0], [73.81414370654811, 18.647079278806448, 0.0], [73.81414413320576, 18.647079118237066, 0.0], [73.8141457949857, 18.647078305206577, 0.0], [73.81414747294987, 18.64707752296355, 0.0], [73.81414786327991, 18.64707729328782, 0.0], [73.81414827137249, 18.647077093627377, 0.0], [73.81414984155035, 18.647076129245466, 0.0], [73.81415143100016, 18.64707519399064, 0.0], [73.81415179583418, 18.64707492895085, 0.0], [73.8141521814315, 18.6470746921222, 0.0], [73.8141536448855, 18.647073585676445, 0.0], [73.81415513051375, 18.647072506416805, 0.0], [73.81415546633818, 18.647072208565422, 0.0], [73.81415582572671, 18.64707193684937, 0.0], [73.81417721300025, 18.647054069217635, 0.0], [73.8141785556372, 18.64705283136268, 0.0], [73.81417992313699, 18.647051618491066, 0.0], [73.81418022671672, 18.647051290697426, 0.0], [73.81418055643442, 18.64705098671152, 0.0], [73.8141817653233, 18.647049629369516, 0.0], [73.81418300152419, 18.647048294567536, 0.0], [73.81418326993658, 18.64704793998771, 0.0], [73.81418356680913, 18.647047606658806, 0.0], [73.81418463030766, 18.647046142901722, 0.0], [73.81418572330439, 18.647044699024246, 0.0], [73.8141859539645, 18.64704432107303, 0.0], [73.81418621513286, 18.64704396161127, 0.0], [73.81418712299896, 18.647042405535906, 0.0], [73.81418806226537, 18.647040866488265, 0.0], [73.81418825295181, 18.647040468805542, 0.0], [73.81418847590078, 18.64704008667274, 0.0], [73.81418921939125, 18.647038453264916, 0.0], [73.81418999588168, 18.647036833869013, 0.0], [73.81419014475804, 18.647036420284692, 0.0], [73.8141903273405, 18.647036019160993, 0.0], [73.81419089929511, 18.64703432415135, 0.0], [73.81419150553155, 18.64703264000284, 0.0], [73.81419161116408, 18.64703221449996, 0.0], [73.81419175162166, 18.647031798248413, 0.0], [73.81419214653218, 18.64703005796082, 0.0], [73.81419257667626, 18.64702832527898, 0.0], [73.81419263804766, 18.647027891955364, 0.0], [73.8141927350277, 18.647027464584706, 0.0], [73.81419294909092, 18.647025695779085, 0.0], [73.81419319900013, 18.64702393125059, 0.0], [73.81419321551937, 18.647023494279388, 0.0], [73.81419326808788, 18.647023059905415, 0.0], [73.81419329924229, 18.64702127961635, 0.0], [73.81419336650987, 18.647019500234574, 0.0], [73.81419333801784, 18.64701906382405, 0.0], [73.81419334566857, 18.647018626630036, 0.0], [73.81419319361416, 18.647016852002682, 0.0], [73.81419307759232, 18.647015074904047, 0.0], [73.81419300436343, 18.647014643257076, 0.0], [73.8141929670227, 18.647014207453427, 0.0], [73.81419263322383, 18.64701245557841, 0.0], [73.81419233502993, 18.647010697877345, 0.0], [73.81419221776942, 18.647010275150926, 0.0], [73.81419213579684, 18.647009844934683, 0.0], [73.81419162346822, 18.6470081326835, 0.0], [73.81419114597402, 18.64700641130764, 0.0], [73.81419098581118, 18.64700600157286, 0.0], [73.81419085999622, 18.647005581087228, 0.0], [73.8141901740718, 18.647003924949775, 0.0], [73.81418952187589, 18.647002256476924, 0.0], [73.81418932035318, 18.647001863679755, 0.0], [73.81418915190748, 18.647001456974237, 0.0], [73.81418829899316, 18.646999872900075, 0.0], [73.81418747837652, 18.64699827339849, 0.0], [73.8141872374347, 18.646997901321765, 0.0], [73.81418702798051, 18.646997512313177, 0.0], [73.81418601629031, 18.64699601555778, 0.0], [73.81418503515594, 18.64699450043154, 0.0], [73.81418475711543, 18.64699415265858, 0.0], [73.81418450866988, 18.646993785093265, 0.0], [73.81418334794695, 18.646992390071198, 0.0], [73.81418221574371, 18.646990973911794, 0.0], [73.81393097136836, 18.646706800958057, 0.0], [73.8139454983483, 18.64668925064684, 0.0], [73.81395255114293, 18.646680874635134, 0.0], [73.81395935212521, 18.646673624385752, 0.0], [73.81396743808291, 18.64666587663026, 0.0], [73.81396768891038, 18.646665634476722, 0.0], [73.81402069385855, 18.646614075550826, 0.0], [73.81402287883611, 18.646611799696366, 0.0], [73.81407206911683, 18.64655691292263, 0.0], [73.81407365593175, 18.646555043845208, 0.0], [73.81414673240175, 18.64646412376278, 0.0], [73.81414760369564, 18.64646300436523, 0.0], [73.8141905669869, 18.64640598985253, 0.0], [73.81419372590267, 18.646401988788277, 0.0], [73.8141964523441, 18.646398984706956, 0.0], [73.81419938677958, 18.646396164315565, 0.0], [73.81420251562386, 18.64639354067121, 0.0], [73.81420582439124, 18.646391125920793, 0.0], [73.81420929776243, 18.646388931244243, 0.0], [73.81421291965687, 18.64638696680229, 0.0], [73.81421667330723, 18.64638524168914, 0.0], [73.8142205413348, 18.64638376389174, 0.0], [73.81422450583108, 18.64638254025213, 0.0], [73.81422854844237, 18.646381576435203, 0.0], [73.8142326504526, 18.64638087690306, 0.0], [73.8142369970142, 18.646380423604498, 0.0], [73.81429169689096, 18.646377836643435, 0.0], [73.81434666933177, 18.646377897849685, 0.0], [73.81440276890805, 18.646380676252075, 0.0], [73.81440313504898, 18.6463806930326, 0.0], [73.81444872777274, 18.646382614159275, 0.0], [73.81445186512654, 18.646382647268485, 0.0], [73.81449749129473, 18.646381688795604, 0.0], [73.8145006240727, 18.646381523969183, 0.0], [73.81454608375073, 18.646377690096553, 0.0], [73.8145491982247, 18.646377328056783, 0.0], [73.81459429220811, 18.646370635584503, 0.0], [73.8145973747309, 18.64637007791777, 0.0], [73.81464190541732, 18.64636055617197, 0.0], [73.81464461116002, 18.646359897245084, 0.0], [73.81472752150887, 18.646337205965494, 0.0], [73.81472985596433, 18.646336504378276, 0.0], [73.81481142682735, 18.646309763180703, 0.0], [73.81481372017296, 18.646308947646013, 0.0], [73.81489373399955, 18.646278227849315, 0.0], [73.8148957541472, 18.646277399830254, 0.0], [73.8150376058476, 18.6462155023994, 0.0], [73.81505499197044, 18.64620818887769, 0.0], [73.81507163982408, 18.646202449386397, 0.0], [73.81508866100093, 18.646197810396114, 0.0], [73.81510597554534, 18.64619429369813, 0.0], [73.8151235021232, 18.646191915811855, 0.0], [73.81514277786268, 18.646190575282308, 0.0], [73.81518240998987, 18.64618782143276, 0.0], [73.81518563405416, 18.646187491395104, 0.0], [73.81522497739451, 18.646182160716897, 0.0], [73.81522817024127, 18.64618162131929, 0.0], [73.81526703915804, 18.646173738865812, 0.0], [73.8152701858438, 18.646172992632774, 0.0], [73.81530839841625, 18.646162595296577, 0.0], [73.81531148421324, 18.64616164572076, 0.0], [73.81534886159253, 18.64614878216507, 0.0], [73.81535160940582, 18.646147743068283, 0.0], [73.81539298354718, 18.646130655263757, 0.0], [73.81539540228594, 18.646129578202633, 0.0], [73.81543570152334, 18.64611029696115, 0.0], [73.81543805280984, 18.64610909179524, 0.0], [73.81547714929525, 18.646087678285944, 0.0], [73.8154784184828, 18.646086937055657, 0.0], [73.8156579746804, 18.646336099726295, 0.0], [73.81566079332426, 18.646339626799172, 0.0], [73.81566396106668, 18.646342873530553, 0.0], [73.81566744740054, 18.64634580865263, 0.0], [73.81567121875055, 18.646348403898546, 0.0], [73.81567523879657, 18.64635063427465, 0.0], [73.8156794688233, 18.64635247830119, 0.0], [73.81568386809327, 18.646353918219166, 0.0], [73.81568839423906, 18.64635494016137, 0.0], [73.81569300367141, 18.646355534285927, 0.0], [73.81569765199892, 18.646355694871094, 0.0], [73.8157022944556, 18.64635542037033, 0.0], [73.81570688633207, 18.646354713427243, 0.0], [73.81571138340594, 18.646353580850082, 0.0], [73.81571574236797, 18.646352033546183, 0.0], [73.81571992123891, 18.646350086416945, 0.0], [73.81572387977391, 18.6463477582143, 0.0], [73.81572757985015, 18.64634507136011, 0.0], [73.8157309858338, 18.64634205173029, 0.0], [73.8157340649234, 18.646338728405524, 0.0], [73.81573678746565, 18.646335133391275, 0.0], [73.81573912724097, 18.646331301309502, 0.0], [73.81573972425628, 18.6463300568833, 0.0], [73.81574144664363, 18.646329955041047, 0.0], [73.81574603851932, 18.64632924809709, 0.0], [73.81575053559236, 18.64632811551907, 0.0], [73.81575489455346, 18.646326568214334, 0.0], [73.81575907342342, 18.646324621084283, 0.0], [73.81576303195743, 18.646322292880857, 0.0], [73.81576673203259, 18.646319606025944, 0.0], [73.81577013801517, 18.646316586395432, 0.0], [73.81577321710367, 18.646313263070045, 0.0], [73.81577593964481, 18.646309668055228, 0.0], [73.81577827941902, 18.64630583597296, 0.0], [73.81578021389302, 18.646301803728303, 0.0], [73.81578172443679, 18.646297610153976, 0.0], [73.81578279650299, 18.646293295636436, 0.0], [73.81578341976707, 18.646288901726834, 0.0], [73.81578358822668, 18.646284470740923, 0.0], [73.81578330025954, 18.64628004535153, 0.0], [73.8157825586389, 18.646275668177587, 0.0], [73.81578137050705, 18.646271381373637, 0.0], [73.81577974730638, 18.64626722622397, 0.0], [73.8157777046692, 18.646263242744926, 0.0], [73.81577526226727, 18.646259469299565, 0.0], [73.81517124955434, 18.64542130333486, 0.0], [73.81606766748031, 18.64485785270068, 0.0], [73.81606803771959, 18.644857617598294, 0.0], [73.81619021711225, 18.64477924185801, 0.0], [73.8161920231082, 18.644777956268918, 0.0], [73.81619383318058, 18.64477667589927, 0.0], [73.81623404455515, 18.644745201550993, 0.0], [73.81623635565043, 18.644743269665312, 0.0], [73.81627434228496, 18.644709376906736, 0.0], [73.81627651715675, 18.64470730628466, 0.0], [73.81631211928497, 18.644671137664876, 0.0], [73.81631414878609, 18.644668937015194, 0.0], [73.81634721667142, 18.64463064465483, 0.0], [73.81634909226608, 18.644628323233253, 0.0], [73.81637948683067, 18.644588068185396, 0.0], [73.81638120063049, 18.64458563575551, 0.0], [73.81640879404058, 18.64454358732779, 0.0], [73.81641048065019, 18.644540801262195, 0.0], [73.81641998837233, 18.64452371843145, 0.0], [73.816421326339, 18.64452111615286, 0.0], [73.81642966563257, 18.64450348742588, 0.0], [73.81643082583602, 18.64450080873458, 0.0], [73.81643796239199, 18.644482706639497, 0.0], [73.81643894005929, 18.644479962555412, 0.0], [73.8164448445166, 18.64446146156777, 0.0], [73.816445635625, 18.644458663381933, 0.0], [73.81645028369235, 18.644439839618546, 0.0], [73.81645088498759, 18.644436998841762, 0.0], [73.81645425754202, 18.64441792974726, 0.0], [73.81645466655006, 18.644415058068354, 0.0], [73.81645674971698, 18.644395822096747, 0.0], [73.81645690615332, 18.64439402845912, 0.0], [73.81648281957882, 18.644002639261206, 0.0], [73.81648290136377, 18.64400082400162, 0.0], [73.81649228586483, 18.643608758082948, 0.0], [73.8164922914426, 18.643608490235987, 0.0], [73.81649611387213, 18.643392694759505, 0.0], [73.81649611725368, 18.643392471039984, 0.0], [73.81649920627807, 18.64314568635629, 0.0], [73.81649935937897, 18.643153783470108, 0.0], [73.81650094836442, 18.643166868776728, 0.0], [73.8165038622985, 18.64317974525843, 0.0], [73.81650807366039, 18.643192291301318, 0.0], [73.8165135426755, 18.64320438841239, 0.0], [73.81652021769116, 18.64321592233858, 0.0], [73.81652803566439, 18.643226784145924, 0.0], [73.8165369227573, 18.64323687124833, 0.0], [73.81654679503448, 18.64324608837655, 0.0], [73.8165575592558, 18.643254348477882, 0.0], [73.8165691137569, 18.64326157353846, 0.0], [73.8165813494095, 18.643267695319967, 0.0], [73.816594150652, 18.64327265600422, 0.0], [73.81660739658096, 18.643276408739194, 0.0], [73.81662096209301, 18.64327891808152, 0.0], [73.81663471906639, 18.64328016033129, 0.0], [73.81681072368585, 18.64328785564569, 0.0], [73.81684302637159, 18.643367276197253, 0.0], [73.81684880458594, 18.643379618645668, 0.0], [73.81685584353635, 18.64339135117425, 0.0], [73.81686407323467, 18.643402357126277, 0.0], [73.81687341185305, 18.643412527069348, 0.0], [73.81688376653766, 18.643421759883484, 0.0], [73.81689503433175, 18.64342996376661, 0.0], [73.81690710319951, 18.64343705714729, 0.0], [73.81691985313998, 18.64344296949585, 0.0], [73.81693315738019, 18.643447642025627, 0.0], [73.8169468836358, 18.643451028277518, 0.0], [73.81696089542623, 18.643453094581893, 0.0], [73.81697505343186, 18.64345382039342, 0.0], [73.81698921687921, 18.643453198495312, 0.0], [73.81700324494066, 18.643451235071097, 0.0], [73.81701699813482, 18.643447949643146, 0.0], [73.81703033971324, 18.64344337487855, 0.0], [73.81707394506988, 18.643426036450936, 0.0], [73.8170911765332, 18.64341783776546, 0.0], [73.81711570279582, 18.643404116398482, 0.0], [73.8171443166804, 18.643388108154625, 0.0], [73.81715605268852, 18.643380777155556, 0.0], [73.81716697358884, 18.64337237921944, 0.0], [73.81717697303728, 18.643362996122626, 0.0], [73.81718595366259, 18.643352719234652, 0.0], [73.81719382801457, 18.643341648628496, 0.0], [73.8172005194156, 18.64332989210606, 0.0], [73.81720596270723, 18.64331756414848, 0.0], [73.8172101048848, 18.643304784801288, 0.0], [73.81721290561343, 18.643291678505495, 0.0], [73.81721433762094, 18.643278372885796, 0.0], [73.81721438696316, 18.643264997507803, 0.0], [73.81721305315999, 18.64325168261638, 0.0], [73.81721034919985, 18.64323855786736, 0.0], [73.81720630141331, 18.64322575106502, 0.0], [73.81720094921656, 18.643213386917537, 0.0], [73.81719444302031, 18.64320023746907, 0.0], [73.81719701680494, 18.643190946053494, 0.0], [73.81719926065145, 18.643177481258707, 0.0], [73.81720007419399, 18.64316386970225, 0.0], [73.81720206763912, 18.642875955875233, 0.0], [73.81720415883709, 18.642872847520614, 0.0], [73.81720902054182, 18.642865059913447, 0.0], [73.81723074845516, 18.642827448850333, 0.0], [73.81723505340074, 18.642819368967004, 0.0], [73.81725409630627, 18.642780457934915, 0.0], [73.81725782525011, 18.64277212189234, 0.0], [73.8172740980263, 18.642732084827205, 0.0], [73.81727723429984, 18.64272352988897, 0.0], [73.81729066420843, 18.6426825457599, 0.0], [73.81729319379303, 18.64267381016654, 0.0], [73.81730372080355, 18.642632062175963, 0.0], [73.81730563239209, 18.64262318497693, 0.0], [73.81731320945057, 18.642580859741702, 0.0], [73.81731449449877, 18.642571880618295, 0.0], [73.8173190877377, 18.642529167335642, 0.0], [73.81731974050176, 18.64252012642607, 0.0], [73.81732132939196, 18.64247721602721, 0.0], [73.81732134695466, 18.642468153743586, 0.0], [73.81732006618844, 18.642429515626915, 0.0], [73.81732287137606, 18.64234475848109, 0.0], [73.8173312229738, 18.642260286193267, 0.0], [73.81734508686867, 18.64217647517076, 0.0], [73.81736428252555, 18.64209419423913, 0.0], [73.81771122602902, 18.642108607243728, 0.0], [73.81808807372754, 18.642131867573873, 0.0], [73.81809272443144, 18.642131936609765, 0.0], [73.81809735983937, 18.642131570767596, 0.0], [73.81810193530977, 18.642130773570635, 0.0], [73.81810640677831, 18.642129552696307, 0.0], [73.81811073118229, 18.642127919902325, 0.0], [73.81811486687532, 18.642125890913388, 0.0], [73.81811877402835, 18.64212348526979, 0.0], [73.81812241501339, 18.642120726139197, 0.0], [73.81812575476572, 18.642117640093563, 0.0], [73.81812876112171, 18.64211425685322, 0.0], [73.81813140512851, 18.642110609000632, 0.0], [73.81813366132292, 18.642106731666626, 0.0], [73.81813550797654, 18.642102662192077, 0.0], [73.81813692730512, 18.64209843976824, 0.0], [73.81813790563977, 18.642094105059392, 0.0], [73.81813843355866, 18.642089699811162, 0.0], [73.81813850597764, 18.642085266448497, 0.0], [73.81813812219931, 18.6420808476671, 0.0], [73.81813728591973, 18.642076486022262, 0.0], [73.81813600519274, 18.642072223518994, 0.0], [73.81813429235247, 18.642068101207524, 0.0], [73.81813264197743, 18.642065044313277, 0.0], [73.81813438429405, 18.64206205987705, 0.0], [73.81813623687799, 18.64205799285276, 0.0], [73.81813766236039, 18.642053772313243, 0.0], [73.8181386470131, 18.64204943890461, 0.0], [73.81813918135339, 18.642045034359978, 0.0], [73.81813926023534, 18.6420406010975, 0.0], [73.8181388828993, 18.642036181811942, 0.0], [73.81813805297924, 18.642031819063423, 0.0], [73.81813677846779, 18.64202755486761, 0.0], [73.81813507163923, 18.64202343029101, 0.0], [73.81813294893126, 18.642019485055567, 0.0], [73.81813043078677, 18.64201575715602, 0.0], [73.81812754145685, 18.642012282494075, 0.0], [73.81812430876735, 18.642009094532604, 0.0], [73.81812076385087, 18.642006223973418, 0.0], [73.81811694084683, 18.642003698461533, 0.0], [73.8181128765729, 18.642001542319004, 0.0], [73.8181086101702, 18.641999776310655, 0.0], [73.8181041827265, 18.641998417444086, 0.0], [73.8180996368805, 18.64199747880592, 0.0], [73.81809501641114, 18.641996969435734, 0.0], [73.81772055270149, 18.641973358064025, 0.0], [73.8177194879562, 18.641973302386667, 0.0], [73.81740854481691, 18.641960384968005, 0.0], [73.81741910604275, 18.64193225468955, 0.0], [73.8174542677558, 18.64185430946732, 0.0], [73.81749646734585, 18.641774831035885, 0.0], [73.81749744162134, 18.641772960463033, 0.0], [73.8175475593286, 18.641674845758047, 0.0], [73.81755109811888, 18.64166734840112, 0.0], [73.81759488365145, 18.641566517697683, 0.0], [73.8175979391092, 18.641558829612915, 0.0], [73.8176352313928, 18.64145565386534, 0.0], [73.81763779227806, 18.64144780333681, 0.0], [73.8176684541277, 18.641342662125933, 0.0], [73.81767051101991, 18.6413346780358, 0.0], [73.81769442964476, 18.641227958172717, 0.0], [73.81769597497774, 18.641219869894027, 0.0], [73.81771306239561, 18.64111196399694, 0.0], [73.81771383727602, 18.641106250422606, 0.0], [73.81774303942827, 18.640847850849376, 0.0], [73.8177901054233, 18.640596637957163, 0.0], [73.81785654043668, 18.640344577492407, 0.0], [73.81785927251804, 18.640331533252105, 0.0], [73.81786065021842, 18.640318296544475, 0.0], [73.81786066027013, 18.640304994846296, 0.0], [73.81785930257666, 18.640291756260208, 0.0], [73.81785659021368, 18.640278708281024, 0.0], [73.81785254930303, 18.640265976567864, 0.0], [73.81784721876116, 18.640253683734027, 0.0], [73.81784064992432, 18.640241948166146, 0.0], [73.81783290605422, 18.64023088288401, 0.0], [73.8178240617287, 18.64022059445223, 0.0], [73.81781420212351, 18.640211181953863, 0.0], [73.81780342219209, 18.64020273603628, 0.0], [73.81779182575099, 18.640195338038136, 0.0], [73.8177795244802, 18.64018905920604, 0.0], [73.8177666368475, 18.640183960008454, 0.0], [73.81775328696766, 18.640180089553322, 0.0], [73.81773960340702, 18.64017748511513, 0.0], [73.8177257179455, 18.64017617177599, 0.0], [73.81771176430736, 18.64017616218401, 0.0], [73.81769787687345, 18.64017745643156, 0.0], [73.81768418938704, 18.64018004205433, 0.0], [73.81767083366579, 18.64018389415141, 0.0], [73.81765793833233, 18.64018897562506, 0.0], [73.81764562757553, 18.640195237538006, 0.0], [73.81763401995451, 18.640202619584713, 0.0], [73.81762322725689, 18.64021105067218, 0.0], [73.81761335342213, 18.640220449604556, 0.0], [73.81760449354066, 18.640230725865134, 0.0], [73.81759673293803, 18.640241780488058, 0.0], [73.81759014635317, 18.640253507011423, 0.0], [73.81758479721869, 18.640265792502507, 0.0], [73.81758073704984, 18.64027851864546, 0.0], [73.81751309852451, 18.640535143789837, 0.0], [73.81751102729311, 18.640544341944377, 0.0], [73.81746222472742, 18.6408048214611, 0.0], [73.81746082777993, 18.640814134417496, 0.0], [73.81743142009725, 18.641074348885713, 0.0], [73.81741542761058, 18.641175339326534, 0.0], [73.81739331160699, 18.641274015566587, 0.0], [73.8173649606327, 18.641371232131004, 0.0], [73.81733047897939, 18.641466631363826, 0.0], [73.81728999349411, 18.641559862294496, 0.0], [73.81724224397668, 18.641653340563817, 0.0], [73.81719853396723, 18.641735663485782, 0.0], [73.8171947749505, 18.641743327896002, 0.0], [73.81715610518326, 18.641829049365636, 0.0], [73.81715285510813, 18.641836922407748, 0.0], [73.81711987095566, 18.641924776725723, 0.0], [73.8171171424856, 18.6419328277255, 0.0], [73.81711251771463, 18.641948086723247, 0.0], [73.81699544872902, 18.641943223042993, 0.0], [73.81699230991241, 18.641943191820122, 0.0], [73.81697363202827, 18.641943595807096, 0.0], [73.81697050742756, 18.641943761901366, 0.0], [73.81695189822386, 18.641945339982623, 0.0], [73.81694879193243, 18.641945702274942, 0.0], [73.81693033253744, 18.641948447570602, 0.0], [73.81692725809704, 18.64194900448156, 0.0], [73.81690902898593, 18.64195290502332, 0.0], [73.81690599979989, 18.641953654125032, 0.0], [73.81688808044389, 18.641958692908204, 0.0], [73.81688510971861, 18.641959630934757, 0.0], [73.81686757823876, 18.64196578599216, 0.0], [73.81686467892492, 18.64196690885427, 0.0], [73.81684761175092, 18.641974153352535, 0.0], [73.81684479648838, 18.641975456154963, 0.0], [73.81682826802623, 18.641983758511007, 0.0], [73.81682554908824, 18.641985235574175, 0.0], [73.81680963139503, 18.641994559593336, 0.0], [73.81680702063521, 18.641996204477792, 0.0], [73.81679178310561, 18.6420065095112, 0.0], [73.8167892919061, 18.642008315045693, 0.0], [73.8167748009694, 18.642019556167583, 0.0], [73.81677244019018, 18.642021514481197, 0.0], [73.81675875902114, 18.642033642685025, 0.0], [73.81675653895468, 18.64203574524001, 0.0], [73.81674372719756, 18.642048707651877, 0.0], [73.81674165752254, 18.64205094528187, 0.0], [73.81672977103158, 18.642064685390853, 0.0], [73.81672786077054, 18.642067048341115, 0.0], [73.81671695136615, 18.642081506246235, 0.0], [73.81671520884744, 18.642083984214935, 0.0], [73.81670532409045, 18.642099096885527, 0.0], [73.81670375691073, 18.642101679069736, 0.0], [73.81669493989483, 18.642117380620768, 0.0], [73.81669463810259, 18.642117927000534, 0.0], [73.81666858734287, 18.642165882676544, 0.0], [73.81664123464691, 18.642211792138596, 0.0], [73.81662490882393, 18.642236076135667, 0.0], [73.81660709485364, 18.642258977633418, 0.0], [73.8165876871713, 18.64228067032941, 0.0], [73.81656677577207, 18.642301053632494, 0.0], [73.81654445762389, 18.642320033022752, 0.0], [73.81652083621786, 18.64233752049098, 0.0], [73.81649468136169, 18.642354294140308, 0.0], [73.81648301519255, 18.642361783326344, 0.0], [73.81639445917072, 18.642258081059396, 0.0], [73.81638831959047, 18.642244437202045, 0.0], [73.81638411912076, 18.642235929849488, 0.0], [73.81637326660339, 18.642215793675245, 0.0], [73.81636845753599, 18.642207584389194, 0.0], [73.81635616671066, 18.642188213876125, 0.0], [73.81635077218726, 18.642180342159893, 0.0], [73.81633710219867, 18.64216183051975, 0.0], [73.81633114817853, 18.642154334252705, 0.0], [73.8163161648078, 18.64213677056403, 0.0], [73.81630967994137, 18.64212968581755, 0.0], [73.81629345528941, 18.64211315459738, 0.0], [73.81628647078294, 18.64210651546423, 0.0], [73.81627196274427, 18.642093650028265, 0.0], [73.81625668317905, 18.64207851442891, 0.0], [73.81623904447612, 18.642052288275426, 0.0], [73.8164920214914, 18.64199036483852, 0.0], [73.81650534865129, 18.64198642892681, 0.0], [73.81651820700205, 18.64198126686895, 0.0], [73.81653047274064, 18.641974928366363, 0.0], [73.81654202776983, 18.64196747444755, 0.0], [73.81655276083538, 18.641958976880478, 0.0], [73.81656256859705, 18.64194951748158, 0.0], [73.81657135662373, 18.64193918732802, 0.0], [73.81657904030256, 18.64192808588076, 0.0], [73.81658554565362, 18.64191632002691, 0.0], [73.81659081004229, 18.641904003050623, 0.0], [73.81659478278212, 18.64189125354237, 0.0], [73.81659742562309, 18.641878194257067, 0.0], [73.8165987131196, 18.641864950932252, 0.0], [73.81659863287577, 18.64185165107736, 0.0], [73.81659718566446, 18.64183842274611, 0.0], [73.81659438542007, 18.641825393303527, 0.0], [73.81652917528511, 18.641583114979902, 0.0], [73.81652504835851, 18.641570408251294, 0.0], [73.81651963476352, 18.641558148319888, 0.0], [73.81651298663714, 18.641546453257327, 0.0], [73.8165051680056, 18.641535435695147, 0.0], [73.81649625416803, 18.64152520174007, 0.0], [73.81648633097093, 18.6415158499521, 0.0], [73.81647549398173, 18.641507470395393, 0.0], [73.81646384756814, 18.64150014377078, 0.0], [73.8164515038932, 18.641493940638657, 0.0], [73.816438581835, 18.641488920739405, 0.0], [73.81642520584178, 18.641485132418058, 0.0], [73.81641150473351, 18.641482612158708, 0.0], [73.81639761046114, 18.64148138423315, 0.0], [73.816383656836, 18.641481460467123, 0.0], [73.81636977824091, 18.641482840126418, 0.0], [73.8163561083362, 18.641485509923967, 0.0], [73.81608727953152, 18.641551264744457, 0.0], [73.81607412803108, 18.641555137238395, 0.0], [73.81606143094598, 18.64156020380383, 0.0], [73.81604930726346, 18.641566416960845, 0.0], [73.8160378705972, 18.641573718484583, 0.0], [73.81602722812283, 18.641582039950837, 0.0], [73.81601747957343, 18.641591303377314, 0.0], [73.81601321546029, 18.6415962269694, 0.0], [73.81600512331214, 18.641560843170794, 0.0], [73.81598978012252, 18.64146696825672, 0.0], [73.81598043400193, 18.64137239187444, 0.0], [73.8159770694493, 18.64127607991545, 0.0], [73.81597679792327, 18.641272526938824, 0.0], [73.81596485453818, 18.64117143987503, 0.0], [73.8159645043321, 18.641169051046386, 0.0], [73.81594691886356, 18.641068715627394, 0.0], [73.81594643542412, 18.64106634801879, 0.0], [73.81592325800113, 18.640967050202676, 0.0], [73.81592291640186, 18.64096568681903, 0.0], [73.81591952536108, 18.640953025155863, 0.0], [73.81591862884773, 18.640950094584824, 0.0], [73.81591434865378, 18.640937680103473, 0.0], [73.8159132465985, 18.64093481392951, 0.0], [73.81590809679004, 18.640922703300745, 0.0], [73.8159067942239, 18.640919914608492, 0.0], [73.81590079830968, 18.640908163116308, 0.0], [73.81589930117894, 18.640905464635935, 0.0], [73.81589248652993, 18.640894125924493, 0.0], [73.81589080166864, 18.6408915299738, 0.0], [73.81588319939316, 18.640880655803194, 0.0], [73.81588133449252, 18.640878174232448, 0.0], [73.81587297929427, 18.640867814242135, 0.0], [73.8158709428676, 18.640865458379693, 0.0], [73.81586187288744, 18.640855659861955, 0.0], [73.81585967423071, 18.640853440461925, 0.0], [73.81584993087212, 18.64084424814583, 0.0], [73.8158475800224, 18.640842175339884, 0.0], [73.81583720776314, 18.640833631187395, 0.0], [73.81583471545103, 18.640831714436995, 0.0], [73.81582376163924, 18.64082385745128, 0.0], [73.81582113924281, 18.64082210550689, 0.0], [73.8158096538817, 18.64081497155412, 0.0], [73.81580691337098, 18.64081339241252, 0.0], [73.8157949488898, 18.640807014058478, 0.0], [73.81579210277599, 18.64080561492888, 0.0], [73.81577971379153, 18.640800021289916, 0.0], [73.81577677506561, 18.640798808558603, 0.0], [73.81576401813211, 18.640794025169207, 0.0], [73.81576100021027, 18.64079300437267, 0.0], [73.81574793356181, 18.640789053068307, 0.0], [73.81574485021982, 18.64078822886608, 0.0], [73.81573153350423, 18.640785127684055, 0.0], [73.8157283988171, 18.64078450383853, 0.0], [73.81571489282354, 18.64078226693539, 0.0], [73.81571385226172, 18.64078210593749, 0.0], [73.81531647047089, 18.640724937986914, 0.0], [73.81531685362445, 18.6407163497313, 0.0], [73.81531687973629, 18.64071562898899, 0.0], [73.81531771747105, 18.640685547768847, 0.0], [73.81534935934212, 18.640687893201846, 0.0], [73.8153586054066, 18.640688147040887, 0.0], [73.81536783340334, 18.64068754061229, 0.0], [73.81537695546281, 18.640686079690497, 0.0], [73.81538588472418, 18.640683778186496, 0.0], [73.81539453616251, 18.640680658015334, 0.0], [73.81540282739829, 18.640676748887465, 0.0], [73.8154106794819, 18.640672088025816, 0.0], [73.81541801764537, 18.640666719811406, 0.0], [73.81542477201432, 18.64066069536067, 0.0], [73.81543087827333, 18.640654072038764, 0.0], [73.81543627827833, 18.640646912913336, 0.0], [73.81544092061026, 18.640639286153966, 0.0], [73.81544476106467, 18.640631264383074, 0.0], [73.81544776307267, 18.64062292398439, 0.0], [73.81544989804911, 18.64061434437561, 0.0], [73.81545069906404, 18.640608734822575, 0.0], [73.81562865799062, 18.640620689327534, 0.0], [73.81608041712599, 18.640815506951938, 0.0], [73.81608832162942, 18.640818515888764, 0.0], [73.81609647739928, 18.640820836793452, 0.0], [73.81610481868118, 18.640822450954143, 0.0], [73.81611327822509, 18.64082334535696, 0.0], [73.81612178782756, 18.640823512790952, 0.0], [73.81691520970189, 18.64080514873564, 0.0], [73.81692443576745, 18.640804504748555, 0.0], [73.81693355205059, 18.640803006548545, 0.0], [73.81694247172948, 18.640800668404186, 0.0], [73.81695110985463, 18.64079751258356, 0.0], [73.81695938415812, 18.640793569142115, 0.0], [73.81696721583698, 18.640788875636492, 0.0], [73.81697453030371, 18.6407834767668, 0.0], [73.81698125789669, 18.640777423950897, 0.0], [73.81698733454358, 18.640770774834706, 0.0], [73.8169927023716, 18.640763592743202, 0.0], [73.8169973102586, 18.640755946077327, 0.0], [73.81700111432, 18.64074790766251, 0.0], [73.81700407832678, 18.64073955405514, 0.0], [73.81700617405035, 18.64073096481342, 0.0], [73.8170073815316, 18.640722221739683, 0.0], [73.81706732256566, 18.640027686924277, 0.0], [73.81706762490447, 18.64001857431464, 0.0], [73.81706696245462, 18.640009479045005, 0.0], [73.81706534195989, 18.64000049370334, 0.0], [73.81706277991671, 18.63999170975857, 0.0], [73.81705930240632, 18.63998321662941, 0.0], [73.81705494482915, 18.639975100774123, 0.0], [73.81704975154456, 18.639967444810406, 0.0], [73.81704377541918, 18.63996032667432, 0.0], [73.81703707728877, 18.639953818826957, 0.0], [73.81702972533897, 18.639947987516805, 0.0], [73.81702179441105, 18.63994289210532, 0.0], [73.81701336524019, 18.63993858446268, 0.0], [73.81700452363356, 18.639935108439726, 0.0], [73.81687987716462, 18.63989298388028, 0.0], [73.81687220494008, 18.63989073475789, 0.0], [73.81675600868425, 18.639861743459868, 0.0], [73.81662084861793, 18.639809025194523, 0.0], [73.81667360074533, 18.63758707769995, 0.0], [73.81667347769314, 18.63758264535186, 0.0], [73.81667289950147, 18.637578245844615, 0.0], [73.81667187173863, 18.63757392154787, 0.0], [73.8166704043026, 18.63756971410696, 0.0], [73.81666851132559, 18.637565664041844, 0.0], [73.81666621103804, 18.637561810356832, 0.0], [73.816663525593, 18.637558190165024, 0.0], [73.81666048085279, 18.63755483833081, 0.0], [73.81665710613991, 18.637551787134196, 0.0], [73.81665343395473, 18.63754906595983, 0.0], [73.81664949966236, 18.637546701014113, 0.0], [73.8166453411522, 18.637544715072735, 0.0], [73.81664099847292, 18.63754312726139, 0.0], [73.81663651344688, 18.637541952871562, 0.0], [73.81663192926733, 18.637541203213242, 0.0], [73.81662729008237, 18.637540885506052, 0.0], [73.81662264056986, 18.63754100280968, 0.0], [73.81661802550713, 18.637541553994428, 0.0], [73.81661348933966, 18.637542533752086, 0.0], [73.81660907575326, 18.63754393264706, 0.0], [73.81660482725312, 18.63754573720723, 0.0], [73.81660078475458, 18.63754793005371, 0.0], [73.81659698718913, 18.6375504900682, 0.0], [73.81659393756037, 18.637553007554807, 0.0], [73.81659336161047, 18.637552796970414, 0.0], [73.8165925975982, 18.637552596916034, 0.0], [73.8165918487674, 18.63755235014995, 0.0], [73.81659035629905, 18.637552010038373, 0.0], [73.81658887658459, 18.63755162257944, 0.0], [73.8165880956818, 18.637551494876945, 0.0], [73.81658732508443, 18.63755131926913, 0.0], [73.81658580483263, 18.637551120250084, 0.0], [73.81658429240507, 18.637550872919956, 0.0], [73.8165835021322, 18.63755081879918, 0.0], [73.81658271718958, 18.637550716040845, 0.0], [73.8165811837952, 18.637550660030985, 0.0], [73.81657965322002, 18.637550555211575, 0.0], [73.81657886118786, 18.637550575193735, 0.0], [73.81657806945938, 18.637550546274486, 0.0], [73.81657653768978, 18.637550633813206, 0.0], [73.81657500370727, 18.637550672514003, 0.0], [73.81657421754352, 18.63755076640667, 0.0], [73.81657342665397, 18.637550811605006, 0.0], [73.81657191126097, 18.63755104184927, 0.0], [73.81657038864418, 18.637551223697553, 0.0], [73.81656961592002, 18.637551390596474, 0.0], [73.81656883348607, 18.637551509477127, 0.0], [73.81610535238907, 18.63764436167161, 0.0], [73.81606042228663, 18.637651896551507, 0.0], [73.81601575678819, 18.637656727027935, 0.0], [73.81597086505485, 18.63765894536728, 0.0], [73.81592591502874, 18.63765854327076, 0.0], [73.8158810748705, 18.637655522242692, 0.0], [73.81583507478102, 18.637649712009296, 0.0], [73.8158348919954, 18.637649689266482, 0.0], [73.81544644040238, 18.637602088596726, 0.0], [73.81544318728606, 18.63760179820391, 0.0], [73.81505221868271, 18.637579823116646, 0.0], [73.81505119145265, 18.637579776033295, 0.0], [73.81352672897783, 18.637525691834856, 0.0], [73.81352647405454, 18.637525683444558, 0.0], [73.81273145060017, 18.637501556808445, 0.0], [73.81272739678603, 18.63749578017831, 0.0], [73.81272149148884, 18.637488928417383, 0.0], [73.81271491013317, 18.637482661434937, 0.0], [73.81270771610106, 18.63747703958538, 0.0], [73.81269997867497, 18.637472117010134, 0.0], [73.81269177237046, 18.637467941116217, 0.0], [73.8126831762187, 18.63746455211972, 0.0], [73.8126742730052, 18.63746198265847, 0.0], [73.81266514847269, 18.637460257477752, 0.0], [73.81265589049526, 18.637459393191957, 0.0], [73.81264658823217, 18.637459398124612, 0.0], [73.81263733126914, 18.637460272228196, 0.0], [73.81262820875565, 18.637462007084636, 0.0], [73.81261930854636, 18.637464585986322, 0.0], [73.81261071635504, 18.637467984097054, 0.0], [73.81260251492907, 18.637472168691215, 0.0], [73.81259478325258, 18.63747709946892, 0.0], [73.81258759578579, 18.637482728944146, 0.0], [73.81258102174787, 18.637489002902022, 0.0], [73.81257512445043, 18.637495860920993, 0.0], [73.81257447222357, 18.637496792576393, 0.0], [73.81224078559943, 18.63748666488292, 0.0], [73.8116242351978, 18.637464686817616, 0.0], [73.81162362554171, 18.637463180711713, 0.0], [73.81161944212155, 18.637455260278635, 0.0], [73.81161446447136, 18.637447768879543, 0.0], [73.81160874052867, 18.637440778660654, 0.0], [73.81160232541825, 18.637434356941533, 0.0], [73.81159528092111, 18.63742856556678, 0.0], [73.81158767487962, 18.637423460310426, 0.0], [73.81157958054408, 18.637419090338824, 0.0], [73.81157107586726, 18.637415497737123, 0.0], [73.81156224275381, 18.637412717103995, 0.0], [73.8115531662713, 18.6374107752184, 0.0], [73.81154393383109, 18.637409690781734, 0.0], [73.81153463434651, 18.637409474237682, 0.0], [73.81152535737654, 18.63741012767167, 0.0], [73.81151619226331, 18.637411644790788, 0.0], [73.81150722727176, 18.63741401098435, 0.0], [73.81149854873952, 18.637417203464643, 0.0], [73.81149024024548, 18.63742119148639, 0.0], [73.81148238180491, 18.637425936642792, 0.0], [73.8114750490988, 18.637431393235477, 0.0], [73.81146831274509, 18.63743750871452, 0.0], [73.81146223761853, 18.637444224184584, 0.0], [73.81145688222591, 18.637451474972092, 0.0], [73.81145266686244, 18.637458570591054, 0.0], [73.80973740450202, 18.637397414720272, 0.0], [73.80973657872097, 18.63739311765711, 0.0], [73.80973529620232, 18.637388855663584, 0.0], [73.80973358164367, 18.63738473403016, 0.0], [73.80973145155718, 18.637380792450404, 0.0], [73.80972892645677, 18.637377068883872, 0.0], [73.80972603066054, 18.637373599190543, 0.0], [73.80972279205663, 18.637370416785426, 0.0], [73.80971924183456, 18.63736755231681, 0.0], [73.80971541418488, 18.637365033371093, 0.0], [73.80971134596997, 18.63736288420706, 0.0], [73.80970707636892, 18.63736112552234, 0.0], [73.80970264650033, 18.637359774254005, 0.0], [73.80969809902619, 18.63735884341549, 0.0], [73.80969347774116, 18.637358341971286, 0.0], [73.8096888271507, 18.637358274750557, 0.0], [73.8096841920425, 18.637358642400685, 0.0], [73.80967961705515, 18.637359441380983, 0.0], [73.80965153560508, 18.637365717151685, 0.0], [73.80964859204242, 18.637366470952053, 0.0], [73.80962099179963, 18.63737445439222, 0.0], [73.80961810514835, 18.637375386996002, 0.0], [73.80959110025658, 18.63738504508917, 0.0], [73.80958828245453, 18.637386152639543, 0.0], [73.8095619845952, 18.637397445443753, 0.0], [73.80955924729595, 18.637398723360224, 0.0], [73.80953376522669, 18.637411604172804, 0.0], [73.80953111975039, 18.6374130471705, 0.0], [73.80950655885535, 18.6374274627214, 0.0], [73.80950401614268, 18.637429064832673, 0.0], [73.80948047799593, 18.637444955505053, 0.0], [73.80947804856275, 18.63744671010411, 0.0], [73.80945563050928, 18.637464010180217, 0.0], [73.80945511546582, 18.637464413387768, 0.0], [73.80937253944549, 18.6375299910346, 0.0], [73.80931208551348, 18.637573038108922, 0.0], [73.80931153614507, 18.63757286170821, 0.0], [73.80930247193776, 18.637570868392213, 0.0], [73.8092932464254, 18.637569731624993, 0.0], [73.8092839484546, 18.637569462354218, 0.0], [73.80927466756977, 18.637570063173115, 0.0], [73.80926549315075, 18.637571528295457, 0.0], [73.80925651355207, 18.63757384361133, 0.0], [73.80924781525206, 18.637576986823017, 0.0], [73.80923948201999, 18.63758092765969, 0.0], [73.80923159410935, 18.637585628168996, 0.0], [73.80922422748495, 18.637591043082512, 0.0], [73.80919283736367, 18.637616553111325, 0.0], [73.80918606296797, 18.63762263027928, 0.0], [73.80917994604417, 18.63762931117664, 0.0], [73.80917454550159, 18.637636531462785, 0.0], [73.80916991335047, 18.63764422160247, 0.0], [73.80916609420099, 18.637652307535514, 0.0], [73.80916312483376, 18.63766071139002, 0.0], [73.8091610338455, 18.637669352232315, 0.0], [73.80915984137368, 18.63767814684639, 0.0], [73.80915955890262, 18.637687010535352, 0.0], [73.80916018915282, 18.63769585793703, 0.0], [73.80916172605473, 18.637704603846107, 0.0], [73.80916415480729, 18.63771316403468, 0.0], [73.80916745202043, 18.637721456063435, 0.0], [73.80917158594029, 18.63772940007556, 0.0], [73.80917651675504, 18.637736919565835, 0.0], [73.80918219697834, 18.637743942117396, 0.0], [73.80918857190655, 18.637750400099172, 0.0], [73.80919558014563, 18.637756231317198, 0.0], [73.80920315420244, 18.63776137961359, 0.0], [73.8092112211346, 18.637765795407375, 0.0], [73.80921970325309, 18.637769436171993, 0.0], [73.80922851887038, 18.637772266844827, 0.0], [73.8092343519561, 18.637773549604017, 0.0], [73.80923739032094, 18.63779150634526, 0.0], [73.80924108209204, 18.637825373754445, 0.0], [73.80924711243357, 18.6378823581533, 0.0], [73.80924741180235, 18.637884616018063, 0.0], [73.80925645523817, 18.637941305699332, 0.0], [73.8092568734929, 18.63794354632913, 0.0], [73.80926889994012, 18.63799972998062, 0.0], [73.8092689557528, 18.637999986908806, 0.0], [73.80930824808985, 18.638178256763617, 0.0], [73.80933452336578, 18.63832564253522, 0.0], [73.80925603260697, 18.638360881066262, 0.0], [73.8092535978445, 18.638362056967424, 0.0], [73.80923883340189, 18.63836970470003, 0.0], [73.80904837141725, 18.63833752872766, 0.0], [73.80894508741392, 18.63830487136411, 0.0], [73.80893469449725, 18.638301998779635, 0.0], [73.8089241025159, 18.638299887967015, 0.0], [73.80874746045836, 18.638271325587016, 0.0], [73.80859541244929, 18.63819931528223, 0.0], [73.8084862821437, 18.638065309198904, 0.0], [73.80848456849168, 18.638063246570898, 0.0], [73.80819597202749, 18.63772272184008, 0.0], [73.80819566850259, 18.63772236493902, 0.0], [73.80806415287108, 18.63756825618928, 0.0], [73.80794550530258, 18.63742511353076, 0.0], [73.80777617490412, 18.63722111453371, 0.0], [73.80777470120951, 18.637219368959798, 0.0], [73.80763329914127, 18.637054685254746, 0.0], [73.80755555569144, 18.63695116431639, 0.0], [73.80754422087031, 18.636937922263463, 0.0], [73.80744994950594, 18.636840971343265, 0.0], [73.80744008853009, 18.63683176908556, 0.0], [73.80742933824719, 18.63682352142393, 0.0], [73.80741779991544, 18.63681630604395, 0.0], [73.80731254435928, 18.63675724264276, 0.0], [73.80731139762389, 18.636756606010092, 0.0], [73.8071539492726, 18.63667013080491, 0.0], [73.80686991533312, 18.63650696042118, 0.0], [73.8068546557131, 18.636499354668718, 0.0], [73.80681648418172, 18.636483053631846, 0.0], [73.80681523394225, 18.63648252658526, 0.0], [73.80678049520719, 18.636468072168935, 0.0], [73.8067673660339, 18.636463330266576, 0.0], [73.80675381029391, 18.63645984586008, 0.0], [73.80673996016127, 18.63645765292381, 0.0], [73.80672595068039, 18.636456772839782, 0.0], [73.80671191844947, 18.636457214189154, 0.0], [73.80669800028843, 18.63645897266856, 0.0], [73.80668433190505, 18.636462031132115, 0.0], [73.80667104657162, 18.636466359758515, 0.0], [73.8066582738256, 18.636471916341865, 0.0], [73.80664613820652, 18.636478646703214, 0.0], [73.80663475804174, 18.636486485218747, 0.0], [73.8066242442926, 18.63649535545969, 0.0], [73.80661469947266, 18.636505170937564, 0.0], [73.806606216648, 18.636515835947364, 0.0], [73.80659887852988, 18.63652724650081, 0.0], [73.80659275666825, 18.63653929134024, 0.0], [73.8065879107541, 18.63655185302342, 0.0], [73.80658438803736, 18.636564809068652, 0.0], [73.80658222286637, 18.636578033149007, 0.0], [73.80658143635273, 18.636591396324064, 0.0], [73.80658125794858, 18.63661694338354, 0.0], [73.80658191467698, 18.636630889303355, 0.0], [73.80658407260822, 18.63664469686481, 0.0], [73.80658770885262, 18.63665821960586, 0.0], [73.80659278483951, 18.636671314085596, 0.0], [73.80659924672626, 18.636683841405812, 0.0], [73.80660702596944, 18.63669566868436, 0.0], [73.80661604005184, 18.63670667046467, 0.0], [73.80662619335781, 18.636716730046526, 0.0], [73.80663737818739, 18.636725740723968, 0.0], [73.80664947589884, 18.636733606917147, 0.0], [73.80670285901209, 18.63676460346085, 0.0], [73.80670481742231, 18.636765720157207, 0.0], [73.80698567207519, 18.63692296129322, 0.0], [73.8072062452865, 18.637052783161337, 0.0], [73.80720969372177, 18.637054749181814, 0.0], [73.8072370564312, 18.63706985294101, 0.0], [73.8073005214317, 18.637130343204607, 0.0], [73.80739366390806, 18.63725586911005, 0.0], [73.807405036857, 18.63726929405768, 0.0], [73.80764614986386, 18.637519488327925, 0.0], [73.80807263060133, 18.63807109000812, 0.0], [73.8080794604571, 18.638079246390518, 0.0], [73.80820506872331, 18.63821794345527, 0.0], [73.80834891580893, 18.638391708932414, 0.0], [73.8083579963324, 18.63840164411172, 0.0], [73.80836804595057, 18.638410691785467, 0.0], [73.80855953349193, 18.638567019127024, 0.0], [73.80857072534471, 18.638575272319475, 0.0], [73.80858272227532, 18.6385824242302, 0.0], [73.80859540547543, 18.638588404032127, 0.0], [73.80860864934036, 18.638593152505834, 0.0], [73.80879824421497, 18.638651041069895, 0.0], [73.80879870612044, 18.63865126261919, 0.0], [73.80868163971353, 18.638734438206132, 0.0], [73.8084464633059, 18.638881548925248, 0.0], [73.80820136954243, 18.63901581335907, 0.0], [73.80808148275328, 18.639081330578932, 0.0], [73.80807917607777, 18.63908267592442, 0.0], [73.8079633834169, 18.63915461717919, 0.0], [73.80796097084215, 18.639156219895916, 0.0], [73.80794976131232, 18.639164170198818, 0.0], [73.8079487188752, 18.639164962638567, 0.0], [73.80787885708975, 18.639072432756347, 0.0], [73.80787305902929, 18.639065498244282, 0.0], [73.80786657587883, 18.639059138884, 0.0], [73.80785947007467, 18.63905341591954, 0.0], [73.8078518100496, 18.639048384466115, 0.0], [73.80784366957374, 18.639044092979304, 0.0], [73.80783512704431, 18.63904058278841, 0.0], [73.80782626473042, 18.639037887698446, 0.0], [73.8078171679809, 18.639036033664546, 0.0], [73.8078079244023, 18.639035038542044, 0.0], [73.80779862301517, 18.63903491191448, 0.0], [73.80778935339686, 18.639035655001347, 0.0], [73.80778020481866, 18.63903726064631, 0.0], [73.8077712653863, 18.63903971338615, 0.0], [73.80776262119123, 18.63904298959967, 0.0], [73.80775435548169, 18.63904705773518, 0.0], [73.8077465478609, 18.639051878614364, 0.0], [73.80773927352043, 18.63905740580957, 0.0], [73.80773260251614, 18.639063586090955, 0.0], [73.80772659909341, 18.639070359939094, 0.0], [73.80772132106851, 18.639077662118204, 0.0], [73.80771681927176, 18.639085422304355, 0.0], [73.80771313705797, 18.639093565762792, 0.0], [73.80771030988896, 18.639102014067593, 0.0], [73.80770836499205, 18.639110685857027, 0.0], [73.80770732109778, 18.639119497617042, 0.0], [73.80770718825954, 18.639128364485597, 0.0], [73.8077079677568, 18.639137201069918, 0.0], [73.80770965208268, 18.639145922268863, 0.0], [73.80771222501637, 18.639154444092494, 0.0], [73.80771566177923, 18.639162684470968, 0.0], [73.80771992927345, 18.639170564044896, 0.0], [73.80772498640083, 18.63917800692962, 0.0], [73.80783672452137, 18.639326000915638, 0.0], [73.80784252258847, 18.63933293542904, 0.0], [73.80784900574774, 18.639339294790506, 0.0], [73.80785268414056, 18.639342257338072, 0.0], [73.8078523308215, 18.639347905520193, 0.0], [73.8078522481037, 18.63935093310588, 0.0], [73.8078523526578, 18.639364251703995, 0.0], [73.80785248289823, 18.639367277770777, 0.0], [73.80785352322073, 18.63938055976903, 0.0], [73.80785384599228, 18.639383436568092, 0.0], [73.80786086114497, 18.639431385880886, 0.0], [73.80786134801055, 18.639434104342445, 0.0], [73.80787141884986, 18.639481556333298, 0.0], [73.80787207879003, 18.6394842414148, 0.0], [73.80788516779788, 18.63953101929238, 0.0], [73.80788599835407, 18.639533660990068, 0.0], [73.80790205676743, 18.63957959047404, 0.0], [73.80790209542552, 18.639579700570202, 0.0], [73.80793985200519, 18.639686772001976, 0.0], [73.80797092189694, 18.639794469265304, 0.0], [73.80799590973447, 18.639904888238714, 0.0], [73.80799594138023, 18.639905027019836, 0.0], [73.80804096507309, 18.640100991948795, 0.0], [73.80804168485898, 18.64010371648769, 0.0], [73.80809939880845, 18.64029663479578, 0.0], [73.80810029484839, 18.640299311418367, 0.0], [73.80817047591545, 18.64048843708043, 0.0], [73.80817109186475, 18.64049000403573, 0.0], [73.80821148112238, 18.640587234033177, 0.0], [73.80813418793919, 18.640611877499857, 0.0], [73.80812578720248, 18.64061498648653, 0.0], [73.80811773412698, 18.640618841882915, 0.0], [73.80811010149469, 18.640623408844768, 0.0], [73.80810295828772, 18.64062864609686, 0.0], [73.80809636906488, 18.64063450630604, 0.0], [73.80809039337825, 18.64064093650898, 0.0], [73.80808508523482, 18.640647878590865, 0.0], [73.80808049260858, 18.640655269810633, 0.0], [73.80807665700682, 18.640663043368, 0.0], [73.80807361309498, 18.640671129007167, 0.0], [73.80807138838342, 18.64067945365183, 0.0], [73.80806987676112, 18.640686493589378, 0.0], [73.80806958978626, 18.64068707367714, 0.0], [73.80806931703461, 18.640687802924397, 0.0], [73.80806898324148, 18.64068850872626, 0.0], [73.80806775553884, 18.640691977845123, 0.0], [73.80806646571018, 18.64069542641814, 0.0], [73.80806626925416, 18.640696177639054, 0.0], [73.80806600963986, 18.640696911231014, 0.0], [73.8080651445487, 18.640700478358312, 0.0], [73.80806421551809, 18.64070403084362, 0.0], [73.80806409724967, 18.640704796803526, 0.0], [73.80806404299383, 18.640705020522674, 0.0], [73.80806370150229, 18.640705476615295, 0.0], [73.8080617874251, 18.640708650753812, 0.0], [73.80805981662029, 18.640711793187393, 0.0], [73.80805947019945, 18.64071249343836, 0.0], [73.8080590654417, 18.640713164653224, 0.0], [73.80805748695072, 18.640716502353555, 0.0], [73.80805584874533, 18.64071981380208, 0.0], [73.8080555759934, 18.64072054304975, 0.0], [73.80805524219993, 18.640721248852003, 0.0], [73.8080540144969, 18.640724717970304, 0.0], [73.8080527246678, 18.640728166542726, 0.0], [73.80805252821155, 18.640728917764072, 0.0], [73.80805226859697, 18.640729651356438, 0.0], [73.80805140350544, 18.64073321848318, 0.0], [73.8080504744744, 18.640736770967923, 0.0], [73.8080503562058, 18.64073753692827, 0.0], [73.80805017327039, 18.64073829124587, 0.0], [73.80804967912167, 18.64074192202771, 0.0], [73.80804911983584, 18.640745544212393, 0.0], [73.80804908089391, 18.64074631753513, 0.0], [73.8080489763994, 18.640747085313464, 0.0], [73.80804885795249, 18.640750744784015, 0.0], [73.80804867379815, 18.640754401785017, 0.0], [73.80804871455793, 18.64075517502262, 0.0], [73.8080486895107, 18.64075594886757, 0.0], [73.80804876054401, 18.64075695305929, 0.0], [73.80804870481177, 18.640757688995457, 0.0], [73.808048716664, 18.640758121646186, 0.0], [73.80804868830832, 18.640758553599493, 0.0], [73.80804879187953, 18.64076131970361, 0.0], [73.80804872940179, 18.64076195111553, 0.0], [73.80804872987828, 18.64076206117181, 0.0], [73.80779048397834, 18.640834196338957, 0.0], [73.80771610744658, 18.640853374016896, 0.0], [73.80765859671968, 18.64086820288621, 0.0], [73.80765859643708, 18.640868202966896, 0.0], [73.8076269967261, 18.6408763507987, 0.0], [73.80761921169223, 18.64087870561299, 0.0], [73.8075685691936, 18.640896347052294, 0.0], [73.80756439381932, 18.640897909261586, 0.0], [73.8075643938157, 18.64089790926304, 0.0], [73.80756439381568, 18.640897909263042, 0.0], [73.80756437585428, 18.64089791645529, 0.0], [73.80728784503782, 18.641008646874496, 0.0], [73.80713609577369, 18.641069080638154, 0.0], [73.80712926245545, 18.641072147375972, 0.0], [73.8070111251972, 18.641119452420007, 0.0]], [[73.811073525981, 18.645612675986797, 0.0], [73.8110141792018, 18.645337840190503, 0.0], [73.8111143955327, 18.645090428612995, 0.0], [73.8111313289886, 18.6449679044919, 0.0], [73.8112748759427, 18.644862239893197, 0.0], [73.8112984199841, 18.644890126779302, 0.0], [73.8114234951282, 18.644852960374198, 0.0], [73.8114988548356, 18.6448074501374, 0.0], [73.8115869015136, 18.644809466693403, 0.0], [73.8117473228463, 18.6447409988687, 0.0], [73.8118827378989, 18.644648421459905, 0.0], [73.81188622873331, 18.644633872714785, 0.0], [73.81189102907021, 18.644635020112442, 0.0], [73.81190505683792, 18.644636985395817, 0.0], [73.81191922018841, 18.644637609188734, 0.0], [73.81193337829663, 18.644636885288843, 0.0], [73.81194739038969, 18.644634820893806, 0.0], [73.81196111714648, 18.644631436529718, 0.0], [73.81197442208298, 18.64462676584702, 0.0], [73.81198717290937, 18.644620855285893, 0.0], [73.81199924284525, 18.64461376361455, 0.0], [73.8120105118804, 18.64460556134486, 0.0], [73.81202566163019, 18.644593348028753, 0.0], [73.812027916833, 18.644593499564074, 0.0], [73.81208604198255, 18.644607026130448, 0.0], [73.81215209297109, 18.644626645843612, 0.0], [73.81216100349361, 18.644628640692332, 0.0], [73.812136604945, 18.6446589220854, 0.0], [73.8120652254992, 18.6447927814986, 0.0], [73.8120311280782, 18.6448509618627, 0.0], [73.81201506252322, 18.6449588926313, 0.0], [73.8120601118351, 18.645087648211096, 0.0], [73.8121578185351, 18.6451320625494, 0.0], [73.8122801093343, 18.645164953018995, 0.0], [73.8124144283021, 18.645230037074192, 0.0], [73.8124260504452, 18.6453206240906, 0.0], [73.8125050757714, 18.6454087170956, 0.0], [73.8126451960074, 18.645520554376997, 0.0], [73.8127303066789, 18.6456145253648, 0.0], [73.8127847482113, 18.645714142176796, 0.0], [73.8128358834272, 18.645848775598896, 0.0], [73.8128568567562, 18.6459160633071, 0.0], [73.8129173836068, 18.6460215580799, 0.0], [73.81292818655251, 18.646014586006668, 0.0], [73.81293190928004, 18.64601975158377, 0.0], [73.81294075055604, 18.646029785046736, 0.0], [73.81295056686798, 18.64603895782841, 0.0], [73.81295939501399, 18.646045745332884, 0.0], [73.81295734989746, 18.646046353964625, 0.0], [73.81294160518101, 18.646049978911037, 0.0], [73.81292564498088, 18.646052611831482, 0.0], [73.81290953800634, 18.646054241391198, 0.0], [73.81289335359857, 18.646054860574832, 0.0], [73.81287716143203, 18.64605446671677, 0.0], [73.81286103121455, 18.64605306151265, 0.0], [73.81284503238723, 18.646050651011954, 0.0], [73.81282924364103, 18.64604724770768, 0.0], [73.8128236418827, 18.64604566333355, 0.0], [73.81281817232454, 18.646043731097862, 0.0], [73.81281284948709, 18.646041456809183, 0.0], [73.81280769688047, 18.646038850512646, 0.0], [73.81280273726381, 18.646035923720447, 0.0], [73.81279799254371, 18.646032689360027, 0.0], [73.81279348367694, 18.646029161717287, 0.0], [73.81278923057921, 18.646025356373748, 0.0], [73.812785252036, 18.6460212901373, 0.0], [73.81278156562037, 18.64601698096834, 0.0], [73.81277818761521, 18.64601244790049, 0.0], [73.81277513294096, 18.64600771095607, 0.0], [73.81277236596505, 18.64600270213128, 0.0], [73.81276367960925, 18.645984292379673, 0.0], [73.81275608151954, 18.645965342740723, 0.0], [73.8127492269528, 18.64594476746918, 0.0], [73.81274917745965, 18.645944619785013, 0.0], [73.81273887584422, 18.64591406142984, 0.0], [73.81273784826222, 18.645911319832738, 0.0], [73.81272550345695, 18.645881457353216, 0.0], [73.81272429278125, 18.645878784533146, 0.0], [73.81270995604376, 18.645849741919747, 0.0], [73.81270856730102, 18.645847148973843, 0.0], [73.81269229815904, 18.645819046813102, 0.0], [73.81269073711583, 18.645816544508104, 0.0], [73.8126726031209, 18.64578949948139, 0.0], [73.81267087625857, 18.645787098206462, 0.0], [73.8126509527048, 18.645761222606083, 0.0], [73.81264906719345, 18.645758932331542, 0.0], [73.81262743680519, 18.645734333594177, 0.0], [73.81262534292054, 18.645732106445784, 0.0], [73.81261300939248, 18.645719830859285, 0.0], [73.81261070402915, 18.645717687119653, 0.0], [73.81259752446101, 18.64570623827397, 0.0], [73.81259507169989, 18.645704248719394, 0.0], [73.81258110694198, 18.6456936794738, 0.0], [73.81257851810751, 18.64569185329004, 0.0], [73.81256383263535, 18.645682212442694, 0.0], [73.81256111967971, 18.64568055806091, 0.0], [73.81254578129615, 18.64567189012368, 0.0], [73.81254295674589, 18.645670415182618, 0.0], [73.81252703626816, 18.64566276017504, 0.0], [73.81252411316328, 18.645661471484015, 0.0], [73.81250768409637, 18.64565486474949, 0.0], [73.81250467593382, 18.6456537682588, 0.0], [73.81248781413078, 18.64564824030035, 0.0], [73.81248473479833, 18.645647341072156, 0.0], [73.81246751810976, 18.64564291741239, 0.0], [73.81246438182534, 18.64564221959861, 0.0], [73.8124468897408, 18.645638920661497, 0.0], [73.81244371098445, 18.645638427483863, 0.0], [73.81242602426467, 18.645636268500475, 0.0], [73.8124234703269, 18.64563602354187, 0.0], [73.81218463160653, 18.645619328024903, 0.0], [73.8121827213197, 18.64561923138727, 0.0], [73.811952957237, 18.64561203644799, 0.0], [73.81195147060502, 18.64561138275795, 0.0], [73.81194300911974, 18.645606983643287, 0.0], [73.81193487615161, 18.645602053538493, 0.0], [73.81192992032051, 18.645598583554698, 0.0], [73.8120824526867, 18.645605082436283, 0.0], [73.81209193980294, 18.645605033637384, 0.0], [73.81210137428856, 18.645604081116513, 0.0], [73.81211066164343, 18.645602234414532, 0.0], [73.8121197088412, 18.64559951202885, 0.0], [73.81212842526102, 18.645595941228105, 0.0], [73.81213672359526, 18.64559155777906, 0.0], [73.81214452072409, 18.645586405588322, 0.0], [73.81215173854797, 18.64558053626256, 0.0], [73.81215830476998, 18.645574008591602, 0.0], [73.81216415361992, 18.64556688795953, 0.0], [73.81216922651319, 18.645559245689814, 0.0], [73.81217347263751, 18.645551158330843, 0.0], [73.81217684946189, 18.64554270688923, 0.0], [73.81217932316271, 18.645533976018385, 0.0], [73.8121808689624, 18.64552505317059, 0.0], [73.8121814713777, 18.645516027721058, 0.0], [73.81218297817445, 18.64540946480881, 0.0], [73.8121826662517, 18.64540082218623, 0.0], [73.81218148908555, 18.64539224756341, 0.0], [73.81217945745726, 18.645383819471334, 0.0], [73.81217658997369, 18.64537561509893, 0.0], [73.81217291289688, 18.645367709586196, 0.0], [73.8121684599036, 18.645360175336005, 0.0], [73.81216327177677, 18.645353081350986, 0.0], [73.81215739603209, 18.64534649260159, 0.0], [73.81215088648281, 18.645340469431037, 0.0], [73.81214380274683, 18.645335067002677, 0.0], [73.8121362097008, 18.64533033479478, 0.0], [73.8121281768858, 18.64532631614736, 0.0], [73.81211977787062, 18.645323047865297, 0.0], [73.81211108957783, 18.645320559881203, 0.0], [73.8121021915793, 18.645318874981328, 0.0], [73.81209316536759, 18.645318008596856, 0.0], [73.81129247246513, 18.64527790940663, 0.0], [73.8112831230745, 18.645277881275057, 0.0], [73.81127381625022, 18.645278731217264, 0.0], [73.8112646425251, 18.645280450965384, 0.0], [73.81125569113723, 18.645283023790434, 0.0], [73.81124704916186, 18.645286424665052, 0.0], [73.81123880066447, 18.64529062050699, 0.0], [73.81123102588296, 18.64529557050088, 0.0], [73.81122380044711, 18.645301226495278, 0.0], [73.81121719464294, 18.645307533471065, 0.0], [73.811211272729, 18.645314430076663, 0.0], [73.81120609231122, 18.6453218492248, 0.0], [73.81120170378264, 18.64532971874513, 0.0], [73.81119814983312, 18.645337962086273, 0.0], [73.8111954650341, 18.64534649906046, 0.0], [73.81119367550231, 18.645355246623563, 0.0], [73.8111927986457, 18.64536411968295, 0.0], [73.81118760639731, 18.645475044240616, 0.0], [73.81118690574151, 18.64547567933214, 0.0], [73.81118460390975, 18.645477915663903, 0.0], [73.81118051002748, 18.645482179189347, 0.0], [73.81117837631162, 18.64548456220638, 0.0], [73.81117460223084, 18.645489085928627, 0.0], [73.81117264689007, 18.645491604173152, 0.0], [73.81116921075838, 18.645496366340222, 0.0], [73.81116744319613, 18.645499007701744, 0.0], [73.81116436153602, 18.645503985414738, 0.0], [73.81116279025044, 18.645506737193948, 0.0], [73.81116007787996, 18.645511906518, 0.0], [73.81115871042712, 18.64551475548213, 0.0], [73.81115638038857, 18.645520091560737, 0.0], [73.8111552233435, 18.645523024011435, 0.0], [73.81115328684088, 18.645528501186313, 0.0], [73.81115234576757, 18.645531503021925, 0.0], [73.8111508121124, 18.645537094956282, 0.0], [73.81115009153544, 18.64554015174465, 0.0], [73.81114896810247, 18.645545831550088, 0.0], [73.8111484714874, 18.64554892858984, 0.0], [73.81114776367845, 18.645554668955175, 0.0], [73.8111475213051, 18.645557291867053, 0.0], [73.81114497931772, 18.64559851313129, 0.0], [73.81114490077248, 18.64560064486131, 0.0], [73.81114440375303, 18.64564183736949, 0.0], [73.81114344717828, 18.645699532254284, 0.0], [73.81113920278214, 18.645755925251784, 0.0], [73.81113166448388, 18.645812004689862, 0.0], [73.81112107279131, 18.6458664796611, 0.0], [73.81111209881513, 18.645895224763493, 0.0], [73.81111140426955, 18.645897705225362, 0.0], [73.8111111362065, 18.64589878479167, 0.0], [73.8111153086254, 18.6457706089915, 0.0], [73.811073525981, 18.645612675986797, 0.0]], [[73.80869445977781, 18.641362772177576, 0.0], [73.80840014323276, 18.640673567852506, 0.0], [73.80834381348245, 18.640538222481457, 0.0], [73.80840129263073, 18.640531268431772, 0.0], [73.80840385526426, 18.640530890226472, 0.0], [73.8084271069903, 18.64052683485462, 0.0], [73.80844893104648, 18.64059222516565, 0.0], [73.80845073259678, 18.64059713014127, 0.0], [73.80848103709613, 18.64067260595672, 0.0], [73.80848313146815, 18.64067740409162, 0.0], [73.80851793752134, 18.64075109432857, 0.0], [73.80852034250529, 18.64075581491498, 0.0], [73.80853850054761, 18.640788970116414, 0.0], [73.80853861208779, 18.640790936705972, 0.0], [73.80854002235927, 18.64079970196906, 0.0], [73.80854232709646, 18.640808293253407, 0.0], [73.8085455041037, 18.64081662782048, 0.0], [73.80854952278487, 18.640824625404022, 0.0], [73.8085562871754, 18.64083654769754, 0.0], [73.80855790273168, 18.64083908867233, 0.0], [73.80855884838805, 18.640840970625405, 0.0], [73.80856561277537, 18.64085289291863, 0.0], [73.80856707713, 18.640855196080768, 0.0], [73.80856823350791, 18.640857497391938, 0.0], [73.80857499789643, 18.640869419684957, 0.0], [73.80857981956414, 18.64087700328515, 0.0], [73.80858539777327, 18.64088409984426, 0.0], [73.80859167880251, 18.640890641018277, 0.0], [73.80859860216201, 18.640896563811893, 0.0], [73.80860610117581, 18.64090181118515, 0.0], [73.80860867712967, 18.640903266610195, 0.0], [73.80861218891387, 18.64090882235629, 0.0], [73.80863542249304, 18.640951636443145, 0.0], [73.80864026718493, 18.6409621903302, 0.0], [73.80864027429445, 18.640962543059164, 0.0], [73.80864021184968, 18.640963925035237, 0.0], [73.80864005932675, 18.640965300629823, 0.0], [73.80863981731682, 18.640966664511723, 0.0], [73.80863948675726, 18.640968011398297, 0.0], [73.8086390672693, 18.6409693413318, 0.0], [73.80863743661465, 18.64097381838011, 0.0], [73.8086366120631, 18.64097635847635, 0.0], [73.80863491367201, 18.64098230043103, 0.0], [73.80863427253333, 18.640984888167356, 0.0], [73.8086330026581, 18.640990926601134, 0.0], [73.80863254791032, 18.640993549957727, 0.0], [73.80863171244957, 18.640999656821652, 0.0], [73.80863144620503, 18.64100230361304, 0.0], [73.80863104903919, 18.641008450545364, 0.0], [73.80863097253471, 18.641011108477446, 0.0], [73.80863101550908, 18.641017266916904, 0.0], [73.80863112909991, 18.64101992364338, 0.0], [73.80863161201448, 18.641026064990317, 0.0], [73.80863191517301, 18.64102870817099, 0.0], [73.80863283578564, 18.641034803903032, 0.0], [73.80863332710393, 18.641037421260386, 0.0], [73.80863468113706, 18.641043443053604, 0.0], [73.80863535833282, 18.641046022430157, 0.0], [73.80863713949859, 18.64105194232117, 0.0], [73.80863799942634, 18.641054471735607, 0.0], [73.80864019944936, 18.641060262220275, 0.0], [73.80864123811472, 18.6410627299237, 0.0], [73.80864384677828, 18.641068364111607, 0.0], [73.80864505935679, 18.641070758641597, 0.0], [73.80864806454407, 18.641076210361412, 0.0], [73.80864944540345, 18.64107852059536, 0.0], [73.80865283315046, 18.641083764515905, 0.0], [73.80865437587643, 18.641085979722902, 0.0], [73.80865813045432, 18.641090991497446, 0.0], [73.80865982788124, 18.64109310138799, 0.0], [73.80866393184698, 18.64109785773169, 0.0], [73.80866577609022, 18.64109985250517, 0.0], [73.80867021037781, 18.641104331321916, 0.0], [73.80867219287094, 18.64110620171291, 0.0], [73.80867693688603, 18.64111038220214, 0.0], [73.80867904842034, 18.641112119522635, 0.0], [73.80868408013325, 18.641115982270474, 0.0], [73.80868631090097, 18.641117578450558, 0.0], [73.8086928464271, 18.641122251512403, 0.0], [73.80869321201955, 18.641122551694544, 0.0], [73.8086902306256, 18.641135954396454, 0.0], [73.80868927334292, 18.641140944139842, 0.0], [73.80868325252004, 18.641178209641875, 0.0], [73.80868259045815, 18.641183242729465, 0.0], [73.80867877269115, 18.641220771575536, 0.0], [73.80867835181286, 18.641227559087856, 0.0], [73.80867803244828, 18.641241776456457, 0.0], [73.80867811919423, 18.64124803264044, 0.0], [73.80867883264403, 18.64126223699546, 0.0], [73.80867937332276, 18.64126847245924, 0.0], [73.80868111616668, 18.641282595702165, 0.0], [73.80868210818639, 18.64128878055378, 0.0], [73.80868487206936, 18.641302754974717, 0.0], [73.80868631067422, 18.641308859561793, 0.0], [73.808690082346, 18.64132261816471, 0.0], [73.80869196063921, 18.641328613220686, 0.0], [73.80869672201793, 18.641342090043665, 0.0], [73.80869903099457, 18.641347946826706, 0.0], [73.80870475925357, 18.641361077259315, 0.0], [73.80870748784417, 18.641366767690993, 0.0], [73.80871415552116, 18.641379488782878, 0.0], [73.80871729064427, 18.641384985581894, 0.0], [73.80872486577336, 18.641397236345608, 0.0], [73.80872806808209, 18.641402060133693, 0.0], [73.8087392028561, 18.641417715707014, 0.0], [73.8087476975676, 18.64143150237827, 0.0], [73.80875523895484, 18.64144578399421, 0.0], [73.80876179542832, 18.64146050073211, 0.0], [73.80876733952414, 18.641475590946825, 0.0], [73.80877184801889, 18.641490991428444, 0.0], [73.80877530202733, 18.641506637668215, 0.0], [73.80877768708106, 18.641522464127082, 0.0], [73.80877899318918, 18.64153840451111, 0.0], [73.8087792148804, 18.641554392050107, 0.0], [73.80877893973737, 18.641559479048645, 0.0], [73.80871195426835, 18.641403758673345, 0.0], [73.80871146123778, 18.64140235211619, 0.0], [73.80871011749794, 18.641399488749556, 0.0], [73.80869529062119, 18.641365020833515, 0.0], [73.80869445977781, 18.641362772177576, 0.0]], [[73.80724547205777, 18.64122414745667, 0.0], [73.80724366298514, 18.64123015148405, 0.0], [73.80724112972622, 18.641239804868157, 0.0], [73.80723976012115, 18.64124591369551, 0.0], [73.80723793254926, 18.641255710854622, 0.0], [73.80723700895734, 18.641261895286846, 0.0], [73.8072358958065, 18.64127178940049, 0.0], [73.80723542264137, 18.641278019884794, 0.0], [73.80723502923169, 18.641287963669292, 0.0], [73.80723501877279, 18.641291154329394, 0.0], [73.80719693812735, 18.641305130007172, 0.0], [73.80718482793597, 18.641260459721828, 0.0], [73.80718671032581, 18.641256686117806, 0.0], [73.80719734257409, 18.641245165639123, 0.0], [73.80721401356595, 18.64123423283441, 0.0], [73.80724646379561, 18.64122123894913, 0.0], [73.80724547205777, 18.64122414745667, 0.0]], [[73.80949096730494, 18.638655186772894, 0.0], [73.80949387324068, 18.638642253576435, 0.0], [73.80949544303897, 18.63862911195903, 0.0], [73.80949566175238, 18.638615887056222, 0.0], [73.80949452729861, 18.63860270479656, 0.0], [73.80949205048034, 18.638589690702517, 0.0], [73.80946852491998, 18.6384931638659, 0.0], [73.8094647831017, 18.638480593843752, 0.0], [73.80945978903115, 18.6384684256858, 0.0], [73.80945358911747, 18.63845677246817, 0.0], [73.80944624097535, 18.638445742481746, 0.0], [73.80943781288974, 18.63843543822582, 0.0], [73.80943344220705, 18.63843104294914, 0.0], [73.80958588785495, 18.63836260207577, 0.0], [73.80958605786013, 18.63836252535811, 0.0], [73.80963557571293, 18.63834006483336, 0.0], [73.80963785338315, 18.63833895895211, 0.0], [73.80968602899495, 18.638313986195854, 0.0], [73.80968824081107, 18.63831276486539, 0.0], [73.80973493405816, 18.63828535251349, 0.0], [73.80973707358686, 18.63828401928622, 0.0], [73.80978202862742, 18.638254326350623, 0.0], [73.8097987934709, 18.63824339825622, 0.0], [73.80981505376796, 18.638234243076944, 0.0], [73.80983191427727, 18.63822613434279, 0.0], [73.8098493009985, 18.63821910764273, 0.0], [73.80986713762114, 18.638213193816963, 0.0], [73.80988534586096, 18.638208418821137, 0.0], [73.8099038458017, 18.638204803612627, 0.0], [73.80992255624754, 18.638202364058753, 0.0], [73.80994139507885, 18.63820111086654, 0.0], [73.80996038565745, 18.638201049191913, 0.0], [73.81007244979492, 18.6382072934446, 0.0], [73.81018405995351, 18.63821965928142, 0.0], [73.81029474368037, 18.638238100187113, 0.0], [73.81040403781765, 18.63826253332474, 0.0], [73.81042808795088, 18.63826942440341, 0.0], [73.81045151362186, 18.6382777771797, 0.0], [73.81047431096513, 18.63828758341362, 0.0], [73.8104963808721, 18.638298800473994, 0.0], [73.8105176273967, 18.638311379596086, 0.0], [73.81053795817212, 18.638325266093904, 0.0], [73.81055728481299, 18.638340399597936, 0.0], [73.8105755232989, 18.63835671431704, 0.0], [73.81059341834974, 18.638374980420547, 0.0], [73.81074145131943, 18.63853070903999, 0.0], [73.81071067076157, 18.638534063512157, 0.0], [73.81063008862732, 18.638537975094824, 0.0], [73.81054493153627, 18.638536994893226, 0.0], [73.81053098761794, 18.638537487117638, 0.0], [73.81051716145377, 18.63853927986972, 0.0], [73.810503586197, 18.63854235588432, 0.0], [73.81049039258447, 18.63854668553777, 0.0], [73.81047770767762, 18.638552227133236, 0.0], [73.81046565363881, 18.638558927302213, 0.0], [73.81045434655486, 18.638566721518547, 0.0], [73.81044389531904, 18.638575534719802, 0.0], [73.81043440058241, 18.638585282030178, 0.0], [73.81042595378449, 18.63859586957789, 0.0], [73.81041863627262, 18.63860719539923, 0.0], [73.81041482546146, 18.638614642303637, 0.0], [73.8104143344131, 18.638614544202998, 0.0], [73.8103969502861, 18.638612182213297, 0.0], [73.8102991111699, 18.638599311417195, 0.0], [73.8102021832982, 18.6385812299136, 0.0], [73.8101912343117, 18.638579253298598, 0.0], [73.810180169367, 18.638577993490895, 0.0], [73.8101690400371, 18.6385774563559, 0.0], [73.810157898199, 18.63857764439719, 0.0], [73.8101467957882, 18.638578556738302, 0.0], [73.8101357845564, 18.6385801891267, 0.0], [73.8101249158301, 18.638582533953095, 0.0], [73.8101142402718, 18.638585580287593, 0.0], [73.8101038076435, 18.638589313930495, 0.0], [73.8100936665749, 18.638593717477892, 0.0], [73.8100838643364, 18.6385987704038, 0.0], [73.810064907443, 18.6386101001666, 0.0], [73.8100467010215, 18.6386224980948, 0.0], [73.8100293112189, 18.638635919155902, 0.0], [73.8100128012139, 18.638650314590304, 0.0], [73.8099972309887, 18.6386656320983, 0.0], [73.8099826571111, 18.638681816030296, 0.0], [73.8099691325296, 18.638698807589005, 0.0], [73.8099419467569, 18.63873767044189, 0.0], [73.8099173239519, 18.638778055941195, 0.0], [73.8098930634179, 18.638824572263196, 0.0], [73.8098722024186, 18.6388725635558, 0.0], [73.8098659851698, 18.638886938159196, 0.0], [73.809858801245, 18.6389008972908, 0.0], [73.8098506810055, 18.6389143819256, 0.0], [73.809841658773, 18.6389273350678, 0.0], [73.8098317726817, 18.6389397019681, 0.0], [73.809821064517, 18.638951430355398, 0.0], [73.8098095795393, 18.6389624706569, 0.0], [73.8097973662921, 18.638972776208494, 0.0], [73.8097933027253, 18.638975771579897, 0.0], [73.8097890360444, 18.638978498198796, 0.0], [73.8097845857685, 18.638980943621895, 0.0], [73.8097799722582, 18.638983096660695, 0.0], [73.8097752166212, 18.638984947464902, 0.0], [73.8097703406151, 18.638986487566797, 0.0], [73.8097653665485, 18.638987709919995, 0.0], [73.8097603171786, 18.638988608932298, 0.0], [73.8097552156069, 18.638989180490398, 0.0], [73.8097500851741, 18.6389894219793, 0.0], [73.8097449493525, 18.638989332294305, 0.0], [73.8097398316396, 18.6389889118457, 0.0], [73.8097347554494, 18.638988162556995, 0.0], [73.8097297440065, 18.638987087856403, 0.0], [73.8097248202391, 18.638985692660796, 0.0], [73.809720006674, 18.6389839833535, 0.0], [73.8097153253341, 18.6389819677548, 0.0], [73.8097120880442, 18.6389803111782, 0.0], [73.8097089785665, 18.638978445351093, 0.0], [73.809706011769, 18.638976379154997, 0.0], [73.8097032018348, 18.6389741224676, 0.0], [73.809700562197, 18.638971686077095, 0.0], [73.8096981054746, 18.638969081631, 0.0], [73.8096958434121, 18.638966321579897, 0.0], [73.8096937868237, 18.6389634191187, 0.0], [73.8096919455409, 18.6389603881226, 0.0], [73.8096903283661, 18.638957243081798, 0.0], [73.8096889430305, 18.638953999031298, 0.0], [73.8096877961566, 18.6389506714797, 0.0], [73.8096868932272, 18.63894727633449, 0.0], [73.8096862385589, 18.638943829826495, 0.0], [73.8096858352813, 18.638940348432097, 0.0], [73.8096856853222, 18.638936848794295, 0.0], [73.8096857893987, 18.638933347643608, 0.0], [73.8096873325847, 18.638917752743197, 0.0], [73.8096898911595, 18.638902279662904, 0.0], [73.8096934551946, 18.6388869884272, 0.0], [73.8096980108649, 18.638871938350597, 0.0], [73.8097035404987, 18.6388571878125, 0.0], [73.8097100226464, 18.6388427940301, 0.0], [73.8097174321633, 18.638828812837, 0.0], [73.8097257403079, 18.638815298466103, 0.0], [73.8097349148527, 18.6388023033396, 0.0], [73.8097408729256, 18.638794913812497, 0.0], [73.8097473112813, 18.638787899899697, 0.0], [73.80975420392862, 18.6387812899523, 0.0], [73.809761523037, 18.6387751106593, 0.0], [73.80976410297981, 18.638772921733995, 0.0], [73.8097665198559, 18.6387705697601, 0.0], [73.8097687623497, 18.6387680657325, 0.0], [73.8097708199616, 18.6387654213753, 0.0], [73.8097726830574, 18.6387626490698, 0.0], [73.809774342914, 18.638759761796393, 0.0], [73.8097757917596, 18.638756773073695, 0.0], [73.8097770228106, 18.638753696895296, 0.0], [73.809778030303, 18.638750547664298, 0.0], [73.8097788095196, 18.638747340125896, 0.0], [73.80977935681202, 18.6387440892982, 0.0], [73.8097796696177, 18.638740810402105, 0.0], [73.8097797464722, 18.6387375187898, 0.0], [73.80977958701551, 18.6387342298732, 0.0], [73.8097791919944, 18.638730959051397, 0.0], [73.8097785632584, 18.6387277216389, 0.0], [73.8097777037512, 18.638724532793603, 0.0], [73.8097766174974, 18.6387214074463, 0.0], [73.8097745106745, 18.6387164823209, 0.0], [73.8097720673241, 18.638711700555003, 0.0], [73.809769298105, 18.638707083016502, 0.0], [73.8097662151034, 18.638702649858296, 0.0], [73.8097628317748, 18.638698420428497, 0.0], [73.8097591628855, 18.6386944131861, 0.0], [73.809755224448, 18.6386906456204, 0.0], [73.8097510336514, 18.6386871341747, 0.0], [73.809746608786, 18.6386838941742, 0.0], [73.8097419691639, 18.638680939759805, 0.0], [73.8097371350343, 18.638678283825797, 0.0], [73.8097321274952, 18.6386759379637, 0.0], [73.8097269684019, 18.6386739124118, 0.0], [73.8097216802706, 18.6386722160105, 0.0], [73.809716286181, 18.6386708561637, 0.0], [73.8097108096751, 18.638669838806205, 0.0], [73.8097052746546, 18.638669168378204, 0.0], [73.8096997052768, 18.638668847805704, 0.0], [73.809668570928, 18.6386687194302, 0.0], [73.8096374631713, 18.638669952654098, 0.0], [73.80958487849591, 18.638671514278, 0.0], [73.8095323016246, 18.6386697299183, 0.0], [73.80948756787197, 18.638665351529223, 0.0], [73.80949096730494, 18.638655186772894, 0.0]], [[73.80894217401912, 18.638719920215483, 0.0], [73.80912842344858, 18.63879939491513, 0.0], [73.8091197981872, 18.638808993815903, 0.0], [73.8090915777775, 18.638836646927295, 0.0], [73.8090615782164, 18.6388625421803, 0.0], [73.8090299197622, 18.638886575768698, 0.0], [73.8089967293236, 18.638908651348995, 0.0], [73.8089621399507, 18.638928680427096, 0.0], [73.8087526170463, 18.6390409854372, 0.0], [73.8086194495824, 18.639115132986003, 0.0], [73.8084892351877, 18.639193902786996, 0.0], [73.8084900553968, 18.639203831071697, 0.0], [73.8084902477122, 18.639213788409805, 0.0], [73.8084898114374, 18.6392237387478, 0.0], [73.8084887481521, 18.639233646057296, 0.0], [73.8084870617061, 18.639243474466, 0.0], [73.8084847582055, 18.639253188387098, 0.0], [73.8084818459908, 18.63926275264849, 0.0], [73.80848106071991, 18.6392653609663, 0.0], [73.8084804582152, 18.639268013114403, 0.0], [73.8084800411147, 18.6392706974538, 0.0], [73.8084798112465, 18.639273402219704, 0.0], [73.808479769618, 18.6392761155574, 0.0], [73.8084799164118, 18.6392788255747, 0.0], [73.8084802509845, 18.639281520394096, 0.0], [73.8084807718696, 18.639284188204602, 0.0], [73.8084814767842, 18.639286817313693, 0.0], [73.8084823626389, 18.639289396198294, 0.0], [73.808483425551, 18.639291913555603, 0.0], [73.8084846608621, 18.6392943583525, 0.0], [73.80848606315782, 18.639296719873695, 0.0], [73.8084934201867, 18.639309125574204, 0.0], [73.8084998849558, 18.639321975041597, 0.0], [73.8085054281632, 18.6393352100372, 0.0], [73.8085100246865, 18.6393487705792, 0.0], [73.8085136536938, 18.6393625952102, 0.0], [73.8085162987379, 18.639376621275904, 0.0], [73.808517947831, 18.639390785209194, 0.0], [73.808518593499, 18.639405022818195, 0.0], [73.8085182328155, 18.6394192695768, 0.0], [73.8085168674149, 18.639433460917797, 0.0], [73.808514503485, 18.63944753252469, 0.0], [73.8085111517391, 18.639461420624105, 0.0], [73.8085068273673, 18.639475062274002, 0.0], [73.8085015499679, 18.6394883956492, 0.0], [73.8084828814091, 18.639528029086197, 0.0], [73.8084619491061, 18.639566621070696, 0.0], [73.808458309697, 18.639573431826896, 0.0], [73.8084551589109, 18.6395804604579, 0.0], [73.8084525110147, 18.6395876751406, 0.0], [73.8084503779935, 18.6395950432198, 0.0], [73.8084487695017, 18.6396025313461, 0.0], [73.8084476928199, 18.639610105626595, 0.0], [73.8084471528214, 18.639617731778596, 0.0], [73.8084471519505, 18.639625375284496, 0.0], [73.808447690211, 18.639633001548095, 0.0], [73.8084487651669, 18.6396405760514, 0.0], [73.8084503719528, 18.639648064510503, 0.0], [73.808452503296, 18.6396554330312, 0.0], [73.8084551495496, 18.6396626482618, 0.0], [73.8084582987363, 18.639669677544795, 0.0], [73.8084619366022, 18.639676489064, 0.0], [73.8084660466817, 18.6396830519891, 0.0], [73.8084706103715, 18.6396893366149, 0.0], [73.8084771702604, 18.639697216058398, 0.0], [73.8084842407252, 18.639704683416397, 0.0], [73.8084917933459, 18.639711708673797, 0.0], [73.8084997977666, 18.6397182635943, 0.0], [73.8085082218156, 18.6397243218317, 0.0], [73.8085170316344, 18.639729859036695, 0.0], [73.808526191814, 18.639734852953495, 0.0], [73.8085574196536, 18.639751689224504, 0.0], [73.808587651743, 18.6397701032094, 0.0], [73.80861680045221, 18.639790041522005, 0.0], [73.8086287411094, 18.6397992994407, 0.0], [73.8086400050566, 18.6398092983511, 0.0], [73.8086505417933, 18.6398199934506, 0.0], [73.8086603040747, 18.6398313367845, 0.0], [73.8086692481288, 18.6398432774917, 0.0], [73.808677333852, 18.639855762032397, 0.0], [73.8086845249894, 18.639868734428603, 0.0], [73.8086907892971, 18.6398821365147, 0.0], [73.80869609868711, 18.639895908198397, 0.0], [73.8087004293529, 18.639909987730295, 0.0], [73.8087037618764, 18.6399243119806, 0.0], [73.80870608131501, 18.6399388167222, 0.0], [73.8087182422879, 18.640055176242896, 0.0], [73.80872487353027, 18.64012313720083, 0.0], [73.80872351885728, 18.640122401500275, 0.0], [73.80871537026768, 18.640118459356447, 0.0], [73.808706861357, 18.640115283479435, 0.0], [73.80869807119757, 18.640112903382292, 0.0], [73.80868908147532, 18.64011134118297, 0.0], [73.8086799757307, 18.640110611398796, 0.0], [73.8086708385823, 18.64011072081156, 0.0], [73.80866175494059, 18.640111668404494, 0.0], [73.80865280921873, 18.640113445371725, 0.0], [73.8086440845483, 18.640116035200098, 0.0], [73.80863566200664, 18.640119413822635, 0.0], [73.80862761986346, 18.640123549842194, 0.0], [73.80862003285345, 18.64012840482321, 0.0], [73.80861297148189, 18.640133933648908, 0.0], [73.80860650136931, 18.64014008494054, 0.0], [73.80860068264181, 18.64014680153486, 0.0], [73.80859556937224, 18.64015402101531, 0.0], [73.8085912090777, 18.640161676292063, 0.0], [73.80858764227806, 18.6401696962255, 0.0], [73.80858490211928, 18.640178006287236, 0.0], [73.80858301406548, 18.640186529252794, 0.0], [73.80858199566228, 18.640195185919154, 0.0], [73.8085818563737, 18.64020389584085, 0.0], [73.8085825974943, 18.640212578077467, 0.0], [73.80858421213703, 18.640221151945894, 0.0], [73.80858668529733, 18.64022953777004, 0.0], [73.80858999399248, 18.640237657621302, 0.0], [73.80859410747526, 18.640245436042672, 0.0], [73.80859666939611, 18.64024974975589, 0.0], [73.80860006581138, 18.640255036889783, 0.0], [73.80860293198705, 18.640259172989307, 0.0], [73.80860670071038, 18.64026422567056, 0.0], [73.808609857649, 18.640268164686667, 0.0], [73.80861398094146, 18.640272959132822, 0.0], [73.80861741378266, 18.640276682523584, 0.0], [73.8086218722339, 18.64028119616465, 0.0], [73.80862556481836, 18.64028468640303, 0.0], [73.80863033744241, 18.640288897993123, 0.0], [73.80863427238833, 18.640292138649716, 0.0], [73.80863933671766, 18.640296028362364, 0.0], [73.80864349550217, 18.640299004182545, 0.0], [73.80864882769838, 18.64030255370855, 0.0], [73.80865319074506, 18.640305250684385, 0.0], [73.8086587657084, 18.640308443315366, 0.0], [73.80866331247923, 18.640310848751444, 0.0], [73.80866552108179, 18.640311924437352, 0.0], [73.80866712477298, 18.640313051702332, 0.0], [73.80867511691508, 18.640317589588534, 0.0], [73.80868353716424, 18.640321358857317, 0.0], [73.8086923044288, 18.640324323208503, 0.0], [73.8086973472212, 18.640325513219054, 0.0], [73.80860040572009, 18.640353051943727, 0.0], [73.80858705785188, 18.640356076109196, 0.0], [73.80858583318769, 18.64035391056788, 0.0], [73.80858063752254, 18.640346554882022, 0.0], [73.80857471055562, 18.6403397200856, 0.0], [73.8085681093669, 18.640333472001377, 0.0], [73.80856089752943, 18.640327870801737, 0.0], [73.80855314449715, 18.640322970429246, 0.0], [73.80854492493593, 18.64031881807709, 0.0], [73.80853631800458, 18.640315453734644, 0.0], [73.80852740659246, 18.640312909802304, 0.0], [73.80851827652121, 18.640311210779497, 0.0], [73.80850901571829, 18.640310373028704, 0.0], [73.80849971337015, 18.64031040461789, 0.0], [73.80849045906336, 18.640311305242847, 0.0], [73.8084813419218, 18.64031306623006, 0.0], [73.8084724497484, 18.640315670620268, 0.0], [73.80846386817953, 18.64031909333182, 0.0], [73.80845567986027, 18.640323301402162, 0.0], [73.80844796364855, 18.64032825430533, 0.0], [73.80844079385564, 18.64033390434222, 0.0], [73.80844070896637, 18.64033398584376, 0.0], [73.80843568965281, 18.640337218172814, 0.0], [73.8084285288234, 18.64034287853065, 0.0], [73.80842198447986, 18.640349180722062, 0.0], [73.8084161196478, 18.640356064053577, 0.0], [73.80841099080878, 18.64036346223501, 0.0], [73.80840664735636, 18.640371304017883, 0.0], [73.80840313112046, 18.640379513881616, 0.0], [73.8084004759644, 18.640388012760766, 0.0], [73.8083993141355, 18.640393732243137, 0.0], [73.80837119579402, 18.64039852850304, 0.0], [73.80829133844041, 18.64040776809849, 0.0], [73.80823530390096, 18.64025676514075, 0.0], [73.80817920680754, 18.640069251943416, 0.0], [73.80813514491149, 18.639877473899645, 0.0], [73.80810933451198, 18.639763420524865, 0.0], [73.8081087036269, 18.63976096747754, 0.0], [73.8080762282508, 18.63964839872403, 0.0], [73.8080754545595, 18.639645983115916, 0.0], [73.80803645081537, 18.63953537519139, 0.0], [73.80802178395419, 18.639493425856536, 0.0], [73.80801018645303, 18.639451978493216, 0.0], [73.80800126318742, 18.63940993383213, 0.0], [73.8079950572259, 18.639367515673285, 0.0], [73.80799448485295, 18.6393602081585, 0.0], [73.80799442785523, 18.63935294831691, 0.0], [73.80799488119199, 18.639345701145505, 0.0], [73.80799584282613, 18.639338499208453, 0.0], [73.80799730843664, 18.639331374866618, 0.0], [73.80799927143808, 18.639324360131763, 0.0], [73.80800172300982, 18.63931748652372, 0.0], [73.80800465213629, 18.639310784927584, 0.0], [73.8080080456556, 18.639304285456177, 0.0], [73.80801188831951, 18.639298017314037, 0.0], [73.80801616286199, 18.63929200866529, 0.0], [73.8080208500758, 18.639286286509105, 0.0], [73.80802592889944, 18.639280876557365, 0.0], [73.80803137651218, 18.6392758031187, 0.0], [73.80803716843623, 18.63927108898955, 0.0], [73.80804337363776, 18.63926668797994, 0.0], [73.80815453529159, 18.63919762392787, 0.0], [73.80827092399083, 18.63913401837901, 0.0], [73.80827096662168, 18.63913399505354, 0.0], [73.80851972704374, 18.638997721983085, 0.0], [73.80852211449522, 18.63899632302136, 0.0], [73.80876199088323, 18.63884627228685, 0.0], [73.80876431198604, 18.638844723814575, 0.0], [73.80894082681137, 18.638719310076365, 0.0], [73.80894217401912, 18.638719920215483, 0.0]], [[73.81085472533235, 18.63900899160174, 0.0], [73.81084528080817, 18.63903936809793, 0.0], [73.81083382704479, 18.63906910987623, 0.0], [73.81082041049939, 18.639098096299346, 0.0], [73.81080442651671, 18.63912741886255, 0.0], [73.81079599115093, 18.63914276557606, 0.0], [73.81079480833651, 18.639145074989404, 0.0], [73.81078726864102, 18.63916092413943, 0.0], [73.81078622548392, 18.63916329392792, 0.0], [73.81077964330144, 18.639179526105, 0.0], [73.81077874317702, 18.639181948600775, 0.0], [73.81077313980417, 18.639198511286246, 0.0], [73.81077238562463, 18.63920097865183, 0.0], [73.81076777919147, 18.639217818257283, 0.0], [73.81076712706664, 18.639220545320757, 0.0], [73.81075168041939, 18.639295822629407, 0.0], [73.81075117596289, 18.639298808205275, 0.0], [73.81074104627622, 18.639374901913428, 0.0], [73.81074075245374, 18.639377912970332, 0.0], [73.81073598511374, 18.63945448219308, 0.0], [73.8107359032418, 18.639457505242294, 0.0], [73.81073651961299, 18.63953420696395, 0.0], [73.81073665005867, 18.63953722846256, 0.0], [73.81074264738713, 18.639613719073374, 0.0], [73.81074290240241, 18.639616112360965, 0.0], [73.81077110968175, 18.63982527904373, 0.0], [73.81077123598345, 18.639826148712377, 0.0], [73.81082019080422, 18.64014070384174, 0.0], [73.81082045674965, 18.640142231759512, 0.0], [73.81083059333675, 18.64019486533651, 0.0], [73.81083129730067, 18.640197920848973, 0.0], [73.81083470147652, 18.640210586389188, 0.0], [73.81078888554619, 18.64019446228548, 0.0], [73.81063335484068, 18.640130333511973, 0.0], [73.81062029150823, 18.64012565832021, 0.0], [73.81060681037154, 18.64012222624655, 0.0], [73.81059304126104, 18.640120070343656, 0.0], [73.81057911678052, 18.640119211373992, 0.0], [73.81056517103, 18.64011965760986, 0.0], [73.8105513383144, 18.64012140475375, 0.0], [73.81053775184998, 18.64012443597975, 0.0], [73.81052454248155, 18.640128722095536, 0.0], [73.81051183742225, 18.640134221823555, 0.0], [73.81049975902859, 18.640140882198512, 0.0], [73.81048842362186, 18.64014863907748, 0.0], [73.81047794036816, 18.64015741775761, 0.0], [73.81046841022685, 18.640167133695552, 0.0], [73.81045992497842, 18.64017769332167, 0.0], [73.81045256634052, 18.64018899494114, 0.0], [73.81044907237636, 18.640195763093715, 0.0], [73.8104412166403, 18.6401918650726, 0.0], [73.8104111867367, 18.640174481307504, 0.0], [73.8103824210203, 18.6401552526708, 0.0], [73.8103550440192, 18.6401342624043, 0.0], [73.8103291742496, 18.640111601376404, 0.0], [73.8103049237025, 18.6400873676879, 0.0], [73.8102823973592, 18.640061666247895, 0.0], [73.8102616927366, 18.6400346083193, 0.0], [73.8102428994654, 18.6400063110375, 0.0], [73.8102201326575, 18.639966622745895, 0.0], [73.8101999970959, 18.6399256624176, 0.0], [73.810182570616, 18.6398835884272, 0.0], [73.8101801099788, 18.639877685943805, 0.0], [73.8101772425835, 18.6398719527173, 0.0], [73.8101739811523, 18.639866414189196, 0.0], [73.810170340157, 18.639861094934897, 0.0], [73.8101663357534, 18.639856018557, 0.0], [73.8101619857096, 18.6398512075802, 0.0], [73.8101573093277, 18.639846683351696, 0.0], [73.8101523273576, 18.6398424659464, 0.0], [73.8101470619053, 18.639838574077505, 0.0], [73.8101415363345, 18.6398350250141, 0.0], [73.8101357751632, 18.6398318345039, 0.0], [73.81012980395481, 18.6398290167038, 0.0], [73.8101129688165, 18.6398210408327, 0.0], [73.8100967578486, 18.639811965697596, 0.0], [73.8100812499132, 18.639801835421597, 0.0], [73.8100665204548, 18.6397906992878, 0.0], [73.810052641131, 18.6397786114725, 0.0], [73.8100396794631, 18.6397656307819, 0.0], [73.8100276985085, 18.639751820365902, 0.0], [73.8100167565531, 18.6397372474111, 0.0], [73.81000690682832, 18.639721982813395, 0.0], [73.8099981972518, 18.639706100833898, 0.0], [73.8099906701945, 18.639689678736897, 0.0], [73.8099843622745, 18.639672796414295, 0.0], [73.809979304179, 18.6396555359971, 0.0], [73.8099755205146, 18.6396379814556, 0.0], [73.8099730296881, 18.6396202181908, 0.0], [73.80997184381671, 18.639602332619297, 0.0], [73.8099719686692, 18.639584411752598, 0.0], [73.8099734036377, 18.639566542773895, 0.0], [73.8099761417409, 18.6395488126139, 0.0], [73.8099801696578, 18.639531307527896, 0.0], [73.8099854677925, 18.6395141126764, 0.0], [73.80999201037001, 18.6394973117105, 0.0], [73.8099997655609, 18.6394809863649, 0.0], [73.81000546335322, 18.639470723797196, 0.0], [73.8100117272531, 18.6394607655404, 0.0], [73.8100185394304, 18.639451139960894, 0.0], [73.8100352836175, 18.639427156998398, 0.0], [73.8100503340952, 18.6394021746145, 0.0], [73.8100636254744, 18.639376301344797, 0.0], [73.8100751000125, 18.6393496495939, 0.0], [73.8100847078601, 18.6393223351482, 0.0], [73.8101185988213, 18.639224368578297, 0.0], [73.8101581843651, 18.639128362275, 0.0], [73.8102033405634, 18.639034616779995, 0.0], [73.8102539260483, 18.638943425558796, 0.0], [73.8103097824566, 18.638855074080492, 0.0], [73.8103162998154, 18.638846083300695, 0.0], [73.8103234486623, 18.638837539786497, 0.0], [73.8103311953322, 18.638829483777098, 0.0], [73.81033950334451, 18.6388219532103, 0.0], [73.8103483335746, 18.638814983549, 0.0], [73.8103576444391, 18.638808607614898, 0.0], [73.8103673920911, 18.6388028554336, 0.0], [73.81037608341599, 18.638798482276936, 0.0], [73.81037854605005, 18.638810399130442, 0.0], [73.81038257192967, 18.638823135128295, 0.0], [73.81038788794346, 18.638835433627165, 0.0], [73.81039444289554, 18.638847176185717, 0.0], [73.81040217365832, 18.63885824971656, 0.0], [73.81041100578047, 18.638868547575413, 0.0], [73.81042085420391, 18.638877970588133, 0.0], [73.81043162408294, 18.638886428005794, 0.0], [73.81044321169774, 18.638893838378692, 0.0], [73.81045550545309, 18.63890013034075, 0.0], [73.81046838695329, 18.63890524329679, 0.0], [73.81048173214222, 18.638909128006134, 0.0], [73.81056922235214, 18.63893018270537, 0.0], [73.8105784877442, 18.63893210161956, 0.0], [73.81066725544457, 18.638947550913052, 0.0], [73.81067663439491, 18.638948876894407, 0.0], [73.81076628485022, 18.638958652080973, 0.0], [73.81077573565153, 18.638959379232944, 0.0], [73.81086462649982, 18.638963380855895, 0.0], [73.81086212230983, 18.6389781035995, 0.0], [73.81085472533235, 18.63900899160174, 0.0]], [[73.81136946517324, 18.641174129719882, 0.0], [73.81135464228949, 18.6411741938649, 0.0], [73.81135143519528, 18.641174311332104, 0.0], [73.81125639275022, 18.641180870320806, 0.0], [73.8112532013482, 18.641181194421193, 0.0], [73.81115884244902, 18.64119386994089, 0.0], [73.81115568137281, 18.641194399188333, 0.0], [73.81106243868427, 18.64121313311715, 0.0], [73.8110593224284, 18.641213865084868, 0.0], [73.81096762349756, 18.641238571521296, 0.0], [73.81096456635099, 18.641239502852965, 0.0], [73.81087483164652, 18.64127006850978, 0.0], [73.81087046387889, 18.641271795028874, 0.0], [73.81084072858309, 18.641285243189625, 0.0], [73.81083785183785, 18.641286660969666, 0.0], [73.81080914931003, 18.641302013405728, 0.0], [73.81080638084207, 18.641303615142863, 0.0], [73.81077884508422, 18.641320800179525, 0.0], [73.8107761978191, 18.641322578395528, 0.0], [73.81074995738575, 18.641341515802043, 0.0], [73.81074744368253, 18.64134346219508, 0.0], [73.81072262108134, 18.64136406355931, 0.0], [73.81072025267538, 18.641366169042573, 0.0], [73.8107179212433, 18.64136838837885, 0.0], [73.8107176323615, 18.641368380920984, 0.0], [73.81070835339274, 18.6413690108849, 0.0], [73.81069918387871, 18.64137050481327, 0.0], [73.8106902121267, 18.641372848318753, 0.0], [73.81068152453946, 18.64137601883214, 0.0], [73.81067320478311, 18.641379985819697, 0.0], [73.81066533298134, 18.641384711077198, 0.0], [73.80979156231577, 18.641968180508293, 0.0], [73.80977132174408, 18.641955549201022, 0.0], [73.80974932682709, 18.641939704715337, 0.0], [73.80972850291859, 18.64192248228927, 0.0], [73.8097089448357, 18.6419039603421, 0.0], [73.80969074163214, 18.64188422320989, 0.0], [73.8096739761921, 18.6418633607618, 0.0], [73.80965872485315, 18.641841467991036, 0.0], [73.80964505705867, 18.641818644582084, 0.0], [73.80963303504167, 18.641794994456713, 0.0], [73.80962271354119, 18.641770625301007, 0.0], [73.80961413955333, 18.641745648075002, 0.0], [73.80960735211715, 18.641720176507487, 0.0], [73.80960498218846, 18.64170785000193, 0.0], [73.80960624614475, 18.641704606780237, 0.0], [73.80960666341171, 18.641703409690116, 0.0], [73.80960852934768, 18.641697358470893, 0.0], [73.8096088579998, 18.641696136549903, 0.0], [73.80961027658395, 18.64168997600166, 0.0], [73.8096105150202, 18.641688735202905, 0.0], [73.8096114793454, 18.64168249532227, 0.0], [73.80961162640403, 18.641681241690765, 0.0], [73.80961213177007, 18.64167495288866, 0.0], [73.80961218673467, 18.64167369253209, 0.0], [73.80961223068017, 18.641667385448997, 0.0], [73.80961219328307, 18.641666124507584, 0.0], [73.80961186994126, 18.641661251689985, 0.0], [73.80961255474062, 18.641659785707375, 0.0], [73.8096154877162, 18.641651370227574, 0.0], [73.80961754127159, 18.641642721222798, 0.0], [73.80961869563009, 18.641633921987715, 0.0], [73.80961893967468, 18.641625057263816, 0.0], [73.80961827105527, 18.641616212423227, 0.0], [73.80961669621115, 18.641607472646605, 0.0], [73.80961423030905, 18.64159892210277, 0.0], [73.80961380438197, 18.641597864193717, 0.0], [73.80961318165319, 18.641592880779832, 0.0], [73.80961118120986, 18.64158422047125, 0.0], [73.80960829992917, 18.64157578877943, 0.0], [73.80960456555954, 18.641567666906134, 0.0], [73.80960001406511, 18.641559933069416, 0.0], [73.80959468927932, 18.641552661750286, 0.0], [73.80959210535875, 18.641549782133207, 0.0], [73.80958450821532, 18.641501102249254, 0.0], [73.80958396127235, 18.641498235936353, 0.0], [73.80957792660335, 18.641471531754508, 0.0], [73.80957954906943, 18.641469951295893, 0.0], [73.8095804410295, 18.64146901948637, 0.0], [73.80958472754584, 18.641464214902953, 0.0], [73.80958554914703, 18.64146322605073, 0.0], [73.80958947363348, 18.64145814814206, 0.0], [73.80959022087316, 18.641457107064834, 0.0], [73.80959376422874, 18.64145178054505, 0.0], [73.80959443346623, 18.641450692314745, 0.0], [73.80959757841039, 18.64144514315994, 0.0], [73.8095981663855, 18.64144401307826, 0.0], [73.8096008976099, 18.641438268299513, 0.0], [73.80960140145774, 18.641437101872253, 0.0], [73.80960370564517, 18.64143118948005, 0.0], [73.80960412291132, 18.641429992389817, 0.0], [73.8096059888422, 18.641423941175162, 0.0], [73.80960631749372, 18.64142271925407, 0.0], [73.80960773607545, 18.641416558704016, 0.0], [73.80960797451122, 18.641415317905167, 0.0], [73.80960893883399, 18.641409078027312, 0.0], [73.8096090858923, 18.641407824395895, 0.0], [73.80960959125733, 18.64140153559014, 0.0], [73.80960964622173, 18.64140027523348, 0.0], [73.80960969016648, 18.641393968147145, 0.0], [73.80960965276928, 18.64139270720573, 0.0], [73.80960923508128, 18.641386412569865, 0.0], [73.80960910550479, 18.641385157186793, 0.0], [73.8096082282154, 18.641378905636593, 0.0], [73.80960800709062, 18.64137766192806, 0.0], [73.80960667448069, 18.641371483967237, 0.0], [73.80960636288525, 18.641370257992357, 0.0], [73.80960458143822, 18.641364183675574, 0.0], [73.80960418088992, 18.641362981407227, 0.0], [73.80960195929343, 18.641357040359953, 0.0], [73.80960147174389, 18.641355867655452, 0.0], [73.8095988208158, 18.641350088804504, 0.0], [73.80959824864023, 18.641348951377143, 0.0], [73.8095951813001, 18.641343362886243, 0.0], [73.80959452728621, 18.641342266277494, 0.0], [73.80959105846924, 18.641336895358815, 0.0], [73.80959032580313, 18.6413358449112, 0.0], [73.80958647242339, 18.641330717752794, 0.0], [73.80958566467478, 18.641329718584004, 0.0], [73.8095814454886, 18.641324860142156, 0.0], [73.80958056659259, 18.641323917120072, 0.0], [73.80957600216855, 18.641319351080817, 0.0], [73.80957505640704, 18.641318468799646, 0.0], [73.80957016897938, 18.64131421740374, 0.0], [73.80956916096004, 18.641313400161867, 0.0], [73.80956397433962, 18.641309484121134, 0.0], [73.80956290897359, 18.641308735900157, 0.0], [73.80955744842207, 18.64130517428864, 0.0], [73.80955633089943, 18.64130449873375, 0.0], [73.80955062303298, 18.64130130891152, 0.0], [73.80954945879832, 18.641300709313914, 0.0], [73.80954353141264, 18.641297906814287, 0.0], [73.80954232613809, 18.641297386095257, 0.0], [73.80953620811093, 18.641294984573083, 0.0], [73.80953496766823, 18.641294545269524, 0.0], [73.80952868882895, 18.641292556432322, 0.0], [73.80952741926153, 18.64129220068424, 0.0], [73.80952101016953, 18.641290634211213, 0.0], [73.80951971766262, 18.64129036375198, 0.0], [73.8095150854432, 18.641289554854843, 0.0], [73.80951124707322, 18.64128103516298, 0.0], [73.8095099511383, 18.64127839671042, 0.0], [73.80948383318916, 18.641229400618275, 0.0], [73.80948236157191, 18.64122684726796, 0.0], [73.80945299496982, 18.641179572913504, 0.0], [73.80942145037692, 18.641128701130878, 0.0], [73.80939419552162, 18.641077271878313, 0.0], [73.80938014017555, 18.641045732694227, 0.0], [73.80938289929396, 18.64104295144735, 0.0], [73.80938606087581, 18.64103953733356, 0.0], [73.80939019176795, 18.641034755664236, 0.0], [73.80939310055253, 18.641031143091354, 0.0], [73.80939687808541, 18.641026102870793, 0.0], [73.80939952040374, 18.64102230881505, 0.0], [73.80940438283542, 18.64101450233935, 0.0], [73.80940839898774, 18.64100627014381, 0.0], [73.80941152831947, 18.640997695328966, 0.0], [73.80941373924146, 18.640988864453927, 0.0], [73.80941500943555, 18.640979866662605, 0.0], [73.80941532607982, 18.640970792783857, 0.0], [73.80941468597803, 18.640961734414585, 0.0], [73.80941309559188, 18.640952782995132, 0.0], [73.8094105709758, 18.64094402888619, 0.0], [73.80940713761481, 18.64093556045669, 0.0], [73.80940283016733, 18.640927463191744, 0.0], [73.80939769211531, 18.64091981882969, 0.0], [73.8093917753252, 18.640912704537, 0.0], [73.80938513952452, 18.64090619212935, 0.0], [73.80937785169883, 18.64090034734659, 0.0], [73.80936998541556, 18.640895229189223, 0.0], [73.80936162008139, 18.640890889322772, 0.0], [73.80935284014072, 18.64088737155625, 0.0], [73.80934373422315, 18.640884711399945, 0.0], [73.80933439424886, 18.640882935706937, 0.0], [73.80932755613554, 18.640881973198034, 0.0], [73.80932233730017, 18.640857867199287, 0.0], [73.80931405511036, 18.640800791263224, 0.0], [73.80930963202132, 18.640741829393956, 0.0], [73.80930962689216, 18.640741761733693, 0.0], [73.80930736216034, 18.640712195781497, 0.0], [73.80930701123866, 18.640709093749766, 0.0], [73.80930261142183, 18.64067974728811, 0.0], [73.80930203675925, 18.640676675739442, 0.0], [73.80929552283965, 18.64064768871109, 0.0], [73.80929472717665, 18.64064466229274, 0.0], [73.80929417905374, 18.640642845874545, 0.0], [73.80929542618956, 18.64063998315956, 0.0], [73.80930326938594, 18.640624835264678, 0.0], [73.8093121263284, 18.640610203992946, 0.0], [73.80932195974674, 18.64059615091238, 0.0], [73.8093327282621, 18.64058273515808, 0.0], [73.80934742223161, 18.64056670054384, 0.0], [73.80935607557697, 18.640556265609796, 0.0], [73.80935802741502, 18.640553367596084, 0.0], [73.8093783565315, 18.6405719388114, 0.0], [73.8094000196169, 18.6405945056489, 0.0], [73.8094200844765, 18.640618377523502, 0.0], [73.8094384648151, 18.640643451767698, 0.0], [73.8094492553646, 18.6406602955387, 0.0], [73.8094590082714, 18.6406777048423, 0.0], [73.80946769102951, 18.640695621655397, 0.0], [73.8094752746993, 18.6407139862616, 0.0], [73.8094800177292, 18.640725296862602, 0.0], [73.80948555911601, 18.640736272672996, 0.0], [73.809491873045, 18.6407468625537, 0.0], [73.809498930099, 18.6407570171648, 0.0], [73.8095066973979, 18.640766689194297, 0.0], [73.8095151387528, 18.6407758335787, 0.0], [73.8095242148343, 18.640784407712694, 0.0], [73.8095338833553, 18.640792371648097, 0.0], [73.8095440992689, 18.6407996882795, 0.0], [73.8095548149773, 18.6408063235175, 0.0], [73.809807136931, 18.6409521513502, 0.0], [73.8098194240696, 18.640959856083104, 0.0], [73.809831138512, 18.640968332751594, 0.0], [73.8098422269857, 18.6409775428037, 0.0], [73.8098526390612, 18.640987444353105, 0.0], [73.8098623273852, 18.640997992368195, 0.0], [73.8098712478959, 18.641009138877603, 0.0], [73.8098793600234, 18.641020833187998, 0.0], [73.8098866268742, 18.641033022114694, 0.0], [73.8098930153991, 18.641045650223305, 0.0], [73.8098984965434, 18.6410586600822, 0.0], [73.8099030453791, 18.64107199252379, 0.0], [73.8099066412182, 18.641085586913, 0.0], [73.8099093572702, 18.641095866048197, 0.0], [73.809912788621, 18.641105948954, 0.0], [73.8099169198945, 18.6411157904405, 0.0], [73.8099217325799, 18.641125346412004, 0.0], [73.8099272051138, 18.641134574051897, 0.0], [73.80993331297582, 18.6411434320146, 0.0], [73.8099400287992, 18.641151880611098, 0.0], [73.80994732249292, 18.6411598819864, 0.0], [73.8099551613769, 18.6411674002894, 0.0], [73.80996351032812, 18.6411744018336, 0.0], [73.8099723319382, 18.6411808552476, 0.0], [73.809981586681, 18.64118673161609, 0.0], [73.8099912330895, 18.6411920046095, 0.0], [73.8100012279419, 18.6411966506014, 0.0], [73.8100356792802, 18.641210028506098, 0.0], [73.8100709905132, 18.6412211844487, 0.0], [73.8101070041403, 18.6412300686834, 0.0], [73.8101435595293, 18.641236641583493, 0.0], [73.8101804936315, 18.6412408738318, 0.0], [73.8101938515055, 18.6412415463168, 0.0], [73.8102072266526, 18.641241365564596, 0.0], [73.810220559162, 18.641240332370398, 0.0], [73.8102337893149, 18.6412384513618, 0.0], [73.810246857851, 18.641235730964297, 0.0], [73.8102597062342, 18.641232183363, 0.0], [73.8102722769141, 18.6412278244483, 0.0], [73.8102845135845, 18.641222673744405, 0.0], [73.8102963614352, 18.641216754322404, 0.0], [73.8103077673977, 18.6412100926962, 0.0], [73.8103186803826, 18.6412027187046, 0.0], [73.8103290515087, 18.641194665376794, 0.0], [73.8103388343222, 18.6411859687853, 0.0], [73.8103479850041, 18.6411766678835, 0.0], [73.8103569442836, 18.641166266283996, 0.0], [73.8103651778403, 18.641155333202097, 0.0], [73.8103726510829, 18.641143914602992, 0.0], [73.8103793326127, 18.64113205846199, 0.0], [73.8103851943575, 18.641119814592493, 0.0], [73.8103902116895, 18.641107234436898, 0.0], [73.8103943635285, 18.6410943708506, 0.0], [73.810397632431, 18.6410812778798, 0.0], [73.8104000046629, 18.6410680105343, 0.0], [73.81040147025742, 18.641054624556702, 0.0], [73.81040202305711, 18.641041176188, 0.0], [73.8104016607397, 18.6410277219312, 0.0], [73.8104003848276, 18.641014318314195, 0.0], [73.8103982006818, 18.6410010216519, 0.0], [73.81038134278391, 18.640928587378003, 0.0], [73.8103598718172, 18.640857270874296, 0.0], [73.8103338680871, 18.6407873388226, 0.0], [73.8103034288481, 18.6407190527549, 0.0], [73.8102958406401, 18.640701974015396, 0.0], [73.8102894048335, 18.640684470589097, 0.0], [73.8102841473809, 18.640666613064603, 0.0], [73.8102800894821, 18.640648473450195, 0.0], [73.8102776216909, 18.6406322098983, 0.0], [73.8102763428057, 18.640615822360896, 0.0], [73.8102762589801, 18.6405993897325, 0.0], [73.8102773706173, 18.6405829911135, 0.0], [73.81027967236601, 18.640566705440598, 0.0], [73.8102831531461, 18.640550611106598, 0.0], [73.8102877962022, 18.6405347855835, 0.0], [73.810293579184, 18.640519305049192, 0.0], [73.8103004742543, 18.640504244021, 0.0], [73.8103084482226, 18.640489674996697, 0.0], [73.810317462705, 18.6404756681059, 0.0], [73.8103274743092, 18.640462290772298, 0.0], [73.8103384348431, 18.6404496073892, 0.0], [73.81034012768869, 18.64044790431017, 0.0], [73.81034750208555, 18.640456533066008, 0.0], [73.81035733337151, 18.640465972411945, 0.0], [73.81036808788416, 18.640474447694174, 0.0], [73.81037966205163, 18.640481877290934, 0.0], [73.81039194440825, 18.640488189651016, 0.0], [73.81040481666808, 18.6404933239828, 0.0], [73.81057297511249, 18.640551329452208, 0.0], [73.81058019506156, 18.640553613638655, 0.0], [73.81075136724847, 18.640602962724977, 0.0], [73.81075870501925, 18.640604875541463, 0.0], [73.81093240096975, 18.640645426981088, 0.0], [73.8109406424441, 18.640647105929375, 0.0], [73.81100327155859, 18.64065802540739, 0.0], [73.81101241779744, 18.64065932862376, 0.0], [73.81107565906994, 18.64066634398774, 0.0], [73.81108289995113, 18.640666920447202, 0.0], [73.81124989359343, 18.640941820055225, 0.0], [73.81136946517324, 18.641174129719882, 0.0]], [[73.80942833332729, 18.638151440191155, 0.0], [73.80938945766431, 18.63797543769868, 0.0], [73.80937798585998, 18.63792184532854, 0.0], [73.80936951678189, 18.637868756294193, 0.0], [73.80936374288375, 18.637814195541083, 0.0], [73.80936372838964, 18.637814060606694, 0.0], [73.8093597254142, 18.63777733852662, 0.0], [73.80935937446246, 18.637774813583405, 0.0], [73.80935322772915, 18.6377384865307, 0.0], [73.80935168490726, 18.63772904107344, 0.0], [73.80935130596306, 18.637724907975745, 0.0], [73.80935399214945, 18.637722498251662, 0.0], [73.80936010907035, 18.637715817348507, 0.0], [73.80936550960813, 18.63770859705679, 0.0], [73.80937014175267, 18.63770090691194, 0.0], [73.80937396089396, 18.637692820974312, 0.0], [73.8093769302517, 18.637684417115956, 0.0], [73.80937902122943, 18.637675776270676, 0.0], [73.80937958995521, 18.637671581813525, 0.0], [73.80944808952725, 18.63762279951353, 0.0], [73.80945006661452, 18.637621311881134, 0.0], [73.80953494874817, 18.637553877728575, 0.0], [73.80953599901535, 18.63755301826727, 0.0], [73.80955010168653, 18.637541132338505, 0.0], [73.80956374988158, 18.63753109742758, 0.0], [73.80957807205107, 18.63752195587643, 0.0], [73.80959300395789, 18.63751374868636, 0.0], [73.80960847863048, 18.637506512667592, 0.0], [73.80962442666257, 18.637500280274878, 0.0], [73.80964077652519, 18.63749507946114, 0.0], [73.80965745488663, 18.63749093355295, 0.0], [73.80967438694248, 18.637487861145267, 0.0], [73.80968933669075, 18.637486126634254, 0.0], [73.8114434175722, 18.63754866682433, 0.0], [73.8114579433512, 18.6381099647921, 0.0], [73.8114581488272, 18.63811261586141, 0.0], [73.81145824476468, 18.638115272583562, 0.0], [73.81145849135159, 18.63811703514051, 0.0], [73.81145862879673, 18.63811880846979, 0.0], [73.81145910586596, 18.63812142757406, 0.0], [73.81145947450534, 18.63812406253909, 0.0], [73.81145990113077, 18.638125793568072, 0.0], [73.81146022024762, 18.638127545515577, 0.0], [73.81146096431567, 18.63813010743139, 0.0], [73.81146160210679, 18.638132695263142, 0.0], [73.81146220466215, 18.638134378093394, 0.0], [73.81146270237744, 18.63813609178692, 0.0], [73.81146370627857, 18.63813857184163, 0.0], [73.8114646070792, 18.63814108761785, 0.0], [73.81146537976159, 18.638142706042796, 0.0], [73.81146605128208, 18.638144364978523, 0.0], [73.81146730534819, 18.638146739287823, 0.0], [73.81146846048317, 18.63814915878022, 0.0], [73.8114693958512, 18.638150697213533, 0.0], [73.81147023470982, 18.63815228541499, 0.0], [73.81147172686363, 18.638154531112985, 0.0], [73.81147312520838, 18.63815683102048, 0.0], [73.811474214254, 18.638158274646205, 0.0], [73.81147521237209, 18.63815977681815, 0.0], [73.81147692824334, 18.6381618722775, 0.0], [73.81147855633108, 18.638164030450746, 0.0], [73.81147978856622, 18.63816536536596, 0.0], [73.81148093633135, 18.638166767041625, 0.0], [73.81148285939527, 18.638168692081905, 0.0], [73.81148470154663, 18.638170687736473, 0.0], [73.81148606510416, 18.63817190108519, 0.0], [73.81148735146276, 18.63817318876568, 0.0], [73.81148946319924, 18.638174924847693, 0.0], [73.81149150167329, 18.63817673876432, 0.0], [73.81149298342143, 18.638177818861326, 0.0], [73.81149439598514, 18.638178980145543, 0.0], [73.81149667605698, 18.638180510549844, 0.0], [73.81149889122209, 18.638182125259505, 0.0], [73.81150047689077, 18.638183061702847, 0.0], [73.81150200205585, 18.638184085406994, 0.0], [73.81150442850469, 18.638185395394917, 0.0], [73.81150679902764, 18.63818679534706, 0.0], [73.81150847334602, 18.638187579118302, 0.0], [73.81151009642426, 18.638188455383503, 0.0], [73.81151264588205, 18.638189532339137, 0.0], [73.81151514893338, 18.638190704051436, 0.0], [73.81151689577682, 18.638191327602392, 0.0], [73.81151860113708, 18.638192047989747, 0.0], [73.81152124905113, 18.638192881541407, 0.0], [73.81152386052507, 18.638193813729625, 0.0], [73.81152566307051, 18.638194271055152, 0.0], [73.81152743428923, 18.638194828626915, 0.0], [73.81153015515862, 18.638195410747034, 0.0], [73.81153284990522, 18.638196094433656, 0.0], [73.81153469079312, 18.638196381129454, 0.0], [73.81153651081249, 18.638196770515908, 0.0], [73.81153927843376, 18.638197095598336, 0.0], [73.81154203050106, 18.63819752419907, 0.0], [73.81154389200266, 18.638197637504103, 0.0], [73.81154574329484, 18.63819785495522, 0.0], [73.81154853101425, 18.63819791986923, 0.0], [73.8115513138983, 18.63819808925643, 0.0], [73.81216881832472, 18.638206728058115, 0.0], [73.81229264272105, 18.63821348713992, 0.0], [73.81240206566461, 18.638226535035653, 0.0], [73.81240005380486, 18.63823204536194, 0.0], [73.81239009549577, 18.638254446470924, 0.0], [73.81237861139739, 18.638276173830963, 0.0], [73.81236565136147, 18.63829713312386, 0.0], [73.81235127164712, 18.63831723336531, 0.0], [73.81233553467592, 18.63833638730038, 0.0], [73.81232696015825, 18.6383455150745, 0.0], [73.81231841639718, 18.638341245319, 0.0], [73.8123155069145, 18.63833990971088, 0.0], [73.81228415773192, 18.638326753392043, 0.0], [73.81228115959861, 18.638325609749575, 0.0], [73.81224894341226, 18.638314518962584, 0.0], [73.81224587054636, 18.638313572594832, 0.0], [73.81221293691198, 18.6383045988259, 0.0], [73.81221103474165, 18.63830417554788, 0.0], [73.81220913978974, 18.638303723803826, 0.0], [73.81204358416558, 18.63827239455861, 0.0], [73.81204106461006, 18.63827198474702, 0.0], [73.81187397809836, 18.638249208972077, 0.0], [73.81187143903229, 18.63824892923651, 0.0], [73.81170330754698, 18.63823477316603, 0.0], [73.81170075635438, 18.638234624319992, 0.0], [73.81153206884805, 18.63822912912051, 0.0], [73.81153098365043, 18.638229144564544, 0.0], [73.81152989909329, 18.63822910581653, 0.0], [73.81152865972875, 18.638229177637506, 0.0], [73.81152741821474, 18.638229195306145, 0.0], [73.81152633983059, 18.63822931207521, 0.0], [73.81152525651184, 18.638229374853342, 0.0], [73.81128069115464, 18.638255077473495, 0.0], [73.8111198649133, 18.638266645120428, 0.0], [73.81095938369842, 18.638267740858833, 0.0], [73.81079919670871, 18.638258416841154, 0.0], [73.81065318285233, 18.638240342328217, 0.0], [73.81065228152771, 18.638239536074362, 0.0], [73.8106499334409, 18.638237570338788, 0.0], [73.81062577590762, 18.63821865407248, 0.0], [73.81062329703816, 18.638216840117895, 0.0], [73.81059788437975, 18.638199482559607, 0.0], [73.81059528550429, 18.63819782827201, 0.0], [73.81056872819912, 18.63818210488119, 0.0], [73.81056602061577, 18.63818061745224, 0.0], [73.81053843411829, 18.63816659658421, 0.0], [73.81053562959812, 18.638165282480415, 0.0], [73.81050713383702, 18.638153025088815, 0.0], [73.81050424457247, 18.638151890023103, 0.0], [73.8104749634292, 18.63814144939498, 0.0], [73.81047200198047, 18.63814049830168, 0.0], [73.8104420627507, 18.638131919826304, 0.0], [73.81043924110277, 18.6381312009205, 0.0], [73.81032455710537, 18.638105562854143, 0.0], [73.81032189579012, 18.638105044124874, 0.0], [73.8102058594161, 18.63808571141526, 0.0], [73.81020317129841, 18.63808533888062, 0.0], [73.81008616369279, 18.63807237502936, 0.0], [73.81008345760246, 18.638072149913008, 0.0], [73.80996586310009, 18.638065597501544, 0.0], [73.80996293605229, 18.638065520779577, 0.0], [73.80993777002114, 18.638065602512928, 0.0], [73.8099346322049, 18.638065711854825, 0.0], [73.80990952707754, 18.638067381895056, 0.0], [73.80990640374179, 18.63806768905676, 0.0], [73.80988146970401, 18.638070940074087, 0.0], [73.80987837455675, 18.63807144370752, 0.0], [73.80985372104321, 18.638076261433426, 0.0], [73.80985066766956, 18.638076959328043, 0.0], [73.80982640288427, 18.638083322617373, 0.0], [73.80982340468472, 18.63808421171029, 0.0], [73.80979963512497, 18.63809209263495, 0.0], [73.80979670525922, 18.63809316902377, 0.0], [73.80977353524933, 18.638102532994292, 0.0], [73.80977068657603, 18.63810379195492, 0.0], [73.8097482178087, 18.638114597873123, 0.0], [73.80974546283103, 18.638116033879825, 0.0], [73.80972379392118, 18.63812823431868, 0.0], [73.80972114473023, 18.63812984106908, 0.0], [73.80970037078262, 18.638143382481108, 0.0], [73.80970013021451, 18.63814354033353, 0.0], [73.80965820709874, 18.638171230669386, 0.0], [73.80961586759061, 18.638196087055405, 0.0], [73.8095721839384, 18.63821873131688, 0.0], [73.80952621364283, 18.638239582725173, 0.0], [73.80945032575241, 18.638273652810373, 0.0], [73.8094286700597, 18.6381531221631, 0.0], [73.80942833332729, 18.638151440191155, 0.0]], [[73.80908486153152, 18.64036507344034, 0.0], [73.80906187145305, 18.640352132752422, 0.0], [73.8090590387922, 18.640350659890064, 0.0], [73.80903517836798, 18.640339240322653, 0.0], [73.80903224714788, 18.640337954599236, 0.0], [73.80900762696244, 18.640328109077974, 0.0], [73.80900461076871, 18.640327016452538, 0.0], [73.80897934492815, 18.640318790607765, 0.0], [73.80897625773953, 18.640317896144122, 0.0], [73.80895046334163, 18.64031132809952, 0.0], [73.80894731946607, 18.64031063594317, 0.0], [73.80892111605877, 18.640305756139277, 0.0], [73.80891793006715, 18.640305269498135, 0.0], [73.80889143909359, 18.64030210055094, 0.0], [73.8088882257516, 18.64030182168039, 0.0], [73.80886156998798, 18.640300378276848, 0.0], [73.8088583441886, 18.640300308469357, 0.0], [73.80884188760167, 18.640300486510306, 0.0], [73.80884629111544, 18.640297453890277, 0.0], [73.80885039930138, 18.64029441487217, 0.0], [73.80885539754165, 18.640290448234104, 0.0], [73.80885927746223, 18.640287147835643, 0.0], [73.80886397861754, 18.64028286382294, 0.0], [73.80886761200904, 18.640279317580045, 0.0], [73.80887199395161, 18.640274736357178, 0.0], [73.80887536371074, 18.64027096096289, 0.0], [73.80887940581297, 18.640266104095563, 0.0], [73.8088824960774, 18.64026211732169, 0.0], [73.80888756597442, 18.640254870094356, 0.0], [73.80889188029397, 18.640247191180787, 0.0], [73.80889539894362, 18.640239151940378, 0.0], [73.80889808922501, 18.640230827081016, 0.0], [73.80889992613774, 18.640222293964804, 0.0], [73.80890089261169, 18.640213631889118, 0.0], [73.80890097966562, 18.64020492134977, 0.0], [73.80890018649075, 18.640196243292902, 0.0], [73.80889852045804, 18.64018767836279, 0.0], [73.8088959970499, 18.64017930615244, 0.0], [73.80889263971625, 18.64017120446389, 0.0], [73.8088884796565, 18.64016344858527, 0.0], [73.8088845428342, 18.64015758188434, 0.0], [73.808910983077, 18.640139344060305, 0.0], [73.8089428246034, 18.6401144660415, 0.0], [73.8089730383232, 18.6400878068783, 0.0], [73.8090015147726, 18.640059463157094, 0.0], [73.8090808711808, 18.6399787211754, 0.0], [73.8090849465845, 18.6399749948563, 0.0], [73.8090892801563, 18.6399715433775, 0.0], [73.8090938515403, 18.6399683829571, 0.0], [73.80909863926541, 18.6399655284392, 0.0], [73.8091036208445, 18.639962993230903, 0.0], [73.8091087728798, 18.639960789239698, 0.0], [73.809114071173, 18.6399589268175, 0.0], [73.809119490839, 18.639957414711695, 0.0], [73.8091250064222, 18.639956260024395, 0.0], [73.8091305920171, 18.639955468179096, 0.0], [73.8091362213888, 18.6399550428949, 0.0], [73.8091418680971, 18.6399549861694, 0.0], [73.8091475056202, 18.639955298268898, 0.0], [73.80915310747982, 18.6399559777275, 0.0], [73.8091586473646, 18.639957021354, 0.0], [73.80916409925472, 18.6399584242466, 0.0], [73.8091694375435, 18.6399601798162, 0.0], [73.8091746371579, 18.6399622798171, 0.0], [73.8091796736759, 18.6399647143859, 0.0], [73.809184523442, 18.639967472087896, 0.0], [73.8091891636775, 18.639970539970495, 0.0], [73.8091935725879, 18.639973903624497, 0.0], [73.8091977294653, 18.6399775472511, 0.0], [73.8092016147854, 18.639981453737, 0.0], [73.8092052102995, 18.6399856047339, 0.0], [73.8092084991199, 18.6399899807452, 0.0], [73.8092114657996, 18.639994561217595, 0.0], [73.8092151157288, 18.640001143987, 0.0], [73.8092183076611, 18.6400079396284, 0.0], [73.8092210280154, 18.640014919199196, 0.0], [73.8092232652152, 18.6400220529979, 0.0], [73.80922500974022, 18.640029310666705, 0.0], [73.80922625416632, 18.6400366613208, 0.0], [73.80922699319811, 18.640044073679693, 0.0], [73.8092272236903, 18.6400515162001, 0.0], [73.8092269446622, 18.64005895721059, 0.0], [73.8092261573011, 18.640066365046, 0.0], [73.8092248649574, 18.640073708182598, 0.0], [73.8092230731308, 18.640080955371502, 0.0], [73.8092207894461, 18.6400880757726, 0.0], [73.8092180236216, 18.6400950390852, 0.0], [73.8092147874271, 18.640101815676797, 0.0], [73.8092012868315, 18.6401300538349, 0.0], [73.80918972021462, 18.640159061554403, 0.0], [73.8091801355137, 18.640188718632498, 0.0], [73.809172572453, 18.6402189021577, 0.0], [73.809167062378, 18.6402494870363, 0.0], [73.8091599825008, 18.6403127922744, 0.0], [73.80915934423246, 18.640326979849583, 0.0], [73.80914808860847, 18.64033049213924, 0.0], [73.80913531674649, 18.640335849432315, 0.0], [73.80912315722716, 18.640342374298644, 0.0], [73.8091117271531, 18.640350003900302, 0.0], [73.80910113660204, 18.640358664760196, 0.0], [73.8090914875667, 18.640368273469647, 0.0], [73.8090909482285, 18.64036892859595, 0.0], [73.80908758250484, 18.64036672661545, 0.0], [73.80908486153152, 18.64036507344034, 0.0]], [[73.80866147041296, 18.64054112541863, 0.0], [73.80866210786945, 18.64053499689238, 0.0], [73.8086622883421, 18.640532343532918, 0.0], [73.80866248641657, 18.640526187848668, 0.0], [73.8086624768796, 18.640523528933187, 0.0], [73.80866223465218, 18.640517374686286, 0.0], [73.80866203515001, 18.640514722565406, 0.0], [73.80866135374588, 18.640508598338663, 0.0], [73.80866096520514, 18.640505965331265, 0.0], [73.80865984778944, 18.64049989957262, 0.0], [73.80865927201496, 18.64049729790913, 0.0], [73.80865772377794, 18.64049131879328, 0.0], [73.80865696344411, 18.64048876055807, 0.0], [73.80865499157802, 18.640482895860092, 0.0], [73.80865405021672, 18.64048039293626, 0.0], [73.80865364698514, 18.640479425884543, 0.0], [73.80875567753434, 18.64045035890963, 0.0], [73.8087765094706, 18.64044456853792, 0.0], [73.80878329640053, 18.64044315146677, 0.0], [73.80878335479017, 18.640443781989955, 0.0], [73.80878356532179, 18.64045339537776, 0.0], [73.80878309844263, 18.640463000554497, 0.0], [73.80878195625846, 18.64047255419122, 0.0], [73.8087801439216, 18.640482013192408, 0.0], [73.8087776696075, 18.640491334888075, 0.0], [73.80877487954038, 18.640499497026166, 0.0], [73.80876361598631, 18.640523050325232, 0.0], [73.80876235522724, 18.64052594948347, 0.0], [73.8087518964647, 18.640552578572116, 0.0], [73.80875084987217, 18.64055555416922, 0.0], [73.80874235554839, 18.640582811141932, 0.0], [73.80874152817243, 18.640585848820262, 0.0], [73.8087350392734, 18.640613602162187, 0.0], [73.80873443510609, 18.64061668726543, 0.0], [73.80872998294207, 18.64064480306632, 0.0], [73.80872960489874, 18.64064792070828, 0.0], [73.80872721095234, 18.640676263309462, 0.0], [73.80872706085714, 18.640679398448064, 0.0], [73.80872673668054, 18.640707831096037, 0.0], [73.8087268152578, 18.640710968603614, 0.0], [73.80872695895937, 18.640713303275902, 0.0], [73.80870248960176, 18.640668624179536, 0.0], [73.80866970644949, 18.640599029333178, 0.0], [73.80865699381866, 18.64056725564581, 0.0], [73.80865719867438, 18.640564498002803, 0.0], [73.80865785358687, 18.640559952220077, 0.0], [73.80865944719933, 18.64055254449744, 0.0], [73.80865946979357, 18.640552439152287, 0.0], [73.80866002689187, 18.640549833796236, 0.0], [73.80866110076897, 18.640543760897188, 0.0], [73.80866147041296, 18.64054112541863, 0.0]], [[73.80891762070532, 18.640872938404463, 0.0], [73.8089056595881, 18.640853689492776, 0.0], [73.80889512280788, 18.640833698482076, 0.0], [73.8088860607666, 18.64081306099904, 0.0], [73.8088785168118, 18.640791875763025, 0.0], [73.80887252702952, 18.640770244113266, 0.0], [73.80886812007107, 18.640748269524153, 0.0], [73.80886531701634, 18.640726057110786, 0.0], [73.80886413127311, 18.640703713125877, 0.0], [73.80886456851272, 18.64068134445147, 0.0], [73.80886662664308, 18.640659058087298, 0.0], [73.80887029581845, 18.640636960639792, 0.0], [73.80887555848687, 18.640615157811364, 0.0], [73.8088823894739, 18.640593753895256, 0.0], [73.80889075610315, 18.640572851276385, 0.0], [73.80890130751442, 18.640551131309405, 0.0], [73.80890322023704, 18.64054655488733, 0.0], [73.80890856302257, 18.64053141945929, 0.0], [73.80890950715325, 18.640528400503733, 0.0], [73.80891373058459, 18.640512946963607, 0.0], [73.80891445174126, 18.640509872630883, 0.0], [73.80891753528633, 18.640494176106603, 0.0], [73.80891802996301, 18.64049106134321, 0.0], [73.80891995863145, 18.640475198144397, 0.0], [73.80892022442342, 18.64047205809228, 0.0], [73.80892098883922, 18.640456105338338, 0.0], [73.80892102445432, 18.64045295526351, 0.0], [73.80892079919252, 18.64044404378817, 0.0], [73.8089364532108, 18.64044802978128, 0.0], [73.80895561037168, 18.6404542668129, 0.0], [73.8089742779802, 18.640461731921654, 0.0], [73.80899236951846, 18.640470390509297, 0.0], [73.80900980113842, 18.64048020244647, 0.0], [73.80902142092441, 18.640487804540342, 0.0], [73.80901805901176, 18.64049502523973, 0.0], [73.80899832712122, 18.64054154480216, 0.0], [73.80899505681883, 18.64055006477093, 0.0], [73.80897863361037, 18.640597738431747, 0.0], [73.80897596851746, 18.640606447862965, 0.0], [73.80896292757109, 18.640655062041922, 0.0], [73.80896087962803, 18.640663921916882, 0.0], [73.80895127937123, 18.64071325882019, 0.0], [73.80894985775357, 18.64072222944597, 0.0], [73.8089437411994, 18.64077206804168, 0.0], [73.80894295227667, 18.640781109229817, 0.0], [73.80894034683133, 18.640831226238056, 0.0], [73.80894019413864, 18.640840297482875, 0.0], [73.80894111147822, 18.64089046837652, 0.0], [73.80894159570026, 18.640899529038883, 0.0], [73.80894204753147, 18.640904621796953, 0.0], [73.80893094894414, 18.640891353140315, 0.0], [73.80891762070532, 18.640872938404463, 0.0]], [[73.80958937592986, 18.642429244050334, 0.0], [73.80960216869653, 18.64242393192956, 0.0], [73.80961435365602, 18.642417450077932, 0.0], [73.80962581346036, 18.642409860919333, 0.0], [73.80963643774521, 18.642401237541655, 0.0], [73.80964612419287, 18.642391662992868, 0.0], [73.80965477951752, 18.64238122948128, 0.0], [73.80965743477161, 18.64237728859917, 0.0], [73.80965840008882, 18.642376806210375, 0.0], [73.8096616232384, 18.64237505781584, 0.0], [73.80966719363869, 18.64237178860229, 0.0], [73.80967028262056, 18.64236983246849, 0.0], [73.80967560323556, 18.642366204819577, 0.0], [73.80967854333967, 18.64236405026182, 0.0], [73.8096835888341, 18.642360081451145, 0.0], [73.80968636605927, 18.64235773872964, 0.0], [73.80969111240043, 18.642353447661723, 0.0], [73.80969371352131, 18.642350927932902, 0.0], [73.8096981381129, 18.642346335036738, 0.0], [73.80970055074263, 18.642343650299708, 0.0], [73.80970463251136, 18.64233877744969, 0.0], [73.8097068451606, 18.64233594048959, 0.0], [73.80971056466737, 18.64233081089269, 0.0], [73.80971256679945, 18.64232783521941, 0.0], [73.80971590633388, 18.642322473300315, 0.0], [73.80971768841432, 18.642319373084383, 0.0], [73.80972063207186, 18.642313804379302, 0.0], [73.80972218561428, 18.64231059438433, 0.0], [73.80972471937771, 18.642304845410727, 0.0], [73.80972603698402, 18.642301540922936, 0.0], [73.80972814878751, 18.642295639057156, 0.0], [73.80972922418303, 18.64229225581306, 0.0], [73.80973090396854, 18.642286229165197, 0.0], [73.80973173203233, 18.642282783276087, 0.0], [73.80973297180228, 18.642276660540322, 0.0], [73.80973354859094, 18.642273168416036, 0.0], [73.80973467779991, 18.64226116239489, 0.0], [73.80973509333205, 18.642243692824888, 0.0], [73.80973518512664, 18.64224364924133, 0.0], [73.80978457937296, 18.642255906360557, 0.0], [73.80979368601457, 18.642257716538328, 0.0], [73.80980293493222, 18.642258667107022, 0.0], [73.80981223705363, 18.642258748912113, 0.0], [73.80982150279414, 18.64225796116578, 0.0], [73.80983064291948, 18.642256311454442, 0.0], [73.80983956940509, 18.642253815665743, 0.0], [73.80984819628392, 18.642250497835523, 0.0], [73.8098564404743, 18.64224638991633, 0.0], [73.80986422258012, 18.642241531469733, 0.0], [73.80987146765531, 18.642235969285288, 0.0], [73.80987399575825, 18.64223360338694, 0.0], [73.8098831647444, 18.6423445738249, 0.0], [73.8098060865162, 18.642488065522695, 0.0], [73.8096803773975, 18.6425459279872, 0.0], [73.8095699997498, 18.6424908368166, 0.0], [73.80955465286712, 18.642437036113407, 0.0], [73.80956246444842, 18.64243616622226, 0.0], [73.80957609855763, 18.642433335281517, 0.0], [73.80958937592986, 18.642429244050334, 0.0]], [[73.8108194338087, 18.64151643544972, 0.0], [73.81081695581878, 18.641507888078706, 0.0], [73.81081361090392, 18.64149961340116, 0.0], [73.8108094312776, 18.6414916911067, 0.0], [73.81080848750632, 18.64149026928583, 0.0], [73.81081101305512, 18.64148304304186, 0.0], [73.81081152455837, 18.641480897077464, 0.0], [73.81081658810012, 18.64147397972961, 0.0], [73.81082606161753, 18.641462656482048, 0.0], [73.81083627538366, 18.641451933952904, 0.0], [73.81084718758287, 18.641441856040586, 0.0], [73.81085875353968, 18.64143246400478, 0.0], [73.81087092590279, 18.64142379629676, 0.0], [73.81088365483781, 18.641415888402527, 0.0], [73.81089688823188, 18.64140877269737, 0.0], [73.81091057190707, 18.64140247831312, 0.0], [73.81092515563991, 18.641396835306654, 0.0], [73.81100580439951, 18.641369240507025, 0.0], [73.81108761542183, 18.64134683649777, 0.0], [73.81117077785996, 18.641329535051153, 0.0], [73.81125494189516, 18.64131740894513, 0.0], [73.81133975349594, 18.641310509187985, 0.0], [73.81142485590705, 18.64130886480369, 0.0], [73.81150989114975, 18.64131248270969, 0.0], [73.8115945015282, 18.641321347687818, 0.0], [73.81167833113298, 18.641335422448496, 0.0], [73.81176102733913, 18.641354647787274, 0.0], [73.81184234269047, 18.641378972868996, 0.0], [73.81198997675662, 18.641432671810293, 0.0], [73.81213435351768, 18.641494217116872, 0.0], [73.81216021587005, 18.641506898553438, 0.0], [73.81218536377976, 18.641520888290465, 0.0], [73.81220969631785, 18.641536132151415, 0.0], [73.8122341595838, 18.641553299236502, 0.0], [73.81223445842156, 18.64155350723603, 0.0], [73.81224882090898, 18.64156342222879, 0.0], [73.81225152477417, 18.641565156922386, 0.0], [73.81226656810747, 18.64157410754786, 0.0], [73.81226939063951, 18.64157566100264, 0.0], [73.81228504368481, 18.64158360493681, 0.0], [73.81228797153716, 18.64158496980713, 0.0], [73.81230416027758, 18.64159186948624, 0.0], [73.81230717960531, 18.64159303931802, 0.0], [73.81232382749052, 18.641598862116147, 0.0], [73.8123269240167, 18.641599831377828, 0.0], [73.8123439523256, 18.64160454976123, 0.0], [73.81234711140776, 18.641605313869473, 0.0], [73.81236443962001, 18.641608905526716, 0.0], [73.81236764632035, 18.641609460868416, 0.0], [73.81238519249767, 18.6416119088159, 0.0], [73.81238831299947, 18.64161224016582, 0.0], [73.81239553377301, 18.641646525027266, 0.0], [73.81239620238478, 18.64164925715581, 0.0], [73.81241519995366, 18.641717268174318, 0.0], [73.81241604515608, 18.641719955478244, 0.0], [73.81243943407009, 18.641786711415264, 0.0], [73.81244045260452, 18.64178934353309, 0.0], [73.812468142689, 18.64185458699987, 0.0], [73.81246933062855, 18.64185715378312, 0.0], [73.81250121512471, 18.641920633221854, 0.0], [73.81250256788927, 18.64192312477382, 0.0], [73.81253852386564, 18.641984595428124, 0.0], [73.81254003623957, 18.641987002142145, 0.0], [73.81257990626075, 18.642046199079743, 0.0], [73.81265343147591, 18.64215571886291, 0.0], [73.81271860589791, 18.642268304676605, 0.0], [73.81277596627763, 18.642384690497305, 0.0], [73.81282527003134, 18.642504384149042, 0.0], [73.81286631358414, 18.642626894213024, 0.0], [73.81287521225046, 18.642660855495073, 0.0], [73.81288182893654, 18.642695302937984, 0.0], [73.81288613288963, 18.642730081914795, 0.0], [73.81288810666533, 18.642765051473862, 0.0], [73.81288774226302, 18.64280006989087, 0.0], [73.81288504115787, 18.642834995243554, 0.0], [73.81288001429569, 18.642869685986902, 0.0], [73.8128726820478, 18.642904001526183, 0.0], [73.8128626793644, 18.642939191594074, 0.0], [73.81286266234964, 18.642939251616603, 0.0], [73.8128577629704, 18.642956582378392, 0.0], [73.81285704529986, 18.642959503946503, 0.0], [73.81285336346457, 18.642977106489152, 0.0], [73.8128528508052, 18.64298006702422, 0.0], [73.81285040275357, 18.642997863710047, 0.0], [73.81285009736675, 18.643000850153463, 0.0], [73.81284889389634, 18.64301876248889, 0.0], [73.81284879712898, 18.64302176166948, 0.0], [73.8128488435484, 18.64303971065051, 0.0], [73.81284895582736, 18.643042709339454, 0.0], [73.81285025193219, 18.643060615800508, 0.0], [73.81285057276241, 18.6430636007727, 0.0], [73.81285311283673, 18.64308138573585, 0.0], [73.81285364080318, 18.64308434382499, 0.0], [73.81285741364408, 18.64310192884796, 0.0], [73.81285814641818, 18.643104847007383, 0.0], [73.81286313538564, 18.64312215452983, 0.0], [73.81286406973555, 18.643125019888977, 0.0], [73.81287025282577, 18.6431419735744, 0.0], [73.81287098949642, 18.643143857283754, 0.0], [73.81293481442106, 18.64329659026708, 0.0], [73.8129356296264, 18.643298422593443, 0.0], [73.81294689165149, 18.643322261235223, 0.0], [73.8129482590193, 18.643324919369945, 0.0], [73.8129555738358, 18.643338033956002, 0.0], [73.81295422064566, 18.64333837290517, 0.0], [73.81292759036926, 18.643345896069945, 0.0], [73.81292478670052, 18.643346779572884, 0.0], [73.8128986995517, 18.64335586892698, 0.0], [73.8128959590382, 18.643356917142842, 0.0], [73.81287051627308, 18.643367537406395, 0.0], [73.81286784955212, 18.643368746266557, 0.0], [73.81284314992595, 18.64338085621739, 0.0], [73.81284067816314, 18.643382158282243, 0.0], [73.8128043243457, 18.643402679458262, 0.0], [73.81280204522501, 18.643404050883426, 0.0], [73.81276697383223, 18.643426508708725, 0.0], [73.81276691883524, 18.643426543979047, 0.0], [73.81272260160598, 18.64345500814144, 0.0], [73.81267783543765, 18.64348052034542, 0.0], [73.8126305540417, 18.64350425816699, 0.0], [73.8126303260471, 18.64350437338944, 0.0], [73.81262550447394, 18.643506826137028, 0.0], [73.81262283695233, 18.64350829114201, 0.0], [73.81261819258647, 18.643511037095642, 0.0], [73.81261563046243, 18.64351266408736, 0.0], [73.81261118289798, 18.643515691661943, 0.0], [73.81260873697899, 18.643517473777422, 0.0], [73.81260450497957, 18.64352077020018, 0.0], [73.81260218558538, 18.64352269992046, 0.0], [73.81259818700556, 18.643526251283987, 0.0], [73.81259600392151, 18.643528320467762, 0.0], [73.8125922556307, 18.64353211178938, 0.0], [73.81259021806733, 18.643534311706535, 0.0], [73.81258673587912, 18.64353832699106, 0.0], [73.81258485243102, 18.643540648362375, 0.0], [73.81258165103667, 18.64354487066981, 0.0], [73.81257992965246, 18.64354730369854, 0.0], [73.812577022558, 18.643551715215384, 0.0], [73.81257547049812, 18.643554249639333, 0.0], [73.81257286996842, 18.643558831754014, 0.0], [73.81257149378163, 18.64356145687957, 0.0], [73.81256921078807, 18.64356619026051, 0.0], [73.8125680162798, 18.643568895013846, 0.0], [73.81256606045419, 18.64357375969153, 0.0], [73.81256506571813, 18.643576492644947, 0.0], [73.81256071061047, 18.643589821314738, 0.0], [73.81255991175983, 18.643592568623916, 0.0], [73.8125564471445, 18.643606132587088, 0.0], [73.81255583164582, 18.64360892245293, 0.0], [73.81255327131706, 18.643622667705106, 0.0], [73.81255284162064, 18.643625489021392, 0.0], [73.81255119577283, 18.643639360836378, 0.0], [73.81255095358978, 18.643642202368714, 0.0], [73.81255022877585, 18.643656145516317, 0.0], [73.81255017507037, 18.643658995951967, 0.0], [73.81255037417648, 18.6436729549179, 0.0], [73.81255050916245, 18.64367580290802, 0.0], [73.81255163139619, 18.643689722115184, 0.0], [73.81255195453627, 18.64369255632046, 0.0], [73.81255399542978, 18.64370638034985, 0.0], [73.81255450543735, 18.643709189485477, 0.0], [73.812557456865, 18.643722863297196, 0.0], [73.81255815170974, 18.643725636179738, 0.0], [73.81256200192098, 18.643739105331875, 0.0], [73.81256287944584, 18.64374183262146, 0.0], [73.81257382100604, 18.64377236470412, 0.0], [73.81215882782567, 18.64384779861324, 0.0], [73.81215776055879, 18.64384804489839, 0.0], [73.81215667285697, 18.643848214789404, 0.0], [73.8121532095594, 18.64384909509819, 0.0], [73.81214978636554, 18.64384988504273, 0.0], [73.81214876374855, 18.643850225144305, 0.0], [73.81214768430294, 18.64385049952018, 0.0], [73.81214428266183, 18.643851715462336, 0.0], [73.81214100297602, 18.643852806218856, 0.0], [73.81214003378797, 18.6438532342541, 0.0], [73.81213897395475, 18.643853613099388, 0.0], [73.81213567071676, 18.643855161174432, 0.0], [73.8121325622458, 18.643856534009128, 0.0], [73.8121316543734, 18.643857043448886, 0.0], [73.81213062569769, 18.64385752554163, 0.0], [73.81212745781738, 18.64385939828693, 0.0], [73.81212454546366, 18.643861032512916, 0.0], [73.81212370587367, 18.64386161631094, 0.0], [73.81212271992993, 18.643862199167966, 0.0], [73.81211972403528, 18.64386438503053, 0.0], [73.8121170298355, 18.643866258407247, 0.0], [73.81211626456854, 18.6438669091241, 0.0], [73.8121153327883, 18.643867588968888, 0.0], [73.81211254461203, 18.643870072253357, 0.0], [73.81211008774089, 18.643872161363955, 0.0], [73.81210940192454, 18.643872871282497, 0.0], [73.81210853541495, 18.643873643037733, 0.0], [73.8121059892052, 18.643876403937625, 0.0], [73.81210378603598, 18.6438786845344, 0.0], [73.8121031839142, 18.64387944576371, 0.0], [73.81210239327227, 18.64388030307056, 0.0], [73.81210012119763, 18.643883317787157, 0.0], [73.8120981854096, 18.64388576509695, 0.0], [73.8120976703854, 18.6438865696627, 0.0], [73.81209696551248, 18.6438875049277, 0.0], [73.81209499707751, 18.64389074587786, 0.0], [73.8120933397989, 18.643893334861996, 0.0], [73.8120929144861, 18.643894174781902, 0.0], [73.81209230440791, 18.64389517925138, 0.0], [73.81209066589525, 18.643898615363376, 0.0], [73.81208929586982, 18.643901320928617, 0.0], [73.81208896215084, 18.643902188272197, 0.0], [73.8120884548476, 18.643903252133736, 0.0], [73.81208716880246, 18.6439068492271, 0.0], [73.81208609256768, 18.64390964638668, 0.0], [73.81208585165311, 18.64391053331945, 0.0], [73.81208545390501, 18.643911645828545, 0.0], [73.81208453867728, 18.643915367071003, 0.0], [73.81208376074215, 18.64391823105752, 0.0], [73.81208361322872, 18.643919129870405, 0.0], [73.81208333048097, 18.64392027949999, 0.0], [73.81208279983845, 18.643924085932223, 0.0], [73.81208232285007, 18.64392699226611, 0.0], [73.81208226877389, 18.643927895391606, 0.0], [73.81208210502533, 18.643929070001136, 0.0], [73.81208196784992, 18.643932921117916, 0.0], [73.81208179273929, 18.643935845637245, 0.0], [73.81208183162128, 18.64393674565438, 0.0], [73.81208178934004, 18.643937932674675, 0.0], [73.81208204941646, 18.64394178704876, 0.0], [73.81208217551521, 18.64394470590814, 0.0], [73.81208230639685, 18.64394559553873, 0.0], [73.81208238646545, 18.64394678216822, 0.0], [73.81208304236931, 18.643950598101977, 0.0], [73.8120834674916, 18.643953487749545, 0.0], [73.81208368895926, 18.643954359848877, 0.0], [73.81208389065107, 18.64395553325632, 0.0], [73.81209115804411, 18.64398779916341, 0.0], [73.81209274466455, 18.643993825814952, 0.0], [73.81210232097128, 18.64402553936005, 0.0], [73.81210433831077, 18.644031447825792, 0.0], [73.81211617825366, 18.644062459059413, 0.0], [73.81211861677399, 18.64406822140237, 0.0], [73.8121326643723, 18.644098383695752, 0.0], [73.81213551254355, 18.644103972669757, 0.0], [73.81215170137804, 18.644133143408176, 0.0], [73.81215494573412, 18.64413853258814, 0.0], [73.81217319926132, 18.644166573844675, 0.0], [73.81217682446179, 18.64417173774823, 0.0], [73.81219705637557, 18.64419851693694, 0.0], [73.81220104528018, 18.644203431148437, 0.0], [73.81222315991987, 18.644228821650067, 0.0], [73.812227493668, 18.644233462933514, 0.0], [73.81225138647086, 18.64425734469524, 0.0], [73.81225604457153, 18.644261691105367, 0.0], [73.81228160256691, 18.644283951207896, 0.0], [73.81228496195884, 18.644286741884773, 0.0], [73.81229990872163, 18.64429858076671, 0.0], [73.81230016554723, 18.644298764656867, 0.0], [73.81230040369253, 18.644298970126005, 0.0], [73.81230388401968, 18.644301427127104, 0.0], [73.81230734681806, 18.644303906531533, 0.0], [73.81230762131526, 18.644304065539632, 0.0], [73.81230787944092, 18.644304247768197, 0.0], [73.81231159564736, 18.64430636775257, 0.0], [73.81231529671314, 18.644308511670292, 0.0], [73.81231558623837, 18.644308644264992, 0.0], [73.81231586185851, 18.644308801498006, 0.0], [73.81231977815511, 18.644310564049057, 0.0], [73.81232368184497, 18.644312351832912, 0.0], [73.81232398360994, 18.644312456737246, 0.0], [73.81232427407019, 18.64431258746048, 0.0], [73.81232835274096, 18.644313975603893, 0.0], [73.81233242146008, 18.64431539003648, 0.0], [73.81233273255862, 18.644315466240155, 0.0], [73.81233303506168, 18.644315569194678, 0.0], [73.81233723682662, 18.64431656956181, 0.0], [73.81234110599239, 18.6443175173149, 0.0], [73.81230469218467, 18.64431867541265, 0.0], [73.8122404131071, 18.644320164074962, 0.0], [73.81219527579556, 18.64431552956476, 0.0], [73.8121735935892, 18.64430663440801, 0.0], [73.81217297449528, 18.644305530691458, 0.0], [73.81216644644307, 18.644295936753913, 0.0], [73.81215909328131, 18.64428690149633, 0.0], [73.81214541710195, 18.644271486156935, 0.0], [73.81213582685815, 18.644261700770578, 0.0], [73.81212527048199, 18.64425286523643, 0.0], [73.8120867838365, 18.64422373213529, 0.0], [73.81206838815574, 18.644205655893803, 0.0], [73.81205823954707, 18.644196612597046, 0.0], [73.81204721361765, 18.644188556512876, 0.0], [73.81203541561523, 18.64418156454036, 0.0], [73.8120229581573, 18.644175703421105, 0.0], [73.81200996015613, 18.644171029102203, 0.0], [73.8119965456837, 18.64416758620217, 0.0], [73.81198284278737, 18.644165407585064, 0.0], [73.8119689822676, 18.644164514046764, 0.0], [73.81195509642946, 18.64416491411649, 0.0], [73.81195400082805, 18.64416504848507, 0.0], [73.811915097651, 18.6437391105905, 0.0], [73.8119962540235, 18.643520639024995, 0.0], [73.812110877864, 18.6433344965971, 0.0], [73.8123102476833, 18.6428539903627, 0.0], [73.812711789943, 18.6429356209395, 0.0], [73.8127160153795, 18.642864809636507, 0.0], [73.8127150874992, 18.642793889380297, 0.0], [73.8127090107621, 18.642723200559097, 0.0], [73.8126978143404, 18.642653082450103, 0.0], [73.8126815519784, 18.6425838715907, 0.0], [73.8126603017348, 18.642515900163396, 0.0], [73.8126341656075, 18.642449494401703, 0.0], [73.8126032690443, 18.642384973024196, 0.0], [73.8125677603403, 18.6423226457048, 0.0], [73.81252780992651, 18.642262811586594, 0.0], [73.8125118756875, 18.642242124705696, 0.0], [73.8124945906257, 18.642222448075497, 0.0], [73.8124760250387, 18.642203861719295, 0.0], [73.8124562544317, 18.642186441226603, 0.0], [73.8124353592106, 18.642170257445102, 0.0], [73.8124134243551, 18.6421553761929, 0.0], [73.8123905390727, 18.6421418579909, 0.0], [73.8123667964362, 18.6421297578165, 0.0], [73.812349466556, 18.642120900651502, 0.0], [73.8123327887819, 18.6421109708166, 0.0], [73.8123168360721, 18.6421000117505, 0.0], [73.8123016782124, 18.642088071394493, 0.0], [73.8122873815117, 18.642075201982404, 0.0], [73.8122740085116, 18.6420614598123, 0.0], [73.8122616177129, 18.642046905000203, 0.0], [73.8122502633196, 18.6420316012169, 0.0], [73.812239995002, 18.642015615409804, 0.0], [73.812230857679, 18.641999017509796, 0.0], [73.8122228913221, 18.641981880125197, 0.0], [73.8121149233276, 18.641871705698797, 0.0], [73.8120220436082, 18.641683122926196, 0.0], [73.8117648910325, 18.641663979053796, 0.0], [73.8113360191942, 18.6416729471968, 0.0], [73.8111099822834, 18.641583924152496, 0.0], [73.8110921338132, 18.641507896682295, 0.0], [73.810821649292, 18.641536040632793, 0.0], [73.81082170213443, 18.641534017175342, 0.0], [73.81082102100918, 18.64152517319836, 0.0], [73.8108194338087, 18.64151643544972, 0.0]], [[73.81274927451231, 18.64157306709374, 0.0], [73.81275143596197, 18.64157276669998, 0.0], [73.81290459352897, 18.641548032819106, 0.0], [73.81290712656366, 18.641547555752105, 0.0], [73.81294731103496, 18.641538897063352, 0.0], [73.81295019527653, 18.641538184049164, 0.0], [73.81298972958814, 18.641527135434313, 0.0], [73.81299256113081, 18.641526251063954, 0.0], [73.81303128903208, 18.641512856190047, 0.0], [73.81303405668471, 18.641511803958814, 0.0], [73.8130718251124, 18.641496115766, 0.0], [73.81307451793637, 18.641494899832658, 0.0], [73.81311117761935, 18.64147698032507, 0.0], [73.81311378497215, 18.64147560549519, 0.0], [73.81314919102162, 18.641455525495395, 0.0], [73.81315119304321, 18.641454324607995, 0.0], [73.8133075222571, 18.641355276859468, 0.0], [73.81334415274843, 18.64133848302588, 0.0], [73.81338346299125, 18.641323393674114, 0.0], [73.8133890878075, 18.641321632664848, 0.0], [73.81348437091695, 18.641297197739387, 0.0], [73.81350640899596, 18.641293236441633, 0.0], [73.81354847719753, 18.641288364602804, 0.0], [73.81359078964648, 18.641286127161397, 0.0], [73.81363316499841, 18.641286533706957, 0.0], [73.81367687124325, 18.641289687084893, 0.0], [73.81370236084031, 18.641291627762122, 0.0], [73.81370186560272, 18.64129409517993, 0.0], [73.81370102166024, 18.641302956479358, 0.0], [73.81369555066888, 18.641429203081046, 0.0], [73.81369562357939, 18.6414380764717, 0.0], [73.81369660912037, 18.64144690026087, 0.0], [73.81369849778805, 18.641455589358007, 0.0], [73.81370127136957, 18.641464059971437, 0.0], [73.81370490311853, 18.641472230416362, 0.0], [73.81370935801296, 18.64148002190259, 0.0], [73.813714593093, 18.64148735929436, 0.0], [73.81372055787521, 18.641494171834854, 0.0], [73.81372719483937, 18.64150039382854, 0.0], [73.81373443998318, 18.641505965274764, 0.0], [73.81374222343943, 18.641510832446244, 0.0], [73.8137504701498, 18.64151494840728, 0.0], [73.81375910058863, 18.641518273466318, 0.0], [73.81376803152978, 18.64152077555872, 0.0], [73.81377717684929, 18.641522430555995, 0.0], [73.81378644835591, 18.64152322249845, 0.0], [73.81391161202424, 18.641528026916827, 0.0], [73.81392094115141, 18.641527947005635, 0.0], [73.81393021685449, 18.64152699327165, 0.0], [73.81393934928373, 18.6415251749533, 0.0], [73.81394824997712, 18.64152250966384, 0.0], [73.81395683271745, 18.6415190232208, 0.0], [73.81396501436738, 18.641514749395856, 0.0], [73.81397271567478, 18.641509729587735, 0.0], [73.81397986204041, 18.641504012421166, 0.0], [73.81398638424052, 18.6414976532759, 0.0], [73.81399221909743, 18.641490713750247, 0.0], [73.81399731009144, 18.641483261064426, 0.0], [73.81400160790841, 18.641475367409367, 0.0], [73.81400507091733, 18.641467109247532, 0.0], [73.81400766557366, 18.64145856657213, 0.0], [73.8140093667442, 18.641449822132373, 0.0], [73.81401015795062, 18.641440960631826, 0.0], [73.8140148579418, 18.641315439078927, 0.0], [73.8140147372302, 18.641306633625174, 0.0], [73.81401394876973, 18.64129986306471, 0.0], [73.81406787176357, 18.641298082204212, 0.0], [73.81407057533944, 18.6412979190711, 0.0], [73.81419876762298, 18.641286669844064, 0.0], [73.81420145700541, 18.641286359730177, 0.0], [73.81432876567226, 18.64126814702881, 0.0], [73.81433144597814, 18.641267688173986, 0.0], [73.8146348831225, 18.641207115152366, 0.0], [73.81463754507541, 18.641206506772708, 0.0], [73.81493680751895, 18.64112933499581, 0.0], [73.81493958800812, 18.64112853000852, 0.0], [73.81497601618096, 18.641116809369482, 0.0], [73.81497889569908, 18.641115782574257, 0.0], [73.81501445011523, 18.641101835245408, 0.0], [73.81501725374308, 18.641100632649348, 0.0], [73.81505178480388, 18.641084517315527, 0.0], [73.81505248245823, 18.641084164541155, 0.0], [73.81507132355117, 18.641098273788476, 0.0], [73.81507866872174, 18.641103420038167, 0.0], [73.81510822223629, 18.641122766560976, 0.0], [73.8151160729977, 18.641127552737444, 0.0], [73.81514689244615, 18.641145012282102, 0.0], [73.8151550552308, 18.641149297949443, 0.0], [73.81518700823001, 18.64116479551924, 0.0], [73.81519544797581, 18.641168562268863, 0.0], [73.81522839727351, 18.641182031294502, 0.0], [73.8152373371994, 18.641185350047536, 0.0], [73.81526964478361, 18.64119616180037, 0.0], [73.81527906425092, 18.641198968024128, 0.0], [73.81531208073486, 18.641207617451624, 0.0], [73.81531292372492, 18.6412078356396, 0.0], [73.81535979875704, 18.64121982087012, 0.0], [73.81536522714372, 18.641221565660707, 0.0], [73.81537012053143, 18.641223507034645, 0.0], [73.81537486145447, 18.641225766183226, 0.0], [73.81537942723772, 18.64122833230129, 0.0], [73.81538379604228, 18.64123119311468, 0.0], [73.81538794697164, 18.64123433493981, 0.0], [73.81539186017227, 18.64123774274957, 0.0], [73.8153955588308, 18.641241442156446, 0.0], [73.8153955696308, 18.641241454553125, 0.0], [73.81539561507938, 18.641241514527927, 0.0], [73.8153956561831, 18.641241577287044, 0.0], [73.81539569275505, 18.641241642545133, 0.0], [73.81539572462864, 18.641241710004937, 0.0], [73.815395751659, 18.641241779359834, 0.0], [73.8153971046125, 18.641246129002614, 0.0], [73.81543664225084, 18.64137400949342, 0.0], [73.81546384427928, 18.641461944511995, 0.0], [73.81548409215323, 18.64154711210051, 0.0], [73.81549931363809, 18.641637615278963, 0.0], [73.81549976043229, 18.641639632710636, 0.0], [73.81550007976733, 18.64164175812825, 0.0], [73.8155085703096, 18.641683840363207, 0.0], [73.81549839937885, 18.641691793070496, 0.0], [73.81548865079586, 18.64170105646722, 0.0], [73.81547988749153, 18.641711175017146, 0.0], [73.81547219158892, 18.6417220538971, 0.0], [73.8154656352083, 18.64173359115863, 0.0], [73.81546027979118, 18.64174567868343, 0.0], [73.81545617552469, 18.641758203196563, 0.0], [73.81545336087109, 18.641771047327897, 0.0], [73.81545186220748, 18.641784090712104, 0.0], [73.81545169357847, 18.641797211116575, 0.0], [73.81545285656463, 18.64181028558688, 0.0], [73.81545534026765, 18.641823191599045, 0.0], [73.81552609660288, 18.642111448304444, 0.0], [73.81553000029093, 18.642124408124488, 0.0], [73.81553523539245, 18.64213693410169, 0.0], [73.81554175010318, 18.642148902283807, 0.0], [73.8155494799563, 18.642160194238294, 0.0], [73.8155583484604, 18.642170698224273, 0.0], [73.81556826785629, 18.642180310298276, 0.0], [73.8155791399856, 18.642188935342848, 0.0], [73.81559085726194, 18.64219648800777, 0.0], [73.81560330373566, 18.64220289355469, 0.0], [73.81561635624116, 18.642208088596693, 0.0], [73.81562988561578, 18.64221202172556, 0.0], [73.81564375797784, 18.642214654020492, 0.0], [73.81565783605164, 18.64221595943326, 0.0], [73.81567198052575, 18.642215925045956, 0.0], [73.81568605143165, 18.642214551198848, 0.0], [73.81569990952892, 18.642211851487005, 0.0], [73.81583726097774, 18.642178231233792, 0.0], [73.81584573002604, 18.64218920903621, 0.0], [73.81585095466563, 18.642195574609797, 0.0], [73.81586455907336, 18.642211168565296, 0.0], [73.81586463739852, 18.64221124987385, 0.0], [73.81586470635288, 18.64221133710578, 0.0], [73.81598718319829, 18.64235126391575, 0.0], [73.81598863664436, 18.642352765443487, 0.0], [73.81599001023734, 18.642354395454078, 0.0], [73.8159935475391, 18.64235783879597, 0.0], [73.81599679821069, 18.642361197003073, 0.0], [73.81599831859008, 18.642362483115164, 0.0], [73.81599977323653, 18.64236389912228, 0.0], [73.81600374169173, 18.64236707059924, 0.0], [73.81600740316347, 18.64237016789359, 0.0], [73.81600896066932, 18.642371241457976, 0.0], [73.81601046641599, 18.642372444807904, 0.0], [73.81601484431134, 18.642375296960005, 0.0], [73.81601889261151, 18.642378087389517, 0.0], [73.8160204587707, 18.64237895472008, 0.0], [73.81602198679452, 18.64237995021118, 0.0], [73.81602931819619, 18.642384239202173, 0.0], [73.81603237558713, 18.642386313781223, 0.0], [73.81603527761237, 18.642388582095027, 0.0], [73.81603801078782, 18.642391033604017, 0.0], [73.81604056241268, 18.64239365691627, 0.0], [73.81604292063065, 18.642396439842354, 0.0], [73.81604507448488, 18.642399369452132, 0.0], [73.81604701396672, 18.642402432132222, 0.0], [73.81604873006394, 18.642405613651157, 0.0], [73.8160502148027, 18.642408899226034, 0.0], [73.8160514612842, 18.642412273590523, 0.0], [73.81605246371649, 18.64241572106535, 0.0], [73.81605321744142, 18.642419225630604, 0.0], [73.81605371895685, 18.642422771002455, 0.0], [73.81605396593245, 18.642426340707402, 0.0], [73.81605395722056, 18.642429918157763, 0.0], [73.8160533512831, 18.642438097689503, 0.0], [73.81605301589845, 18.642445499037205, 0.0], [73.81605280240208, 18.642458347780256, 0.0], [73.8160529223634, 18.64246646035216, 0.0], [73.81605351569058, 18.642479298253807, 0.0], [73.81605414461612, 18.642487389449528, 0.0], [73.81605554264121, 18.64250017051209, 0.0], [73.81605667827758, 18.642508211341323, 0.0], [73.81605887599176, 18.642520889770864, 0.0], [73.81606051427028, 18.642528851424647, 0.0], [73.81606350379957, 18.64254138179507, 0.0], [73.81606563885082, 18.642549235747857, 0.0], [73.81606940948426, 18.642561573163544, 0.0], [73.81607225187575, 18.642569868974807, 0.0], [73.81608321050763, 18.64259867560597, 0.0], [73.81608686648374, 18.64260734188286, 0.0], [73.81609988034499, 18.64263536063925, 0.0], [73.81610415376986, 18.64264376630966, 0.0], [73.81611916105832, 18.642670864129123, 0.0], [73.81612403163828, 18.642678969275334, 0.0], [73.81614096108508, 18.642705017468998, 0.0], [73.81614640568911, 18.642712783598004, 0.0], [73.81616517689649, 18.642737658461776, 0.0], [73.81617116966872, 18.642745048692642, 0.0], [73.81619169349244, 18.64276863209461, 0.0], [73.81619820597315, 18.642775611330613, 0.0], [73.81622038494534, 18.642797791271775, 0.0], [73.81622664886712, 18.642803679480696, 0.0], [73.81630343815267, 18.642871526681237, 0.0], [73.81630929863678, 18.642876426959823, 0.0], [73.81635988435741, 18.64291643966813, 0.0], [73.81635395792622, 18.6433898777547, 0.0], [73.81635137769898, 18.643535538213456, 0.0], [73.81634780079364, 18.643530779355316, 0.0], [73.81634511983019, 18.643527463354836, 0.0], [73.81634090039668, 18.643522605057615, 0.0], [73.81633798330977, 18.64351947540789, 0.0], [73.81633341864014, 18.643514909520334, 0.0], [73.81633027964156, 18.643511981468723, 0.0], [73.81632539197395, 18.64350773023502, 0.0], [73.8163220463567, 18.643505018046813, 0.0], [73.81631685950407, 18.64350110217919, 0.0], [73.81631332356743, 18.643498619067664, 0.0], [73.81630786279851, 18.643495057643097, 0.0], [73.81630415376931, 18.643492815705844, 0.0], [73.81629844568953, 18.643489626075997, 0.0], [73.81629458163779, 18.643487636235477, 0.0], [73.81628865405713, 18.643484833940136, 0.0], [73.81628465380804, 18.643483105890546, 0.0], [73.81627853560309, 18.643480704581236, 0.0], [73.81627441864538, 18.64347924674145, 0.0], [73.81626813962653, 18.64347725811817, 0.0], [73.8162639260177, 18.64347607759056, 0.0], [73.81625751676818, 18.643474511339587, 0.0], [73.81625322703633, 18.643473613875763, 0.0], [73.81624671879248, 18.643472477630333, 0.0], [73.81624237383686, 18.64347186760237, 0.0], [73.81623579829517, 18.64347116689611, 0.0], [73.81623141928374, 18.643470847276202, 0.0], [73.81622480848564, 18.643470585523875, 0.0], [73.81622041675256, 18.64347055786912, 0.0], [73.81621380290414, 18.643470736345762, 0.0], [73.81620941984546, 18.643471000790864, 0.0], [73.81620283517007, 18.64347161862672, 0.0], [73.81619848213946, 18.643472173883264, 0.0], [73.81619195871409, 18.643473228068487, 0.0], [73.81618765691898, 18.643474071431374, 0.0], [73.8161812265235, 18.64347555683073, 0.0], [73.81617699692195, 18.64347668419127, 0.0], [73.81617069089107, 18.6434785935664, 0.0], [73.81616655408895, 18.64347999943211, 0.0], [73.81616040314019, 18.64348232348183, 0.0], [73.81615637929185, 18.64348400100342, 0.0], [73.81615041339072, 18.643486728406007, 0.0], [73.81614652209966, 18.64348866941098, 0.0], [73.81614077031446, 18.643491786877554, 0.0], [73.81613703053874, 18.64349398190944, 0.0], [73.81613152088968, 18.64349747425303, 0.0], [73.81612795084907, 18.64349991261794, 0.0], [73.81612271018122, 18.64350376282242, 0.0], [73.81611932726857, 18.643506432640773, 0.0], [73.81611438111149, 18.643510621949947, 0.0], [73.81611120180796, 18.643513510214774, 0.0], [73.81610657425918, 18.643518018218572, 0.0], [73.81610361405399, 18.643521110858575, 0.0], [73.81609932765821, 18.643525915594946, 0.0], [73.8160966009733, 18.64352919754305, 0.0], [73.81609267661419, 18.643534275602978, 0.0], [73.81609019673358, 18.643537730870015, 0.0], [73.81608665352998, 18.643543057514023, 0.0], [73.81608443253556, 18.6435466692661, 0.0], [73.81608128774997, 18.64355221854267, 0.0], [73.81607933646205, 18.64355596918393, 0.0], [73.81607660541447, 18.643561714059746, 0.0], [73.8160749333397, 18.643565585317383, 0.0], [73.81607262933697, 18.64357149780111, 0.0], [73.8160712446215, 18.643575470814756, 0.0], [73.81606937888748, 18.643581522104036, 0.0], [73.81606828827759, 18.643585577517594, 0.0], [73.81606686990294, 18.64359173812772, 0.0], [73.81606607871193, 18.643595856183623, 0.0], [73.81606511460578, 18.643602096106292, 0.0], [73.81606462668844, 18.64360625674182, 0.0], [73.81606412154885, 18.64361254557165, 0.0], [73.81606393928223, 18.643616728516637, 0.0], [73.81606389556993, 18.64362303561745, 0.0], [73.8160640198421, 18.643627220492977, 0.0], [73.81606443776998, 18.643633515134642, 0.0], [73.81606486797547, 18.643637681552335, 0.0], [73.81606574550818, 18.64364393307439, 0.0], [73.81606647955132, 18.64364806073603, 0.0], [73.81606781241257, 18.643654238673218, 0.0], [73.81606884671706, 18.64365830746919, 0.0], [73.81607062841424, 18.643664381728904, 0.0], [73.81607195794115, 18.643668371836437, 0.0], [73.8160741797935, 18.643674312823038, 0.0], [73.81607579806553, 18.643678204802697, 0.0], [73.81607844924966, 18.64368398357513, 0.0], [73.8160803483829, 18.643687758465596, 0.0], [73.81608341598137, 18.643693346867288, 0.0], [73.81608558672336, 18.643696986277554, 0.0], [73.81608905579091, 18.643702357082315, 0.0], [73.81609148756608, 18.643705843281666, 0.0], [73.81609534120254, 18.643710970324765, 0.0], [73.81609802216353, 18.64371428632869, 0.0], [73.81610224159475, 18.643719144631916, 0.0], [73.81610515868024, 18.643722274285185, 0.0], [73.81610972334977, 18.64372684017927, 0.0], [73.81611286234809, 18.643729768234458, 0.0], [73.81611775001582, 18.64373401947336, 0.0], [73.81612109563396, 18.643736731665257, 0.0], [73.8161262824883, 18.643740647538078, 0.0], [73.81612981842677, 18.643743130653153, 0.0], [73.81613527919984, 18.643746692083376, 0.0], [73.81613898823188, 18.64374893402401, 0.0], [73.81613970380587, 18.643749333881402, 0.0], [73.81613962857637, 18.643750971944804, 0.0], [73.81565183409161, 18.643747899409824, 0.0], [73.8156425349116, 18.64374827642008, 0.0], [73.81563331934359, 18.643749520950156, 0.0], [73.81562427623322, 18.643751621001762, 0.0], [73.8156154927636, 18.643754556328634, 0.0], [73.81560705361461, 18.643758298631802, 0.0], [73.81559904014664, 18.643762811832364, 0.0], [73.81559152961619, 18.64376805241933, 0.0], [73.81558459443104, 18.643773969869088, 0.0], [73.81557830145219, 18.64378050713252, 0.0], [73.81557271134925, 18.643787601184968, 0.0], [73.81556787801551, 18.64379518363389, 0.0], [73.81556384804846, 18.643803181378143, 0.0], [73.81556066030045, 18.64381151731282, 0.0], [73.81555834550412, 18.643820111072557, 0.0], [73.81555692597622, 18.643828879806314, 0.0], [73.8155564154023, 18.643837738976146, 0.0], [73.81555506591283, 18.644060699669293, 0.0], [73.81555546829676, 18.644069554418135, 0.0], [73.81555677873642, 18.64407832899761, 0.0], [73.81555898462517, 18.644086938993993, 0.0], [73.81556206474194, 18.644095301576858, 0.0], [73.81556598945532, 18.644103336295963, 0.0], [73.81557072100863, 18.64411096585521, 0.0], [73.81557621388319, 18.644118116856195, 0.0], [73.8155824152362, 18.644124720504394, 0.0], [73.81558926540905, 18.644130713270933, 0.0], [73.81559669850131, 18.644136037503788, 0.0], [73.81560464300468, 18.644140641982396, 0.0], [73.81561302249092, 18.644144482410425, 0.0], [73.81562175634713, 18.64414752184191, 0.0], [73.81563076055127, 18.644149731036677, 0.0], [73.81563994848044, 18.64415108874168, 0.0], [73.81564923174426, 18.644151581895397, 0.0], [73.81613363236393, 18.644154633120436, 0.0], [73.81613356905724, 18.64434894127919, 0.0], [73.81612152092103, 18.64463309764613, 0.0], [73.81612148699719, 18.644635561426536, 0.0], [73.81612154816212, 18.64463968270034, 0.0], [73.816121406269, 18.644642325721836, 0.0], [73.81612108381397, 18.644644954290513, 0.0], [73.81612058217047, 18.644647557210323, 0.0], [73.81611990347558, 18.644650123392505, 0.0], [73.8161190506203, 18.644652641905886, 0.0], [73.81611802723731, 18.64465510202304, 0.0], [73.81611683768614, 18.64465749326406, 0.0], [73.81611548703421, 18.644659805442338, 0.0], [73.81611398103456, 18.644662028709266, 0.0], [73.81611232610206, 18.644664153594732, 0.0], [73.81611052928714, 18.644666171046197, 0.0], [73.81610859824356, 18.64466807247007, 0.0], [73.81610792734367, 18.644668652130395, 0.0], [73.81598890592645, 18.64474500206007, 0.0], [73.8150907192939, 18.645309553760065, 0.0], [73.81496331413031, 18.645132756840475, 0.0], [73.81509733553845, 18.64503444656588, 0.0], [73.81510442079454, 18.645028700190387, 0.0], [73.81511088106676, 18.645022319474894, 0.0], [73.81511665413913, 18.645015365869234, 0.0], [73.81512168441388, 18.645007906340496, 0.0], [73.81512592344674, 18.645000012728083, 0.0], [73.81512933041361, 18.644991761051845, 0.0], [73.8151318725036, 18.64498323077999, 0.0], [73.81513352523514, 18.644974504063725, 0.0], [73.81513427269165, 18.644965664946135, 0.0], [73.81513410767484, 18.64495679855276, 0.0], [73.81513303177407, 18.644947990271813, 0.0], [73.81513105535097, 18.644939324931848, 0.0], [73.81512819743973, 18.64493088598479, 0.0], [73.8151244855637, 18.644922754702286, 0.0], [73.8151199554704, 18.64491500939299, 0.0], [73.81511465078714, 18.64490772464839, 0.0], [73.81510308864893, 18.64489340186812, 0.0], [73.81518572709672, 18.644832782963597, 0.0], [73.8151928123414, 18.64482703658402, 0.0], [73.81519927260254, 18.644820655864734, 0.0], [73.81520504566431, 18.644813702255593, 0.0], [73.81521007592897, 18.644806242723735, 0.0], [73.81521431495241, 18.644798349108587, 0.0], [73.81521772191057, 18.644790097430036, 0.0], [73.81522026399267, 18.64478156715629, 0.0], [73.8152219167172, 18.644772840438613, 0.0], [73.81522266416765, 18.64476400132007, 0.0], [73.8152224991458, 18.644755134926235, 0.0], [73.81522142324107, 18.64474632664532, 0.0], [73.81521944681509, 18.644737661305875, 0.0], [73.8152165889021, 18.644729222359842, 0.0], [73.81521287702547, 18.64472109107884, 0.0], [73.8152083469327, 18.644713345771518, 0.0], [73.81520304225116, 18.644706061029346, 0.0], [73.81505851582027, 18.644527026424498, 0.0], [73.8150524876484, 18.64452027239892, 0.0], [73.81504579402969, 18.64451411413894, 0.0], [73.81503849942736, 18.644508610951892, 0.0], [73.81503067409237, 18.64450381583643, 0.0], [73.81502239338697, 18.64449977497207, 0.0], [73.81501373705879, 18.644496527274487, 0.0], [73.81500478847292, 18.64449410402075, 0.0], [73.81499563380902, 18.644492528548067, 0.0], [73.81498636123139, 18.644491816029063, 0.0], [73.81497706003991, 18.644491973325696, 0.0], [73.81496781980997, 18.64449299892308, 0.0], [73.81495872952992, 18.644494882944173, 0.0], [73.81494987674401, 18.644497607244844, 0.0], [73.8149413467093, 18.644501145588595, 0.0], [73.81493322157458, 18.644505463899304, 0.0], [73.81492557958927, 18.64451052058932, 0.0], [73.81465692658603, 18.64470758883121, 0.0], [73.81441932507018, 18.644377872126668, 0.0], [73.81485497825167, 18.644094699916963, 0.0], [73.81486214893144, 18.644089548344848, 0.0], [73.81488769392048, 18.64406931880584, 0.0], [73.81489258916997, 18.644065161178688, 0.0], [73.8149166061509, 18.64404329680782, 0.0], [73.81492118820888, 18.644038826565993, 0.0], [73.8149435622907, 18.644015431957406, 0.0], [73.81494780923806, 18.64401067048521, 0.0], [73.81496843338864, 18.643985857553577, 0.0], [73.8149723249088, 18.643980827629218, 0.0], [73.81499110046802, 18.643954715073793, 0.0], [73.81499461794522, 18.643949440758963, 0.0], [73.81501145509587, 18.643922153496394, 0.0], [73.81501458170344, 18.643916660022306, 0.0], [73.81502939990159, 18.643888328588535, 0.0], [73.8150321206827, 18.643882642234846, 0.0], [73.8150448490428, 18.643853402160733, 0.0], [73.8150471509822, 18.643847550129536, 0.0], [73.81505772861601, 18.643817541292886, 0.0], [73.81505960070209, 18.643811551578644, 0.0], [73.81506797701003, 18.643780917534375, 0.0], [73.81506941028732, 18.643774818790792, 0.0], [73.81507554520064, 18.64374370608479, 0.0], [73.81507653281301, 18.643737527486834, 0.0], [73.81508039698525, 18.64370608495478, 0.0], [73.81508093420855, 18.64369985605881, 0.0], [73.81508250915584, 18.64366823411385, 0.0], [73.8150825934204, 18.643661984717884, 0.0], [73.8150818716102, 18.643630334631563, 0.0], [73.81508150251318, 18.64362409463077, 0.0], [73.8150784873999, 18.643592567809197, 0.0], [73.81507766670735, 18.643586367054667, 0.0], [73.81507237271614, 18.643555114313724, 0.0], [73.81507110435426, 18.643548982467667, 0.0], [73.81506355681164, 18.64351815331263, 0.0], [73.81506184684822, 18.64351211970839, 0.0], [73.81505208186113, 18.643481861617797, 0.0], [73.81504993847662, 18.643475955118937, 0.0], [73.8150380027596, 18.643446412839236, 0.0], [73.81503543620734, 18.643440661700033, 0.0], [73.81502138685887, 18.6434119765537, 0.0], [73.81501840941728, 18.643406408287046, 0.0], [73.81500231364708, 18.643378717495903, 0.0], [73.81499893955922, 18.643373358737982, 0.0], [73.8149808743661, 18.64334679476719, 0.0], [73.81497711977315, 18.643341671153323, 0.0], [73.81495717157718, 18.64331636107755, 0.0], [73.81495305444011, 18.643311497117384, 0.0], [73.81493131866878, 18.64328756201289, 0.0], [73.81492685868332, 18.643282980974632, 0.0], [73.8149034393154, 18.643260535340055, 0.0], [73.81489865781664, 18.643256259137644, 0.0], [73.81487366688444, 18.643235410346524, 0.0], [73.81486858674633, 18.64323145943651, 0.0], [73.81484214380002, 18.643212307223294, 0.0], [73.8148367893236, 18.643208700504953, 0.0], [73.81480902085909, 18.64319133648848, 0.0], [73.81480341765995, 18.643188091216132, 0.0], [73.81477445651403, 18.643172598460563, 0.0], [73.81476863139576, 18.643169730158235, 0.0], [73.8147386161103, 18.643156182776224, 0.0], [73.81473259693843, 18.64315370516495, 0.0], [73.81470167109815, 18.643142167963255, 0.0], [73.8146954866668, 18.643140092895273, 0.0], [73.81466379821182, 18.643130621064365, 0.0], [73.81465747810579, 18.643128958466235, 0.0], [73.81462517862458, 18.643121597316426, 0.0], [73.81461875307743, 18.643120355141473, 0.0], [73.81458599708091, 18.643115139886078, 0.0], [73.81457949682951, 18.643114324076347, 0.0], [73.81454644101265, 18.643111279663785, 0.0], [73.81453989715371, 18.64311089412202, 0.0], [73.81450669964572, 18.643110035115548, 0.0], [73.81450014348232, 18.64311008168596, 0.0], [73.81446696308991, 18.64311141219475, 0.0], [73.81446042598472, 18.643111890654556, 0.0], [73.8144274214331, 18.643115404313797, 0.0], [73.81442093465753, 18.643116312374243, 0.0], [73.81438826383034, 18.643121992375658, 0.0], [73.814381858416, 18.64312332569268, 0.0], [73.81434967760072, 18.643131144864597, 0.0], [73.81434338418826, 18.643132897060166, 0.0], [73.81431184732828, 18.643142817998058, 0.0], [73.8143056960243, 18.64314498068995, 0.0], [73.81427495398266, 18.643156955934796, 0.0], [73.8142689742123, 18.643159518777647, 0.0], [73.81423917404994, 18.64317349104353, 0.0], [73.81423339441903, 18.643176441777392, 0.0], [73.81420467869134, 18.64319234422513, 0.0], [73.81419912684883, 18.643195668734023, 0.0], [73.8141721124222, 18.643213115613435, 0.0], [73.81348497979593, 18.643645305026418, 0.0], [73.81341409521583, 18.643569090459756, 0.0], [73.81341283625105, 18.64356778910578, 0.0], [73.81324533022253, 18.64340130891777, 0.0], [73.81324359882227, 18.643399674382362, 0.0], [73.81323317032539, 18.64339032309085, 0.0], [73.81323090857319, 18.64338842058304, 0.0], [73.81321987720078, 18.64337972057392, 0.0], [73.81321749307848, 18.643377959063375, 0.0], [73.81320590351054, 18.643369945573728, 0.0], [73.81320340667376, 18.643368332194473, 0.0], [73.8131913058509, 18.643361037680965, 0.0], [73.81318870641309, 18.64335957896797, 0.0], [73.81317614334674, 18.643353032975075, 0.0], [73.81317345183551, 18.643351734836074, 0.0], [73.81316047740917, 18.643345963876776, 0.0], [73.81315770472642, 18.643344831569873, 0.0], [73.81314437148986, 18.64333985901793, 0.0], [73.81314152886563, 18.643338897129198, 0.0], [73.81312789082149, 18.643334743124502, 0.0], [73.81312498976858, 18.64333395554966, 0.0], [73.81312498127805, 18.64333395352073, 0.0], [73.81311979673572, 18.643328527816145, 0.0], [73.81310697551682, 18.643313272524086, 0.0], [73.81309519314742, 18.64329727409021, 0.0], [73.81308449689679, 18.643280596698258, 0.0], [73.81307492967653, 18.64326330725585, 0.0], [73.81306633180509, 18.64324505465229, 0.0], [73.81300366986072, 18.643095104978197, 0.0], [73.81299938386718, 18.64308335304991, 0.0], [73.81299606339498, 18.64307183383463, 0.0], [73.81299355232903, 18.643060129925125, 0.0], [73.81299186174445, 18.643048292942616, 0.0], [73.81299099909755, 18.643036375095363, 0.0], [73.812990968193, 18.64302442894773, 0.0], [73.81299176916681, 18.64301250718933, 0.0], [73.81299339848609, 18.643000662402336, 0.0], [73.81299584896443, 18.642988946829067, 0.0], [73.81299951105574, 18.64297599273832, 0.0], [73.81301068907459, 18.642936667655057, 0.0], [73.81301138510015, 18.642933868911012, 0.0], [73.81301992206382, 18.64289391504665, 0.0], [73.81302042986545, 18.64289107975624, 0.0], [73.81302628264852, 18.642850689040706, 0.0], [73.81302660016836, 18.64284782869471, 0.0], [73.81302974505266, 18.6428071648235, 0.0], [73.81302987100402, 18.64280429101456, 0.0], [73.81303029524621, 18.642763518789817, 0.0], [73.81303022911877, 18.64276064316445, 0.0], [73.81302793100134, 18.642719927827596, 0.0], [73.81302767306323, 18.642717062040468, 0.0], [73.81302266190217, 18.64267656860209, 0.0], [73.81302221319893, 18.64267372426759, 0.0], [73.81301450930553, 18.642633616838875, 0.0], [73.8130138716558, 18.6426308054844, 0.0], [73.8130035062543, 18.642591246612035, 0.0], [73.81300267238254, 18.64258845016593, 0.0], [73.81295975781187, 18.64246035564666, 0.0], [73.81295872515608, 18.64245758731879, 0.0], [73.81290716765544, 18.64233242253465, 0.0], [73.81290594843473, 18.64232972404118, 0.0], [73.81284596605184, 18.6422080182934, 0.0], [73.81284456542251, 18.642205401045825, 0.0], [73.81277641183107, 18.64208766900679, 0.0], [73.81277483571655, 18.642085144072986, 0.0], [73.81269879914323, 18.64197188360998, 0.0], [73.81269875790382, 18.641971822290575, 0.0], [73.81266141929311, 18.64191640140206, 0.0], [73.81262845785353, 18.64186010725952, 0.0], [73.81259920759938, 18.641801979516263, 0.0], [73.8125737802671, 18.641742240229263, 0.0], [73.8125522729889, 18.64168111761153, 0.0], [73.81253476792139, 18.6416188451606, 0.0], [73.81253061992196, 18.64159933868705, 0.0], [73.81253901807159, 18.64159785834898, 0.0], [73.8125952019743, 18.64159103404792, 0.0], [73.81274927451231, 18.64157306709374, 0.0]], [[73.81349421860534, 18.64094573362551, 0.0], [73.81348984189403, 18.6409379566695, 0.0], [73.81348469022807, 18.640930623803822, 0.0], [73.8134788127481, 18.640923804974992, 0.0], [73.81347226551817, 18.640917565226253, 0.0], [73.81346511099085, 18.640911964077112, 0.0], [73.81345741741157, 18.640907054955623, 0.0], [73.8134492581676, 18.64090288468873, 0.0], [73.81344071108812, 18.64089949305565, 0.0], [73.81340693878396, 18.640887901542172, 0.0], [73.81337691855803, 18.640875403818615, 0.0], [73.81334783065616, 18.64086104167207, 0.0], [73.81331980232765, 18.64084487793203, 0.0], [73.81329295618664, 18.640826983309484, 0.0], [73.81326740967555, 18.640807436087393, 0.0], [73.81324327455098, 18.64078632177814, 0.0], [73.8132184907437, 18.640761569886426, 0.0], [73.81321160551367, 18.640755348898097, 0.0], [73.81320410248682, 18.640749815097614, 0.0], [73.81319605680918, 18.64074502390832, 0.0], [73.8131946705036, 18.640744372026845, 0.0], [73.8132004374789, 18.64073906272145, 0.0], [73.8132026335966, 18.64073690160701, 0.0], [73.81321860148226, 18.64072010337644, 0.0], [73.81322064183982, 18.640717807715, 0.0], [73.81323540145725, 18.64070003360155, 0.0], [73.81323727700668, 18.64069761357329, 0.0], [73.81325076289866, 18.64067894240311, 0.0], [73.81325246532138, 18.640676408741577, 0.0], [73.8132646176802, 18.64065692331943, 0.0], [73.81326613942676, 18.64065428726037, 0.0], [73.81327690435845, 18.640634074001788, 0.0], [73.81327823867997, 18.640631347236074, 0.0], [73.81328756844378, 18.640610495784607, 0.0], [73.8132887094227, 18.6406076904053, 0.0], [73.8132965626428, 18.640586293234882, 0.0], [73.81329750521918, 18.64058342168334, 0.0], [73.81330384706807, 18.640561573687933, 0.0], [73.81330458706177, 18.64055864869912, 0.0], [73.81330938941474, 18.640536446771833, 0.0], [73.81330992354407, 18.640533481317654, 0.0], [73.81331316510379, 18.640511023921622, 0.0], [73.81331349099996, 18.64050803115408, 0.0], [73.81331515739149, 18.64048541788502, 0.0], [73.81331527360935, 18.640482411075997, 0.0], [73.81331535744296, 18.640459742221008, 0.0], [73.81331535763746, 18.64045967576677, 0.0], [73.81331539613072, 18.640441815428787, 0.0], [73.81331652744295, 18.640425429237496, 0.0], [73.81331875009042, 18.640409144857717, 0.0], [73.81332205506702, 18.640393028272744, 0.0], [73.81332642898091, 18.64037714478526, 0.0], [73.8133318541091, 18.640361558753913, 0.0], [73.81333830846907, 18.640346333332115, 0.0], [73.81334576590794, 18.640331530212144, 0.0], [73.81335419620885, 18.64031720937463, 0.0], [73.81336371428856, 18.640303209575972, 0.0], [73.81341275009609, 18.640238712876442, 0.0], [73.81341419719618, 18.640236696987266, 0.0], [73.81346017448786, 18.640168778909885, 0.0], [73.81346150518421, 18.64016669141271, 0.0], [73.81350356473733, 18.640096503856427, 0.0], [73.81350404010955, 18.640095611572814, 0.0], [73.81350456520681, 18.640094744992382, 0.0], [73.81354339387622, 18.640022721138827, 0.0], [73.81357309425093, 18.639975859988727, 0.0], [73.81359199791795, 18.639990908040087, 0.0], [73.81359641243432, 18.63999408509275, 0.0], [73.81360051790237, 18.639997183966525, 0.0], [73.8137559333404, 18.640102954462566, 0.0], [73.81376755916209, 18.640110079784442, 0.0], [73.81377985576276, 18.640116095429427, 0.0], [73.81379270695447, 18.640120944556934, 0.0], [73.81380599130895, 18.64012458134851, 0.0], [73.8138195833051, 18.640126971440864, 0.0], [73.81383335451491, 18.640128092250475, 0.0], [73.813847174817, 18.64012793318701, 0.0], [73.81386091362613, 18.640126495753428, 0.0], [73.81387444112708, 18.640123793531714, 0.0], [73.81388762950127, 18.64011985205461, 0.0], [73.81390035413442, 18.64011470856431, 0.0], [73.8139124947941, 18.64010841166059, 0.0], [73.81392393676578, 18.640101020841584, 0.0], [73.81393457193668, 18.64009260594162, 0.0], [73.81394429981744, 18.64008324647133, 0.0], [73.81395302849144, 18.64007303086639, 0.0], [73.81396067548347, 18.6400620556519, 0.0], [73.81397136111272, 18.64004497204892, 0.0], [73.81398175890345, 18.64003377629355, 0.0], [73.81399280378476, 18.640020248498097, 0.0], [73.81401194991645, 18.639993461066595, 0.0], [73.81401918634397, 18.639982192982252, 0.0], [73.81402523759124, 18.63997030682052, 0.0], [73.8140300461649, 18.639957915513236, 0.0], [73.81403356637838, 18.639945136791656, 0.0], [73.81403576478606, 18.63993209206788, 0.0], [73.81403662050084, 18.639918905281313, 0.0], [73.81403612539286, 18.639905701721066, 0.0], [73.8140342841665, 18.63989260683562, 0.0], [73.8140311143157, 18.63987974504085, 0.0], [73.8140266459579, 18.639867238538034, 0.0], [73.8140209215477, 18.63985520615272, 0.0], [73.81401399547353, 18.639843762205807, 0.0], [73.81400593354098, 18.63983301542736, 0.0], [73.81399681234744, 18.639823067923547, 0.0], [73.81398671855442, 18.639814014206546, 0.0], [73.81397574806415, 18.639805940296544, 0.0], [73.81393060392273, 18.6397759455477, 0.0], [73.81394369204456, 18.639773954787394, 0.0], [73.81398513090166, 18.63977032307977, 0.0], [73.81402673137366, 18.63976932628382, 0.0], [73.81406830929897, 18.639770968812613, 0.0], [73.81410968061603, 18.639775243394695, 0.0], [73.81415066217751, 18.639782131107, 0.0], [73.8141910725615, 18.63979160145847, 0.0], [73.81423223644303, 18.639804067877897, 0.0], [73.81427672378256, 18.639817509150085, 0.0], [73.81427982235786, 18.639818336115365, 0.0], [73.81432513266586, 18.63982886163723, 0.0], [73.81432825249117, 18.63982948124664, 0.0], [73.81435215072709, 18.639833433493788, 0.0], [73.81435527645021, 18.63983384876112, 0.0], [73.81436455778965, 18.639834782761234, 0.0], [73.81436635626157, 18.63983511996659, 0.0], [73.81437098603111, 18.63983554510317, 0.0], [73.81437305331079, 18.63983563768244, 0.0], [73.8143793976194, 18.639836276122598, 0.0], [73.81438254540355, 18.639836492170847, 0.0], [73.81440678255682, 18.63983738388414, 0.0], [73.81440993844527, 18.639837399755397, 0.0], [73.81441148022793, 18.63983735855625, 0.0], [73.81504444185785, 18.639865703363995, 0.0], [73.81504235752355, 18.63986739640434, 0.0], [73.81503577948807, 18.63987393046971, 0.0], [73.81502992056939, 18.63988105938701, 0.0], [73.81502483961596, 18.639888711551734, 0.0], [73.81502058766218, 18.639896810103707, 0.0], [73.81501720741578, 18.639905273699156, 0.0], [73.81501473282891, 18.63991401732771, 0.0], [73.81501318875706, 18.63992295316624, 0.0], [73.81500814011132, 18.639965315415473, 0.0], [73.81500754258414, 18.639974315715264, 0.0], [73.81500788912095, 18.63998332796933, 0.0], [73.81500917627028, 18.639992262413458, 0.0], [73.815011391212, 18.64000103005843, 0.0], [73.81501451188485, 18.640009543576358, 0.0], [73.81501850720632, 18.640017718170544, 0.0], [73.81502333738216, 18.64002547242, 0.0], [73.81502895430273, 18.640032729090485, 0.0], [73.8150353020222, 18.640039415903768, 0.0], [73.81504231731577, 18.64004546625749, 0.0], [73.81504993030946, 18.640050819888618, 0.0], [73.81505806517596, 18.640055423473633, 0.0], [73.81506664089001, 18.64005923115965, 0.0], [73.81507374647725, 18.64006159715325, 0.0], [73.81505919843771, 18.640503817120226, 0.0], [73.81505935811043, 18.640512607331434, 0.0], [73.81506041309437, 18.640521341148872, 0.0], [73.81506235340363, 18.640529935901604, 0.0], [73.8150651606721, 18.64053831023502, 0.0], [73.81506880832742, 18.64054638488091, 0.0], [73.81507326184239, 18.640554083407743, 0.0], [73.81507847906181, 18.640561332944237, 0.0], [73.8150844106016, 18.640568064869, 0.0], [73.81509100031612, 18.640574215460216, 0.0], [73.81509818582971, 18.640579726498697, 0.0], [73.81510589912706, 18.640584545819028, 0.0], [73.81511406719704, 18.640588627803332, 0.0], [73.81512261272383, 18.64059193381307, 0.0], [73.81513145481864, 18.640594432554796, 0.0], [73.81514050978558, 18.64059610037634, 0.0], [73.81514969191369, 18.64059692149072, 0.0], [73.81515891428839, 18.64059688812558, 0.0], [73.81517826194599, 18.640595919680603, 0.0], [73.81517783127607, 18.640602475828974, 0.0], [73.81517775531606, 18.640604100485724, 0.0], [73.81517497117422, 18.640704069962023, 0.0], [73.81517094544294, 18.64070018710474, 0.0], [73.8151328130695, 18.640658477069927, 0.0], [73.8150136979862, 18.640512316689215, 0.0], [73.81490214256951, 18.640360308396634, 0.0], [73.81479681103816, 18.6402002986737, 0.0], [73.81479611143855, 18.640199343451343, 0.0], [73.81479382350848, 18.640194167520306, 0.0], [73.81478722378448, 18.640182549625518, 0.0], [73.81477946888413, 18.64017159943602, 0.0], [73.81466636393073, 18.64002756272985, 0.0], [73.81465731834516, 18.640017166386436, 0.0], [73.8146472322498, 18.640007679874284, 0.0], [73.81463620580121, 18.63999919739585, 0.0], [73.81462434849378, 18.639991803183346, 0.0], [73.81461177807235, 18.639985570662354, 0.0], [73.81459861936305, 18.639980561722655, 0.0], [73.8145850030338, 18.639976826103727, 0.0], [73.81457106429663, 18.639974400900773, 0.0], [73.81455694156516, 18.639973310196368, 0.0], [73.81454277508008, 18.63997356482134, 0.0], [73.81452870551654, 18.6399751622472, 0.0], [73.81451487258722, 18.63997808661129, 0.0], [73.81450141365508, 18.639982308874245, 0.0], [73.81448846236917, 18.63998778710838, 0.0], [73.81447614733761, 18.639994466914054, 0.0], [73.81446459085049, 18.640002281959855, 0.0], [73.81445390766545, 18.640011154641233, 0.0], [73.81443463104807, 18.640028850234124, 0.0], [73.8144320949565, 18.640030761566507, 0.0], [73.81441803478836, 18.640036622149967, 0.0], [73.81440538305415, 18.640042626435246, 0.0], [73.8143934190947, 18.640049798358085, 0.0], [73.8143822611088, 18.64005806706299, 0.0], [73.81437201933262, 18.640067350858754, 0.0], [73.81436279495061, 18.640077558025475, 0.0], [73.81435467909586, 18.640088587720754, 0.0], [73.81434775194974, 18.640100330975933, 0.0], [73.81434208194972, 18.64011267177268, 0.0], [73.81433772511326, 18.640125488189163, 0.0], [73.81433472448435, 18.640138653604637, 0.0], [73.81433310970826, 18.640152037950344, 0.0], [73.8143328967386, 18.640165508994567, 0.0], [73.81433408767978, 18.64017893364901, 0.0], [73.81433667076611, 18.64019217928366, 0.0], [73.81434062047808, 18.64020511503711, 0.0], [73.81434589779447, 18.640217613109435, 0.0], [73.81435245057784, 18.64022955002477, 0.0], [73.81436021408965, 18.640240807851242, 0.0], [73.81446802396036, 18.64038138744509, 0.0], [73.81457171224365, 18.640539702792, 0.0], [73.81457564554029, 18.64054538544528, 0.0], [73.81469988795233, 18.640715435231897, 0.0], [73.81470411562253, 18.640720922440984, 0.0], [73.81483715873888, 18.640884810585145, 0.0], [73.81484241543963, 18.640890910384673, 0.0], [73.81489001413794, 18.640942974989397, 0.0], [73.8148960774157, 18.640949201875173, 0.0], [73.81493478798373, 18.640986538646516, 0.0], [73.81492763951155, 18.640989342856656, 0.0], [73.81489695882694, 18.640999214259793, 0.0], [73.81460306395851, 18.64107500191332, 0.0], [73.81430497974627, 18.641134506399037, 0.0], [73.81418303727402, 18.641151951413587, 0.0], [73.81406024135109, 18.641162727093082, 0.0], [73.81393700017838, 18.64116679722865, 0.0], [73.81381371637924, 18.641164148524194, 0.0], [73.81368944197176, 18.64115468679333, 0.0], [73.81368924552936, 18.64115467222863, 0.0], [73.81364079922605, 18.64115117686065, 0.0], [73.81363769920063, 18.641151050293676, 0.0], [73.81358911679835, 18.641150584200613, 0.0], [73.81358601472859, 18.64115065126552, 0.0], [73.81355103504822, 18.64115250096025, 0.0], [73.81350048796008, 18.64096231954962, 0.0], [73.81349777861344, 18.64095388048924, 0.0], [73.81349421860534, 18.64094573362551, 0.0]], [[73.81278262005597, 18.638872892801434, 0.0], [73.81283004430172, 18.638929074985487, 0.0], [73.8128762381248, 18.638991519618276, 0.0], [73.81288464565435, 18.63900179756215, 0.0], [73.81289404984396, 18.63901125820526, 0.0], [73.81290436374101, 18.639019814072892, 0.0], [73.81291549198157, 18.639027386055957, 0.0], [73.81292733167206, 18.63903390414259, 0.0], [73.8129397733407, 18.63903930806538, 0.0], [73.81295270194964, 18.63904354785869, 0.0], [73.81296599795871, 18.639046584320617, 0.0], [73.81297953843064, 18.639048389375475, 0.0], [73.8129931981678, 18.639048946333386, 0.0], [73.81300685086977, 18.6390482500446, 0.0], [73.81302037030122, 18.639046306947108, 0.0], [73.81303363145904, 18.63904313500712, 0.0], [73.81304651172819, 18.63903876355296, 0.0], [73.81305889201542, 18.63903323300386, 0.0], [73.81307065785043, 18.63902659449625, 0.0], [73.81311023694609, 18.6390017389903, 0.0], [73.81312173009869, 18.63899370603858, 0.0], [73.81313232198497, 18.63898461667347, 0.0], [73.81314190619874, 18.63897456220693, 0.0], [73.81315038645695, 18.63896364364634, 0.0], [73.81315767756698, 18.638951970679777, 0.0], [73.81316370628242, 18.63893966057407, 0.0], [73.81316841203898, 18.638926836996752, 0.0], [73.81317174756283, 18.638913628773647, 0.0], [73.81317367934562, 18.638900168594738, 0.0], [73.81317418798093, 18.63888659168111, 0.0], [73.81317326835935, 18.638873034426535, 0.0], [73.81317092971977, 18.63885963302727, 0.0], [73.81316719555647, 18.63884652211381, 0.0], [73.8131621033832, 18.63883383339839, 0.0], [73.8131557043562, 18.638821694351833, 0.0], [73.81314806276039, 18.638810226922935, 0.0], [73.81309443486607, 18.638738018656294, 0.0], [73.81308866462274, 18.63873077713529, 0.0], [73.81303007841116, 18.6386621593095, 0.0], [73.81302690940495, 18.638658692057426, 0.0], [73.8130400642307, 18.63865592981187, 0.0], [73.81304892172683, 18.63865378320618, 0.0], [73.81314380749458, 18.63862766568262, 0.0], [73.81315250202802, 18.638624981052182, 0.0], [73.81324543165493, 18.63859310639839, 0.0], [73.81325392730285, 18.63858989483515, 0.0], [73.813344516843, 18.638552394743723, 0.0], [73.81335277850548, 18.638548669516332, 0.0], [73.81344065368181, 18.638505698921488, 0.0], [73.81345298160402, 18.63849890676773, 0.0], [73.81346453509691, 18.63849097327379, 0.0], [73.81347519829738, 18.638481978000016, 0.0], [73.81348486427062, 18.6384720111547, 0.0], [73.81349343608244, 18.63846117268945, 0.0], [73.81350082777142, 18.638449571296814, 0.0], [73.81350696521093, 18.63843732332027, 0.0], [73.8135117868525, 18.63842455158748, 0.0], [73.81351524434308, 18.638411384178514, 0.0], [73.81351730300989, 18.63839795314143, 0.0], [73.8135179422081, 18.63838439316799, 0.0], [73.81351715552793, 18.638370840242995, 0.0], [73.81351495085885, 18.63835743028051, 0.0], [73.81351135031048, 18.63834429776087, 0.0], [73.81350638999086, 18.638331574382086, 0.0], [73.81350011964426, 18.638319387739124, 0.0], [73.81347714365207, 18.638279870263148, 0.0], [73.81346995514056, 18.6382687968142, 0.0], [73.81346168508989, 18.638258432082072, 0.0], [73.81345240983505, 18.638248871736085, 0.0], [73.81344221498938, 18.638240204020825, 0.0], [73.81343119465416, 18.638232508941663, 0.0], [73.81341945055023, 18.638225857526237, 0.0], [73.81340709107886, 18.63822031116889, 0.0], [73.81339423032135, 18.638215921063978, 0.0], [73.81338098698599, 18.63821272773331, 0.0], [73.81336748331225, 18.63821076065218, 0.0], [73.81335384394265, 18.638210037977235, 0.0], [73.81334019477221, 18.638210566378955, 0.0], [73.81332666178636, 18.638212340980022, 0.0], [73.81331336989817, 18.6382153454004, 0.0], [73.81330044179526, 18.63821955190846, 0.0], [73.81328799680752, 18.638224921676994, 0.0], [73.81320466755615, 18.638265582007936, 0.0], [73.81312301778316, 18.638299140065545, 0.0], [73.81303922321989, 18.638327489277092, 0.0], [73.81295364906977, 18.63835050608798, 0.0], [73.81286666829284, 18.638368090183704, 0.0], [73.81277865997932, 18.638380164927494, 0.0], [73.8126900076987, 18.63838667769424, 0.0], [73.8126891408791, 18.638386686687358, 0.0], [73.8126981071956, 18.638367854788235, 0.0], [73.81270163863968, 18.638359750335564, 0.0], [73.81271646439173, 18.638322352246963, 0.0], [73.81271943828449, 18.638314046931058, 0.0], [73.81273169429208, 18.638275812647507, 0.0], [73.81273409816762, 18.638267341283527, 0.0], [73.81274373305604, 18.638228431081604, 0.0], [73.81274555683768, 18.638219829181846, 0.0], [73.81275253022008, 18.63818040617158, 0.0], [73.81275280126593, 18.638178225981903, 0.0], [73.81275322209407, 18.638176067498257, 0.0], [73.81275362192874, 18.638171624881696, 0.0], [73.81275417242071, 18.638167196932816, 0.0], [73.81275421799442, 18.638165001915176, 0.0], [73.81275441486103, 18.63816281450357, 0.0], [73.8127543559809, 18.638158355919373, 0.0], [73.81275444854076, 18.638153897855016, 0.0], [73.81275426820353, 18.638151709148637, 0.0], [73.8127542392127, 18.63814951387505, 0.0], [73.81275372218492, 18.638145082261833, 0.0], [73.81275335592137, 18.638140637015592, 0.0], [73.81275295140998, 18.638138475698913, 0.0], [73.81275269684097, 18.638136293705028, 0.0], [73.81275172664492, 18.63813193174165, 0.0], [73.81275090508538, 18.63812754212367, 0.0], [73.81275028029553, 18.638125429011343, 0.0], [73.81274980260005, 18.638123281310957, 0.0], [73.81274838857934, 18.638119031005505, 0.0], [73.81274711963599, 18.6381147392902, 0.0], [73.81274628058483, 18.638112694732634, 0.0], [73.81274558436336, 18.638110602009263, 0.0], [73.81274374013587, 18.638106504294473, 0.0], [73.81274203602942, 18.638102351813373, 0.0], [73.81274099079748, 18.63810039550077, 0.0], [73.81274008275508, 18.638098377908477, 0.0], [73.81273782608181, 18.63809447224754, 0.0], [73.81273570322382, 18.638090498991296, 0.0], [73.81273446187733, 18.63808864976402, 0.0], [73.81273335075898, 18.638086726733285, 0.0], [73.81273070337298, 18.63808305073982, 0.0], [73.81272818220778, 18.638079294973007, 0.0], [73.81272675670157, 18.63807757064007, 0.0], [73.81272545320797, 18.638075760690747, 0.0], [73.81272244060513, 18.638072349766553, 0.0], [73.81271954541296, 18.638068847659206, 0.0], [73.81271794947547, 18.638067264826876, 0.0], [73.81271646616, 18.63806558538971, 0.0], [73.81271311735328, 18.638062472383783, 0.0], [73.81270987601648, 18.638059257663095, 0.0], [73.8127081250175, 18.63805783157489, 0.0], [73.81270647616529, 18.638056298823756, 0.0], [73.81270282340557, 18.638053513716, 0.0], [73.81269926713999, 18.638050617341417, 0.0], [73.81269737794253, 18.638049361731316, 0.0], [73.81269557943295, 18.638047990427435, 0.0], [73.81269165789828, 18.638045560039913, 0.0], [73.81268782095269, 18.638043009905054, 0.0], [73.81268581175078, 18.63804193686525, 0.0], [73.81268388090446, 18.638040740214997, 0.0], [73.81267972836132, 18.638038687953618, 0.0], [73.81267564768756, 18.63803650861763, 0.0], [73.81267353783086, 18.63803562848206, 0.0], [73.81267190616204, 18.638034822081913, 0.0], [73.81274050965945, 18.637592240365084, 0.0], [73.81352333076974, 18.63761599669378, 0.0], [73.81504715271282, 18.63767005821378, 0.0], [73.81543597636099, 18.637691912752487, 0.0], [73.81582271542939, 18.637739303580155, 0.0], [73.81587006172174, 18.63774528385254, 0.0], [73.8158729457756, 18.637745562884014, 0.0], [73.81592067896672, 18.637748778826545, 0.0], [73.81592357552051, 18.637748889253675, 0.0], [73.81597142566835, 18.637749317294393, 0.0], [73.81597432388588, 18.637749258704055, 0.0], [73.81602211198003, 18.63774689724154, 0.0], [73.81602500101896, 18.637746669852923, 0.0], [73.81607254828167, 18.637741527721378, 0.0], [73.81607541733398, 18.63774113238513, 0.0], [73.81612254588802, 18.637733228821375, 0.0], [73.8161240814911, 18.637732946321396, 0.0], [73.81652984561038, 18.637651657027476, 0.0], [73.81647897584185, 18.639794241845543, 0.0], [73.8160469923495, 18.639774900628222, 0.0], [73.81604951179239, 18.639771223002036, 0.0], [73.81605384238843, 18.639763282656542, 0.0], [73.81605732781775, 18.639754972896935, 0.0], [73.81605993389323, 18.639746375230406, 0.0], [73.81606163505307, 18.639737573988086, 0.0], [73.81606241461137, 18.639728655497894, 0.0], [73.81606515460739, 18.639650933175343, 0.0], [73.81606502244672, 18.63964224549108, 0.0], [73.81606401563116, 18.63963361006659, 0.0], [73.81606214346905, 18.63962510673857, 0.0], [73.81605942326921, 18.639616814122434, 0.0], [73.81605588018063, 18.6396088088855, 0.0], [73.81605154696021, 18.63960116503819, 0.0], [73.81604646366972, 18.63959395324976, 0.0], [73.81604067730557, 18.639587240194984, 0.0], [73.81603424136416, 18.639581087937703, 0.0], [73.81602721534745, 18.639575553357037, 0.0], [73.81601966421273, 18.639570687621532, 0.0], [73.81601165777211, 18.639566535716096, 0.0], [73.81600327004712, 18.63956313602609, 0.0], [73.81599457858431, 18.63956051998247, 0.0], [73.81598566373839, 18.639558711771176, 0.0], [73.81597660792924, 18.63955772810956, 0.0], [73.81565782232401, 18.639537836623, 0.0], [73.81564832467289, 18.639537698640297, 0.0], [73.8156388602205, 18.63953846747756, 0.0], [73.8156295240033, 18.63954013541457, 0.0], [73.81562040977008, 18.639542685702885, 0.0], [73.81561160904062, 18.639546092733994, 0.0], [73.81560321018668, 18.639550322296486, 0.0], [73.81559529754466, 18.63955533191958, 0.0], [73.81558795577382, 18.639561067233373, 0.0], [73.81558683986282, 18.63956018819599, 0.0], [73.81557928874224, 18.63955532244329, 0.0], [73.81557128231401, 18.639551170519532, 0.0], [73.81556289459951, 18.639547770810232, 0.0], [73.81555420314525, 18.63954515474655, 0.0], [73.81554528830581, 18.639543346514603, 0.0], [73.81553623250106, 18.63954236283192, 0.0], [73.81521744701705, 18.639522470602966, 0.0], [73.8152079493688, 18.63952233259807, 0.0], [73.81519848491692, 18.639523101413044, 0.0], [73.81518914869788, 18.639524769327885, 0.0], [73.81518003446048, 18.63952731959436, 0.0], [73.81517123372453, 18.639530726604203, 0.0], [73.81516283486185, 18.639534956146207, 0.0], [73.81515492220893, 18.639539965749794, 0.0], [73.81514757522001, 18.639545705111466, 0.0], [73.8151408676693, 18.639552116599905, 0.0], [73.81513486691016, 18.639559135834702, 0.0], [73.81512963319881, 18.639566692332785, 0.0], [73.81512521908921, 18.639574710216223, 0.0], [73.81512166890542, 18.63958310897407, 0.0], [73.81511901829643, 18.63959180427089, 0.0], [73.81511729387825, 18.63960070879354, 0.0], [73.81511651296665, 18.639609733127955, 0.0], [73.81511410395878, 18.639681070491555, 0.0], [73.81511405873108, 18.639684792358697, 0.0], [73.81511416916639, 18.63969647222669, 0.0], [73.81511473747433, 18.639705571169575, 0.0], [73.815116264473, 18.639714569242745, 0.0], [73.81511873462519, 18.639723374889915, 0.0], [73.81512212279699, 18.63973189851275, 0.0], [73.81512297543794, 18.639733526236906, 0.0], [73.81468070370167, 18.639713721175593, 0.0], [73.8146823732343, 18.63971120447385, 0.0], [73.8146898308438, 18.63969906923485, 0.0], [73.81469136245276, 18.639696370878497, 0.0], [73.8146979389377, 18.639683781146303, 0.0], [73.81469927491433, 18.6396809899235, 0.0], [73.81470493995025, 18.639668003750348, 0.0], [73.81470607413439, 18.639665132531473, 0.0], [73.81471080159943, 18.639651809797996, 0.0], [73.81471172876128, 18.639648871822523, 0.0], [73.81471549685699, 18.63963527396094, 0.0], [73.81471621272135, 18.639632282776372, 0.0], [73.8147190040731, 18.63961847248738, 0.0], [73.8147195053392, 18.6396154418858, 0.0], [73.81472130707598, 18.639601482849947, 0.0], [73.81472159143239, 18.639598426806625, 0.0], [73.81472239524673, 18.6395843833902, 0.0], [73.81472246138246, 18.639581315995343, 0.0], [73.81472226356793, 18.639567252953576, 0.0], [73.81472211117797, 18.639564188352598, 0.0], [73.8147209126472, 18.639550170531482, 0.0], [73.814720612379, 18.639547988125592, 0.0], [73.81472035357272, 18.63954583571684, 0.0], [73.81471812730152, 18.639532948287194, 0.0], [73.81471751487874, 18.639530013076637, 0.0], [73.8147143985168, 18.63951729441461, 0.0], [73.81471358360024, 18.639514404292022, 0.0], [73.81470959082053, 18.639501910199492, 0.0], [73.8147085769855, 18.639499077844796, 0.0], [73.81470372530616, 18.639486863138576, 0.0], [73.81470251700098, 18.639484100978873, 0.0], [73.81469682770853, 18.639472219249726, 0.0], [73.81469543023452, 18.639469539403592, 0.0], [73.81468892829047, 18.639458042781502, 0.0], [73.81468734777884, 18.639455457006314, 0.0], [73.81468006170996, 18.63944439593165, 0.0], [73.81467830509538, 18.639441915572654, 0.0], [73.81467026686883, 18.63943133857471, 0.0], [73.81466834185804, 18.639428974513866, 0.0], [73.81465958674087, 18.639418927998186, 0.0], [73.81465750177983, 18.63941669060776, 0.0], [73.81464806818455, 18.639407218652554, 0.0], [73.81464583242067, 18.639405117748677, 0.0], [73.81463576173616, 18.63939626191108, 0.0], [73.8146333849791, 18.639394306711655, 0.0], [73.81462272138974, 18.639386105845755, 0.0], [73.81462021406679, 18.639384304928576, 0.0], [73.81460900435813, 18.639376795014947, 0.0], [73.81460637747045, 18.639375156281734, 0.0], [73.81459467082392, 18.63936837026914, 0.0], [73.81459193589575, 18.639366900909085, 0.0], [73.81457978367305, 18.63936086857069, 0.0], [73.8145769527053, 18.63935957503134, 0.0], [73.81456440822329, 18.639354322833128, 0.0], [73.81456149363483, 18.639353210788933, 0.0], [73.81454861193109, 18.63934876177457, 0.0], [73.81454554608116, 18.639347814019622, 0.0], [73.81449121562346, 18.639332944745842, 0.0], [73.8144880074482, 18.639332181127077, 0.0], [73.8144327216592, 18.639320959237885, 0.0], [73.81442946544, 18.639320410716216, 0.0], [73.81437349341923, 18.63931289083285, 0.0], [73.81437020500502, 18.63931256007808, 0.0], [73.81431381919171, 18.63930877880298, 0.0], [73.81431051458907, 18.639308667425063, 0.0], [73.81425398943661, 18.63930864316281, 0.0], [73.81425068472997, 18.63930875170383, 0.0], [73.8141942953697, 18.639312484572482, 0.0], [73.81419100664466, 18.639312812504127, 0.0], [73.81413502754727, 18.639320284334005, 0.0], [73.81413177081146, 18.639320830060058, 0.0], [73.81407647445037, 18.639332004482384, 0.0], [73.81407631192138, 18.63933203761058, 0.0], [73.8140311328601, 18.639341325424684, 0.0], [73.81398690294786, 18.639347681935522, 0.0], [73.81394234187017, 18.639351381124293, 0.0], [73.8138976251351, 18.639352408421715, 0.0], [73.81385292886345, 18.639350759781692, 0.0], [73.81380694878939, 18.639346298054246, 0.0], [73.81375399363365, 18.639341165770823, 0.0], [73.81375101477362, 18.639340967204024, 0.0], [73.81369783153379, 18.639339024268512, 0.0], [73.81369484546899, 18.639339004919584, 0.0], [73.81364163943799, 18.639340258480143, 0.0], [73.81363865802169, 18.63934041842589, 0.0], [73.8135856404008, 18.639344863506313, 0.0], [73.81358267546766, 18.63934520211182, 0.0], [73.81353005671035, 18.63935282106722, 0.0], [73.81352712002983, 18.639353336988364, 0.0], [73.81347510900608, 18.639364099575044, 0.0], [73.81347221223518, 18.639364790763892, 0.0], [73.8134210154031, 18.63937865425959, 0.0], [73.81341817004059, 18.639379517972458, 0.0], [73.81336799062605, 18.639396427345932, 0.0], [73.81336520796668, 18.639397460154264, 0.0], [73.81331631204873, 18.63941732111295, 0.0], [73.81325851695516, 18.63944059731591, 0.0], [73.81320065471391, 18.6394595262433, 0.0], [73.81314155873905, 18.63947459863178, 0.0], [73.813081511513, 18.6394857424348, 0.0], [73.8130208000654, 18.639492904384323, 0.0], [73.81295971460472, 18.639496050245906, 0.0], [73.81293311499145, 18.63949566527397, 0.0], [73.81290660686035, 18.639493529143056, 0.0], [73.812880316918, 18.639489652064082, 0.0], [73.81285437083235, 18.63948405256983, 0.0], [73.81282889262762, 18.63947675742632, 0.0], [73.81280400409096, 18.639467801504694, 0.0], [73.81277982419147, 18.639457227615203, 0.0], [73.81275646851033, 18.63944508630151, 0.0], [73.81273404868908, 18.639431435600123, 0.0], [73.81271267189578, 18.639416340762285, 0.0], [73.81269244031245, 18.639399873942274, 0.0], [73.81267345064722, 18.639382113852598, 0.0], [73.81265579367101, 18.639363145387318, 0.0], [73.81263955378495, 18.6393430592172, 0.0], [73.8126248086162, 18.63932195135518, 0.0], [73.81261162864668, 18.639299922698022, 0.0], [73.812600076877, 18.639277078543895, 0.0], [73.8125902085242, 18.639253528089, 0.0], [73.81258207075908, 18.639229383905892, 0.0], [73.81257570247966, 18.63920476140467, 0.0], [73.8125711341258, 18.63917977828202, 0.0], [73.81256838753363, 18.63915455395873, 0.0], [73.81256747583134, 18.63912920900776, 0.0], [73.81256840337582, 18.639103864579173, 0.0], [73.81257116573279, 18.639078641820255, 0.0], [73.81257574969717, 18.63905366129649, 0.0], [73.81258213335661, 18.63902904241584, 0.0], [73.81259055858752, 18.63900409634038, 0.0], [73.81260183056283, 18.63897402122968, 0.0], [73.81260281283662, 18.63897108869564, 0.0], [73.81261211414768, 18.63893966305379, 0.0], [73.8126128846652, 18.638936673563414, 0.0], [73.812619919596, 18.63890471708154, 0.0], [73.8126204747804, 18.63890168451292, 0.0], [73.81262521067404, 18.638869345542584, 0.0], [73.81262554794809, 18.638866283973872, 0.0], [73.81262796282059, 18.63883371264197, 0.0], [73.81262808061871, 18.63883063628597, 0.0], [73.81262816326105, 18.638797983798145, 0.0], [73.81262806103653, 18.638794906935846, 0.0], [73.81262581106638, 18.638762324874396, 0.0], [73.81262548929392, 18.63875926179002, 0.0], [73.81262091715797, 18.638726901410255, 0.0], [73.81262037862776, 18.63872387361121, 0.0], [73.81267706334681, 18.63876967125315, 0.0], [73.81273155804695, 18.638819686997905, 0.0], [73.81278262005597, 18.638872892801434, 0.0]], [[73.81132175031279, 18.640784759599388, 0.0], [73.81126938057996, 18.640700635665436, 0.0], [73.81131179014133, 18.640710536379128, 0.0], [73.81135579453999, 18.640723813802328, 0.0], [73.81139877830041, 18.640739844109927, 0.0], [73.811440552143, 18.640758556712363, 0.0], [73.81148093211532, 18.640779869208576, 0.0], [73.811519740403, 18.640803687748548, 0.0], [73.8115577295314, 18.640830560659094, 0.0], [73.81161116557783, 18.640869791330974, 0.0], [73.81161373781323, 18.640871552459465, 0.0], [73.81167015497381, 18.640907518205815, 0.0], [73.81167284484354, 18.640909111651286, 0.0], [73.81173165565345, 18.640941405525467, 0.0], [73.81173445114784, 18.640942824173493, 0.0], [73.81179539303051, 18.640971301989847, 0.0], [73.81179828166823, 18.640972539506404, 0.0], [73.81186108253178, 18.640997074117216, 0.0], [73.81186405141575, 18.64099812497708, 0.0], [73.81192816081554, 18.641018520924888, 0.0], [73.81194708063163, 18.64102478190688, 0.0], [73.8119500717025, 18.64102566729743, 0.0], [73.81196965851355, 18.641030795320173, 0.0], [73.81197270439587, 18.641031490464226, 0.0], [73.81199260372239, 18.641035374133587, 0.0], [73.8119956911152, 18.64103587599553, 0.0], [73.81201581606368, 18.641038498353, 0.0], [73.8120189314858, 18.641038804741466, 0.0], [73.81203919417729, 18.641040154336018, 0.0], [73.8120423240248, 18.6410402639131, 0.0], [73.81206263597886, 18.641040334851414, 0.0], [73.81206576658464, 18.6410402471386, 0.0], [73.81208603910602, 18.641039039110883, 0.0], [73.8120891567996, 18.6410387544912, 0.0], [73.81210930136466, 18.64103627277255, 0.0], [73.8121123925324, 18.641035792488793, 0.0], [73.8121323211769, 18.64103204791592, 0.0], [73.81213537232054, 18.64103137406536, 0.0], [73.81215499802265, 18.641026382989565, 0.0], [73.81215799581896, 18.64102551851463, 0.0], [73.81217723287973, 18.641019302730236, 0.0], [73.81217995418324, 18.64101833383159, 0.0], [73.81220721761022, 18.64100770840104, 0.0], [73.81220966669777, 18.641006676004764, 0.0], [73.81223625709802, 18.640994599719114, 0.0], [73.81223864111121, 18.64099343711629, 0.0], [73.81225048331831, 18.640987253637462, 0.0], [73.81225150401829, 18.64099305857443, 0.0], [73.8123606196505, 18.64146735168807, 0.0], [73.81235768933864, 18.64146629072301, 0.0], [73.81234786667498, 18.64146200490024, 0.0], [73.81233836325332, 18.641457108490588, 0.0], [73.81232922078317, 18.64145162298388, 0.0], [73.81231933386536, 18.641444779557958, 0.0], [73.81229195172521, 18.64142556416198, 0.0], [73.81228988374578, 18.64142419222641, 0.0], [73.81226133946946, 18.641406309800093, 0.0], [73.81225919793545, 18.64140504455845, 0.0], [73.81222969715662, 18.641388633333275, 0.0], [73.81222748811888, 18.64138747836042, 0.0], [73.81219711419942, 18.64137258471046, 0.0], [73.81219478264367, 18.641371517107952, 0.0], [73.8120455906623, 18.641307919170142, 0.0], [73.81204313877751, 18.641306951549414, 0.0], [73.81189044684606, 18.6412514129211, 0.0], [73.81188785462021, 18.64125055117315, 0.0], [73.81180755111717, 18.641226318233368, 0.0], [73.81180482203766, 18.64122557958236, 0.0], [73.81172314150126, 18.641205970019595, 0.0], [73.81172037095182, 18.641205388339927, 0.0], [73.81163760601738, 18.641190472408795, 0.0], [73.81163480392422, 18.641190049784473, 0.0], [73.81155125111225, 18.641179880923506, 0.0], [73.81154974387199, 18.641179768772695, 0.0], [73.81154824156599, 18.641179607303126, 0.0], [73.8115295362126, 18.64117847907412, 0.0], [73.81143760747244, 18.640992723233236, 0.0], [73.81143660137656, 18.640990809147066, 0.0], [73.81132285039503, 18.640786626103633, 0.0], [73.81132175031279, 18.640784759599388, 0.0]], [[73.81096072185518, 18.640120061366844, 0.0], [73.81091194880155, 18.639806675791576, 0.0], [73.81088420002608, 18.63960091039191, 0.0], [73.81087865145082, 18.639530143977236, 0.0], [73.81087808363591, 18.6394594918846, 0.0], [73.81088247490796, 18.63938896183683, 0.0], [73.81089180558871, 18.639318869795176, 0.0], [73.81090605676752, 18.63924941818231, 0.0], [73.81090927230315, 18.63923766321378, 0.0], [73.81091322035972, 18.639225993360736, 0.0], [73.81091785807338, 18.63921455637927, 0.0], [73.81092317043888, 18.639203389273487, 0.0], [73.81092976613873, 18.639191389507772, 0.0], [73.81092984079403, 18.63919125312069, 0.0], [73.81094795009247, 18.639158031627378, 0.0], [73.81094925594145, 18.639155437326437, 0.0], [73.81096511013959, 18.63912118430175, 0.0], [73.81096624010513, 18.639118516020996, 0.0], [73.81097977489739, 18.639083370400712, 0.0], [73.81098072439643, 18.639080638962742, 0.0], [73.81099188488483, 18.639044743303213, 0.0], [73.81099265006598, 18.639041959787743, 0.0], [73.81100139098379, 18.639005459687308, 0.0], [73.8110019687437, 18.639002635383967, 0.0], [73.81100825463774, 18.638965678892575, 0.0], [73.81100864263293, 18.638962825257643, 0.0], [73.81100907388496, 18.638958602354464, 0.0], [73.8110649368702, 18.638954000224274, 0.0], [73.81107435072576, 18.63895292219829, 0.0], [73.811110668415, 18.63894758692252, 0.0], [73.81113171753111, 18.638968515625855, 0.0], [73.81116192956421, 18.639002770731775, 0.0], [73.81118973463998, 18.63903883061267, 0.0], [73.81121501445031, 18.639076541838755, 0.0], [73.8112376614309, 18.639115743953642, 0.0], [73.81125757922005, 18.63915627015777, 0.0], [73.8112746830682, 18.639197948017504, 0.0], [73.81128256765975, 18.639221602232794, 0.0], [73.81127484785122, 18.63937500335935, 0.0], [73.81126613429944, 18.63947106361486, 0.0], [73.81124187771394, 18.63973525604378, 0.0], [73.8112415388664, 18.639739840037088, 0.0], [73.8112410020175, 18.639749415015057, 0.0], [73.81124081740485, 18.63975880892159, 0.0], [73.81124097766684, 18.63976839634926, 0.0], [73.81124147616033, 18.639777779878685, 0.0], [73.81124233276338, 18.63978733368958, 0.0], [73.81124351196776, 18.63979666175399, 0.0], [73.8112450607961, 18.639806136043003, 0.0], [73.81124691504597, 18.639815363824887, 0.0], [73.81124914865798, 18.639824713069203, 0.0], [73.81125166904405, 18.63983379622911, 0.0], [73.81125457670774, 18.639842975506706, 0.0], [73.81125775112007, 18.63985187040081, 0.0], [73.8112613188646, 18.639860835606047, 0.0], [73.81126513205008, 18.639869499494157, 0.0], [73.81126934273296, 18.639878207550304, 0.0], [73.81127377637091, 18.63988659880567, 0.0], [73.81127860976052, 18.639895007871388, 0.0], [73.81128364254658, 18.639903086172353, 0.0], [73.81128907541911, 18.63991115584307, 0.0], [73.81129468317337, 18.639918882377245, 0.0], [73.81130068942464, 18.639926573878803, 0.0], [73.81130684520083, 18.63993391151842, 0.0], [73.81131339597157, 18.639941187894046, 0.0], [73.81132007019174, 18.639948101382604, 0.0], [73.81132713400625, 18.63995492767013, 0.0], [73.81132833781236, 18.639955982108162, 0.0], [73.81132946962742, 18.639957133163904, 0.0], [73.8113335597074, 18.639960556071014, 0.0], [73.81133740877844, 18.639963927549484, 0.0], [73.81133866362536, 18.63996482743879, 0.0], [73.811339858062, 18.63996582703907, 0.0], [73.8113443350425, 18.639968894586193, 0.0], [73.81134855945254, 18.639971924040132, 0.0], [73.81134984563614, 18.63997267034628, 0.0], [73.81135108301001, 18.639973518172656, 0.0], [73.81135591305596, 18.639976190957523, 0.0], [73.81136047864135, 18.63997884013137, 0.0], [73.81136177718163, 18.63997943596703, 0.0], [73.81136303837306, 18.639980133867823, 0.0], [73.81136818332729, 18.639982375429014, 0.0], [73.81137305155643, 18.6399846092173, 0.0], [73.81137434444442, 18.639985059713283, 0.0], [73.81137561114875, 18.639985611592795, 0.0], [73.81138102882939, 18.639987388831035, 0.0], [73.81138615711359, 18.639989175738354, 0.0], [73.8113874275382, 18.639989487889547, 0.0], [73.81138868249889, 18.639989899571937, 0.0], [73.81156751618401, 18.64003943824449, 0.0], [73.81156777170776, 18.640039496565816, 0.0], [73.81156801361864, 18.64003957510272, 0.0], [73.81157270719787, 18.640040623053395, 0.0], [73.81158072865934, 18.64004245388985, 0.0], [73.8115811740101, 18.640042513465733, 0.0], [73.81158159955348, 18.640042608478158, 0.0], [73.81158681192389, 18.640043267666012, 0.0], [73.81159418274223, 18.640044253681754, 0.0], [73.81159481895243, 18.640044280282932, 0.0], [73.8115954319636, 18.640044357807984, 0.0], [73.81179122719196, 18.640059848778204, 0.0], [73.81179569933198, 18.640060135025784, 0.0], [73.81184709073014, 18.64006264949462, 0.0], [73.81185260073391, 18.640062817075496, 0.0], [73.81190405575578, 18.640063430570656, 0.0], [73.81190582061086, 18.640063368999545, 0.0], [73.81190759685268, 18.64006343075276, 0.0], [73.81191284479945, 18.640063123944074, 0.0], [73.81191800002681, 18.640062944091575, 0.0], [73.81191971710885, 18.640062722170672, 0.0], [73.81192145772992, 18.640062620409317, 0.0], [73.81211105474917, 18.640042639459285, 0.0], [73.81211335505742, 18.640042289801688, 0.0], [73.81211559915941, 18.640042089766215, 0.0], [73.81211991023214, 18.64004129338435, 0.0], [73.81212453444374, 18.640040590482332, 0.0], [73.81212693981348, 18.64003999481379, 0.0], [73.81212929792746, 18.64003955920068, 0.0], [73.81215585021911, 18.6400333516261, 0.0], [73.81231386551872, 18.640302133094046, 0.0], [73.81231390620898, 18.64030220216535, 0.0], [73.8123296400681, 18.64032885547047, 0.0], [73.81234270451802, 18.640355070494795, 0.0], [73.81234681995136, 18.64036505334225, 0.0], [73.81233820626689, 18.640363039135128, 0.0], [73.81232413030826, 18.64036114099771, 0.0], [73.81230992587243, 18.640360592246104, 0.0], [73.81223024883433, 18.640361314400778, 0.0], [73.81222184733264, 18.640361627532833, 0.0], [73.81214235437066, 18.640366837797075, 0.0], [73.81213398697228, 18.640367623761076, 0.0], [73.8120549560396, 18.640377303916505, 0.0], [73.81204665200212, 18.6403785599642, 0.0], [73.81196883006731, 18.640392591308007, 0.0], [73.81191338548739, 18.640402219616753, 0.0], [73.8118615058987, 18.64040795137628, 0.0], [73.81180934581825, 18.640410468141756, 0.0], [73.81175712425816, 18.640409759345893, 0.0], [73.81170506048892, 18.64040582796504, 0.0], [73.81165337311859, 18.640398690506604, 0.0], [73.81159989285491, 18.64038789524895, 0.0], [73.81153648786787, 18.64037315607241, 0.0], [73.81152971106393, 18.640371746731432, 0.0], [73.81146349679105, 18.64035958122183, 0.0], [73.81145665595284, 18.640358488601382, 0.0], [73.81139361390488, 18.640349920772053, 0.0], [73.81109902807154, 18.64029463168262, 0.0], [73.81100106656802, 18.640265837950462, 0.0], [73.81099775760859, 18.640258046977554, 0.0], [73.81098212620508, 18.640213092905874, 0.0], [73.8109698227285, 18.640167316868524, 0.0], [73.81096072185518, 18.640120061366844, 0.0]], [[73.81088049154911, 18.63847767696921, 0.0], [73.8108662648578, 18.638460616665586, 0.0], [73.81086458721516, 18.638458714694558, 0.0], [73.81084939811652, 18.63844242583323, 0.0], [73.81084909557461, 18.638442104491343, 0.0], [73.81080363779084, 18.638394283610058, 0.0], [73.81083007623855, 18.6383970069771, 0.0], [73.81083300586931, 18.638397221422778, 0.0], [73.81098475542022, 18.638403827265417, 0.0], [73.81098769336076, 18.638403868242264, 0.0], [73.81113958069437, 18.638401497366093, 0.0], [73.81114251565268, 18.638401364716586, 0.0], [73.81125375874137, 18.6383930359066, 0.0], [73.81118696141066, 18.638412333527853, 0.0], [73.81117773577037, 18.63841533157408, 0.0], [73.81110556895628, 18.638441448244702, 0.0], [73.81110519599164, 18.6384415837892, 0.0], [73.81102566203518, 18.638470610309955, 0.0], [73.81094864336573, 18.638493537600475, 0.0], [73.81090023037756, 18.63850481828348, 0.0], [73.81089672665459, 18.638499510189764, 0.0], [73.81089527820856, 18.638497444128433, 0.0], [73.81088205696092, 18.638479663990495, 0.0], [73.81088049154911, 18.63847767696921, 0.0]], [[73.81165309908046, 18.639400571379962, 0.0], [73.81166734970977, 18.639220247647998, 0.0], [73.81166745612002, 18.639216448877683, 0.0], [73.81166772334191, 18.63921276214334, 0.0], [73.81166763771007, 18.639209966240966, 0.0], [73.81166771770529, 18.6392071104678, 0.0], [73.81166743161992, 18.639203237341924, 0.0], [73.81166731611677, 18.639199466132958, 0.0], [73.81166695388414, 18.639196769584508, 0.0], [73.81166674938952, 18.639194001063114, 0.0], [73.81166605673181, 18.639190090962128, 0.0], [73.81166554374965, 18.63918627219684, 0.0], [73.81166492443649, 18.63918369907592, 0.0], [73.8116644538654, 18.639181042669193, 0.0], [73.81166334452318, 18.639177134855498, 0.0], [73.81166242330977, 18.639173307399783, 0.0], [73.81164450044972, 18.6391126652499, 0.0], [73.81164151199265, 18.639103746241464, 0.0], [73.81161924029148, 18.639044428279174, 0.0], [73.81161561306536, 18.639035727221067, 0.0], [73.81158909879933, 18.638978016485936, 0.0], [73.81158485011223, 18.638969574895267, 0.0], [73.81155421980037, 18.63891374675696, 0.0], [73.81154936992606, 18.638905604913646, 0.0], [73.81152288012767, 18.638864508332755, 0.0], [73.81155267298598, 18.638864142736004, 0.0], [73.81159612169056, 18.638866435531444, 0.0], [73.81167148032583, 18.638870651708768, 0.0], [73.81168022361166, 18.63887088397516, 0.0], [73.81175594786639, 18.638870674401854, 0.0], [73.81176468959009, 18.638870393744224, 0.0], [73.81184025704933, 18.638865746017434, 0.0], [73.81184896413028, 18.638864953497826, 0.0], [73.81192408882733, 18.638855885205356, 0.0], [73.8119327283157, 18.63885458382282, 0.0], [73.8120071259594, 18.63884112928104, 0.0], [73.81201566516094, 18.638839323960333, 0.0], [73.81208905421192, 18.63882153408435, 0.0], [73.81209746081251, 18.63881923165715, 0.0], [73.81216956354814, 18.638797173767905, 0.0], [73.81217780573479, 18.638794382947232, 0.0], [73.81224834930036, 18.63876814051715, 0.0], [73.81229902043181, 18.638749267930717, 0.0], [73.81234663488084, 18.63873464009884, 0.0], [73.81239509257813, 18.638722793050064, 0.0], [73.81244421499262, 18.63871377043243, 0.0], [73.81247148086346, 18.6387103818909, 0.0], [73.81247508365364, 18.638722888457522, 0.0], [73.81248059804646, 18.638748830346824, 0.0], [73.81248424847986, 18.63877506973995, 0.0], [73.81248518436843, 18.638789040327588, 0.0], [73.81246185139338, 18.63880022658802, 0.0], [73.81245905641408, 18.6388016806816, 0.0], [73.81241041239095, 18.638829048359884, 0.0], [73.81240772613619, 18.63883067807067, 0.0], [73.81236111949401, 18.638861097553242, 0.0], [73.81235855408795, 18.638862895525666, 0.0], [73.81231419518, 18.638896229518366, 0.0], [73.81231176220109, 18.638898187637697, 0.0], [73.81226985123617, 18.63893428569243, 0.0], [73.81226756166555, 18.63893639512085, 0.0], [73.81222828780443, 18.63897509431393, 0.0], [73.81222615197585, 18.63897734553083, 0.0], [73.8121896924773, 18.639018471198796, 0.0], [73.81218772003055, 18.639020854043697, 0.0], [73.81215423945174, 18.639064220571363, 0.0], [73.81215243928935, 18.639066724289563, 0.0], [73.81212208874273, 18.639112135947876, 0.0], [73.81212046898965, 18.639114749239134, 0.0], [73.81209338546111, 18.639162001068193, 0.0], [73.81209195342804, 18.639164712137777, 0.0], [73.81206825915832, 18.639213590872615, 0.0], [73.8120670213087, 18.639216387484456, 0.0], [73.81204682324218, 18.63926667251657, 0.0], [73.81204578516311, 18.63926954204845, 0.0], [73.81202917446446, 18.63932100642242, 0.0], [73.81202834084134, 18.639323935923144, 0.0], [73.81201539248454, 18.639376347360272, 0.0], [73.81201476708006, 18.639379323607777, 0.0], [73.81200553950961, 18.639432445554828, 0.0], [73.81200512514667, 18.639435455116146, 0.0], [73.81199966001387, 18.63948904781278, 0.0], [73.81199945856282, 18.63949207710462, 0.0], [73.81199778053777, 18.639545898665673, 0.0], [73.81199779290809, 18.639548934015473, 0.0], [73.81199990956803, 18.639602741522463, 0.0], [73.8120001357041, 18.639605769230688, 0.0], [73.8120060374996, 18.639659319828432, 0.0], [73.81200647638097, 18.639662326229637, 0.0], [73.8120103754503, 18.639683738968536, 0.0], [73.8118871699023, 18.639701837106582, 0.0], [73.81185823834642, 18.63970135171872, 0.0], [73.81181968368692, 18.639699402787215, 0.0], [73.8116753028486, 18.639687284613064, 0.0], [73.81162862089525, 18.63966850879215, 0.0], [73.81164386801167, 18.639502439530943, 0.0], [73.81164388094052, 18.63950229785605, 0.0], [73.81165297231527, 18.63940206514691, 0.0], [73.81165300149075, 18.639401317105897, 0.0], [73.81165309908046, 18.639400571379962, 0.0]], [[73.81243067728536, 18.639057649236204, 0.0], [73.81243021949781, 18.639060744980167, 0.0], [73.81242672683014, 18.639092204873627, 0.0], [73.81242649471295, 18.639095323385508, 0.0], [73.81242529260116, 18.639126938212417, 0.0], [73.81242528726587, 18.639130064560504, 0.0], [73.81242638146706, 18.63916168294849, 0.0], [73.81242660293934, 18.639164802163567, 0.0], [73.81242998821573, 18.63919627272312, 0.0], [73.81243043543535, 18.639199369870905, 0.0], [73.81243609557981, 18.63923054192013, 0.0], [73.81243676640554, 18.639233602170723, 0.0], [73.81244467431831, 18.639264326456974, 0.0], [73.81244556553834, 18.63926733515808, 0.0], [73.81245568335741, 18.639297464572564, 0.0], [73.81245679070479, 18.639300407318558, 0.0], [73.81246906998706, 18.63932979760053, 0.0], [73.81247038815982, 18.63933266030135, 0.0], [73.81248477011296, 18.63936117072915, 0.0], [73.81248629279973, 18.639363939677946, 0.0], [73.81250270856341, 18.63939143374244, 0.0], [73.81250442847362, 18.63939409568142, 0.0], [73.81252279944955, 18.63942044173991, 0.0], [73.81252470834835, 18.639422983923687, 0.0], [73.81254494657651, 18.63944805583004, 0.0], [73.81254703532422, 18.639450466086622, 0.0], [73.81256904390403, 18.63947414379524, 0.0], [73.81257130249931, 18.639476410583764, 0.0], [73.81259497605325, 18.639498580724776, 0.0], [73.8125973936824, 18.639500693192282, 0.0], [73.81262261886116, 18.639521249613715, 0.0], [73.81262518394814, 18.639523197645214, 0.0], [73.8126518399728, 18.639542041921892, 0.0], [73.81265203611308, 18.639542170800247, 0.0], [73.81261684278833, 18.63954796250329, 0.0], [73.81260751313853, 18.63954980669797, 0.0], [73.81242605438028, 18.639591766381237, 0.0], [73.81242200264754, 18.63959276368582, 0.0], [73.81219270610147, 18.639652647612063, 0.0], [73.81219055277137, 18.639653227384116, 0.0], [73.81215907536703, 18.639661958011544, 0.0], [73.81215102196256, 18.639663679057193, 0.0], [73.81214623449992, 18.639636104606097, 0.0], [73.81214135953417, 18.63958753918863, 0.0], [73.81213998928244, 18.63953876942204, 0.0], [73.81214213019173, 18.63949002487188, 0.0], [73.81214777218159, 18.63944153498462, 0.0], [73.81215688869136, 18.639393528008036, 0.0], [73.81216943680593, 18.639346229916647, 0.0], [73.81218535745703, 18.639299863347624, 0.0], [73.8122045757017, 18.639254646553773, 0.0], [73.81222700107527, 18.639210792375064, 0.0], [73.81225252801686, 18.639168507237642, 0.0], [73.81228103636641, 18.639127990181876, 0.0], [73.81231239193055, 18.639089431925445, 0.0], [73.81234644711401, 18.639053013965555, 0.0], [73.8123830416144, 18.639018907724846, 0.0], [73.8124220031768, 18.638987273744455, 0.0], [73.81245470384447, 18.638964215459616, 0.0], [73.81244603925191, 18.63898973123325, 0.0], [73.8124451377697, 18.63899273715452, 0.0], [73.81243712505038, 18.639023436752666, 0.0], [73.81243644378443, 18.63902649490678, 0.0], [73.81243067728536, 18.639057649236204, 0.0]], [[73.81355435822869, 18.63948637856275, 0.0], [73.81360107101247, 18.639479614768135, 0.0], [73.81364813789169, 18.63947566861005, 0.0], [73.81369537203358, 18.639474555753004, 0.0], [73.81374258594204, 18.63947628061456, 0.0], [73.81379107542791, 18.639480980098615, 0.0], [73.81384149210116, 18.639485872343375, 0.0], [73.81384445925282, 18.63948607082991, 0.0], [73.81389510147224, 18.639487938795842, 0.0], [73.81389807584135, 18.639487959465548, 0.0], [73.81394874124699, 18.63948679551399, 0.0], [73.81395171111893, 18.63948663828545, 0.0], [73.81400220016027, 18.6394824470005, 0.0], [73.81400515383774, 18.639482112492956, 0.0], [73.81405526765846, 18.639474910382326, 0.0], [73.8140581935081, 18.639474399913283, 0.0], [73.81410765349969, 18.639464232042226, 0.0], [73.81415801544618, 18.63945405477796, 0.0], [73.8142074431407, 18.639447457398624, 0.0], [73.81425723308455, 18.63944416139861, 0.0], [73.81430714292863, 18.639444182821126, 0.0], [73.81435692974036, 18.63944752156199, 0.0], [73.81440635118601, 18.6394541613703, 0.0], [73.81445516671002, 18.639464069927485, 0.0], [73.81450317897648, 18.639477210025657, 0.0], [73.81451011642434, 18.639479606044823, 0.0], [73.81451691062144, 18.63948245068007, 0.0], [73.81452349236733, 18.639485717845997, 0.0], [73.81452983278491, 18.639489393207985, 0.0], [73.81453590405575, 18.639493460640608, 0.0], [73.81454167954335, 18.639497902298803, 0.0], [73.81454713390829, 18.639502698695193, 0.0], [73.81455224321992, 18.63950782878587, 0.0], [73.81455698506102, 18.639513270062626, 0.0], [73.81456133862788, 18.63951899865323, 0.0], [73.81456528481947, 18.639524989423535, 0.0], [73.81456880632177, 18.639531216089335, 0.0], [73.81457188768488, 18.63953765133228, 0.0], [73.81457451538944, 18.63954426691799, 0.0], [73.81457667790642, 18.639551033821025, 0.0], [73.81457836574818, 18.639557922352907, 0.0], [73.81457951121703, 18.63956455326897, 0.0], [73.81458015975808, 18.639572138575154, 0.0], [73.8145802712369, 18.63958006431328, 0.0], [73.81457981821156, 18.639587978990345, 0.0], [73.81457880277092, 18.639595846111195, 0.0], [73.81457722959712, 18.639603629399804, 0.0], [73.81457510594414, 18.639611292967107, 0.0], [73.81457244160421, 18.639618801475773, 0.0], [73.81456924886292, 18.639626120303102, 0.0], [73.81456554244205, 18.639633215701494, 0.0], [73.81456133943222, 18.639640054953574, 0.0], [73.8145566592137, 18.639646606523005, 0.0], [73.81455152336747, 18.63965284019982, 0.0], [73.81454595557524, 18.639658727240032, 0.0], [73.81453998151042, 18.63966424049811, 0.0], [73.81453362871994, 18.63966935455198, 0.0], [73.8145269264972, 18.639674045820158, 0.0], [73.81451990574674, 18.63967829267074, 0.0], [73.81451259884155, 18.639682075521296, 0.0], [73.81450503947468, 18.639685376928682, 0.0], [73.8144972478691, 18.639688186947453, 0.0], [73.8144800932929, 18.639693145773276, 0.0], [73.81446261532378, 18.639697008673327, 0.0], [73.81444490642644, 18.639699754192794, 0.0], [73.81442704511907, 18.63970137015855, 0.0], [73.8144091105956, 18.639701849405668, 0.0], [73.8143911823744, 18.639701189809248, 0.0], [73.81437333994594, 18.63969939429392, 0.0], [73.81435567767281, 18.639696473343072, 0.0], [73.81431660663942, 18.639687397182918, 0.0], [73.81427676716089, 18.639675360197735, 0.0], [73.81423110957462, 18.63966153286978, 0.0], [73.81422807400426, 18.639660718485228, 0.0], [73.81418153733256, 18.6396498124142, 0.0], [73.81417845167246, 18.639649192261807, 0.0], [73.81413125723373, 18.63964126036261, 0.0], [73.81412813514355, 18.63964083718765, 0.0], [73.81408049186308, 18.639635914574015, 0.0], [73.81407734716426, 18.63963569024987, 0.0], [73.81402946595404, 18.63963379871347, 0.0], [73.81402631256778, 18.63963377423318, 0.0], [73.81397840539316, 18.639634922147476, 0.0], [73.81397525727895, 18.639635097619404, 0.0], [73.81392753622035, 18.639639279902728, 0.0], [73.813924407315, 18.639639654550052, 0.0], [73.81387708362868, 18.63964685268748, 0.0], [73.81387398778321, 18.63964742485169, 0.0], [73.81382727096634, 18.639657606977735, 0.0], [73.81382422188577, 18.639658374125922, 0.0], [73.81377949755918, 18.639671158212195, 0.0], [73.81375598816302, 18.639654913495196, 0.0], [73.81374901089214, 18.63965038717856, 0.0], [73.81371285676869, 18.639628400696996, 0.0], [73.81370561008501, 18.639624276970874, 0.0], [73.81366815128193, 18.639604374008524, 0.0], [73.81366083556331, 18.63960074787527, 0.0], [73.81360456682953, 18.639574804771296, 0.0], [73.81359722231753, 18.639571659918726, 0.0], [73.81353950339707, 18.63954879455613, 0.0], [73.81353198393039, 18.639546051040433, 0.0], [73.81347299989251, 18.639526336734384, 0.0], [73.81346532958318, 18.639524003352893, 0.0], [73.81343813138282, 18.63951653130878, 0.0], [73.81346273451256, 18.639508240587382, 0.0], [73.81350818496699, 18.639495933144904, 0.0], [73.81355435822869, 18.63948637856275, 0.0]], [[73.81337788554693, 18.640033247150246, 0.0], [73.8133383510957, 18.6400989033602, 0.0], [73.81329528908772, 18.640162316786213, 0.0], [73.81324799328289, 18.640224424909384, 0.0], [73.81324665393942, 18.64022627919351, 0.0], [73.81323387931435, 18.640244944391526, 0.0], [73.81323230458187, 18.640247414462877, 0.0], [73.81322080807448, 18.640266820130716, 0.0], [73.81321940224556, 18.640269381133837, 0.0], [73.81320923090811, 18.640289447849966, 0.0], [73.81320799973655, 18.640292089303273, 0.0], [73.81319919519797, 18.64031273494011, 0.0], [73.81319814372257, 18.640315446033103, 0.0], [73.81319074201784, 18.640336586094186, 0.0], [73.81318987454212, 18.640339355731054, 0.0], [73.81318390596492, 18.640360903696127, 0.0], [73.81318322603937, 18.640363720541213, 0.0], [73.81317871501787, 18.640385588220397, 0.0], [73.81317822542512, 18.640388440745923, 0.0], [73.81317519042254, 18.640410538641145, 0.0], [73.8131748931666, 18.64041341517154, 0.0], [73.81317334660473, 18.64043565284221, 0.0], [73.8131732429022, 18.640438541605494, 0.0], [73.81317319118033, 18.640460798426577, 0.0], [73.81317312413597, 18.640478923588883, 0.0], [73.8131719002137, 18.64049553228684, 0.0], [73.81316951938277, 18.64051202650039, 0.0], [73.81316599220149, 18.640528333079818, 0.0], [73.8131613343122, 18.64054437970749, 0.0], [73.81315556637182, 18.64056009521832, 0.0], [73.81314871396009, 18.640575409916124, 0.0], [73.81314080746645, 18.64059025588181, 0.0], [73.81313188195485, 18.640604567275545, 0.0], [73.81312197700898, 18.640618280627645, 0.0], [73.81311113655556, 18.640631335121157, 0.0], [73.8130994086707, 18.640643672860996, 0.0], [73.8130868453662, 18.640655239130428, 0.0], [73.81307350235872, 18.640665982634495, 0.0], [73.81305943882276, 18.640675855726922, 0.0], [73.81304471712846, 18.640684814621743, 0.0], [73.81302940256491, 18.640692819587134, 0.0], [73.81301356305042, 18.640699835122078, 0.0], [73.81299726089438, 18.640705833033586, 0.0], [73.81292404111873, 18.64072758432672, 0.0], [73.81284946958813, 18.640744694608966, 0.0], [73.81277387806801, 18.64075708720791, 0.0], [73.81269759462273, 18.64076470834068, 0.0], [73.81262095031997, 18.64076752493213, 0.0], [73.812542731417, 18.640765484417646, 0.0], [73.81251105278108, 18.64076463878827, 0.0], [73.81250799070428, 18.64076465138046, 0.0], [73.81247630584467, 18.640765758043838, 0.0], [73.81247325101144, 18.64076595909817, 0.0], [73.81246159704163, 18.64076708768409, 0.0], [73.81246225485799, 18.640765895497776, 0.0], [73.81246362526498, 18.64076319835184, 0.0], [73.8124780471108, 18.64073223683453, 0.0], [73.81247922693623, 18.64072945901793, 0.0], [73.81249146390822, 18.64069765421149, 0.0], [73.81249244796133, 18.64069480794581, 0.0], [73.8125024462227, 18.640662299779795, 0.0], [73.81250323017423, 18.64065939758725, 0.0], [73.81251094573744, 18.640626329085908, 0.0], [73.81251152613832, 18.64062338373535, 0.0], [73.81251692505923, 18.640589900388026, 0.0], [73.81251729935607, 18.64058692483788, 0.0], [73.81252035788292, 18.640553173958907, 0.0], [73.81252052442909, 18.64055018130036, 0.0], [73.81252122910692, 18.640516311381155, 0.0], [73.81252118716979, 18.640513314781003, 0.0], [73.8125195348999, 18.640479474836496, 0.0], [73.81251928466415, 18.640476487478434, 0.0], [73.81251528271736, 18.6404428263917, 0.0], [73.81251482528405, 18.640439861419154, 0.0], [73.81250849126897, 18.640406527286206, 0.0], [73.81250782865072, 18.640403597743717, 0.0], [73.81249919043597, 18.640370737221936, 0.0], [73.81249832554832, 18.6403678559987, 0.0], [73.81248742114036, 18.640335613661843, 0.0], [73.81248635778844, 18.640332793433796, 0.0], [73.81247323516372, 18.640301311135538, 0.0], [73.81247197802602, 18.640298564310644, 0.0], [73.81245669492029, 18.640267980560935, 0.0], [73.81245524952796, 18.640265319224376, 0.0], [73.81243787318228, 18.640235768579657, 0.0], [73.81229902134426, 18.639999651515296, 0.0], [73.81252053414114, 18.639941800409137, 0.0], [73.81268982456253, 18.639902677125168, 0.0], [73.8128588466214, 18.639874927329274, 0.0], [73.81303420352926, 18.639857603626435, 0.0], [73.81303474727446, 18.63985752403931, 0.0], [73.81303528881283, 18.639857492394164, 0.0], [73.81320804622554, 18.63983914645174, 0.0], [73.81323239538057, 18.6398421544153, 0.0], [73.81327007591693, 18.63984857152551, 0.0], [73.81330682785914, 18.63985657902495, 0.0], [73.81335399340657, 18.639869543524917, 0.0], [73.81340027650474, 18.639885017804268, 0.0], [73.81344556735893, 18.63990296287118, 0.0], [73.81345149226611, 18.63990569473594, 0.0], [73.8134202752194, 18.639954888826377, 0.0], [73.81341867760824, 18.639957614945413, 0.0], [73.81337788554693, 18.640033247150246, 0.0]], [[73.81211519820373, 18.640896249320004, 0.0], [73.81211122032144, 18.640897257103177, 0.0], [73.81213114826811, 18.640882389924887, 0.0], [73.8121419076088, 18.64087349998398, 0.0], [73.8121516803204, 18.64086362882957, 0.0], [73.81216036840627, 18.640852875445603, 0.0], [73.81216788474602, 18.640841347662597, 0.0], [73.81217415396914, 18.640829161076443, 0.0], [73.81217911321068, 18.640816437889214, 0.0], [73.81218271274172, 18.640803305683754, 0.0], [73.81218491646796, 18.640789896144366, 0.0], [73.81218570229167, 18.6407763437363, 0.0], [73.8121850623333, 18.640762784357396, 0.0], [73.81218300301042, 18.640749353975398, 0.0], [73.81217954497336, 18.64073618726444, 0.0], [73.81217472289818, 18.640723416254694, 0.0], [73.81216858513886, 18.640711169008345, 0.0], [73.81216119324252, 18.640699568335485, 0.0], [73.81215262133209, 18.640688730562623, 0.0], [73.81214902743783, 18.64068463100331, 0.0], [73.81217062007262, 18.640681984297313, 0.0], [73.81223896734565, 18.64067750096764, 0.0], [73.81231168135406, 18.640676840652176, 0.0], [73.8123253495976, 18.64067608815557, 0.0], [73.81233887855903, 18.640674086004292, 0.0], [73.81235024084785, 18.64067131637526, 0.0], [73.8123407936736, 18.640693527129667, 0.0], [73.81232743395151, 18.640719606582806, 0.0], [73.8123122182483, 18.64074474505596, 0.0], [73.81229521910221, 18.640768822704324, 0.0], [73.81227651755457, 18.640791724739994, 0.0], [73.81225620276234, 18.640813341979744, 0.0], [73.81223437157378, 18.64083357136568, 0.0], [73.81221249778265, 18.640851211827222, 0.0], [73.81219382599616, 18.6408623122216, 0.0], [73.81217269167163, 18.640873347638106, 0.0], [73.81215093728025, 18.640883227606285, 0.0], [73.81212874442409, 18.64089187687603, 0.0], [73.81211519820373, 18.640896249320004, 0.0]], [[73.81167368860581, 18.640744635656485, 0.0], [73.81172476949888, 18.640766610755257, 0.0], [73.81178602671213, 18.640797696264947, 0.0], [73.81180640852244, 18.640809712610782, 0.0], [73.81182597201222, 18.64082297145968, 0.0], [73.81184460351915, 18.640837398702978, 0.0], [73.81185847980096, 18.640849632001874, 0.0], [73.81185611043811, 18.640848709984606, 0.0], [73.81180049899736, 18.64082278713376, 0.0], [73.8117468401311, 18.640793361314667, 0.0], [73.81169537630038, 18.640760565490588, 0.0], [73.81167368860581, 18.640744635656485, 0.0]], [[73.81244124156207, 18.638049072456923, 0.0], [73.81231300976653, 18.6380337817534, 0.0], [73.81230666335932, 18.63803323078812, 0.0], [73.81217764363208, 18.638026188121774, 0.0], [73.81217361547766, 18.638026050070028, 0.0], [73.81164521897244, 18.638018658037787, 0.0], [73.81163323071023, 18.63755543346058, 0.0], [73.8122373750504, 18.637576969286478, 0.0], [73.81223763774956, 18.63757697795509, 0.0], [73.81254976795036, 18.6375864514187, 0.0], [73.81247879542225, 18.638044313064494, 0.0], [73.81246870363958, 18.63805239068054, 0.0], [73.8124673633714, 18.638053696927827, 0.0], [73.81244753479506, 18.638050028676286, 0.0], [73.81244124156207, 18.638049072456923, 0.0]], [[73.8120606806427, 18.63841379895571, 0.0], [73.81212339597182, 18.63842567457486, 0.0], [73.81212290045171, 18.63842566043524, 0.0], [73.81210822360354, 18.638424370957576, 0.0], [73.8120606806427, 18.63841379895571, 0.0]], [[73.81325785184248, 18.641020143669383, 0.0], [73.81329251000612, 18.641037256138052, 0.0], [73.8132981695184, 18.641039827930165, 0.0], [73.81332891570796, 18.641052627884417, 0.0], [73.81335312237543, 18.641143704886556, 0.0], [73.81301682012786, 18.641229947681826, 0.0], [73.81300437916951, 18.641190341089928, 0.0], [73.81300128577297, 18.64118200215327, 0.0], [73.812997351972, 18.64117399146054, 0.0], [73.81299261545666, 18.641166385762656, 0.0], [73.81298712160792, 18.64115925793023, 0.0], [73.81298092306272, 18.641152676255416, 0.0], [73.81297407920974, 18.64114670379759, 0.0], [73.81296665562036, 18.641141397779183, 0.0], [73.81295872342042, 18.641136809037423, 0.0], [73.8129503586088, 18.64113298153727, 0.0], [73.81294164132918, 18.641129951950198, 0.0], [73.81293265510224, 18.641127749302818, 0.0], [73.81292348602553, 18.641126394698794, 0.0], [73.81291422194839, 18.641125901116645, 0.0], [73.81290495163037, 18.641126273285394, 0.0], [73.81289576389085, 18.64112750763928, 0.0], [73.81288674675801, 18.641129592351874, 0.0], [73.81268621238523, 18.641185992000644, 0.0], [73.8126774877423, 18.641188893392307, 0.0], [73.81266910088785, 18.641192590767695, 0.0], [73.81266113151563, 18.6411970489935, 0.0], [73.81265365535242, 18.64120222570667, 0.0], [73.81264674343846, 18.641208071716918, 0.0], [73.81264046145239, 18.641214531474102, 0.0], [73.8126348690871, 18.641221543596167, 0.0], [73.81263001948263, 18.64122904145233, 0.0], [73.8126259587211, 18.641236953796234, 0.0], [73.81262272538892, 18.641245205442967, 0.0], [73.81262035021007, 18.641253717983474, 0.0], [73.8126188557542, 18.641262410529627, 0.0], [73.8126182562221, 18.641271200482812, 0.0], [73.8126185573108, 18.641280004318823, 0.0], [73.81261975615942, 18.641288738381522, 0.0], [73.81262184137636, 18.641297319677772, 0.0], [73.81263121791896, 18.641328832310183, 0.0], [73.81252887978886, 18.641355075957563, 0.0], [73.81245747379698, 18.641044696913358, 0.0], [73.81311793869952, 18.640921968472277, 0.0], [73.8131415340799, 18.64094261060746, 0.0], [73.81314629101736, 18.640946503886937, 0.0], [73.81317672960995, 18.640969794358718, 0.0], [73.81318174612386, 18.640973379358403, 0.0], [73.81321373322662, 18.640994700762683, 0.0], [73.81321898737133, 18.640997961799236, 0.0], [73.81325238305186, 18.641017220861833, 0.0], [73.81325785184248, 18.641020143669383, 0.0]], [[73.81288936641239, 18.64619944260249, 0.0], [73.81291338568425, 18.646198877737294, 0.0], [73.8129166229857, 18.646198695820026, 0.0], [73.8129405455173, 18.646196566638327, 0.0], [73.8129437621919, 18.646196174131106, 0.0], [73.81296747599507, 18.6461924906001, 0.0], [73.81297065698448, 18.646191889340376, 0.0], [73.81299405104832, 18.646186668703674, 0.0], [73.8129971814614, 18.646185861506126, 0.0], [73.81302014627157, 18.646179128203045, 0.0], [73.81302321145425, 18.646178118846308, 0.0], [73.8130398964948, 18.646172007820255, 0.0], [73.81304075861671, 18.646171837304102, 0.0], [73.81304519842988, 18.64617051531481, 0.0], [73.81304948093076, 18.646168784860517, 0.0], [73.8130535648765, 18.64616666260645, 0.0], [73.81307801677795, 18.646152429727987, 0.0], [73.81308028236482, 18.646151024915692, 0.0], [73.81310384345132, 18.646135486596123, 0.0], [73.81310602135326, 18.646133960968474, 0.0], [73.81311254591273, 18.6461291114465, 0.0], [73.81312386865314, 18.646133298179922, 0.0], [73.81313584074084, 18.64613660873009, 0.0], [73.81319088620808, 18.646149365415074, 0.0], [73.81319271227022, 18.64614977645723, 0.0], [73.81324088150954, 18.646160299880503, 0.0], [73.8132537205358, 18.64616251928682, 0.0], [73.81326671893419, 18.64616360743228, 0.0], [73.81327369085172, 18.646163884702407, 0.0], [73.8132133560541, 18.646185475565996, 0.0], [73.81312575985922, 18.6462287193812, 0.0], [73.8130413380826, 18.646255924310296, 0.0], [73.8130058512546, 18.646293657520296, 0.0], [73.8129764089979, 18.646343108086203, 0.0], [73.8128939548746, 18.646307549822097, 0.0], [73.8128450199055, 18.646297021507202, 0.0], [73.8127695837369, 18.646353481003498, 0.0], [73.81264182032143, 18.646449015316414, 0.0], [73.81264334180072, 18.646436242984297, 0.0], [73.81265455982162, 18.646377548060762, 0.0], [73.81265934412495, 18.64636162102315, 0.0], [73.81266550850512, 18.646345413173194, 0.0], [73.8126728293199, 18.646329648533115, 0.0], [73.81268127179924, 18.646314401975665, 0.0], [73.81269079584605, 18.646299745913172, 0.0], [73.81270135622638, 18.64628574995349, 0.0], [73.81271290278438, 18.646272480569092, 0.0], [73.81272538068025, 18.646260000782096, 0.0], [73.81273873065139, 18.646248369864008, 0.0], [73.81275288929274, 18.646237643054928, 0.0], [73.81276778935916, 18.646227871301058, 0.0], [73.81278336008404, 18.646219101012242, 0.0], [73.81279952751522, 18.646211373842466, 0.0], [73.81281621486721, 18.646204726491117, 0.0], [73.81283334288466, 18.64619919052923, 0.0], [73.81284382984263, 18.646196552930533, 0.0], [73.81285888700165, 18.646198170155003, 0.0], [73.8128621200674, 18.646198410982606, 0.0], [73.81288612363859, 18.646199413078218, 0.0], [73.81288936641239, 18.64619944260249, 0.0]], [[73.81346452909229, 18.64593984731879, 0.0], [73.81345458387679, 18.64593051361852, 0.0], [73.81344372667499, 18.645922154254315, 0.0], [73.81342576296512, 18.64590966053026, 0.0], [73.81345458181704, 18.645897882690093, 0.0], [73.81350022521372, 18.64588231943084, 0.0], [73.81374152435146, 18.645813894981945, 0.0], [73.81380055086277, 18.64580068327161, 0.0], [73.81386013626768, 18.645791467396528, 0.0], [73.81392025071818, 18.645786233982378, 0.0], [73.81398060165505, 18.645785008499, 0.0], [73.81404089536827, 18.645787796910547, 0.0], [73.81410083842624, 18.645794585647085, 0.0], [73.81416146436803, 18.6458055820475, 0.0], [73.8142701794152, 18.645826687419028, 0.0], [73.8142722322509, 18.645827041284253, 0.0], [73.81438211776297, 18.645843611493664, 0.0], [73.81438469599405, 18.645843931455328, 0.0], [73.81440206215412, 18.64584562634981, 0.0], [73.8144051684474, 18.645845831510965, 0.0], [73.8144226138769, 18.645846435815287, 0.0], [73.81442572759816, 18.64584644611355, 0.0], [73.81444317700678, 18.645845957219777, 0.0], [73.81444628471876, 18.645845772610716, 0.0], [73.81446366279893, 18.645844192628665, 0.0], [73.81446675108913, 18.645843813908975, 0.0], [73.8144839828413, 18.64584114965743, 0.0], [73.81448703838109, 18.64584057846163, 0.0], [73.81450404943716, 18.645836841438918, 0.0], [73.81450705904003, 18.64583608023207, 0.0], [73.81452377598433, 18.645831286566192, 0.0], [73.81452672666144, 18.645830338633484, 0.0], [73.8145430773475, 18.64582450901275, 0.0], [73.81454595636384, 18.645823378445453, 0.0], [73.81456187022631, 18.64581653802921, 0.0], [73.81456466515776, 18.645815229706184, 0.0], [73.81458007351615, 18.645807408015834, 0.0], [73.81458233907422, 18.64580618059273, 0.0], [73.81481324356422, 18.645672946545847, 0.0], [73.81481501388421, 18.64567187331321, 0.0], [73.81503232546183, 18.64553359829693, 0.0], [73.81503471404996, 18.64553318991208, 0.0], [73.81503906169876, 18.645532727586662, 0.0], [73.81504343194221, 18.6455325411671, 0.0], [73.81504780553347, 18.645532631474396, 0.0], [73.81505216321037, 18.64553299811078, 0.0], [73.81505648577992, 18.645533639461473, 0.0], [73.81506075420484, 18.645534552701857, 0.0], [73.81506494968629, 18.645535733809858, 0.0], [73.81506905374684, 18.645537177583776, 0.0], [73.81507304831091, 18.64553887766469, 0.0], [73.81507691578514, 18.645540826565004, 0.0], [73.81508063913697, 18.64554301570156, 0.0], [73.8150842019677, 18.645545435432847, 0.0], [73.81508758858607, 18.64554807510197, 0.0], [73.8150907840765, 18.64555092308314, 0.0], [73.81509377436527, 18.645553966833134, 0.0], [73.81509654628255, 18.645557192946743, 0.0], [73.81509975449784, 18.645561477912338, 0.0], [73.81540844469062, 18.64598983707236, 0.0], [73.81537856479345, 18.646006206153086, 0.0], [73.81534206063746, 18.646023674106733, 0.0], [73.8153047132537, 18.646039099639136, 0.0], [73.81527208303315, 18.646050329443963, 0.0], [73.81523886121468, 18.646059368836728, 0.0], [73.81520506877501, 18.646066221803192, 0.0], [73.81517086387449, 18.646070856269002, 0.0], [73.81513478864828, 18.646073362967417, 0.0], [73.81511194364946, 18.646074951724394, 0.0], [73.81510871373504, 18.646075282749614, 0.0], [73.81508603949005, 18.646078359039755, 0.0], [73.81508284094797, 18.6460789001846, 0.0], [73.81506044101182, 18.646083449762852, 0.0], [73.81505728886764, 18.64608419848524, 0.0], [73.81503526846237, 18.646090199980133, 0.0], [73.81503217752268, 18.64609115276303, 0.0], [73.81501064008748, 18.646098577982972, 0.0], [73.81500762487163, 18.646099730350834, 0.0], [73.81498667157707, 18.64610854441647, 0.0], [73.81498607923616, 18.646108798222127, 0.0], [73.81484599627942, 18.64616992383418, 0.0], [73.81476950056098, 18.646199292923864, 0.0], [73.8146916339922, 18.64622481975585, 0.0], [73.81461265471982, 18.64624643516641, 0.0], [73.81457285557326, 18.646254945196866, 0.0], [73.81453272363068, 18.646260901247732, 0.0], [73.81449226623401, 18.64626431325283, 0.0], [73.81445166066752, 18.64626516626071, 0.0], [73.81440969987294, 18.646263398174717, 0.0], [73.8143511413284, 18.646260497982553, 0.0], [73.81434873742573, 18.64626043715509, 0.0], [73.81428991665258, 18.64626037165818, 0.0], [73.81428751260765, 18.64626042713198, 0.0], [73.81422876405495, 18.646263205563823, 0.0], [73.81422595796442, 18.64626341805229, 0.0], [73.81421668426766, 18.64626438519748, 0.0], [73.81421349216599, 18.646264823310915, 0.0], [73.81420430893046, 18.646266389365138, 0.0], [73.81420115547127, 18.646267033385868, 0.0], [73.81419210521253, 18.64626919109894, 0.0], [73.81418900499743, 18.646270038044875, 0.0], [73.8141801296154, 18.646272777427004, 0.0], [73.81417709699515, 18.646273823377637, 0.0], [73.81416843758005, 18.64627713174655, 0.0], [73.81416548659656, 18.64627837185886, 0.0], [73.81415708323881, 18.646282233897637, 0.0], [73.81415422755283, 18.646283662430847, 0.0], [73.81414611915731, 18.646288060259625, 0.0], [73.81414337199024, 18.646289670599945, 0.0], [73.81413559609645, 18.646294583858133, 0.0], [73.8141329701674, 18.64629636854979, 0.0], [73.81412556277529, 18.646301774490414, 0.0], [73.81412307024145, 18.646303725270784, 0.0], [73.81411606564491, 18.646309598865958, 0.0], [73.81411371804481, 18.646311706704502, 0.0], [73.81410714867303, 18.646318020761548, 0.0], [73.81410495687682, 18.646320275898287, 0.0], [73.81409885314399, 18.64632700118482, 0.0], [73.81409682729767, 18.646329393180583, 0.0], [73.81409121746243, 18.646336498560743, 0.0], [73.81409059266862, 18.646337308521627, 0.0], [73.81404813901275, 18.646393646693937, 0.0], [73.81397693439246, 18.646482237795656, 0.0], [73.81393087663517, 18.646533629260535, 0.0], [73.81388048902892, 18.646582642231124, 0.0], [73.81387057150134, 18.64659214493936, 0.0], [73.81386884049478, 18.64659389428259, 0.0], [73.8138593484282, 18.646604013375406, 0.0], [73.81385771751457, 18.646605848033786, 0.0], [73.81384880369698, 18.646616434212717, 0.0], [73.81384855752981, 18.646616729074992, 0.0], [73.81383259013622, 18.646636019589895, 0.0], [73.81383212791212, 18.646636587236713, 0.0], [73.81382918264835, 18.646640264246518, 0.0], [73.81382730580765, 18.646642781284307, 0.0], [73.81382463091572, 18.64664664148543, 0.0], [73.8138229388285, 18.64664927485366, 0.0], [73.8138205468042, 18.646653300213103, 0.0], [73.81381904737523, 18.646656037609556, 0.0], [73.81381694939297, 18.646660209322647, 0.0], [73.81381564962597, 18.646663037961403, 0.0], [73.81381385548679, 18.64666733653984, 0.0], [73.81381276145474, 18.646670243204603, 0.0], [73.81381127953993, 18.64667464856739, 0.0], [73.81381039635342, 18.646677619679775, 0.0], [73.81380923358581, 18.64668211124704, 0.0], [73.81380856537024, 18.646685132929022, 0.0], [73.81380772718187, 18.646689689718354, 0.0], [73.81380727705931, 18.646692747852242, 0.0], [73.81380676736576, 18.64669734857624, 0.0], [73.81380653743874, 18.64670042887793, 0.0], [73.81380648476643, 18.64670179067348, 0.0], [73.8137675748202, 18.646653221146, 0.0], [73.8137464489661, 18.646607831013295, 0.0], [73.8137240654368, 18.6465230157316, 0.0], [73.8136971078952, 18.6464352517812, 0.0], [73.8137160833753, 18.646349237658395, 0.0], [73.8137621781269, 18.646107185700096, 0.0], [73.8136611946041, 18.6460934093209, 0.0], [73.8135272090902, 18.645980151571404, 0.0], [73.81348842086867, 18.64597373719625, 0.0], [73.81348798410063, 18.645972753602756, 0.0], [73.81348131003573, 18.645961069535158, 0.0], [73.81347346651214, 18.6459500654371, 0.0], [73.81346452909229, 18.64593984731879, 0.0]], [[73.81316473736679, 18.645799633940193, 0.0], [73.81315289719252, 18.645792874005004, 0.0], [73.81314042529138, 18.64578724011708, 0.0], [73.8131317482752, 18.645784263552386, 0.0], [73.8130517246116, 18.6456428333484, 0.0], [73.8129428210365, 18.645446519519492, 0.0], [73.81276341113642, 18.6452585196955, 0.0], [73.8127638981803, 18.645188447723303, 0.0], [73.8127588683206, 18.6450307471377, 0.0], [73.8127717893966, 18.6449344755815, 0.0], [73.8128152374783, 18.6448529957758, 0.0], [73.8127553198539, 18.644659910988196, 0.0], [73.812719154224, 18.6445750085617, 0.0], [73.8126641026619, 18.644574660849507, 0.0], [73.8126641973166, 18.644574170323825, 0.0], [73.81266536339176, 18.644560848818692, 0.0], [73.81266514723477, 18.644547482606885, 0.0], [73.81266355094837, 18.644534201695354, 0.0], [73.81266059005927, 18.64452113526138, 0.0], [73.81265629336691, 18.644508410396078, 0.0], [73.81265070266355, 18.644496150868253, 0.0], [73.81264387232758, 18.644484475920557, 0.0], [73.81263586879473, 18.644473499109694, 0.0], [73.81262676991179, 18.644463327201894, 0.0], [73.81261666417943, 18.644454059134443, 0.0], [73.81260564989147, 18.6444457850534, 0.0], [73.81246541381077, 18.644350735864588, 0.0], [73.8124540020522, 18.64434375725041, 0.0], [73.8124419449132, 18.644337846444067, 0.0], [73.81242935201608, 18.64433305718599, 0.0], [73.81241633785424, 18.644329433019625, 0.0], [73.81238040532017, 18.644321176584935, 0.0], [73.81236899842646, 18.644319067864984, 0.0], [73.81236920738704, 18.64431905929359, 0.0], [73.81236952539653, 18.644319016209433, 0.0], [73.81236984620395, 18.64431900097542, 0.0], [73.81237412972519, 18.644318392411567, 0.0], [73.81237841747047, 18.64431781150454, 0.0], [73.81237872951858, 18.644317738914516, 0.0], [73.81237904721479, 18.644317693779108, 0.0], [73.81238324753492, 18.644316687913395, 0.0], [73.81238745490239, 18.644315709176688, 0.0], [73.81238775798393, 18.644315607779888, 0.0], [73.81238806950935, 18.644315533177764, 0.0], [73.81239214617692, 18.644314139697226, 0.0], [73.81239623264727, 18.644312772556624, 0.0], [73.81239652384339, 18.644312643329556, 0.0], [73.81239682619787, 18.644312539979175, 0.0], [73.8127964170146, 18.64415445401041, 0.0], [73.81280482374946, 18.64415065702189, 0.0], [73.81281279958327, 18.644146092830066, 0.0], [73.81281853664994, 18.644142030979452, 0.0], [73.81282004797816, 18.644142488247496, 0.0], [73.81283108049819, 18.644146620259047, 0.0], [73.81284179792438, 18.644151447377503, 0.0], [73.81285215212493, 18.644156947924383, 0.0], [73.81286209659943, 18.64416309719694, 0.0], [73.81287158668744, 18.644169867578913, 0.0], [73.81288057976943, 18.64417722866499, 0.0], [73.81288901491993, 18.644185128163013, 0.0], [73.8129160441511, 18.644214150705636, 0.0], [73.81294087774549, 18.644244869638694, 0.0], [73.81296368035784, 18.644277537419356, 0.0], [73.81331508570099, 18.644839098364844, 0.0], [73.81338531013903, 18.644957932206477, 0.0], [73.81338687272722, 18.644960390166695, 0.0], [73.8134650401241, 18.645074960466246, 0.0], [73.813724036758, 18.64546518879386, 0.0], [73.81383017937566, 18.645636641866343, 0.0], [73.81383019496234, 18.645636689228205, 0.0], [73.81383040893792, 18.645637541991736, 0.0], [73.81383056053592, 18.645638406819053, 0.0], [73.8138306490306, 18.64563927956971, 0.0], [73.81383067399818, 18.645640156064903, 0.0], [73.8138306353191, 18.64564103210749, 0.0], [73.81383053317865, 18.64564190350238, 0.0], [73.81383036806565, 18.645642766078662, 0.0], [73.81383014077088, 18.645643615705254, 0.0], [73.81382985238277, 18.645644448313554, 0.0], [73.81382950428207, 18.645645259917377, 0.0], [73.81382909813527, 18.645646046631224, 0.0], [73.81382863588709, 18.645646804687985, 0.0], [73.8138281197513, 18.645647530457236, 0.0], [73.81382755219936, 18.64564822046387, 0.0], [73.81382693594769, 18.645648871405278, 0.0], [73.81382627394751, 18.645649480164042, 0.0], [73.81382556936944, 18.6456500438246, 0.0], [73.81382526581574, 18.645650254359705, 0.0], [73.81376909098391, 18.645659232282846, 0.0], [73.8137660128076, 18.645659824790418, 0.0], [73.81370349931345, 18.645673927347797, 0.0], [73.8137009004125, 18.64567458840524, 0.0], [73.81345446084833, 18.64574447055831, 0.0], [73.81345201160902, 18.645745234758312, 0.0], [73.81340048803673, 18.645762803010133, 0.0], [73.81339777491193, 18.645763818861074, 0.0], [73.81334748165663, 18.645784372969015, 0.0], [73.8133448391694, 18.645785545877317, 0.0], [73.81329596644672, 18.645809008102955, 0.0], [73.81329340459114, 18.645810333632607, 0.0], [73.8132461372444, 18.645836615238814, 0.0], [73.81324366570992, 18.64583808837641, 0.0], [73.81322513369298, 18.645849905003562, 0.0], [73.81321188618084, 18.645836788473012, 0.0], [73.81319944469215, 18.645825853996975, 0.0], [73.81317583426838, 18.64580745623764, 0.0], [73.81316473736679, 18.645799633940193, 0.0]], [[73.81305550305187, 18.644164649127784, 0.0], [73.81302664577296, 18.644128951587668, 0.0], [73.81302454711681, 18.644126533997987, 0.0], [73.81299316013852, 18.644092831939023, 0.0], [73.81299101737046, 18.644090678003035, 0.0], [73.81297904076327, 18.644079404939433, 0.0], [73.81297688859394, 18.644077501028157, 0.0], [73.8129642027333, 18.64406695650036, 0.0], [73.81296193102656, 18.644065183271746, 0.0], [73.81294858459498, 18.644055407744517, 0.0], [73.8129462020679, 18.64405377200285, 0.0], [73.81293224628293, 18.644044802990376, 0.0], [73.8129297620794, 18.64404331101347, 0.0], [73.81291525049694, 18.644035182934402, 0.0], [73.81291267414987, 18.644033840447506, 0.0], [73.81289766245861, 18.64402658449353, 0.0], [73.81289500385412, 18.644025396648164, 0.0], [73.81288180529683, 18.6440199683597, 0.0], [73.81287420547956, 18.644015907603155, 0.0], [73.8128660435305, 18.64401089382287, 0.0], [73.8128582205511, 18.64400541096964, 0.0], [73.81285076616645, 18.643999479806638, 0.0], [73.81284370860584, 18.643993122794953, 0.0], [73.81283707459568, 18.643986364007965, 0.0], [73.81283091539899, 18.64397925919481, 0.0], [73.81280850155653, 18.643949790897935, 0.0], [73.81278816512415, 18.643919029955647, 0.0], [73.81276996792414, 18.64388707464869, 0.0], [73.81275398682965, 18.643854059972558, 0.0], [73.81274498420528, 18.643831756581754, 0.0], [73.81269839504095, 18.643700773407584, 0.0], [73.81269610375152, 18.64369275783888, 0.0], [73.81269435807032, 18.643684670221, 0.0], [73.81269315094046, 18.643676493754022, 0.0], [73.81269248716815, 18.643668260992243, 0.0], [73.81269236939602, 18.64366000471375, 0.0], [73.81269279809288, 18.643651757790895, 0.0], [73.8126937715518, 18.643643553058613, 0.0], [73.81269528589696, 18.643635423183575, 0.0], [73.81269733509886, 18.64362740053487, 0.0], [73.81269870112573, 18.643623219842105, 0.0], [73.81274635488597, 18.643599295068817, 0.0], [73.81274858920625, 18.643598098676417, 0.0], [73.81279775534662, 18.643570078925872, 0.0], [73.81279991856572, 18.64356876916352, 0.0], [73.81284739664184, 18.643538274837788, 0.0], [73.81287908414359, 18.643517983861955, 0.0], [73.81291074331929, 18.643500112730102, 0.0], [73.81293024719258, 18.643490550199576, 0.0], [73.81295027879762, 18.643482188651884, 0.0], [73.81297081773998, 18.643475032420316, 0.0], [73.81299178429855, 18.643469109281572, 0.0], [73.81301309709244, 18.64346444222607, 0.0], [73.8130346344242, 18.6434610554972, 0.0], [73.81304317326753, 18.6434602428235, 0.0], [73.81305171014544, 18.643459967104768, 0.0], [73.81306024761012, 18.643460225786047, 0.0], [73.81306874888737, 18.64346101775315, 0.0], [73.81307717735899, 18.64346233959472, 0.0], [73.81308549671999, 18.643464185617045, 0.0], [73.81309367113586, 18.643466547868712, 0.0], [73.8131016653962, 18.643469416174483, 0.0], [73.81310944506637, 18.643472778179454, 0.0], [73.81311697663642, 18.643476619402122, 0.0], [73.81312422766443, 18.643480923296686, 0.0], [73.81313116691803, 18.643485671325003, 0.0], [73.8131377645069, 18.643490843035174, 0.0], [73.81314422078303, 18.64349662088191, 0.0], [73.81330893847502, 18.643660329915907, 0.0], [73.81346762673685, 18.64383095033254, 0.0], [73.8134680786857, 18.64383142934014, 0.0], [73.81349793076055, 18.64386261855604, 0.0], [73.81350017212115, 18.643864806741608, 0.0], [73.81353216924776, 18.64389399938911, 0.0], [73.81353456076526, 18.643896038019832, 0.0], [73.81356855633798, 18.643923100341446, 0.0], [73.8135710870544, 18.643924980076186, 0.0], [73.81360692531038, 18.64394978807572, 0.0], [73.81360958363071, 18.64395150030206, 0.0], [73.81364710036432, 18.643973940311977, 0.0], [73.81364987410838, 18.643975477184565, 0.0], [73.81368889742268, 18.643995446387095, 0.0], [73.81369177388143, 18.643996800864112, 0.0], [73.81373211793779, 18.644014204726208, 0.0], [73.81380333513741, 18.644044953483586, 0.0], [73.8138707626461, 18.644079538782677, 0.0], [73.81393555467018, 18.64411843340523, 0.0], [73.81399747188749, 18.644161499715302, 0.0], [73.81408131933162, 18.644228196586567, 0.0], [73.81416074618826, 18.644299750042393, 0.0], [73.81420722037012, 18.644347124595374, 0.0], [73.8142036786891, 18.644351014011285, 0.0], [73.81417091274349, 18.644382517982994, 0.0], [73.81413603134548, 18.644411885689784, 0.0], [73.81409918745139, 18.644438988352398, 0.0], [73.81406054262338, 18.644463707123798, 0.0], [73.81402026632088, 18.64448593361069, 0.0], [73.81397853515806, 18.64450557034836, 0.0], [73.81393527085139, 18.644522634279106, 0.0], [73.81384296904666, 18.64455356011023, 0.0], [73.81374814372796, 18.644581086934778, 0.0], [73.81374773776002, 18.64458120668138, 0.0], [73.81372047293418, 18.644589376713796, 0.0], [73.81371777292271, 18.644590271927047, 0.0], [73.81369107437493, 18.644599993939796, 0.0], [73.8136884358889, 18.644601042687757, 0.0], [73.81366240073955, 18.64461228131568, 0.0], [73.81365983337751, 18.644613479783114, 0.0], [73.81363455633354, 18.644626194143733, 0.0], [73.81363210742977, 18.64462751599411, 0.0], [73.81358946514308, 18.64465215480129, 0.0], [73.81358713944239, 18.644653588810513, 0.0], [73.8135460797785, 18.644680559984998, 0.0], [73.81354384592186, 18.64468212104697, 0.0], [73.81350450910143, 18.644711332481354, 0.0], [73.81350237471754, 18.644713015264994, 0.0], [73.81346489507771, 18.644744367201376, 0.0], [73.81346286745564, 18.644746165959905, 0.0], [73.81343744276224, 18.64477007991112, 0.0], [73.81308485377212, 18.64420660292438, 0.0], [73.81308360898961, 18.644204720574287, 0.0], [73.8130574206107, 18.64416719974721, 0.0], [73.81305550305187, 18.644164649127784, 0.0]], [[73.81124820046503, 18.64640840024867, 0.0], [73.81125712278497, 18.646409869892615, 0.0], [73.81126615149714, 18.64641052137383, 0.0], [73.81127520422798, 18.646410348748507, 0.0], [73.81157321609835, 18.646391064686753, 0.0], [73.81158251091091, 18.646390021809957, 0.0], [73.81159165254324, 18.64638811032613, 0.0], [73.8116005518888, 18.646385348867142, 0.0], [73.81160912220268, 18.646381764349847, 0.0], [73.81161727994724, 18.646377391713717, 0.0], [73.81162494560623, 18.646372273580276, 0.0], [73.81163204445994, 18.646366459837683, 0.0], [73.81163850731362, 18.646360007154396, 0.0], [73.81164427117172, 18.646352978426847, 0.0], [73.8116492798521, 18.64634544216636, 0.0], [73.81165348453364, 18.646337471831327, 0.0], [73.81165684423202, 18.646329145111203, 0.0], [73.8116593261993, 18.646320543169242, 0.0], [73.81166090624308, 18.646311749851364, 0.0], [73.8116615689623, 18.646302850868857, 0.0], [73.81166130789735, 18.646293932962973, 0.0], [73.81164952826448, 18.646148926145457, 0.0], [73.81236390012144, 18.64614734835727, 0.0], [73.8123643801126, 18.646152658405413, 0.0], [73.81236560353418, 18.64619816212054, 0.0], [73.81236394654641, 18.64624365336438, 0.0], [73.8123594151762, 18.646288966607887, 0.0], [73.81235202590976, 18.646333936969416, 0.0], [73.8123418188988, 18.646378343097794, 0.0], [73.81233839166173, 18.64638976268516, 0.0], [73.81233420791314, 18.646400888095744, 0.0], [73.81232926857649, 18.646411728345846, 0.0], [73.81232359487193, 18.64642223686362, 0.0], [73.81231721117435, 18.646432368502996, 0.0], [73.81231014490938, 18.64644207973634, 0.0], [73.81230242643461, 18.646451328842705, 0.0], [73.81229408891011, 18.646460076086132, 0.0], [73.81228516815496, 18.646468283887042, 0.0], [73.81227570249463, 18.64647591698316, 0.0], [73.81226573259481, 18.646482942581457, 0.0], [73.81225530128823, 18.64648933049867, 0.0], [73.81224312878749, 18.646495752082828, 0.0], [73.81214502638485, 18.64654729851309, 0.0], [73.81214249201987, 18.646548729792823, 0.0], [73.81204790416565, 18.646606006351465, 0.0], [73.81204546796569, 18.646607584938664, 0.0], [73.81195479526171, 18.646670351871375, 0.0], [73.81195236119483, 18.64667215491102, 0.0], [73.81193519402156, 18.646685747618555, 0.0], [73.81193278878223, 18.646687787540706, 0.0], [73.81191662920585, 18.646702459785562, 0.0], [73.81191437478665, 18.64670465064579, 0.0], [73.8118992973616, 18.646720334735814, 0.0], [73.81189720416359, 18.646722666426328, 0.0], [73.81188327845192, 18.646739290000856, 0.0], [73.81188135613235, 18.64674175176416, 0.0], [73.81186864638241, 18.646759238128354, 0.0], [73.81186690381037, 18.6467618186066, 0.0], [73.81185546866055, 18.64678008708481, 0.0], [73.81185391387565, 18.646782774372596, 0.0], [73.81184380608394, 18.64680174068077, 0.0], [73.81184244625926, 18.646804522380275, 0.0], [73.81183371245982, 18.646824099014953, 0.0], [73.8118325538693, 18.6468269622922, 0.0], [73.81182523435717, 18.646847058934025, 0.0], [73.81182428234614, 18.646849990579078, 0.0], [73.81181841089152, 18.64687051450939, 0.0], [73.8118176698524, 18.646873500996325, 0.0], [73.81181327354449, 18.646894357525248, 0.0], [73.81181274689612, 18.646897385075974, 0.0], [73.8118098460186, 18.64691847797905, 0.0], [73.81180954299893, 18.646921430641243, 0.0], [73.81180802854864, 18.646943719395132, 0.0], [73.81180792947916, 18.64694658245882, 0.0], [73.81180789981636, 18.646968917897564, 0.0], [73.81180799128092, 18.646971781191642, 0.0], [73.81180944652573, 18.646994073529058, 0.0], [73.81180972815669, 18.646996925542382, 0.0], [73.8118126624596, 18.647019085165464, 0.0], [73.81181313312493, 18.64702191443392, 0.0], [73.81181753469102, 18.64704385226288, 0.0], [73.81181819249886, 18.64704664741316, 0.0], [73.81182404363507, 18.64706827526006, 0.0], [73.81182488594098, 18.647071025055173, 0.0], [73.81183216312665, 18.6470922559781, 0.0], [73.81183318654492, 18.647094949364888, 0.0], [73.811841845623, 18.647115662365724, 0.0], [73.81184779767227, 18.647129970634367, 0.0], [73.81185226238999, 18.64714322472623, 0.0], [73.81185578887415, 18.647156733381284, 0.0], [73.81185836485858, 18.647170454803756, 0.0], [73.8118594111416, 18.64717939494561, 0.0], [73.81185984551136, 18.64718839981227, 0.0], [73.81185966394047, 18.647197412531458, 0.0], [73.81185886719925, 18.647206394861126, 0.0], [73.81185745866823, 18.647215308688214, 0.0], [73.81185544432392, 18.647224116190355, 0.0], [73.81185283271348, 18.647232779995655, 0.0], [73.81184963491813, 18.647241263342725, 0.0], [73.81184586450661, 18.647249530235253, 0.0], [73.811841537477, 18.647257545596013, 0.0], [73.81183667218943, 18.647265275414718, 0.0], [73.81183128928814, 18.647272686892443, 0.0], [73.81182541161336, 18.647279748581273, 0.0], [73.81181909414096, 18.64728639889892, 0.0], [73.81181227787759, 18.64729267289275, 0.0], [73.81180505877741, 18.64729845706654, 0.0], [73.81179743892727, 18.64730375358624, 0.0], [73.81178945451038, 18.647308537300923, 0.0], [73.81178114344068, 18.64731278549518, 0.0], [73.81177254518354, 18.647316477996345, 0.0], [73.81176370056828, 18.64731959727037, 0.0], [73.81175465159377, 18.64732212850533, 0.0], [73.81174544122969, 18.64732405968141, 0.0], [73.81173611321124, 18.647325381628495, 0.0], [73.81172671183297, 18.647326088069306, 0.0], [73.81171728173769, 18.64732617564924, 0.0], [73.81170786770473, 18.647325643952485, 0.0], [73.81169835342232, 18.647324475733424, 0.0], [73.81166343674076, 18.64731806822219, 0.0], [73.81162878696848, 18.64730979531772, 0.0], [73.811594669191, 18.64729971150531, 0.0], [73.81156131622711, 18.647287893164577, 0.0], [73.81152969894701, 18.647274545063954, 0.0], [73.81149920881153, 18.647259275310102, 0.0], [73.81146985628756, 18.647242099022485, 0.0], [73.81144177237923, 18.647223092861324, 0.0], [73.81141508242847, 18.64720234165386, 0.0], [73.81138990555577, 18.647179938015878, 0.0], [73.81136635412848, 18.64715598193772, 0.0], [73.81134453325878, 18.647130580338665, 0.0], [73.81132454033556, 18.64710384658956, 0.0], [73.8113064645888, 18.647075900006623, 0.0], [73.81129036343779, 18.647046823324843, 0.0], [73.8112666064219, 18.64699624317731, 0.0], [73.81124619900929, 18.646944300534393, 0.0], [73.81122924154812, 18.646891242346214, 0.0], [73.81121580050721, 18.646837276596912, 0.0], [73.8112059285709, 18.646782614827874, 0.0], [73.81119966443285, 18.646727471308775, 0.0], [73.81119703264446, 18.64667206219749, 0.0], [73.81119805372285, 18.646616044873678, 0.0], [73.81121106139591, 18.64639174450914, 0.0], [73.81121517312508, 18.646394717143526, 0.0], [73.81122287659373, 18.6463992529452, 0.0], [73.81123099890009, 18.646403067448016, 0.0], [73.81123946594023, 18.646406125850298, 0.0], [73.81124820046503, 18.64640840024867, 0.0]], [[73.81181209518682, 18.645643986929883, 0.0], [73.81181409683467, 18.645640765219227, 0.0], [73.81181567955817, 18.64563800260406, 0.0], [73.8118174410288, 18.645634655859645, 0.0], [73.8118188181255, 18.645631794899842, 0.0], [73.81182033086901, 18.64562833936595, 0.0], [73.81182149565336, 18.645625393951125, 0.0], [73.81182267070326, 18.645622076822654, 0.0], [73.81182311551949, 18.64562269432123, 0.0], [73.81182500267167, 18.645625134418708, 0.0], [73.8118329520986, 18.645634722157304, 0.0], [73.81183500665963, 18.6456370361278, 0.0], [73.81184361267371, 18.645646094124665, 0.0], [73.81184582539368, 18.645648271550296, 0.0], [73.8118550492505, 18.645656759026192, 0.0], [73.81185741016829, 18.645658790104704, 0.0], [73.8118622664081, 18.645662694226477, 0.0], [73.81179902588691, 18.64566013477549, 0.0], [73.81180151098862, 18.645657559852324, 0.0], [73.81180366070002, 18.645655170489757, 0.0], [73.81180611243714, 18.64565224507637, 0.0], [73.81180808240923, 18.64564971883129, 0.0], [73.81181031451872, 18.645646637791813, 0.0], [73.81181209518682, 18.645643986929883, 0.0]], [[73.81154024063451, 18.64559455907064, 0.0], [73.81154036407305, 18.64559478252101, 0.0], [73.81146848475113, 18.645592524423247, 0.0], [73.81146574321427, 18.645592513919784, 0.0], [73.81144668492483, 18.645592966485353, 0.0], [73.81144356415678, 18.645593138888117, 0.0], [73.81142457861228, 18.64559478800457, 0.0], [73.81142147655362, 18.64559515612701, 0.0], [73.81140264633733, 18.645597994620857, 0.0], [73.81139957648053, 18.645598556861835, 0.0], [73.8113809835001, 18.64560257238638, 0.0], [73.81137795919922, 18.64560332630013, 0.0], [73.81135968433051, 18.645608501388477, 0.0], [73.81135671874033, 18.645609443695683, 0.0], [73.81133884147525, 18.64561575583726, 0.0], [73.81133594749541, 18.645616882439114, 0.0], [73.81131854559669, 18.64562430417734, 0.0], [73.81131573581575, 18.645625610173212, 0.0], [73.81129888497823, 18.645634109224915, 0.0], [73.81129617161804, 18.64563558893402, 0.0], [73.81128659941093, 18.64564121634597, 0.0], [73.81128704436296, 18.64560433673484, 0.0], [73.81128890804095, 18.645574114658118, 0.0], [73.81129673524809, 18.645574394296094, 0.0], [73.8115359409808, 18.64558379912298, 0.0], [73.81153673616774, 18.645586353055254, 0.0], [73.81154024063451, 18.64559455907064, 0.0]], [[73.81130904918076, 18.645818166346096, 0.0], [73.8113161016615, 18.645808417153404, 0.0], [73.81132382550982, 18.645799141791347, 0.0], [73.81133218580351, 18.645790382196918, 0.0], [73.81134114474229, 18.645782177975672, 0.0], [73.81135066181925, 18.645774566222094, 0.0], [73.8113606940039, 18.645767581351848, 0.0], [73.8113711959372, 18.645761254946063, 0.0], [73.81138212013573, 18.645755615608845, 0.0], [73.81139341720703, 18.645750688837794, 0.0], [73.81140503607277, 18.645746496908675, 0.0], [73.81141692419962, 18.645743058774894, 0.0], [73.81142902783694, 18.645740389981427, 0.0], [73.81144129225962, 18.645738502594998, 0.0], [73.81145366201574, 18.645737405149102, 0.0], [73.81146606387179, 18.64573710302733, 0.0], [73.81193908381779, 18.645756247271994, 0.0], [73.81193931134003, 18.645756245828213, 0.0], [73.81193953810416, 18.645756263577354, 0.0], [73.81217563869357, 18.64576365693364, 0.0], [73.81240995361125, 18.645780036210002, 0.0], [73.81242093527347, 18.64578137672344, 0.0], [73.81243147498438, 18.64578336447407, 0.0], [73.81244184875713, 18.645786029917026, 0.0], [73.81245200869571, 18.645789360745866, 0.0], [73.81246190789186, 18.64579334158228, 0.0], [73.81247150064085, 18.645797954046607, 0.0], [73.81248074265284, 18.64580317684319, 0.0], [73.81248959125752, 18.645808985858285, 0.0], [73.81249800560056, 18.645815354271644, 0.0], [73.81250594683308, 18.645822252680336, 0.0], [73.81251340712647, 18.64582967793517, 0.0], [73.81253069344824, 18.645849336482005, 0.0], [73.81254664038033, 18.64587004748598, 0.0], [73.81256115493545, 18.645891694505575, 0.0], [73.81257417684795, 18.645914187661212, 0.0], [73.81258565204942, 18.645937433560338, 0.0], [73.8125955328937, 18.64596133568456, 0.0], [73.81260422090918, 18.645987107573806, 0.0], [73.81261226539834, 18.646011254686975, 0.0], [73.81124364513636, 18.646014276942978, 0.0], [73.81124409678571, 18.646007864126954, 0.0], [73.81124851992983, 18.64597660587261, 0.0], [73.81125512990229, 18.645945700301066, 0.0], [73.81126389700333, 18.645915286270696, 0.0], [73.81127478184148, 18.64588550043127, 0.0], [73.8112877355102, 18.645856476609936, 0.0], [73.8113026986724, 18.64582834734512, 0.0], [73.81130904918076, 18.645818166346096, 0.0]], [[73.81582868245157, 18.641363225404746, 0.0], [73.81579941306224, 18.641268977947412, 0.0], [73.81576158619706, 18.641146631610532, 0.0], [73.8157615200071, 18.641146418173488, 0.0], [73.81575695202592, 18.641131732557838, 0.0], [73.81575391682166, 18.64112305939673, 0.0], [73.8157483206599, 18.641108700756092, 0.0], [73.81574467899148, 18.641100242386578, 0.0], [73.81573808011258, 18.641086276053883, 0.0], [73.81573384854988, 18.641078070961704, 0.0], [73.81572627697946, 18.641064560484573, 0.0], [73.81572147477645, 18.641056646003317, 0.0], [73.81571296496618, 18.641043652855668, 0.0], [73.81570761397427, 18.64103606499805, 0.0], [73.81569820464465, 18.641023648299303, 0.0], [73.81569232921045, 18.641016421589196, 0.0], [73.815682063175, 18.641004637836428, 0.0], [73.8156756063533, 18.640997721388757, 0.0], [73.81566063809036, 18.64098275013456, 0.0], [73.81565361152546, 18.64097619201084, 0.0], [73.81563759355511, 18.640962242796057, 0.0], [73.81563010829093, 18.640956163324933, 0.0], [73.81561311722774, 18.640943302869093, 0.0], [73.81560520906888, 18.640937731130517, 0.0], [73.81558732618193, 18.640926020945184, 0.0], [73.8155790329512, 18.640920983587232, 0.0], [73.81556034377476, 18.64091047968245, 0.0], [73.81555170513955, 18.640906000799376, 0.0], [73.81553229906449, 18.6408967534155, 0.0], [73.81552335634389, 18.640892854429982, 0.0], [73.8155033261898, 18.64088490779728, 0.0], [73.81549412215689, 18.640881607358143, 0.0], [73.8154735637286, 18.640874999485487, 0.0], [73.81546496989566, 18.64087252241237, 0.0], [73.81540894842954, 18.640858198526473, 0.0], [73.81539928484544, 18.640855666930086, 0.0], [73.81569534927031, 18.64089824318251, 0.0], [73.81570486291677, 18.640899824436723, 0.0], [73.81571321131062, 18.64090177446462, 0.0], [73.81572140226245, 18.640904258198624, 0.0], [73.81572939827277, 18.640907264267746, 0.0], [73.81573716273397, 18.64091077890951, 0.0], [73.81574466009886, 18.640914786033218, 0.0], [73.81575185604301, 18.64091926729352, 0.0], [73.81575871762189, 18.640924202174226, 0.0], [73.81576521342184, 18.64092956808256, 0.0], [73.81577131370385, 18.640935340452337, 0.0], [73.8157769905394, 18.64094149285643, 0.0], [73.81578221793873, 18.64094799712779, 0.0], [73.81578697196986, 18.64095482348881, 0.0], [73.81579123086772, 18.640961940686918, 0.0], [73.81579497513418, 18.64096931613812, 0.0], [73.8157981876271, 18.640976916076085, 0.0], [73.81580085363909, 18.640984705706956, 0.0], [73.81580318886438, 18.640993508447398, 0.0], [73.81582559107436, 18.64108935799685, 0.0], [73.81584251093858, 18.641185655958505, 0.0], [73.8158539601119, 18.641282101835245, 0.0], [73.81585741292324, 18.641379268010393, 0.0], [73.81585759619445, 18.641381991292448, 0.0], [73.81586737216958, 18.641480555204453, 0.0], [73.81586772757231, 18.641483262972105, 0.0], [73.81588372778755, 18.641581084500956, 0.0], [73.81588386538557, 18.641581786717577, 0.0], [73.81587649691302, 18.64158322579455, 0.0], [73.8158760840355, 18.641583326782463, 0.0], [73.81587162602897, 18.64156670055261, 0.0], [73.81585574721316, 18.64147540215516, 0.0], [73.81585404425721, 18.64146719078201, 0.0], [73.81583091384054, 18.641371320920058, 0.0], [73.81582868245157, 18.641363225404746, 0.0]], [[73.81525192037252, 18.640411257949513, 0.0], [73.81526746036481, 18.639938868259087, 0.0], [73.815688374543, 18.63995145073767, 0.0], [73.81640450199903, 18.639975364527736, 0.0], [73.81640637212881, 18.639975409366013, 0.0], [73.81655224143474, 18.639977533958064, 0.0], [73.81669003181003, 18.640031278169857, 0.0], [73.81670192666954, 18.6400350633292, 0.0], [73.81682031596468, 18.640064601809062, 0.0], [73.8168723937507, 18.640082201632257, 0.0], [73.81682542260089, 18.640626447929577, 0.0], [73.81613883094313, 18.64064233928268, 0.0], [73.81569132855094, 18.640449357351603, 0.0], [73.81568353150159, 18.640446384120615, 0.0], [73.81567548900847, 18.640444080386484, 0.0], [73.81566726419221, 18.640442464229828, 0.0], [73.81565892160444, 18.640441548334877, 0.0], [73.81538014680996, 18.64042282142564, 0.0], [73.8153760803732, 18.64042025848049, 0.0], [73.8153678893236, 18.640416129702402, 0.0], [73.81535931455392, 18.640412782979173, 0.0], [73.81535043799182, 18.640410250287058, 0.0], [73.81534134444846, 18.64040855582467, 0.0], [73.81533212080811, 18.64040771578175, 0.0], [73.81532285519803, 18.640407738184457, 0.0], [73.8152915454796, 18.640409274540684, 0.0], [73.81529144781773, 18.640409279381057, 0.0], [73.81525192037252, 18.640411257949513, 0.0]], [[73.8163061117116, 18.64374776783215, 0.0], [73.81631162136358, 18.64374427548528, 0.0], [73.81631519140716, 18.643741837117194, 0.0], [73.81632043208053, 18.643737986906316, 0.0], [73.8163238149951, 18.643735317084477, 0.0], [73.81632876115529, 18.643731127769023, 0.0], [73.81633194045963, 18.643728239500536, 0.0], [73.8163365680076, 18.643723731492425, 0.0], [73.81633952821252, 18.643720638848833, 0.0], [73.81634381460763, 18.643715834106413, 0.0], [73.81634654129122, 18.64371255215462, 0.0], [73.81634761589433, 18.643711161632403, 0.0], [73.81634079408532, 18.643996059712755, 0.0], [73.81631509976079, 18.644383996555735, 0.0], [73.81631359005425, 18.644398070809206, 0.0], [73.81631123461032, 18.644411455943978, 0.0], [73.81630798175412, 18.644424669135024, 0.0], [73.81630384493062, 18.64443765576761, 0.0], [73.81629884123875, 18.644450362163106, 0.0], [73.8162929913604, 18.644462735801127, 0.0], [73.81628632712099, 18.644474711796875, 0.0], [73.81626725589518, 18.64450418459772, 0.0], [73.81627759447014, 18.644110075950643, 0.0], [73.81627760282257, 18.64410969240169, 0.0], [73.8162836766859, 18.643759035393757, 0.0], [73.81628676293603, 18.64375774875195, 0.0], [73.81629272884469, 18.64375502134561, 0.0], [73.81629662014052, 18.64375308033789, 0.0], [73.81630237193204, 18.64374996286706, 0.0], [73.8163061117116, 18.64374776783215, 0.0]], [[73.81650819047461, 18.64253694103279, 0.0], [73.8165094967969, 18.642532123269707, 0.0], [73.81651112870239, 18.642527396587084, 0.0], [73.81651307929607, 18.642522780956142, 0.0], [73.8165153403363, 18.642518295878553, 0.0], [73.81651790226933, 18.642513960305394, 0.0], [73.8165207542704, 18.6425097925555, 0.0], [73.81652388428947, 18.64250581023813, 0.0], [73.8165272791012, 18.642502030179696, 0.0], [73.81653089109577, 18.642498500856473, 0.0], [73.81654366768505, 18.642487585210556, 0.0], [73.81655716606757, 18.642477563547583, 0.0], [73.81657270581094, 18.642467587683818, 0.0], [73.8166028692602, 18.64244824323336, 0.0], [73.8166054842681, 18.642446439918377, 0.0], [73.81663420532533, 18.642425177051653, 0.0], [73.81663668552508, 18.64242320826589, 0.0], [73.81666382195934, 18.642400131384274, 0.0], [73.81666615585003, 18.64239800625723, 0.0], [73.81669158182707, 18.642373222370914, 0.0], [73.81669375858623, 18.64237095075707, 0.0], [73.81671735620347, 18.64234457479194, 0.0], [73.8167193657373, 18.642342167225, 0.0], [73.81674102557074, 18.642314321489426, 0.0], [73.8167428585608, 18.64231178913365, 0.0], [73.81676248017259, 18.642282602751244, 0.0], [73.8167637884509, 18.642280537345343, 0.0], [73.81679312528914, 18.64223129758188, 0.0], [73.8167940001703, 18.64222976063788, 0.0], [73.81682116732017, 18.642179749774485, 0.0], [73.81682761572348, 18.642168266291602, 0.0], [73.81683418807022, 18.642158217910662, 0.0], [73.81684144170363, 18.642148604881484, 0.0], [73.81684934500073, 18.642139469113044, 0.0], [73.81685786350614, 18.642130850433666, 0.0], [73.81686696008282, 18.64212278641709, 0.0], [73.81687659507313, 18.6421153122192, 0.0], [73.81688672647242, 18.642108460424577, 0.0], [73.8168973101119, 18.642102260904075, 0.0], [73.81690829985125, 18.64209674068523, 0.0], [73.81691964777961, 18.6420919238338, 0.0], [73.81693130442463, 18.642087831349386, 0.0], [73.81694321896812, 18.642084481073592, 0.0], [73.81695533946787, 18.642081887612076, 0.0], [73.81696761308298, 18.64208006227133, 0.0], [73.81697998630554, 18.64207901300925, 0.0], [73.81699240042302, 18.642078744503266, 0.0], [73.81707575282478, 18.64208220741908, 0.0], [73.81706652623437, 18.64212175631191, 0.0], [73.81706487079623, 18.642130068548656, 0.0], [73.8170496236069, 18.642222241055848, 0.0], [73.81704851541461, 18.64223063555478, 0.0], [73.81703933045794, 18.64232353530784, 0.0], [73.8170387738303, 18.642331979361604, 0.0], [73.81703568690408, 18.64242524439831, 0.0], [73.8170356871075, 18.64243379957558, 0.0], [73.81703695939557, 18.64247218385455, 0.0], [73.81703570598766, 18.642506032525194, 0.0], [73.81703208268422, 18.642539725702804, 0.0], [73.81702610568013, 18.642573112776567, 0.0], [73.81701780169173, 18.64260604450384, 0.0], [73.81700720783708, 18.642638373677443, 0.0], [73.81700347702598, 18.642647552823913, 0.0], [73.81667387439009, 18.642645478471096, 0.0], [73.81657611381766, 18.642618033901897, 0.0], [73.81654199609598, 18.642590085720464, 0.0], [73.81650619384081, 18.642558085753304, 0.0], [73.81650625094335, 18.642552101722494, 0.0], [73.81650657525958, 18.64254676807529, 0.0], [73.81650721525537, 18.642541829519537, 0.0], [73.81650819047461, 18.64253694103279, 0.0]], [[73.8158094453824, 18.641879496395987, 0.0], [73.8158159249934, 18.641903570798426, 0.0], [73.8157698955875, 18.641914837693903, 0.0], [73.81576395194185, 18.641890623829678, 0.0], [73.8158094453824, 18.641879496395987, 0.0]], [[73.81649937169723, 18.643132470813505, 0.0], [73.81650106988205, 18.642996800318834, 0.0], [73.81650368676492, 18.642998037749265, 0.0], [73.81649937169723, 18.643132470813505, 0.0]], [[73.8167907910072, 18.642917308991333, 0.0], [73.81691738966057, 18.642918105738936, 0.0], [73.81691684161181, 18.642997241852537, 0.0], [73.81691399351503, 18.642998882766985, 0.0], [73.81689641944563, 18.643010135166538, 0.0], [73.81689238530745, 18.643011812551887, 0.0], [73.81687073744416, 18.643017173819057, 0.0], [73.8168650974619, 18.64301885924472, 0.0], [73.81678764029397, 18.64301547268879, 0.0], [73.8167907910072, 18.642917308991333, 0.0]], [[73.81474753218363, 18.64353083322797, 0.0], [73.81475040751779, 18.643522219736553, 0.0], [73.8147523657343, 18.643513375503694, 0.0], [73.81475338723898, 18.643504389026518, 0.0], [73.81475346181062, 18.643495350225432, 0.0], [73.81475258870319, 18.6434863495444, 0.0], [73.81475077665333, 18.643477477045963, 0.0], [73.81474804379287, 18.643468821509984, 0.0], [73.8147444174675, 18.643460469545378, 0.0], [73.81473993396298, 18.643452504723445, 0.0], [73.81473463814224, 18.64344500674165, 0.0], [73.81464820452156, 18.643334943785426, 0.0], [73.81464227656498, 18.643328119995715, 0.0], [73.81463567608752, 18.643321882392993, 0.0], [73.81462846654135, 18.643316290940973, 0.0], [73.81462071723377, 18.6433113993917, 0.0], [73.81461250266089, 18.643307254768906, 0.0], [73.81460390179159, 18.64330389691591, 0.0], [73.81459499730819, 18.6433013581126, 0.0], [73.81458587481183, 18.64329966276513, 0.0], [73.81457662199935, 18.643298827171307, 0.0], [73.81456732782043, 18.6432988593639, 0.0], [73.81455808162237, 18.643299759033418, 0.0], [73.8145489722912, 18.64330151753111, 0.0], [73.81454008739729, 18.643304117952084, 0.0], [73.81453151235335, 18.643307535297808, 0.0], [73.81452332959353, 18.643311736716473, 0.0], [73.81451561778077, 18.643316681818746, 0.0], [73.81445321568519, 18.643361082004613, 0.0], [73.81444591200794, 18.643366842508893, 0.0], [73.8144392483989, 18.643373269580223, 0.0], [73.81443329149631, 18.643380298945875, 0.0], [73.81442810087118, 18.64338786030996, 0.0], [73.81442651150594, 18.643390774730502, 0.0], [73.81442250607142, 18.643391524036538, 0.0], [73.81441366081984, 18.643394051531626, 0.0], [73.8144051155112, 18.643397387426525, 0.0], [73.81439695123393, 18.64340150006615, 0.0], [73.81406821647212, 18.64358716053905, 0.0], [73.81406048342924, 18.643592029923735, 0.0], [73.81405879988267, 18.643593331884524, 0.0], [73.81405705918243, 18.643594539572234, 0.0], [73.81405705918233, 18.6435945395723, 0.0], [73.81405705918225, 18.64359453957236, 0.0], [73.81371697904825, 18.643855750269484, 0.0], [73.81368786164623, 18.643838334189372, 0.0], [73.81365721689745, 18.64381712125858, 0.0], [73.8136281477952, 18.64379398069069, 0.0], [73.81361374212776, 18.643780837660653, 0.0], [73.81427700829687, 18.643363659466708, 0.0], [73.81427797122831, 18.643363045720324, 0.0], [73.81430274958484, 18.643347042970657, 0.0], [73.8143257928073, 18.643334281890496, 0.0], [73.81434970624741, 18.643323069704348, 0.0], [73.8143743755105, 18.643313460047853, 0.0], [73.81439968258545, 18.643305498890893, 0.0], [73.81442550641034, 18.643299224317545, 0.0], [73.81445172345123, 18.64329466634356, 0.0], [73.8144782082932, 18.64329184677315, 0.0], [73.81450483424084, 18.643290779094265, 0.0], [73.81453147392301, 18.643291468414418, 0.0], [73.81455799990277, 18.643293911436096, 0.0], [73.81458428528772, 18.64329809647283, 0.0], [73.8146102043361, 18.643304003504447, 0.0], [73.81463563305836, 18.64331160427346, 0.0], [73.81466044981053, 18.643320862420023, 0.0], [73.81468453587657, 18.643331733655934, 0.0], [73.81470777603512, 18.64334416597616, 0.0], [73.81473005911141, 18.643358099907864, 0.0], [73.8147512785094, 18.64337346879541, 0.0], [73.81477133272125, 18.64339019911818, 0.0], [73.81479012581254, 18.64340821084295, 0.0], [73.81480756788191, 18.643427417806528, 0.0], [73.81482357549076, 18.643447728128134, 0.0], [73.8148380720626, 18.64346904464882, 0.0], [73.81485098824915, 18.643491265396214, 0.0], [73.81486226226218, 18.643514284071987, 0.0], [73.81487184016903, 18.64353799056111, 0.0], [73.81487967615095, 18.64356227145791, 0.0], [73.81488573272179, 18.643587010608982, 0.0], [73.81488998090778, 18.64361208966896, 0.0], [73.81489240038586, 18.643637388665642, 0.0], [73.81489297958103, 18.643662786575387, 0.0], [73.81489171572177, 18.643688161900986, 0.0], [73.81488861485319, 18.64371339325333, 0.0], [73.81488369180836, 18.643738359932033, 0.0], [73.8148769701371, 18.64376294250241, 0.0], [73.81487582541536, 18.643766190078694, 0.0], [73.81487183409811, 18.643760476218628, 0.0], [73.81479379475648, 18.643659998214577, 0.0], [73.81478778269891, 18.643653016233532, 0.0], [73.81478106943722, 18.643646641308358, 0.0], [73.81477372205349, 18.64364093714024, 0.0], [73.81476581396616, 18.64363596072781, 0.0], [73.8147574241965, 18.643631761797636, 0.0], [73.81474863657893, 18.643628382307334, 0.0], [73.8147395389233, 18.643625856026283, 0.0], [73.81473022213754, 18.643624208198236, 0.0], [73.81472077931917, 18.643623455289017, 0.0], [73.81471130482512, 18.64362360482202, 0.0], [73.8147018933288, 18.643624655303043, 0.0], [73.81469263887412, 18.643626596235194, 0.0], [73.81468363393579, 18.643629408223806, 0.0], [73.81467496849521, 18.643633063170196, 0.0], [73.81466672914141, 18.643637524552485, 0.0], [73.81466007693595, 18.643642018970045, 0.0], [73.81464517729087, 18.643618666699375, 0.0], [73.81471323066445, 18.64357310938461, 0.0], [73.81472070834316, 18.643567551123716, 0.0], [73.81472756607944, 18.643561308526536, 0.0], [73.8147337352535, 18.64355444405776, 0.0], [73.8147391541354, 18.643547026404633, 0.0], [73.81474376850282, 18.64353912978967, 0.0], [73.81474753218363, 18.64353083322797, 0.0]], [[73.8145265244899, 18.643894627440933, 0.0], [73.81452800472343, 18.643903489064495, 0.0], [73.81453039965223, 18.643912167048455, 0.0], [73.81453368566002, 18.64392057581919, 0.0], [73.81453783034362, 18.64392863245776, 0.0], [73.81454279283241, 18.64393625751763, 0.0], [73.81454852419134, 18.643943375808025, 0.0], [73.81458293948796, 18.64398198746416, 0.0], [73.81458916373917, 18.643988326429792, 0.0], [73.81459599746928, 18.643994066687473, 0.0], [73.81460337758655, 18.64399915524076, 0.0], [73.81461123595477, 18.644003545110046, 0.0], [73.81461950002225, 18.644007195766235, 0.0], [73.81462809349175, 18.64401007350497, 0.0], [73.81463693702482, 18.644012151757746, 0.0], [73.81464394278764, 18.644013130937214, 0.0], [73.81429610306907, 18.64423922458488, 0.0], [73.81425512886484, 18.644198026524347, 0.0], [73.8142531458936, 18.644196147011904, 0.0], [73.81417287008168, 18.644124422513016, 0.0], [73.81417077428723, 18.644122657746813, 0.0], [73.81408620101537, 18.644055570876702, 0.0], [73.81408382105978, 18.644053802141176, 0.0], [73.81401673229547, 18.64400713880104, 0.0], [73.81401405192324, 18.64400540508816, 0.0], [73.81394377641527, 18.643963218749967, 0.0], [73.81394097808248, 18.64396166360005, 0.0], [73.8138678440507, 18.643924151292207, 0.0], [73.8138649408268, 18.64392278196845, 0.0], [73.81385943192578, 18.643920403446092, 0.0], [73.81397609610275, 18.643830795426663, 0.0], [73.81397823099843, 18.643833376285002, 0.0], [73.81398450593825, 18.643839625987884, 0.0], [73.81399137906052, 18.643845275051724, 0.0], [73.81399878737098, 18.643850271701105, 0.0], [73.81400666297019, 18.643854570140153, 0.0], [73.81401493367584, 18.643858130972326, 0.0], [73.81402352368436, 18.643860921561476, 0.0], [73.8140323542656, 18.643862916330963, 0.0], [73.81404134448452, 18.643864096998087, 0.0], [73.81405041194293, 18.643864452741653, 0.0], [73.8140594735347, 18.643863980301155, 0.0], [73.81406844620746, 18.643862684006645, 0.0], [73.81407724772386, 18.64386057573908, 0.0], [73.81408579741522, 18.643857674821383, 0.0], [73.81409401692092, 18.643854007841362, 0.0], [73.81410183090661, 18.643849608408054, 0.0], [73.81411428115746, 18.64384180914657, 0.0], [73.8141221715298, 18.64383703128978, 0.0], [73.81416905809402, 18.64390807130844, 0.0], [73.81416856366506, 18.643909620601622, 0.0], [73.81416671530246, 18.64391857564345, 0.0], [73.81416582397569, 18.643927662742257, 0.0], [73.81416589877753, 18.643936789198726, 0.0], [73.81416693894506, 18.643945861912062, 0.0], [73.81416893386749, 18.643954788329676, 0.0], [73.81417186319435, 18.64396347739137, 0.0], [73.8141756970431, 18.643971840458235, 0.0], [73.81418039630401, 18.643979792216903, 0.0], [73.81418591303905, 18.64398725154983, 0.0], [73.81419219097097, 18.643994142362786, 0.0], [73.81419916605735, 18.644000394361147, 0.0], [73.81420676714393, 18.64400594376693, 0.0], [73.81421491669046, 18.644010733969466, 0.0], [73.81427448697339, 18.644041905364343, 0.0], [73.81428260326871, 18.64404568439966, 0.0], [73.81429106004317, 18.644048709879463, 0.0], [73.81429978051057, 18.644050954332844, 0.0], [73.81430868549035, 18.644052397380495, 0.0], [73.81431769412666, 18.644053025919757, 0.0], [73.8143267246224, 18.644052834243578, 0.0], [73.81433569498205, 18.64405182409234, 0.0], [73.81434452375609, 18.644050004638054, 0.0], [73.81435313078055, 18.64404739240109, 0.0], [73.81436143790495, 18.64404401110017, 0.0], [73.81436936970188, 18.64403989143698, 0.0], [73.81437685415183, 18.644035070817434, 0.0], [73.81438382329718, 18.644029593012025, 0.0], [73.8143902138592, 18.644023507758387, 0.0], [73.8143959678126, 18.644016870309695, 0.0], [73.81440103291249, 18.644009740932944, 0.0], [73.81442209937279, 18.643976811790484, 0.0], [73.814426670308, 18.643968779510445, 0.0], [73.81443036685933, 18.643960348231733, 0.0], [73.8144331512243, 18.64395160417633, 0.0], [73.81443499492896, 18.643942636764802, 0.0], [73.81443587911889, 18.64393353770186, 0.0], [73.81443579475214, 18.643924400038493, 0.0], [73.81443474269162, 18.643915317220443, 0.0], [73.81443273369632, 18.643906382132556, 0.0], [73.81443064108727, 18.643900203893182, 0.0], [73.81454094027248, 18.643836254155218, 0.0], [73.81453702716892, 18.64384251250744, 0.0], [73.8145330334064, 18.64385063811719, 0.0], [73.8145299047505, 18.64385910125037, 0.0], [73.814527672053, 18.643867818452083, 0.0], [73.81452635733066, 18.643876703762036, 0.0], [73.81452597354809, 18.64388566956224, 0.0], [73.8145265244899, 18.643894627440933, 0.0]], [[73.81445787213917, 18.643672887664174, 0.0], [73.81429872439979, 18.6437651589958, 0.0], [73.81425154956739, 18.643693682270015, 0.0], [73.81441297196446, 18.643602515259335, 0.0], [73.81445787213917, 18.643672887664174, 0.0]], [[73.81370345081861, 18.64474477383044, 0.0], [73.81372365262388, 18.644734612316245, 0.0], [73.81374447838432, 18.64472562243281, 0.0], [73.81376583480457, 18.644717845704037, 0.0], [73.81378880566976, 18.64471096237824, 0.0], [73.81388631084903, 18.64468265761407, 0.0], [73.81388821990654, 18.644682061004943, 0.0], [73.81398457960321, 18.64464977556801, 0.0], [73.81398695398427, 18.644648911170613, 0.0], [73.81403477054404, 18.644630088076543, 0.0], [73.81403757243189, 18.64462888228664, 0.0], [73.8140840083351, 18.644607143918726, 0.0], [73.81408672232872, 18.644605767520005, 0.0], [73.8141315822251, 18.644581205329157, 0.0], [73.81413419690708, 18.644579664111983, 0.0], [73.81417729207632, 18.644552381428777, 0.0], [73.81417979644722, 18.644550681876733, 0.0], [73.8142209455935, 18.644520793476058, 0.0], [73.81422332911747, 18.644518942739154, 0.0], [73.81426235913177, 18.64448657435842, 0.0], [73.81426461178184, 18.64448458022237, 0.0], [73.81429977619636, 18.644451362702764, 0.0], [73.8143682737433, 18.644546416158466, 0.0], [73.8139242377381, 18.64484298470163, 0.0], [73.81392273337046, 18.644844098232756, 0.0], [73.8139211638138, 18.644845126757478, 0.0], [73.81391906169374, 18.644846816003373, 0.0], [73.8139168901028, 18.64484842341226, 0.0], [73.81391550747672, 18.644849672141962, 0.0], [73.81391405123485, 18.644850842365503, 0.0], [73.81391213293196, 18.6448527198887, 0.0], [73.81391013707788, 18.644854522459983, 0.0], [73.81390888950881, 18.644855894362326, 0.0], [73.8139075606061, 18.644857195014815, 0.0], [73.81389988086231, 18.644865489523223, 0.0], [73.81389574867055, 18.644870273620995, 0.0], [73.81388868336528, 18.644879050381437, 0.0], [73.81388490486987, 18.644884093205988, 0.0], [73.81387848723242, 18.64489331094001, 0.0], [73.81387508020366, 18.64489858877499, 0.0], [73.81386934041734, 18.644908204130243, 0.0], [73.81386632087961, 18.64491369215245, 0.0], [73.81386128593986, 18.644923659906087, 0.0], [73.81385866809416, 18.644929332305455, 0.0], [73.81385436168124, 18.64493960557783, 0.0], [73.81385215784037, 18.644945435674984, 0.0], [73.81384860020829, 18.644955966149027, 0.0], [73.81384682073728, 18.644961926524157, 0.0], [73.8138440286183, 18.644972664673308, 0.0], [73.81384268188627, 18.644978727294173, 0.0], [73.81384066841241, 18.644989622615274, 0.0], [73.81383976075332, 18.644995758968808, 0.0], [73.8138385353946, 18.64500676021917, 0.0], [73.81383807107761, 18.645012941444516, 0.0], [73.81383763959731, 18.645023996883562, 0.0], [73.81383762080628, 18.64503019390908, 0.0], [73.81383798523393, 18.645041251541116, 0.0], [73.81383841205736, 18.6450474352218, 0.0], [73.81383957067926, 18.645058443040945, 0.0], [73.81384044110992, 18.64506458429373, 0.0], [73.81384238847711, 18.645075490528153, 0.0], [73.81384369842132, 18.64508156046952, 0.0], [73.81384642537529, 18.645092313825533, 0.0], [73.81384816867194, 18.64509828390644, 0.0], [73.8138516623874, 18.64510883380901, 0.0], [73.81385383083828, 18.645114675953383, 0.0], [73.81385807488405, 18.645124972784387, 0.0], [73.81386065829011, 18.645130659513853, 0.0], [73.81386563270586, 18.64514065484557, 0.0], [73.81386861891758, 18.645146159415646, 0.0], [73.813874300308, 18.64515580623811, 0.0], [73.8138776752796, 18.645161102757726, 0.0], [73.81388403692411, 18.64517035570033, 0.0], [73.81388778478389, 18.645175419261182, 0.0], [73.81389479676277, 18.645184234805555, 0.0], [73.8138988998832, 18.64518904159167, 0.0], [73.813906529218, 18.64519737827677, 0.0], [73.81391096830211, 18.645201905681695, 0.0], [73.81391917911087, 18.645209724298464, 0.0], [73.81392393328052, 18.645213951028506, 0.0], [73.81393268694632, 18.645221214804497, 0.0], [73.81393773384136, 18.645225120980193, 0.0], [73.81394698919428, 18.64523179575265, 0.0], [73.81395230507894, 18.64523536300307, 0.0], [73.81396201858927, 18.645241417379136, 0.0], [73.81396757846156, 18.64524462892654, 0.0], [73.81397770444508, 18.645250034431477, 0.0], [73.81398348215606, 18.645252875171458, 0.0], [73.81399397298817, 18.64525760638201, 0.0], [73.81399994136511, 18.64526006295437, 0.0], [73.8140107477058, 18.645264097618774, 0.0], [73.81401687867604, 18.64526615846891, 0.0], [73.81402794970076, 18.64526947761144, 0.0], [73.81403421443157, 18.645271133047615, 0.0], [73.81404549807138, 18.645273721057624, 0.0], [73.81405186709749, 18.645274963293637, 0.0], [73.81406331028327, 18.645276807999217, 0.0], [73.81406975364936, 18.645277631192553, 0.0], [73.8140813025616, 18.645278723917748, 0.0], [73.8140877899648, 18.645279124196936, 0.0], [73.8140993902867, 18.645279459802346, 0.0], [73.81410589121435, 18.64527943528465, 0.0], [73.81411748838741, 18.64527901219188, 0.0], [73.81412397226462, 18.645278562992655, 0.0], [73.81413551174509, 18.64527738319158, 0.0], [73.81414194807716, 18.645276511423457, 0.0], [73.81415337559264, 18.645274580462885, 0.0], [73.81415973410738, 18.645273290226136, 0.0], [73.81417099591218, 18.6452706171878, 0.0], [73.81417724670622, 18.645268914550197, 0.0], [73.81418828983372, 18.64526551200579, 0.0], [73.81419440350588, 18.645263404975854, 0.0], [73.81420517601826, 18.64525928892831, 0.0], [73.8142066236955, 18.645258655520593, 0.0], [73.81420811123877, 18.64525811249654, 0.0], [73.81421084872234, 18.645256806928447, 0.0], [73.81421363065941, 18.64525558973682, 0.0], [73.81421500623595, 18.645254824115682, 0.0], [73.81421643078018, 18.645254144718116, 0.0], [73.81421902083784, 18.645252589660434, 0.0], [73.81422166422217, 18.645251118400164, 0.0], [73.81422295445043, 18.64525022793897, 0.0], [73.81422430227649, 18.645249418710865, 0.0], [73.8146634920847, 18.644956086673794, 0.0], [73.8149294129036, 18.645325099419622, 0.0], [73.81492992907164, 18.645327688798133, 0.0], [73.81493129477855, 18.645338261218225, 0.0], [73.8149319342768, 18.645348896033077, 0.0], [73.81493184484341, 18.645359547964, 0.0], [73.81493102685918, 18.64537017165944, 0.0], [73.81492948380651, 18.64538072188746, 0.0], [73.81492722225497, 18.64539115373, 0.0], [73.81492425183329, 18.645401422772018, 0.0], [73.81492058518815, 18.64541148529216, 0.0], [73.81491623793069, 18.64542129844807, 0.0], [73.81491122856951, 18.64543082045926, 0.0], [73.81490557843247, 18.64544001078502, 0.0], [73.81490373991156, 18.645442598183614, 0.0], [73.81471085806483, 18.645563613503292, 0.0], [73.81450604314836, 18.64568121806598, 0.0], [73.81449641298481, 18.645686106590357, 0.0], [73.81448674537408, 18.64569026211613, 0.0], [73.81447681239536, 18.64569380358744, 0.0], [73.81446665691679, 18.645696715720195, 0.0], [73.81445632276666, 18.64569898594644, 0.0], [73.81444585454484, 18.645700604468438, 0.0], [73.81443529742991, 18.645701564300946, 0.0], [73.81442469698321, 18.645701861301603, 0.0], [73.81441409895365, 18.645701494188707, 0.0], [73.81440329318374, 18.6457004395717, 0.0], [73.81429819537038, 18.645684591350303, 0.0], [73.814192656636, 18.64566410263796, 0.0], [73.81419221389619, 18.645664018777772, 0.0], [73.81413219314634, 18.645652933061037, 0.0], [73.81412924264094, 18.64565247959539, 0.0], [73.81407016764244, 18.645645213525203, 0.0], [73.81405853415953, 18.645643027357487, 0.0], [73.81404716114804, 18.64564009508195, 0.0], [73.8140360292531, 18.64563641690146, 0.0], [73.81402519224073, 18.645632010581366, 0.0], [73.81401470245225, 18.645626897403524, 0.0], [73.81400461055227, 18.645621102064183, 0.0], [73.8139949652834, 18.645614652554016, 0.0], [73.8139858132312, 18.645607580023647, 0.0], [73.81397719859923, 18.64559991863262, 0.0], [73.81396916299454, 18.645591705384117, 0.0], [73.8139629185697, 18.64558436013622, 0.0], [73.81384574907005, 18.645395095501577, 0.0], [73.81384498362375, 18.64539390169491, 0.0], [73.81358447814952, 18.645001400409665, 0.0], [73.81358381766572, 18.645000432844334, 0.0], [73.81353694301549, 18.64493364667206, 0.0], [73.81351099823274, 18.64489340838064, 0.0], [73.81351999319367, 18.64488351559666, 0.0], [73.81355292643764, 18.644851534291895, 0.0], [73.81358787496127, 18.64482155939799, 0.0], [73.81362470449051, 18.644793706079128, 0.0], [73.81366327352467, 18.644768081348392, 0.0], [73.81370345081861, 18.64474477383044, 0.0]], [[73.8150430133684, 18.64540209661408, 0.0], [73.81504426503511, 18.64540342934366, 0.0], [73.8150445966298, 18.64540371937413, 0.0], [73.81504490311333, 18.645404033503706, 0.0], [73.81504630961281, 18.645405217640764, 0.0], [73.8150476922895, 18.64540642700379, 0.0], [73.81504805210969, 18.64540668465523, 0.0], [73.8150483894176, 18.64540696863599, 0.0], [73.81504991090259, 18.645408015655267, 0.0], [73.81505141127327, 18.645409090004865, 0.0], [73.81505179585368, 18.645409312795955, 0.0], [73.81505216073751, 18.64540956389301, 0.0], [73.81505378255524, 18.645410463711112, 0.0], [73.81505538617058, 18.645411392700733, 0.0], [73.81505579180748, 18.645411578485874, 0.0], [73.81505618075319, 18.645411794281006, 0.0], [73.81505760413283, 18.645412414793995, 0.0], [73.81505763438739, 18.64541308540082, 0.0], [73.81505769767152, 18.64541350993145, 0.0], [73.81505772551857, 18.645413937904316, 0.0], [73.81505802473866, 18.645415704004556, 0.0], [73.81505828876757, 18.645417475196634, 0.0], [73.81505839539906, 18.645417891770098, 0.0], [73.81505846711805, 18.64541831508028, 0.0], [73.81505894649544, 18.64542004471872, 0.0], [73.81505939137467, 18.64542178271257, 0.0], [73.8150595403266, 18.64542218731705, 0.0], [73.81505965522685, 18.645422601887837, 0.0], [73.81506031014487, 18.645424278407113, 0.0], [73.81506093159003, 18.64542596646491, 0.0], [73.8150611214279, 18.645426355203814, 0.0], [73.81506127840285, 18.64542675704267, 0.0], [73.81506210255434, 18.645428364297008, 0.0], [73.81506289458052, 18.645429986161787, 0.0], [73.81506312347612, 18.645430355291378, 0.0], [73.81506332101402, 18.64543074052836, 0.0], [73.81506430646192, 18.645432263038995, 0.0], [73.81506526144153, 18.645433803091343, 0.0], [73.81506552719047, 18.645434149056687, 0.0], [73.81506576338893, 18.64543451398176, 0.0], [73.8150730788869, 18.64544466549637, 0.0], [73.81507261986457, 18.645444582433583, 0.0], [73.81506518751813, 18.645443479677574, 0.0], [73.81506206511087, 18.64544311709047, 0.0], [73.8150545724007, 18.64544248668594, 0.0], [73.81505143164057, 18.645442322316967, 0.0], [73.81504391156625, 18.645442167040315, 0.0], [73.81504076628462, 18.645442201613356, 0.0], [73.815033251966, 18.645442522148585, 0.0], [73.81503011601625, 18.645442755511468, 0.0], [73.81502264054802, 18.64544355044686, 0.0], [73.8150195277421, 18.64544398157169, 0.0], [73.8150121240479, 18.64544524740608, 0.0], [73.81500904809435, 18.6454458743942, 0.0], [73.81500815762202, 18.64544608558515, 0.0], [73.81500851443231, 18.645445280148778, 0.0], [73.81500962397718, 18.645442528308266, 0.0], [73.81501430593015, 18.645429679420406, 0.0], [73.8150152248484, 18.645426864461047, 0.0], [73.81501901778937, 18.645413751864567, 0.0], [73.81501974216852, 18.64541088577174, 0.0], [73.81502262994894, 18.645397565294836, 0.0], [73.815023156705, 18.645394660271062, 0.0], [73.81502512703001, 18.645381188627272, 0.0], [73.81502542296326, 18.645378534666666, 0.0], [73.81503891678366, 18.645397259682095, 0.0], [73.81504005391393, 18.645398682632393, 0.0], [73.81504116251644, 18.645400125893616, 0.0], [73.81504146269221, 18.64540044550996, 0.0], [73.81504173539976, 18.64540078676311, 0.0], [73.8150430133684, 18.64540209661408, 0.0]], [[73.81608706893867, 18.643931370645078, 0.0], [73.81608681342122, 18.64397360856422, 0.0], [73.81574519693649, 18.643971456794635, 0.0], [73.81574545253837, 18.64392921888063, 0.0], [73.81608706893867, 18.643931370645078, 0.0]], [[73.8141678891187, 18.644900922698053, 0.0], [73.81416788911868, 18.644900922698042, 0.0], [73.8144756257042, 18.64469538729803, 0.0], [73.81447562571431, 18.64469538731205, 0.0], [73.8141678891187, 18.644900922698053, 0.0]], [[73.81416007743536, 18.645014778710145, 0.0], [73.81415966715127, 18.645016304260473, 0.0], [73.81415914623048, 18.645017798813253, 0.0], [73.81415851721123, 18.64501925508613, 0.0], [73.81415778315815, 18.645020665984024, 0.0], [73.81415694764661, 18.645022024634905, 0.0], [73.81415601474791, 18.645023324418208, 0.0], [73.81415498900702, 18.64502455900157, 0.0], [73.81415387542089, 18.645025722370686, 0.0], [73.81415267941496, 18.645026808857523, 0.0], [73.814151406816, 18.64502781316889, 0.0], [73.81415006382416, 18.64502873041175, 0.0], [73.8141486569824, 18.64502955611735, 0.0], [73.81414719314427, 18.645030286263218, 0.0], [73.81414567944196, 18.64503091729189, 0.0], [73.81414412324959, 18.645031446129227, 0.0], [73.81414253214875, 18.645031870198817, 0.0], [73.81414091389233, 18.645032187434293, 0.0], [73.81413927636319, 18.645032396290414, 0.0], [73.81413762753903, 18.645032495749625, 0.0], [73.814135975453, 18.645032485327338, 0.0], [73.81413432815435, 18.645032365074332, 0.0], [73.81413269366821, 18.645032135576464, 0.0], [73.81413107995738, 18.645031797951763, 0.0], [73.81412949488457, 18.645031353845326, 0.0], [73.8141279461714, 18.645030805420568, 0.0], [73.81412644136277, 18.64503015534931, 0.0], [73.81412498779041, 18.645029406798734, 0.0], [73.81412359253645, 18.64502856341605, 0.0], [73.81412226239772, 18.645027629309652, 0.0], [73.81412100385427, 18.645026609030282, 0.0], [73.81411982303882, 18.645025507549573, 0.0], [73.81411872570294, 18.645024330232733, 0.0], [73.81411771719283, 18.64502308281555, 0.0], [73.81411680242255, 18.645021771376182, 0.0], [73.81411598584859, 18.645020402303608, 0.0], [73.81411527144901, 18.645018982267544, 0.0], [73.81411466270433, 18.645017518186265, 0.0], [73.81411416258034, 18.645016017192827, 0.0], [73.81411377351348, 18.64501448659954, 0.0], [73.81411349739926, 18.64501293386309, 0.0], [73.81411333558304, 18.645011366549756, 0.0], [73.81411328885306, 18.64500979229375, 0.0], [73.81411335743698, 18.64500821876507, 0.0], [73.81411354100064, 18.64500665363029, 0.0], [73.81411383864982, 18.64500510451389, 0.0], [73.81411424893432, 18.645003578963472, 0.0], [73.81411476985528, 18.645002084411267, 0.0], [73.81411539887475, 18.645000628138806, 0.0], [73.81411613292848, 18.644999217240294, 0.0], [73.81411696844005, 18.644997858589814, 0.0], [73.81411790133863, 18.644996558807087, 0.0], [73.81411892707976, 18.644995324223753, 0.0], [73.81412004066591, 18.644994160854832, 0.0], [73.81412123667188, 18.644993074368106, 0.0], [73.8141225092705, 18.644992070057114, 0.0], [73.81412385226226, 18.64499115281441, 0.0], [73.8141252591039, 18.6449903271089, 0.0], [73.81412672294177, 18.644989596963196, 0.0], [73.8141282366438, 18.644988965934637, 0.0], [73.8141297928357, 18.644988437097453, 0.0], [73.81413138393559, 18.644988013028097, 0.0], [73.81413300219208, 18.64498769579261, 0.0], [73.81413463972135, 18.644987486936426, 0.0], [73.81413628854497, 18.644987387477222, 0.0], [73.81413794063043, 18.644987397899463, 0.0], [73.81413958792827, 18.644987518152377, 0.0], [73.81414122241411, 18.644987747650198, 0.0], [73.8141428361243, 18.64498808527473, 0.0], [73.8141444211968, 18.64498852938107, 0.0], [73.81414596990999, 18.644989077805782, 0.0], [73.81414747471825, 18.64498972787684, 0.0], [73.8141489282902, 18.644990476427115, 0.0], [73.81415032354431, 18.644991319809826, 0.0], [73.81415165368303, 18.644992253916048, 0.0], [73.81415291222591, 18.644993274194825, 0.0], [73.8141540930419, 18.644994375675836, 0.0], [73.81415519037826, 18.644995552992835, 0.0], [73.81415619888797, 18.644996800409146, 0.0], [73.81415711365817, 18.644998111847947, 0.0], [73.81415793023241, 18.644999480920465, 0.0], [73.81415804886538, 18.644999716731114, 0.0], [73.8141585552712, 18.645001477753492, 0.0], [73.8141601528657, 18.645005454527325, 0.0], [73.81416041868367, 18.645006949360248, 0.0], [73.81416058050038, 18.645008516674483, 0.0], [73.8141606272308, 18.64501009093001, 0.0], [73.81416055864729, 18.645011664458913, 0.0], [73.81416037508403, 18.64501322959421, 0.0], [73.81416007743536, 18.645014778710145, 0.0]], [[73.81425539690261, 18.645007980030016, 0.0], [73.81455613979314, 18.64480711561505, 0.0], [73.81455613980245, 18.644807115627955, 0.0], [73.81425539690291, 18.645007980039942, 0.0], [73.81425539690261, 18.645007980030016, 0.0]], [[73.81487780458815, 18.64485649789811, 0.0], [73.81487615184513, 18.644865224611618, 0.0], [73.81487540437602, 18.644874063727624, 0.0], [73.81487556937952, 18.64488293012062, 0.0], [73.8148766452667, 18.644891738402407, 0.0], [73.81487862167629, 18.64490040374441, 0.0], [73.81488147957454, 18.64490884269464, 0.0], [73.81488519143845, 18.64491697398136, 0.0], [73.81488972152084, 18.644924719295794, 0.0], [73.81489502619463, 18.644932004046282, 0.0], [73.81490658831771, 18.644946326839307, 0.0], [73.81489777889557, 18.64495278891288, 0.0], [73.81480361583188, 18.64482802683195, 0.0], [73.81496607476993, 18.64470885638718, 0.0], [73.8149949800434, 18.644744663333807, 0.0], [73.81491234157815, 18.64480528215321, 0.0], [73.81490525632564, 18.644811028521723, 0.0], [73.81489879605455, 18.64481740923028, 0.0], [73.81489302298077, 18.644824362829272, 0.0], [73.8148879927022, 18.64483182235179, 0.0], [73.81488375366321, 18.64483971595862, 0.0], [73.81488034668816, 18.644847967630074, 0.0], [73.81487780458815, 18.64485649789811, 0.0]], [[73.813909766459, 18.64569356789992, 0.0], [73.81391187788901, 18.64569010529034, 0.0], [73.81391342699358, 18.64568734961666, 0.0], [73.81391528216734, 18.6456837561076, 0.0], [73.81391662764813, 18.64568090491089, 0.0], [73.81391821768278, 18.645677197708586, 0.0], [73.81391935309728, 18.645674264640977, 0.0], [73.81391993761636, 18.645672577067273, 0.0], [73.81392235168465, 18.645674724010618, 0.0], [73.81392483684404, 18.645676784955427, 0.0], [73.81393654922933, 18.645685836064906, 0.0], [73.81393917855121, 18.64568772749439, 0.0], [73.81395041092055, 18.645695238254397, 0.0], [73.81391657797651, 18.645695925262938, 0.0], [73.8139132766458, 18.645696102267884, 0.0], [73.81390775964965, 18.64569658256484, 0.0], [73.81390802114777, 18.645696214856528, 0.0], [73.813909766459, 18.64569356789992, 0.0]], [[73.8130197143451, 18.646722954621, 0.0], [73.81312401466091, 18.646700254899503, 0.0], [73.8131944406563, 18.6467036193844, 0.0], [73.8132443797431, 18.6467900685976, 0.0], [73.8132823614941, 18.646834105304, 0.0], [73.8133006373699, 18.646848819645502, 0.0], [73.813360505627, 18.646828759064697, 0.0], [73.8133910026151, 18.6468479302834, 0.0], [73.8134228890714, 18.646887548751998, 0.0], [73.8134410229782, 18.6469227007709, 0.0], [73.8134315807709, 18.6469591385705, 0.0], [73.8134051608262, 18.647014447841695, 0.0], [73.8133790958526, 18.647018662987996, 0.0], [73.8133834569012, 18.6470522681278, 0.0], [73.81339214086074, 18.647060177206235, 0.0], [73.81337826006398, 18.647050865796054, 0.0], [73.81333136728264, 18.647014753444605, 0.0], [73.81330767006452, 18.646995924962585, 0.0], [73.81330635227063, 18.6469949153359, 0.0], [73.81328167868651, 18.64697669248715, 0.0], [73.81327976361595, 18.646975349982956, 0.0], [73.81326953598472, 18.64696855020148, 0.0], [73.81326696792661, 18.6469669579047, 0.0], [73.81325630084156, 18.64696080214235, 0.0], [73.8132536302386, 18.646959371312143, 0.0], [73.81324256826244, 18.64695388528511, 0.0], [73.81323980627157, 18.64695262189898, 0.0], [73.81322839561693, 18.646947828525647, 0.0], [73.81322555377562, 18.646946737861104, 0.0], [73.81321384211142, 18.646942657166335, 0.0], [73.81321093229288, 18.646941743780197, 0.0], [73.81319896854575, 18.646938392811386, 0.0], [73.81319600290587, 18.646937660519303, 0.0], [73.81318383705546, 18.64693505327533, 0.0], [73.81318082798295, 18.646934505136375, 0.0], [73.81316851085322, 18.64693265250932, 0.0], [73.81316547091897, 18.646932290813456, 0.0], [73.81315305396589, 18.64693120054282, 0.0], [73.81314999586965, 18.64693102680108, 0.0], [73.81313753096615, 18.64693070344154, 0.0], [73.8131344674834, 18.64693071837972, 0.0], [73.81312200670271, 18.64693116328209, 0.0], [73.81311895063088, 18.64693136683782, 0.0], [73.81310654602895, 18.64693257814359, 0.0], [73.81310608712721, 18.646932625108462, 0.0], [73.81302933028668, 18.64694084106979, 0.0], [73.8129535689375, 18.646945661624557, 0.0], [73.8129372979639, 18.646945838710977, 0.0], [73.81292128789941, 18.646945015635286, 0.0], [73.81290536829381, 18.64694319850315, 0.0], [73.81288960699848, 18.646940395059705, 0.0], [73.81287407119014, 18.646936617253346, 0.0], [73.81285882708437, 18.646931881185804, 0.0], [73.81284393965352, 18.646926207042643, 0.0], [73.81282947234943, 18.6469196190078, 0.0], [73.81281548683367, 18.64691214516044, 0.0], [73.81280204271417, 18.64690381735492, 0.0], [73.81278919729131, 18.646894671085438, 0.0], [73.81277700531388, 18.64688474533466, 0.0], [73.81276551874544, 18.646874082407237, 0.0], [73.81275472691571, 18.646862664664337, 0.0], [73.81272671008135, 18.64682908036205, 0.0], [73.81270072349163, 18.646793940289683, 0.0], [73.81267693341616, 18.646757465133064, 0.0], [73.8126677445759, 18.64674129864718, 0.0], [73.81265963699366, 18.64672466278084, 0.0], [73.81265261972752, 18.64670758247744, 0.0], [73.81264671942402, 18.64669012259667, 0.0], [73.81264195848847, 18.646672349440298, 0.0], [73.81263835499952, 18.646654330499047, 0.0], [73.81263592264041, 18.64663613419695, 0.0], [73.81263464327391, 18.646617429423774, 0.0], [73.81263328794306, 18.646556542912116, 0.0], [73.81263619572084, 18.646496232018855, 0.0], [73.8126418160775, 18.646449050942806, 0.0], [73.812682564858, 18.646533958526096, 0.0], [73.8126991975818, 18.646564721395094, 0.0], [73.8126849478072, 18.646631786623193, 0.0], [73.8126784668547, 18.646682842037205, 0.0], [73.8126933550344, 18.6467442517261, 0.0], [73.81273146855, 18.6467693107196, 0.0], [73.8128171379443, 18.6467829909234, 0.0], [73.8128723510176, 18.646771660455496, 0.0], [73.8129306979869, 18.6467501305057, 0.0], [73.8130197143451, 18.646722954621, 0.0]]], [[[73.8083393537557, 18.646690744053853, 0.0], [73.80833707438065, 18.646699341510985, 0.0], [73.8083356900159, 18.64670811054003, 0.0], [73.80833521399374, 18.64671696669047, 0.0], [73.8083356508987, 18.646725824672757, 0.0], [73.8083369965233, 18.646734599179666, 0.0], [73.80833923790854, 18.64674320570789, 0.0], [73.80834235346882, 18.64675156137185, 0.0], [73.80834631319966, 18.646759585701872, 0.0], [73.80835107896685, 18.646767201419255, 0.0], [73.80835660487345, 18.646774335180396, 0.0], [73.80836283770206, 18.646780918283238, 0.0], [73.80836971742713, 18.64678688732882, 0.0], [73.80837717779316, 18.646792184831906, 0.0], [73.80838514695269, 18.646796759774585, 0.0], [73.80839354815832, 18.646800568097593, 0.0], [73.80840230050175, 18.646803573124632, 0.0], [73.80841131969304, 18.646805745915632, 0.0], [73.80842051887231, 18.646807065545342, 0.0], [73.80842980944632, 18.646807519305025, 0.0], [73.8084391019416, 18.64680710282468, 0.0], [73.80844830686623, 18.646805820115258, 0.0], [73.80845733557157, 18.64680368352995, 0.0], [73.8084671630776, 18.64680086329879, 0.0], [73.80847592861191, 18.646797893413638, 0.0], [73.8084843465584, 18.646794118830783, 0.0], [73.80849233584757, 18.646789575901554, 0.0], [73.80849981953813, 18.646784308376915, 0.0], [73.80850672555796, 18.64677836698605, 0.0], [73.80851298739833, 18.646771808947882, 0.0], [73.80851854475428, 18.646764697419968, 0.0], [73.80852334410545, 18.646757100890266, 0.0], [73.80852733923157, 18.646749092517585, 0.0], [73.80853049165744, 18.646740749426975, 0.0], [73.8085327710236, 18.64673215196702, 0.0], [73.8085341553786, 18.64672338293598, 0.0], [73.80853463139047, 18.64671452678447, 0.0], [73.80853419447514, 18.646705668802067, 0.0], [73.80853284884047, 18.64669689429599, 0.0], [73.8085306074458, 18.646688287769514, 0.0], [73.80852749187709, 18.646679932108174, 0.0], [73.8085235321391, 18.646671907781528, 0.0], [73.80851876636636, 18.646664292068166, 0.0], [73.80851324045597, 18.646657158311527, 0.0], [73.80850700762548, 18.646650575213517, 0.0], [73.8085001279005, 18.646644606172917, 0.0], [73.80849266753653, 18.646639308674786, 0.0], [73.80848469838092, 18.646634733736832, 0.0], [73.80847629718093, 18.64663092541818, 0.0], [73.80846754484465, 18.64662792039495, 0.0], [73.80845852566173, 18.6466257476071, 0.0], [73.80844932649173, 18.64662442797975, 0.0], [73.80844003592755, 18.646623974221583, 0.0], [73.80843074344226, 18.64662439070254, 0.0], [73.80842153852741, 18.646625673411666, 0.0], [73.80841250983127, 18.646627809995795, 0.0], [73.80840268233467, 18.646630630224653, 0.0], [73.80839391680804, 18.646633600106853, 0.0], [73.80838549886793, 18.646637374686055, 0.0], [73.80837750958356, 18.646641917611046, 0.0], [73.80837002589605, 18.646647185131037, 0.0], [73.80836311987736, 18.64665312651698, 0.0], [73.80835685803619, 18.64665968455016, 0.0], [73.80835130067749, 18.646666796073188, 0.0], [73.80834650132171, 18.64667439259828, 0.0], [73.8083425061893, 18.646682400966803, 0.0], [73.8083393537557, 18.646690744053853, 0.0]]], [[[73.81233182009508, 18.63760906988464, 0.0], [73.81232512323169, 18.637603250593216, 0.0], [73.81231787407881, 18.637598067485104, 0.0], [73.8123101388834, 18.637593567926466, 0.0], [73.81230198833406, 18.637589793036824, 0.0], [73.81229349691516, 18.63758677731323, 0.0], [73.81228474222608, 18.63758454831509, 0.0], [73.81227580427216, 18.637583126412217, 0.0], [73.81226676473342, 18.637582524598766, 0.0], [73.81213868396003, 18.637579849164133, 0.0], [73.81212950023856, 18.637580081828613, 0.0], [73.81212038327625, 18.637581160906475, 0.0], [73.81211141871114, 18.63758307626166, 0.0], [73.81210269074977, 18.63758580990271, 0.0], [73.81209428137615, 18.637589336151823, 0.0], [73.81208626958178, 18.637593621885987, 0.0], [73.81208219867935, 18.63759632447604, 0.0], [73.8120626061868, 18.6375891949913, 0.0], [73.81205359249844, 18.637586398620858, 0.0], [73.81204433090825, 18.63758447442288, 0.0], [73.81203491403143, 18.637583441639222, 0.0], [73.81202543603607, 18.637583310597627, 0.0], [73.8120159917014, 18.637584082608488, 0.0], [73.81200667547006, 18.637585749951736, 0.0], [73.81199758050367, 18.637588295954078, 0.0], [73.81198879775124, 18.637591695155656, 0.0], [73.81198041503966, 18.637595913564702, 0.0], [73.81197251619545, 18.637600908997427, 0.0], [73.81196518020653, 18.637606631499853, 0.0], [73.81195848043231, 18.637613023847372, 0.0], [73.81195248387014, 18.637620022116945, 0.0], [73.81194725048532, 18.637627556326372, 0.0], [73.81194283261141, 18.637635551134053, 0.0], [73.81193927442698, 18.637643926592464, 0.0], [73.81188336499217, 18.63779713631046, 0.0], [73.81188071313866, 18.63780576460464, 0.0], [73.81187897386705, 18.637814601409406, 0.0], [73.81187816439633, 18.63782355924007, 0.0], [73.81187829274045, 18.63783254941371, 0.0], [73.81187935762892, 18.63784148292722, 0.0], [73.81188134851948, 18.637850271338433, 0.0], [73.81188424570233, 18.637858827641672, 0.0], [73.81188802049537, 18.63786706712911, 0.0], [73.81189263552811, 18.63787490822944, 0.0], [73.81189804511159, 18.637882273315352, 0.0], [73.81190419569074, 18.63788908947212, 0.0], [73.81191102637462, 18.63789528921943, 0.0], [73.81191846953915, 18.637900811179428, 0.0], [73.81192645149663, 18.637905600684412, 0.0], [73.8119348932253, 18.63790961031801, 0.0], [73.8119437111516, 18.637912800384605, 0.0], [73.81202703246794, 18.637938501262045, 0.0], [73.8120281283658, 18.63794007654375, 0.0], [73.81203398488722, 18.637946931731932, 0.0], [73.81204051610278, 18.637953208532455, 0.0], [73.81204765949286, 18.637958846860986, 0.0], [73.81205534667777, 18.637963792744923, 0.0], [73.8120635040724, 18.63796799884003, 0.0], [73.81207205359053, 18.637971424883695, 0.0], [73.8121741260876, 18.63800683348854, 0.0], [73.81218275328274, 18.63800938949538, 0.0], [73.81219159654817, 18.638011150953034, 0.0], [73.81220057555569, 18.638012101861207, 0.0], [73.81220960874413, 18.638012233582284, 0.0], [73.81221861406009, 18.638011544919753, 0.0], [73.81222750970342, 18.63801004212912, 0.0], [73.81223621487014, 18.638007738861024, 0.0], [73.81224465048648, 18.638004656037307, 0.0], [73.81225273992719, 18.638000821660917, 0.0], [73.81226040971153, 18.637996270561572, 0.0], [73.81226759017069, 18.637991044079364, 0.0], [73.81227421608074, 18.637985189689257, 0.0], [73.812274813271, 18.637984550977563, 0.0], [73.81227721745537, 18.637984422377794, 0.0], [73.81228650260913, 18.637983037136298, 0.0], [73.81229559823105, 18.637980782188684, 0.0], [73.81230441491014, 18.637977679701308, 0.0], [73.8123128659775, 18.63797376017197, 0.0], [73.81232086835824, 18.637969062130068, 0.0], [73.81232834338812, 18.63796363175784, 0.0], [73.81233521758685, 18.637957522436448, 0.0], [73.81234142338035, 18.637950794221158, 0.0], [73.81234689976509, 18.637943513251038, 0.0], [73.81235159290777, 18.63793575109879, 0.0], [73.81235545667437, 18.637927584067175, 0.0], [73.812372883648, 18.637885265894806, 0.0], [73.81237592530307, 18.637876620813135, 0.0], [73.81237803753055, 18.637867727525627, 0.0], [73.81237919882267, 18.637858676588692, 0.0], [73.81237939735468, 18.63784956016398, 0.0], [73.81237863110516, 18.637840471079958, 0.0], [73.81237690787667, 18.6378315018867, 0.0], [73.81237424521619, 18.63782274391347, 0.0], [73.81237067023653, 18.637814286338735, 0.0], [73.81236621934023, 18.637806215282147, 0.0], [73.81236093784888, 18.637798612927604, 0.0], [73.81235487954159, 18.637791556686416, 0.0], [73.81235462387102, 18.637791313666703, 0.0], [73.81235677589709, 18.63778545265344, 0.0], [73.81235899173632, 18.637776713434192, 0.0], [73.8123602856014, 18.637767807560476, 0.0], [73.8123606446835, 18.637758823198364, 0.0], [73.81236006542792, 18.637749849290937, 0.0], [73.81235855356933, 18.637740974677776, 0.0], [73.81235612407488, 18.637732287215442, 0.0], [73.81235515661027, 18.637729837515835, 0.0], [73.81235919861268, 18.637679804334283, 0.0], [73.8123594617702, 18.637671169661036, 0.0], [73.81235885883216, 18.637662550487757, 0.0], [73.81235739530864, 18.637654025581416, 0.0], [73.81235508457434, 18.637645672847523, 0.0], [73.81235194774617, 18.637637568618157, 0.0], [73.8123480134904, 18.63762978695443, 0.0], [73.81234331776062, 18.637622398969633, 0.0], [73.8123379034692, 18.63761547217938, 0.0], [73.81233182009508, 18.63760906988464, 0.0]]], [[[73.81156168210103, 18.64866799180845, 0.0], [73.81155618275615, 18.64867757436658, 0.0], [73.81155610164419, 18.648677738558035, 0.0], [73.81155125163727, 18.648689688515326, 0.0], [73.8115511953788, 18.648689862998502, 0.0], [73.81154935953658, 18.648696425613576, 0.0], [73.81154804598249, 18.648703101131744, 0.0], [73.81154801706128, 18.648703286267025, 0.0], [73.8115469961397, 18.64871510266495, 0.0], [73.81154699282399, 18.648715293960255, 0.0], [73.81154742143136, 18.64872549816447, 0.0], [73.81154744092176, 18.648725689983166, 0.0], [73.81154887252359, 18.648734853235613, 0.0], [73.81154891203438, 18.64873503987223, 0.0], [73.8115512286783, 18.648743732775408, 0.0], [73.81155128541461, 18.64874390859363, 0.0], [73.81155466649093, 18.648752727065105, 0.0], [73.81155473765737, 18.64875288646264, 0.0], [73.81155978612283, 18.648762547806975, 0.0], [73.81155986891626, 18.64876268504411, 0.0], [73.81156368514448, 18.648768489877487, 0.0], [73.81156795173753, 18.648774002446874, 0.0], [73.8115680433896, 18.648774111921508, 0.0], [73.8115744369633, 18.648780998583685, 0.0], [73.81158153171596, 18.648787230147736, 0.0], [73.81158162975036, 18.648787307845673, 0.0], [73.81159065700042, 18.64879364099881, 0.0], [73.81160040533958, 18.648798914213657, 0.0], [73.81160050866312, 18.64879896264438, 0.0], [73.81161072025073, 18.648803061292686, 0.0], [73.81162136378829, 18.648805996170115, 0.0], [73.81162147165765, 18.648806019499837, 0.0], [73.81163080402884, 18.648807575137354, 0.0], [73.81164025268946, 18.648808235057906, 0.0], [73.81164036433842, 18.64880823752191, 0.0], [73.8116475971718, 18.648808133992823, 0.0], [73.81165480066593, 18.6488075050444, 0.0], [73.81165491533768, 18.64880749080889, 0.0], [73.81166483410782, 18.648805743626138, 0.0], [73.81166495105477, 18.64880571682293, 0.0], [73.8116709566295, 18.648804139739774, 0.0], [73.81167107508105, 18.64880410460396, 0.0], [73.81167391775622, 18.6488032142487, 0.0], [73.81167403696918, 18.64880317491229, 0.0], [73.8116745887438, 18.648802991026685, 0.0], [73.81167470797593, 18.64880295089747, 0.0], [73.81167520089167, 18.648802783540035, 0.0], [73.81167531948073, 18.648802742924122, 0.0], [73.81167633411857, 18.648802389182112, 0.0], [73.81167645143094, 18.648802347558494, 0.0], [73.81167797971204, 18.648801790949502, 0.0], [73.81167809510458, 18.64880174783148, 0.0], [73.81168017982125, 18.64880094151453, 0.0], [73.81168029265119, 18.64880089638101, 0.0], [73.8116829278153, 18.648799797165985, 0.0], [73.81168303745328, 18.648799749530262, 0.0], [73.8116862936092, 18.648798262763826, 0.0], [73.81168639941252, 18.64879821207041, 0.0], [73.81169020008372, 18.648796286819916, 0.0], [73.81169030139995, 18.648796232650994, 0.0], [73.8116945557037, 18.648793816715, 0.0], [73.81169465212433, 18.648793758654374, 0.0], [73.81169851935748, 18.648791301508222, 0.0], [73.8116986112957, 18.64879123993761, 0.0], [73.81170191181003, 18.64878892646984, 0.0], [73.81170199990908, 18.64878886187591, 0.0], [73.81170470481568, 18.648786802636558, 0.0], [73.81170478972258, 18.648786735540526, 0.0], [73.81170693366268, 18.648784989400696, 0.0], [73.81170701600699, 18.648784920289074, 0.0], [73.81170860640668, 18.648783554774994, 0.0], [73.81170868683598, 18.648783484134565, 0.0], [73.81170971427154, 18.648782568217253, 0.0], [73.81170979341925, 18.648782496603523, 0.0], [73.8117103185854, 18.64878201776627, 0.0], [73.8117103970949, 18.648781945631345, 0.0], [73.81171056505202, 18.64878179093057, 0.0], [73.81171064340032, 18.64878171858796, 0.0], [73.81171119035541, 18.648781209468137, 0.0], [73.81171126840704, 18.64878113622731, 0.0], [73.81171235704988, 18.648780097952493, 0.0], [73.8117124344949, 18.64878002288086, 0.0], [73.81171396190122, 18.648778507430087, 0.0], [73.8117140384427, 18.64877842969836, 0.0], [73.81171596244839, 18.648776415787044, 0.0], [73.8117160377895, 18.648776334497306, 0.0], [73.81171827081633, 18.648773835086246, 0.0], [73.81171834464712, 18.648773749340016, 0.0], [73.81172077639411, 18.648770802539683, 0.0], [73.8117208484132, 18.648770711439056, 0.0], [73.81172337289526, 18.648767361684822, 0.0], [73.81172344281103, 18.648767264296986, 0.0], [73.81172584093966, 18.648763751790106, 0.0], [73.81172590854332, 18.648763647562376, 0.0], [73.81172780300041, 18.64876059439406, 0.0], [73.81172786849575, 18.64876048394813, 0.0], [73.81172931022088, 18.648757959868544, 0.0], [73.81172937390033, 18.648757844033618, 0.0], [73.81173044255293, 18.648755839868198, 0.0], [73.81173050473099, 18.64875571957696, 0.0], [73.81173128646057, 18.648754170219256, 0.0], [73.81173134743383, 18.64875404636992, 0.0], [73.81173189715557, 18.648752909356524, 0.0], [73.81173195722542, 18.648752782812604, 0.0], [73.81173230567005, 18.64875203988581, 0.0], [73.81173236513771, 18.648751911545574, 0.0], [73.81173253524693, 18.64875154219561, 0.0], [73.81173259440888, 18.648751412957175, 0.0], [73.81173270236978, 18.64875117619611, 0.0], [73.81173276097883, 18.648751047161074, 0.0], [73.81173327592629, 18.648749891485593, 0.0], [73.81173333147983, 18.648749764361675, 0.0], [73.81173436287034, 18.64874730314287, 0.0], [73.81173441232608, 18.648747179910043, 0.0], [73.81173596492098, 18.648743007685734, 0.0], [73.81173600522723, 18.64874289032412, 0.0], [73.81173799934962, 18.648736230993674, 0.0], [73.81173802745586, 18.648736121380047, 0.0], [73.81174003328829, 18.648725665854656, 0.0], [73.81174004614333, 18.64872556593435, 0.0], [73.8117407035058, 18.64871742817755, 0.0], [73.81174058788118, 18.648709267075457, 0.0], [73.81174058244244, 18.64870917882886, 0.0], [73.81173969482323, 18.648701061273794, 0.0], [73.81173804246092, 18.648693053170767, 0.0], [73.811735638835, 18.64868521984702, 0.0], [73.81173561204236, 18.648685145219325, 0.0], [73.81173263172516, 18.648677883077188, 0.0], [73.81172900566628, 18.648670892912097, 0.0], [73.81172476086982, 18.64866422678124, 0.0], [73.81171992894771, 18.648657934328646, 0.0], [73.81171987877632, 18.648657874582764, 0.0], [73.81171358206151, 18.64865110142345, 0.0], [73.81170660619223, 18.648644962611357, 0.0], [73.81169902113912, 18.64863951972108, 0.0], [73.81169894961853, 18.648639473559797, 0.0], [73.81169033469904, 18.648634527380082, 0.0], [73.81168121855157, 18.64863047901498, 0.0], [73.8116811287283, 18.648630444527292, 0.0], [73.81166849086463, 18.648626548468588, 0.0], [73.81166838579459, 18.6486265236742, 0.0], [73.81165983985407, 18.64862490030751, 0.0], [73.81165972258353, 18.648624883330022, 0.0], [73.81165424197215, 18.648624244923745, 0.0], [73.81165411555273, 18.648624233748556, 0.0], [73.81165084503183, 18.64862399895766, 0.0], [73.81165071251021, 18.648623991639077, 0.0], [73.81164914234387, 18.648623917372625, 0.0], [73.81164900677533, 18.648623912034235, 0.0], [73.81164849079667, 18.64862389305781, 0.0], [73.81164835466733, 18.648623888405222, 0.0], [73.8116467923652, 18.648623847298204, 0.0], [73.81164665592269, 18.64862384478091, 0.0], [73.81164349981938, 18.6486238366439, 0.0], [73.81164336274095, 18.648623838465898, 0.0], [73.81163874290334, 18.648624007346818, 0.0], [73.8116386048851, 18.648624015609016, 0.0], [73.81163259564478, 18.64862455889275, 0.0], [73.81163245636415, 18.648624575764945, 0.0], [73.81162526295428, 18.648625716677095, 0.0], [73.81162512209774, 18.648625744363187, 0.0], [73.81161718253814, 18.648627649022405, 0.0], [73.81161703979271, 18.64862768958889, 0.0], [73.81160866999225, 18.648630480696347, 0.0], [73.81160852503952, 18.64863053641633, 0.0], [73.81160065446637, 18.648633967948264, 0.0], [73.81160050709371, 18.64863404013023, 0.0], [73.81159431466398, 18.648637358388964, 0.0], [73.81159416509293, 18.648637445724425, 0.0], [73.81158962773821, 18.64864026819214, 0.0], [73.81158947627394, 18.648640368408, 0.0], [73.81158612959106, 18.648642687504054, 0.0], [73.811585976551, 18.648642798499413, 0.0], [73.81158355831901, 18.64864461218578, 0.0], [73.81158340402082, 18.648644731825534, 0.0], [73.8115817445275, 18.6486460487829, 0.0], [73.81158158928503, 18.648646174862844, 0.0], [73.81158053284263, 18.64864704573589, 0.0], [73.81158037696878, 18.648647176155237, 0.0], [73.8115798764331, 18.648647597938268, 0.0], [73.8115797202414, 18.64864773049282, 0.0], [73.81157943312323, 18.648647975158628, 0.0], [73.81157927747424, 18.64864810833707, 0.0], [73.81157809119685, 18.648649140788883, 0.0], [73.81157793909519, 18.648649275437535, 0.0], [73.81157557033929, 18.648651446481523, 0.0], [73.81157542533658, 18.64865158407067, 0.0], [73.81157189971591, 18.648655114951808, 0.0], [73.8115717653639, 18.648655256986263, 0.0], [73.81156721539556, 18.648660444958658, 0.0], [73.81156709524164, 18.648660592874002, 0.0], [73.81156178450549, 18.648667836472995, 0.0], [73.81156168210103, 18.64866799180845, 0.0]]], [[[73.81387950033866, 18.635962925675948, 0.0], [73.81388308631065, 18.63596574936154, 0.0], [73.81388694534262, 18.635968224377233, 0.0], [73.81389104026994, 18.635970326887268, 0.0], [73.81389533165623, 18.6359720366433, 0.0], [73.81389977817304, 18.635973337179436, 0.0], [73.813904336998, 18.635974215970798, 0.0], [73.81390896422705, 18.635974664554126, 0.0], [73.81391361529744, 18.635974678609315, 0.0], [73.81391824541679, 18.635974258001006, 0.0], [73.81392280999447, 18.635973406779883, 0.0], [73.81392726507106, 18.635972133143675, 0.0], [73.81393156774173, 18.635970449358215, 0.0], [73.81393567656937, 18.635968371639276, 0.0], [73.81393955198371, 18.635965919996437, 0.0], [73.81394315666235, 18.635963118040383, 0.0], [73.81394645589029, 18.6359599927555, 0.0], [73.81394941789414, 18.635956574239987, 0.0], [73.81395201414819, 18.63595289541606, 0.0], [73.8139542196491, 18.635948991712798, 0.0], [73.81395601315673, 18.635944900725026, 0.0], [73.81395737739861, 18.635940661851205, 0.0], [73.8139582992364, 18.635936315914012, 0.0], [73.81395876979234, 18.635931904767205, 0.0], [73.81395878453472, 18.635927470892554, 0.0], [73.81392085620458, 18.6351405893122, 0.0], [73.8139204029277, 18.63513609662709, 0.0], [73.81391948171937, 18.635131669470518, 0.0], [73.81391810177242, 18.635127352021467, 0.0], [73.8139162768575, 18.63512318736411, 0.0], [73.81391402518558, 18.635119217057923, 0.0], [73.81391136922635, 18.635115480722906, 0.0], [73.81390833548387, 18.635112015644275, 0.0], [73.81390495423211, 18.635108856400297, 0.0], [73.8139012592129, 18.635106034517353, 0.0], [73.81389728729913, 18.635103578155228, 0.0], [73.81389307812684, 18.63510151182614, 0.0], [73.81388867369974, 18.635099856150173, 0.0], [73.8138841179699, 18.635098627649427, 0.0], [73.81387945639939, 18.63509783858322, 0.0], [73.81387473550633, 18.635097496825693, 0.0], [73.8138700024009, 18.635097605787273, 0.0], [73.81373766224901, 18.635106972989483, 0.0], [73.81373309640163, 18.635107509597887, 0.0], [73.8137286066373, 18.635108465677376, 0.0], [73.81372423525808, 18.635109832219857, 0.0], [73.81372002345074, 18.635111596349898, 0.0], [73.81371601089853, 18.63511374144602, 0.0], [73.81371223540731, 18.635116247297336, 0.0], [73.81370873254947, 18.635119090293948, 0.0], [73.81370553532857, 18.635122243649406, 0.0], [73.81370267386858, 18.635125677653097, 0.0], [73.81370017512991, 18.635129359950152, 0.0], [73.81369806265546, 18.635133255846295, 0.0], [73.81369635634881, 18.63513732863476, 0.0], [73.81369507228665, 18.635141539942108, 0.0], [73.81369422256734, 18.63514585008979, 0.0], [73.81369381519687, 18.635150218467945, 0.0], [73.81369385401351, 18.635154603918146, 0.0], [73.81374100388979, 18.63594245184688, 0.0], [73.81374149634111, 18.635946860820813, 0.0], [73.81374243974547, 18.635951202549712, 0.0], [73.81374382501741, 18.635955435220335, 0.0], [73.81374563881603, 18.635959518069743, 0.0], [73.81374786367346, 18.635963411777865, 0.0], [73.81375047816317, 18.635967078846136, 0.0], [73.81375345710619, 18.63597048395868, 0.0], [73.81375677181367, 18.63597359432238, 0.0], [73.81376039036319, 18.635976379982715, 0.0], [73.8137642779061, 18.635978814112253, 0.0], [73.81376839700324, 18.635980873268952, 0.0], [73.81377270798546, 18.635982537622017, 0.0], [73.8137771693356, 18.635983791142785, 0.0], [73.81378173808838, 18.63598462175917, 0.0], [73.81378637024419, 18.63598502147188, 0.0], [73.81379102119278, 18.635984986431435, 0.0], [73.81379564614299, 18.635984516975316, 0.0], [73.81380020055396, 18.635983617624625, 0.0], [73.81380464056417, 18.63598229704062, 0.0], [73.8138089234139, 18.63598056794124, 0.0], [73.81381300785691, 18.63597844697868, 0.0], [73.81381685455777, 18.635975954578974, 0.0], [73.81382042647063, 18.635973114745315, 0.0], [73.81382368919601, 18.635969954826873, 0.0], [73.8138266113121, 18.635966505255386, 0.0], [73.81382916467729, 18.635962799252155, 0.0], [73.81383132470131, 18.635958872508017, 0.0], [73.81383307058198, 18.635954762839688, 0.0], [73.81383438550553, 18.635950509825527, 0.0], [73.81383525680853, 18.635946154424392, 0.0], [73.81383567609993, 18.6359417385812, 0.0], [73.81383563934173, 18.635937304822928, 0.0], [73.81379114277523, 18.635193799208498, 0.0], [73.8138284048873, 18.635191161750733, 0.0], [73.81386409510326, 18.635931618668664, 0.0], [73.81386453631393, 18.63593603257061, 0.0], [73.81386542923103, 18.635940383991702, 0.0], [73.81386676525531, 18.635944631025374, 0.0], [73.81386853152019, 18.635948732770363, 0.0], [73.81387071101555, 18.63595264972461, 0.0], [73.81387328275173, 18.635956344165702, 0.0], [73.8138762219615, 18.635959780514124, 0.0], [73.81387950033866, 18.635962925675948, 0.0]]], [[[73.81373840892797, 18.638066830582794, 0.0], [73.8137296678333, 18.638070064607856, 0.0], [73.81372130466372, 18.63807410605271, 0.0], [73.8137134012482, 18.63807891537407, 0.0], [73.81370603491729, 18.63808444551541, 0.0], [73.81369927774648, 18.63809064236737, 0.0], [73.813693195851, 18.638097445297195, 0.0], [73.8136878487389, 18.638104787741998, 0.0], [73.8136832887288, 18.638112597860015, 0.0], [73.81367956043796, 18.638120799233555, 0.0], [73.8136767003458, 18.638129311616716, 0.0], [73.81367473643687, 18.63813805172049, 0.0], [73.81367368792706, 18.638146934027773, 0.0], [73.81367356507563, 18.638155871630044, 0.0], [73.81367750308411, 18.638259028475062, 0.0], [73.81366694064599, 18.63842048422669, 0.0], [73.81366681995362, 18.638429405456655, 0.0], [73.81366762272188, 18.638438294547967, 0.0], [73.81366934112502, 18.63844706484452, 0.0], [73.81367195841116, 18.638455630848295, 0.0], [73.81367544906561, 18.638463909052785, 0.0], [73.81367977905951, 18.638471818757157, 0.0], [73.81368490618163, 18.63847928285289, 0.0], [73.81369078044982, 18.63848622857553, 0.0], [73.81369734459827, 18.638492588214014, 0.0], [73.81370453463585, 18.638498299770767, 0.0], [73.81371228046977, 18.638503307566108, 0.0], [73.81372050658908, 18.638507562781033, 0.0], [73.8137291328006, 18.63851102393313, 0.0], [73.81373807501089, 18.638513657280996, 0.0], [73.81374724604588, 18.638515437153167, 0.0], [73.81375655650079, 18.638516346198372, 0.0], [73.81376591561168, 18.63851637555467, 0.0], [73.81398862049532, 18.638506581959636, 0.0], [73.81399809052526, 18.638505709858194, 0.0], [73.8140074211482, 18.63850393718768, 0.0], [73.8140165183667, 18.638501281806086, 0.0], [73.81402529053469, 18.638497770463953, 0.0], [73.81403364928066, 18.638493438534784, 0.0], [73.81404151039797, 18.638488329658788, 0.0], [73.81404879469319, 18.638482495303155, 0.0], [73.81405542878383, 18.63847599424363, 0.0], [73.8140613458376, 18.638468891972376, 0.0], [73.81406648624578, 18.638461260038177, 0.0], [73.81407079822363, 18.638453175325715, 0.0], [73.81407423833205, 18.638444719280958, 0.0], [73.81407677191531, 18.63843597709068, 0.0], [73.81407837345007, 18.63842703682431, 0.0], [73.81407902680247, 18.6384179885467, 0.0], [73.81408424815108, 18.63814925905761, 0.0], [73.81408394362708, 18.63814015786918, 0.0], [73.81408267981134, 18.63813113210585, 0.0], [73.81408046953736, 18.638122273419555, 0.0], [73.81407733524952, 18.63811367176563, 0.0], [73.814073308775, 18.638105414489388, 0.0], [73.81406938700204, 18.638099119865032, 0.0], [73.81406956065334, 18.638099066986708, 0.0], [73.81407788871978, 18.638095665355834, 0.0], [73.81408583806486, 18.638091521294328, 0.0], [73.81409333606302, 18.638086672662524, 0.0], [73.81410031421231, 18.638081163757718, 0.0], [73.81410670876006, 18.63807504490949, 0.0], [73.81411246128553, 18.63806837201989, 0.0], [73.81411751923345, 18.6380612060527, 0.0], [73.8141218363943, 18.638053612476494, 0.0], [73.81412537332645, 18.638045660666446, 0.0], [73.81412809771645, 18.638037423270603, 0.0], [73.8141299846743, 18.63802897554611, 0.0], [73.81413101696077, 18.638020394671653, 0.0], [73.81414887420722, 18.637764295117655, 0.0], [73.81414902902239, 18.637755254904388, 0.0], [73.81414823539704, 18.637746245195228, 0.0], [73.81414650127658, 18.637737356189582, 0.0], [73.81414384402206, 18.63772867687844, 0.0], [73.8141402902363, 18.637720294153468, 0.0], [73.81413587549768, 18.637712291937078, 0.0], [73.81413064400378, 18.637704750342245, 0.0], [73.81412464812905, 18.637697744870522, 0.0], [73.81411794790036, 18.637691345656116, 0.0], [73.8141106103961, 18.63768561676378, 0.0], [73.81410270907462, 18.63768061554743, 0.0], [73.81409432303883, 18.63767639207597, 0.0], [73.81408553624425, 18.637672988632, 0.0], [73.81407643665852, 18.637670439288573, 0.0], [73.81406711538072, 18.637668769568027, 0.0], [73.81405766572935, 18.637667996186494, 0.0], [73.81384637851444, 18.63766082394203, 0.0], [73.81383707272911, 18.637660943852886, 0.0], [73.81382782413057, 18.637661933114774, 0.0], [73.81381872187114, 18.637663782191638, 0.0], [73.81380985369258, 18.637666473259205, 0.0], [73.81380130508016, 18.63766998037676, 0.0], [73.81379315843873, 18.63767426973726, 0.0], [73.8137854922983, 18.637679299993167, 0.0], [73.81377838055712, 18.63768502265503, 0.0], [73.81377189176926, 18.63769138255895, 0.0], [73.81376608848386, 18.63769831839823, 0.0], [73.81376102664208, 18.637705763314457, 0.0], [73.81375675503796, 18.6377136455419, 0.0], [73.81375331484799, 18.637721889099353, 0.0], [73.81375073923422, 18.63773041452253, 0.0], [73.81374905302457, 18.637739139630053, 0.0], [73.8137482724735, 18.6377479803157, 0.0], [73.8137388219301, 18.638006322671046, 0.0], [73.81373895781546, 18.63801524240711, 0.0], [73.81374001562048, 18.63802410590587, 0.0], [73.81374198503624, 18.638032826785814, 0.0], [73.8137448468694, 18.638041320055333, 0.0], [73.81374857322935, 18.63804950294105, 0.0], [73.81375312779998, 18.638057295694512, 0.0], [73.81375718762196, 18.638062867594545, 0.0], [73.81375667992472, 18.638062903154847, 0.0], [73.813747442421, 18.638064435620677, 0.0], [73.81373840892797, 18.638066830582794, 0.0]], [[73.81395322735295, 18.637845291296205, 0.0], [73.81394788846211, 18.637921857740512, 0.0], [73.813931622371, 18.63792146252076, 0.0], [73.81393443208096, 18.63784465328057, 0.0], [73.81395322735295, 18.637845291296205, 0.0]], [[73.81389286830502, 18.63824015470884, 0.0], [73.8138911234742, 18.638329951563264, 0.0], [73.81386273125965, 18.638331200132715, 0.0], [73.81386700803961, 18.638265824791468, 0.0], [73.81386712912119, 18.63825691403021, 0.0], [73.81386651203047, 18.6382407496994, 0.0], [73.81389286830502, 18.63824015470884, 0.0]]], [[[73.81861568974334, 18.639441233096093, 0.0], [73.81861058103473, 18.639433735106365, 0.0], [73.81860472005744, 18.639426755082855, 0.0], [73.81859816418843, 18.639420361357544, 0.0], [73.81859097760743, 18.639414616522732, 0.0], [73.81858323066858, 18.639409576818302, 0.0], [73.81857499921169, 18.63940529158118, 0.0], [73.81856636381985, 18.639401802762283, 0.0], [73.81855740903046, 18.639399144515913, 0.0], [73.81854822250773, 18.639397342865323, 0.0], [73.81853889418443, 18.639396415448033, 0.0], [73.81852951538148, 18.639396371343118, 0.0], [73.8183611983852, 18.63940352557423, 0.0], [73.81835199359521, 18.6394043470156, 0.0], [73.81834291652548, 18.639406019337084, 0.0], [73.81833405351843, 18.63940852663132, 0.0], [73.8183254888803, 18.63941184504854, 0.0], [73.81831730407922, 18.63941594302347, 0.0], [73.81830957697024, 18.639420781575545, 0.0], [73.81830238105482, 18.639426314679746, 0.0], [73.81829578478164, 18.639432489704344, 0.0], [73.8182898508955, 18.639439247911568, 0.0], [73.8182846358405, 18.63944652501633, 0.0], [73.81828018922313, 18.63945425179769, 0.0], [73.81827655334043, 18.6394623547573, 0.0], [73.81827376277755, 18.639470756818568, 0.0], [73.81827184407892, 18.63947937805976, 0.0], [73.81827081549561, 18.639488136474267, 0.0], [73.81827068681181, 18.63949694875066, 0.0], [73.81827970270919, 18.639743363481536, 0.0], [73.81828048158748, 18.639752191773006, 0.0], [73.81828216360309, 18.639760904925396, 0.0], [73.81828473258791, 18.63976941918409, 0.0], [73.81828816384787, 18.639777652706325, 0.0], [73.81829242440031, 18.639785526347875, 0.0], [73.81829747329105, 18.63979296442384, 0.0], [73.81830326198802, 18.639799895436155, 0.0], [73.81830973484782, 18.63980625276086, 0.0], [73.81831682965053, 18.63981197528854, 0.0], [73.81832447819777, 18.639817008011715, 0.0], [73.81833260696841, 18.639821302553592, 0.0], [73.8183411378251, 18.639824817633137, 0.0], [73.81834998876543, 18.639827519461807, 0.0], [73.81835907471026, 18.639829382068417, 0.0], [73.81836830832141, 18.63983038754876, 0.0], [73.81837760084127, 18.63983052623769, 0.0], [73.81841192585777, 18.639829433386247, 0.0], [73.81841247971077, 18.63984194195513, 0.0], [73.81841330986617, 18.639850652761545, 0.0], [73.81841501958145, 18.639859246250136, 0.0], [73.81841759283796, 18.639867641906246, 0.0], [73.81842100552632, 18.639875761068755, 0.0], [73.81842522567224, 18.639883527667045, 0.0], [73.81843021373616, 18.639890868933808, 0.0], [73.81843592298368, 18.63989771608672, 0.0], [73.8184422999234, 18.63990400497296, 0.0], [73.81844928480812, 18.63990967667025, 0.0], [73.81845681219461, 18.63991467803891, 0.0], [73.81846481155678, 18.639918962219735, 0.0], [73.81847320794645, 18.63992248907308, 0.0], [73.81848192269557, 18.639925225554865, 0.0], [73.81849087415326, 18.63992714602624, 0.0], [73.81849997845084, 18.63992823249376, 0.0], [73.81850915028768, 18.639928474778017, 0.0], [73.81860028399268, 18.63992667506156, 0.0], [73.81860954451611, 18.639926058774723, 0.0], [73.81861869739716, 18.639924581956357, 0.0], [73.81862765485484, 18.639922258769907, 0.0], [73.81863633098243, 18.63991911149595, 0.0], [73.81864464257127, 18.639915170318513, 0.0], [73.8186525099089, 18.63991047303555, 0.0], [73.81865985754341, 18.639905064696467, 0.0], [73.81866661500717, 18.639898997170086, 0.0], [73.81867271749263, 18.639892328647154, 0.0], [73.81867810647383, 18.639885123082315, 0.0], [73.81868273026771, 18.63987744958069, 0.0], [73.81868654452975, 18.639869381735164, 0.0], [73.81868951267936, 18.639860996920575, 0.0], [73.81869160625052, 18.63985237555165, 0.0], [73.81869280516493, 18.63984360031178, 0.0], [73.81869309792454, 18.639834755360038, 0.0], [73.81869121141274, 18.639731665600696, 0.0], [73.81869058277356, 18.639722734002994, 0.0], [73.81868903019958, 18.639713905523696, 0.0], [73.81868656892728, 18.63970526680184, 0.0], [73.81868322311071, 18.639696902614247, 0.0], [73.81867902558444, 18.639688895043573, 0.0], [73.81867401754134, 18.639681322672754, 0.0], [73.81866824812839, 18.63967425981384, 0.0], [73.81866177396422, 18.639667775778776, 0.0], [73.81865465858368, 18.639661934199125, 0.0], [73.8186469718141, 18.639656792401677, 0.0], [73.81863878909027, 18.63965240084583, 0.0], [73.81863401118778, 18.639650401406566, 0.0], [73.8186284818045, 18.639483787342876, 0.0], [73.81862772184525, 18.639474875983925, 0.0], [73.81862604181413, 18.63946607983634, 0.0], [73.81862345815819, 18.63945748501137, 0.0], [73.81861999617067, 18.639449175649364, 0.0], [73.81861568974334, 18.639441233096093, 0.0]]], [[[73.81878287280959, 18.640884223340862, 0.0], [73.81878535590087, 18.640880474143717, 0.0], [73.81878744153694, 18.640876510986846, 0.0], [73.818789109632, 18.64087237203764, 0.0], [73.81879034412142, 18.640868097156446, 0.0], [73.81879113311642, 18.640863727512716, 0.0], [73.81879146901856, 18.64085930518853, 0.0], [73.81879134859298, 18.640854872773275, 0.0], [73.81879077299946, 18.64085047295354, 0.0], [73.81878974778132, 18.640846148101996, 0.0], [73.81878828281201, 18.640841939869315, 0.0], [73.81878639220002, 18.640837888783075, 0.0], [73.81878409415299, 18.640834033857434, 0.0], [73.81878141080237, 18.640830412217436, 0.0], [73.81877836799036, 18.640827058741415, 0.0], [73.81877499502086, 18.640824005725186, 0.0], [73.81877132437744, 18.640821282570926, 0.0], [73.81876739141038, 18.6408189155041, 0.0], [73.8187632339963, 18.64081692732083, 0.0], [73.81875889217334, 18.640815337168398, 0.0], [73.8187544077556, 18.640814160360822, 0.0], [73.81874982393046, 18.640813408231406, 0.0], [73.81874518484264, 18.640813088023542, 0.0], [73.81874464918378, 18.640813076178055, 0.0], [73.81873999951017, 18.640813190975514, 0.0], [73.81873538402965, 18.64081373967274, 0.0], [73.81873084719177, 18.64081471698549, 0.0], [73.81872643268875, 18.6408161135017, 0.0], [73.8187221830346, 18.64081791577217, 0.0], [73.81871813915582, 18.640820106440067, 0.0], [73.81871433999714, 18.64082266440807, 0.0], [73.81871082214651, 18.64082556504156, 0.0], [73.81870761948278, 18.640828780405872, 0.0], [73.81870476284934, 18.640832279535307, 0.0], [73.81870227975712, 18.640836028731343, 0.0], [73.81870019411969, 18.6408399918872, 0.0], [73.81869852602287, 18.640844130835536, 0.0], [73.8186972915314, 18.640848405716017, 0.0], [73.81869650253412, 18.640852775359225, 0.0], [73.81869616662955, 18.64085719768312, 0.0], [73.81869628705266, 18.640861630098293, 0.0], [73.81869686264375, 18.64086602991818, 0.0], [73.81869788785959, 18.640870354770097, 0.0], [73.81869935282683, 18.640874563003365, 0.0], [73.81870124343706, 18.64087861409037, 0.0], [73.8187035414827, 18.640882469016933, 0.0], [73.81870622483234, 18.64088609065798, 0.0], [73.81870926764385, 18.640889444135126, 0.0], [73.81871264061333, 18.640892497152524, 0.0], [73.8187163112572, 18.64089522030794, 0.0], [73.81872024422519, 18.64089758737587, 0.0], [73.81872440164062, 18.640899575560155, 0.0], [73.8187287434653, 18.640901165713476, 0.0], [73.81873322788505, 18.64090234252177, 0.0], [73.81873781171245, 18.640903094651712, 0.0], [73.8187424508027, 18.64090341485989, 0.0], [73.81874298646183, 18.6409034267054, 0.0], [73.8187476361379, 18.640903311908, 0.0], [73.81875225162085, 18.64090276321061, 0.0], [73.818756788461, 18.64090178589748, 0.0], [73.81876120296609, 18.64090038938068, 0.0], [73.81876545262197, 18.64089858710943, 0.0], [73.81876949650214, 18.640896396440606, 0.0], [73.81877329566177, 18.640893838471552, 0.0], [73.81877681351287, 18.640890937836932, 0.0], [73.8187800161766, 18.64088772247146, 0.0], [73.81878287280959, 18.640884223340862, 0.0]]], [[[73.8188122712041, 18.640910420589545, 0.0], [73.81880812578491, 18.64090840977078, 0.0], [73.81880379357158, 18.64090679597086, 0.0], [73.81879931628562, 18.640905594731564, 0.0], [73.81879473704576, 18.640904817621458, 0.0], [73.81879009995254, 18.640904472124532, 0.0], [73.81878544966364, 18.64090456156811, 0.0], [73.81878083096386, 18.6409050850908, 0.0], [73.8187762883338, 18.640906037650783, 0.0], [73.81877186552138, 18.640907410074412, 0.0], [73.81876760512073, 18.640909189144484, 0.0], [73.81876354816177, 18.640911357727607, 0.0], [73.81875973371524, 18.640913894939143, 0.0], [73.81875619851633, 18.640916776344383, 0.0], [73.81875297661091, 18.640919974193828, 0.0], [73.8187500990277, 18.640923457690455, 0.0], [73.8187475934794, 18.640927193286313, 0.0], [73.81874548409584, 18.64093114500558, 0.0], [73.81874379119154, 18.640935274791058, 0.0], [73.81874253107011, 18.64093954287066, 0.0], [73.81874171586728, 18.640943908140464, 0.0], [73.81874135343388, 18.640948328560548, 0.0], [73.8187413456888, 18.640948583842235, 0.0], [73.81874143951532, 18.640953016841532, 0.0], [73.8187419886982, 18.64095741972784, 0.0], [73.81874298794854, 18.64096175009895, 0.0], [73.81874442764304, 18.640965966251027, 0.0], [73.81874629391669, 18.640970027580206, 0.0], [73.81874856879628, 18.640973894973644, 0.0], [73.81875123037348, 18.64097753118624, 0.0], [73.81875425301588, 18.640980901199253, 0.0], [73.8187576076138, 18.6409839725576, 0.0], [73.81876126186059, 18.640986715682395, 0.0], [73.81876518056389, 18.640989104155846, 0.0], [73.8187693259844, 18.64099111497562, 0.0], [73.81877365819946, 18.64099272877642, 0.0], [73.81877813548743, 18.640993930016435, 0.0], [73.81878271472958, 18.640994707127067, 0.0], [73.81878735182521, 18.640995052624305, 0.0], [73.81879200211658, 18.64099496318082, 0.0], [73.81879662081877, 18.640994439657995, 0.0], [73.81880116345116, 18.64099348709765, 0.0], [73.81880558626564, 18.640992114673452, 0.0], [73.81880984666807, 18.640990335602627, 0.0], [73.81881390362842, 18.6409881670186, 0.0], [73.81881771807595, 18.640985629806032, 0.0], [73.8188212532754, 18.640982748399672, 0.0], [73.81882447518088, 18.640979550549073, 0.0], [73.81882735276365, 18.640976067051295, 0.0], [73.81882985831103, 18.64097233145433, 0.0], [73.81883196769327, 18.64096837973406, 0.0], [73.81883366059587, 18.640964249947704, 0.0], [73.81883492071528, 18.64095998186738, 0.0], [73.81883573591587, 18.64095561659705, 0.0], [73.81883609834685, 18.64095119617666, 0.0], [73.81883610609178, 18.64095094089496, 0.0], [73.81883601226279, 18.64094650789557, 0.0], [73.8188354630775, 18.640942105009405, 0.0], [73.81883446382489, 18.640937774638648, 0.0], [73.81883302412831, 18.640933558487145, 0.0], [73.81883115785288, 18.64092949715872, 0.0], [73.8188288829719, 18.640925629766187, 0.0], [73.81882622139372, 18.640921993554617, 0.0], [73.81882319875079, 18.64091862354272, 0.0], [73.81881984415286, 18.64091555218554, 0.0], [73.81881618990649, 18.640912809061888, 0.0], [73.8188122712041, 18.640910420589545, 0.0]]]]}, "properties": {"area_ha": 46.339}}]}