<?xml version='1.0' encoding='UTF-8'?>
<kml xmlns="http://www.opengis.net/kml/2.2" xmlns:gx="http://www.google.com/kml/ext/2.2" xmlns:kml="http://www.opengis.net/kml/2.2" xmlns:atom="http://www.w3.org/2005/Atom" xmlns:xsi="http://www.w3.org/2001/XMLSchema-instance">
<Document id="Existing_Project1" xsi:schemaLocation="http://www.opengis.net/kml/2.2 http://schemas.opengis.net/kml/2.2.0/ogckml22.xsd http://www.google.com/kml/ext/2.2 http://code.google.com/apis/kml/schema/kml22gx.xsd">
	<name>Soova_First_PAI</name>
	<open>1</open>
	<Snippet maxLines="0"/>
	<atom:link rel="app" href="https://www.google.com/earth/about/versions/#earth-pro" title="Google Earth Pro 7.3.7.1155"/>
	<Style id="PolyStyle00">
		<LabelStyle>
			<color>00000000</color>
			<scale>0</scale>
		</LabelStyle>
		<LineStyle>
			<color>ff6e6e6e</color>
			<width>0.4</width>
		</LineStyle>
		<PolyStyle>
			<color>ffc5fcfc</color>
		</PolyStyle>
	</Style>
	<Folder id="FeatureLayer0">
		<name>Soova_First_PAI</name>
		<open>1</open>
		<Snippet maxLines="0"/>
		<Placemark id="ID_00000">
			<name>763148801</name>
			<Snippet maxLines="0"/>
			<description>&lt;html xmlns:fo="http://www.w3.org/1999/XSL/Format" xmlns:msxsl="urn:schemas-microsoft-com:xslt"&gt;

&lt;head&gt;

&lt;META http-equiv="Content-Type" content="text/html"&gt;

&lt;meta http-equiv="content-type" content="text/html; charset=UTF-8"&gt;

&lt;/head&gt;

&lt;body style="margin:0px 0px 0px 0px;overflow:auto;background:#FFFFFF;"&gt;

&lt;table style="font-family:Arial,Verdana,Times;font-size:12px;text-align:left;width:100%;border-collapse:collapse;padding:3px 3px 3px 3px"&gt;

&lt;tr style="text-align:center;font-weight:bold;background:#9CBCE2"&gt;

&lt;td&gt;763148801&lt;/td&gt;

&lt;/tr&gt;

&lt;tr&gt;

&lt;td&gt;

&lt;table style="font-family:Arial,Verdana,Times;font-size:12px;text-align:left;width:100%;border-spacing:0px; padding:3px 3px 3px 3px"&gt;

&lt;tr&gt;

&lt;td&gt;SHAPE&lt;/td&gt;

&lt;td&gt;Polygon&lt;/td&gt;

&lt;/tr&gt;

&lt;tr bgcolor="#D4E4F3"&gt;

&lt;td&gt;Name&lt;/td&gt;

&lt;td&gt;763148801&lt;/td&gt;

&lt;/tr&gt;

&lt;tr&gt;

&lt;td&gt;farmername&lt;/td&gt;

&lt;td&gt;Naha soren&lt;/td&gt;

&lt;/tr&gt;

&lt;tr bgcolor="#D4E4F3"&gt;

&lt;td&gt;state&lt;/td&gt;

&lt;td&gt;Odisha&lt;/td&gt;

&lt;/tr&gt;

&lt;tr&gt;

&lt;td&gt;district&lt;/td&gt;

&lt;td&gt;Mayurbhanj&lt;/td&gt;

&lt;/tr&gt;

&lt;tr bgcolor="#D4E4F3"&gt;

&lt;td&gt;block&lt;/td&gt;

&lt;td&gt;Kuliana&lt;/td&gt;

&lt;/tr&gt;

&lt;tr&gt;

&lt;td&gt;grampanchayat&lt;/td&gt;

&lt;td&gt;Nodhana&lt;/td&gt;

&lt;/tr&gt;

&lt;tr bgcolor="#D4E4F3"&gt;

&lt;td&gt;village&lt;/td&gt;

&lt;td&gt;Kothabila&lt;/td&gt;

&lt;/tr&gt;

&lt;tr&gt;

&lt;td&gt;_id&lt;/td&gt;

&lt;td&gt;763148801&lt;/td&gt;

&lt;/tr&gt;

&lt;tr bgcolor="#D4E4F3"&gt;

&lt;td&gt;latitude&lt;/td&gt;

&lt;td&gt;22.099&lt;/td&gt;

&lt;/tr&gt;

&lt;tr&gt;

&lt;td&gt;longitude&lt;/td&gt;

&lt;td&gt;86.726&lt;/td&gt;

&lt;/tr&gt;

&lt;tr bgcolor="#D4E4F3"&gt;

&lt;td&gt;area_ha&lt;/td&gt;

&lt;td&gt;30.337&lt;/td&gt;

&lt;/tr&gt;

&lt;tr&gt;

&lt;td&gt;LP_id&lt;/td&gt;

&lt;td&gt;LP1&lt;/td&gt;

&lt;/tr&gt;

&lt;tr bgcolor="#D4E4F3"&gt;

&lt;td&gt;Plantation_year&lt;/td&gt;

&lt;td&gt;2025&lt;/td&gt;

&lt;/tr&gt;

&lt;tr&gt;

&lt;td&gt;SHAPE_Length&lt;/td&gt;

&lt;td&gt;10633.813935&lt;/td&gt;

&lt;/tr&gt;

&lt;tr bgcolor="#D4E4F3"&gt;

&lt;td&gt;SHAPE_Area&lt;/td&gt;

&lt;td&gt;301652.429596&lt;/td&gt;

&lt;/tr&gt;

&lt;/table&gt;

&lt;/td&gt;

&lt;/tr&gt;

&lt;/table&gt;

&lt;/body&gt;

&lt;/html&gt;</description>
			<styleUrl>#PolyStyle00</styleUrl>
			<MultiGeometry>
				<Polygon><outerBoundaryIs><LinearRing><coordinates>86.72258452,22.09973674,0 86.72256242,22.09975818,0 86.72247132,22.09974979,0 86.72237445,22.09976718,0 86.72234592,22.09978146,0 86.72221059,22.09993266,0 86.72239841,22.10021969,0 86.72270862,22.10023419,0 86.72275643,22.10011306,0 86.72279171,22.10009189,0 86.72281402,22.10012141,0 86.72299517,22.10008438,0 86.72306003,22.09996760,0 86.72312755,22.10001374,0 86.72322602,22.10002820,0 86.72323968,22.10007655,0 86.72311920,22.10005112,0 86.72307358,22.10010697,0 86.72299198,22.10008970,0 86.72282171,22.10012692,0 86.72282564,22.10020791,0 86.72278610,22.10024299,0 86.72277991,22.10030632,0 86.72273296,22.10029763,0 86.72271113,22.10023694,0 86.72239739,22.10022786,0 86.72235006,22.10026617,0 86.72246573,22.10041298,0 86.72248400,22.10049538,0 86.72252356,22.10068513,0 86.72255132,22.10062612,0 86.72261319,22.10058884,0 86.72266699,22.10062425,0 86.72273136,22.10061339,0 86.72268060,22.10062765,0 86.72266814,22.10071295,0 86.72258344,22.10073230,0 86.72251214,22.10074320,0 86.72268359,22.10122472,0 86.72278845,22.10114946,0 86.72285108,22.10109571,0 86.72291007,22.10112206,0 86.72289783,22.10116632,0 86.72281915,22.10118786,0 86.72270694,22.10123955,0 86.72277459,22.10127345,0 86.72283661,22.10128778,0 86.72289852,22.10130510,0 86.72297489,22.10132843,0 86.72305852,22.10134904,0 86.72308524,22.10132663,0 86.72315190,22.10129512,0 86.72318801,22.10133376,0 86.72319666,22.10138016,0 86.72326708,22.10141347,0 86.72332289,22.10138463,0 86.72333005,22.10134026,0 86.72339645,22.10131615,0 86.72338554,22.10136760,0 86.72347386,22.10136239,0 86.72338557,22.10136963,0 86.72338977,22.10142124,0 86.72345206,22.10145514,0 86.72353647,22.10150540,0 86.72361995,22.10153739,0 86.72373636,22.10158624,0 86.72397278,22.10167345,0 86.72425512,22.10179626,0 86.72441397,22.10186197,0 86.72455551,22.10190302,0 86.72468924,22.10194478,0 86.72481504,22.10198778,0 86.72499094,22.10207083,0 86.72509443,22.10210681,0 86.72531155,22.10196996,0 86.72541444,22.10172746,0 86.72537940,22.10168160,0 86.72532621,22.10164759,0 86.72528370,22.10157564,0 86.72525764,22.10155689,0 86.72523622,22.10152679,0 86.72530084,22.10146254,0 86.72536131,22.10147758,0 86.72536121,22.10160518,0 86.72538027,22.10162786,0 86.72545343,22.10163057,0 86.72535203,22.10192078,0 86.72542195,22.10190166,0 86.72596636,22.10152572,0 86.72592862,22.10141944,0 86.72584687,22.10140044,0 86.72581046,22.10130672,0 86.72591846,22.10120466,0 86.72591035,22.10125592,0 86.72600162,22.10140269,0 86.72609672,22.10136609,0 86.72612231,22.10141585,0 86.72623898,22.10137994,0 86.72632447,22.10128172,0 86.72637162,22.10117752,0 86.72643458,22.10112159,0 86.72640465,22.10109329,0 86.72643060,22.10101455,0 86.72642692,22.10094464,0 86.72642680,22.10092518,0 86.72650970,22.10104528,0 86.72643775,22.10109997,0 86.72643822,22.10116869,0 86.72641508,22.10120543,0 86.72636491,22.10131057,0 86.72629688,22.10137529,0 86.72628618,22.10143981,0 86.72619616,22.10147121,0 86.72613371,22.10148107,0 86.72603570,22.10149728,0 86.72544155,22.10194036,0 86.72543682,22.10198928,0 86.72541484,22.10209382,0 86.72532736,22.10215607,0 86.72519850,22.10218331,0 86.72533648,22.10220432,0 86.72545442,22.10221910,0 86.72579977,22.10217221,0 86.72604674,22.10216931,0 86.72612354,22.10213148,0 86.72615102,22.10215714,0 86.72617909,22.10215480,0 86.72621173,22.10212454,0 86.72623051,22.10209022,0 86.72628410,22.10207217,0 86.72633646,22.10211533,0 86.72633719,22.10214778,0 86.72631472,22.10216083,0 86.72648097,22.10215213,0 86.72660350,22.10215213,0 86.72665487,22.10216372,0 86.72672030,22.10214924,0 86.72677949,22.10213200,0 86.72684047,22.10213751,0 86.72684033,22.10213773,0 86.72690364,22.10217340,0 86.72700377,22.10219257,0 86.72722345,22.10219081,0 86.72722486,22.10216306,0 86.72721180,22.10213589,0 86.72719525,22.10210437,0 86.72716816,22.10205931,0 86.72722278,22.10202502,0 86.72725152,22.10203273,0 86.72727583,22.10206089,0 86.72727625,22.10200370,0 86.72735349,22.10198571,0 86.72738490,22.10199917,0 86.72741588,22.10202348,0 86.72742366,22.10211258,0 86.72742886,22.10217685,0 86.72745437,22.10218237,0 86.72758149,22.10212065,0 86.72761361,22.10209507,0 86.72765063,22.10207163,0 86.72774884,22.10205204,0 86.72778580,22.10207881,0 86.72782937,22.10209144,0 86.72789465,22.10204672,0 86.72794555,22.10205026,0 86.72797839,22.10206448,0 86.72799130,22.10207881,0 86.72799333,22.10210233,0 86.72800598,22.10207881,0 86.72805828,22.10204496,0 86.72808209,22.10205026,0 86.72810653,22.10206983,0 86.72814983,22.10209324,0 86.72834968,22.10205398,0 86.72834890,22.10203153,0 86.72831414,22.10199463,0 86.72829065,22.10200686,0 86.72830126,22.10198247,0 86.72833827,22.10191329,0 86.72836724,22.10191564,0 86.72837379,22.10192742,0 86.72838268,22.10196556,0 86.72842277,22.10199707,0 86.72842573,22.10202162,0 86.72845237,22.10199951,0 86.72848019,22.10199951,0 86.72852239,22.10200440,0 86.72857353,22.10200685,0 86.72862111,22.10198004,0 86.72863435,22.10192977,0 86.72869173,22.10192269,0 86.72871203,22.10193214,0 86.72876751,22.10192033,0 86.72879935,22.10187607,0 86.72883605,22.10184632,0 86.72886286,22.10184632,0 86.72889970,22.10185543,0 86.72894362,22.10183048,0 86.72901977,22.10175959,0 86.72914335,22.10142041,0 86.72908537,22.10125562,0 86.72900783,22.10110815,0 86.72893107,22.10101112,0 86.72884705,22.10090409,0 86.72888939,22.10104378,0 86.72892401,22.10122217,0 86.72882173,22.10131001,0 86.72883659,22.10139489,0 86.72882390,22.10147797,0 86.72881105,22.10156229,0 86.72870535,22.10150686,0 86.72860359,22.10138249,0 86.72851933,22.10137942,0 86.72847341,22.10128376,0 86.72838901,22.10122127,0 86.72836455,22.10121200,0 86.72834110,22.10128963,0 86.72831841,22.10145587,0 86.72815628,22.10152693,0 86.72815386,22.10152691,0 86.72810725,22.10147905,0 86.72810165,22.10146718,0 86.72816983,22.10142432,0 86.72824634,22.10142690,0 86.72824873,22.10142691,0 86.72826192,22.10127546,0 86.72826643,22.10127317,0 86.72823248,22.10117527,0 86.72822567,22.10117752,0 86.72811567,22.10117068,0 86.72803894,22.10113274,0 86.72787160,22.10115642,0 86.72791651,22.10121287,0 86.72785846,22.10125724,0 86.72776253,22.10130085,0 86.72761945,22.10129559,0 86.72767183,22.10119179,0 86.72776328,22.10111258,0 86.72791452,22.10113800,0 86.72792145,22.10113796,0 86.72802709,22.10112831,0 86.72803171,22.10112829,0 86.72804779,22.10099100,0 86.72795747,22.10100879,0 86.72782205,22.10100056,0 86.72785513,22.10093691,0 86.72782651,22.10081293,0 86.72781909,22.10079817,0 86.72781206,22.10079186,0 86.72782822,22.10069803,0 86.72786943,22.10061797,0 86.72801189,22.10060805,0 86.72827555,22.10065714,0 86.72835573,22.10074384,0 86.72832957,22.10065715,0 86.72828660,22.10036833,0 86.72822803,22.09962704,0 86.72809263,22.09890546,0 86.72801278,22.09845274,0 86.72800870,22.09830982,0 86.72798390,22.09822226,0 86.72785068,22.09821647,0 86.72772892,22.09832834,0 86.72768809,22.09850140,0 86.72775815,22.09851039,0 86.72777125,22.09854511,0 86.72776866,22.09862031,0 86.72773772,22.09866359,0 86.72764827,22.09876316,0 86.72760943,22.09875080,0 86.72756819,22.09876235,0 86.72756604,22.09876218,0 86.72757386,22.09868858,0 86.72757359,22.09858598,0 86.72768398,22.09850137,0 86.72772267,22.09830455,0 86.72762120,22.09810795,0 86.72756478,22.09806711,0 86.72755984,22.09799750,0 86.72739933,22.09796096,0 86.72738931,22.09799813,0 86.72731905,22.09807937,0 86.72723371,22.09798978,0 86.72730954,22.09791831,0 86.72756593,22.09797171,0 86.72756230,22.09793023,0 86.72754756,22.09781340,0 86.72747573,22.09757859,0 86.72741290,22.09739744,0 86.72737256,22.09721378,0 86.72730686,22.09726698,0 86.72724715,22.09725533,0 86.72717772,22.09719603,0 86.72720934,22.09713522,0 86.72730956,22.09710269,0 86.72727605,22.09696005,0 86.72723315,22.09691402,0 86.72717637,22.09686881,0 86.72710431,22.09678545,0 86.72709394,22.09678477,0 86.72703522,22.09663625,0 86.72692599,22.09656661,0 86.72692657,22.09650516,0 86.72698097,22.09647611,0 86.72694245,22.09643114,0 86.72691843,22.09644533,0 86.72686492,22.09644720,0 86.72682529,22.09640570,0 86.72682601,22.09635875,0 86.72685094,22.09633540,0 86.72687586,22.09632188,0 86.72683945,22.09624941,0 86.72681754,22.09625313,0 86.72678327,22.09626472,0 86.72675057,22.09619311,0 86.72666905,22.09627393,0 86.72670299,22.09630008,0 86.72667987,22.09634382,0 86.72664844,22.09636572,0 86.72661383,22.09638922,0 86.72656786,22.09637717,0 86.72658102,22.09630792,0 86.72661677,22.09627728,0 86.72666483,22.09627791,0 86.72674924,22.09619051,0 86.72711336,22.09600341,0 86.72715138,22.09600583,0 86.72717931,22.09598898,0 86.72718795,22.09595572,0 86.72726054,22.09592073,0 86.72758619,22.09578816,0 86.72750638,22.09559528,0 86.72728225,22.09514186,0 86.72722401,22.09516613,0 86.72693103,22.09525820,0 86.72688012,22.09524468,0 86.72675612,22.09529104,0 86.72671716,22.09530379,0 86.72663664,22.09530826,0 86.72654461,22.09531586,0 86.72651562,22.09545163,0 86.72646226,22.09547500,0 86.72641949,22.09540906,0 86.72630521,22.09550043,0 86.72626037,22.09548354,0 86.72624849,22.09549654,0 86.72613452,22.09558769,0 86.72613152,22.09566168,0 86.72613171,22.09559410,0 86.72579054,22.09584182,0 86.72562875,22.09595458,0 86.72536466,22.09612281,0 86.72512861,22.09630833,0 86.72504506,22.09638431,0 86.72463124,22.09679035,0 86.72478666,22.09700348,0 86.72470902,22.09716843,0 86.72490824,22.09728464,0 86.72498713,22.09740951,0 86.72479098,22.09751575,0 86.72465735,22.09726062,0 86.72449336,22.09694787,0 86.72404231,22.09740780,0 86.72363747,22.09774243,0 86.72363729,22.09774200,0 86.72350336,22.09784213,0 86.72354977,22.09786525,0 86.72354167,22.09786871,0 86.72352439,22.09793150,0 86.72352392,22.09793679,0 86.72343897,22.09795642,0 86.72335530,22.09804667,0 86.72326925,22.09813778,0 86.72337267,22.09816016,0 86.72346233,22.09819859,0 86.72343928,22.09824134,0 86.72333506,22.09830226,0 86.72331547,22.09830833,0 86.72330233,22.09831244,0 86.72329096,22.09831860,0 86.72328195,22.09832273,0 86.72318917,22.09833577,0 86.72318185,22.09834195,0 86.72317666,22.09834812,0 86.72309688,22.09842995,0 86.72309399,22.09843421,0 86.72308855,22.09844063,0 86.72317323,22.09852275,0 86.72335236,22.09851500,0 86.72343345,22.09842407,0 86.72345961,22.09830456,0 86.72348615,22.09824725,0 86.72348860,22.09824333,0 86.72349557,22.09823551,0 86.72358173,22.09823612,0 86.72364395,22.09828388,0 86.72360976,22.09836915,0 86.72374263,22.09835873,0 86.72374472,22.09835877,0 86.72372661,22.09825312,0 86.72372481,22.09824914,0 86.72371372,22.09814189,0 86.72372959,22.09805044,0 86.72373273,22.09803211,0 86.72373509,22.09802660,0 86.72384081,22.09798823,0 86.72384558,22.09809903,0 86.72384541,22.09810280,0 86.72387821,22.09823494,0 86.72387849,22.09837592,0 86.72390357,22.09840203,0 86.72404714,22.09834186,0 86.72408169,22.09841142,0 86.72416342,22.09841240,0 86.72420091,22.09833160,0 86.72423794,22.09837521,0 86.72422838,22.09837330,0 86.72419968,22.09841798,0 86.72405016,22.09841099,0 86.72400282,22.09840641,0 86.72393575,22.09842394,0 86.72386208,22.09845527,0 86.72375937,22.09839254,0 86.72375529,22.09839036,0 86.72369914,22.09843985,0 86.72373002,22.09851854,0 86.72362195,22.09852502,0 86.72353545,22.09848659,0 86.72345164,22.09845158,0 86.72338368,22.09850446,0 86.72350419,22.09856266,0 86.72339413,22.09859690,0 86.72334282,22.09857394,0 86.72320984,22.09864421,0 86.72320728,22.09864650,0 86.72309668,22.09866659,0 86.72303556,22.09862024,0 86.72293792,22.09867610,0 86.72297330,22.09873500,0 86.72304213,22.09876526,0 86.72320712,22.09879307,0 86.72326287,22.09886337,0 86.72318501,22.09887743,0 86.72310046,22.09888760,0 86.72309548,22.09891513,0 86.72315465,22.09900622,0 86.72327987,22.09903045,0 86.72324070,22.09909903,0 86.72318999,22.09912917,0 86.72330256,22.09935509,0 86.72333391,22.09937626,0 86.72345818,22.09945198,0 86.72351992,22.09957041,0 86.72346846,22.09960703,0 86.72345048,22.09964085,0 86.72345351,22.09963786,0 86.72348129,22.09963512,0 86.72354697,22.09968205,0 86.72362837,22.09963360,0 86.72361695,22.09960604,0 86.72362235,22.09957571,0 86.72365092,22.09955699,0 86.72368354,22.09958262,0 86.72401077,22.09952909,0 86.72400232,22.09950531,0 86.72405212,22.09945416,0 86.72407182,22.09949579,0 86.72410734,22.09950784,0 86.72426909,22.09949193,0 86.72432809,22.09943583,0 86.72439152,22.09952047,0 86.72432819,22.09954907,0 86.72427096,22.09949749,0 86.72409453,22.09951226,0 86.72404451,22.09952860,0 86.72368671,22.09958832,0 86.72368939,22.09962878,0 86.72364954,22.09962051,0 86.72354550,22.09968506,0 86.72354838,22.09973768,0 86.72357211,22.09975695,0 86.72362263,22.09978802,0 86.72381253,22.09982891,0 86.72389457,22.09979806,0 86.72395131,22.09983297,0 86.72399397,22.09981383,0 86.72405211,22.09974100,0 86.72410426,22.09978953,0 86.72405992,22.09991261,0 86.72391106,22.09989235,0 86.72383553,22.09988802,0 86.72382026,22.09983167,0 86.72361508,22.09979427,0 86.72358794,22.09981661,0 86.72349737,22.09980825,0 86.72350722,22.09976168,0 86.72346168,22.09975946,0 86.72343584,22.09971780,0 86.72344138,22.09964908,0 86.72334912,22.09966686,0 86.72329592,22.09962583,0 86.72329544,22.09957359,0 86.72324337,22.09951604,0 86.72317575,22.09956420,0 86.72308606,22.09954605,0 86.72303970,22.09955416,0 86.72300008,22.09955292,0 86.72297022,22.09952233,0 86.72300300,22.09944979,0 86.72297471,22.09940246,0 86.72291121,22.09938823,0 86.72287456,22.09939185,0 86.72271168,22.09937197,0 86.72258769,22.09930853,0 86.72249504,22.09920671,0 86.72243355,22.09925124,0 86.72237332,22.09928742,0 86.72228630,22.09936070,0 86.72230481,22.09943492,0 86.72226957,22.09946547,0 86.72219794,22.09945841,0 86.72216775,22.09941516,0 86.72212828,22.09941444,0 86.72211079,22.09932040,0 86.72202040,22.09934706,0 86.72212987,22.09946965,0 86.72212986,22.09952520,0 86.72215393,22.09955592,0 86.72215067,22.09959157,0 86.72213888,22.09963444,0 86.72220057,22.09993284,0 86.72234550,22.09976515,0 86.72235895,22.09973485,0 86.72237473,22.09976485,0 86.72246725,22.09974287,0 86.72247425,22.09974513,0 86.72253413,22.09970741,0 86.72258422,22.09973680,0 86.72258452,22.09973674,0</coordinates></LinearRing></outerBoundaryIs><innerBoundaryIs><LinearRing><coordinates>86.72273136,22.10061339,0 86.72277921,22.10059994,0 86.72278158,22.10060491,0 86.72273136,22.10061339,0</coordinates></LinearRing></innerBoundaryIs><innerBoundaryIs><LinearRing><coordinates>86.72277921,22.10059994,0 86.72275520,22.10054978,0 86.72280989,22.10048989,0 86.72286898,22.10053075,0 86.72297017,22.10052315,0 86.72303415,22.10047524,0 86.72311417,22.10048667,0 86.72441783,22.10012691,0 86.72437452,22.10008096,0 86.72442145,22.09998847,0 86.72454473,22.10002358,0 86.72456183,22.10009298,0 86.72464195,22.10028475,0 86.72466091,22.10021334,0 86.72470358,22.10016483,0 86.72474499,22.10009098,0 86.72471162,22.10015680,0 86.72472324,22.10021134,0 86.72476736,22.10028076,0 86.72476138,22.10032244,0 86.72471553,22.10037232,0 86.72465180,22.10041422,0 86.72455326,22.10039636,0 86.72455869,22.10032870,0 86.72462782,22.10028734,0 86.72455952,22.10010369,0 86.72449958,22.10014357,0 86.72441793,22.10012961,0 86.72311730,22.10049000,0 86.72309066,22.10057646,0 86.72301048,22.10057664,0 86.72295732,22.10053234,0 86.72286731,22.10053643,0 86.72286497,22.10060779,0 86.72278213,22.10059912,0 86.72277921,22.10059994,0</coordinates></LinearRing></innerBoundaryIs><innerBoundaryIs><LinearRing><coordinates>86.72474499,22.10009098,0 86.72474696,22.10008709,0 86.72474709,22.10008723,0 86.72474499,22.10009098,0</coordinates></LinearRing></innerBoundaryIs><innerBoundaryIs><LinearRing><coordinates>86.72474696,22.10008709,0 86.72471117,22.10004950,0 86.72477747,22.09995206,0 86.72491247,22.09955256,0 86.72490054,22.09946286,0 86.72490276,22.09941973,0 86.72497701,22.09938169,0 86.72504992,22.09945873,0 86.72505187,22.09947779,0 86.72491747,22.09954768,0 86.72478788,22.09994163,0 86.72483450,22.10005047,0 86.72474959,22.10008191,0 86.72474696,22.10008709,0</coordinates></LinearRing></innerBoundaryIs><innerBoundaryIs><LinearRing><coordinates>86.72505187,22.09947779,0 86.72505969,22.09947372,0 86.72506945,22.09964941,0 86.72505187,22.09947779,0</coordinates></LinearRing></innerBoundaryIs><innerBoundaryIs><LinearRing><coordinates>86.72506945,22.09964941,0 86.72508611,22.09981196,0 86.72521907,22.09974983,0 86.72522861,22.09980166,0 86.72516244,22.09988190,0 86.72508097,22.09985666,0 86.72506945,22.09964941,0</coordinates></LinearRing></innerBoundaryIs><innerBoundaryIs><LinearRing><coordinates>86.72347386,22.10136239,0 86.72359403,22.10135254,0 86.72359495,22.10135525,0 86.72347386,22.10136239,0</coordinates></LinearRing></innerBoundaryIs><innerBoundaryIs><LinearRing><coordinates>86.72359403,22.10135254,0 86.72359309,22.10134979,0 86.72357804,22.10128900,0 86.72368608,22.10127104,0 86.72373758,22.10131280,0 86.72380721,22.10120351,0 86.72380215,22.10117250,0 86.72378406,22.10107604,0 86.72372321,22.10110875,0 86.72369882,22.10108686,0 86.72363970,22.10107221,0 86.72364185,22.10110134,0 86.72357970,22.10115523,0 86.72351791,22.10114278,0 86.72349215,22.10111547,0 86.72352694,22.10103774,0 86.72358976,22.10104536,0 86.72369655,22.10107729,0 86.72369408,22.10104378,0 86.72376287,22.10100642,0 86.72378827,22.10106896,0 86.72380657,22.10117810,0 86.72382963,22.10113192,0 86.72389060,22.10111385,0 86.72394875,22.10109322,0 86.72396790,22.10107782,0 86.72394900,22.10109800,0 86.72395293,22.10117303,0 86.72392079,22.10119618,0 86.72386723,22.10119274,0 86.72381801,22.10118814,0 86.72373524,22.10132324,0 86.72369905,22.10136136,0 86.72364383,22.10138370,0 86.72360481,22.10135166,0 86.72359403,22.10135254,0</coordinates></LinearRing></innerBoundaryIs><innerBoundaryIs><LinearRing><coordinates>86.72396790,22.10107782,0 86.72398575,22.10105877,0 86.72398834,22.10106139,0 86.72396790,22.10107782,0</coordinates></LinearRing></innerBoundaryIs><innerBoundaryIs><LinearRing><coordinates>86.72398575,22.10105877,0 86.72394692,22.10101937,0 86.72396835,22.10094286,0 86.72405382,22.10092099,0 86.72408958,22.10100171,0 86.72406336,22.10105177,0 86.72399006,22.10105418,0 86.72398575,22.10105877,0</coordinates></LinearRing></innerBoundaryIs><innerBoundaryIs><LinearRing><coordinates>86.72591846,22.10120466,0 86.72592077,22.10119011,0 86.72593486,22.10118917,0 86.72591846,22.10120466,0</coordinates></LinearRing></innerBoundaryIs><innerBoundaryIs><LinearRing><coordinates>86.72592077,22.10119011,0 86.72578256,22.10119933,0 86.72581631,22.10106588,0 86.72588024,22.10105981,0 86.72594615,22.10108226,0 86.72595126,22.10081625,0 86.72592326,22.10069520,0 86.72591720,22.10057004,0 86.72582849,22.10062749,0 86.72582284,22.10069177,0 86.72578321,22.10063898,0 86.72582398,22.10055897,0 86.72574859,22.10050463,0 86.72573029,22.10045760,0 86.72575636,22.10029673,0 86.72583387,22.10031924,0 86.72582627,22.10038199,0 86.72585885,22.10046495,0 86.72591732,22.10048616,0 86.72593902,22.10053841,0 86.72599819,22.10065347,0 86.72599288,22.10065624,0 86.72607294,22.10074171,0 86.72606965,22.10078613,0 86.72596744,22.10081319,0 86.72596860,22.10107304,0 86.72598707,22.10111674,0 86.72592420,22.10116843,0 86.72592077,22.10119011,0</coordinates></LinearRing></innerBoundaryIs><innerBoundaryIs><LinearRing><coordinates>86.72642680,22.10092518,0 86.72642353,22.10092043,0 86.72642678,22.10092039,0 86.72642680,22.10092518,0</coordinates></LinearRing></innerBoundaryIs><innerBoundaryIs><LinearRing><coordinates>86.72642678,22.10092039,0 86.72642674,22.10091348,0 86.72678317,22.10089860,0 86.72678246,22.10089551,0 86.72684536,22.10084147,0 86.72676153,22.10071649,0 86.72670431,22.10074731,0 86.72662165,22.10071349,0 86.72661115,22.10067563,0 86.72652890,22.10068505,0 86.72647984,22.10064523,0 86.72647219,22.10060342,0 86.72649399,22.10056015,0 86.72655875,22.10057612,0 86.72661424,22.10065924,0 86.72669453,22.10063402,0 86.72673795,22.10061128,0 86.72676814,22.10053683,0 86.72684014,22.10056671,0 86.72687823,22.10059441,0 86.72682081,22.10063053,0 86.72673962,22.10066687,0 86.72675838,22.10070935,0 86.72693591,22.10082293,0 86.72696234,22.10071392,0 86.72709031,22.10064380,0 86.72718318,22.10064654,0 86.72722269,22.10068419,0 86.72726756,22.10079293,0 86.72726156,22.10088277,0 86.72724071,22.10101719,0 86.72712694,22.10107199,0 86.72710208,22.10100153,0 86.72719282,22.10090024,0 86.72717666,22.10077525,0 86.72703943,22.10080151,0 86.72689107,22.10091495,0 86.72642678,22.10092039,0</coordinates></LinearRing></innerBoundaryIs><innerBoundaryIs><LinearRing><coordinates>86.72684047,22.10213751,0 86.72684148,22.10213588,0 86.72684293,22.10213773,0 86.72684047,22.10213751,0</coordinates></LinearRing></innerBoundaryIs><innerBoundaryIs><LinearRing><coordinates>86.72684148,22.10213588,0 86.72677704,22.10205362,0 86.72681285,22.10201832,0 86.72684672,22.10204007,0 86.72687508,22.10208158,0 86.72684148,22.10213588,0</coordinates></LinearRing></innerBoundaryIs><innerBoundaryIs><LinearRing><coordinates>86.72756604,22.09876218,0 86.72756603,22.09876233,0 86.72756039,22.09876174,0 86.72756604,22.09876218,0</coordinates></LinearRing></innerBoundaryIs><innerBoundaryIs><LinearRing><coordinates>86.72756039,22.09876174,0 86.72724961,22.09873720,0 86.72725889,22.09880940,0 86.72716207,22.09883758,0 86.72716364,22.09883377,0 86.72713787,22.09880907,0 86.72713810,22.09880668,0 86.72712783,22.09871691,0 86.72707968,22.09870963,0 86.72702835,22.09867554,0 86.72697110,22.09870778,0 86.72693472,22.09866240,0 86.72693594,22.09865343,0 86.72683272,22.09859327,0 86.72682950,22.09863985,0 86.72678592,22.09865865,0 86.72676835,22.09873869,0 86.72670191,22.09877039,0 86.72665589,22.09875077,0 86.72665836,22.09874577,0 86.72666626,22.09873859,0 86.72660570,22.09867124,0 86.72664851,22.09855292,0 86.72680297,22.09855676,0 86.72695789,22.09860012,0 86.72701801,22.09862179,0 86.72708695,22.09860594,0 86.72709323,22.09860590,0 86.72715119,22.09861054,0 86.72721004,22.09872510,0 86.72756039,22.09876174,0</coordinates></LinearRing></innerBoundaryIs><innerBoundaryIs><LinearRing><coordinates>86.72716207,22.09883758,0 86.72713140,22.09891200,0 86.72712776,22.09891164,0 86.72715885,22.09883852,0 86.72716207,22.09883758,0</coordinates></LinearRing></innerBoundaryIs><innerBoundaryIs><LinearRing><coordinates>86.72713140,22.09891200,0 86.72719544,22.09891830,0 86.72724486,22.09896499,0 86.72722832,22.09900555,0 86.72716501,22.09901161,0 86.72704443,22.09916961,0 86.72713698,22.09922205,0 86.72715653,22.09926660,0 86.72712270,22.09932849,0 86.72701943,22.09933681,0 86.72700245,22.09929681,0 86.72703349,22.09916402,0 86.72716300,22.09900899,0 86.72712425,22.09899260,0 86.72712947,22.09891668,0 86.72713140,22.09891200,0</coordinates></LinearRing></innerBoundaryIs><innerBoundaryIs><LinearRing><coordinates>86.72665589,22.09875077,0 86.72663850,22.09878604,0 86.72665528,22.09875051,0 86.72665589,22.09875077,0</coordinates></LinearRing></innerBoundaryIs><innerBoundaryIs><LinearRing><coordinates>86.72663850,22.09878604,0 86.72658755,22.09889391,0 86.72674680,22.09895949,0 86.72681793,22.09901115,0 86.72679133,22.09907775,0 86.72668506,22.09909130,0 86.72660598,22.09902131,0 86.72654725,22.09901140,0 86.72658156,22.09890147,0 86.72663850,22.09878604,0</coordinates></LinearRing></innerBoundaryIs><innerBoundaryIs><LinearRing><coordinates>86.72654725,22.09901140,0 86.72654384,22.09902232,0 86.72594523,22.09916078,0 86.72588106,22.09923444,0 86.72585597,22.09937554,0 86.72579205,22.09940535,0 86.72579284,22.09932126,0 86.72582989,22.09921674,0 86.72581607,22.09920612,0 86.72585718,22.09913597,0 86.72579020,22.09901954,0 86.72579471,22.09894920,0 86.72583969,22.09891934,0 86.72585532,22.09899245,0 86.72587858,22.09908423,0 86.72593820,22.09915373,0 86.72653271,22.09900894,0 86.72654725,22.09901140,0</coordinates></LinearRing></innerBoundaryIs><innerBoundaryIs><LinearRing><coordinates>86.72709394,22.09678477,0 86.72709420,22.09678545,0 86.72708465,22.09678417,0 86.72709394,22.09678477,0</coordinates></LinearRing></innerBoundaryIs><innerBoundaryIs><LinearRing><coordinates>86.72708465,22.09678417,0 86.72699584,22.09677836,0 86.72698715,22.09682841,0 86.72697959,22.09696988,0 86.72690695,22.09716100,0 86.72679649,22.09731582,0 86.72665637,22.09733136,0 86.72665612,22.09733026,0 86.72668837,22.09724407,0 86.72676732,22.09718543,0 86.72673242,22.09710065,0 86.72679044,22.09701670,0 86.72690363,22.09702499,0 86.72680508,22.09692237,0 86.72680263,22.09692292,0 86.72682342,22.09687587,0 86.72683057,22.09682480,0 86.72691037,22.09676075,0 86.72708465,22.09678417,0</coordinates></LinearRing></innerBoundaryIs><innerBoundaryIs><LinearRing><coordinates>86.72665637,22.09733136,0 86.72666940,22.09738935,0 86.72659464,22.09738625,0 86.72616931,22.09768153,0 86.72611572,22.09774403,0 86.72607084,22.09766482,0 86.72595420,22.09764431,0 86.72595389,22.09758965,0 86.72608453,22.09760312,0 86.72617982,22.09766086,0 86.72658067,22.09739286,0 86.72655504,22.09737638,0 86.72657875,22.09734676,0 86.72660673,22.09733687,0 86.72665637,22.09733136,0</coordinates></LinearRing></innerBoundaryIs><innerBoundaryIs><LinearRing><coordinates>86.72680263,22.09692292,0 86.72680202,22.09692429,0 86.72659226,22.09696975,0 86.72680263,22.09692292,0</coordinates></LinearRing></innerBoundaryIs><innerBoundaryIs><LinearRing><coordinates>86.72659226,22.09696975,0 86.72610916,22.09707729,0 86.72620596,22.09728511,0 86.72614786,22.09732879,0 86.72606703,22.09725932,0 86.72605116,22.09730629,0 86.72599541,22.09726709,0 86.72594915,22.09718626,0 86.72598895,22.09710485,0 86.72598711,22.09710089,0 86.72659226,22.09696975,0</coordinates></LinearRing></innerBoundaryIs><innerBoundaryIs><LinearRing><coordinates>86.72598711,22.09710089,0 86.72598644,22.09710104,0 86.72590508,22.09692612,0 86.72590557,22.09692592,0 86.72598711,22.09710089,0</coordinates></LinearRing></innerBoundaryIs><innerBoundaryIs><LinearRing><coordinates>86.72590508,22.09692612,0 86.72582872,22.09695692,0 86.72582246,22.09695692,0 86.72578337,22.09691075,0 86.72577829,22.09689323,0 86.72576223,22.09682105,0 86.72576008,22.09681994,0 86.72582289,22.09677083,0 86.72589908,22.09677487,0 86.72589860,22.09677501,0 86.72593496,22.09682511,0 86.72590450,22.09692486,0 86.72590508,22.09692612,0</coordinates></LinearRing></innerBoundaryIs><innerBoundaryIs><LinearRing><coordinates>86.72576008,22.09681994,0 86.72575979,22.09682017,0 86.72574031,22.09680980,0 86.72576008,22.09681994,0</coordinates></LinearRing></innerBoundaryIs><innerBoundaryIs><LinearRing><coordinates>86.72574031,22.09680980,0 86.72539975,22.09663501,0 86.72540556,22.09659105,0 86.72540765,22.09657519,0 86.72545869,22.09652018,0 86.72547557,22.09651239,0 86.72552939,22.09652799,0 86.72553246,22.09653582,0 86.72559471,22.09658707,0 86.72552602,22.09669576,0 86.72574031,22.09680980,0</coordinates></LinearRing></innerBoundaryIs><innerBoundaryIs><LinearRing><coordinates>86.72589908,22.09677487,0 86.72606136,22.09672649,0 86.72590181,22.09677501,0 86.72589908,22.09677487,0</coordinates></LinearRing></innerBoundaryIs><innerBoundaryIs><LinearRing><coordinates>86.72606136,22.09672649,0 86.72606558,22.09672521,0 86.72601978,22.09668463,0 86.72601719,22.09668020,0 86.72602337,22.09662680,0 86.72602553,22.09662116,0 86.72602936,22.09661414,0 86.72606015,22.09659334,0 86.72606328,22.09659196,0 86.72606953,22.09658922,0 86.72614682,22.09659471,0 86.72614982,22.09659471,0 86.72615780,22.09663530,0 86.72614730,22.09668020,0 86.72609629,22.09671608,0 86.72606136,22.09672649,0</coordinates></LinearRing></innerBoundaryIs><innerBoundaryIs><LinearRing><coordinates>86.72613152,22.09566168,0 86.72613125,22.09576255,0 86.72612710,22.09577103,0 86.72613152,22.09566168,0</coordinates></LinearRing></innerBoundaryIs><innerBoundaryIs><LinearRing><coordinates>86.72612710,22.09577103,0 86.72612642,22.09578780,0 86.72620175,22.09583682,0 86.72617131,22.09589875,0 86.72612457,22.09591332,0 86.72607157,22.09600223,0 86.72615223,22.09610105,0 86.72612585,22.09615564,0 86.72613784,22.09623006,0 86.72608130,22.09624169,0 86.72607950,22.09637969,0 86.72616888,22.09637466,0 86.72615762,22.09644863,0 86.72609277,22.09644746,0 86.72607338,22.09639118,0 86.72607647,22.09624176,0 86.72608192,22.09616678,0 86.72602647,22.09610832,0 86.72606292,22.09601740,0 86.72611978,22.09591575,0 86.72607393,22.09587967,0 86.72612710,22.09577103,0</coordinates></LinearRing></innerBoundaryIs><innerBoundaryIs><LinearRing><coordinates>86.72363747,22.09774243,0 86.72366702,22.09781134,0 86.72362271,22.09775463,0 86.72363747,22.09774243,0</coordinates></LinearRing></innerBoundaryIs><innerBoundaryIs><LinearRing><coordinates>86.72366702,22.09781134,0 86.72367381,22.09782004,0 86.72368256,22.09781233,0 86.72368577,22.09780718,0 86.72371047,22.09779925,0 86.72380068,22.09773577,0 86.72381768,22.09778319,0 86.72382169,22.09785792,0 86.72378254,22.09790562,0 86.72372031,22.09788475,0 86.72367957,22.09784063,0 86.72366702,22.09781134,0</coordinates></LinearRing></innerBoundaryIs><innerBoundaryIs><LinearRing><coordinates>86.72423794,22.09837521,0 86.72424323,22.09837627,0 86.72423857,22.09837595,0 86.72423794,22.09837521,0</coordinates></LinearRing></innerBoundaryIs><innerBoundaryIs><LinearRing><coordinates>86.72424323,22.09837627,0 86.72432497,22.09838186,0 86.72427967,22.09831427,0 86.72431293,22.09826624,0 86.72435751,22.09826407,0 86.72440571,22.09829468,0 86.72440461,22.09832275,0 86.72466727,22.09831302,0 86.72471633,22.09821204,0 86.72479904,22.09822192,0 86.72481930,22.09829755,0 86.72506919,22.09826118,0 86.72523871,22.09819232,0 86.72524655,22.09818979,0 86.72535297,22.09817180,0 86.72536590,22.09817171,0 86.72538142,22.09811332,0 86.72526050,22.09813342,0 86.72509449,22.09815663,0 86.72499938,22.09814250,0 86.72493763,22.09813780,0 86.72484053,22.09805833,0 86.72503851,22.09802964,0 86.72508894,22.09810325,0 86.72532283,22.09806824,0 86.72532794,22.09806584,0 86.72558705,22.09795977,0 86.72559207,22.09795979,0 86.72563227,22.09796000,0 86.72567636,22.09805808,0 86.72551330,22.09818546,0 86.72540996,22.09821083,0 86.72523956,22.09827981,0 86.72504399,22.09835296,0 86.72487565,22.09836385,0 86.72476275,22.09831038,0 86.72440064,22.09833296,0 86.72438447,22.09837430,0 86.72437176,22.09840833,0 86.72432347,22.09839230,0 86.72424323,22.09837627,0</coordinates></LinearRing></innerBoundaryIs><innerBoundaryIs><LinearRing><coordinates>86.72258452,22.09973674,0 86.72258690,22.09973443,0 86.72260004,22.09973376,0 86.72258452,22.09973674,0</coordinates></LinearRing></innerBoundaryIs><innerBoundaryIs><LinearRing><coordinates>86.72260004,22.09973376,0 86.72262383,22.09972919,0 86.72269095,22.09968439,0 86.72276716,22.09976535,0 86.72277595,22.09977049,0 86.72278545,22.09980309,0 86.72273745,22.09990435,0 86.72269546,22.09990941,0 86.72262842,22.09987544,0 86.72263170,22.09984203,0 86.72269995,22.09978717,0 86.72265015,22.09973121,0 86.72260004,22.09973376,0</coordinates></LinearRing></innerBoundaryIs><innerBoundaryIs><LinearRing><coordinates>86.72277595,22.09977049,0 86.72277442,22.09976525,0 86.72288657,22.09983522,0 86.72277595,22.09977049,0</coordinates></LinearRing></innerBoundaryIs><innerBoundaryIs><LinearRing><coordinates>86.72288657,22.09983522,0 86.72291123,22.09984966,0 86.72289026,22.09957167,0 86.72282668,22.09963481,0 86.72272753,22.09955663,0 86.72275756,22.09951401,0 86.72289259,22.09957168,0 86.72291807,22.09985458,0 86.72294240,22.09981641,0 86.72298344,22.09981421,0 86.72303159,22.09984665,0 86.72319736,22.09985730,0 86.72319981,22.09979892,0 86.72325932,22.09981474,0 86.72325015,22.09987072,0 86.72319243,22.09985963,0 86.72302903,22.09984904,0 86.72301576,22.09990532,0 86.72294563,22.09987208,0 86.72288657,22.09983522,0</coordinates></LinearRing></innerBoundaryIs></Polygon></MultiGeometry>
		</Placemark>
		<Placemark id="ID_00001">
			<name>763493190</name>
			<Snippet maxLines="0"/>
			<description>&lt;html xmlns:fo="http://www.w3.org/1999/XSL/Format" xmlns:msxsl="urn:schemas-microsoft-com:xslt"&gt;

&lt;head&gt;

&lt;META http-equiv="Content-Type" content="text/html"&gt;

&lt;meta http-equiv="content-type" content="text/html; charset=UTF-8"&gt;

&lt;/head&gt;

&lt;body style="margin:0px 0px 0px 0px;overflow:auto;background:#FFFFFF;"&gt;

&lt;table style="font-family:Arial,Verdana,Times;font-size:12px;text-align:left;width:100%;border-collapse:collapse;padding:3px 3px 3px 3px"&gt;

&lt;tr style="text-align:center;font-weight:bold;background:#9CBCE2"&gt;

&lt;td&gt;763493190&lt;/td&gt;

&lt;/tr&gt;

&lt;tr&gt;

&lt;td&gt;

&lt;table style="font-family:Arial,Verdana,Times;font-size:12px;text-align:left;width:100%;border-spacing:0px; padding:3px 3px 3px 3px"&gt;

&lt;tr&gt;

&lt;td&gt;SHAPE&lt;/td&gt;

&lt;td&gt;Polygon&lt;/td&gt;

&lt;/tr&gt;

&lt;tr bgcolor="#D4E4F3"&gt;

&lt;td&gt;Name&lt;/td&gt;

&lt;td&gt;763493190&lt;/td&gt;

&lt;/tr&gt;

&lt;tr&gt;

&lt;td&gt;farmername&lt;/td&gt;

&lt;td&gt;Jagala Majhi&lt;/td&gt;

&lt;/tr&gt;

&lt;tr bgcolor="#D4E4F3"&gt;

&lt;td&gt;state&lt;/td&gt;

&lt;td&gt;Odisha&lt;/td&gt;

&lt;/tr&gt;

&lt;tr&gt;

&lt;td&gt;district&lt;/td&gt;

&lt;td&gt;Mayurbhanj&lt;/td&gt;

&lt;/tr&gt;

&lt;tr bgcolor="#D4E4F3"&gt;

&lt;td&gt;block&lt;/td&gt;

&lt;td&gt;Kuliana&lt;/td&gt;

&lt;/tr&gt;

&lt;tr&gt;

&lt;td&gt;grampanchayat&lt;/td&gt;

&lt;td&gt;Nodhana&lt;/td&gt;

&lt;/tr&gt;

&lt;tr bgcolor="#D4E4F3"&gt;

&lt;td&gt;village&lt;/td&gt;

&lt;td&gt;Kothabila&lt;/td&gt;

&lt;/tr&gt;

&lt;tr&gt;

&lt;td&gt;_id&lt;/td&gt;

&lt;td&gt;763493190&lt;/td&gt;

&lt;/tr&gt;

&lt;tr bgcolor="#D4E4F3"&gt;

&lt;td&gt;latitude&lt;/td&gt;

&lt;td&gt;22.103&lt;/td&gt;

&lt;/tr&gt;

&lt;tr&gt;

&lt;td&gt;longitude&lt;/td&gt;

&lt;td&gt;86.725&lt;/td&gt;

&lt;/tr&gt;

&lt;tr bgcolor="#D4E4F3"&gt;

&lt;td&gt;area_ha&lt;/td&gt;

&lt;td&gt;14.499&lt;/td&gt;

&lt;/tr&gt;

&lt;tr&gt;

&lt;td&gt;LP_id&lt;/td&gt;

&lt;td&gt;LP2&lt;/td&gt;

&lt;/tr&gt;

&lt;tr bgcolor="#D4E4F3"&gt;

&lt;td&gt;Plantation_year&lt;/td&gt;

&lt;td&gt;2025&lt;/td&gt;

&lt;/tr&gt;

&lt;tr&gt;

&lt;td&gt;SHAPE_Length&lt;/td&gt;

&lt;td&gt;6064.757863&lt;/td&gt;

&lt;/tr&gt;

&lt;tr bgcolor="#D4E4F3"&gt;

&lt;td&gt;SHAPE_Area&lt;/td&gt;

&lt;td&gt;144873.774227&lt;/td&gt;

&lt;/tr&gt;

&lt;/table&gt;

&lt;/td&gt;

&lt;/tr&gt;

&lt;/table&gt;

&lt;/body&gt;

&lt;/html&gt;</description>
			<styleUrl>#PolyStyle00</styleUrl>
			<MultiGeometry>
				<Polygon><outerBoundaryIs><LinearRing><coordinates>86.72224101,22.10175053,0 86.72240187,22.10221967,0 86.72240034,22.10239543,0 86.72253122,22.10259631,0 86.72261295,22.10256766,0 86.72267666,22.10258938,0 86.72267938,22.10259211,0 86.72270503,22.10263866,0 86.72260232,22.10269448,0 86.72256979,22.10271413,0 86.72240108,22.10297742,0 86.72246282,22.10305665,0 86.72263898,22.10295434,0 86.72266519,22.10284097,0 86.72267170,22.10283805,0 86.72274435,22.10284896,0 86.72276906,22.10290360,0 86.72276841,22.10290941,0 86.72272545,22.10295944,0 86.72271886,22.10296245,0 86.72265143,22.10295424,0 86.72245202,22.10306578,0 86.72264217,22.10321376,0 86.72262643,22.10322285,0 86.72292766,22.10356376,0 86.72293783,22.10356320,0 86.72304390,22.10370560,0 86.72326648,22.10404719,0 86.72342816,22.10391486,0 86.72342435,22.10384454,0 86.72348116,22.10380707,0 86.72348784,22.10380697,0 86.72356526,22.10379321,0 86.72360114,22.10375679,0 86.72365681,22.10368038,0 86.72354577,22.10366550,0 86.72346776,22.10365032,0 86.72348567,22.10348609,0 86.72353126,22.10348858,0 86.72352387,22.10357500,0 86.72361301,22.10360932,0 86.72370731,22.10361826,0 86.72373359,22.10356978,0 86.72380018,22.10359248,0 86.72380433,22.10358649,0 86.72379650,22.10359895,0 86.72375473,22.10363788,0 86.72366139,22.10366395,0 86.72377849,22.10371398,0 86.72382275,22.10369081,0 86.72393158,22.10367488,0 86.72391003,22.10375509,0 86.72428926,22.10365735,0 86.72427875,22.10359075,0 86.72435577,22.10352119,0 86.72459050,22.10326114,0 86.72433988,22.10305603,0 86.72430478,22.10309116,0 86.72427421,22.10317745,0 86.72423453,22.10323504,0 86.72416495,22.10323541,0 86.72416418,22.10324796,0 86.72412998,22.10323872,0 86.72413896,22.10317503,0 86.72416475,22.10307366,0 86.72423507,22.10301515,0 86.72433707,22.10304144,0 86.72455611,22.10323016,0 86.72459744,22.10318248,0 86.72464475,22.10315579,0 86.72466055,22.10313186,0 86.72458238,22.10311312,0 86.72455479,22.10305122,0 86.72460503,22.10299041,0 86.72467649,22.10300840,0 86.72475092,22.10285318,0 86.72479075,22.10277640,0 86.72479005,22.10277555,0 86.72484291,22.10275657,0 86.72486976,22.10285281,0 86.72486835,22.10285328,0 86.72482523,22.10287618,0 86.72476643,22.10287321,0 86.72469207,22.10300268,0 86.72472012,22.10304091,0 86.72468572,22.10308470,0 86.72465095,22.10317399,0 86.72466964,22.10323501,0 86.72472335,22.10318093,0 86.72477056,22.10316028,0 86.72479294,22.10321235,0 86.72471075,22.10327230,0 86.72467891,22.10332750,0 86.72459993,22.10326740,0 86.72459685,22.10325821,0 86.72434889,22.10353430,0 86.72440667,22.10367004,0 86.72440658,22.10367341,0 86.72437300,22.10370067,0 86.72445300,22.10378604,0 86.72450659,22.10374810,0 86.72454559,22.10378240,0 86.72447888,22.10381351,0 86.72437235,22.10372113,0 86.72429896,22.10366064,0 86.72390613,22.10376510,0 86.72378865,22.10385118,0 86.72377876,22.10385106,0 86.72364218,22.10378290,0 86.72328032,22.10404670,0 86.72341964,22.10441449,0 86.72359436,22.10443871,0 86.72382023,22.10446604,0 86.72396557,22.10446354,0 86.72400110,22.10421209,0 86.72400960,22.10417390,0 86.72398934,22.10417347,0 86.72399212,22.10411746,0 86.72401033,22.10402367,0 86.72409783,22.10401485,0 86.72411471,22.10401173,0 86.72420060,22.10404783,0 86.72414136,22.10409904,0 86.72402152,22.10413570,0 86.72396504,22.10447443,0 86.72425440,22.10451140,0 86.72448920,22.10477570,0 86.72465960,22.10484680,0 86.72515796,22.10458948,0 86.72522933,22.10458247,0 86.72534271,22.10453849,0 86.72536525,22.10447189,0 86.72536517,22.10440737,0 86.72533319,22.10439440,0 86.72527594,22.10434157,0 86.72522493,22.10434232,0 86.72513861,22.10435363,0 86.72511984,22.10433059,0 86.72511439,22.10427790,0 86.72517838,22.10424691,0 86.72519150,22.10421341,0 86.72515008,22.10423122,0 86.72508053,22.10422283,0 86.72502454,22.10417851,0 86.72505774,22.10409860,0 86.72501251,22.10415303,0 86.72510968,22.10399174,0 86.72500915,22.10401014,0 86.72502331,22.10392997,0 86.72504093,22.10382069,0 86.72499762,22.10382129,0 86.72494860,22.10380084,0 86.72493502,22.10373732,0 86.72493303,22.10373574,0 86.72500867,22.10374277,0 86.72505073,22.10379343,0 86.72502960,22.10392682,0 86.72508550,22.10394045,0 86.72508858,22.10394340,0 86.72511907,22.10399140,0 86.72506398,22.10410154,0 86.72508213,22.10414780,0 86.72520455,22.10418011,0 86.72541791,22.10412727,0 86.72533663,22.10416754,0 86.72524179,22.10423871,0 86.72541529,22.10421892,0 86.72543404,22.10420207,0 86.72545602,22.10420174,0 86.72547554,22.10426462,0 86.72539395,22.10440691,0 86.72551785,22.10462638,0 86.72588943,22.10446434,0 86.72581189,22.10432510,0 86.72566580,22.10436376,0 86.72560581,22.10429218,0 86.72565316,22.10421606,0 86.72575206,22.10424313,0 86.72578970,22.10428124,0 86.72588980,22.10445871,0 86.72604795,22.10426215,0 86.72612922,22.10416451,0 86.72612993,22.10415521,0 86.72614793,22.10403516,0 86.72608498,22.10397410,0 86.72619522,22.10403928,0 86.72628750,22.10399677,0 86.72630135,22.10391031,0 86.72625477,22.10388436,0 86.72621304,22.10383367,0 86.72615570,22.10382480,0 86.72612440,22.10375283,0 86.72615984,22.10376723,0 86.72624119,22.10384162,0 86.72624767,22.10383830,0 86.72631944,22.10379788,0 86.72638100,22.10391915,0 86.72642786,22.10386619,0 86.72649332,22.10380845,0 86.72646197,22.10365749,0 86.72638318,22.10369244,0 86.72632078,22.10364522,0 86.72627832,22.10356766,0 86.72621007,22.10361261,0 86.72613733,22.10366394,0 86.72612511,22.10366713,0 86.72611641,22.10366705,0 86.72613054,22.10360551,0 86.72611087,22.10357054,0 86.72615189,22.10348616,0 86.72623419,22.10348893,0 86.72623365,22.10349206,0 86.72628318,22.10346977,0 86.72634898,22.10337996,0 86.72635379,22.10336773,0 86.72636755,22.10335235,0 86.72643216,22.10337229,0 86.72643068,22.10347707,0 86.72633638,22.10352917,0 86.72645369,22.10361446,0 86.72649884,22.10381184,0 86.72657052,22.10376823,0 86.72660160,22.10368851,0 86.72666148,22.10365405,0 86.72675222,22.10354164,0 86.72671479,22.10351651,0 86.72672882,22.10341571,0 86.72673303,22.10340325,0 86.72677146,22.10328124,0 86.72677177,22.10327828,0 86.72682439,22.10322168,0 86.72690191,22.10330900,0 86.72690694,22.10331497,0 86.72685788,22.10342339,0 86.72677771,22.10354473,0 86.72670528,22.10365363,0 86.72670792,22.10370785,0 86.72663086,22.10378478,0 86.72667241,22.10383698,0 86.72711319,22.10369932,0 86.72721669,22.10367237,0 86.72723549,22.10348537,0 86.72714750,22.10348542,0 86.72712874,22.10341277,0 86.72712959,22.10339719,0 86.72734463,22.10330494,0 86.72736109,22.10331095,0 86.72735140,22.10337531,0 86.72725649,22.10345353,0 86.72726214,22.10345353,0 86.72730055,22.10359274,0 86.72734186,22.10367986,0 86.72771642,22.10361578,0 86.72777057,22.10366697,0 86.72818786,22.10356645,0 86.72810529,22.10357568,0 86.72807892,22.10355264,0 86.72802663,22.10350697,0 86.72801352,22.10341278,0 86.72807291,22.10337750,0 86.72814502,22.10337311,0 86.72815333,22.10336435,0 86.72822295,22.10342610,0 86.72825360,22.10344839,0 86.72821259,22.10351606,0 86.72819210,22.10356184,0 86.72854030,22.10333140,0 86.72897820,22.10304140,0 86.72924420,22.10267050,0 86.72933497,22.10232984,0 86.72943632,22.10227196,0 86.72943188,22.10215519,0 86.72935536,22.10210867,0 86.72931080,22.10205602,0 86.72932978,22.10201618,0 86.72931172,22.10199768,0 86.72928159,22.10192747,0 86.72927835,22.10188556,0 86.72924750,22.10188338,0 86.72917755,22.10192427,0 86.72913477,22.10197686,0 86.72912569,22.10204779,0 86.72903047,22.10205226,0 86.72894985,22.10206568,0 86.72889504,22.10206568,0 86.72877554,22.10210613,0 86.72870629,22.10210141,0 86.72863851,22.10207739,0 86.72858197,22.10210052,0 86.72851381,22.10209584,0 86.72844117,22.10208222,0 86.72840201,22.10207595,0 86.72831460,22.10209603,0 86.72825633,22.10210413,0 86.72818597,22.10212135,0 86.72804116,22.10216467,0 86.72799412,22.10220188,0 86.72793943,22.10222062,0 86.72789023,22.10224890,0 86.72781713,22.10226787,0 86.72769465,22.10224891,0 86.72764509,22.10220189,0 86.72759745,22.10221125,0 86.72754579,22.10227263,0 86.72750272,22.10233984,0 86.72745977,22.10236412,0 86.72739553,22.10234954,0 86.72742617,22.10228217,0 86.72743379,22.10221125,0 86.72735868,22.10220196,0 86.72734063,22.10225164,0 86.72729126,22.10228250,0 86.72723744,22.10229364,0 86.72719261,22.10228028,0 86.72715554,22.10222064,0 86.72708025,22.10222064,0 86.72701825,22.10222064,0 86.72694279,22.10221126,0 86.72688072,22.10219723,0 86.72674365,22.10217599,0 86.72658147,22.10219128,0 86.72644409,22.10219639,0 86.72629483,22.10221176,0 86.72630928,22.10225822,0 86.72631563,22.10231047,0 86.72623490,22.10230522,0 86.72615730,22.10231574,0 86.72610865,22.10233156,0 86.72602400,22.10235808,0 86.72601581,22.10229907,0 86.72590394,22.10229644,0 86.72587509,22.10231122,0 86.72577470,22.10224030,0 86.72573433,22.10224268,0 86.72566599,22.10225304,0 86.72550718,22.10224786,0 86.72542454,22.10225823,0 86.72530766,22.10225304,0 86.72521763,22.10223235,0 86.72510228,22.10217091,0 86.72501339,22.10214558,0 86.72480882,22.10209105,0 86.72476767,22.10204584,0 86.72467506,22.10202432,0 86.72456935,22.10198714,0 86.72449205,22.10195334,0 86.72437242,22.10190076,0 86.72422890,22.10182552,0 86.72410911,22.10176545,0 86.72401454,22.10174260,0 86.72387477,22.10169729,0 86.72366764,22.10161707,0 86.72351579,22.10153853,0 86.72340995,22.10148281,0 86.72334115,22.10146583,0 86.72325320,22.10144051,0 86.72316249,22.10141119,0 86.72295976,22.10136559,0 86.72286602,22.10134095,0 86.72274202,22.10130836,0 86.72267273,22.10124404,0 86.72273840,22.10144294,0 86.72240189,22.10152750,0 86.72215597,22.10155593,0 86.72222348,22.10174783,0 86.72224101,22.10175053,0</coordinates></LinearRing></outerBoundaryIs><innerBoundaryIs><LinearRing><coordinates>86.72818597,22.10212135,0 86.72824443,22.10214927,0 86.72827245,22.10216177,0 86.72828034,22.10218277,0 86.72827515,22.10221686,0 86.72825248,22.10225375,0 86.72822511,22.10227798,0 86.72819896,22.10226693,0 86.72816610,22.10223847,0 86.72811056,22.10225374,0 86.72808688,22.10220401,0 86.72818597,22.10212135,0</coordinates></LinearRing></innerBoundaryIs><innerBoundaryIs><LinearRing><coordinates>86.72260886,22.10180659,0 86.72264188,22.10172595,0 86.72264736,22.10172356,0 86.72266897,22.10174728,0 86.72270466,22.10179974,0 86.72265371,22.10181433,0 86.72264380,22.10181195,0 86.72260886,22.10180659,0</coordinates></LinearRing></innerBoundaryIs><innerBoundaryIs><LinearRing><coordinates>86.72607737,22.10396961,0 86.72601431,22.10402673,0 86.72599561,22.10398379,0 86.72598824,22.10397164,0 86.72597298,22.10392119,0 86.72598283,22.10384028,0 86.72597025,22.10379166,0 86.72596283,22.10363753,0 86.72589058,22.10371788,0 86.72586033,22.10368212,0 86.72587620,22.10362524,0 86.72581636,22.10355035,0 86.72577963,22.10356342,0 86.72569722,22.10356325,0 86.72561871,22.10360099,0 86.72559582,22.10366037,0 86.72574203,22.10364609,0 86.72574430,22.10368129,0 86.72565578,22.10373070,0 86.72560150,22.10380167,0 86.72559870,22.10380167,0 86.72551559,22.10378104,0 86.72549949,22.10369160,0 86.72549692,22.10368896,0 86.72546771,22.10361960,0 86.72532425,22.10357107,0 86.72525703,22.10366247,0 86.72518176,22.10364784,0 86.72527309,22.10355318,0 86.72547408,22.10361403,0 86.72553108,22.10356175,0 86.72552272,22.10349796,0 86.72558425,22.10348179,0 86.72570693,22.10351829,0 86.72576650,22.10349474,0 86.72587429,22.10361452,0 86.72596420,22.10361873,0 86.72597046,22.10378888,0 86.72603471,22.10378281,0 86.72607550,22.10396850,0 86.72607737,22.10396961,0</coordinates></LinearRing></innerBoundaryIs><innerBoundaryIs><LinearRing><coordinates>86.72552252,22.10349647,0 86.72552207,22.10349301,0 86.72563851,22.10328443,0 86.72559704,22.10325329,0 86.72560319,22.10318674,0 86.72556808,22.10314505,0 86.72560850,22.10318675,0 86.72569415,22.10322284,0 86.72564688,22.10328186,0 86.72552252,22.10349647,0</coordinates></LinearRing></innerBoundaryIs><innerBoundaryIs><LinearRing><coordinates>86.72553581,22.10311176,0 86.72548202,22.10312354,0 86.72538748,22.10316672,0 86.72535092,22.10321025,0 86.72532199,22.10330126,0 86.72532395,22.10330642,0 86.72526115,22.10334312,0 86.72519988,22.10336467,0 86.72518899,22.10336468,0 86.72520674,22.10323401,0 86.72539357,22.10306134,0 86.72551573,22.10309104,0 86.72553581,22.10311176,0</coordinates></LinearRing></innerBoundaryIs><innerBoundaryIs><LinearRing><coordinates>86.72485620,22.10368034,0 86.72477872,22.10372870,0 86.72472426,22.10371075,0 86.72471196,22.10371083,0 86.72470581,22.10371087,0 86.72469679,22.10365019,0 86.72478627,22.10362071,0 86.72485620,22.10368034,0</coordinates></LinearRing></innerBoundaryIs><innerBoundaryIs><LinearRing><coordinates>86.72493061,22.10283277,0 86.72494219,22.10282763,0 86.72495971,22.10276208,0 86.72503083,22.10278753,0 86.72503390,22.10278752,0 86.72496369,22.10282188,0 86.72493061,22.10283277,0</coordinates></LinearRing></innerBoundaryIs><innerBoundaryIs><LinearRing><coordinates>86.72476481,22.10274498,0 86.72470464,22.10267207,0 86.72462488,22.10272262,0 86.72450490,22.10277555,0 86.72446234,22.10273895,0 86.72454854,22.10269152,0 86.72467413,22.10263852,0 86.72471382,22.10267488,0 86.72476481,22.10274498,0</coordinates></LinearRing></innerBoundaryIs><innerBoundaryIs><LinearRing><coordinates>86.72387665,22.10347141,0 86.72374275,22.10344787,0 86.72370058,22.10336626,0 86.72384053,22.10338715,0 86.72388401,22.10345969,0 86.72387665,22.10347141,0</coordinates></LinearRing></innerBoundaryIs><innerBoundaryIs><LinearRing><coordinates>86.72306643,22.10355612,0 86.72312249,22.10355303,0 86.72314799,22.10347844,0 86.72320134,22.10347694,0 86.72320101,22.10348331,0 86.72327033,22.10352285,0 86.72327369,22.10352275,0 86.72324539,22.10356856,0 86.72323380,22.10358190,0 86.72316931,22.10355496,0 86.72306643,22.10355612,0</coordinates></LinearRing></innerBoundaryIs><innerBoundaryIs><LinearRing><coordinates>86.72321462,22.10329042,0 86.72321510,22.10328348,0 86.72323658,22.10322320,0 86.72327590,22.10328396,0 86.72326882,22.10329817,0 86.72321462,22.10329042,0</coordinates></LinearRing></innerBoundaryIs><innerBoundaryIs><LinearRing><coordinates>86.72334266,22.10315070,0 86.72324752,22.10303942,0 86.72324154,22.10303648,0 86.72329053,22.10296501,0 86.72334757,22.10298835,0 86.72335248,22.10305978,0 86.72338833,22.10311051,0 86.72338487,22.10311360,0 86.72346790,22.10317072,0 86.72345447,22.10317699,0 86.72334266,22.10315070,0</coordinates></LinearRing></innerBoundaryIs><innerBoundaryIs><LinearRing><coordinates>86.72338957,22.10310941,0 86.72353322,22.10297311,0 86.72349150,22.10294985,0 86.72345342,22.10288879,0 86.72339983,22.10283396,0 86.72339654,22.10283681,0 86.72345582,22.10278287,0 86.72344190,22.10269071,0 86.72348437,22.10276603,0 86.72353107,22.10279731,0 86.72354250,22.10289186,0 86.72357464,22.10296795,0 86.72353588,22.10297895,0 86.72338957,22.10310941,0</coordinates></LinearRing></innerBoundaryIs><innerBoundaryIs><LinearRing><coordinates>86.72366558,22.10292038,0 86.72376670,22.10286039,0 86.72372740,22.10279203,0 86.72375911,22.10271314,0 86.72384124,22.10272707,0 86.72386506,22.10280617,0 86.72379492,22.10285181,0 86.72366558,22.10292038,0</coordinates></LinearRing></innerBoundaryIs><innerBoundaryIs><LinearRing><coordinates>86.72343939,22.10267412,0 86.72343887,22.10267066,0 86.72338899,22.10269279,0 86.72339142,22.10265658,0 86.72343252,22.10262894,0 86.72344797,22.10262344,0 86.72346005,22.10262347,0 86.72346818,22.10254880,0 86.72348860,22.10247466,0 86.72355002,22.10242658,0 86.72349761,22.10247467,0 86.72354914,22.10251310,0 86.72349093,22.10261248,0 86.72343939,22.10267412,0</coordinates></LinearRing></innerBoundaryIs><innerBoundaryIs><LinearRing><coordinates>86.72356311,22.10241457,0 86.72345444,22.10240924,0 86.72353752,22.10234963,0 86.72354628,22.10235233,0 86.72357190,22.10240651,0 86.72356311,22.10241457,0</coordinates></LinearRing></innerBoundaryIs><innerBoundaryIs><LinearRing><coordinates>86.72275001,22.10315149,0 86.72277365,22.10313246,0 86.72273754,22.10306632,0 86.72282162,22.10307144,0 86.72289707,22.10307323,0 86.72290338,22.10307313,0 86.72299083,22.10311083,0 86.72296200,22.10314486,0 86.72284732,22.10314995,0 86.72278310,22.10313238,0 86.72275001,22.10315149,0</coordinates></LinearRing></innerBoundaryIs><innerBoundaryIs><LinearRing><coordinates>86.72415467,22.10340317,0 86.72415307,22.10342925,0 86.72425236,22.10343799,0 86.72425651,22.10349595,0 86.72420158,22.10349639,0 86.72414899,22.10344837,0 86.72415467,22.10340317,0</coordinates></LinearRing></innerBoundaryIs><innerBoundaryIs><LinearRing><coordinates>86.72587070,22.10231347,0 86.72586403,22.10231688,0 86.72580700,22.10237440,0 86.72572732,22.10241385,0 86.72572660,22.10247530,0 86.72568041,22.10251356,0 86.72566614,22.10250631,0 86.72565668,22.10250389,0 86.72565782,22.10242318,0 86.72571389,22.10234177,0 86.72579504,22.10230543,0 86.72580644,22.10230544,0 86.72587070,22.10231347,0</coordinates></LinearRing></innerBoundaryIs></Polygon></MultiGeometry>
		</Placemark>
		<Placemark id="ID_00002">
			<name>763615432</name>
			<Snippet maxLines="0"/>
			<description>&lt;html xmlns:fo="http://www.w3.org/1999/XSL/Format" xmlns:msxsl="urn:schemas-microsoft-com:xslt"&gt;

&lt;head&gt;

&lt;META http-equiv="Content-Type" content="text/html"&gt;

&lt;meta http-equiv="content-type" content="text/html; charset=UTF-8"&gt;

&lt;/head&gt;

&lt;body style="margin:0px 0px 0px 0px;overflow:auto;background:#FFFFFF;"&gt;

&lt;table style="font-family:Arial,Verdana,Times;font-size:12px;text-align:left;width:100%;border-collapse:collapse;padding:3px 3px 3px 3px"&gt;

&lt;tr style="text-align:center;font-weight:bold;background:#9CBCE2"&gt;

&lt;td&gt;763615432&lt;/td&gt;

&lt;/tr&gt;

&lt;tr&gt;

&lt;td&gt;

&lt;table style="font-family:Arial,Verdana,Times;font-size:12px;text-align:left;width:100%;border-spacing:0px; padding:3px 3px 3px 3px"&gt;

&lt;tr&gt;

&lt;td&gt;SHAPE&lt;/td&gt;

&lt;td&gt;Polygon&lt;/td&gt;

&lt;/tr&gt;

&lt;tr bgcolor="#D4E4F3"&gt;

&lt;td&gt;Name&lt;/td&gt;

&lt;td&gt;763615432&lt;/td&gt;

&lt;/tr&gt;

&lt;tr&gt;

&lt;td&gt;farmername&lt;/td&gt;

&lt;td&gt;Chidiram Majhi&lt;/td&gt;

&lt;/tr&gt;

&lt;tr bgcolor="#D4E4F3"&gt;

&lt;td&gt;state&lt;/td&gt;

&lt;td&gt;Odisha&lt;/td&gt;

&lt;/tr&gt;

&lt;tr&gt;

&lt;td&gt;district&lt;/td&gt;

&lt;td&gt;Mayurbhanj&lt;/td&gt;

&lt;/tr&gt;

&lt;tr bgcolor="#D4E4F3"&gt;

&lt;td&gt;block&lt;/td&gt;

&lt;td&gt;Bangirposi&lt;/td&gt;

&lt;/tr&gt;

&lt;tr&gt;

&lt;td&gt;grampanchayat&lt;/td&gt;

&lt;td&gt;Bhuasuni&lt;/td&gt;

&lt;/tr&gt;

&lt;tr bgcolor="#D4E4F3"&gt;

&lt;td&gt;village&lt;/td&gt;

&lt;td&gt;Bhuasuni&lt;/td&gt;

&lt;/tr&gt;

&lt;tr&gt;

&lt;td&gt;_id&lt;/td&gt;

&lt;td&gt;763615432&lt;/td&gt;

&lt;/tr&gt;

&lt;tr bgcolor="#D4E4F3"&gt;

&lt;td&gt;latitude&lt;/td&gt;

&lt;td&gt;22.05&lt;/td&gt;

&lt;/tr&gt;

&lt;tr&gt;

&lt;td&gt;longitude&lt;/td&gt;

&lt;td&gt;86.55&lt;/td&gt;

&lt;/tr&gt;

&lt;tr bgcolor="#D4E4F3"&gt;

&lt;td&gt;area_ha&lt;/td&gt;

&lt;td&gt;1.098&lt;/td&gt;

&lt;/tr&gt;

&lt;tr&gt;

&lt;td&gt;LP_id&lt;/td&gt;

&lt;td&gt;LP3&lt;/td&gt;

&lt;/tr&gt;

&lt;tr bgcolor="#D4E4F3"&gt;

&lt;td&gt;Plantation_year&lt;/td&gt;

&lt;td&gt;2025&lt;/td&gt;

&lt;/tr&gt;

&lt;tr&gt;

&lt;td&gt;SHAPE_Length&lt;/td&gt;

&lt;td&gt;722.311463&lt;/td&gt;

&lt;/tr&gt;

&lt;tr bgcolor="#D4E4F3"&gt;

&lt;td&gt;SHAPE_Area&lt;/td&gt;

&lt;td&gt;10967.695258&lt;/td&gt;

&lt;/tr&gt;

&lt;/table&gt;

&lt;/td&gt;

&lt;/tr&gt;

&lt;/table&gt;

&lt;/body&gt;

&lt;/html&gt;</description>
			<styleUrl>#PolyStyle00</styleUrl>
			<gx:balloonVisibility>1</gx:balloonVisibility>
			<MultiGeometry>
				<Polygon><outerBoundaryIs><LinearRing><coordinates>86.54963319,22.05057814,0 86.54970335,22.05080678,0 86.54973881,22.05102282,0 86.54981785,22.05100132,0 86.54992311,22.05095871,0 86.55000423,22.05099418,0 86.55025720,22.05095870,0 86.55020148,22.05073323,0 86.55015383,22.05054045,0 86.55015530,22.05040586,0 86.55014693,22.05031719,0 86.55016589,22.05028817,0 86.55020264,22.05023580,0 86.55017160,22.05008781,0 86.55010146,22.05002772,0 86.55007330,22.04990788,0 86.55003107,22.04986226,0 86.54996545,22.04980901,0 86.54988100,22.04969854,0 86.54983617,22.04975846,0 86.54984031,22.04979445,0 86.54988212,22.04985697,0 86.54993375,22.04987193,0 86.54997182,22.04990974,0 86.54993424,22.04994044,0 86.54988304,22.04990213,0 86.54979176,22.04984210,0 86.54971056,22.04991356,0 86.54965528,22.04987192,0 86.54966843,22.04983840,0 86.54974354,22.04983471,0 86.54976763,22.04977638,0 86.54977898,22.04971250,0 86.54987765,22.04970202,0 86.54975410,22.04954329,0 86.54960177,22.04958413,0 86.54907674,22.04968653,0 86.54906789,22.04981735,0 86.54909767,22.04993491,0 86.54915685,22.05002244,0 86.54918670,22.05021961,0 86.54941262,22.05018027,0 86.54943962,22.05038965,0 86.54948137,22.05042765,0 86.54953689,22.05061625,0 86.54963319,22.05057814,0</coordinates></LinearRing></outerBoundaryIs><innerBoundaryIs><LinearRing><coordinates>86.55017160,22.05008781,0 86.55014105,22.05019268,0 86.55006762,22.05018413,0 86.55002568,22.05018413,0 86.54998614,22.05022286,0 86.54999131,22.05029323,0 86.55002123,22.05040256,0 86.54997731,22.05040722,0 86.54991877,22.05032013,0 86.54991903,22.05022720,0 86.54992552,22.05015441,0 86.54999624,22.05010843,0 86.55006848,22.05011257,0 86.55017160,22.05008781,0</coordinates></LinearRing></innerBoundaryIs></Polygon></MultiGeometry>
		</Placemark>
		<Placemark id="ID_00003">
			<name>764487247</name>
			<Snippet maxLines="0"/>
			<description>&lt;html xmlns:fo="http://www.w3.org/1999/XSL/Format" xmlns:msxsl="urn:schemas-microsoft-com:xslt"&gt;

&lt;head&gt;

&lt;META http-equiv="Content-Type" content="text/html"&gt;

&lt;meta http-equiv="content-type" content="text/html; charset=UTF-8"&gt;

&lt;/head&gt;

&lt;body style="margin:0px 0px 0px 0px;overflow:auto;background:#FFFFFF;"&gt;

&lt;table style="font-family:Arial,Verdana,Times;font-size:12px;text-align:left;width:100%;border-collapse:collapse;padding:3px 3px 3px 3px"&gt;

&lt;tr style="text-align:center;font-weight:bold;background:#9CBCE2"&gt;

&lt;td&gt;764487247&lt;/td&gt;

&lt;/tr&gt;

&lt;tr&gt;

&lt;td&gt;

&lt;table style="font-family:Arial,Verdana,Times;font-size:12px;text-align:left;width:100%;border-spacing:0px; padding:3px 3px 3px 3px"&gt;

&lt;tr&gt;

&lt;td&gt;SHAPE&lt;/td&gt;

&lt;td&gt;Polygon&lt;/td&gt;

&lt;/tr&gt;

&lt;tr bgcolor="#D4E4F3"&gt;

&lt;td&gt;Name&lt;/td&gt;

&lt;td&gt;764487247&lt;/td&gt;

&lt;/tr&gt;

&lt;tr&gt;

&lt;td&gt;farmername&lt;/td&gt;

&lt;td&gt;Ramachandra Soren&lt;/td&gt;

&lt;/tr&gt;

&lt;tr bgcolor="#D4E4F3"&gt;

&lt;td&gt;state&lt;/td&gt;

&lt;td&gt;Odisha&lt;/td&gt;

&lt;/tr&gt;

&lt;tr&gt;

&lt;td&gt;district&lt;/td&gt;

&lt;td&gt;Mayurbhanj&lt;/td&gt;

&lt;/tr&gt;

&lt;tr bgcolor="#D4E4F3"&gt;

&lt;td&gt;block&lt;/td&gt;

&lt;td&gt;Samakhunta&lt;/td&gt;

&lt;/tr&gt;

&lt;tr&gt;

&lt;td&gt;grampanchayat&lt;/td&gt;

&lt;td&gt;Kendua&lt;/td&gt;

&lt;/tr&gt;

&lt;tr bgcolor="#D4E4F3"&gt;

&lt;td&gt;village&lt;/td&gt;

&lt;td&gt;Karamghutu&lt;/td&gt;

&lt;/tr&gt;

&lt;tr&gt;

&lt;td&gt;_id&lt;/td&gt;

&lt;td&gt;764487247&lt;/td&gt;

&lt;/tr&gt;

&lt;tr bgcolor="#D4E4F3"&gt;

&lt;td&gt;latitude&lt;/td&gt;

&lt;td&gt;21.878&lt;/td&gt;

&lt;/tr&gt;

&lt;tr&gt;

&lt;td&gt;longitude&lt;/td&gt;

&lt;td&gt;86.628&lt;/td&gt;

&lt;/tr&gt;

&lt;tr bgcolor="#D4E4F3"&gt;

&lt;td&gt;area_ha&lt;/td&gt;

&lt;td&gt;0.469&lt;/td&gt;

&lt;/tr&gt;

&lt;tr&gt;

&lt;td&gt;LP_id&lt;/td&gt;

&lt;td&gt;LP4&lt;/td&gt;

&lt;/tr&gt;

&lt;tr bgcolor="#D4E4F3"&gt;

&lt;td&gt;Plantation_year&lt;/td&gt;

&lt;td&gt;2025&lt;/td&gt;

&lt;/tr&gt;

&lt;tr&gt;

&lt;td&gt;SHAPE_Length&lt;/td&gt;

&lt;td&gt;485.937132&lt;/td&gt;

&lt;/tr&gt;

&lt;tr bgcolor="#D4E4F3"&gt;

&lt;td&gt;SHAPE_Area&lt;/td&gt;

&lt;td&gt;4686.97384&lt;/td&gt;

&lt;/tr&gt;

&lt;/table&gt;

&lt;/td&gt;

&lt;/tr&gt;

&lt;/table&gt;

&lt;/body&gt;

&lt;/html&gt;</description>
			<styleUrl>#PolyStyle00</styleUrl>
			<MultiGeometry>
				<Polygon>
					<outerBoundaryIs>
						<LinearRing>
							<coordinates>
								86.6276101257791,21.87848761905013,0 86.62757714342635,21.8783791207024,0 86.62754865395523,21.87836402820028,0 86.62752513677236,21.87827551220408,0 86.6274966675405,21.87816611606967,0 86.62746086667663,21.87804232122878,0 86.62744765992966,21.87795318708152,0 86.62745204000399,21.87787970172042,0 86.62741992717763,21.87780585827307,0 86.62745298769308,21.8777942892971,0 86.62753442628799,21.87779140621442,0 86.62757333639043,21.8777942876719,0 86.62761929506226,21.87779496074396,0 86.62765659520804,21.87776212310684,0 86.62774278393445,21.87770049798776,0 86.62778367653748,21.87768391439085,0 86.62781761442804,21.87768597596236,0 86.62783681157369,21.87770885419187,0 86.62783543342381,21.87775132256147,0 86.62785277829801,21.87779495712788,0 86.6278632103587,21.87784892426542,0 86.62785781506329,21.87791421570826,0 86.62784587203925,21.87797968840847,0 86.62788226212004,21.87803240868942,0 86.62793710363057,21.87801970799882,0 86.62790683222524,21.87794300032941,0 86.62790417471579,21.87790472933717,0 86.62789903894348,21.87783073460042,0 86.6278977825275,21.87776428706533,0 86.62789222035366,21.87772147416025,0 86.62788062888696,21.87769841255026,0 86.62787852200161,21.87768185195328,0 86.6278751634355,21.87765936366202,0 86.62792679870159,21.87768185077611,0 86.62794677232048,21.87770466840827,0 86.627972168959,21.87769218036889,0 86.62799568072735,21.87767568485398,0 86.62800589959966,21.87764723279178,0 86.6279965417904,21.87761535036807,0 86.62803734860032,21.87762325831263,0 86.62806028336252,21.87766954266899,0 86.62807777192626,21.87767979121047,0 86.62807939860663,21.87772067718728,0 86.6280879121301,21.87775714003078,0 86.62810159675391,21.87778564967646,0 86.62816448824974,21.87779140120518,0 86.62817936473577,21.87783212736134,0 86.62812128760875,21.87786269481045,0 86.62814380130447,21.87789294275725,0 86.62817147366023,21.87790472395196,0 86.62816164606377,21.87795513722045,0 86.62814078024205,21.87799458110137,0 86.62811098703811,21.87804556997053,0 86.62808591588279,21.87809379859404,0 86.62800786868398,21.87807844520862,0 86.6278896597082,21.87810353102565,0 86.6278837732913,21.87810363608176,0 86.62784146759824,21.87816342701723,0 86.62784953599309,21.87824424405203,0 86.62787930916853,21.87824844010546,0 86.62794226027053,21.8782316479105,0 86.62799446164377,21.87827107879905,0 86.62799682625774,21.87832302474507,0 86.62803023933861,21.87845218603101,0 86.62807951660639,21.87867313633878,0 86.62800921481511,21.87860135700816,0 86.62795297588534,21.87856830173104,0 86.62789074666424,21.87856010957191,0 86.62788140101142,21.87856011014385,0 86.62782067459173,21.87860135757601,0 86.62782281300089,21.87854380772643,0 86.62779795881001,21.87840194507595,0 86.62773684178474,21.87841728860132,0 86.62763862803943,21.87843661380758,0 86.6276101257791,21.87848761905013,0 
							</coordinates>
						</LinearRing>
					</outerBoundaryIs>
				</Polygon>
			</MultiGeometry>
		</Placemark>
		<Placemark id="ID_00004">
			<name>764543994</name>
			<Snippet maxLines="0"/>
			<description>&lt;html xmlns:fo="http://www.w3.org/1999/XSL/Format" xmlns:msxsl="urn:schemas-microsoft-com:xslt"&gt;

&lt;head&gt;

&lt;META http-equiv="Content-Type" content="text/html"&gt;

&lt;meta http-equiv="content-type" content="text/html; charset=UTF-8"&gt;

&lt;/head&gt;

&lt;body style="margin:0px 0px 0px 0px;overflow:auto;background:#FFFFFF;"&gt;

&lt;table style="font-family:Arial,Verdana,Times;font-size:12px;text-align:left;width:100%;border-collapse:collapse;padding:3px 3px 3px 3px"&gt;

&lt;tr style="text-align:center;font-weight:bold;background:#9CBCE2"&gt;

&lt;td&gt;764543994&lt;/td&gt;

&lt;/tr&gt;

&lt;tr&gt;

&lt;td&gt;

&lt;table style="font-family:Arial,Verdana,Times;font-size:12px;text-align:left;width:100%;border-spacing:0px; padding:3px 3px 3px 3px"&gt;

&lt;tr&gt;

&lt;td&gt;SHAPE&lt;/td&gt;

&lt;td&gt;Polygon&lt;/td&gt;

&lt;/tr&gt;

&lt;tr bgcolor="#D4E4F3"&gt;

&lt;td&gt;Name&lt;/td&gt;

&lt;td&gt;764543994&lt;/td&gt;

&lt;/tr&gt;

&lt;tr&gt;

&lt;td&gt;farmername&lt;/td&gt;

&lt;td&gt;Baya Singh&lt;/td&gt;

&lt;/tr&gt;

&lt;tr bgcolor="#D4E4F3"&gt;

&lt;td&gt;state&lt;/td&gt;

&lt;td&gt;Odisha&lt;/td&gt;

&lt;/tr&gt;

&lt;tr&gt;

&lt;td&gt;district&lt;/td&gt;

&lt;td&gt;Mayurbhanj&lt;/td&gt;

&lt;/tr&gt;

&lt;tr bgcolor="#D4E4F3"&gt;

&lt;td&gt;block&lt;/td&gt;

&lt;td&gt;Samakhunta&lt;/td&gt;

&lt;/tr&gt;

&lt;tr&gt;

&lt;td&gt;grampanchayat&lt;/td&gt;

&lt;td&gt;Bhaluki&lt;/td&gt;

&lt;/tr&gt;

&lt;tr bgcolor="#D4E4F3"&gt;

&lt;td&gt;village&lt;/td&gt;

&lt;td&gt;Asanbani&lt;/td&gt;

&lt;/tr&gt;

&lt;tr&gt;

&lt;td&gt;_id&lt;/td&gt;

&lt;td&gt;764543994&lt;/td&gt;

&lt;/tr&gt;

&lt;tr bgcolor="#D4E4F3"&gt;

&lt;td&gt;latitude&lt;/td&gt;

&lt;td&gt;21.986&lt;/td&gt;

&lt;/tr&gt;

&lt;tr&gt;

&lt;td&gt;longitude&lt;/td&gt;

&lt;td&gt;86.62&lt;/td&gt;

&lt;/tr&gt;

&lt;tr bgcolor="#D4E4F3"&gt;

&lt;td&gt;area_ha&lt;/td&gt;

&lt;td&gt;10.237&lt;/td&gt;

&lt;/tr&gt;

&lt;tr&gt;

&lt;td&gt;LP_id&lt;/td&gt;

&lt;td&gt;LP5&lt;/td&gt;

&lt;/tr&gt;

&lt;tr bgcolor="#D4E4F3"&gt;

&lt;td&gt;Plantation_year&lt;/td&gt;

&lt;td&gt;2025&lt;/td&gt;

&lt;/tr&gt;

&lt;tr&gt;

&lt;td&gt;SHAPE_Length&lt;/td&gt;

&lt;td&gt;4107.365598&lt;/td&gt;

&lt;/tr&gt;

&lt;tr bgcolor="#D4E4F3"&gt;

&lt;td&gt;SHAPE_Area&lt;/td&gt;

&lt;td&gt;102295.764517&lt;/td&gt;

&lt;/tr&gt;

&lt;/table&gt;

&lt;/td&gt;

&lt;/tr&gt;

&lt;/table&gt;

&lt;/body&gt;

&lt;/html&gt;</description>
			<styleUrl>#PolyStyle00</styleUrl>
			<MultiGeometry>
				<Polygon><outerBoundaryIs><LinearRing><coordinates>86.61772420,21.98666430,0 86.61778118,21.98669095,0 86.61786269,21.98672929,0 86.61780112,21.98690077,0 86.61792196,21.98692450,0 86.61809824,21.98690076,0 86.61824807,21.98693243,0 86.61840678,21.98706877,0 86.61836008,21.98722458,0 86.61848770,21.98719973,0 86.61883204,21.98708500,0 86.61898121,21.98738411,0 86.61919091,21.98784096,0 86.61931672,21.98804371,0 86.61947406,21.98802503,0 86.61964773,21.98793792,0 86.61971250,21.98811122,0 86.62003189,21.98810668,0 86.61992499,21.98791874,0 86.61977939,21.98776726,0 86.61954992,21.98733834,0 86.61940102,21.98723163,0 86.61917355,21.98695593,0 86.61887817,21.98657064,0 86.61886400,21.98655387,0 86.61864836,21.98635065,0 86.61866823,21.98628029,0 86.61874714,21.98628028,0 86.61927972,21.98698535,0 86.61952843,21.98720078,0 86.61952686,21.98720216,0 86.61965883,21.98735382,0 86.61968805,21.98750666,0 86.62010580,21.98807580,0 86.62023716,21.98800258,0 86.62020313,21.98794457,0 86.62018806,21.98780306,0 86.62027776,21.98785211,0 86.62035425,21.98776622,0 86.62043171,21.98783769,0 86.62057489,21.98783616,0 86.62067811,21.98780353,0 86.62078152,21.98780699,0 86.62074790,21.98762609,0 86.62078978,21.98780651,0 86.62080683,21.98767472,0 86.62087134,21.98762735,0 86.62089596,21.98769129,0 86.62101482,21.98758289,0 86.62097399,21.98743781,0 86.62106340,21.98754361,0 86.62115224,21.98753472,0 86.62105918,21.98720836,0 86.62093225,21.98653947,0 86.62098822,21.98652882,0 86.62117124,21.98718512,0 86.62121958,21.98729607,0 86.62134635,21.98734290,0 86.62138966,21.98729513,0 86.62146890,21.98724949,0 86.62158804,21.98712572,0 86.62157792,21.98698820,0 86.62146732,21.98681442,0 86.62131908,21.98661491,0 86.62123816,21.98642148,0 86.62123115,21.98596274,0 86.62121538,21.98573698,0 86.62072154,21.98580576,0 86.62074656,21.98579983,0 86.62122447,21.98573289,0 86.62134047,21.98556623,0 86.62135676,21.98539314,0 86.62141698,21.98537675,0 86.62144276,21.98526909,0 86.62144751,21.98514859,0 86.62150051,21.98501646,0 86.62161117,21.98492742,0 86.62147196,21.98458087,0 86.62142075,21.98462142,0 86.62133936,21.98455628,0 86.62108195,21.98461194,0 86.62110724,21.98466482,0 86.62108329,21.98471101,0 86.62105283,21.98477708,0 86.62106362,21.98481703,0 86.62106432,21.98489778,0 86.62101740,21.98496455,0 86.62101741,21.98496898,0 86.62096969,21.98498724,0 86.62088419,21.98501871,0 86.62086524,21.98499163,0 86.62086319,21.98498712,0 86.62085257,21.98497824,0 86.62091920,21.98489473,0 86.62096918,21.98479358,0 86.62101728,21.98466043,0 86.62105167,21.98461789,0 86.62133122,21.98455431,0 86.62139238,21.98445737,0 86.62131629,21.98438429,0 86.62129136,21.98423408,0 86.62120516,21.98423817,0 86.62108137,21.98423817,0 86.62104051,21.98418937,0 86.62100566,21.98383557,0 86.62054544,21.98385392,0 86.62023186,21.98415204,0 86.62014416,21.98439966,0 86.62012120,21.98474566,0 86.62021357,21.98473542,0 86.62021654,21.98473537,0 86.62032056,21.98476219,0 86.62031801,21.98481131,0 86.62031811,21.98482295,0 86.62031521,21.98483470,0 86.62017963,21.98484610,0 86.62007503,21.98479847,0 86.62002569,21.98507049,0 86.61999748,21.98513053,0 86.62002689,21.98544209,0 86.62006473,21.98544779,0 86.62013408,21.98544121,0 86.62017674,21.98550517,0 86.62003218,21.98553691,0 86.62006737,21.98574240,0 86.62038140,21.98564315,0 86.62038572,21.98564316,0 86.62056505,21.98561895,0 86.62057557,21.98561672,0 86.62057968,21.98561457,0 86.62063974,21.98564350,0 86.62062299,21.98569969,0 86.62049473,21.98572941,0 86.62047938,21.98572937,0 86.62033570,21.98575948,0 86.62014688,21.98582326,0 86.62003992,21.98586771,0 86.61984750,21.98592250,0 86.61951477,21.98591859,0 86.61932850,21.98593350,0 86.61857670,21.98612360,0 86.61831520,21.98524170,0 86.61820960,21.98508000,0 86.61755360,21.98520463,0 86.61749935,21.98529746,0 86.61759377,21.98533823,0 86.61758643,21.98542140,0 86.61777147,21.98549805,0 86.61782550,21.98545467,0 86.61793105,21.98548127,0 86.61794539,21.98553872,0 86.61789638,21.98554900,0 86.61755993,21.98541202,0 86.61750761,21.98538290,0 86.61747031,21.98534457,0 86.61755287,21.98520580,0 86.61693856,21.98533752,0 86.61698321,21.98543615,0 86.61717626,21.98539897,0 86.61734925,21.98638501,0 86.61749939,21.98635594,0 86.61758147,21.98631259,0 86.61767385,21.98634869,0 86.61766059,21.98656979,0 86.61767791,21.98666045,0 86.61772152,21.98666575,0 86.61772420,21.98666430,0</coordinates></LinearRing></outerBoundaryIs><innerBoundaryIs><LinearRing><coordinates>86.61927972,21.98698535,0 86.61950297,21.98678531,0 86.61949688,21.98672307,0 86.61952057,21.98667166,0 86.61958525,21.98662809,0 86.61963883,21.98666795,0 86.61927972,21.98698535,0</coordinates></LinearRing></innerBoundaryIs><innerBoundaryIs><LinearRing><coordinates>86.61781763,21.98661381,0 86.61788066,21.98657975,0 86.61782959,21.98654683,0 86.61785900,21.98643302,0 86.61786222,21.98643302,0 86.61791159,21.98641568,0 86.61799647,21.98647609,0 86.61799161,21.98652872,0 86.61792477,21.98656141,0 86.61781763,21.98661381,0</coordinates></LinearRing></innerBoundaryIs><innerBoundaryIs><LinearRing><coordinates>86.61801997,21.98644816,0 86.61806931,21.98635496,0 86.61807330,21.98635142,0 86.61813099,21.98633629,0 86.61820291,21.98632026,0 86.61810763,21.98639651,0 86.61801997,21.98644816,0</coordinates></LinearRing></innerBoundaryIs><innerBoundaryIs><LinearRing><coordinates>86.62064886,21.98719946,0 86.62058860,21.98726652,0 86.62051571,21.98724544,0 86.62051711,21.98718782,0 86.62055687,21.98712409,0 86.62056066,21.98712399,0 86.62063415,21.98707715,0 86.62067362,21.98713476,0 86.62064884,21.98719936,0 86.62064886,21.98719946,0</coordinates></LinearRing></innerBoundaryIs><innerBoundaryIs><LinearRing><coordinates>86.61960453,21.98713422,0 86.61968515,21.98706070,0 86.61968193,21.98699779,0 86.61969309,21.98695326,0 86.61969611,21.98695326,0 86.61975587,21.98697372,0 86.61975891,21.98697372,0 86.61974862,21.98700817,0 86.61960453,21.98713422,0</coordinates></LinearRing></innerBoundaryIs><innerBoundaryIs><LinearRing><coordinates>86.61978307,21.98654046,0 86.61993594,21.98640180,0 86.61988308,21.98632165,0 86.61992362,21.98626604,0 86.61998546,21.98629838,0 86.61999884,21.98634974,0 86.61978307,21.98654046,0</coordinates></LinearRing></innerBoundaryIs><innerBoundaryIs><LinearRing><coordinates>86.62071841,21.98580650,0 86.62074791,21.98585970,0 86.62076797,21.98592235,0 86.62072279,21.98595221,0 86.62068513,21.98595096,0 86.62065562,21.98591001,0 86.62065047,21.98591346,0 86.62064101,21.98588764,0 86.62068172,21.98581672,0 86.62068374,21.98581470,0 86.62071841,21.98580650,0</coordinates></LinearRing></innerBoundaryIs><innerBoundaryIs><LinearRing><coordinates>86.62055077,21.98598036,0 86.62043372,21.98605891,0 86.62049710,21.98609203,0 86.62044972,21.98616232,0 86.62039205,21.98618691,0 86.62037215,21.98614405,0 86.62037009,21.98609531,0 86.62041416,21.98606738,0 86.62055077,21.98598036,0</coordinates></LinearRing></innerBoundaryIs></Polygon></MultiGeometry>
		</Placemark>
		<Placemark id="ID_00005">
			<name>764485701</name>
			<Snippet maxLines="0"/>
			<description>&lt;html xmlns:fo="http://www.w3.org/1999/XSL/Format" xmlns:msxsl="urn:schemas-microsoft-com:xslt"&gt;

&lt;head&gt;

&lt;META http-equiv="Content-Type" content="text/html"&gt;

&lt;meta http-equiv="content-type" content="text/html; charset=UTF-8"&gt;

&lt;/head&gt;

&lt;body style="margin:0px 0px 0px 0px;overflow:auto;background:#FFFFFF;"&gt;

&lt;table style="font-family:Arial,Verdana,Times;font-size:12px;text-align:left;width:100%;border-collapse:collapse;padding:3px 3px 3px 3px"&gt;

&lt;tr style="text-align:center;font-weight:bold;background:#9CBCE2"&gt;

&lt;td&gt;764485701&lt;/td&gt;

&lt;/tr&gt;

&lt;tr&gt;

&lt;td&gt;

&lt;table style="font-family:Arial,Verdana,Times;font-size:12px;text-align:left;width:100%;border-spacing:0px; padding:3px 3px 3px 3px"&gt;

&lt;tr&gt;

&lt;td&gt;SHAPE&lt;/td&gt;

&lt;td&gt;Polygon&lt;/td&gt;

&lt;/tr&gt;

&lt;tr bgcolor="#D4E4F3"&gt;

&lt;td&gt;Name&lt;/td&gt;

&lt;td&gt;764485701&lt;/td&gt;

&lt;/tr&gt;

&lt;tr&gt;

&lt;td&gt;farmername&lt;/td&gt;

&lt;td&gt;Tala Murmu&lt;/td&gt;

&lt;/tr&gt;

&lt;tr bgcolor="#D4E4F3"&gt;

&lt;td&gt;state&lt;/td&gt;

&lt;td&gt;Odisha&lt;/td&gt;

&lt;/tr&gt;

&lt;tr&gt;

&lt;td&gt;district&lt;/td&gt;

&lt;td&gt;Mayurbhanj&lt;/td&gt;

&lt;/tr&gt;

&lt;tr bgcolor="#D4E4F3"&gt;

&lt;td&gt;block&lt;/td&gt;

&lt;td&gt;Samakhunta&lt;/td&gt;

&lt;/tr&gt;

&lt;tr&gt;

&lt;td&gt;grampanchayat&lt;/td&gt;

&lt;td&gt;Kendua&lt;/td&gt;

&lt;/tr&gt;

&lt;tr bgcolor="#D4E4F3"&gt;

&lt;td&gt;village&lt;/td&gt;

&lt;td&gt;Karamghutu&lt;/td&gt;

&lt;/tr&gt;

&lt;tr&gt;

&lt;td&gt;_id&lt;/td&gt;

&lt;td&gt;764485701&lt;/td&gt;

&lt;/tr&gt;

&lt;tr bgcolor="#D4E4F3"&gt;

&lt;td&gt;latitude&lt;/td&gt;

&lt;td&gt;21.878&lt;/td&gt;

&lt;/tr&gt;

&lt;tr&gt;

&lt;td&gt;longitude&lt;/td&gt;

&lt;td&gt;86.625&lt;/td&gt;

&lt;/tr&gt;

&lt;tr bgcolor="#D4E4F3"&gt;

&lt;td&gt;area_ha&lt;/td&gt;

&lt;td&gt;5.598&lt;/td&gt;

&lt;/tr&gt;

&lt;tr&gt;

&lt;td&gt;LP_id&lt;/td&gt;

&lt;td&gt;LP6&lt;/td&gt;

&lt;/tr&gt;

&lt;tr bgcolor="#D4E4F3"&gt;

&lt;td&gt;Plantation_year&lt;/td&gt;

&lt;td&gt;2025&lt;/td&gt;

&lt;/tr&gt;

&lt;tr&gt;

&lt;td&gt;SHAPE_Length&lt;/td&gt;

&lt;td&gt;2861.876696&lt;/td&gt;

&lt;/tr&gt;

&lt;tr bgcolor="#D4E4F3"&gt;

&lt;td&gt;SHAPE_Area&lt;/td&gt;

&lt;td&gt;55935.968231&lt;/td&gt;

&lt;/tr&gt;

&lt;/table&gt;

&lt;/td&gt;

&lt;/tr&gt;

&lt;/table&gt;

&lt;/body&gt;

&lt;/html&gt;</description>
			<styleUrl>#PolyStyle00</styleUrl>
			<MultiGeometry>
				<Polygon><outerBoundaryIs><LinearRing><coordinates>86.62374612,21.87912899,0 86.62370544,21.87917488,0 86.62375169,21.87922897,0 86.62377735,21.87922897,0 86.62383335,21.87922897,0 86.62387825,21.87917975,0 86.62390755,21.87911942,0 86.62401113,21.87905803,0 86.62407760,21.87904638,0 86.62408438,21.87904638,0 86.62423362,21.87904173,0 86.62437692,21.87910275,0 86.62442883,21.87916757,0 86.62454844,21.87913616,0 86.62466306,21.87920177,0 86.62473038,21.87925387,0 86.62478104,21.87937143,0 86.62485774,21.87937403,0 86.62499675,21.87937664,0 86.62505112,21.87934545,0 86.62505826,21.87934545,0 86.62510490,21.87935840,0 86.62511817,21.87943537,0 86.62538028,21.87950886,0 86.62542370,21.87945975,0 86.62534994,21.87939174,0 86.62537038,21.87932933,0 86.62544266,21.87924410,0 86.62553297,21.87919732,0 86.62562535,21.87912333,0 86.62562945,21.87911874,0 86.62576680,21.87909127,0 86.62577982,21.87909127,0 86.62590591,21.87904129,0 86.62607722,21.87898283,0 86.62610635,21.87888977,0 86.62615367,21.87885475,0 86.62630744,21.87882863,0 86.62650520,21.87861607,0 86.62652918,21.87855401,0 86.62645719,21.87839615,0 86.62655386,21.87831319,0 86.62653582,21.87827704,0 86.62655480,21.87823463,0 86.62658660,21.87821974,0 86.62664047,21.87823912,0 86.62670789,21.87826481,0 86.62674736,21.87836421,0 86.62678892,21.87826327,0 86.62681682,21.87817235,0 86.62686701,21.87805891,0 86.62697608,21.87790509,0 86.62713784,21.87783276,0 86.62725399,21.87769228,0 86.62712867,21.87767940,0 86.62699407,21.87762407,0 86.62699037,21.87762407,0 86.62693164,21.87754474,0 86.62699524,21.87750369,0 86.62705604,21.87740315,0 86.62698197,21.87731320,0 86.62687641,21.87721057,0 86.62677620,21.87715857,0 86.62669084,21.87707130,0 86.62665592,21.87699680,0 86.62666620,21.87693429,0 86.62670480,21.87683276,0 86.62686218,21.87678319,0 86.62668397,21.87673441,0 86.62658388,21.87663597,0 86.62655148,21.87662972,0 86.62649683,21.87666107,0 86.62640843,21.87687299,0 86.62632978,21.87688652,0 86.62628509,21.87695221,0 86.62632084,21.87705319,0 86.62631975,21.87711773,0 86.62633117,21.87722797,0 86.62633725,21.87729726,0 86.62627167,21.87729261,0 86.62621034,21.87717428,0 86.62613091,21.87700357,0 86.62609359,21.87691016,0 86.62606018,21.87681166,0 86.62586331,21.87674571,0 86.62589815,21.87694791,0 86.62586017,21.87674874,0 86.62561769,21.87688526,0 86.62561879,21.87694601,0 86.62567329,21.87707936,0 86.62560590,21.87717252,0 86.62554712,21.87726180,0 86.62565667,21.87731301,0 86.62571613,21.87737441,0 86.62571079,21.87743306,0 86.62581699,21.87751012,0 86.62593485,21.87740694,0 86.62597799,21.87746633,0 86.62603166,21.87753075,0 86.62607419,21.87762252,0 86.62612975,21.87770904,0 86.62610226,21.87778322,0 86.62613499,21.87784919,0 86.62625564,21.87782877,0 86.62630384,21.87782883,0 86.62632174,21.87783113,0 86.62639631,21.87789544,0 86.62631590,21.87796947,0 86.62630310,21.87796945,0 86.62629287,21.87796944,0 86.62630833,21.87802329,0 86.62635044,21.87808726,0 86.62635820,21.87808728,0 86.62645367,21.87811874,0 86.62646147,21.87811877,0 86.62654190,21.87811664,0 86.62655753,21.87811669,0 86.62658504,21.87813367,0 86.62656457,21.87816991,0 86.62651581,21.87818187,0 86.62649751,21.87821598,0 86.62643108,21.87820347,0 86.62632471,21.87817387,0 86.62631129,21.87816658,0 86.62625124,21.87811108,0 86.62623567,21.87821253,0 86.62628906,21.87818597,0 86.62636275,21.87823989,0 86.62637096,21.87824485,0 86.62638302,21.87833972,0 86.62629665,21.87847748,0 86.62624813,21.87847449,0 86.62623170,21.87846914,0 86.62619472,21.87843256,0 86.62618299,21.87836123,0 86.62618708,21.87828618,0 86.62618946,21.87828123,0 86.62619407,21.87826886,0 86.62617085,21.87822203,0 86.62609692,21.87819283,0 86.62606317,21.87826380,0 86.62584913,21.87841168,0 86.62590036,21.87845010,0 86.62592684,21.87854868,0 86.62588215,21.87859804,0 86.62578199,21.87856827,0 86.62574168,21.87857025,0 86.62583660,21.87861868,0 86.62587289,21.87867739,0 86.62583323,21.87875176,0 86.62577575,21.87875044,0 86.62571562,21.87873559,0 86.62565581,21.87864963,0 86.62565042,21.87864428,0 86.62571223,21.87859052,0 86.62571762,21.87859322,0 86.62575759,21.87854215,0 86.62573030,21.87846234,0 86.62583049,21.87840410,0 86.62605776,21.87825885,0 86.62606353,21.87819313,0 86.62597374,21.87811630,0 86.62592367,21.87805441,0 86.62585159,21.87798591,0 86.62581254,21.87800185,0 86.62578853,21.87805211,0 86.62573055,21.87816937,0 86.62569158,21.87824348,0 86.62555309,21.87830798,0 86.62545406,21.87835824,0 86.62533061,21.87840304,0 86.62527363,21.87848569,0 86.62532034,21.87849348,0 86.62523430,21.87849658,0 86.62509767,21.87846660,0 86.62499110,21.87844647,0 86.62493730,21.87858097,0 86.62487397,21.87871425,0 86.62482320,21.87881109,0 86.62484669,21.87890955,0 86.62486375,21.87900301,0 86.62486612,21.87900793,0 86.62485742,21.87913865,0 86.62494318,21.87929833,0 86.62490447,21.87933729,0 86.62486527,21.87925138,0 86.62485824,21.87922190,0 86.62485108,21.87919982,0 86.62484383,21.87918266,0 86.62484403,21.87917288,0 86.62480501,21.87902765,0 86.62477840,21.87884668,0 86.62494477,21.87846708,0 86.62492783,21.87839827,0 86.62492807,21.87839507,0 86.62504758,21.87833261,0 86.62505301,21.87833292,0 86.62515322,21.87829461,0 86.62519337,21.87812990,0 86.62519657,21.87811796,0 86.62519977,21.87810606,0 86.62512245,21.87801337,0 86.62511953,21.87801902,0 86.62511131,21.87812182,0 86.62511045,21.87813696,0 86.62511241,21.87814927,0 86.62503814,21.87818506,0 86.62492989,21.87816595,0 86.62491050,21.87810849,0 86.62488617,21.87804951,0 86.62494691,21.87783937,0 86.62494514,21.87782850,0 86.62496410,21.87757155,0 86.62496448,21.87756648,0 86.62505448,21.87744408,0 86.62456699,21.87748598,0 86.62455964,21.87748598,0 86.62419671,21.87754094,0 86.62417358,21.87759355,0 86.62422513,21.87758460,0 86.62425728,21.87762563,0 86.62426221,21.87763588,0 86.62423010,21.87766234,0 86.62422109,21.87765874,0 86.62417886,21.87764422,0 86.62416056,21.87759663,0 86.62419310,21.87752131,0 86.62389223,21.87750123,0 86.62381755,21.87751676,0 86.62380749,21.87757124,0 86.62375269,21.87762410,0 86.62369726,21.87764199,0 86.62363525,21.87763005,0 86.62350512,21.87763005,0 86.62349946,21.87763005,0 86.62334399,21.87768125,0 86.62331950,21.87771190,0 86.62336506,21.87784191,0 86.62334067,21.87794852,0 86.62333837,21.87796560,0 86.62336395,21.87803163,0 86.62333831,21.87809583,0 86.62339713,21.87818404,0 86.62339498,21.87819153,0 86.62336137,21.87826379,0 86.62340322,21.87826378,0 86.62343243,21.87835800,0 86.62347128,21.87842272,0 86.62347460,21.87842272,0 86.62349607,21.87845567,0 86.62347067,21.87859599,0 86.62348721,21.87873916,0 86.62359931,21.87869363,0 86.62364721,21.87872999,0 86.62362425,21.87880407,0 86.62359567,21.87884049,0 86.62359693,21.87884538,0 86.62360858,21.87889975,0 86.62367024,21.87890725,0 86.62366413,21.87897305,0 86.62366067,21.87901430,0 86.62361235,21.87903248,0 86.62364933,21.87911704,0 86.62368008,21.87911199,0 86.62374612,21.87912899,0</coordinates></LinearRing></outerBoundaryIs><innerBoundaryIs><LinearRing><coordinates>86.62374612,21.87912899,0 86.62383216,21.87907913,0 86.62380127,21.87903479,0 86.62386326,21.87900133,0 86.62386564,21.87900133,0 86.62389503,21.87907198,0 86.62383415,21.87908149,0 86.62374612,21.87912899,0</coordinates></LinearRing></innerBoundaryIs><innerBoundaryIs><LinearRing><coordinates>86.62589901,21.87695246,0 86.62594652,21.87694923,0 86.62600405,21.87694277,0 86.62602477,21.87694600,0 86.62609510,21.87700789,0 86.62606032,21.87711467,0 86.62618070,21.87747740,0 86.62621476,21.87743503,0 86.62629432,21.87744304,0 86.62630532,21.87744705,0 86.62637467,21.87752828,0 86.62632479,21.87763255,0 86.62619997,21.87754476,0 86.62605685,21.87711103,0 86.62597287,21.87713180,0 86.62590896,21.87700461,0 86.62589901,21.87695246,0</coordinates></LinearRing></innerBoundaryIs></Polygon></MultiGeometry>
		</Placemark>
		<Placemark id="ID_00006">
			<name>763614779</name>
			<Snippet maxLines="0"/>
			<description>&lt;html xmlns:fo="http://www.w3.org/1999/XSL/Format" xmlns:msxsl="urn:schemas-microsoft-com:xslt"&gt;

&lt;head&gt;

&lt;META http-equiv="Content-Type" content="text/html"&gt;

&lt;meta http-equiv="content-type" content="text/html; charset=UTF-8"&gt;

&lt;/head&gt;

&lt;body style="margin:0px 0px 0px 0px;overflow:auto;background:#FFFFFF;"&gt;

&lt;table style="font-family:Arial,Verdana,Times;font-size:12px;text-align:left;width:100%;border-collapse:collapse;padding:3px 3px 3px 3px"&gt;

&lt;tr style="text-align:center;font-weight:bold;background:#9CBCE2"&gt;

&lt;td&gt;763614779&lt;/td&gt;

&lt;/tr&gt;

&lt;tr&gt;

&lt;td&gt;

&lt;table style="font-family:Arial,Verdana,Times;font-size:12px;text-align:left;width:100%;border-spacing:0px; padding:3px 3px 3px 3px"&gt;

&lt;tr&gt;

&lt;td&gt;SHAPE&lt;/td&gt;

&lt;td&gt;Polygon&lt;/td&gt;

&lt;/tr&gt;

&lt;tr bgcolor="#D4E4F3"&gt;

&lt;td&gt;Name&lt;/td&gt;

&lt;td&gt;763614779&lt;/td&gt;

&lt;/tr&gt;

&lt;tr&gt;

&lt;td&gt;farmername&lt;/td&gt;

&lt;td&gt;Dukhia Marndi&lt;/td&gt;

&lt;/tr&gt;

&lt;tr bgcolor="#D4E4F3"&gt;

&lt;td&gt;state&lt;/td&gt;

&lt;td&gt;Odisha&lt;/td&gt;

&lt;/tr&gt;

&lt;tr&gt;

&lt;td&gt;district&lt;/td&gt;

&lt;td&gt;Mayurbhanj&lt;/td&gt;

&lt;/tr&gt;

&lt;tr bgcolor="#D4E4F3"&gt;

&lt;td&gt;block&lt;/td&gt;

&lt;td&gt;Bangirposi&lt;/td&gt;

&lt;/tr&gt;

&lt;tr&gt;

&lt;td&gt;grampanchayat&lt;/td&gt;

&lt;td&gt;Bhuasuni&lt;/td&gt;

&lt;/tr&gt;

&lt;tr bgcolor="#D4E4F3"&gt;

&lt;td&gt;village&lt;/td&gt;

&lt;td&gt;Bhuasuni&lt;/td&gt;

&lt;/tr&gt;

&lt;tr&gt;

&lt;td&gt;_id&lt;/td&gt;

&lt;td&gt;763614779&lt;/td&gt;

&lt;/tr&gt;

&lt;tr bgcolor="#D4E4F3"&gt;

&lt;td&gt;latitude&lt;/td&gt;

&lt;td&gt;22.053&lt;/td&gt;

&lt;/tr&gt;

&lt;tr&gt;

&lt;td&gt;longitude&lt;/td&gt;

&lt;td&gt;86.552&lt;/td&gt;

&lt;/tr&gt;

&lt;tr bgcolor="#D4E4F3"&gt;

&lt;td&gt;area_ha&lt;/td&gt;

&lt;td&gt;7.2&lt;/td&gt;

&lt;/tr&gt;

&lt;tr&gt;

&lt;td&gt;LP_id&lt;/td&gt;

&lt;td&gt;LP7&lt;/td&gt;

&lt;/tr&gt;

&lt;tr bgcolor="#D4E4F3"&gt;

&lt;td&gt;Plantation_year&lt;/td&gt;

&lt;td&gt;2025&lt;/td&gt;

&lt;/tr&gt;

&lt;tr&gt;

&lt;td&gt;SHAPE_Length&lt;/td&gt;

&lt;td&gt;1905.050061&lt;/td&gt;

&lt;/tr&gt;

&lt;tr bgcolor="#D4E4F3"&gt;

&lt;td&gt;SHAPE_Area&lt;/td&gt;

&lt;td&gt;71947.608027&lt;/td&gt;

&lt;/tr&gt;

&lt;/table&gt;

&lt;/td&gt;

&lt;/tr&gt;

&lt;/table&gt;

&lt;/body&gt;

&lt;/html&gt;</description>
			<styleUrl>#PolyStyle00</styleUrl>
			<MultiGeometry>
				<Polygon><outerBoundaryIs><LinearRing><coordinates>86.55139120,22.05256135,0 86.55236401,22.05230880,0 86.55234166,22.05218599,0 86.55235334,22.05212045,0 86.55288794,22.05199229,0 86.55300659,22.05195041,0 86.55278140,22.05122969,0 86.55274537,22.05116803,0 86.55271727,22.05108008,0 86.55264360,22.05110187,0 86.55265783,22.05117360,0 86.55257081,22.05123534,0 86.55252395,22.05121277,0 86.55249498,22.05114585,0 86.55209744,22.05122403,0 86.55206711,22.05116802,0 86.55192853,22.05113948,0 86.55120574,22.05104668,0 86.55089491,22.05099408,0 86.55070002,22.05098792,0 86.55011529,22.05102520,0 86.55014691,22.05133264,0 86.55047437,22.05132680,0 86.55050279,22.05148149,0 86.55058399,22.05164632,0 86.55050445,22.05183231,0 86.55059970,22.05206833,0 86.55065925,22.05226731,0 86.55064166,22.05235739,0 86.55064192,22.05243705,0 86.55054630,22.05279650,0 86.55053720,22.05279500,0 86.55050000,22.05292160,0 86.55039724,22.05310091,0 86.55044445,22.05326897,0 86.55062736,22.05408794,0 86.55150727,22.05389445,0 86.55135416,22.05318308,0 86.55124776,22.05266422,0 86.55139089,22.05255945,0 86.55139120,22.05256135,0</coordinates></LinearRing></outerBoundaryIs></Polygon><Polygon><outerBoundaryIs><LinearRing><coordinates>86.55141617,22.05271457,0 86.55160848,22.05389445,0 86.55203259,22.05382047,0 86.55206781,22.05400209,0 86.55214137,22.05401299,0 86.55222860,22.05400209,0 86.55267331,22.05391579,0 86.55308314,22.05384150,0 86.55328659,22.05381000,0 86.55316402,22.05321464,0 86.55302736,22.05311033,0 86.55294972,22.05302985,0 86.55285832,22.05298575,0 86.55266986,22.05300333,0 86.55257546,22.05304761,0 86.55251646,22.05290745,0 86.55242111,22.05269697,0 86.55240504,22.05242623,0 86.55141617,22.05271457,0</coordinates></LinearRing></outerBoundaryIs></Polygon></MultiGeometry>
		</Placemark>
		<Placemark id="ID_00007">
			<name>764487572</name>
			<Snippet maxLines="0"/>
			<description>&lt;html xmlns:fo="http://www.w3.org/1999/XSL/Format" xmlns:msxsl="urn:schemas-microsoft-com:xslt"&gt;

&lt;head&gt;

&lt;META http-equiv="Content-Type" content="text/html"&gt;

&lt;meta http-equiv="content-type" content="text/html; charset=UTF-8"&gt;

&lt;/head&gt;

&lt;body style="margin:0px 0px 0px 0px;overflow:auto;background:#FFFFFF;"&gt;

&lt;table style="font-family:Arial,Verdana,Times;font-size:12px;text-align:left;width:100%;border-collapse:collapse;padding:3px 3px 3px 3px"&gt;

&lt;tr style="text-align:center;font-weight:bold;background:#9CBCE2"&gt;

&lt;td&gt;764487572&lt;/td&gt;

&lt;/tr&gt;

&lt;tr&gt;

&lt;td&gt;

&lt;table style="font-family:Arial,Verdana,Times;font-size:12px;text-align:left;width:100%;border-spacing:0px; padding:3px 3px 3px 3px"&gt;

&lt;tr&gt;

&lt;td&gt;SHAPE&lt;/td&gt;

&lt;td&gt;Polygon&lt;/td&gt;

&lt;/tr&gt;

&lt;tr bgcolor="#D4E4F3"&gt;

&lt;td&gt;Name&lt;/td&gt;

&lt;td&gt;764487572&lt;/td&gt;

&lt;/tr&gt;

&lt;tr&gt;

&lt;td&gt;farmername&lt;/td&gt;

&lt;td&gt;Lachhamini Majhi&lt;/td&gt;

&lt;/tr&gt;

&lt;tr bgcolor="#D4E4F3"&gt;

&lt;td&gt;state&lt;/td&gt;

&lt;td&gt;Odisha&lt;/td&gt;

&lt;/tr&gt;

&lt;tr&gt;

&lt;td&gt;district&lt;/td&gt;

&lt;td&gt;Mayurbhanj&lt;/td&gt;

&lt;/tr&gt;

&lt;tr bgcolor="#D4E4F3"&gt;

&lt;td&gt;block&lt;/td&gt;

&lt;td&gt;Samakhunta&lt;/td&gt;

&lt;/tr&gt;

&lt;tr&gt;

&lt;td&gt;grampanchayat&lt;/td&gt;

&lt;td&gt;Kendua&lt;/td&gt;

&lt;/tr&gt;

&lt;tr bgcolor="#D4E4F3"&gt;

&lt;td&gt;village&lt;/td&gt;

&lt;td&gt;Kendujhari&lt;/td&gt;

&lt;/tr&gt;

&lt;tr&gt;

&lt;td&gt;_id&lt;/td&gt;

&lt;td&gt;764487572&lt;/td&gt;

&lt;/tr&gt;

&lt;tr bgcolor="#D4E4F3"&gt;

&lt;td&gt;latitude&lt;/td&gt;

&lt;td&gt;21.886&lt;/td&gt;

&lt;/tr&gt;

&lt;tr&gt;

&lt;td&gt;longitude&lt;/td&gt;

&lt;td&gt;86.604&lt;/td&gt;

&lt;/tr&gt;

&lt;tr bgcolor="#D4E4F3"&gt;

&lt;td&gt;area_ha&lt;/td&gt;

&lt;td&gt;36.137&lt;/td&gt;

&lt;/tr&gt;

&lt;tr&gt;

&lt;td&gt;LP_id&lt;/td&gt;

&lt;td&gt;LP8&lt;/td&gt;

&lt;/tr&gt;

&lt;tr bgcolor="#D4E4F3"&gt;

&lt;td&gt;Plantation_year&lt;/td&gt;

&lt;td&gt;2025&lt;/td&gt;

&lt;/tr&gt;

&lt;tr&gt;

&lt;td&gt;SHAPE_Length&lt;/td&gt;

&lt;td&gt;9321.966167&lt;/td&gt;

&lt;/tr&gt;

&lt;tr bgcolor="#D4E4F3"&gt;

&lt;td&gt;SHAPE_Area&lt;/td&gt;

&lt;td&gt;361093.827626&lt;/td&gt;

&lt;/tr&gt;

&lt;/table&gt;

&lt;/td&gt;

&lt;/tr&gt;

&lt;/table&gt;

&lt;/body&gt;

&lt;/html&gt;</description>
			<styleUrl>#PolyStyle00</styleUrl>
			<MultiGeometry>
				<Polygon><outerBoundaryIs><LinearRing><coordinates>86.60073087,21.88838456,0 86.60057122,21.88840146,0 86.60055993,21.88846744,0 86.60051226,21.88848495,0 86.60050267,21.88868080,0 86.60057735,21.88871981,0 86.60067086,21.88875729,0 86.60066183,21.88864642,0 86.60067698,21.88858144,0 86.60067947,21.88857133,0 86.60068182,21.88856527,0 86.60071817,21.88856734,0 86.60072245,21.88856735,0 86.60074767,21.88858356,0 86.60076322,21.88863842,0 86.60077888,21.88869362,0 86.60077516,21.88874714,0 86.60072005,21.88877603,0 86.60057065,21.88872794,0 86.60055999,21.88891352,0 86.60055790,21.88901185,0 86.60059918,21.88910627,0 86.60069920,21.88918778,0 86.60080563,21.88900798,0 86.60088742,21.88897476,0 86.60099906,21.88885711,0 86.60095741,21.88874509,0 86.60100436,21.88864882,0 86.60100664,21.88864068,0 86.60108197,21.88865098,0 86.60108842,21.88865303,0 86.60109272,21.88865507,0 86.60109883,21.88869787,0 86.60106784,21.88876357,0 86.60114355,21.88878481,0 86.60124210,21.88878826,0 86.60127792,21.88873032,0 86.60128841,21.88867517,0 86.60122345,21.88871352,0 86.60114972,21.88862337,0 86.60116786,21.88856194,0 86.60123672,21.88855855,0 86.60124358,21.88855855,0 86.60128465,21.88861993,0 86.60130968,21.88877354,0 86.60133819,21.88877906,0 86.60139854,21.88876893,0 86.60146036,21.88878965,0 86.60150948,21.88867793,0 86.60156237,21.88867714,0 86.60158907,21.88867083,0 86.60157197,21.88859516,0 86.60156957,21.88859510,0 86.60151893,21.88851931,0 86.60161409,21.88846545,0 86.60178586,21.88841093,0 86.60185826,21.88844858,0 86.60206573,21.88851940,0 86.60216825,21.88862102,0 86.60230710,21.88854949,0 86.60245460,21.88842010,0 86.60270302,21.88832026,0 86.60273945,21.88839361,0 86.60282033,21.88848030,0 86.60300045,21.88853866,0 86.60311005,21.88857108,0 86.60320950,21.88870800,0 86.60345070,21.88874951,0 86.60347699,21.88866125,0 86.60362191,21.88865817,0 86.60363168,21.88852998,0 86.60357065,21.88848099,0 86.60360982,21.88840669,0 86.60368756,21.88837240,0 86.60363207,21.88852114,0 86.60364857,21.88867169,0 86.60372408,21.88872079,0 86.60381954,21.88885944,0 86.60376920,21.88885150,0 86.60409850,21.88894120,0 86.60415840,21.88890167,0 86.60415126,21.88886223,0 86.60414394,21.88885241,0 86.60419950,21.88880722,0 86.60428856,21.88883177,0 86.60427194,21.88888372,0 86.60415469,21.88896116,0 86.60445203,21.88897997,0 86.60454673,21.88906059,0 86.60461144,21.88903113,0 86.60474035,21.88903088,0 86.60475423,21.88903104,0 86.60486520,21.88905935,0 86.60501810,21.88915871,0 86.60503696,21.88906013,0 86.60512056,21.88908209,0 86.60512984,21.88908651,0 86.60520885,21.88913541,0 86.60516234,21.88920360,0 86.60515299,21.88927171,0 86.60523688,21.88923515,0 86.60529299,21.88930404,0 86.60535630,21.88941980,0 86.60563532,21.88927530,0 86.60619252,21.88911800,0 86.60633963,21.88915458,0 86.60631782,21.88905350,0 86.60632347,21.88894359,0 86.60609527,21.88883334,0 86.60607179,21.88881962,0 86.60606257,21.88881965,0 86.60579845,21.88878218,0 86.60579860,21.88861519,0 86.60578932,21.88861055,0 86.60565703,21.88864164,0 86.60543721,21.88863701,0 86.60536829,21.88859641,0 86.60517172,21.88858190,0 86.60469514,21.88856738,0 86.60459690,21.88847483,0 86.60459732,21.88845251,0 86.60455579,21.88828216,0 86.60455219,21.88824221,0 86.60455239,21.88823337,0 86.60445007,21.88819650,0 86.60443168,21.88821386,0 86.60443807,21.88831547,0 86.60443764,21.88833313,0 86.60443743,21.88834197,0 86.60440157,21.88853166,0 86.60439677,21.88854484,0 86.60425984,21.88862927,0 86.60412996,21.88858292,0 86.60412087,21.88858290,0 86.60410114,21.88847295,0 86.60421033,21.88844310,0 86.60421926,21.88844335,0 86.60428841,21.88837013,0 86.60429740,21.88837028,0 86.60432283,21.88826063,0 86.60433277,21.88822563,0 86.60424044,21.88816770,0 86.60423151,21.88816760,0 86.60400991,21.88818985,0 86.60406484,21.88831147,0 86.60406883,21.88832892,0 86.60402093,21.88842473,0 86.60401616,21.88843346,0 86.60392444,21.88846845,0 86.60383056,21.88842483,0 86.60388141,21.88824677,0 86.60386333,21.88810871,0 86.60401463,21.88805132,0 86.60425221,21.88807634,0 86.60441779,21.88806054,0 86.60451587,21.88788789,0 86.60453373,21.88788375,0 86.60460344,21.88795338,0 86.60478889,21.88811138,0 86.60498134,21.88829640,0 86.60517630,21.88835548,0 86.60539829,21.88838275,0 86.60566516,21.88837713,0 86.60586399,21.88832624,0 86.60600571,21.88834590,0 86.60626964,21.88838099,0 86.60624256,21.88851460,0 86.60636453,21.88851715,0 86.60657371,21.88847314,0 86.60670454,21.88859505,0 86.60675343,21.88812356,0 86.60647693,21.88782712,0 86.60651238,21.88755886,0 86.60655932,21.88724710,0 86.60656188,21.88724865,0 86.60660320,21.88699201,0 86.60690991,21.88674755,0 86.60710613,21.88656023,0 86.60870509,21.88654343,0 86.60888536,21.88656026,0 86.60883367,21.88484846,0 86.60882612,21.88458075,0 86.60797141,21.88456760,0 86.60797039,21.88409708,0 86.60778427,21.88403575,0 86.60765906,21.88410941,0 86.60757886,21.88398706,0 86.60755499,21.88385482,0 86.60757841,21.88361034,0 86.60723890,21.88375981,0 86.60724154,21.88376210,0 86.60725146,21.88376671,0 86.60728034,21.88377371,0 86.60734325,21.88380210,0 86.60734968,21.88382772,0 86.60733331,21.88387451,0 86.60732725,21.88388154,0 86.60726427,21.88389028,0 86.60723780,21.88383587,0 86.60723748,21.88383353,0 86.60723163,21.88375750,0 86.60756897,21.88359742,0 86.60707205,21.88352890,0 86.60652747,21.88344973,0 86.60620166,21.88340489,0 86.60581071,21.88354652,0 86.60572157,21.88352488,0 86.60518309,21.88350356,0 86.60516225,21.88390073,0 86.60517557,21.88392232,0 86.60519494,21.88396783,0 86.60519621,21.88402717,0 86.60519489,21.88403468,0 86.60516574,21.88406291,0 86.60507559,21.88404186,0 86.60508282,21.88397310,0 86.60498532,21.88399920,0 86.60465131,21.88397494,0 86.60461193,21.88403816,0 86.60463684,21.88408070,0 86.60463883,21.88408070,0 86.60468211,21.88414069,0 86.60465376,21.88416227,0 86.60463764,21.88416227,0 86.60456742,21.88415063,0 86.60451861,21.88416637,0 86.60446494,21.88419578,0 86.60446071,21.88419977,0 86.60434634,21.88418666,0 86.60436556,21.88421650,0 86.60433900,21.88417653,0 86.60428438,21.88426215,0 86.60422983,21.88425896,0 86.60422594,21.88425687,0 86.60419364,21.88423383,0 86.60405708,21.88423846,0 86.60402914,21.88422458,0 86.60400705,21.88426183,0 86.60403211,21.88430708,0 86.60405850,21.88440369,0 86.60401113,21.88440952,0 86.60397467,21.88438557,0 86.60396180,21.88437838,0 86.60394908,21.88437351,0 86.60390250,21.88438861,0 86.60383426,21.88442685,0 86.60375838,21.88437562,0 86.60372237,21.88429841,0 86.60368713,21.88440065,0 86.60373177,21.88475989,0 86.60376951,21.88480156,0 86.60378147,21.88485463,0 86.60386319,21.88490797,0 86.60386876,21.88491346,0 86.60389759,21.88496014,0 86.60388765,21.88498201,0 86.60406807,21.88508724,0 86.60412698,21.88506263,0 86.60416841,21.88510002,0 86.60414922,21.88517726,0 86.60409838,21.88512755,0 86.60407765,21.88510727,0 86.60388233,21.88498471,0 86.60384681,21.88497623,0 86.60380220,21.88492752,0 86.60379407,21.88492488,0 86.60373718,21.88489827,0 86.60373012,21.88480990,0 86.60368215,21.88439832,0 86.60365989,21.88440059,0 86.60333486,21.88453299,0 86.60331887,21.88460560,0 86.60336082,21.88485972,0 86.60344712,21.88481414,0 86.60353178,21.88481919,0 86.60352313,21.88488356,0 86.60348239,21.88492179,0 86.60338400,21.88497417,0 86.60347190,21.88506049,0 86.60348987,21.88514329,0 86.60344136,21.88520761,0 86.60335035,21.88516511,0 86.60332403,21.88505300,0 86.60337552,21.88498529,0 86.60331596,21.88461320,0 86.60313950,21.88466515,0 86.60331120,21.88460556,0 86.60331579,21.88450832,0 86.60327112,21.88449604,0 86.60326092,21.88449849,0 86.60324791,21.88450584,0 86.60324008,21.88451069,0 86.60321535,21.88446439,0 86.60322648,21.88443748,0 86.60315191,21.88427163,0 86.60301422,21.88424644,0 86.60279742,21.88428426,0 86.60263446,21.88434772,0 86.60268168,21.88442460,0 86.60260590,21.88452835,0 86.60245262,21.88451531,0 86.60227380,21.88450520,0 86.60215289,21.88471345,0 86.60197937,21.88469195,0 86.60197903,21.88469258,0 86.60190262,21.88457535,0 86.60187556,21.88458455,0 86.60183042,21.88457648,0 86.60181985,21.88448375,0 86.60173569,21.88451532,0 86.60168973,21.88460863,0 86.60164965,21.88467177,0 86.60153597,21.88461321,0 86.60151363,21.88473216,0 86.60148822,21.88479779,0 86.60143719,21.88486941,0 86.60155236,21.88491679,0 86.60150988,21.88495297,0 86.60150597,21.88495659,0 86.60147454,21.88493722,0 86.60137036,21.88492748,0 86.60127834,21.88487580,0 86.60107380,21.88486215,0 86.60092440,21.88478310,0 86.60069440,21.88481260,0 86.60068248,21.88508369,0 86.60079563,21.88540962,0 86.60086590,21.88541507,0 86.60088988,21.88548102,0 86.60080367,21.88554242,0 86.60085360,21.88569709,0 86.60095004,21.88572636,0 86.60095100,21.88583346,0 86.60096925,21.88597432,0 86.60105136,21.88614743,0 86.60107330,21.88624288,0 86.60107483,21.88624216,0 86.60071393,21.88694054,0 86.60101915,21.88705602,0 86.60111579,21.88694699,0 86.60101845,21.88705858,0 86.60080971,21.88697738,0 86.60071771,21.88694263,0 86.60055199,21.88735438,0 86.60052121,21.88753748,0 86.60055222,21.88758672,0 86.60053846,21.88762517,0 86.60055177,21.88768976,0 86.60085644,21.88765455,0 86.60085970,21.88763123,0 86.60089443,21.88758961,0 86.60096530,21.88765536,0 86.60159391,21.88751190,0 86.60096239,21.88766178,0 86.60093948,21.88771111,0 86.60088573,21.88771907,0 86.60087374,21.88766544,0 86.60055138,21.88769188,0 86.60054898,21.88769491,0 86.60052782,21.88776377,0 86.60050201,21.88782501,0 86.60048985,21.88793892,0 86.60047361,21.88806237,0 86.60044524,21.88813220,0 86.60053599,21.88809152,0 86.60058058,21.88809152,0 86.60069034,21.88815882,0 86.60093019,21.88817716,0 86.60086659,21.88806652,0 86.60076922,21.88801813,0 86.60088213,21.88792664,0 86.60098647,21.88784919,0 86.60102435,21.88771403,0 86.60112542,21.88767808,0 86.60129040,21.88771038,0 86.60146045,21.88780941,0 86.60148407,21.88798666,0 86.60157281,21.88791365,0 86.60163952,21.88795841,0 86.60164432,21.88796404,0 86.60167880,21.88807812,0 86.60160549,21.88810899,0 86.60095431,21.88819597,0 86.60063732,21.88816977,0 86.60062107,21.88820724,0 86.60058180,21.88822050,0 86.60053105,21.88823383,0 86.60049931,21.88828008,0 86.60048910,21.88839332,0 86.60051679,21.88833907,0 86.60055128,21.88833907,0 86.60056957,21.88839942,0 86.60073087,21.88838456,0</coordinates></LinearRing></outerBoundaryIs><innerBoundaryIs><LinearRing><coordinates>86.60074389,21.88838336,0 86.60074581,21.88838318,0 86.60075997,21.88835902,0 86.60080865,21.88835302,0 86.60081442,21.88835302,0 86.60084059,21.88836103,0 86.60086699,21.88834503,0 86.60087811,21.88828201,0 86.60091420,21.88825684,0 86.60091798,21.88825684,0 86.60096407,21.88827230,0 86.60098914,21.88832298,0 86.60098733,21.88832319,0 86.60096913,21.88836705,0 86.60091386,21.88840960,0 86.60087074,21.88839128,0 86.60086390,21.88842600,0 86.60083173,21.88847999,0 86.60075258,21.88846535,0 86.60074389,21.88838336,0</coordinates></LinearRing></innerBoundaryIs><innerBoundaryIs><LinearRing><coordinates>86.60099731,21.88832205,0 86.60111413,21.88830546,0 86.60109643,21.88827423,0 86.60109133,21.88821859,0 86.60114053,21.88820345,0 86.60117932,21.88821859,0 86.60118637,21.88823573,0 86.60121831,21.88823573,0 86.60124361,21.88817530,0 86.60124923,21.88817157,0 86.60129931,21.88817343,0 86.60130488,21.88817343,0 86.60134769,21.88819591,0 86.60134606,21.88823764,0 86.60137958,21.88821289,0 86.60143254,21.88815670,0 86.60146779,21.88816041,0 86.60148986,21.88821100,0 86.60149733,21.88826454,0 86.60145682,21.88830349,0 86.60140671,21.88829518,0 86.60136783,21.88827284,0 86.60128097,21.88827921,0 86.60120310,21.88829838,0 86.60099731,21.88832205,0</coordinates></LinearRing></innerBoundaryIs><innerBoundaryIs><LinearRing><coordinates>86.60162802,21.88750381,0 86.60163469,21.88742703,0 86.60163501,21.88739110,0 86.60159759,21.88738489,0 86.60159365,21.88738321,0 86.60158374,21.88738370,0 86.60154416,21.88737627,0 86.60153837,21.88736905,0 86.60153855,21.88736155,0 86.60157481,21.88733188,0 86.60158272,21.88732966,0 86.60162432,21.88728773,0 86.60166332,21.88722058,0 86.60169199,21.88726471,0 86.60169199,21.88727011,0 86.60169007,21.88734125,0 86.60166047,21.88741531,0 86.60174344,21.88743670,0 86.60182942,21.88748423,0 86.60195629,21.88735986,0 86.60191555,21.88735842,0 86.60190353,21.88729750,0 86.60195987,21.88727827,0 86.60199619,21.88731126,0 86.60213441,21.88708026,0 86.60209450,21.88706042,0 86.60209263,21.88700609,0 86.60215513,21.88696874,0 86.60220147,21.88698164,0 86.60222180,21.88702722,0 86.60213797,21.88707859,0 86.60199458,21.88731679,0 86.60200841,21.88732237,0 86.60206620,21.88734684,0 86.60207056,21.88735261,0 86.60203839,21.88736409,0 86.60195873,21.88736935,0 86.60183361,21.88749209,0 86.60192963,21.88749660,0 86.60193013,21.88750843,0 86.60191981,21.88756999,0 86.60197936,21.88760236,0 86.60201594,21.88764464,0 86.60209196,21.88761346,0 86.60207947,21.88755236,0 86.60216011,21.88751008,0 86.60220796,21.88748601,0 86.60225478,21.88749056,0 86.60224486,21.88752387,0 86.60224407,21.88760580,0 86.60224149,21.88761711,0 86.60218555,21.88766568,0 86.60217146,21.88767034,0 86.60216936,21.88767034,0 86.60210569,21.88762526,0 86.60201237,21.88765163,0 86.60201580,21.88772192,0 86.60198024,21.88779328,0 86.60192068,21.88772760,0 86.60188861,21.88763594,0 86.60182087,21.88759364,0 86.60177293,21.88755106,0 86.60172416,21.88751904,0 86.60164405,21.88750000,0 86.60162802,21.88750381,0</coordinates></LinearRing></innerBoundaryIs><innerBoundaryIs><LinearRing><coordinates>86.60122111,21.88682814,0 86.60122323,21.88682576,0 86.60115144,21.88682576,0 86.60113673,21.88679674,0 86.60112030,21.88673739,0 86.60110870,21.88666010,0 86.60130253,21.88667728,0 86.60133549,21.88674502,0 86.60134318,21.88679673,0 86.60122111,21.88682814,0</coordinates></LinearRing></innerBoundaryIs><innerBoundaryIs><LinearRing><coordinates>86.60107928,21.88624006,0 86.60119319,21.88618641,0 86.60132905,21.88622539,0 86.60137261,21.88632753,0 86.60164342,21.88626550,0 86.60196314,21.88624828,0 86.60195777,21.88616453,0 86.60196039,21.88616701,0 86.60203047,21.88606541,0 86.60209572,21.88607960,0 86.60217672,21.88604757,0 86.60218329,21.88580923,0 86.60211987,21.88586089,0 86.60205636,21.88582888,0 86.60203859,21.88573705,0 86.60215775,21.88570092,0 86.60218364,21.88580088,0 86.60218159,21.88594428,0 86.60229626,21.88596795,0 86.60230006,21.88603484,0 86.60220954,21.88604742,0 86.60219322,21.88604508,0 86.60209835,21.88608202,0 86.60206196,21.88619175,0 86.60196842,21.88625340,0 86.60216440,21.88627339,0 86.60224907,21.88618317,0 86.60225750,21.88618058,0 86.60233462,21.88621349,0 86.60232649,21.88632821,0 86.60232365,21.88632821,0 86.60220350,21.88635489,0 86.60220273,21.88635548,0 86.60217826,21.88627857,0 86.60196930,21.88625609,0 86.60164284,21.88627069,0 86.60136649,21.88633019,0 86.60130917,21.88634895,0 86.60124307,21.88641673,0 86.60123972,21.88641945,0 86.60118533,21.88640038,0 86.60115975,21.88639778,0 86.60114815,21.88639783,0 86.60115132,21.88631972,0 86.60107928,21.88624006,0</coordinates></LinearRing></innerBoundaryIs><innerBoundaryIs><LinearRing><coordinates>86.60209288,21.88644461,0 86.60220802,21.88646284,0 86.60218483,21.88653750,0 86.60214617,21.88655427,0 86.60212944,21.88659943,0 86.60217746,21.88664806,0 86.60216375,21.88669407,0 86.60212235,21.88668826,0 86.60211532,21.88664802,0 86.60213688,21.88656550,0 86.60213701,21.88656269,0 86.60208201,21.88655146,0 86.60209046,21.88644651,0 86.60209288,21.88644461,0</coordinates></LinearRing></innerBoundaryIs><innerBoundaryIs><LinearRing><coordinates>86.60222695,21.88560165,0 86.60221210,21.88560154,0 86.60221341,21.88559604,0 86.60222695,21.88560165,0</coordinates></LinearRing></innerBoundaryIs><innerBoundaryIs><LinearRing><coordinates>86.60442209,21.88430160,0 86.60446651,21.88425053,0 86.60450081,21.88426283,0 86.60454589,21.88425921,0 86.60461508,21.88429717,0 86.60462035,21.88435464,0 86.60462002,21.88437543,0 86.60456423,21.88435077,0 86.60445998,21.88435862,0 86.60442209,21.88430160,0</coordinates></LinearRing></innerBoundaryIs><innerBoundaryIs><LinearRing><coordinates>86.60462002,21.88437544,0 86.60461894,21.88444297,0 86.60465878,21.88447067,0 86.60465611,21.88452504,0 86.60478614,21.88449699,0 86.60480023,21.88443801,0 86.60480017,21.88443371,0 86.60485846,21.88441298,0 86.60486055,21.88441293,0 86.60488676,21.88445508,0 86.60486218,21.88448387,0 86.60481362,21.88448963,0 86.60463448,21.88454293,0 86.60459606,21.88453233,0 86.60458786,21.88466800,0 86.60459191,21.88452574,0 86.60459715,21.88447747,0 86.60462002,21.88437544,0</coordinates></LinearRing></innerBoundaryIs><innerBoundaryIs><LinearRing><coordinates>86.60458371,21.88481399,0 86.60464593,21.88485173,0 86.60468399,21.88489085,0 86.60465889,21.88490903,0 86.60464531,21.88490428,0 86.60464077,21.88490437,0 86.60456798,21.88490590,0 86.60458069,21.88484568,0 86.60458337,21.88482589,0 86.60458371,21.88481399,0</coordinates></LinearRing></innerBoundaryIs><innerBoundaryIs><LinearRing><coordinates>86.60297798,21.88472121,0 86.60295982,21.88477198,0 86.60294312,21.88483348,0 86.60289606,21.88492665,0 86.60290500,21.88504834,0 86.60294738,21.88506939,0 86.60290654,21.88505989,0 86.60288231,21.88492942,0 86.60283551,21.88491551,0 86.60281230,21.88484147,0 86.60287761,21.88475604,0 86.60297798,21.88472121,0</coordinates></LinearRing></innerBoundaryIs><innerBoundaryIs><LinearRing><coordinates>86.60298075,21.88508597,0 86.60301005,21.88510052,0 86.60311919,21.88512043,0 86.60307219,21.88515587,0 86.60297625,21.88516853,0 86.60296509,21.88516854,0 86.60284466,21.88514785,0 86.60283419,21.88514194,0 86.60282307,21.88514196,0 86.60267949,21.88517977,0 86.60266920,21.88519456,0 86.60256425,21.88522652,0 86.60255032,21.88522632,0 86.60248395,21.88520451,0 86.60258634,21.88513174,0 86.60298075,21.88508597,0</coordinates></LinearRing></innerBoundaryIs><innerBoundaryIs><LinearRing><coordinates>86.60195002,21.88474709,0 86.60193223,21.88478051,0 86.60192101,21.88483626,0 86.60190379,21.88492156,0 86.60189507,21.88494451,0 86.60190470,21.88491072,0 86.60185208,21.88484867,0 86.60186962,21.88480327,0 86.60195002,21.88474709,0</coordinates></LinearRing></innerBoundaryIs><innerBoundaryIs><LinearRing><coordinates>86.60187085,21.88502952,0 86.60199306,21.88506365,0 86.60207005,21.88511798,0 86.60193069,21.88510034,0 86.60186499,21.88505010,0 86.60187085,21.88502952,0</coordinates></LinearRing></innerBoundaryIs><innerBoundaryIs><LinearRing><coordinates>86.60104789,21.88707003,0 86.60117686,21.88711620,0 86.60123472,21.88699748,0 86.60130518,21.88698022,0 86.60134447,21.88696027,0 86.60137746,21.88696880,0 86.60139476,21.88699459,0 86.60138341,21.88703240,0 86.60133146,21.88715967,0 86.60122420,21.88713862,0 86.60104789,21.88707003,0</coordinates></LinearRing></innerBoundaryIs></Polygon></MultiGeometry>
		</Placemark>
		<Placemark id="ID_00008">
			<name>764536192</name>
			<Snippet maxLines="0"/>
			<description>&lt;html xmlns:fo="http://www.w3.org/1999/XSL/Format" xmlns:msxsl="urn:schemas-microsoft-com:xslt"&gt;

&lt;head&gt;

&lt;META http-equiv="Content-Type" content="text/html"&gt;

&lt;meta http-equiv="content-type" content="text/html; charset=UTF-8"&gt;

&lt;/head&gt;

&lt;body style="margin:0px 0px 0px 0px;overflow:auto;background:#FFFFFF;"&gt;

&lt;table style="font-family:Arial,Verdana,Times;font-size:12px;text-align:left;width:100%;border-collapse:collapse;padding:3px 3px 3px 3px"&gt;

&lt;tr style="text-align:center;font-weight:bold;background:#9CBCE2"&gt;

&lt;td&gt;764536192&lt;/td&gt;

&lt;/tr&gt;

&lt;tr&gt;

&lt;td&gt;

&lt;table style="font-family:Arial,Verdana,Times;font-size:12px;text-align:left;width:100%;border-spacing:0px; padding:3px 3px 3px 3px"&gt;

&lt;tr&gt;

&lt;td&gt;SHAPE&lt;/td&gt;

&lt;td&gt;Polygon&lt;/td&gt;

&lt;/tr&gt;

&lt;tr bgcolor="#D4E4F3"&gt;

&lt;td&gt;Name&lt;/td&gt;

&lt;td&gt;764536192&lt;/td&gt;

&lt;/tr&gt;

&lt;tr&gt;

&lt;td&gt;farmername&lt;/td&gt;

&lt;td&gt;Manaranjan Naik&lt;/td&gt;

&lt;/tr&gt;

&lt;tr bgcolor="#D4E4F3"&gt;

&lt;td&gt;state&lt;/td&gt;

&lt;td&gt;Odisha&lt;/td&gt;

&lt;/tr&gt;

&lt;tr&gt;

&lt;td&gt;district&lt;/td&gt;

&lt;td&gt;Mayurbhanj&lt;/td&gt;

&lt;/tr&gt;

&lt;tr bgcolor="#D4E4F3"&gt;

&lt;td&gt;block&lt;/td&gt;

&lt;td&gt;Samakhunta&lt;/td&gt;

&lt;/tr&gt;

&lt;tr&gt;

&lt;td&gt;grampanchayat&lt;/td&gt;

&lt;td&gt;Baldiha&lt;/td&gt;

&lt;/tr&gt;

&lt;tr bgcolor="#D4E4F3"&gt;

&lt;td&gt;village&lt;/td&gt;

&lt;td&gt;Danamara&lt;/td&gt;

&lt;/tr&gt;

&lt;tr&gt;

&lt;td&gt;_id&lt;/td&gt;

&lt;td&gt;764536192&lt;/td&gt;

&lt;/tr&gt;

&lt;tr bgcolor="#D4E4F3"&gt;

&lt;td&gt;latitude&lt;/td&gt;

&lt;td&gt;21.971&lt;/td&gt;

&lt;/tr&gt;

&lt;tr&gt;

&lt;td&gt;longitude&lt;/td&gt;

&lt;td&gt;86.629&lt;/td&gt;

&lt;/tr&gt;

&lt;tr bgcolor="#D4E4F3"&gt;

&lt;td&gt;area_ha&lt;/td&gt;

&lt;td&gt;3.541&lt;/td&gt;

&lt;/tr&gt;

&lt;tr&gt;

&lt;td&gt;LP_id&lt;/td&gt;

&lt;td&gt;LP9&lt;/td&gt;

&lt;/tr&gt;

&lt;tr bgcolor="#D4E4F3"&gt;

&lt;td&gt;Plantation_year&lt;/td&gt;

&lt;td&gt;2025&lt;/td&gt;

&lt;/tr&gt;

&lt;tr&gt;

&lt;td&gt;SHAPE_Length&lt;/td&gt;

&lt;td&gt;3680.447381&lt;/td&gt;

&lt;/tr&gt;

&lt;tr bgcolor="#D4E4F3"&gt;

&lt;td&gt;SHAPE_Area&lt;/td&gt;

&lt;td&gt;35387.620918&lt;/td&gt;

&lt;/tr&gt;

&lt;/table&gt;

&lt;/td&gt;

&lt;/tr&gt;

&lt;/table&gt;

&lt;/body&gt;

&lt;/html&gt;</description>
			<styleUrl>#PolyStyle00</styleUrl>
			<MultiGeometry>
				<Polygon><outerBoundaryIs><LinearRing><coordinates>86.62741660,21.97072200,0 86.62749078,21.97096589,0 86.62754011,21.97109501,0 86.62747951,21.97121326,0 86.62761958,21.97133867,0 86.62760904,21.97135198,0 86.62771778,21.97139713,0 86.62781317,21.97134267,0 86.62790128,21.97132724,0 86.62801896,21.97135816,0 86.62802340,21.97150012,0 86.62809087,21.97150815,0 86.62816049,21.97150012,0 86.62820052,21.97132724,0 86.62823324,21.97125849,0 86.62827838,21.97113160,0 86.62826511,21.97099423,0 86.62811936,21.97102994,0 86.62808343,21.97095179,0 86.62794616,21.97104431,0 86.62779647,21.97102277,0 86.62777061,21.97087511,0 86.62770198,21.97075272,0 86.62773900,21.97056315,0 86.62782346,21.97055221,0 86.62782138,21.97064548,0 86.62785906,21.97070443,0 86.62795087,21.97066443,0 86.62795155,21.97066142,0 86.62799219,21.97074880,0 86.62802712,21.97079674,0 86.62806229,21.97083356,0 86.62805740,21.97087366,0 86.62808271,21.97094866,0 86.62813837,21.97091986,0 86.62816604,21.97089149,0 86.62814000,21.97077022,0 86.62814459,21.97070443,0 86.62820802,21.97066566,0 86.62824927,21.97071136,0 86.62824192,21.97078222,0 86.62827545,21.97077261,0 86.62830742,21.97074880,0 86.62835215,21.97077022,0 86.62836950,21.97079310,0 86.62841812,21.97075591,0 86.62843321,21.97065890,0 86.62841082,21.97062553,0 86.62841403,21.97058416,0 86.62846486,21.97053138,0 86.62847088,21.97050027,0 86.62849139,21.97043216,0 86.62849556,21.97036493,0 86.62843483,21.97039340,0 86.62839798,21.97038385,0 86.62838733,21.97035555,0 86.62834524,21.97030948,0 86.62835277,21.97022181,0 86.62843116,21.97019782,0 86.62843403,21.97019782,0 86.62850290,21.97019252,0 86.62854594,21.97024875,0 86.62861526,21.97023255,0 86.62866807,21.97026234,0 86.62865211,21.97032585,0 86.62870065,21.97036820,0 86.62870586,21.97041300,0 86.62868860,21.97049987,0 86.62881254,21.97055042,0 86.62890546,21.97058235,0 86.62882987,21.97066340,0 86.62877469,21.97069064,0 86.62866532,21.97068379,0 86.62862856,21.97079431,0 86.62857717,21.97086860,0 86.62852251,21.97093774,0 86.62849831,21.97098060,0 86.62845637,21.97099948,0 86.62841926,21.97099407,0 86.62836458,21.97096456,0 86.62833558,21.97099407,0 86.62837244,21.97107130,0 86.62837704,21.97114881,0 86.62825676,21.97133911,0 86.62834133,21.97138150,0 86.62843819,21.97139713,0 86.62845050,21.97139713,0 86.62858291,21.97143645,0 86.62859424,21.97153231,0 86.62865865,21.97159742,0 86.62856390,21.97176451,0 86.62848229,21.97189406,0 86.62840574,21.97194694,0 86.62855282,21.97208187,0 86.62860041,21.97197361,0 86.62866608,21.97177303,0 86.62872452,21.97165518,0 86.62892051,21.97167183,0 86.62889068,21.97178157,0 86.62883777,21.97195581,0 86.62880459,21.97210017,0 86.62879204,21.97222085,0 86.62891284,21.97223970,0 86.62900024,21.97225862,0 86.62900445,21.97210017,0 86.62902229,21.97192043,0 86.62906402,21.97179869,0 86.62912264,21.97175600,0 86.62913956,21.97194694,0 86.62911090,21.97210934,0 86.62910808,21.97229670,0 86.62941554,21.97237378,0 86.62951573,21.97237556,0 86.62973534,21.97241158,0 86.62969507,21.97230810,0 86.62959723,21.97225734,0 86.62943311,21.97209096,0 86.62952321,21.97185047,0 86.62957686,21.97172215,0 86.62947440,21.97171372,0 86.62937851,21.97170531,0 86.62938854,21.97153232,0 86.62942448,21.97142307,0 86.62927546,21.97135817,0 86.62912244,21.97140291,0 86.62915420,21.97145278,0 86.62908331,21.97151470,0 86.62900729,21.97161366,0 86.62900433,21.97160943,0 86.62889973,21.97161862,0 86.62894689,21.97151773,0 86.62898700,21.97143925,0 86.62906646,21.97136516,0 86.62911451,21.97126669,0 86.62912535,21.97123087,0 86.62904805,21.97117072,0 86.62907672,21.97109843,0 86.62922030,21.97110768,0 86.62922290,21.97110773,0 86.62928047,21.97104432,0 86.62935530,21.97089589,0 86.62936101,21.97088896,0 86.62938327,21.97083391,0 86.62926809,21.97077960,0 86.62917710,21.97073268,0 86.62907321,21.97080666,0 86.62893407,21.97099424,0 86.62885819,21.97110961,0 86.62882880,21.97122077,0 86.62884861,21.97131187,0 86.62874743,21.97137371,0 86.62868602,21.97137371,0 86.62868254,21.97124336,0 86.62877397,21.97102278,0 86.62886218,21.97090283,0 86.62895432,21.97076614,0 86.62904426,21.97060163,0 86.62877163,21.97032207,0 86.62872051,21.97022244,0 86.62857267,21.97012427,0 86.62846634,21.97003562,0 86.62845440,21.97002982,0 86.62807672,21.96984504,0 86.62799882,21.96998813,0 86.62801163,21.97001232,0 86.62800534,21.97008570,0 86.62810282,21.97013535,0 86.62815875,21.97009875,0 86.62819111,21.96995276,0 86.62826124,21.96997734,0 86.62825932,21.97008321,0 86.62825682,21.97017014,0 86.62828444,21.97031823,0 86.62820870,21.97031283,0 86.62818242,21.97030825,0 86.62814291,21.97027803,0 86.62812419,21.97021043,0 86.62800442,21.97024740,0 86.62799988,21.97024739,0 86.62788193,21.97024730,0 86.62787738,21.97024730,0 86.62779722,21.97019727,0 86.62778455,21.97019312,0 86.62794123,21.97015591,0 86.62796491,21.96998014,0 86.62798367,21.96991219,0 86.62800568,21.96978998,0 86.62785822,21.96964589,0 86.62778755,21.96948842,0 86.62767323,21.96944165,0 86.62752709,21.96936644,0 86.62748943,21.96957066,0 86.62747836,21.96965484,0 86.62744766,21.96969994,0 86.62741614,21.96996808,0 86.62742726,21.97008696,0 86.62746120,21.97016316,0 86.62747781,21.97026188,0 86.62749088,21.97054084,0 86.62755668,21.97055604,0 86.62758107,21.97051280,0 86.62765935,21.97053317,0 86.62764362,21.97057670,0 86.62759605,21.97063973,0 86.62758861,21.97057663,0 86.62747990,21.97054085,0 86.62741660,21.97072200,0</coordinates></LinearRing></outerBoundaryIs><innerBoundaryIs><LinearRing><coordinates>86.62795574,21.97064301,0 86.62799154,21.97048564,0 86.62794675,21.97047527,0 86.62789117,21.97039047,0 86.62794079,21.97028898,0 86.62797485,21.97029541,0 86.62799065,21.97029541,0 86.62800210,21.97034087,0 86.62801167,21.97034087,0 86.62801482,21.97041058,0 86.62795574,21.97064301,0</coordinates></LinearRing></innerBoundaryIs><innerBoundaryIs><LinearRing><coordinates>86.62764268,21.97130951,0 86.62767149,21.97126153,0 86.62760612,21.97119100,0 86.62765655,21.97113012,0 86.62771284,21.97111491,0 86.62772181,21.97111492,0 86.62775111,21.97111820,0 86.62775117,21.97115332,0 86.62773855,21.97120886,0 86.62768846,21.97125173,0 86.62764268,21.97130951,0</coordinates></LinearRing></innerBoundaryIs></Polygon><Polygon><outerBoundaryIs><LinearRing><coordinates>86.62923439,21.97110799,0 86.62932616,21.97111006,0 86.62922632,21.97126904,0 86.62928129,21.97127368,0 86.62929949,21.97127368,0 86.62950156,21.97133496,0 86.62951460,21.97156475,0 86.62956837,21.97166350,0 86.62962795,21.97157290,0 86.62963967,21.97144838,0 86.62968645,21.97145568,0 86.62975221,21.97150353,0 86.62979664,21.97153708,0 86.62985422,21.97151840,0 86.62981053,21.97163601,0 86.62981006,21.97174600,0 86.62975534,21.97182685,0 86.62988822,21.97181868,0 86.62995591,21.97174753,0 86.62994341,21.97158924,0 86.63006627,21.97155663,0 86.63015999,21.97161386,0 86.63009778,21.97196472,0 86.63002732,21.97206367,0 86.62988849,21.97226813,0 86.62983271,21.97235440,0 86.63012729,21.97243243,0 86.63023057,21.97229672,0 86.63032592,21.97226703,0 86.63027522,21.97224933,0 86.63018914,21.97219611,0 86.63017443,21.97220631,0 86.63007922,21.97218505,0 86.63006604,21.97211695,0 86.63013714,21.97211808,0 86.63026699,21.97216644,0 86.63034810,21.97219510,0 86.63037206,21.97210309,0 86.63044644,21.97200447,0 86.63045345,21.97197363,0 86.63047086,21.97185917,0 86.63058405,21.97170533,0 86.63073216,21.97171375,0 86.63087707,21.97153235,0 86.63070282,21.97150015,0 86.63053135,21.97143647,0 86.63025941,21.97136730,0 86.63028273,21.97142456,0 86.63028654,21.97143227,0 86.63029454,21.97151472,0 86.63028120,21.97158672,0 86.63033654,21.97163772,0 86.63042580,21.97165785,0 86.63053080,21.97172708,0 86.63048607,21.97182637,0 86.63044123,21.97180660,0 86.63039873,21.97171909,0 86.63032976,21.97169481,0 86.63021443,21.97164460,0 86.63019336,21.97156201,0 86.63017519,21.97145479,0 86.63017472,21.97144316,0 86.63018106,21.97143160,0 86.63020963,21.97131063,0 86.62999378,21.97121175,0 86.62997450,21.97124847,0 86.62995550,21.97132688,0 86.62994598,21.97138027,0 86.62993041,21.97154901,0 86.62987864,21.97156106,0 86.62991922,21.97141846,0 86.62992125,21.97122123,0 86.62998636,21.97116056,0 86.62976824,21.97100849,0 86.62980270,21.97126608,0 86.62974992,21.97129656,0 86.62966049,21.97133496,0 86.62963604,21.97133496,0 86.62960261,21.97126608,0 86.62966484,21.97117596,0 86.62953439,21.97122078,0 86.62949536,21.97112427,0 86.62957425,21.97100849,0 86.62950196,21.97095180,0 86.62945403,21.97090284,0 86.62941426,21.97094477,0 86.62934005,21.97109502,0 86.62923439,21.97110799,0</coordinates></LinearRing></outerBoundaryIs></Polygon></MultiGeometry>
		</Placemark>
		<Placemark id="ID_00009">
			<name>764545514</name>
			<Snippet maxLines="0"/>
			<description>&lt;html xmlns:fo="http://www.w3.org/1999/XSL/Format" xmlns:msxsl="urn:schemas-microsoft-com:xslt"&gt;

&lt;head&gt;

&lt;META http-equiv="Content-Type" content="text/html"&gt;

&lt;meta http-equiv="content-type" content="text/html; charset=UTF-8"&gt;

&lt;/head&gt;

&lt;body style="margin:0px 0px 0px 0px;overflow:auto;background:#FFFFFF;"&gt;

&lt;table style="font-family:Arial,Verdana,Times;font-size:12px;text-align:left;width:100%;border-collapse:collapse;padding:3px 3px 3px 3px"&gt;

&lt;tr style="text-align:center;font-weight:bold;background:#9CBCE2"&gt;

&lt;td&gt;764545514&lt;/td&gt;

&lt;/tr&gt;

&lt;tr&gt;

&lt;td&gt;

&lt;table style="font-family:Arial,Verdana,Times;font-size:12px;text-align:left;width:100%;border-spacing:0px; padding:3px 3px 3px 3px"&gt;

&lt;tr&gt;

&lt;td&gt;SHAPE&lt;/td&gt;

&lt;td&gt;Polygon&lt;/td&gt;

&lt;/tr&gt;

&lt;tr bgcolor="#D4E4F3"&gt;

&lt;td&gt;Name&lt;/td&gt;

&lt;td&gt;764545514&lt;/td&gt;

&lt;/tr&gt;

&lt;tr&gt;

&lt;td&gt;farmername&lt;/td&gt;

&lt;td&gt;Keshab Chandra Mohanta&lt;/td&gt;

&lt;/tr&gt;

&lt;tr bgcolor="#D4E4F3"&gt;

&lt;td&gt;state&lt;/td&gt;

&lt;td&gt;Odisha&lt;/td&gt;

&lt;/tr&gt;

&lt;tr&gt;

&lt;td&gt;district&lt;/td&gt;

&lt;td&gt;Mayurbhanj&lt;/td&gt;

&lt;/tr&gt;

&lt;tr bgcolor="#D4E4F3"&gt;

&lt;td&gt;block&lt;/td&gt;

&lt;td&gt;Samakhunta&lt;/td&gt;

&lt;/tr&gt;

&lt;tr&gt;

&lt;td&gt;grampanchayat&lt;/td&gt;

&lt;td&gt;Bhaluki&lt;/td&gt;

&lt;/tr&gt;

&lt;tr bgcolor="#D4E4F3"&gt;

&lt;td&gt;village&lt;/td&gt;

&lt;td&gt;Ambadali&lt;/td&gt;

&lt;/tr&gt;

&lt;tr&gt;

&lt;td&gt;_id&lt;/td&gt;

&lt;td&gt;764545514&lt;/td&gt;

&lt;/tr&gt;

&lt;tr bgcolor="#D4E4F3"&gt;

&lt;td&gt;latitude&lt;/td&gt;

&lt;td&gt;21.982&lt;/td&gt;

&lt;/tr&gt;

&lt;tr&gt;

&lt;td&gt;longitude&lt;/td&gt;

&lt;td&gt;86.623&lt;/td&gt;

&lt;/tr&gt;

&lt;tr bgcolor="#D4E4F3"&gt;

&lt;td&gt;area_ha&lt;/td&gt;

&lt;td&gt;3.499&lt;/td&gt;

&lt;/tr&gt;

&lt;tr&gt;

&lt;td&gt;LP_id&lt;/td&gt;

&lt;td&gt;LP10&lt;/td&gt;

&lt;/tr&gt;

&lt;tr bgcolor="#D4E4F3"&gt;

&lt;td&gt;Plantation_year&lt;/td&gt;

&lt;td&gt;2025&lt;/td&gt;

&lt;/tr&gt;

&lt;tr&gt;

&lt;td&gt;SHAPE_Length&lt;/td&gt;

&lt;td&gt;1555.547636&lt;/td&gt;

&lt;/tr&gt;

&lt;tr bgcolor="#D4E4F3"&gt;

&lt;td&gt;SHAPE_Area&lt;/td&gt;

&lt;td&gt;34966.86074&lt;/td&gt;

&lt;/tr&gt;

&lt;/table&gt;

&lt;/td&gt;

&lt;/tr&gt;

&lt;/table&gt;

&lt;/body&gt;

&lt;/html&gt;</description>
			<styleUrl>#PolyStyle00</styleUrl>
			<MultiGeometry>
				<Polygon><outerBoundaryIs><LinearRing><coordinates>86.62276246,21.98206717,0 86.62268622,21.98223610,0 86.62282499,21.98226853,0 86.62288486,21.98239218,0 86.62299657,21.98230708,0 86.62310782,21.98235264,0 86.62314326,21.98241165,0 86.62322689,21.98236988,0 86.62314721,21.98241165,0 86.62305545,21.98250679,0 86.62307175,21.98256208,0 86.62309398,21.98269704,0 86.62322595,21.98265386,0 86.62330919,21.98271883,0 86.62332335,21.98276282,0 86.62336362,21.98277761,0 86.62345519,21.98269704,0 86.62352486,21.98261828,0 86.62365294,21.98258305,0 86.62418038,21.98228253,0 86.62414756,21.98213002,0 86.62420548,21.98210043,0 86.62425334,21.98220268,0 86.62433893,21.98213705,0 86.62443151,21.98207625,0 86.62462046,21.98205823,0 86.62476808,21.98199890,0 86.62481657,21.98191852,0 86.62487008,21.98192265,0 86.62484899,21.98188566,0 86.62484474,21.98180888,0 86.62479082,21.98177708,0 86.62481777,21.98172215,0 86.62486968,21.98166430,0 86.62485137,21.98163460,0 86.62462320,21.98175879,0 86.62459817,21.98176850,0 86.62455634,21.98179295,0 86.62448169,21.98184504,0 86.62440603,21.98188159,0 86.62430989,21.98194340,0 86.62424086,21.98195173,0 86.62424231,21.98191105,0 86.62424388,21.98186531,0 86.62425827,21.98177315,0 86.62434042,21.98176131,0 86.62434916,21.98166548,0 86.62417560,21.98168796,0 86.62412864,21.98159782,0 86.62438446,21.98141123,0 86.62455024,21.98137607,0 86.62467613,21.98124752,0 86.62463745,21.98121989,0 86.62448534,21.98125634,0 86.62442779,21.98127013,0 86.62444001,21.98117944,0 86.62436724,21.98100237,0 86.62437883,21.98093630,0 86.62433345,21.98091194,0 86.62428415,21.98100372,0 86.62413833,21.98104772,0 86.62403145,21.98103602,0 86.62393087,21.98110502,0 86.62367918,21.98116036,0 86.62372231,21.98123982,0 86.62364472,21.98124841,0 86.62390945,21.98127383,0 86.62393305,21.98124619,0 86.62397155,21.98123647,0 86.62398974,21.98126985,0 86.62398973,21.98126985,0 86.62394976,21.98128385,0 86.62362665,21.98124734,0 86.62358515,21.98121508,0 86.62354323,21.98114892,0 86.62360403,21.98113041,0 86.62363588,21.98115203,0 86.62366654,21.98114892,0 86.62356647,21.98101650,0 86.62362915,21.98092003,0 86.62361778,21.98091598,0 86.62351312,21.98096499,0 86.62346007,21.98098568,0 86.62338071,21.98096087,0 86.62326362,21.98095676,0 86.62316584,21.98094855,0 86.62306522,21.98093221,0 86.62307673,21.98087980,0 86.62293312,21.98086388,0 86.62273008,21.98090789,0 86.62261135,21.98092408,0 86.62250477,21.98099400,0 86.62246529,21.98110460,0 86.62236465,21.98112202,0 86.62224556,21.98129324,0 86.62224644,21.98140218,0 86.62224384,21.98149597,0 86.62211901,21.98154784,0 86.62198732,21.98135905,0 86.62199548,21.98152041,0 86.62203451,21.98165411,0 86.62209712,21.98175572,0 86.62222357,21.98190616,0 86.62229268,21.98191760,0 86.62233978,21.98204548,0 86.62240635,21.98214932,0 86.62257574,21.98223041,0 86.62268423,21.98223518,0 86.62276246,21.98206717,0</coordinates></LinearRing></outerBoundaryIs><innerBoundaryIs><LinearRing><coordinates>86.62283087,21.98191559,0 86.62279751,21.98188317,0 86.62272463,21.98180018,0 86.62274515,21.98171955,0 86.62282413,21.98173150,0 86.62283117,21.98173150,0 86.62287555,21.98181658,0 86.62283087,21.98191559,0</coordinates></LinearRing></innerBoundaryIs><innerBoundaryIs><LinearRing><coordinates>86.62330158,21.98233073,0 86.62328381,21.98225034,0 86.62329301,21.98216579,0 86.62336055,21.98217972,0 86.62340560,21.98227905,0 86.62335412,21.98230318,0 86.62330158,21.98233073,0</coordinates></LinearRing></innerBoundaryIs><innerBoundaryIs><LinearRing><coordinates>86.62416325,21.98132255,0 86.62416958,21.98128586,0 86.62419789,21.98126192,0 86.62422548,21.98128184,0 86.62422990,21.98131232,0 86.62421844,21.98133931,0 86.62416325,21.98132255,0</coordinates></LinearRing></innerBoundaryIs></Polygon></MultiGeometry>
		</Placemark>
		<Placemark id="ID_00010">
			<name>764549198</name>
			<Snippet maxLines="0"/>
			<description>&lt;html xmlns:fo="http://www.w3.org/1999/XSL/Format" xmlns:msxsl="urn:schemas-microsoft-com:xslt"&gt;

&lt;head&gt;

&lt;META http-equiv="Content-Type" content="text/html"&gt;

&lt;meta http-equiv="content-type" content="text/html; charset=UTF-8"&gt;

&lt;/head&gt;

&lt;body style="margin:0px 0px 0px 0px;overflow:auto;background:#FFFFFF;"&gt;

&lt;table style="font-family:Arial,Verdana,Times;font-size:12px;text-align:left;width:100%;border-collapse:collapse;padding:3px 3px 3px 3px"&gt;

&lt;tr style="text-align:center;font-weight:bold;background:#9CBCE2"&gt;

&lt;td&gt;764549198&lt;/td&gt;

&lt;/tr&gt;

&lt;tr&gt;

&lt;td&gt;

&lt;table style="font-family:Arial,Verdana,Times;font-size:12px;text-align:left;width:100%;border-spacing:0px; padding:3px 3px 3px 3px"&gt;

&lt;tr&gt;

&lt;td&gt;SHAPE&lt;/td&gt;

&lt;td&gt;Polygon&lt;/td&gt;

&lt;/tr&gt;

&lt;tr bgcolor="#D4E4F3"&gt;

&lt;td&gt;Name&lt;/td&gt;

&lt;td&gt;764549198&lt;/td&gt;

&lt;/tr&gt;

&lt;tr&gt;

&lt;td&gt;farmername&lt;/td&gt;

&lt;td&gt;Tibra charan Majhi&lt;/td&gt;

&lt;/tr&gt;

&lt;tr bgcolor="#D4E4F3"&gt;

&lt;td&gt;state&lt;/td&gt;

&lt;td&gt;Odisha&lt;/td&gt;

&lt;/tr&gt;

&lt;tr&gt;

&lt;td&gt;district&lt;/td&gt;

&lt;td&gt;Mayurbhanj&lt;/td&gt;

&lt;/tr&gt;

&lt;tr bgcolor="#D4E4F3"&gt;

&lt;td&gt;block&lt;/td&gt;

&lt;td&gt;Samakhunta&lt;/td&gt;

&lt;/tr&gt;

&lt;tr&gt;

&lt;td&gt;grampanchayat&lt;/td&gt;

&lt;td&gt;Kalapathar&lt;/td&gt;

&lt;/tr&gt;

&lt;tr bgcolor="#D4E4F3"&gt;

&lt;td&gt;village&lt;/td&gt;

&lt;td&gt;Alubani&lt;/td&gt;

&lt;/tr&gt;

&lt;tr&gt;

&lt;td&gt;_id&lt;/td&gt;

&lt;td&gt;764549198&lt;/td&gt;

&lt;/tr&gt;

&lt;tr bgcolor="#D4E4F3"&gt;

&lt;td&gt;latitude&lt;/td&gt;

&lt;td&gt;22.012&lt;/td&gt;

&lt;/tr&gt;

&lt;tr&gt;

&lt;td&gt;longitude&lt;/td&gt;

&lt;td&gt;86.597&lt;/td&gt;

&lt;/tr&gt;

&lt;tr bgcolor="#D4E4F3"&gt;

&lt;td&gt;area_ha&lt;/td&gt;

&lt;td&gt;2.514&lt;/td&gt;

&lt;/tr&gt;

&lt;tr&gt;

&lt;td&gt;LP_id&lt;/td&gt;

&lt;td&gt;LP11&lt;/td&gt;

&lt;/tr&gt;

&lt;tr bgcolor="#D4E4F3"&gt;

&lt;td&gt;Plantation_year&lt;/td&gt;

&lt;td&gt;2025&lt;/td&gt;

&lt;/tr&gt;

&lt;tr&gt;

&lt;td&gt;SHAPE_Length&lt;/td&gt;

&lt;td&gt;1485.238197&lt;/td&gt;

&lt;/tr&gt;

&lt;tr bgcolor="#D4E4F3"&gt;

&lt;td&gt;SHAPE_Area&lt;/td&gt;

&lt;td&gt;25117.554749&lt;/td&gt;

&lt;/tr&gt;

&lt;/table&gt;

&lt;/td&gt;

&lt;/tr&gt;

&lt;/table&gt;

&lt;/body&gt;

&lt;/html&gt;</description>
			<styleUrl>#PolyStyle00</styleUrl>
			<MultiGeometry>
				<Polygon><outerBoundaryIs><LinearRing><coordinates>86.59698591,22.01157076,0 86.59689147,22.01161743,0 86.59681049,22.01161931,0 86.59681294,22.01186279,0 86.59688424,22.01185544,0 86.59688254,22.01189243,0 86.59680879,22.01193003,0 86.59681249,22.01187016,0 86.59680779,22.01161603,0 86.59674930,22.01160944,0 86.59666075,22.01159136,0 86.59656195,22.01166082,0 86.59659103,22.01176323,0 86.59659183,22.01189882,0 86.59661133,22.01198403,0 86.59656095,22.01205112,0 86.59642696,22.01210402,0 86.59635233,22.01207303,0 86.59639690,22.01198227,0 86.59650441,22.01191959,0 86.59645399,22.01181752,0 86.59642014,22.01175362,0 86.59634406,22.01177489,0 86.59624770,22.01180627,0 86.59623674,22.01188247,0 86.59626723,22.01202940,0 86.59620761,22.01211295,0 86.59620229,22.01219933,0 86.59625177,22.01241111,0 86.59631523,22.01254979,0 86.59633630,22.01245183,0 86.59642794,22.01236468,0 86.59648449,22.01236639,0 86.59648625,22.01244781,0 86.59643579,22.01254565,0 86.59631921,22.01254565,0 86.59646233,22.01283963,0 86.59650977,22.01296441,0 86.59655856,22.01303765,0 86.59662091,22.01313126,0 86.59668727,22.01316171,0 86.59678642,22.01312369,0 86.59689780,22.01311211,0 86.59693030,22.01294218,0 86.59692612,22.01282533,0 86.59693532,22.01276607,0 86.59700932,22.01278210,0 86.59701885,22.01291390,0 86.59697960,22.01297075,0 86.59689760,22.01311815,0 86.59705256,22.01311235,0 86.59729117,22.01302657,0 86.59726934,22.01289971,0 86.59761481,22.01288548,0 86.59766772,22.01289259,0 86.59773612,22.01295355,0 86.59782550,22.01295717,0 86.59780582,22.01284314,0 86.59780269,22.01275989,0 86.59785706,22.01273256,0 86.59791103,22.01270544,0 86.59793062,22.01261540,0 86.59789801,22.01248926,0 86.59787957,22.01239539,0 86.59785901,22.01241760,0 86.59787716,22.01239539,0 86.59787559,22.01232187,0 86.59784589,22.01210248,0 86.59786660,22.01195659,0 86.59784652,22.01190068,0 86.59778133,22.01190068,0 86.59777066,22.01183118,0 86.59775994,22.01173836,0 86.59775435,22.01163443,0 86.59767939,22.01159714,0 86.59765569,22.01150415,0 86.59764548,22.01143295,0 86.59768027,22.01135085,0 86.59770675,22.01130752,0 86.59764031,22.01112854,0 86.59754122,22.01115472,0 86.59753047,22.01119590,0 86.59749414,22.01121671,0 86.59744874,22.01118999,0 86.59742400,22.01114306,0 86.59723311,22.01116643,0 86.59727306,22.01125573,0 86.59729458,22.01131368,0 86.59735051,22.01141381,0 86.59735947,22.01147159,0 86.59730044,22.01149435,0 86.59724523,22.01148457,0 86.59720261,22.01136647,0 86.59719102,22.01129832,0 86.59718664,22.01123766,0 86.59723334,22.01116937,0 86.59711102,22.01120567,0 86.59702519,22.01122386,0 86.59701382,22.01131722,0 86.59704930,22.01143488,0 86.59704923,22.01143825,0 86.59702581,22.01153096,0 86.59697971,22.01156362,0 86.59698591,22.01157076,0</coordinates></LinearRing></outerBoundaryIs><innerBoundaryIs><LinearRing><coordinates>86.59711439,22.01171879,0 86.59716517,22.01177731,0 86.59718625,22.01182756,0 86.59715667,22.01187124,0 86.59710600,22.01186758,0 86.59708413,22.01179159,0 86.59709688,22.01176309,0 86.59711439,22.01171879,0</coordinates></LinearRing></innerBoundaryIs><innerBoundaryIs><LinearRing><coordinates>86.59785234,22.01242481,0 86.59780392,22.01247710,0 86.59775606,22.01248753,0 86.59773261,22.01247710,0 86.59773129,22.01244610,0 86.59775423,22.01241553,0 86.59773105,22.01236552,0 86.59760260,22.01245381,0 86.59754532,22.01244098,0 86.59748351,22.01242822,0 86.59743473,22.01242567,0 86.59739446,22.01241549,0 86.59730262,22.01255577,0 86.59734266,22.01256794,0 86.59738525,22.01257319,0 86.59738003,22.01261764,0 86.59733544,22.01264494,0 86.59729793,22.01264678,0 86.59726780,22.01264311,0 86.59728279,22.01258550,0 86.59739296,22.01241700,0 86.59738918,22.01238539,0 86.59739863,22.01233118,0 86.59746620,22.01230940,0 86.59743038,22.01221980,0 86.59745428,22.01219456,0 86.59749522,22.01218773,0 86.59747642,22.01225003,0 86.59749409,22.01230218,0 86.59751607,22.01231181,0 86.59755702,22.01234828,0 86.59758301,22.01231905,0 86.59760250,22.01229979,0 86.59763816,22.01230219,0 86.59766021,22.01235319,0 86.59770365,22.01231664,0 86.59771993,22.01229500,0 86.59774778,22.01227358,0 86.59778760,22.01232390,0 86.59779166,22.01237047,0 86.59781923,22.01239539,0 86.59785234,22.01242481,0</coordinates></LinearRing></innerBoundaryIs></Polygon></MultiGeometry>
		</Placemark>
		<Placemark id="ID_00011">
			<name>764551107</name>
			<Snippet maxLines="0"/>
			<description>&lt;html xmlns:fo="http://www.w3.org/1999/XSL/Format" xmlns:msxsl="urn:schemas-microsoft-com:xslt"&gt;

&lt;head&gt;

&lt;META http-equiv="Content-Type" content="text/html"&gt;

&lt;meta http-equiv="content-type" content="text/html; charset=UTF-8"&gt;

&lt;/head&gt;

&lt;body style="margin:0px 0px 0px 0px;overflow:auto;background:#FFFFFF;"&gt;

&lt;table style="font-family:Arial,Verdana,Times;font-size:12px;text-align:left;width:100%;border-collapse:collapse;padding:3px 3px 3px 3px"&gt;

&lt;tr style="text-align:center;font-weight:bold;background:#9CBCE2"&gt;

&lt;td&gt;764551107&lt;/td&gt;

&lt;/tr&gt;

&lt;tr&gt;

&lt;td&gt;

&lt;table style="font-family:Arial,Verdana,Times;font-size:12px;text-align:left;width:100%;border-spacing:0px; padding:3px 3px 3px 3px"&gt;

&lt;tr&gt;

&lt;td&gt;SHAPE&lt;/td&gt;

&lt;td&gt;Polygon&lt;/td&gt;

&lt;/tr&gt;

&lt;tr bgcolor="#D4E4F3"&gt;

&lt;td&gt;Name&lt;/td&gt;

&lt;td&gt;764551107&lt;/td&gt;

&lt;/tr&gt;

&lt;tr&gt;

&lt;td&gt;farmername&lt;/td&gt;

&lt;td&gt;Jhari Majhi&lt;/td&gt;

&lt;/tr&gt;

&lt;tr bgcolor="#D4E4F3"&gt;

&lt;td&gt;state&lt;/td&gt;

&lt;td&gt;Odisha&lt;/td&gt;

&lt;/tr&gt;

&lt;tr&gt;

&lt;td&gt;district&lt;/td&gt;

&lt;td&gt;Mayurbhanj&lt;/td&gt;

&lt;/tr&gt;

&lt;tr bgcolor="#D4E4F3"&gt;

&lt;td&gt;block&lt;/td&gt;

&lt;td&gt;Samakhunta&lt;/td&gt;

&lt;/tr&gt;

&lt;tr&gt;

&lt;td&gt;grampanchayat&lt;/td&gt;

&lt;td&gt;Kalapathar&lt;/td&gt;

&lt;/tr&gt;

&lt;tr bgcolor="#D4E4F3"&gt;

&lt;td&gt;village&lt;/td&gt;

&lt;td&gt;Alubani&lt;/td&gt;

&lt;/tr&gt;

&lt;tr&gt;

&lt;td&gt;_id&lt;/td&gt;

&lt;td&gt;764551107&lt;/td&gt;

&lt;/tr&gt;

&lt;tr bgcolor="#D4E4F3"&gt;

&lt;td&gt;latitude&lt;/td&gt;

&lt;td&gt;22.007&lt;/td&gt;

&lt;/tr&gt;

&lt;tr&gt;

&lt;td&gt;longitude&lt;/td&gt;

&lt;td&gt;86.595&lt;/td&gt;

&lt;/tr&gt;

&lt;tr bgcolor="#D4E4F3"&gt;

&lt;td&gt;area_ha&lt;/td&gt;

&lt;td&gt;6.332&lt;/td&gt;

&lt;/tr&gt;

&lt;tr&gt;

&lt;td&gt;LP_id&lt;/td&gt;

&lt;td&gt;LP12&lt;/td&gt;

&lt;/tr&gt;

&lt;tr bgcolor="#D4E4F3"&gt;

&lt;td&gt;Plantation_year&lt;/td&gt;

&lt;td&gt;2025&lt;/td&gt;

&lt;/tr&gt;

&lt;tr&gt;

&lt;td&gt;SHAPE_Length&lt;/td&gt;

&lt;td&gt;2944.208782&lt;/td&gt;

&lt;/tr&gt;

&lt;tr bgcolor="#D4E4F3"&gt;

&lt;td&gt;SHAPE_Area&lt;/td&gt;

&lt;td&gt;63267.438357&lt;/td&gt;

&lt;/tr&gt;

&lt;/table&gt;

&lt;/td&gt;

&lt;/tr&gt;

&lt;/table&gt;

&lt;/body&gt;

&lt;/html&gt;</description>
			<styleUrl>#PolyStyle00</styleUrl>
			<MultiGeometry>
				<Polygon><outerBoundaryIs><LinearRing><coordinates>86.59327817,22.00671653,0 86.59325292,22.00681680,0 86.59335188,22.00686026,0 86.59338902,22.00690252,0 86.59349341,22.00689404,0 86.59351750,22.00675227,0 86.59366785,22.00667907,0 86.59364026,22.00675004,0 86.59359547,22.00684772,0 86.59373338,22.00688574,0 86.59378279,22.00692786,0 86.59387331,22.00692432,0 86.59384990,22.00689272,0 86.59381233,22.00674674,0 86.59388639,22.00666871,0 86.59386269,22.00643648,0 86.59388644,22.00666551,0 86.59398569,22.00669523,0 86.59403504,22.00670333,0 86.59401230,22.00685185,0 86.59416041,22.00697964,0 86.59426773,22.00693663,0 86.59428313,22.00659129,0 86.59432800,22.00655766,0 86.59440637,22.00658924,0 86.59441240,22.00664613,0 86.59443724,22.00668601,0 86.59439376,22.00670156,0 86.59436560,22.00667673,0 86.59433351,22.00667365,0 86.59428317,22.00667982,0 86.59427891,22.00671958,0 86.59426901,22.00693598,0 86.59436990,22.00695378,0 86.59436174,22.00702364,0 86.59431124,22.00701668,0 86.59426371,22.00704464,0 86.59426594,22.00708709,0 86.59437347,22.00711213,0 86.59442807,22.00716652,0 86.59453054,22.00709834,0 86.59442785,22.00717018,0 86.59442930,22.00724811,0 86.59439423,22.00728374,0 86.59447186,22.00746304,0 86.59460264,22.00780217,0 86.59471729,22.00803516,0 86.59468957,22.00824567,0 86.59483657,22.00836012,0 86.59493434,22.00832551,0 86.59511529,22.00790670,0 86.59520961,22.00794915,0 86.59533292,22.00797051,0 86.59546961,22.00795982,0 86.59563848,22.00800274,0 86.59561341,22.00784372,0 86.59556939,22.00759975,0 86.59552647,22.00746304,0 86.59550580,22.00704464,0 86.59550525,22.00704396,0 86.59592679,22.00692809,0 86.59613214,22.00694290,0 86.59649264,22.00688837,0 86.59662313,22.00683455,0 86.59679473,22.00675749,0 86.59681190,22.00675749,0 86.59689430,22.00671949,0 86.59680460,22.00646310,0 86.59665132,22.00634945,0 86.59651010,22.00628536,0 86.59641768,22.00628960,0 86.59632939,22.00641025,0 86.59629222,22.00631942,0 86.59622324,22.00622311,0 86.59622464,22.00604491,0 86.59628618,22.00596294,0 86.59643417,22.00589593,0 86.59639048,22.00560813,0 86.59638770,22.00548106,0 86.59634351,22.00547512,0 86.59625476,22.00558358,0 86.59623292,22.00558358,0 86.59612715,22.00567647,0 86.59592567,22.00561429,0 86.59566048,22.00565147,0 86.59553564,22.00567647,0 86.59548796,22.00562664,0 86.59540117,22.00564524,0 86.59537511,22.00557136,0 86.59541936,22.00549297,0 86.59534114,22.00543966,0 86.59527155,22.00543966,0 86.59523260,22.00539873,0 86.59526989,22.00527306,0 86.59508275,22.00534678,0 86.59499317,22.00543378,0 86.59494486,22.00548105,0 86.59498816,22.00558357,0 86.59508133,22.00560812,0 86.59509299,22.00565147,0 86.59501464,22.00569511,0 86.59501316,22.00569218,0 86.59493279,22.00573333,0 86.59476568,22.00573332,0 86.59462319,22.00580401,0 86.59456100,22.00581050,0 86.59447362,22.00585625,0 86.59438820,22.00586283,0 86.59437632,22.00579753,0 86.59439541,22.00569532,0 86.59445474,22.00563903,0 86.59446154,22.00554101,0 86.59445098,22.00538712,0 86.59444960,22.00526185,0 86.59441915,22.00525068,0 86.59428623,22.00538712,0 86.59422466,22.00546917,0 86.59422691,22.00555312,0 86.59414535,22.00560196,0 86.59405550,22.00562045,0 86.59399982,22.00562663,0 86.59402646,22.00572061,0 86.59393430,22.00578460,0 86.59389036,22.00577815,0 86.59389380,22.00567646,0 86.59390009,22.00563282,0 86.59382314,22.00563282,0 86.59370878,22.00562663,0 86.59360691,22.00524510,0 86.59346863,22.00523398,0 86.59352592,22.00546917,0 86.59351845,22.00564524,0 86.59331048,22.00573970,0 86.59324157,22.00579753,0 86.59318539,22.00579753,0 86.59323775,22.00588927,0 86.59322960,22.00597647,0 86.59310560,22.00599006,0 86.59303648,22.00599006,0 86.59301143,22.00611455,0 86.59290347,22.00619260,0 86.59291722,22.00630154,0 86.59298911,22.00630154,0 86.59305052,22.00634595,0 86.59309614,22.00637659,0 86.59306111,22.00653637,0 86.59308664,22.00667102,0 86.59315076,22.00675227,0 86.59325055,22.00681324,0 86.59327817,22.00671653,0</coordinates></LinearRing></outerBoundaryIs><innerBoundaryIs><LinearRing><coordinates>86.59386269,22.00643648,0 86.59383082,22.00640175,0 86.59386716,22.00635338,0 86.59388623,22.00633933,0 86.59389164,22.00633654,0 86.59392621,22.00637034,0 86.59391480,22.00642775,0 86.59386269,22.00643648,0</coordinates></LinearRing></innerBoundaryIs><innerBoundaryIs><LinearRing><coordinates>86.59328147,22.00670499,0 86.59332338,22.00655822,0 86.59339989,22.00650674,0 86.59346246,22.00648452,0 86.59349021,22.00654849,0 86.59346527,22.00660408,0 86.59345569,22.00661069,0 86.59338227,22.00669473,0 86.59333088,22.00670499,0 86.59328147,22.00670499,0</coordinates></LinearRing></innerBoundaryIs><innerBoundaryIs><LinearRing><coordinates>86.59615556,22.00629963,0 86.59612350,22.00633656,0 86.59619047,22.00638408,0 86.59615721,22.00641463,0 86.59610471,22.00642341,0 86.59610148,22.00635809,0 86.59615556,22.00629963,0</coordinates></LinearRing></innerBoundaryIs><innerBoundaryIs><LinearRing><coordinates>86.59542683,22.00694677,0 86.59532847,22.00682486,0 86.59531898,22.00675414,0 86.59536864,22.00673516,0 86.59540888,22.00676368,0 86.59540930,22.00676270,0 86.59542535,22.00680863,0 86.59536788,22.00687080,0 86.59542683,22.00694677,0</coordinates></LinearRing></innerBoundaryIs><innerBoundaryIs><LinearRing><coordinates>86.59557446,22.00638385,0 86.59558182,22.00636699,0 86.59563744,22.00631523,0 86.59567983,22.00633146,0 86.59570771,22.00636974,0 86.59570915,22.00637801,0 86.59565754,22.00640579,0 86.59565216,22.00640579,0 86.59560475,22.00639464,0 86.59557446,22.00638385,0</coordinates></LinearRing></innerBoundaryIs><innerBoundaryIs><LinearRing><coordinates>86.59464899,22.00701954,0 86.59468975,22.00699243,0 86.59473520,22.00693435,0 86.59479732,22.00698209,0 86.59481835,22.00702364,0 86.59480339,22.00707997,0 86.59473329,22.00711213,0 86.59467630,22.00706579,0 86.59464899,22.00701954,0</coordinates></LinearRing></innerBoundaryIs><innerBoundaryIs><LinearRing><coordinates>86.59434082,22.00638217,0 86.59434474,22.00632480,0 86.59434658,22.00627910,0 86.59434453,22.00627891,0 86.59438807,22.00623697,0 86.59444115,22.00623942,0 86.59446147,22.00627160,0 86.59447156,22.00632260,0 86.59446986,22.00632223,0 86.59444609,22.00637693,0 86.59434082,22.00638217,0</coordinates></LinearRing></innerBoundaryIs><innerBoundaryIs><LinearRing><coordinates>86.59402932,22.00624932,0 86.59397627,22.00624434,0 86.59396960,22.00624434,0 86.59393960,22.00619580,0 86.59394214,22.00614158,0 86.59395289,22.00610028,0 86.59395597,22.00609575,0 86.59399947,22.00609124,0 86.59403594,22.00616025,0 86.59403974,22.00622476,0 86.59402932,22.00624932,0</coordinates></LinearRing></innerBoundaryIs><innerBoundaryIs><LinearRing><coordinates>86.59482013,22.00639923,0 86.59489068,22.00641431,0 86.59492955,22.00643874,0 86.59495622,22.00648295,0 86.59495385,22.00648295,0 86.59491549,22.00651395,0 86.59491071,22.00651395,0 86.59485883,22.00652820,0 86.59481797,22.00652534,0 86.59481558,22.00652534,0 86.59481177,22.00648575,0 86.59482013,22.00639923,0</coordinates></LinearRing></innerBoundaryIs><innerBoundaryIs><LinearRing><coordinates>86.59508008,22.00582439,0 86.59517481,22.00600760,0 86.59519101,22.00605995,0 86.59515378,22.00609575,0 86.59511675,22.00612310,0 86.59510816,22.00612311,0 86.59505420,22.00612081,0 86.59502498,22.00608673,0 86.59502959,22.00602921,0 86.59506944,22.00599476,0 86.59511408,22.00595683,0 86.59515241,22.00596728,0 86.59508008,22.00582439,0</coordinates></LinearRing></innerBoundaryIs></Polygon></MultiGeometry>
		</Placemark>
		<Placemark id="ID_00012">
			<name>763762371</name>
			<Snippet maxLines="0"/>
			<description>&lt;html xmlns:fo="http://www.w3.org/1999/XSL/Format" xmlns:msxsl="urn:schemas-microsoft-com:xslt"&gt;

&lt;head&gt;

&lt;META http-equiv="Content-Type" content="text/html"&gt;

&lt;meta http-equiv="content-type" content="text/html; charset=UTF-8"&gt;

&lt;/head&gt;

&lt;body style="margin:0px 0px 0px 0px;overflow:auto;background:#FFFFFF;"&gt;

&lt;table style="font-family:Arial,Verdana,Times;font-size:12px;text-align:left;width:100%;border-collapse:collapse;padding:3px 3px 3px 3px"&gt;

&lt;tr style="text-align:center;font-weight:bold;background:#9CBCE2"&gt;

&lt;td&gt;763762371&lt;/td&gt;

&lt;/tr&gt;

&lt;tr&gt;

&lt;td&gt;

&lt;table style="font-family:Arial,Verdana,Times;font-size:12px;text-align:left;width:100%;border-spacing:0px; padding:3px 3px 3px 3px"&gt;

&lt;tr&gt;

&lt;td&gt;SHAPE&lt;/td&gt;

&lt;td&gt;Polygon&lt;/td&gt;

&lt;/tr&gt;

&lt;tr bgcolor="#D4E4F3"&gt;

&lt;td&gt;Name&lt;/td&gt;

&lt;td&gt;763762371&lt;/td&gt;

&lt;/tr&gt;

&lt;tr&gt;

&lt;td&gt;farmername&lt;/td&gt;

&lt;td&gt;Khela Majhi&lt;/td&gt;

&lt;/tr&gt;

&lt;tr bgcolor="#D4E4F3"&gt;

&lt;td&gt;state&lt;/td&gt;

&lt;td&gt;Odisha&lt;/td&gt;

&lt;/tr&gt;

&lt;tr&gt;

&lt;td&gt;district&lt;/td&gt;

&lt;td&gt;Mayurbhanj&lt;/td&gt;

&lt;/tr&gt;

&lt;tr bgcolor="#D4E4F3"&gt;

&lt;td&gt;block&lt;/td&gt;

&lt;td&gt;Kuliana&lt;/td&gt;

&lt;/tr&gt;

&lt;tr&gt;

&lt;td&gt;grampanchayat&lt;/td&gt;

&lt;td&gt;Keutunimari&lt;/td&gt;

&lt;/tr&gt;

&lt;tr bgcolor="#D4E4F3"&gt;

&lt;td&gt;village&lt;/td&gt;

&lt;td&gt;Phuljhara&lt;/td&gt;

&lt;/tr&gt;

&lt;tr&gt;

&lt;td&gt;_id&lt;/td&gt;

&lt;td&gt;763762371&lt;/td&gt;

&lt;/tr&gt;

&lt;tr bgcolor="#D4E4F3"&gt;

&lt;td&gt;latitude&lt;/td&gt;

&lt;td&gt;22.045&lt;/td&gt;

&lt;/tr&gt;

&lt;tr&gt;

&lt;td&gt;longitude&lt;/td&gt;

&lt;td&gt;86.785&lt;/td&gt;

&lt;/tr&gt;

&lt;tr bgcolor="#D4E4F3"&gt;

&lt;td&gt;area_ha&lt;/td&gt;

&lt;td&gt;2.635&lt;/td&gt;

&lt;/tr&gt;

&lt;tr&gt;

&lt;td&gt;LP_id&lt;/td&gt;

&lt;td&gt;LP13&lt;/td&gt;

&lt;/tr&gt;

&lt;tr bgcolor="#D4E4F3"&gt;

&lt;td&gt;Plantation_year&lt;/td&gt;

&lt;td&gt;2025&lt;/td&gt;

&lt;/tr&gt;

&lt;tr&gt;

&lt;td&gt;SHAPE_Length&lt;/td&gt;

&lt;td&gt;1089.659274&lt;/td&gt;

&lt;/tr&gt;

&lt;tr bgcolor="#D4E4F3"&gt;

&lt;td&gt;SHAPE_Area&lt;/td&gt;

&lt;td&gt;26328.88544&lt;/td&gt;

&lt;/tr&gt;

&lt;/table&gt;

&lt;/td&gt;

&lt;/tr&gt;

&lt;/table&gt;

&lt;/body&gt;

&lt;/html&gt;</description>
			<styleUrl>#PolyStyle00</styleUrl>
			<MultiGeometry>
				<Polygon><outerBoundaryIs><LinearRing><coordinates>86.78428880,22.04600711,0 86.78427084,22.04614068,0 86.78428572,22.04624079,0 86.78426754,22.04631542,0 86.78480565,22.04624078,0 86.78489319,22.04598166,0 86.78490346,22.04586103,0 86.78515503,22.04584633,0 86.78558468,22.04578363,0 86.78596442,22.04565818,0 86.78595656,22.04556920,0 86.78600292,22.04558674,0 86.78601348,22.04540052,0 86.78601223,22.04517581,0 86.78572751,22.04515379,0 86.78560495,22.04512117,0 86.78546744,22.04514286,0 86.78546068,22.04512117,0 86.78539891,22.04509257,0 86.78531363,22.04507489,0 86.78532590,22.04503994,0 86.78532906,22.04498856,0 86.78530296,22.04491212,0 86.78527792,22.04482893,0 86.78529536,22.04480710,0 86.78534096,22.04480400,0 86.78539555,22.04506785,0 86.78543512,22.04507488,0 86.78599747,22.04513923,0 86.78598553,22.04479164,0 86.78597505,22.04476108,0 86.78595593,22.04457421,0 86.78589949,22.04449396,0 86.78585479,22.04440441,0 86.78575773,22.04440945,0 86.78567086,22.04444518,0 86.78561707,22.04445552,0 86.78561079,22.04455119,0 86.78561215,22.04461497,0 86.78560820,22.04472062,0 86.78555027,22.04476677,0 86.78548700,22.04478227,0 86.78547802,22.04473211,0 86.78543827,22.04472063,0 86.78540254,22.04470536,0 86.78537519,22.04473980,0 86.78530783,22.04475519,0 86.78528429,22.04468637,0 86.78526899,22.04461126,0 86.78526221,22.04446162,0 86.78515400,22.04449790,0 86.78472717,22.04462173,0 86.78461342,22.04466657,0 86.78451982,22.04469055,0 86.78445698,22.04473216,0 86.78440292,22.04475523,0 86.78437514,22.04475524,0 86.78435712,22.04473984,0 86.78416723,22.04479400,0 86.78413648,22.04481351,0 86.78423387,22.04521161,0 86.78424372,22.04529317,0 86.78426575,22.04570855,0 86.78429381,22.04592043,0 86.78428880,22.04600711,0</coordinates></LinearRing></outerBoundaryIs><innerBoundaryIs><LinearRing><coordinates>86.78461342,22.04466657,0 86.78462119,22.04478410,0 86.78468664,22.04475413,0 86.78472564,22.04476656,0 86.78473105,22.04479418,0 86.78472093,22.04482726,0 86.78474247,22.04484527,0 86.78477016,22.04485045,0 86.78481324,22.04485563,0 86.78483570,22.04486604,0 86.78483812,22.04486864,0 86.78484824,22.04487125,0 86.78487509,22.04490283,0 86.78485072,22.04492681,0 86.78479883,22.04492681,0 86.78477066,22.04488174,0 86.78475579,22.04487388,0 86.78471434,22.04487912,0 86.78467262,22.04491613,0 86.78463997,22.04490550,0 86.78463062,22.04486865,0 86.78462094,22.04478662,0 86.78461342,22.04466657,0</coordinates></LinearRing></innerBoundaryIs></Polygon></MultiGeometry>
		</Placemark>
		<Placemark id="ID_00013">
			<name>763766541</name>
			<Snippet maxLines="0"/>
			<description>&lt;html xmlns:fo="http://www.w3.org/1999/XSL/Format" xmlns:msxsl="urn:schemas-microsoft-com:xslt"&gt;

&lt;head&gt;

&lt;META http-equiv="Content-Type" content="text/html"&gt;

&lt;meta http-equiv="content-type" content="text/html; charset=UTF-8"&gt;

&lt;/head&gt;

&lt;body style="margin:0px 0px 0px 0px;overflow:auto;background:#FFFFFF;"&gt;

&lt;table style="font-family:Arial,Verdana,Times;font-size:12px;text-align:left;width:100%;border-collapse:collapse;padding:3px 3px 3px 3px"&gt;

&lt;tr style="text-align:center;font-weight:bold;background:#9CBCE2"&gt;

&lt;td&gt;763766541&lt;/td&gt;

&lt;/tr&gt;

&lt;tr&gt;

&lt;td&gt;

&lt;table style="font-family:Arial,Verdana,Times;font-size:12px;text-align:left;width:100%;border-spacing:0px; padding:3px 3px 3px 3px"&gt;

&lt;tr&gt;

&lt;td&gt;SHAPE&lt;/td&gt;

&lt;td&gt;Polygon&lt;/td&gt;

&lt;/tr&gt;

&lt;tr bgcolor="#D4E4F3"&gt;

&lt;td&gt;Name&lt;/td&gt;

&lt;td&gt;763766541&lt;/td&gt;

&lt;/tr&gt;

&lt;tr&gt;

&lt;td&gt;farmername&lt;/td&gt;

&lt;td&gt;Chate Majhi&lt;/td&gt;

&lt;/tr&gt;

&lt;tr bgcolor="#D4E4F3"&gt;

&lt;td&gt;state&lt;/td&gt;

&lt;td&gt;Odisha&lt;/td&gt;

&lt;/tr&gt;

&lt;tr&gt;

&lt;td&gt;district&lt;/td&gt;

&lt;td&gt;Mayurbhanj&lt;/td&gt;

&lt;/tr&gt;

&lt;tr bgcolor="#D4E4F3"&gt;

&lt;td&gt;block&lt;/td&gt;

&lt;td&gt;Kuliana&lt;/td&gt;

&lt;/tr&gt;

&lt;tr&gt;

&lt;td&gt;grampanchayat&lt;/td&gt;

&lt;td&gt;Keutunimari&lt;/td&gt;

&lt;/tr&gt;

&lt;tr bgcolor="#D4E4F3"&gt;

&lt;td&gt;village&lt;/td&gt;

&lt;td&gt;Phuljhara&lt;/td&gt;

&lt;/tr&gt;

&lt;tr&gt;

&lt;td&gt;_id&lt;/td&gt;

&lt;td&gt;763766541&lt;/td&gt;

&lt;/tr&gt;

&lt;tr bgcolor="#D4E4F3"&gt;

&lt;td&gt;latitude&lt;/td&gt;

&lt;td&gt;22.046&lt;/td&gt;

&lt;/tr&gt;

&lt;tr&gt;

&lt;td&gt;longitude&lt;/td&gt;

&lt;td&gt;86.783&lt;/td&gt;

&lt;/tr&gt;

&lt;tr bgcolor="#D4E4F3"&gt;

&lt;td&gt;area_ha&lt;/td&gt;

&lt;td&gt;4.987&lt;/td&gt;

&lt;/tr&gt;

&lt;tr&gt;

&lt;td&gt;LP_id&lt;/td&gt;

&lt;td&gt;LP14&lt;/td&gt;

&lt;/tr&gt;

&lt;tr bgcolor="#D4E4F3"&gt;

&lt;td&gt;Plantation_year&lt;/td&gt;

&lt;td&gt;2025&lt;/td&gt;

&lt;/tr&gt;

&lt;tr&gt;

&lt;td&gt;SHAPE_Length&lt;/td&gt;

&lt;td&gt;2199.472624&lt;/td&gt;

&lt;/tr&gt;

&lt;tr bgcolor="#D4E4F3"&gt;

&lt;td&gt;SHAPE_Area&lt;/td&gt;

&lt;td&gt;49835.273588&lt;/td&gt;

&lt;/tr&gt;

&lt;/table&gt;

&lt;/td&gt;

&lt;/tr&gt;

&lt;/table&gt;

&lt;/body&gt;

&lt;/html&gt;</description>
			<styleUrl>#PolyStyle00</styleUrl>
			<MultiGeometry>
				<Polygon><outerBoundaryIs><LinearRing><coordinates>86.78158650,22.04587456,0 86.78155138,22.04588092,0 86.78131496,22.04597655,0 86.78136319,22.04615690,0 86.78135970,22.04623521,0 86.78140440,22.04624212,0 86.78146840,22.04627342,0 86.78145537,22.04632915,0 86.78150523,22.04631624,0 86.78156032,22.04635519,0 86.78153461,22.04642694,0 86.78150351,22.04647048,0 86.78143288,22.04648977,0 86.78139598,22.04648148,0 86.78139839,22.04655709,0 86.78142811,22.04661990,0 86.78143687,22.04674972,0 86.78145527,22.04681768,0 86.78149494,22.04695559,0 86.78151580,22.04702669,0 86.78152084,22.04706895,0 86.78156695,22.04719612,0 86.78163605,22.04747948,0 86.78174707,22.04784779,0 86.78218437,22.04768611,0 86.78236236,22.04757198,0 86.78236314,22.04757745,0 86.78249854,22.04750875,0 86.78252338,22.04746182,0 86.78265516,22.04744649,0 86.78299633,22.04733766,0 86.78299826,22.04734385,0 86.78325934,22.04727856,0 86.78326440,22.04722853,0 86.78331447,22.04716564,0 86.78336088,22.04713820,0 86.78345423,22.04707754,0 86.78350192,22.04713908,0 86.78367923,22.04700395,0 86.78382160,22.04690781,0 86.78399173,22.04684266,0 86.78401329,22.04679600,0 86.78401520,22.04679600,0 86.78404187,22.04679370,0 86.78409981,22.04677316,0 86.78413388,22.04674616,0 86.78410014,22.04652970,0 86.78409694,22.04652935,0 86.78409963,22.04649705,0 86.78409134,22.04642515,0 86.78409160,22.04635762,0 86.78425616,22.04632352,0 86.78425262,22.04616814,0 86.78426479,22.04594368,0 86.78424316,22.04583123,0 86.78423228,22.04554040,0 86.78419883,22.04523696,0 86.78397587,22.04528784,0 86.78372457,22.04531125,0 86.78372878,22.04548524,0 86.78365149,22.04549520,0 86.78347973,22.04557088,0 86.78337843,22.04561716,0 86.78333585,22.04558110,0 86.78323811,22.04559136,0 86.78329051,22.04578728,0 86.78328605,22.04585341,0 86.78320077,22.04592667,0 86.78314479,22.04603082,0 86.78312570,22.04602385,0 86.78310596,22.04601387,0 86.78307838,22.04602780,0 86.78299685,22.04606590,0 86.78291707,22.04605998,0 86.78244103,22.04619876,0 86.78240115,22.04615450,0 86.78237853,22.04604816,0 86.78234032,22.04596086,0 86.78231109,22.04585341,0 86.78231079,22.04578727,0 86.78223770,22.04582569,0 86.78219986,22.04576010,0 86.78227801,22.04568520,0 86.78225104,22.04555559,0 86.78220966,22.04552525,0 86.78220706,22.04548523,0 86.78216836,22.04547036,0 86.78220112,22.04541155,0 86.78220266,22.04534907,0 86.78214414,22.04532537,0 86.78214921,22.04529717,0 86.78216609,22.04522778,0 86.78215110,22.04514212,0 86.78187798,22.04521865,0 86.78176159,22.04522778,0 86.78162268,22.04532065,0 86.78174657,22.04577638,0 86.78158650,22.04587456,0</coordinates></LinearRing></outerBoundaryIs><innerBoundaryIs><LinearRing><coordinates>86.78158650,22.04587456,0 86.78162603,22.04586821,0 86.78167337,22.04589372,0 86.78169631,22.04593257,0 86.78163403,22.04596106,0 86.78158203,22.04597814,0 86.78155384,22.04594786,0 86.78158650,22.04587456,0</coordinates></LinearRing></innerBoundaryIs><innerBoundaryIs><LinearRing><coordinates>86.78323682,22.04608005,0 86.78332860,22.04612434,0 86.78339123,22.04615199,0 86.78346553,22.04618444,0 86.78346491,22.04626473,0 86.78346504,22.04627158,0 86.78346521,22.04628076,0 86.78346191,22.04634151,0 86.78346208,22.04635104,0 86.78348895,22.04635867,0 86.78347485,22.04638996,0 86.78344226,22.04636541,0 86.78339763,22.04632984,0 86.78338436,22.04634152,0 86.78332826,22.04638232,0 86.78332896,22.04638334,0 86.78330354,22.04642182,0 86.78324700,22.04644407,0 86.78322708,22.04643595,0 86.78321043,22.04638799,0 86.78326358,22.04631089,0 86.78322767,22.04627846,0 86.78317174,22.04623085,0 86.78317111,22.04617138,0 86.78312916,22.04619538,0 86.78310773,22.04622414,0 86.78307588,22.04617139,0 86.78309795,22.04613492,0 86.78312055,22.04608674,0 86.78318754,22.04610753,0 86.78321820,22.04616059,0 86.78323977,22.04614985,0 86.78327213,22.04612645,0 86.78332856,22.04612645,0 86.78323682,22.04608005,0</coordinates></LinearRing></innerBoundaryIs><innerBoundaryIs><LinearRing><coordinates>86.78348926,22.04661708,0 86.78352565,22.04659924,0 86.78358169,22.04661261,0 86.78358986,22.04667398,0 86.78355825,22.04673503,0 86.78350280,22.04675182,0 86.78348053,22.04672077,0 86.78345643,22.04668789,0 86.78342572,22.04668789,0 86.78341323,22.04665329,0 86.78345267,22.04661708,0 86.78348926,22.04661708,0</coordinates></LinearRing></innerBoundaryIs><innerBoundaryIs><LinearRing><coordinates>86.78409132,22.04642495,0 86.78409109,22.04642295,0 86.78408241,22.04647256,0 86.78404853,22.04648381,0 86.78403459,22.04648193,0 86.78401365,22.04643565,0 86.78400830,22.04638727,0 86.78400823,22.04638551,0 86.78400454,22.04637673,0 86.78398796,22.04633027,0 86.78398212,22.04630178,0 86.78398196,22.04629682,0 86.78400232,22.04627875,0 86.78404339,22.04626415,0 86.78406462,22.04627062,0 86.78409013,22.04631344,0 86.78409132,22.04642495,0</coordinates></LinearRing></innerBoundaryIs><innerBoundaryIs><LinearRing><coordinates>86.78402332,22.04652116,0 86.78397851,22.04651617,0 86.78398299,22.04654925,0 86.78398911,22.04657503,0 86.78391782,22.04658105,0 86.78389102,22.04656705,0 86.78387514,22.04654532,0 86.78384520,22.04653944,0 86.78384263,22.04658910,0 86.78378285,22.04660738,0 86.78377013,22.04656506,0 86.78375001,22.04653944,0 86.78372435,22.04655713,0 86.78371242,22.04657904,0 86.78368261,22.04657104,0 86.78365368,22.04653164,0 86.78362756,22.04648947,0 86.78356791,22.04648005,0 86.78354210,22.04645030,0 86.78353785,22.04644296,0 86.78353637,22.04644113,0 86.78356247,22.04640678,0 86.78358592,22.04637673,0 86.78361239,22.04639610,0 86.78364951,22.04641395,0 86.78369062,22.04643019,0 86.78371306,22.04645214,0 86.78371477,22.04645214,0 86.78374900,22.04645214,0 86.78376877,22.04643019,0 86.78374761,22.04637848,0 86.78372432,22.04632183,0 86.78374715,22.04629186,0 86.78376010,22.04629186,0 86.78379553,22.04629681,0 86.78381559,22.04633366,0 86.78383790,22.04636975,0 86.78388444,22.04638199,0 86.78392686,22.04643748,0 86.78397496,22.04651425,0 86.78402332,22.04652116,0</coordinates></LinearRing></innerBoundaryIs><innerBoundaryIs><LinearRing><coordinates>86.78295800,22.04721537,0 86.78286719,22.04693831,0 86.78276836,22.04698096,0 86.78273680,22.04691868,0 86.78275218,22.04684996,0 86.78279783,22.04682306,0 86.78280288,22.04682039,0 86.78285444,22.04684996,0 86.78285544,22.04688818,0 86.78295800,22.04721537,0</coordinates></LinearRing></innerBoundaryIs><innerBoundaryIs><LinearRing><coordinates>86.78235636,22.04750647,0 86.78232385,22.04749694,0 86.78223436,22.04747347,0 86.78221823,22.04740811,0 86.78221096,22.04735523,0 86.78226276,22.04734066,0 86.78234070,22.04736668,0 86.78236245,22.04738920,0 86.78238343,22.04743508,0 86.78235636,22.04750647,0</coordinates></LinearRing></innerBoundaryIs><innerBoundaryIs><LinearRing><coordinates>86.78220292,22.04729667,0 86.78219550,22.04724271,0 86.78214440,22.04727134,0 86.78205655,22.04728577,0 86.78199509,22.04728215,0 86.78199030,22.04724270,0 86.78200674,22.04718293,0 86.78204448,22.04714843,0 86.78214618,22.04714159,0 86.78219599,22.04723915,0 86.78220292,22.04729667,0</coordinates></LinearRing></innerBoundaryIs></Polygon></MultiGeometry>
		</Placemark>
		<Placemark id="ID_00014">
			<name>764547080</name>
			<Snippet maxLines="0"/>
			<description>&lt;html xmlns:fo="http://www.w3.org/1999/XSL/Format" xmlns:msxsl="urn:schemas-microsoft-com:xslt"&gt;

&lt;head&gt;

&lt;META http-equiv="Content-Type" content="text/html"&gt;

&lt;meta http-equiv="content-type" content="text/html; charset=UTF-8"&gt;

&lt;/head&gt;

&lt;body style="margin:0px 0px 0px 0px;overflow:auto;background:#FFFFFF;"&gt;

&lt;table style="font-family:Arial,Verdana,Times;font-size:12px;text-align:left;width:100%;border-collapse:collapse;padding:3px 3px 3px 3px"&gt;

&lt;tr style="text-align:center;font-weight:bold;background:#9CBCE2"&gt;

&lt;td&gt;764547080&lt;/td&gt;

&lt;/tr&gt;

&lt;tr&gt;

&lt;td&gt;

&lt;table style="font-family:Arial,Verdana,Times;font-size:12px;text-align:left;width:100%;border-spacing:0px; padding:3px 3px 3px 3px"&gt;

&lt;tr&gt;

&lt;td&gt;SHAPE&lt;/td&gt;

&lt;td&gt;Polygon&lt;/td&gt;

&lt;/tr&gt;

&lt;tr bgcolor="#D4E4F3"&gt;

&lt;td&gt;Name&lt;/td&gt;

&lt;td&gt;764547080&lt;/td&gt;

&lt;/tr&gt;

&lt;tr&gt;

&lt;td&gt;farmername&lt;/td&gt;

&lt;td&gt;Hadibandhu kar&lt;/td&gt;

&lt;/tr&gt;

&lt;tr bgcolor="#D4E4F3"&gt;

&lt;td&gt;state&lt;/td&gt;

&lt;td&gt;Odisha&lt;/td&gt;

&lt;/tr&gt;

&lt;tr&gt;

&lt;td&gt;district&lt;/td&gt;

&lt;td&gt;Mayurbhanj&lt;/td&gt;

&lt;/tr&gt;

&lt;tr bgcolor="#D4E4F3"&gt;

&lt;td&gt;block&lt;/td&gt;

&lt;td&gt;Samakhunta&lt;/td&gt;

&lt;/tr&gt;

&lt;tr&gt;

&lt;td&gt;grampanchayat&lt;/td&gt;

&lt;td&gt;Kalapathar&lt;/td&gt;

&lt;/tr&gt;

&lt;tr bgcolor="#D4E4F3"&gt;

&lt;td&gt;village&lt;/td&gt;

&lt;td&gt;Jhiliribani&lt;/td&gt;

&lt;/tr&gt;

&lt;tr&gt;

&lt;td&gt;_id&lt;/td&gt;

&lt;td&gt;764547080&lt;/td&gt;

&lt;/tr&gt;

&lt;tr bgcolor="#D4E4F3"&gt;

&lt;td&gt;latitude&lt;/td&gt;

&lt;td&gt;22.022&lt;/td&gt;

&lt;/tr&gt;

&lt;tr&gt;

&lt;td&gt;longitude&lt;/td&gt;

&lt;td&gt;86.619&lt;/td&gt;

&lt;/tr&gt;

&lt;tr bgcolor="#D4E4F3"&gt;

&lt;td&gt;area_ha&lt;/td&gt;

&lt;td&gt;5.167&lt;/td&gt;

&lt;/tr&gt;

&lt;tr&gt;

&lt;td&gt;LP_id&lt;/td&gt;

&lt;td&gt;LP15&lt;/td&gt;

&lt;/tr&gt;

&lt;tr bgcolor="#D4E4F3"&gt;

&lt;td&gt;Plantation_year&lt;/td&gt;

&lt;td&gt;2025&lt;/td&gt;

&lt;/tr&gt;

&lt;tr&gt;

&lt;td&gt;SHAPE_Length&lt;/td&gt;

&lt;td&gt;2354.790053&lt;/td&gt;

&lt;/tr&gt;

&lt;tr bgcolor="#D4E4F3"&gt;

&lt;td&gt;SHAPE_Area&lt;/td&gt;

&lt;td&gt;51632.672654&lt;/td&gt;

&lt;/tr&gt;

&lt;/table&gt;

&lt;/td&gt;

&lt;/tr&gt;

&lt;/table&gt;

&lt;/body&gt;

&lt;/html&gt;</description>
			<styleUrl>#PolyStyle00</styleUrl>
			<MultiGeometry>
				<Polygon><outerBoundaryIs><LinearRing><coordinates>86.61854419,22.02122174,0 86.61861203,22.02115115,0 86.61853990,22.02098296,0 86.61843581,22.02082658,0 86.61839543,22.02085715,0 86.61833855,22.02085277,0 86.61821553,22.02085277,0 86.61806825,22.02089697,0 86.61793417,22.02090590,0 86.61784187,22.02089252,0 86.61765089,22.02092389,0 86.61759059,22.02100140,0 86.61765646,22.02102463,0 86.61763811,22.02113398,0 86.61755476,22.02117301,0 86.61750268,22.02117301,0 86.61749319,22.02103397,0 86.61758819,22.02101067,0 86.61758820,22.02100255,0 86.61764810,22.02092384,0 86.61736850,22.02094190,0 86.61710633,22.02097669,0 86.61704307,22.02097669,0 86.61705225,22.02103318,0 86.61702803,22.02105090,0 86.61699630,22.02103760,0 86.61699831,22.02098528,0 86.61683886,22.02100691,0 86.61683086,22.02110275,0 86.61680630,22.02120104,0 86.61681236,22.02129427,0 86.61680616,22.02145591,0 86.61682345,22.02148897,0 86.61687720,22.02179470,0 86.61690313,22.02185856,0 86.61727998,22.02174792,0 86.61729297,22.02166011,0 86.61729583,22.02161308,0 86.61732078,22.02155565,0 86.61738085,22.02155281,0 86.61741515,22.02151910,0 86.61746082,22.02155521,0 86.61746735,22.02157558,0 86.61743614,22.02160437,0 86.61740017,22.02159569,0 86.61739659,22.02163353,0 86.61739251,22.02170511,0 86.61739860,22.02172641,0 86.61738034,22.02174792,0 86.61733848,22.02178526,0 86.61736078,22.02186502,0 86.61739597,22.02192168,0 86.61745775,22.02164006,0 86.61758179,22.02149443,0 86.61761979,22.02141825,0 86.61769678,22.02145571,0 86.61770980,22.02153833,0 86.61775715,22.02159814,0 86.61779862,22.02167458,0 86.61782243,22.02171688,0 86.61787713,22.02174141,0 86.61789662,22.02178077,0 86.61786448,22.02187814,0 86.61795453,22.02192167,0 86.61806250,22.02195312,0 86.61814903,22.02183914,0 86.61820510,22.02180714,0 86.61823992,22.02181032,0 86.61831574,22.02184739,0 86.61832754,22.02187196,0 86.61835386,22.02199127,0 86.61821730,22.02213500,0 86.61799936,22.02223663,0 86.61792572,22.02221606,0 86.61781326,22.02224351,0 86.61762188,22.02229909,0 86.61760262,22.02229209,0 86.61748942,22.02224352,0 86.61768258,22.02275429,0 86.61784370,22.02271474,0 86.61788538,22.02283468,0 86.61812134,22.02277822,0 86.61872055,22.02263689,0 86.61868336,22.02241296,0 86.61876410,22.02230983,0 86.61868895,22.02230609,0 86.61864328,22.02220241,0 86.61869292,22.02214226,0 86.61874259,22.02214934,0 86.61876882,22.02209861,0 86.61880407,22.02201786,0 86.61885190,22.02179054,0 86.61884926,22.02179033,0 86.61905661,22.02164233,0 86.61911452,22.02160459,0 86.61909983,22.02174542,0 86.61912190,22.02171052,0 86.61918929,22.02166132,0 86.61922360,22.02167729,0 86.61923009,22.02174870,0 86.61922762,22.02176189,0 86.61918597,22.02180856,0 86.61913091,22.02174871,0 86.61909991,22.02174871,0 86.61909542,22.02182204,0 86.61908858,22.02202445,0 86.61916193,22.02204932,0 86.61920673,22.02204282,0 86.61928476,22.02199127,0 86.61934007,22.02201051,0 86.61935245,22.02205437,0 86.61934897,22.02208499,0 86.61933643,22.02214029,0 86.61940704,22.02217716,0 86.61958199,22.02217208,0 86.61964278,22.02219944,0 86.61963655,22.02223224,0 86.61963320,22.02234983,0 86.61964981,22.02234983,0 86.61966355,22.02235252,0 86.61967067,22.02235252,0 86.61970582,22.02235521,0 86.61967688,22.02238502,0 86.61967162,22.02247127,0 86.61971854,22.02267561,0 86.61968213,22.02282656,0 86.61977890,22.02281390,0 86.61993855,22.02278376,0 86.61999752,22.02273874,0 86.62000269,22.02273874,0 86.62011506,22.02271970,0 86.62014574,22.02268209,0 86.62017446,22.02262678,0 86.62015099,22.02240968,0 86.62049076,22.02226291,0 86.62067651,22.02221696,0 86.62076912,22.02208528,0 86.62091337,22.02191886,0 86.62096178,22.02177481,0 86.62093906,22.02175813,0 86.62092862,22.02170072,0 86.62095278,22.02166857,0 86.62097349,22.02166061,0 86.62099060,22.02148352,0 86.62092064,22.02126281,0 86.62098759,22.02113399,0 86.62108574,22.02095128,0 86.62109990,22.02081359,0 86.62058689,22.02103673,0 86.62009525,22.02119263,0 86.61971994,22.02122302,0 86.61957728,22.02122256,0 86.61918789,22.02127132,0 86.61898697,22.02129114,0 86.61896412,22.02140033,0 86.61897438,22.02151759,0 86.61894696,22.02159960,0 86.61886825,22.02163475,0 86.61884928,22.02156482,0 86.61876266,22.02150057,0 86.61866820,22.02145424,0 86.61861718,22.02140444,0 86.61860551,22.02133921,0 86.61871841,22.02131909,0 86.61864294,22.02127923,0 86.61864747,22.02121648,0 86.61876284,22.02125949,0 86.61861173,22.02115496,0 86.61854419,22.02122174,0</coordinates></LinearRing></outerBoundaryIs><innerBoundaryIs><LinearRing><coordinates>86.61826587,22.02147161,0 86.61819128,22.02162722,0 86.61812170,22.02162429,0 86.61807807,22.02160392,0 86.61806417,22.02154959,0 86.61814945,22.02144763,0 86.61820303,22.02143957,0 86.61824282,22.02146383,0 86.61826587,22.02147161,0</coordinates></LinearRing></innerBoundaryIs><innerBoundaryIs><LinearRing><coordinates>86.61828615,22.02142930,0 86.61834218,22.02130479,0 86.61833026,22.02125555,0 86.61833333,22.02119712,0 86.61843973,22.02118557,0 86.61847713,22.02128805,0 86.61844169,22.02132310,0 86.61833980,22.02131737,0 86.61828615,22.02142930,0</coordinates></LinearRing></innerBoundaryIs><innerBoundaryIs><LinearRing><coordinates>86.61883287,22.02178899,0 86.61881387,22.02178743,0 86.61877844,22.02188234,0 86.61873379,22.02192127,0 86.61869729,22.02189630,0 86.61866491,22.02183955,0 86.61865074,22.02178373,0 86.61872759,22.02176269,0 86.61881680,22.02178743,0 86.61883287,22.02178899,0</coordinates></LinearRing></innerBoundaryIs></Polygon></MultiGeometry>
		</Placemark>
		<Placemark id="ID_00015">
			<name>764979543</name>
			<Snippet maxLines="0"/>
			<description>&lt;html xmlns:fo="http://www.w3.org/1999/XSL/Format" xmlns:msxsl="urn:schemas-microsoft-com:xslt"&gt;

&lt;head&gt;

&lt;META http-equiv="Content-Type" content="text/html"&gt;

&lt;meta http-equiv="content-type" content="text/html; charset=UTF-8"&gt;

&lt;/head&gt;

&lt;body style="margin:0px 0px 0px 0px;overflow:auto;background:#FFFFFF;"&gt;

&lt;table style="font-family:Arial,Verdana,Times;font-size:12px;text-align:left;width:100%;border-collapse:collapse;padding:3px 3px 3px 3px"&gt;

&lt;tr style="text-align:center;font-weight:bold;background:#9CBCE2"&gt;

&lt;td&gt;764979543&lt;/td&gt;

&lt;/tr&gt;

&lt;tr&gt;

&lt;td&gt;

&lt;table style="font-family:Arial,Verdana,Times;font-size:12px;text-align:left;width:100%;border-spacing:0px; padding:3px 3px 3px 3px"&gt;

&lt;tr&gt;

&lt;td&gt;SHAPE&lt;/td&gt;

&lt;td&gt;Polygon&lt;/td&gt;

&lt;/tr&gt;

&lt;tr bgcolor="#D4E4F3"&gt;

&lt;td&gt;Name&lt;/td&gt;

&lt;td&gt;764979543&lt;/td&gt;

&lt;/tr&gt;

&lt;tr&gt;

&lt;td&gt;farmername&lt;/td&gt;

&lt;td&gt;Satyabrata Praharaj&lt;/td&gt;

&lt;/tr&gt;

&lt;tr bgcolor="#D4E4F3"&gt;

&lt;td&gt;state&lt;/td&gt;

&lt;td&gt;Odisha&lt;/td&gt;

&lt;/tr&gt;

&lt;tr&gt;

&lt;td&gt;district&lt;/td&gt;

&lt;td&gt;Mayurbhanj&lt;/td&gt;

&lt;/tr&gt;

&lt;tr bgcolor="#D4E4F3"&gt;

&lt;td&gt;block&lt;/td&gt;

&lt;td&gt;Bangirposi&lt;/td&gt;

&lt;/tr&gt;

&lt;tr&gt;

&lt;td&gt;grampanchayat&lt;/td&gt;

&lt;td&gt;Nischinta&lt;/td&gt;

&lt;/tr&gt;

&lt;tr bgcolor="#D4E4F3"&gt;

&lt;td&gt;village&lt;/td&gt;

&lt;td&gt;Nischinta&lt;/td&gt;

&lt;/tr&gt;

&lt;tr&gt;

&lt;td&gt;_id&lt;/td&gt;

&lt;td&gt;764979543&lt;/td&gt;

&lt;/tr&gt;

&lt;tr bgcolor="#D4E4F3"&gt;

&lt;td&gt;latitude&lt;/td&gt;

&lt;td&gt;22.124&lt;/td&gt;

&lt;/tr&gt;

&lt;tr&gt;

&lt;td&gt;longitude&lt;/td&gt;

&lt;td&gt;86.501&lt;/td&gt;

&lt;/tr&gt;

&lt;tr bgcolor="#D4E4F3"&gt;

&lt;td&gt;area_ha&lt;/td&gt;

&lt;td&gt;0.942&lt;/td&gt;

&lt;/tr&gt;

&lt;tr&gt;

&lt;td&gt;LP_id&lt;/td&gt;

&lt;td&gt;LP16&lt;/td&gt;

&lt;/tr&gt;

&lt;tr bgcolor="#D4E4F3"&gt;

&lt;td&gt;Plantation_year&lt;/td&gt;

&lt;td&gt;2025&lt;/td&gt;

&lt;/tr&gt;

&lt;tr&gt;

&lt;td&gt;SHAPE_Length&lt;/td&gt;

&lt;td&gt;1057.232368&lt;/td&gt;

&lt;/tr&gt;

&lt;tr bgcolor="#D4E4F3"&gt;

&lt;td&gt;SHAPE_Area&lt;/td&gt;

&lt;td&gt;9416.600479&lt;/td&gt;

&lt;/tr&gt;

&lt;/table&gt;

&lt;/td&gt;

&lt;/tr&gt;

&lt;/table&gt;

&lt;/body&gt;

&lt;/html&gt;</description>
			<styleUrl>#PolyStyle00</styleUrl>
			<MultiGeometry>
				<Polygon><outerBoundaryIs><LinearRing><coordinates>86.50120999,22.12387172,0 86.50120967,22.12391734,0 86.50126282,22.12392413,0 86.50127926,22.12397936,0 86.50126788,22.12404656,0 86.50126548,22.12404656,0 86.50122528,22.12409253,0 86.50123001,22.12421014,0 86.50125922,22.12423134,0 86.50128212,22.12426558,0 86.50139258,22.12425661,0 86.50148839,22.12424253,0 86.50153167,22.12422336,0 86.50153202,22.12419926,0 86.50155116,22.12415967,0 86.50158794,22.12410988,0 86.50167035,22.12409355,0 86.50174796,22.12407466,0 86.50181730,22.12408004,0 86.50189844,22.12408273,0 86.50193212,22.12408543,0 86.50208660,22.12407735,0 86.50215779,22.12405064,0 86.50213866,22.12393476,0 86.50211910,22.12377653,0 86.50208357,22.12374462,0 86.50209235,22.12370439,0 86.50206993,22.12367372,0 86.50205344,22.12364997,0 86.50207181,22.12359093,0 86.50206548,22.12355221,0 86.50206285,22.12345319,0 86.50203587,22.12346501,0 86.50198746,22.12346028,0 86.50198130,22.12340889,0 86.50201656,22.12338368,0 86.50205778,22.12339739,0 86.50205262,22.12329220,0 86.50202286,22.12325054,0 86.50200239,22.12322587,0 86.50199186,22.12319287,0 86.50196818,22.12321770,0 86.50193145,22.12325054,0 86.50188000,22.12325882,0 86.50184280,22.12325882,0 86.50179661,22.12327824,0 86.50174683,22.12330906,0 86.50168615,22.12330906,0 86.50159062,22.12331188,0 86.50158773,22.12331188,0 86.50151835,22.12331188,0 86.50150968,22.12331188,0 86.50144139,22.12333171,0 86.50137396,22.12339505,0 86.50139848,22.12346434,0 86.50142187,22.12347615,0 86.50145153,22.12349726,0 86.50143508,22.12355127,0 86.50150389,22.12366810,0 86.50143334,22.12354945,0 86.50139865,22.12355934,0 86.50133320,22.12358269,0 86.50124453,22.12361894,0 86.50117731,22.12364322,0 86.50120397,22.12366293,0 86.50120084,22.12368657,0 86.50118653,22.12372063,0 86.50115075,22.12371054,0 86.50111705,22.12368856,0 86.50106848,22.12368856,0 86.50102477,22.12370452,0 86.50097477,22.12372063,0 86.50092781,22.12373894,0 86.50087052,22.12373078,0 86.50079404,22.12371763,0 86.50078218,22.12371457,0 86.50075608,22.12372468,0 86.50074851,22.12376158,0 86.50074457,22.12378451,0 86.50073968,22.12382699,0 86.50075717,22.12387050,0 86.50074424,22.12393095,0 86.50076459,22.12400289,0 86.50076730,22.12408264,0 86.50080212,22.12419179,0 86.50080379,22.12419440,0 86.50082170,22.12424738,0 86.50077621,22.12427987,0 86.50090622,22.12426783,0 86.50095345,22.12426898,0 86.50097127,22.12423134,0 86.50097759,22.12422071,0 86.50101636,22.12418918,0 86.50104510,22.12420488,0 86.50104733,22.12420488,0 86.50106497,22.12423667,0 86.50104054,22.12429355,0 86.50108775,22.12429906,0 86.50109991,22.12426085,0 86.50110218,22.12426085,0 86.50114977,22.12426085,0 86.50115808,22.12428533,0 86.50122673,22.12430457,0 86.50119943,22.12428259,0 86.50120628,22.12424202,0 86.50122834,22.12420488,0 86.50111768,22.12419701,0 86.50110241,22.12417877,0 86.50111151,22.12414535,0 86.50113183,22.12404597,0 86.50107103,22.12405082,0 86.50103932,22.12411499,0 86.50096765,22.12412506,0 86.50090854,22.12412506,0 86.50090197,22.12412506,0 86.50085640,22.12411248,0 86.50085814,22.12407279,0 86.50089542,22.12404840,0 86.50095823,22.12409253,0 86.50101920,22.12406544,0 86.50101704,22.12406544,0 86.50106056,22.12402192,0 86.50110671,22.12401238,0 86.50115571,22.12393322,0 86.50116049,22.12392867,0 86.50120787,22.12391508,0 86.50120999,22.12387172,0</coordinates></LinearRing></outerBoundaryIs><innerBoundaryIs><LinearRing><coordinates>86.50121039,22.12386355,0 86.50121058,22.12385952,0 86.50117418,22.12381200,0 86.50117677,22.12380775,0 86.50117761,22.12378661,0 86.50120267,22.12377822,0 86.50124539,22.12379459,0 86.50131638,22.12376049,0 86.50129692,22.12375320,0 86.50128942,22.12371712,0 86.50132084,22.12371266,0 86.50138074,22.12371043,0 86.50135821,22.12374185,0 86.50124555,22.12379456,0 86.50124815,22.12381627,0 86.50123100,22.12384210,0 86.50121039,22.12386355,0</coordinates></LinearRing></innerBoundaryIs><innerBoundaryIs><LinearRing><coordinates>86.50135431,22.12404656,0 86.50135365,22.12399468,0 86.50138778,22.12394906,0 86.50141191,22.12397428,0 86.50139985,22.12401269,0 86.50137112,22.12404656,0 86.50135431,22.12404656,0</coordinates></LinearRing></innerBoundaryIs><innerBoundaryIs><LinearRing><coordinates>86.50155076,22.12374693,0 86.50156650,22.12373689,0 86.50159660,22.12370452,0 86.50163376,22.12369253,0 86.50164161,22.12367274,0 86.50165135,22.12361661,0 86.50165325,22.12361661,0 86.50168891,22.12356968,0 86.50169266,22.12356968,0 86.50173156,22.12357210,0 86.50176571,22.12357301,0 86.50178318,22.12358714,0 86.50178193,22.12359956,0 86.50178965,22.12360334,0 86.50179723,22.12360334,0 86.50181097,22.12365512,0 86.50181047,22.12368657,0 86.50179192,22.12370853,0 86.50174172,22.12373281,0 86.50172653,22.12375950,0 86.50176579,22.12374713,0 86.50182289,22.12374303,0 86.50181670,22.12378032,0 86.50176498,22.12378451,0 86.50171757,22.12381413,0 86.50167746,22.12383993,0 86.50164905,22.12385079,0 86.50160213,22.12385952,0 86.50159071,22.12381414,0 86.50155076,22.12374693,0</coordinates></LinearRing></innerBoundaryIs><innerBoundaryIs><LinearRing><coordinates>86.50182469,22.12350841,0 86.50183810,22.12349367,0 86.50178552,22.12345791,0 86.50174376,22.12347452,0 86.50170138,22.12343909,0 86.50175438,22.12342045,0 86.50179973,22.12342742,0 86.50180204,22.12342509,0 86.50181350,22.12341813,0 86.50183847,22.12342045,0 86.50186575,22.12342277,0 86.50185892,22.12347214,0 86.50182469,22.12350841,0</coordinates></LinearRing></innerBoundaryIs></Polygon></MultiGeometry>
		</Placemark>
		<Placemark id="ID_00016">
			<name>764888768</name>
			<Snippet maxLines="0"/>
			<description>&lt;html xmlns:fo="http://www.w3.org/1999/XSL/Format" xmlns:msxsl="urn:schemas-microsoft-com:xslt"&gt;

&lt;head&gt;

&lt;META http-equiv="Content-Type" content="text/html"&gt;

&lt;meta http-equiv="content-type" content="text/html; charset=UTF-8"&gt;

&lt;/head&gt;

&lt;body style="margin:0px 0px 0px 0px;overflow:auto;background:#FFFFFF;"&gt;

&lt;table style="font-family:Arial,Verdana,Times;font-size:12px;text-align:left;width:100%;border-collapse:collapse;padding:3px 3px 3px 3px"&gt;

&lt;tr style="text-align:center;font-weight:bold;background:#9CBCE2"&gt;

&lt;td&gt;764888768&lt;/td&gt;

&lt;/tr&gt;

&lt;tr&gt;

&lt;td&gt;

&lt;table style="font-family:Arial,Verdana,Times;font-size:12px;text-align:left;width:100%;border-spacing:0px; padding:3px 3px 3px 3px"&gt;

&lt;tr&gt;

&lt;td&gt;SHAPE&lt;/td&gt;

&lt;td&gt;Polygon&lt;/td&gt;

&lt;/tr&gt;

&lt;tr bgcolor="#D4E4F3"&gt;

&lt;td&gt;Name&lt;/td&gt;

&lt;td&gt;764888768&lt;/td&gt;

&lt;/tr&gt;

&lt;tr&gt;

&lt;td&gt;farmername&lt;/td&gt;

&lt;td&gt;Kailash Mohanta&lt;/td&gt;

&lt;/tr&gt;

&lt;tr bgcolor="#D4E4F3"&gt;

&lt;td&gt;state&lt;/td&gt;

&lt;td&gt;Odisha&lt;/td&gt;

&lt;/tr&gt;

&lt;tr&gt;

&lt;td&gt;district&lt;/td&gt;

&lt;td&gt;Mayurbhanj&lt;/td&gt;

&lt;/tr&gt;

&lt;tr bgcolor="#D4E4F3"&gt;

&lt;td&gt;block&lt;/td&gt;

&lt;td&gt;Samakhunta&lt;/td&gt;

&lt;/tr&gt;

&lt;tr&gt;

&lt;td&gt;grampanchayat&lt;/td&gt;

&lt;td&gt;Kalapathar&lt;/td&gt;

&lt;/tr&gt;

&lt;tr bgcolor="#D4E4F3"&gt;

&lt;td&gt;village&lt;/td&gt;

&lt;td&gt;Hinjolgadia&lt;/td&gt;

&lt;/tr&gt;

&lt;tr&gt;

&lt;td&gt;_id&lt;/td&gt;

&lt;td&gt;764888768&lt;/td&gt;

&lt;/tr&gt;

&lt;tr bgcolor="#D4E4F3"&gt;

&lt;td&gt;latitude&lt;/td&gt;

&lt;td&gt;21.987&lt;/td&gt;

&lt;/tr&gt;

&lt;tr&gt;

&lt;td&gt;longitude&lt;/td&gt;

&lt;td&gt;86.605&lt;/td&gt;

&lt;/tr&gt;

&lt;tr bgcolor="#D4E4F3"&gt;

&lt;td&gt;area_ha&lt;/td&gt;

&lt;td&gt;7.291&lt;/td&gt;

&lt;/tr&gt;

&lt;tr&gt;

&lt;td&gt;LP_id&lt;/td&gt;

&lt;td&gt;LP17&lt;/td&gt;

&lt;/tr&gt;

&lt;tr bgcolor="#D4E4F3"&gt;

&lt;td&gt;Plantation_year&lt;/td&gt;

&lt;td&gt;2025&lt;/td&gt;

&lt;/tr&gt;

&lt;tr&gt;

&lt;td&gt;SHAPE_Length&lt;/td&gt;

&lt;td&gt;3792.709076&lt;/td&gt;

&lt;/tr&gt;

&lt;tr bgcolor="#D4E4F3"&gt;

&lt;td&gt;SHAPE_Area&lt;/td&gt;

&lt;td&gt;72857.301952&lt;/td&gt;

&lt;/tr&gt;

&lt;/table&gt;

&lt;/td&gt;

&lt;/tr&gt;

&lt;/table&gt;

&lt;/body&gt;

&lt;/html&gt;</description>
			<styleUrl>#PolyStyle00</styleUrl>
			<MultiGeometry>
				<Polygon><outerBoundaryIs><LinearRing><coordinates>86.60426039,21.98601742,0 86.60425594,21.98600838,0 86.60418516,21.98603118,0 86.60411360,21.98598787,0 86.60401246,21.98604306,0 86.60401095,21.98611090,0 86.60403326,21.98621646,0 86.60400574,21.98632424,0 86.60401869,21.98641297,0 86.60408798,21.98647193,0 86.60410005,21.98654112,0 86.60409100,21.98661210,0 86.60412276,21.98682868,0 86.60420467,21.98678722,0 86.60429571,21.98681872,0 86.60433713,21.98688635,0 86.60433683,21.98696289,0 86.60427802,21.98700003,0 86.60417850,21.98707961,0 86.60417226,21.98717831,0 86.60422715,21.98735325,0 86.60437432,21.98745165,0 86.60448383,21.98748032,0 86.60454798,21.98732123,0 86.60448359,21.98748513,0 86.60456787,21.98755315,0 86.60463180,21.98765254,0 86.60457797,21.98766385,0 86.60451116,21.98773249,0 86.60450504,21.98777120,0 86.60458120,21.98784589,0 86.60464678,21.98786980,0 86.60473154,21.98780639,0 86.60477799,21.98781271,0 86.60484920,21.98791404,0 86.60492910,21.98808798,0 86.60489740,21.98813791,0 86.60453460,21.98831466,0 86.60461737,21.98841162,0 86.60465539,21.98854177,0 86.60471007,21.98861981,0 86.60477059,21.98872135,0 86.60479904,21.98882076,0 86.60475067,21.98891225,0 86.60474023,21.98892318,0 86.60466170,21.98905706,0 86.60491636,21.98979907,0 86.60510567,21.98979212,0 86.60515427,21.98968264,0 86.60533604,21.98966917,0 86.60533175,21.98957620,0 86.60533596,21.98950473,0 86.60540413,21.98947907,0 86.60557825,21.98937819,0 86.60570624,21.98925588,0 86.60582594,21.98920216,0 86.60585300,21.98916093,0 86.60578901,21.98906844,0 86.60570848,21.98902310,0 86.60570475,21.98895064,0 86.60570542,21.98888508,0 86.60574085,21.98881016,0 86.60570656,21.98877330,0 86.60561594,21.98877854,0 86.60552106,21.98877854,0 86.60543780,21.98880487,0 86.60541531,21.98882076,0 86.60535626,21.98886351,0 86.60532780,21.98883140,0 86.60534456,21.98877330,0 86.60545380,21.98874203,0 86.60557089,21.98870079,0 86.60560707,21.98861981,0 86.60567039,21.98860982,0 86.60585439,21.98852616,0 86.60599553,21.98852616,0 86.60604636,21.98855054,0 86.60607053,21.98862481,0 86.60610865,21.98879958,0 86.60614880,21.98890136,0 86.60622047,21.98892317,0 86.60626659,21.98889050,0 86.60630816,21.98891771,0 86.60630884,21.98898389,0 86.60629453,21.98909134,0 86.60638331,21.98907415,0 86.60644093,21.98901747,0 86.60641923,21.98892865,0 86.60640530,21.98882607,0 86.60636364,21.98874722,0 86.60637248,21.98865499,0 86.60633805,21.98855054,0 86.60633967,21.98852130,0 86.60626707,21.98854424,0 86.60617644,21.98856526,0 86.60612785,21.98851080,0 86.60612371,21.98845586,0 86.60617063,21.98840904,0 86.60623648,21.98834539,0 86.60623927,21.98822542,0 86.60623655,21.98814265,0 86.60619792,21.98791389,0 86.60618870,21.98779900,0 86.60612326,21.98782041,0 86.60604403,21.98786709,0 86.60594027,21.98789071,0 86.60590189,21.98784755,0 86.60591553,21.98779735,0 86.60594607,21.98773633,0 86.60601726,21.98776311,0 86.60609198,21.98778971,0 86.60612050,21.98777448,0 86.60613117,21.98771064,0 86.60611715,21.98765913,0 86.60607883,21.98761571,0 86.60608866,21.98753783,0 86.60609904,21.98747572,0 86.60611417,21.98738513,0 86.60613348,21.98733330,0 86.60610288,21.98711441,0 86.60603147,21.98703351,0 86.60598806,21.98696256,0 86.60602270,21.98687713,0 86.60597819,21.98676648,0 86.60590973,21.98676319,0 86.60591367,21.98668450,0 86.60588513,21.98655690,0 86.60588429,21.98654871,0 86.60589387,21.98636158,0 86.60581650,21.98617069,0 86.60581741,21.98617007,0 86.60578866,21.98610674,0 86.60573277,21.98598632,0 86.60564012,21.98583975,0 86.60563294,21.98583832,0 86.60559613,21.98574266,0 86.60556076,21.98575785,0 86.60549774,21.98574263,0 86.60544060,21.98565247,0 86.60543024,21.98553508,0 86.60545120,21.98544908,0 86.60551563,21.98541142,0 86.60550485,21.98526719,0 86.60546216,21.98526388,0 86.60540622,21.98528044,0 86.60536428,21.98522132,0 86.60536444,21.98522126,0 86.60537177,21.98516965,0 86.60548458,21.98512525,0 86.60541497,21.98469174,0 86.60534224,21.98471065,0 86.60532941,21.98477388,0 86.60528605,21.98480793,0 86.60522827,21.98484651,0 86.60513967,21.98479939,0 86.60494848,21.98478237,0 86.60484006,21.98482711,0 86.60466293,21.98488500,0 86.60455572,21.98496918,0 86.60452753,21.98504460,0 86.60460670,21.98508464,0 86.60467449,21.98510019,0 86.60462382,21.98514104,0 86.60454469,21.98515372,0 86.60448625,21.98513787,0 86.60455211,21.98497216,0 86.60439447,21.98499032,0 86.60431773,21.98505888,0 86.60428131,21.98511820,0 86.60427940,21.98512678,0 86.60416464,21.98520957,0 86.60419132,21.98532625,0 86.60423697,21.98539860,0 86.60430026,21.98540675,0 86.60433082,21.98538274,0 86.60435643,21.98529058,0 86.60444540,21.98534739,0 86.60447207,21.98545659,0 86.60447163,21.98545910,0 86.60435846,21.98548986,0 86.60435137,21.98548976,0 86.60425310,21.98553076,0 86.60425393,21.98557810,0 86.60432044,21.98557450,0 86.60437265,21.98562884,0 86.60437003,21.98568748,0 86.60440605,21.98582968,0 86.60440272,21.98593716,0 86.60425672,21.98600454,0 86.60426039,21.98601742,0</coordinates></LinearRing></outerBoundaryIs><innerBoundaryIs><LinearRing><coordinates>86.60594607,21.98773633,0 86.60579681,21.98762253,0 86.60571940,21.98767140,0 86.60564842,21.98773248,0 86.60558455,21.98771711,0 86.60543616,21.98777898,0 86.60538784,21.98785782,0 86.60536217,21.98792620,0 86.60542618,21.98798347,0 86.60547547,21.98804163,0 86.60538046,21.98806263,0 86.60531317,21.98798347,0 86.60522131,21.98795472,0 86.60511958,21.98802076,0 86.60509908,21.98803327,0 86.60501599,21.98804164,0 86.60504089,21.98793026,0 86.60509627,21.98791404,0 86.60516972,21.98785384,0 86.60525843,21.98784192,0 86.60528776,21.98779070,0 86.60532613,21.98769800,0 86.60558079,21.98771711,0 86.60554814,21.98763750,0 86.60561163,21.98758170,0 86.60568161,21.98756329,0 86.60574063,21.98757801,0 86.60594607,21.98773633,0</coordinates></LinearRing></innerBoundaryIs><innerBoundaryIs><LinearRing><coordinates>86.60519355,21.98528297,0 86.60517212,21.98529101,0 86.60520859,21.98536127,0 86.60516832,21.98543386,0 86.60508169,21.98541285,0 86.60508247,21.98541230,0 86.60509995,21.98533747,0 86.60514516,21.98530044,0 86.60519355,21.98528297,0</coordinates></LinearRing></innerBoundaryIs><innerBoundaryIs><LinearRing><coordinates>86.60464720,21.98571987,0 86.60466021,21.98579610,0 86.60463541,21.98582236,0 86.60459836,21.98579936,0 86.60459909,21.98575387,0 86.60464720,21.98571987,0</coordinates></LinearRing></innerBoundaryIs><innerBoundaryIs><LinearRing><coordinates>86.60542854,21.98580185,0 86.60542690,21.98583118,0 86.60548805,21.98591319,0 86.60544358,21.98597568,0 86.60535574,21.98593015,0 86.60501945,21.98601600,0 86.60506692,21.98609539,0 86.60506931,21.98609704,0 86.60505452,21.98616690,0 86.60500133,21.98618086,0 86.60495145,21.98613917,0 86.60497519,21.98602179,0 86.60535447,21.98592977,0 86.60527902,21.98589583,0 86.60526214,21.98586987,0 86.60528001,21.98577152,0 86.60542854,21.98580185,0</coordinates></LinearRing></innerBoundaryIs><innerBoundaryIs><LinearRing><coordinates>86.60503388,21.98635793,0 86.60510869,21.98636490,0 86.60509077,21.98642474,0 86.60505454,21.98646050,0 86.60500816,21.98642116,0 86.60503346,21.98636139,0 86.60503388,21.98635793,0</coordinates></LinearRing></innerBoundaryIs><innerBoundaryIs><LinearRing><coordinates>86.60522382,21.98620387,0 86.60527909,21.98624208,0 86.60529549,21.98623540,0 86.60534779,21.98621217,0 86.60534548,21.98627234,0 86.60531329,21.98626895,0 86.60522382,21.98620387,0</coordinates></LinearRing></innerBoundaryIs><innerBoundaryIs><LinearRing><coordinates>86.60578756,21.98619011,0 86.60577070,21.98620200,0 86.60581054,21.98625541,0 86.60580538,21.98629437,0 86.60574458,21.98635211,0 86.60574156,21.98635505,0 86.60562442,21.98635013,0 86.60559925,21.98630491,0 86.60558029,21.98631547,0 86.60553105,21.98631280,0 86.60550053,21.98623472,0 86.60554757,21.98621179,0 86.60559697,21.98623219,0 86.60562887,21.98627349,0 86.60563466,21.98621944,0 86.60569349,21.98621821,0 86.60576956,21.98620219,0 86.60578756,21.98619011,0</coordinates></LinearRing></innerBoundaryIs><innerBoundaryIs><LinearRing><coordinates>86.60569731,21.98639817,0 86.60562302,21.98647055,0 86.60556820,21.98658327,0 86.60562606,21.98661614,0 86.60561288,21.98671319,0 86.60555066,21.98671319,0 86.60551562,21.98665265,0 86.60556817,21.98658654,0 86.60551954,21.98660954,0 86.60549036,21.98661614,0 86.60544994,21.98655394,0 86.60545484,21.98648643,0 86.60551184,21.98649281,0 86.60557202,21.98651200,0 86.60569731,21.98639817,0</coordinates></LinearRing></innerBoundaryIs><innerBoundaryIs><LinearRing><coordinates>86.60454802,21.98732113,0 86.60448833,21.98730745,0 86.60442156,21.98721782,0 86.60445619,21.98716526,0 86.60447189,21.98716526,0 86.60456334,21.98716883,0 86.60456315,21.98716896,0 86.60458339,21.98723110,0 86.60454802,21.98732113,0</coordinates></LinearRing></innerBoundaryIs><innerBoundaryIs><LinearRing><coordinates>86.60482446,21.98699004,0 86.60478635,21.98695184,0 86.60476320,21.98692221,0 86.60477752,21.98688423,0 86.60478720,21.98684097,0 86.60483030,21.98681858,0 86.60483028,21.98682383,0 86.60486353,21.98683524,0 86.60492258,21.98685056,0 86.60493959,21.98694772,0 86.60502561,21.98700835,0 86.60506847,21.98698271,0 86.60512679,21.98694298,0 86.60515734,21.98689317,0 86.60514216,21.98686180,0 86.60510843,21.98679985,0 86.60510895,21.98670459,0 86.60512746,21.98670888,0 86.60514228,21.98671745,0 86.60520182,21.98673898,0 86.60519879,21.98683958,0 86.60511137,21.98696584,0 86.60518205,21.98702768,0 86.60516485,21.98705033,0 86.60511646,21.98706333,0 86.60507933,21.98705033,0 86.60493361,21.98694455,0 86.60482583,21.98698911,0 86.60482446,21.98699004,0</coordinates></LinearRing></innerBoundaryIs><innerBoundaryIs><LinearRing><coordinates>86.60483096,21.98668175,0 86.60483039,21.98629747,0 86.60476923,21.98630942,0 86.60471975,21.98629298,0 86.60472351,21.98628948,0 86.60471195,21.98627374,0 86.60474136,21.98620832,0 86.60475277,21.98616024,0 86.60480160,21.98614215,0 86.60482273,21.98614440,0 86.60483329,21.98619450,0 86.60483096,21.98668175,0</coordinates></LinearRing></innerBoundaryIs><innerBoundaryIs><LinearRing><coordinates>86.60469206,21.98631876,0 86.60465979,21.98635078,0 86.60471118,21.98637407,0 86.60475294,21.98638578,0 86.60474889,21.98645681,0 86.60472099,21.98644486,0 86.60467234,21.98642504,0 86.60464103,21.98636627,0 86.60469206,21.98631876,0</coordinates></LinearRing></innerBoundaryIs><innerBoundaryIs><LinearRing><coordinates>86.60427065,21.98603824,0 86.60436414,21.98601606,0 86.60436764,21.98601990,0 86.60440494,21.98607027,0 86.60440136,21.98611343,0 86.60435061,21.98613321,0 86.60431354,21.98612528,0 86.60427065,21.98603824,0</coordinates></LinearRing></innerBoundaryIs></Polygon></MultiGeometry>
		</Placemark>
		<Placemark id="ID_00017">
			<name>765373790</name>
			<Snippet maxLines="0"/>
			<description>&lt;html xmlns:fo="http://www.w3.org/1999/XSL/Format" xmlns:msxsl="urn:schemas-microsoft-com:xslt"&gt;

&lt;head&gt;

&lt;META http-equiv="Content-Type" content="text/html"&gt;

&lt;meta http-equiv="content-type" content="text/html; charset=UTF-8"&gt;

&lt;/head&gt;

&lt;body style="margin:0px 0px 0px 0px;overflow:auto;background:#FFFFFF;"&gt;

&lt;table style="font-family:Arial,Verdana,Times;font-size:12px;text-align:left;width:100%;border-collapse:collapse;padding:3px 3px 3px 3px"&gt;

&lt;tr style="text-align:center;font-weight:bold;background:#9CBCE2"&gt;

&lt;td&gt;765373790&lt;/td&gt;

&lt;/tr&gt;

&lt;tr&gt;

&lt;td&gt;

&lt;table style="font-family:Arial,Verdana,Times;font-size:12px;text-align:left;width:100%;border-spacing:0px; padding:3px 3px 3px 3px"&gt;

&lt;tr&gt;

&lt;td&gt;SHAPE&lt;/td&gt;

&lt;td&gt;Polygon&lt;/td&gt;

&lt;/tr&gt;

&lt;tr bgcolor="#D4E4F3"&gt;

&lt;td&gt;Name&lt;/td&gt;

&lt;td&gt;765373790&lt;/td&gt;

&lt;/tr&gt;

&lt;tr&gt;

&lt;td&gt;farmername&lt;/td&gt;

&lt;td&gt;Amulya Pradhan&lt;/td&gt;

&lt;/tr&gt;

&lt;tr bgcolor="#D4E4F3"&gt;

&lt;td&gt;state&lt;/td&gt;

&lt;td&gt;Odisha&lt;/td&gt;

&lt;/tr&gt;

&lt;tr&gt;

&lt;td&gt;district&lt;/td&gt;

&lt;td&gt;Mayurbhanj&lt;/td&gt;

&lt;/tr&gt;

&lt;tr bgcolor="#D4E4F3"&gt;

&lt;td&gt;block&lt;/td&gt;

&lt;td&gt;Bangirposi&lt;/td&gt;

&lt;/tr&gt;

&lt;tr&gt;

&lt;td&gt;grampanchayat&lt;/td&gt;

&lt;td&gt;Nafri&lt;/td&gt;

&lt;/tr&gt;

&lt;tr bgcolor="#D4E4F3"&gt;

&lt;td&gt;village&lt;/td&gt;

&lt;td&gt;Uania&lt;/td&gt;

&lt;/tr&gt;

&lt;tr&gt;

&lt;td&gt;_id&lt;/td&gt;

&lt;td&gt;765373790&lt;/td&gt;

&lt;/tr&gt;

&lt;tr bgcolor="#D4E4F3"&gt;

&lt;td&gt;latitude&lt;/td&gt;

&lt;td&gt;22.13&lt;/td&gt;

&lt;/tr&gt;

&lt;tr&gt;

&lt;td&gt;longitude&lt;/td&gt;

&lt;td&gt;86.59&lt;/td&gt;

&lt;/tr&gt;

&lt;tr bgcolor="#D4E4F3"&gt;

&lt;td&gt;area_ha&lt;/td&gt;

&lt;td&gt;1.118&lt;/td&gt;

&lt;/tr&gt;

&lt;tr&gt;

&lt;td&gt;LP_id&lt;/td&gt;

&lt;td&gt;LP18&lt;/td&gt;

&lt;/tr&gt;

&lt;tr bgcolor="#D4E4F3"&gt;

&lt;td&gt;Plantation_year&lt;/td&gt;

&lt;td&gt;2025&lt;/td&gt;

&lt;/tr&gt;

&lt;tr&gt;

&lt;td&gt;SHAPE_Length&lt;/td&gt;

&lt;td&gt;427.837802&lt;/td&gt;

&lt;/tr&gt;

&lt;tr bgcolor="#D4E4F3"&gt;

&lt;td&gt;SHAPE_Area&lt;/td&gt;

&lt;td&gt;11169.823922&lt;/td&gt;

&lt;/tr&gt;

&lt;/table&gt;

&lt;/td&gt;

&lt;/tr&gt;

&lt;/table&gt;

&lt;/body&gt;

&lt;/html&gt;</description>
			<styleUrl>#PolyStyle00</styleUrl>
			<MultiGeometry>
				<Polygon>
					<outerBoundaryIs>
						<LinearRing>
							<coordinates>
								86.58994538590198,22.13004229418753,0 86.59006533887994,22.12996434432918,0 86.5904095059245,22.12989756331854,0 86.59055868703523,22.12992601964197,0 86.59061249759758,22.13011699516759,0 86.59058826212967,22.13041623573219,0 86.59044831002764,22.13064200219453,0 86.59039978955428,22.13065949996678,0 86.59017306686364,22.13076021397463,0 86.59003114072875,22.13094466957687,0 86.58993544959378,22.13111189542696,0 86.58984179986105,22.13115199990617,0 86.58979349973953,22.13117000035221,0 86.58970999976574,22.13113499958011,0 86.58963829969838,22.13102670008342,0 86.58950829951712,22.13076499954795,0 86.58944256830748,22.13061881175152,0 86.58938557310253,22.13040531900877,0 86.58933048977363,22.13030307075897,0 86.58938961832554,22.13021398995089,0 86.58959855045742,22.13014734384307,0 86.58968357913294,22.13015751424171,0 86.58977163222406,22.13013719977168,0 86.58987912952287,22.13009192186024,0 86.58994538590198,22.13004229418753,0 
							</coordinates>
						</LinearRing>
					</outerBoundaryIs>
				</Polygon>
			</MultiGeometry>
		</Placemark>
		<Placemark id="ID_00018">
			<name>763492655</name>
			<Snippet maxLines="0"/>
			<description>&lt;html xmlns:fo="http://www.w3.org/1999/XSL/Format" xmlns:msxsl="urn:schemas-microsoft-com:xslt"&gt;

&lt;head&gt;

&lt;META http-equiv="Content-Type" content="text/html"&gt;

&lt;meta http-equiv="content-type" content="text/html; charset=UTF-8"&gt;

&lt;/head&gt;

&lt;body style="margin:0px 0px 0px 0px;overflow:auto;background:#FFFFFF;"&gt;

&lt;table style="font-family:Arial,Verdana,Times;font-size:12px;text-align:left;width:100%;border-collapse:collapse;padding:3px 3px 3px 3px"&gt;

&lt;tr style="text-align:center;font-weight:bold;background:#9CBCE2"&gt;

&lt;td&gt;763492655&lt;/td&gt;

&lt;/tr&gt;

&lt;tr&gt;

&lt;td&gt;

&lt;table style="font-family:Arial,Verdana,Times;font-size:12px;text-align:left;width:100%;border-spacing:0px; padding:3px 3px 3px 3px"&gt;

&lt;tr&gt;

&lt;td&gt;SHAPE&lt;/td&gt;

&lt;td&gt;Polygon&lt;/td&gt;

&lt;/tr&gt;

&lt;tr bgcolor="#D4E4F3"&gt;

&lt;td&gt;Name&lt;/td&gt;

&lt;td&gt;763492655&lt;/td&gt;

&lt;/tr&gt;

&lt;tr&gt;

&lt;td&gt;farmername&lt;/td&gt;

&lt;td&gt;Rani Majhi&lt;/td&gt;

&lt;/tr&gt;

&lt;tr bgcolor="#D4E4F3"&gt;

&lt;td&gt;state&lt;/td&gt;

&lt;td&gt;Odisha&lt;/td&gt;

&lt;/tr&gt;

&lt;tr&gt;

&lt;td&gt;district&lt;/td&gt;

&lt;td&gt;Mayurbhanj&lt;/td&gt;

&lt;/tr&gt;

&lt;tr bgcolor="#D4E4F3"&gt;

&lt;td&gt;block&lt;/td&gt;

&lt;td&gt;Kuliana&lt;/td&gt;

&lt;/tr&gt;

&lt;tr&gt;

&lt;td&gt;grampanchayat&lt;/td&gt;

&lt;td&gt;Nodhana&lt;/td&gt;

&lt;/tr&gt;

&lt;tr bgcolor="#D4E4F3"&gt;

&lt;td&gt;village&lt;/td&gt;

&lt;td&gt;Kothabila&lt;/td&gt;

&lt;/tr&gt;

&lt;tr&gt;

&lt;td&gt;_id&lt;/td&gt;

&lt;td&gt;763492655&lt;/td&gt;

&lt;/tr&gt;

&lt;tr bgcolor="#D4E4F3"&gt;

&lt;td&gt;latitude&lt;/td&gt;

&lt;td&gt;22.096&lt;/td&gt;

&lt;/tr&gt;

&lt;tr&gt;

&lt;td&gt;longitude&lt;/td&gt;

&lt;td&gt;86.724&lt;/td&gt;

&lt;/tr&gt;

&lt;tr bgcolor="#D4E4F3"&gt;

&lt;td&gt;area_ha&lt;/td&gt;

&lt;td&gt;10.561&lt;/td&gt;

&lt;/tr&gt;

&lt;tr&gt;

&lt;td&gt;LP_id&lt;/td&gt;

&lt;td&gt;LP19&lt;/td&gt;

&lt;/tr&gt;

&lt;tr bgcolor="#D4E4F3"&gt;

&lt;td&gt;Plantation_year&lt;/td&gt;

&lt;td&gt;2025&lt;/td&gt;

&lt;/tr&gt;

&lt;tr&gt;

&lt;td&gt;SHAPE_Length&lt;/td&gt;

&lt;td&gt;4369.767919&lt;/td&gt;

&lt;/tr&gt;

&lt;tr bgcolor="#D4E4F3"&gt;

&lt;td&gt;SHAPE_Area&lt;/td&gt;

&lt;td&gt;105529.996621&lt;/td&gt;

&lt;/tr&gt;

&lt;/table&gt;

&lt;/td&gt;

&lt;/tr&gt;

&lt;/table&gt;

&lt;/body&gt;

&lt;/html&gt;</description>
			<styleUrl>#PolyStyle00</styleUrl>
			<MultiGeometry>
				<Polygon><outerBoundaryIs><LinearRing><coordinates>86.72204105,22.09834617,0 86.72213984,22.09864944,0 86.72215800,22.09871192,0 86.72218611,22.09871339,0 86.72273695,22.09829904,0 86.72271924,22.09824589,0 86.72264988,22.09774517,0 86.72259809,22.09772771,0 86.72256855,22.09766992,0 86.72261433,22.09767299,0 86.72264993,22.09774228,0 86.72272947,22.09825234,0 86.72284285,22.09818560,0 86.72304547,22.09802665,0 86.72314316,22.09792613,0 86.72327567,22.09788936,0 86.72342316,22.09780025,0 86.72342528,22.09767899,0 86.72350565,22.09766991,0 86.72357491,22.09765073,0 86.72355380,22.09758800,0 86.72359582,22.09753774,0 86.72370247,22.09756816,0 86.72369754,22.09752108,0 86.72372007,22.09751845,0 86.72372943,22.09742748,0 86.72374073,22.09741934,0 86.72380593,22.09741934,0 86.72382127,22.09741934,0 86.72389072,22.09742749,0 86.72403791,22.09730554,0 86.72392594,22.09729083,0 86.72375322,22.09721090,0 86.72376859,22.09705798,0 86.72390814,22.09695026,0 86.72391286,22.09695015,0 86.72396617,22.09696372,0 86.72406106,22.09689663,0 86.72409587,22.09684409,0 86.72420654,22.09693466,0 86.72420761,22.09689912,0 86.72425688,22.09687965,0 86.72438796,22.09693756,0 86.72464318,22.09666567,0 86.72456590,22.09666685,0 86.72436019,22.09642150,0 86.72431112,22.09647804,0 86.72423841,22.09645358,0 86.72421437,22.09640645,0 86.72415016,22.09629981,0 86.72409058,22.09624309,0 86.72418541,22.09620547,0 86.72419184,22.09620985,0 86.72418194,22.09626412,0 86.72424347,22.09636752,0 86.72428338,22.09633961,0 86.72431114,22.09635028,0 86.72454939,22.09661729,0 86.72459940,22.09660150,0 86.72469205,22.09659060,0 86.72471875,22.09642231,0 86.72479739,22.09644060,0 86.72487408,22.09635748,0 86.72486607,22.09631477,0 86.72493156,22.09630150,0 86.72499227,22.09629027,0 86.72551643,22.09595156,0 86.72547355,22.09590434,0 86.72534287,22.09581598,0 86.72537601,22.09574989,0 86.72542162,22.09580550,0 86.72556997,22.09580612,0 86.72562599,22.09581046,0 86.72567573,22.09584967,0 86.72586064,22.09571252,0 86.72575631,22.09558620,0 86.72585650,22.09556068,0 86.72605342,22.09558048,0 86.72588714,22.09545419,0 86.72581662,22.09507313,0 86.72578553,22.09493470,0 86.72590316,22.09446584,0 86.72579863,22.09436811,0 86.72555152,22.09419938,0 86.72557155,22.09436001,0 86.72550577,22.09444132,0 86.72536228,22.09443316,0 86.72527772,22.09439245,0 86.72519346,22.09432767,0 86.72504201,22.09440871,0 86.72473880,22.09468910,0 86.72469210,22.09481360,0 86.72463530,22.09489340,0 86.72455090,22.09496550,0 86.72440900,22.09497270,0 86.72434862,22.09498483,0 86.72420251,22.09550093,0 86.72431207,22.09557999,0 86.72424815,22.09564816,0 86.72424573,22.09563981,0 86.72424152,22.09563968,0 86.72418560,22.09561766,0 86.72415973,22.09558181,0 86.72415772,22.09557958,0 86.72419823,22.09550525,0 86.72434665,22.09498868,0 86.72420717,22.09496946,0 86.72412305,22.09491524,0 86.72400624,22.09485666,0 86.72400460,22.09486093,0 86.72357739,22.09500147,0 86.72359230,22.09503125,0 86.72359963,22.09508178,0 86.72356265,22.09508734,0 86.72351525,22.09508379,0 86.72351775,22.09502426,0 86.72352045,22.09501198,0 86.72355392,22.09500323,0 86.72356141,22.09500670,0 86.72400334,22.09485979,0 86.72401302,22.09474966,0 86.72394236,22.09475266,0 86.72386006,22.09477032,0 86.72385051,22.09472611,0 86.72384404,22.09472613,0 86.72388028,22.09460454,0 86.72384603,22.09453746,0 86.72376388,22.09449918,0 86.72375315,22.09449570,0 86.72377529,22.09439665,0 86.72378662,22.09438311,0 86.72370744,22.09438651,0 86.72366929,22.09428628,0 86.72362222,22.09430268,0 86.72360426,22.09436953,0 86.72355361,22.09443715,0 86.72347401,22.09444053,0 86.72325284,22.09464121,0 86.72326818,22.09472945,0 86.72322806,22.09472219,0 86.72324611,22.09464663,0 86.72346695,22.09444250,0 86.72346436,22.09442348,0 86.72351593,22.09434927,0 86.72355292,22.09428740,0 86.72354083,22.09423130,0 86.72345667,22.09423930,0 86.72342190,22.09426891,0 86.72333461,22.09429527,0 86.72327198,22.09432165,0 86.72312372,22.09442598,0 86.72326130,22.09432162,0 86.72316048,22.09426453,0 86.72306833,22.09427937,0 86.72300304,22.09427762,0 86.72296421,22.09433143,0 86.72294227,22.09433488,0 86.72293511,22.09433489,0 86.72285858,22.09431821,0 86.72285143,22.09431822,0 86.72287279,22.09426478,0 86.72296182,22.09423781,0 86.72300859,22.09417516,0 86.72303316,22.09417062,0 86.72301601,22.09410628,0 86.72306785,22.09407092,0 86.72306680,22.09406589,0 86.72307643,22.09400662,0 86.72315200,22.09401512,0 86.72315899,22.09401354,0 86.72314514,22.09395726,0 86.72309296,22.09388251,0 86.72297174,22.09397081,0 86.72300631,22.09400955,0 86.72297649,22.09402580,0 86.72294713,22.09404734,0 86.72294456,22.09410460,0 86.72291942,22.09412875,0 86.72288911,22.09412031,0 86.72288621,22.09411688,0 86.72285702,22.09407607,0 86.72284535,22.09406435,0 86.72284285,22.09405932,0 86.72288914,22.09402439,0 86.72294398,22.09398519,0 86.72309890,22.09387494,0 86.72303438,22.09383205,0 86.72295263,22.09383205,0 86.72284431,22.09391678,0 86.72277478,22.09394777,0 86.72265343,22.09393226,0 86.72255778,22.09397108,0 86.72245628,22.09404920,0 86.72232674,22.09414378,0 86.72219241,22.09407982,0 86.72208088,22.09412967,0 86.72213201,22.09423274,0 86.72202010,22.09425668,0 86.72195982,22.09433729,0 86.72198515,22.09440184,0 86.72204935,22.09439963,0 86.72205425,22.09439964,0 86.72211557,22.09436040,0 86.72215886,22.09434916,0 86.72220174,22.09431081,0 86.72225500,22.09435423,0 86.72226953,22.09441681,0 86.72224891,22.09448539,0 86.72233972,22.09463924,0 86.72241611,22.09462966,0 86.72240480,22.09472116,0 86.72248145,22.09473584,0 86.72246998,22.09480919,0 86.72245195,22.09488687,0 86.72240844,22.09493996,0 86.72240249,22.09504801,0 86.72267242,22.09512305,0 86.72268965,22.09527754,0 86.72268560,22.09527819,0 86.72273654,22.09532235,0 86.72265627,22.09535410,0 86.72256314,22.09536899,0 86.72253194,22.09542517,0 86.72244580,22.09546893,0 86.72249005,22.09552665,0 86.72254037,22.09559275,0 86.72260395,22.09562494,0 86.72259791,22.09569241,0 86.72254397,22.09572563,0 86.72247753,22.09569023,0 86.72239882,22.09574706,0 86.72211922,22.09587780,0 86.72202384,22.09597219,0 86.72191796,22.09617720,0 86.72208344,22.09627369,0 86.72208081,22.09638490,0 86.72213026,22.09643795,0 86.72243827,22.09637263,0 86.72250542,22.09646554,0 86.72258978,22.09641657,0 86.72262784,22.09644320,0 86.72261751,22.09647453,0 86.72258553,22.09662480,0 86.72264808,22.09664788,0 86.72277604,22.09657094,0 86.72263975,22.09665574,0 86.72264887,22.09669489,0 86.72262252,22.09675350,0 86.72262148,22.09676009,0 86.72267129,22.09677330,0 86.72271202,22.09680325,0 86.72269285,22.09686406,0 86.72263583,22.09691569,0 86.72264017,22.09695763,0 86.72263164,22.09701446,0 86.72264422,22.09707600,0 86.72259690,22.09712390,0 86.72242296,22.09719522,0 86.72229033,22.09719142,0 86.72228647,22.09726142,0 86.72230922,22.09742896,0 86.72222296,22.09752994,0 86.72225777,22.09763194,0 86.72222485,22.09770795,0 86.72211308,22.09778268,0 86.72204993,22.09780973,0 86.72212294,22.09791873,0 86.72209540,22.09801900,0 86.72209011,22.09809222,0 86.72209344,22.09816576,0 86.72206651,22.09827149,0 86.72201260,22.09825854,0 86.72204105,22.09834617,0</coordinates></LinearRing></outerBoundaryIs><innerBoundaryIs><LinearRing><coordinates>86.72240249,22.09504801,0 86.72278426,22.09497185,0 86.72278411,22.09492112,0 86.72290348,22.09487674,0 86.72296158,22.09493255,0 86.72296712,22.09493524,0 86.72285369,22.09500193,0 86.72279819,22.09497725,0 86.72240249,22.09504801,0</coordinates></LinearRing></innerBoundaryIs><innerBoundaryIs><LinearRing><coordinates>86.72285465,22.09652204,0 86.72285486,22.09651884,0 86.72284292,22.09651389,0 86.72283345,22.09650896,0 86.72282065,22.09648202,0 86.72282051,22.09641644,0 86.72283544,22.09631757,0 86.72287348,22.09632481,0 86.72290344,22.09641417,0 86.72295185,22.09649944,0 86.72290890,22.09651897,0 86.72292695,22.09662130,0 86.72299735,22.09664478,0 86.72306436,22.09668714,0 86.72299785,22.09671493,0 86.72293572,22.09667292,0 86.72290614,22.09652388,0 86.72285978,22.09651885,0 86.72285465,22.09652204,0</coordinates></LinearRing></innerBoundaryIs><innerBoundaryIs><LinearRing><coordinates>86.72292090,22.09524067,0 86.72294223,22.09515422,0 86.72305580,22.09514472,0 86.72307905,22.09519343,0 86.72302427,22.09522588,0 86.72301065,22.09522991,0 86.72295198,22.09523571,0 86.72292090,22.09524067,0</coordinates></LinearRing></innerBoundaryIs><innerBoundaryIs><LinearRing><coordinates>86.72382184,22.09533625,0 86.72382028,22.09534031,0 86.72383718,22.09534203,0 86.72384563,22.09534392,0 86.72386082,22.09535594,0 86.72387954,22.09539268,0 86.72388136,22.09544807,0 86.72383774,22.09548902,0 86.72377480,22.09548648,0 86.72374397,22.09546194,0 86.72373731,22.09545162,0 86.72373395,22.09544752,0 86.72374449,22.09538311,0 86.72374816,22.09537473,0 86.72381526,22.09533636,0 86.72382184,22.09533625,0</coordinates></LinearRing></innerBoundaryIs><innerBoundaryIs><LinearRing><coordinates>86.72470896,22.09626374,0 86.72469767,22.09611175,0 86.72462171,22.09610487,0 86.72457948,22.09604989,0 86.72457211,22.09604747,0 86.72467454,22.09595243,0 86.72468190,22.09595249,0 86.72470379,22.09597631,0 86.72470027,22.09610168,0 86.72470896,22.09626374,0</coordinates></LinearRing></innerBoundaryIs><innerBoundaryIs><LinearRing><coordinates>86.72461897,22.09610462,0 86.72461315,22.09610410,0 86.72445897,22.09602776,0 86.72443166,22.09609708,0 86.72436148,22.09610518,0 86.72431403,22.09606013,0 86.72433573,22.09602075,0 86.72434301,22.09602324,0 86.72443231,22.09601326,0 86.72461897,22.09610462,0</coordinates></LinearRing></innerBoundaryIs><innerBoundaryIs><LinearRing><coordinates>86.72401839,22.09609160,0 86.72400453,22.09608295,0 86.72396039,22.09614484,0 86.72389320,22.09615100,0 86.72389342,22.09614566,0 86.72384825,22.09609548,0 86.72390248,22.09600458,0 86.72400185,22.09608033,0 86.72401839,22.09609160,0</coordinates></LinearRing></innerBoundaryIs><innerBoundaryIs><LinearRing><coordinates>86.72381745,22.09629348,0 86.72384778,22.09635962,0 86.72380971,22.09638509,0 86.72388161,22.09642517,0 86.72388945,22.09650294,0 86.72387541,22.09656201,0 86.72381575,22.09655461,0 86.72381001,22.09655475,0 86.72375789,22.09650830,0 86.72374156,22.09643892,0 86.72374536,22.09636189,0 86.72381066,22.09630315,0 86.72381672,22.09629486,0 86.72381745,22.09629348,0</coordinates></LinearRing></innerBoundaryIs><innerBoundaryIs><LinearRing><coordinates>86.72426230,22.09569687,0 86.72428126,22.09574007,0 86.72428136,22.09573545,0 86.72428382,22.09572153,0 86.72430502,22.09572684,0 86.72436837,22.09579099,0 86.72430375,22.09579380,0 86.72427883,22.09575376,0 86.72426230,22.09569687,0</coordinates></LinearRing></innerBoundaryIs><innerBoundaryIs><LinearRing><coordinates>86.72365600,22.09472823,0 86.72364578,22.09481335,0 86.72359084,22.09485471,0 86.72358333,22.09485471,0 86.72356056,22.09485849,0 86.72350048,22.09485851,0 86.72349284,22.09475772,0 86.72360950,22.09473543,0 86.72361343,22.09473174,0 86.72363220,22.09472804,0 86.72365600,22.09472823,0</coordinates></LinearRing></innerBoundaryIs><innerBoundaryIs><LinearRing><coordinates>86.72300331,22.09451731,0 86.72306037,22.09459359,0 86.72294530,22.09466829,0 86.72292643,22.09467186,0 86.72289159,22.09462550,0 86.72288601,22.09461131,0 86.72299520,22.09452346,0 86.72300331,22.09451731,0</coordinates></LinearRing></innerBoundaryIs></Polygon></MultiGeometry>
		</Placemark>
		<Placemark id="ID_00019">
			<name>764508068</name>
			<Snippet maxLines="0"/>
			<description>&lt;html xmlns:fo="http://www.w3.org/1999/XSL/Format" xmlns:msxsl="urn:schemas-microsoft-com:xslt"&gt;

&lt;head&gt;

&lt;META http-equiv="Content-Type" content="text/html"&gt;

&lt;meta http-equiv="content-type" content="text/html; charset=UTF-8"&gt;

&lt;/head&gt;

&lt;body style="margin:0px 0px 0px 0px;overflow:auto;background:#FFFFFF;"&gt;

&lt;table style="font-family:Arial,Verdana,Times;font-size:12px;text-align:left;width:100%;border-collapse:collapse;padding:3px 3px 3px 3px"&gt;

&lt;tr style="text-align:center;font-weight:bold;background:#9CBCE2"&gt;

&lt;td&gt;764508068&lt;/td&gt;

&lt;/tr&gt;

&lt;tr&gt;

&lt;td&gt;

&lt;table style="font-family:Arial,Verdana,Times;font-size:12px;text-align:left;width:100%;border-spacing:0px; padding:3px 3px 3px 3px"&gt;

&lt;tr&gt;

&lt;td&gt;SHAPE&lt;/td&gt;

&lt;td&gt;Polygon&lt;/td&gt;

&lt;/tr&gt;

&lt;tr bgcolor="#D4E4F3"&gt;

&lt;td&gt;Name&lt;/td&gt;

&lt;td&gt;764508068&lt;/td&gt;

&lt;/tr&gt;

&lt;tr&gt;

&lt;td&gt;farmername&lt;/td&gt;

&lt;td&gt;Paramananda Patra&lt;/td&gt;

&lt;/tr&gt;

&lt;tr bgcolor="#D4E4F3"&gt;

&lt;td&gt;state&lt;/td&gt;

&lt;td&gt;Odisha&lt;/td&gt;

&lt;/tr&gt;

&lt;tr&gt;

&lt;td&gt;district&lt;/td&gt;

&lt;td&gt;Mayurbhanj&lt;/td&gt;

&lt;/tr&gt;

&lt;tr bgcolor="#D4E4F3"&gt;

&lt;td&gt;block&lt;/td&gt;

&lt;td&gt;Samakhunta&lt;/td&gt;

&lt;/tr&gt;

&lt;tr&gt;

&lt;td&gt;grampanchayat&lt;/td&gt;

&lt;td&gt;Shyamakhunta&lt;/td&gt;

&lt;/tr&gt;

&lt;tr bgcolor="#D4E4F3"&gt;

&lt;td&gt;village&lt;/td&gt;

&lt;td&gt;Jayabilla&lt;/td&gt;

&lt;/tr&gt;

&lt;tr&gt;

&lt;td&gt;_id&lt;/td&gt;

&lt;td&gt;764508068&lt;/td&gt;

&lt;/tr&gt;

&lt;tr bgcolor="#D4E4F3"&gt;

&lt;td&gt;latitude&lt;/td&gt;

&lt;td&gt;21.918&lt;/td&gt;

&lt;/tr&gt;

&lt;tr&gt;

&lt;td&gt;longitude&lt;/td&gt;

&lt;td&gt;86.654&lt;/td&gt;

&lt;/tr&gt;

&lt;tr bgcolor="#D4E4F3"&gt;

&lt;td&gt;area_ha&lt;/td&gt;

&lt;td&gt;7.431&lt;/td&gt;

&lt;/tr&gt;

&lt;tr&gt;

&lt;td&gt;LP_id&lt;/td&gt;

&lt;td&gt;LP20&lt;/td&gt;

&lt;/tr&gt;

&lt;tr bgcolor="#D4E4F3"&gt;

&lt;td&gt;Plantation_year&lt;/td&gt;

&lt;td&gt;2025&lt;/td&gt;

&lt;/tr&gt;

&lt;tr&gt;

&lt;td&gt;SHAPE_Length&lt;/td&gt;

&lt;td&gt;2380.67772&lt;/td&gt;

&lt;/tr&gt;

&lt;tr bgcolor="#D4E4F3"&gt;

&lt;td&gt;SHAPE_Area&lt;/td&gt;

&lt;td&gt;74254.410713&lt;/td&gt;

&lt;/tr&gt;

&lt;/table&gt;

&lt;/td&gt;

&lt;/tr&gt;

&lt;/table&gt;

&lt;/body&gt;

&lt;/html&gt;</description>
			<styleUrl>#PolyStyle00</styleUrl>
			<MultiGeometry>
				<Polygon><outerBoundaryIs><LinearRing><coordinates>86.65277069,21.91893850,0 86.65276938,21.91893861,0 86.65279421,21.91937594,0 86.65283642,21.91983054,0 86.65303907,21.91977796,0 86.65303484,21.91975851,0 86.65304969,21.91970573,0 86.65308019,21.91971684,0 86.65309287,21.91972959,0 86.65310856,21.91975689,0 86.65417920,21.91946116,0 86.65479449,21.91929988,0 86.65450854,21.91861819,0 86.65479718,21.91929988,0 86.65490834,21.91926299,0 86.65487906,21.91919384,0 86.65494857,21.91916731,0 86.65505804,21.91916439,0 86.65516679,21.91912952,0 86.65518048,21.91908665,0 86.65513373,21.91900050,0 86.65510963,21.91895728,0 86.65516206,21.91893332,0 86.65520378,21.91897339,0 86.65522255,21.91900597,0 86.65521747,21.91902794,0 86.65522574,21.91914689,0 86.65490854,21.91925937,0 86.65537375,21.91924408,0 86.65543414,21.91922887,0 86.65552330,21.91922381,0 86.65573159,21.91918858,0 86.65589048,21.91914345,0 86.65610222,21.91911619,0 86.65614856,21.91907538,0 86.65607711,21.91903214,0 86.65601423,21.91901993,0 86.65602792,21.91898363,0 86.65608857,21.91896866,0 86.65605425,21.91890967,0 86.65601983,21.91884638,0 86.65601309,21.91877091,0 86.65601345,21.91869243,0 86.65599423,21.91863720,0 86.65599903,21.91839576,0 86.65593161,21.91816647,0 86.65590168,21.91806557,0 86.65582333,21.91803838,0 86.65580115,21.91806010,0 86.65572823,21.91803030,0 86.65568420,21.91806283,0 86.65560800,21.91801155,0 86.65559301,21.91797457,0 86.65560039,21.91791015,0 86.65552914,21.91801155,0 86.65549267,21.91802224,0 86.65545612,21.91803569,0 86.65542555,21.91800889,0 86.65545627,21.91797827,0 86.65544377,21.91786390,0 86.65537579,21.91782100,0 86.65531735,21.91778710,0 86.65533625,21.91769574,0 86.65538840,21.91767535,0 86.65550517,21.91765106,0 86.65552687,21.91756903,0 86.65558388,21.91739354,0 86.65551545,21.91739216,0 86.65544423,21.91741170,0 86.65536157,21.91742158,0 86.65529330,21.91742584,0 86.65522817,21.91743441,0 86.65517797,21.91743727,0 86.65509936,21.91742727,0 86.65509866,21.91743004,0 86.65499277,21.91742017,0 86.65491384,21.91742727,0 86.65484014,21.91743728,0 86.65472155,21.91762772,0 86.65483869,21.91743727,0 86.65477526,21.91743584,0 86.65467669,21.91741170,0 86.65444807,21.91741472,0 86.65432457,21.91738509,0 86.65419236,21.91735096,0 86.65403289,21.91729493,0 86.65386068,21.91727632,0 86.65376838,21.91724539,0 86.65367600,21.91723303,0 86.65355008,21.91724538,0 86.65342497,21.91722686,0 86.65332824,21.91715924,0 86.65300702,21.91712864,0 86.65288618,21.91717150,0 86.65288650,21.91728252,0 86.65275240,21.91730735,0 86.65262057,21.91729492,0 86.65254612,21.91713475,0 86.65242527,21.91716536,0 86.65261409,21.91738846,0 86.65270178,21.91789527,0 86.65277069,21.91893850,0</coordinates></LinearRing></outerBoundaryIs><innerBoundaryIs><LinearRing><coordinates>86.65450854,21.91861819,0 86.65442581,21.91857739,0 86.65436126,21.91858413,0 86.65431961,21.91856396,0 86.65432080,21.91852639,0 86.65438468,21.91851765,0 86.65435270,21.91847024,0 86.65436663,21.91843644,0 86.65441624,21.91845327,0 86.65442459,21.91849381,0 86.65444312,21.91851983,0 86.65451130,21.91855728,0 86.65450854,21.91861819,0</coordinates></LinearRing></innerBoundaryIs><innerBoundaryIs><LinearRing><coordinates>86.65279154,21.91893667,0 86.65298974,21.91891821,0 86.65299256,21.91891551,0 86.65299888,21.91890074,0 86.65300072,21.91887553,0 86.65301810,21.91884813,0 86.65304397,21.91884425,0 86.65305883,21.91885331,0 86.65305260,21.91889540,0 86.65328391,21.91895272,0 86.65304480,21.91889540,0 86.65303314,21.91891551,0 86.65279154,21.91893667,0</coordinates></LinearRing></innerBoundaryIs><innerBoundaryIs><LinearRing><coordinates>86.65330920,21.91895899,0 86.65331032,21.91895927,0 86.65331486,21.91892770,0 86.65333837,21.91892363,0 86.65336384,21.91893725,0 86.65341232,21.91899355,0 86.65338341,21.91896204,0 86.65335988,21.91897179,0 86.65330834,21.91896225,0 86.65321835,21.91912000,0 86.65323423,21.91913268,0 86.65324803,21.91915188,0 86.65322916,21.91917001,0 86.65321206,21.91916481,0 86.65320787,21.91913523,0 86.65330920,21.91895899,0</coordinates></LinearRing></innerBoundaryIs><innerBoundaryIs><LinearRing><coordinates>86.65343858,21.91902217,0 86.65347117,21.91900138,0 86.65347624,21.91896066,0 86.65349781,21.91894822,0 86.65350045,21.91894822,0 86.65351895,21.91896343,0 86.65352173,21.91896482,0 86.65352392,21.91899004,0 86.65350082,21.91898581,0 86.65347261,21.91900280,0 86.65349140,21.91901996,0 86.65354661,21.91912932,0 86.65349554,21.91903182,0 86.65347496,21.91905482,0 86.65345781,21.91904312,0 86.65343858,21.91902217,0</coordinates></LinearRing></innerBoundaryIs><innerBoundaryIs><LinearRing><coordinates>86.65357997,21.91919300,0 86.65360983,21.91917716,0 86.65362430,21.91919317,0 86.65363178,21.91921609,0 86.65362424,21.91923128,0 86.65359523,21.91922216,0 86.65357997,21.91919300,0</coordinates></LinearRing></innerBoundaryIs><innerBoundaryIs><LinearRing><coordinates>86.65293148,21.91937843,0 86.65294648,21.91930810,0 86.65298639,21.91930448,0 86.65299000,21.91930448,0 86.65302694,21.91932625,0 86.65302875,21.91932626,0 86.65302094,21.91937966,0 86.65299897,21.91937966,0 86.65293148,21.91937843,0</coordinates></LinearRing></innerBoundaryIs><innerBoundaryIs><LinearRing><coordinates>86.65506536,21.91756221,0 86.65504487,21.91764353,0 86.65506861,21.91765025,0 86.65509837,21.91767747,0 86.65508247,21.91770522,0 86.65504803,21.91772107,0 86.65502340,21.91770347,0 86.65502010,21.91769997,0 86.65501715,21.91765532,0 86.65504345,21.91764689,0 86.65506536,21.91756221,0</coordinates></LinearRing></innerBoundaryIs><innerBoundaryIs><LinearRing><coordinates>86.65458448,21.91784786,0 86.65458390,21.91784879,0 86.65459731,21.91789396,0 86.65461542,21.91791605,0 86.65455677,21.91795121,0 86.65455794,21.91794036,0 86.65453121,21.91789196,0 86.65452611,21.91785461,0 86.65451346,21.91783723,0 86.65452160,21.91780309,0 86.65455383,21.91782196,0 86.65458448,21.91784786,0</coordinates></LinearRing></innerBoundaryIs><innerBoundaryIs><LinearRing><coordinates>86.65453120,21.91818802,0 86.65452108,21.91828807,0 86.65454508,21.91829611,0 86.65458423,21.91835306,0 86.65458226,21.91839997,0 86.65453999,21.91839997,0 86.65453750,21.91839997,0 86.65451690,21.91832038,0 86.65453120,21.91818802,0</coordinates></LinearRing></innerBoundaryIs></Polygon></MultiGeometry>
		</Placemark>
		<Placemark id="ID_00020">
			<name>763614742</name>
			<Snippet maxLines="0"/>
			<description>&lt;html xmlns:fo="http://www.w3.org/1999/XSL/Format" xmlns:msxsl="urn:schemas-microsoft-com:xslt"&gt;

&lt;head&gt;

&lt;META http-equiv="Content-Type" content="text/html"&gt;

&lt;meta http-equiv="content-type" content="text/html; charset=UTF-8"&gt;

&lt;/head&gt;

&lt;body style="margin:0px 0px 0px 0px;overflow:auto;background:#FFFFFF;"&gt;

&lt;table style="font-family:Arial,Verdana,Times;font-size:12px;text-align:left;width:100%;border-collapse:collapse;padding:3px 3px 3px 3px"&gt;

&lt;tr style="text-align:center;font-weight:bold;background:#9CBCE2"&gt;

&lt;td&gt;763614742&lt;/td&gt;

&lt;/tr&gt;

&lt;tr&gt;

&lt;td&gt;

&lt;table style="font-family:Arial,Verdana,Times;font-size:12px;text-align:left;width:100%;border-spacing:0px; padding:3px 3px 3px 3px"&gt;

&lt;tr&gt;

&lt;td&gt;SHAPE&lt;/td&gt;

&lt;td&gt;Polygon&lt;/td&gt;

&lt;/tr&gt;

&lt;tr bgcolor="#D4E4F3"&gt;

&lt;td&gt;Name&lt;/td&gt;

&lt;td&gt;763614742&lt;/td&gt;

&lt;/tr&gt;

&lt;tr&gt;

&lt;td&gt;farmername&lt;/td&gt;

&lt;td&gt;Budhu Sing&lt;/td&gt;

&lt;/tr&gt;

&lt;tr bgcolor="#D4E4F3"&gt;

&lt;td&gt;state&lt;/td&gt;

&lt;td&gt;Odisha&lt;/td&gt;

&lt;/tr&gt;

&lt;tr&gt;

&lt;td&gt;district&lt;/td&gt;

&lt;td&gt;Mayurbhanj&lt;/td&gt;

&lt;/tr&gt;

&lt;tr bgcolor="#D4E4F3"&gt;

&lt;td&gt;block&lt;/td&gt;

&lt;td&gt;Bangirposi&lt;/td&gt;

&lt;/tr&gt;

&lt;tr&gt;

&lt;td&gt;grampanchayat&lt;/td&gt;

&lt;td&gt;Badgaon&lt;/td&gt;

&lt;/tr&gt;

&lt;tr bgcolor="#D4E4F3"&gt;

&lt;td&gt;village&lt;/td&gt;

&lt;td&gt;Panasdiha&lt;/td&gt;

&lt;/tr&gt;

&lt;tr&gt;

&lt;td&gt;_id&lt;/td&gt;

&lt;td&gt;763614742&lt;/td&gt;

&lt;/tr&gt;

&lt;tr bgcolor="#D4E4F3"&gt;

&lt;td&gt;latitude&lt;/td&gt;

&lt;td&gt;22.023&lt;/td&gt;

&lt;/tr&gt;

&lt;tr&gt;

&lt;td&gt;longitude&lt;/td&gt;

&lt;td&gt;86.509&lt;/td&gt;

&lt;/tr&gt;

&lt;tr bgcolor="#D4E4F3"&gt;

&lt;td&gt;area_ha&lt;/td&gt;

&lt;td&gt;3.193&lt;/td&gt;

&lt;/tr&gt;

&lt;tr&gt;

&lt;td&gt;LP_id&lt;/td&gt;

&lt;td&gt;LP21&lt;/td&gt;

&lt;/tr&gt;

&lt;tr bgcolor="#D4E4F3"&gt;

&lt;td&gt;Plantation_year&lt;/td&gt;

&lt;td&gt;2025&lt;/td&gt;

&lt;/tr&gt;

&lt;tr&gt;

&lt;td&gt;SHAPE_Length&lt;/td&gt;

&lt;td&gt;2249.900029&lt;/td&gt;

&lt;/tr&gt;

&lt;tr bgcolor="#D4E4F3"&gt;

&lt;td&gt;SHAPE_Area&lt;/td&gt;

&lt;td&gt;31902.368159&lt;/td&gt;

&lt;/tr&gt;

&lt;/table&gt;

&lt;/td&gt;

&lt;/tr&gt;

&lt;/table&gt;

&lt;/body&gt;

&lt;/html&gt;</description>
			<styleUrl>#PolyStyle00</styleUrl>
			<MultiGeometry>
				<Polygon><outerBoundaryIs><LinearRing><coordinates>86.50840390,22.02248084,0 86.50823250,22.02251591,0 86.50820252,22.02242905,0 86.50787703,22.02252371,0 86.50792307,22.02279341,0 86.50786558,22.02303933,0 86.50790332,22.02305055,0 86.50796316,22.02306935,0 86.50802999,22.02305805,0 86.50807222,22.02311498,0 86.50807508,22.02302072,0 86.50815934,22.02300224,0 86.50818430,22.02292593,0 86.50821255,22.02295113,0 86.50821625,22.02300224,0 86.50823027,22.02301701,0 86.50825510,22.02300962,0 86.50827846,22.02299121,0 86.50831250,22.02298754,0 86.50833890,22.02300961,0 86.50834720,22.02306180,0 86.50824163,22.02308447,0 86.50816953,22.02314193,0 86.50816359,22.02317305,0 86.50824845,22.02318088,0 86.50826729,22.02323232,0 86.50824498,22.02328062,0 86.50825881,22.02340042,0 86.50829574,22.02331162,0 86.50846351,22.02314967,0 86.50851149,22.02317696,0 86.50853513,22.02323631,0 86.50854161,22.02324031,0 86.50858859,22.02319660,0 86.50860495,22.02311496,0 86.50869906,22.02306179,0 86.50874532,22.02311112,0 86.50876139,22.02316133,0 86.50879608,22.02320054,0 86.50876775,22.02324831,0 86.50874952,22.02329688,0 86.50876155,22.02336290,0 86.50873005,22.02339646,0 86.50867782,22.02341763,0 86.50863601,22.02340491,0 86.50861503,22.02336707,0 86.50861556,22.02332971,0 86.50860643,22.02328467,0 86.50855508,22.02324431,0 86.50848527,22.02329689,0 86.50846377,22.02332559,0 86.50841360,22.02335457,0 86.50837303,22.02338805,0 86.50833075,22.02338384,0 86.50826020,22.02340030,0 86.50829414,22.02345613,0 86.50836178,22.02351259,0 86.50820176,22.02356609,0 86.50807967,22.02362881,0 86.50803248,22.02356165,0 86.50791863,22.02350430,0 86.50782326,22.02341283,0 86.50768620,22.02354109,0 86.50774070,22.02358003,0 86.50778805,22.02363959,0 86.50785557,22.02376695,0 86.50789680,22.02380955,0 86.50796010,22.02387278,0 86.50803207,22.02389807,0 86.50816676,22.02390138,0 86.50840159,22.02388813,0 86.50846936,22.02386505,0 86.50852757,22.02380951,0 86.50857195,22.02382903,0 86.50860051,22.02386505,0 86.50867760,22.02391798,0 86.50874887,22.02395138,0 86.50877082,22.02391132,0 86.50879232,22.02385847,0 86.50877589,22.02383229,0 86.50877850,22.02379978,0 86.50883906,22.02380950,0 86.50890665,22.02383555,0 86.50891720,22.02386504,0 86.50897945,22.02390136,0 86.50900703,22.02394467,0 86.50895427,22.02400197,0 86.50906710,22.02393610,0 86.50911907,22.02392796,0 86.50912871,22.02387162,0 86.50918741,22.02383881,0 86.50924116,22.02383228,0 86.50929602,22.02392462,0 86.50932196,22.02400875,0 86.50927568,22.02404285,0 86.50921494,22.02411186,0 86.50915261,22.02419164,0 86.50918823,22.02422023,0 86.50926041,22.02415027,0 86.50936926,22.02410838,0 86.50942423,22.02409797,0 86.50950878,22.02408283,0 86.50964559,22.02408066,0 86.50975857,22.02406687,0 86.50990664,22.02402284,0 86.50990722,22.02402842,0 86.51003624,22.02400194,0 86.51031756,22.02392587,0 86.51089253,22.02378939,0 86.51078047,22.02357190,0 86.51069287,22.02354721,0 86.51059812,22.02355336,0 86.51053092,22.02343826,0 86.51052194,22.02335014,0 86.51056662,22.02329838,0 86.51050268,22.02323623,0 86.51038493,22.02321948,0 86.51032448,22.02311543,0 86.51034961,22.02303564,0 86.51032926,22.02290707,0 86.51036837,22.02284229,0 86.51033433,22.02277887,0 86.51020837,22.02276443,0 86.51016611,22.02293790,0 86.51006911,22.02293294,0 86.51010256,22.02272596,0 86.51000017,22.02272596,0 86.50999806,22.02299803,0 86.50986156,22.02307984,0 86.50983728,22.02340273,0 86.50954621,22.02340863,0 86.50953757,22.02350442,0 86.50948417,22.02358432,0 86.50939197,22.02357191,0 86.50936896,22.02345618,0 86.50942365,22.02340273,0 86.50943791,22.02329839,0 86.50938872,22.02322122,0 86.50910099,22.02320838,0 86.50909658,22.02329689,0 86.50915712,22.02331033,0 86.50920930,22.02328889,0 86.50926708,22.02327564,0 86.50928571,22.02332129,0 86.50929611,22.02337341,0 86.50923636,22.02346217,0 86.50914502,22.02337932,0 86.50912831,22.02341067,0 86.50906501,22.02343387,0 86.50898757,22.02336176,0 86.50893620,22.02328358,0 86.50896644,22.02321361,0 86.50902356,22.02320283,0 86.50938877,22.02321949,0 86.50939211,22.02318626,0 86.50936198,22.02309932,0 86.50938246,22.02304617,0 86.50942555,22.02301471,0 86.50943720,22.02294180,0 86.50933370,22.02287660,0 86.50929930,22.02281649,0 86.50927940,22.02279388,0 86.50928251,22.02275887,0 86.50928431,22.02273190,0 86.50926502,22.02267630,0 86.50926860,22.02267455,0 86.50905301,22.02257381,0 86.50904158,22.02252916,0 86.50902618,22.02248956,0 86.50899875,22.02260549,0 86.50893729,22.02259187,0 86.50885581,22.02257381,0 86.50881029,22.02251149,0 86.50882280,22.02243761,0 86.50883750,22.02239082,0 86.50890306,22.02234895,0 86.50896407,22.02241199,0 86.50901619,22.02240350,0 86.50897306,22.02226304,0 86.50888181,22.02222307,0 86.50863145,22.02234065,0 86.50840390,22.02248084,0</coordinates></LinearRing></outerBoundaryIs><innerBoundaryIs><LinearRing><coordinates>86.50918369,22.02271605,0 86.50910155,22.02276060,0 86.50910144,22.02275705,0 86.50902094,22.02280891,0 86.50900293,22.02273725,0 86.50904056,22.02270377,0 86.50908307,22.02269338,0 86.50909978,22.02275706,0 86.50918369,22.02271605,0</coordinates></LinearRing></innerBoundaryIs><innerBoundaryIs><LinearRing><coordinates>86.50910193,22.02277284,0 86.50910517,22.02284339,0 86.50915144,22.02281459,0 86.50916892,22.02286492,0 86.50921894,22.02291930,0 86.50920016,22.02295049,0 86.50917216,22.02300852,0 86.50908513,22.02299911,0 86.50902979,22.02290204,0 86.50910412,22.02284229,0 86.50910193,22.02277284,0</coordinates></LinearRing></innerBoundaryIs><innerBoundaryIs><LinearRing><coordinates>86.50989568,22.02391777,0 86.50979042,22.02393087,0 86.50974463,22.02380926,0 86.50977544,22.02376308,0 86.50986535,22.02376964,0 86.50991359,22.02380262,0 86.50989562,22.02391715,0 86.50989568,22.02391777,0</coordinates></LinearRing></innerBoundaryIs><innerBoundaryIs><LinearRing><coordinates>86.50845101,22.02276879,0 86.50845537,22.02276444,0 86.50853851,22.02274052,0 86.50857042,22.02284723,0 86.50851811,22.02297842,0 86.50846177,22.02293237,0 86.50845823,22.02281287,0 86.50845101,22.02276879,0</coordinates></LinearRing></innerBoundaryIs></Polygon></MultiGeometry>
		</Placemark>
		<Placemark id="ID_00021">
			<name>764893745</name>
			<Snippet maxLines="0"/>
			<description>&lt;html xmlns:fo="http://www.w3.org/1999/XSL/Format" xmlns:msxsl="urn:schemas-microsoft-com:xslt"&gt;

&lt;head&gt;

&lt;META http-equiv="Content-Type" content="text/html"&gt;

&lt;meta http-equiv="content-type" content="text/html; charset=UTF-8"&gt;

&lt;/head&gt;

&lt;body style="margin:0px 0px 0px 0px;overflow:auto;background:#FFFFFF;"&gt;

&lt;table style="font-family:Arial,Verdana,Times;font-size:12px;text-align:left;width:100%;border-collapse:collapse;padding:3px 3px 3px 3px"&gt;

&lt;tr style="text-align:center;font-weight:bold;background:#9CBCE2"&gt;

&lt;td&gt;764893745&lt;/td&gt;

&lt;/tr&gt;

&lt;tr&gt;

&lt;td&gt;

&lt;table style="font-family:Arial,Verdana,Times;font-size:12px;text-align:left;width:100%;border-spacing:0px; padding:3px 3px 3px 3px"&gt;

&lt;tr&gt;

&lt;td&gt;SHAPE&lt;/td&gt;

&lt;td&gt;Polygon&lt;/td&gt;

&lt;/tr&gt;

&lt;tr bgcolor="#D4E4F3"&gt;

&lt;td&gt;Name&lt;/td&gt;

&lt;td&gt;764893745&lt;/td&gt;

&lt;/tr&gt;

&lt;tr&gt;

&lt;td&gt;farmername&lt;/td&gt;

&lt;td&gt;Dulabh Singh&lt;/td&gt;

&lt;/tr&gt;

&lt;tr bgcolor="#D4E4F3"&gt;

&lt;td&gt;state&lt;/td&gt;

&lt;td&gt;Odisha&lt;/td&gt;

&lt;/tr&gt;

&lt;tr&gt;

&lt;td&gt;district&lt;/td&gt;

&lt;td&gt;Mayurbhanj&lt;/td&gt;

&lt;/tr&gt;

&lt;tr bgcolor="#D4E4F3"&gt;

&lt;td&gt;block&lt;/td&gt;

&lt;td&gt;Samakhunta&lt;/td&gt;

&lt;/tr&gt;

&lt;tr&gt;

&lt;td&gt;grampanchayat&lt;/td&gt;

&lt;td&gt;Kalapathar&lt;/td&gt;

&lt;/tr&gt;

&lt;tr bgcolor="#D4E4F3"&gt;

&lt;td&gt;village&lt;/td&gt;

&lt;td&gt;Jhiliribani&lt;/td&gt;

&lt;/tr&gt;

&lt;tr&gt;

&lt;td&gt;_id&lt;/td&gt;

&lt;td&gt;764893745&lt;/td&gt;

&lt;/tr&gt;

&lt;tr bgcolor="#D4E4F3"&gt;

&lt;td&gt;latitude&lt;/td&gt;

&lt;td&gt;22.019&lt;/td&gt;

&lt;/tr&gt;

&lt;tr&gt;

&lt;td&gt;longitude&lt;/td&gt;

&lt;td&gt;86.619&lt;/td&gt;

&lt;/tr&gt;

&lt;tr bgcolor="#D4E4F3"&gt;

&lt;td&gt;area_ha&lt;/td&gt;

&lt;td&gt;6.558&lt;/td&gt;

&lt;/tr&gt;

&lt;tr&gt;

&lt;td&gt;LP_id&lt;/td&gt;

&lt;td&gt;LP22&lt;/td&gt;

&lt;/tr&gt;

&lt;tr bgcolor="#D4E4F3"&gt;

&lt;td&gt;Plantation_year&lt;/td&gt;

&lt;td&gt;2025&lt;/td&gt;

&lt;/tr&gt;

&lt;tr&gt;

&lt;td&gt;SHAPE_Length&lt;/td&gt;

&lt;td&gt;3942.744469&lt;/td&gt;

&lt;/tr&gt;

&lt;tr bgcolor="#D4E4F3"&gt;

&lt;td&gt;SHAPE_Area&lt;/td&gt;

&lt;td&gt;65526.88796&lt;/td&gt;

&lt;/tr&gt;

&lt;/table&gt;

&lt;/td&gt;

&lt;/tr&gt;

&lt;/table&gt;

&lt;/body&gt;

&lt;/html&gt;</description>
			<styleUrl>#PolyStyle00</styleUrl>
			<MultiGeometry>
				<Polygon><outerBoundaryIs><LinearRing><coordinates>86.61733276,22.01944887,0 86.61791688,22.01965454,0 86.61807652,22.01971979,0 86.61823918,22.01976196,0 86.61829355,22.01977065,0 86.61831227,22.01969310,0 86.61839094,22.01969310,0 86.61839881,22.01969310,0 86.61842713,22.01971877,0 86.61837933,22.01978374,0 86.61842295,22.01978570,0 86.61852973,22.01978570,0 86.61847752,22.01961856,0 86.61858415,22.01954018,0 86.61872376,22.01954017,0 86.61885059,22.01952602,0 86.61890998,22.01956855,0 86.61902144,22.01967616,0 86.61914401,22.01963288,0 86.61930307,22.01966475,0 86.61929578,22.01966956,0 86.61940639,22.01964792,0 86.61943423,22.01969626,0 86.62002390,22.01983672,0 86.61999230,22.01979083,0 86.62001860,22.01973939,0 86.62004196,22.01968587,0 86.62002199,22.01963960,0 86.62000406,22.01957625,0 86.62001576,22.01950583,0 86.62005093,22.01948567,0 86.62009661,22.01952615,0 86.62012038,22.01959418,0 86.62008944,22.01965800,0 86.62008797,22.01971406,0 86.62007561,22.01977141,0 86.62008185,22.01979733,0 86.62017018,22.01983010,0 86.62024509,22.01981366,0 86.62041767,22.01982350,0 86.62050550,22.01982021,0 86.62057959,22.01982020,0 86.62071510,22.01978755,0 86.62076010,22.01981036,0 86.62070487,22.01985660,0 86.62060359,22.01989016,0 86.62050368,22.01991391,0 86.62046307,22.01998101,0 86.62063340,22.02003150,0 86.62080726,22.02007477,0 86.62091877,22.02012139,0 86.62093317,22.02006089,0 86.62090124,22.01995921,0 86.62087616,22.01995418,0 86.62086481,22.01987469,0 86.62095214,22.01989439,0 86.62100131,22.01985020,0 86.62105833,22.01976342,0 86.62106228,22.01976342,0 86.62113953,22.01979691,0 86.62110530,22.01985019,0 86.62106800,22.01988945,0 86.62112370,22.01992056,0 86.62130461,22.01992992,0 86.62136039,22.01985217,0 86.62144000,22.01983568,0 86.62151926,22.01988482,0 86.62151170,22.01999193,0 86.62140466,22.02004332,0 86.62135136,22.02003758,0 86.62131345,22.02006634,0 86.62130088,22.02018766,0 86.62135397,22.02020682,0 86.62163085,22.02016859,0 86.62180270,22.02004450,0 86.62196186,22.02004243,0 86.62207832,22.01998774,0 86.62212419,22.01999226,0 86.62210614,22.01988279,0 86.62204419,22.01992345,0 86.62203363,22.01992309,0 86.62201778,22.01992255,0 86.62197143,22.01990074,0 86.62196238,22.01989468,0 86.62196230,22.01981804,0 86.62191776,22.01977495,0 86.62189942,22.01969542,0 86.62190031,22.01968736,0 86.62194169,22.01964567,0 86.62197847,22.01965454,0 86.62207860,22.01975222,0 86.62207850,22.01955412,0 86.62200405,22.01949079,0 86.62167318,22.01930032,0 86.62149732,22.01921268,0 86.62114795,22.01906141,0 86.62105582,22.01901281,0 86.62105901,22.01901221,0 86.62095398,22.01895337,0 86.62089279,22.01892461,0 86.62071681,22.01876098,0 86.62069262,22.01873307,0 86.62066529,22.01876591,0 86.62062623,22.01888490,0 86.62065917,22.01876400,0 86.62068863,22.01872754,0 86.62056559,22.01866664,0 86.62031009,22.01858074,0 86.62020330,22.01861487,0 86.62022920,22.01869720,0 86.62027035,22.01884041,0 86.62015790,22.01889509,0 86.62011333,22.01896496,0 86.62010084,22.01915766,0 86.62016615,22.01919237,0 86.62012674,22.01930179,0 86.62012701,22.01930511,0 86.62007593,22.01938101,0 86.61999298,22.01936539,0 86.61999176,22.01923242,0 86.61988155,22.01925260,0 86.61976456,22.01923747,0 86.61967286,22.01917253,0 86.61966532,22.01908916,0 86.61966915,22.01907463,0 86.61973207,22.01901704,0 86.61979724,22.01909887,0 86.61982195,22.01914782,0 86.62003334,22.01914288,0 86.62009643,22.01915766,0 86.62010382,22.01905273,0 86.62010857,22.01896027,0 86.62014983,22.01889971,0 86.62009964,22.01884809,0 86.62009409,22.01876187,0 86.62007508,22.01866081,0 86.62006144,22.01862768,0 86.62012227,22.01853398,0 86.62002870,22.01851450,0 86.61998494,22.01841325,0 86.61990861,22.01834785,0 86.61966629,22.01824747,0 86.61963379,22.01863810,0 86.61966905,22.01866665,0 86.61969420,22.01875854,0 86.61961844,22.01882054,0 86.61953638,22.01881740,0 86.61954067,22.01871458,0 86.61963107,22.01863810,0 86.61966543,22.01824384,0 86.61935099,22.01815571,0 86.61934351,22.01832402,0 86.61941571,22.01858929,0 86.61942801,22.01858929,0 86.61946134,22.01859366,0 86.61946504,22.01862458,0 86.61942571,22.01862459,0 86.61933953,22.01832214,0 86.61926305,22.01835718,0 86.61921659,22.01833749,0 86.61917959,22.01831148,0 86.61904645,22.01865352,0 86.61917703,22.01831148,0 86.61910817,22.01829139,0 86.61904737,22.01824387,0 86.61903355,22.01819046,0 86.61907794,22.01811160,0 86.61897066,22.01808740,0 86.61869998,22.01803088,0 86.61871387,22.01819793,0 86.61876013,22.01821913,0 86.61871218,22.01826890,0 86.61870768,22.01814731,0 86.61869971,22.01802967,0 86.61836259,22.01798984,0 86.61821865,22.01794906,0 86.61812800,22.01788170,0 86.61801557,22.01791460,0 86.61801443,22.01790856,0 86.61741349,22.01797626,0 86.61740228,22.01811390,0 86.61750993,22.01812783,0 86.61752536,22.01818389,0 86.61752149,22.01823337,0 86.61735911,22.01824048,0 86.61732205,22.01852393,0 86.61741833,22.01850907,0 86.61752631,22.01853880,0 86.61750466,22.01867437,0 86.61742061,22.01872788,0 86.61730432,22.01872789,0 86.61733276,22.01944887,0</coordinates></LinearRing></outerBoundaryIs><innerBoundaryIs><LinearRing><coordinates>86.62012701,22.01930521,0 86.62013319,22.01938228,0 86.62016947,22.01936872,0 86.62016987,22.01930179,0 86.62019367,22.01925905,0 86.62023569,22.01928199,0 86.62020621,22.01936196,0 86.62019018,22.01942676,0 86.62020843,22.01948940,0 86.62014235,22.01949644,0 86.62013239,22.01945097,0 86.62012701,22.01930521,0</coordinates></LinearRing></innerBoundaryIs><innerBoundaryIs><LinearRing><coordinates>86.61904616,22.01865428,0 86.61912892,22.01866620,0 86.61914584,22.01872976,0 86.61911500,22.01876061,0 86.61904482,22.01874206,0 86.61902829,22.01870426,0 86.61902683,22.01870490,0 86.61904616,22.01865428,0</coordinates></LinearRing></innerBoundaryIs><innerBoundaryIs><LinearRing><coordinates>86.62154011,22.01969316,0 86.62155086,22.01959013,0 86.62165993,22.01953336,0 86.62174040,22.01956422,0 86.62174845,22.01957974,0 86.62176690,22.01964762,0 86.62172995,22.01971655,0 86.62172489,22.01971655,0 86.62162655,22.01973261,0 86.62154011,22.01969316,0</coordinates></LinearRing></innerBoundaryIs><innerBoundaryIs><LinearRing><coordinates>86.62103402,22.01901697,0 86.62090944,22.01904567,0 86.62095546,22.01912321,0 86.62101985,22.01922232,0 86.62103944,22.01933942,0 86.62100813,22.01938618,0 86.62096723,22.01938618,0 86.62093263,22.01927791,0 86.62094614,22.01918735,0 86.62086188,22.01918736,0 86.62084185,22.01910368,0 86.62090850,22.01904087,0 86.62103402,22.01901697,0</coordinates></LinearRing></innerBoundaryIs><innerBoundaryIs><LinearRing><coordinates>86.62061076,22.01894168,0 86.62069039,22.01897208,0 86.62066563,22.01902299,0 86.62066379,22.01910124,0 86.62070887,22.01917864,0 86.62064286,22.01922246,0 86.62068872,22.01930001,0 86.62073210,22.01931535,0 86.62074788,22.01936345,0 86.62080607,22.01937699,0 86.62079697,22.01946682,0 86.62082154,22.01959034,0 86.62082702,22.01967528,0 86.62084787,22.01978833,0 86.62082543,22.01980428,0 86.62078275,22.01964075,0 86.62072507,22.01954545,0 86.62069568,22.01943240,0 86.62069342,22.01942743,0 86.62070173,22.01934554,0 86.62063611,22.01922233,0 86.62061511,22.01911117,0 86.62061518,22.01910901,0 86.62058791,22.01901969,0 86.62060504,22.01896268,0 86.62061076,22.01894168,0</coordinates></LinearRing></innerBoundaryIs><innerBoundaryIs><LinearRing><coordinates>86.62027215,22.01884385,0 86.62031152,22.01879035,0 86.62035424,22.01879485,0 86.62037223,22.01883553,0 86.62034277,22.01890432,0 86.62038309,22.01891823,0 86.62039594,22.01891823,0 86.62040284,22.01900274,0 86.62033096,22.01901701,0 86.62030675,22.01896026,0 86.62027215,22.01884385,0</coordinates></LinearRing></innerBoundaryIs><innerBoundaryIs><LinearRing><coordinates>86.61941892,22.01958837,0 86.61965340,22.01943225,0 86.61956743,22.01937476,0 86.61962038,22.01940641,0 86.61960706,22.01935954,0 86.61969115,22.01926775,0 86.61973849,22.01929253,0 86.61974839,22.01937225,0 86.61971439,22.01939355,0 86.61941892,22.01958837,0</coordinates></LinearRing></innerBoundaryIs><innerBoundaryIs><LinearRing><coordinates>86.61956185,22.01907138,0 86.61956856,22.01905380,0 86.61953866,22.01905092,0 86.61953974,22.01901307,0 86.61955877,22.01898759,0 86.61958011,22.01898926,0 86.61959551,22.01901478,0 86.61956853,22.01905524,0 86.61956185,22.01907138,0</coordinates></LinearRing></innerBoundaryIs><innerBoundaryIs><LinearRing><coordinates>86.61955063,22.01936471,0 86.61950860,22.01946703,0 86.61942993,22.01945395,0 86.61939044,22.01942363,0 86.61940224,22.01935955,0 86.61947142,22.01932169,0 86.61947264,22.01931810,0 86.61955063,22.01936471,0</coordinates></LinearRing></innerBoundaryIs><innerBoundaryIs><LinearRing><coordinates>86.61946890,22.01900965,0 86.61946624,22.01897572,0 86.61941666,22.01898087,0 86.61939187,22.01895260,0 86.61941529,22.01892320,0 86.61943938,22.01890390,0 86.61946505,22.01891352,0 86.61946890,22.01900965,0</coordinates></LinearRing></innerBoundaryIs><innerBoundaryIs><LinearRing><coordinates>86.61946890,22.01900965,0 86.61949816,22.01899435,0 86.61951313,22.01899943,0 86.61950388,22.01909029,0 86.61953902,22.01911382,0 86.61947626,22.01907592,0 86.61945019,22.01904594,0 86.61946890,22.01900965,0</coordinates></LinearRing></innerBoundaryIs><innerBoundaryIs><LinearRing><coordinates>86.61949770,22.01924446,0 86.61950482,22.01922353,0 86.61945887,22.01923681,0 86.61943249,22.01923501,0 86.61941188,22.01917970,0 86.61941791,22.01913733,0 86.61950268,22.01913270,0 86.61953215,22.01914717,0 86.61953469,22.01914068,0 86.61949770,22.01924446,0</coordinates></LinearRing></innerBoundaryIs><innerBoundaryIs><LinearRing><coordinates>86.61878417,22.01880984,0 86.61862232,22.01887984,0 86.61864137,22.01889748,0 86.61868855,22.01891816,0 86.61867639,22.01895488,0 86.61862794,22.01896550,0 86.61858959,22.01892337,0 86.61859745,22.01889235,0 86.61854821,22.01890211,0 86.61859078,22.01889235,0 86.61878417,22.01880984,0</coordinates></LinearRing></innerBoundaryIs><innerBoundaryIs><LinearRing><coordinates>86.61846770,22.01892057,0 86.61847400,22.01894961,0 86.61844304,22.01899231,0 86.61840411,22.01897887,0 86.61840184,22.01897887,0 86.61836301,22.01892599,0 86.61831820,22.01892600,0 86.61830151,22.01889493,0 86.61831561,22.01885426,0 86.61837667,22.01889750,0 86.61842600,22.01889493,0 86.61846681,22.01892077,0 86.61846770,22.01892057,0</coordinates></LinearRing></innerBoundaryIs><innerBoundaryIs><LinearRing><coordinates>86.61804676,22.01808017,0 86.61810627,22.01837253,0 86.61814530,22.01836882,0 86.61821477,22.01839875,0 86.61818875,22.01847205,0 86.61811846,22.01846081,0 86.61804676,22.01808017,0</coordinates></LinearRing></innerBoundaryIs></Polygon></MultiGeometry>
		</Placemark>
		<Placemark id="ID_00022">
			<name>763772880</name>
			<Snippet maxLines="0"/>
			<description>&lt;html xmlns:fo="http://www.w3.org/1999/XSL/Format" xmlns:msxsl="urn:schemas-microsoft-com:xslt"&gt;

&lt;head&gt;

&lt;META http-equiv="Content-Type" content="text/html"&gt;

&lt;meta http-equiv="content-type" content="text/html; charset=UTF-8"&gt;

&lt;/head&gt;

&lt;body style="margin:0px 0px 0px 0px;overflow:auto;background:#FFFFFF;"&gt;

&lt;table style="font-family:Arial,Verdana,Times;font-size:12px;text-align:left;width:100%;border-collapse:collapse;padding:3px 3px 3px 3px"&gt;

&lt;tr style="text-align:center;font-weight:bold;background:#9CBCE2"&gt;

&lt;td&gt;763772880&lt;/td&gt;

&lt;/tr&gt;

&lt;tr&gt;

&lt;td&gt;

&lt;table style="font-family:Arial,Verdana,Times;font-size:12px;text-align:left;width:100%;border-spacing:0px; padding:3px 3px 3px 3px"&gt;

&lt;tr&gt;

&lt;td&gt;SHAPE&lt;/td&gt;

&lt;td&gt;Polygon&lt;/td&gt;

&lt;/tr&gt;

&lt;tr bgcolor="#D4E4F3"&gt;

&lt;td&gt;Name&lt;/td&gt;

&lt;td&gt;763772880&lt;/td&gt;

&lt;/tr&gt;

&lt;tr&gt;

&lt;td&gt;farmername&lt;/td&gt;

&lt;td&gt;Baiju Majhi&lt;/td&gt;

&lt;/tr&gt;

&lt;tr bgcolor="#D4E4F3"&gt;

&lt;td&gt;state&lt;/td&gt;

&lt;td&gt;Odisha&lt;/td&gt;

&lt;/tr&gt;

&lt;tr&gt;

&lt;td&gt;district&lt;/td&gt;

&lt;td&gt;Mayurbhanj&lt;/td&gt;

&lt;/tr&gt;

&lt;tr bgcolor="#D4E4F3"&gt;

&lt;td&gt;block&lt;/td&gt;

&lt;td&gt;Kuliana&lt;/td&gt;

&lt;/tr&gt;

&lt;tr&gt;

&lt;td&gt;grampanchayat&lt;/td&gt;

&lt;td&gt;Keutunimari&lt;/td&gt;

&lt;/tr&gt;

&lt;tr bgcolor="#D4E4F3"&gt;

&lt;td&gt;village&lt;/td&gt;

&lt;td&gt;Phuljhara&lt;/td&gt;

&lt;/tr&gt;

&lt;tr&gt;

&lt;td&gt;_id&lt;/td&gt;

&lt;td&gt;763772880&lt;/td&gt;

&lt;/tr&gt;

&lt;tr bgcolor="#D4E4F3"&gt;

&lt;td&gt;latitude&lt;/td&gt;

&lt;td&gt;22.044&lt;/td&gt;

&lt;/tr&gt;

&lt;tr&gt;

&lt;td&gt;longitude&lt;/td&gt;

&lt;td&gt;86.784&lt;/td&gt;

&lt;/tr&gt;

&lt;tr bgcolor="#D4E4F3"&gt;

&lt;td&gt;area_ha&lt;/td&gt;

&lt;td&gt;5.212&lt;/td&gt;

&lt;/tr&gt;

&lt;tr&gt;

&lt;td&gt;LP_id&lt;/td&gt;

&lt;td&gt;LP23&lt;/td&gt;

&lt;/tr&gt;

&lt;tr bgcolor="#D4E4F3"&gt;

&lt;td&gt;Plantation_year&lt;/td&gt;

&lt;td&gt;2025&lt;/td&gt;

&lt;/tr&gt;

&lt;tr&gt;

&lt;td&gt;SHAPE_Length&lt;/td&gt;

&lt;td&gt;2643.82427&lt;/td&gt;

&lt;/tr&gt;

&lt;tr bgcolor="#D4E4F3"&gt;

&lt;td&gt;SHAPE_Area&lt;/td&gt;

&lt;td&gt;52082.463553&lt;/td&gt;

&lt;/tr&gt;

&lt;/table&gt;

&lt;/td&gt;

&lt;/tr&gt;

&lt;/table&gt;

&lt;/body&gt;

&lt;/html&gt;</description>
			<styleUrl>#PolyStyle00</styleUrl>
			<MultiGeometry>
				<Polygon><outerBoundaryIs><LinearRing><coordinates>86.78422376,22.04368240,0 86.78422523,22.04365952,0 86.78422085,22.04364712,0 86.78419880,22.04361946,0 86.78418947,22.04359354,0 86.78418954,22.04359140,0 86.78419034,22.04356509,0 86.78419554,22.04353636,0 86.78421267,22.04354551,0 86.78427491,22.04371643,0 86.78432690,22.04372840,0 86.78432450,22.04376755,0 86.78433887,22.04380162,0 86.78435426,22.04382098,0 86.78438681,22.04381062,0 86.78442108,22.04379396,0 86.78447640,22.04378889,0 86.78455107,22.04377629,0 86.78456119,22.04378005,0 86.78456023,22.04381061,0 86.78460457,22.04381320,0 86.78463454,22.04376382,0 86.78471429,22.04376134,0 86.78476532,22.04375393,0 86.78479258,22.04376186,0 86.78484722,22.04374524,0 86.78488412,22.04373891,0 86.78490578,22.04372760,0 86.78493271,22.04373136,0 86.78493703,22.04374651,0 86.78494949,22.04374905,0 86.78496905,22.04374144,0 86.78497001,22.04372261,0 86.78499967,22.04371268,0 86.78502317,22.04371022,0 86.78503448,22.04370653,0 86.78506556,22.04372012,0 86.78509146,22.04374905,0 86.78511846,22.04377479,0 86.78513363,22.04375928,0 86.78514338,22.04375928,0 86.78516345,22.04376185,0 86.78516344,22.04383616,0 86.78519370,22.04389355,0 86.78517485,22.04393874,0 86.78519611,22.04394618,0 86.78521197,22.04397637,0 86.78519090,22.04400260,0 86.78517961,22.04402618,0 86.78520364,22.04405018,0 86.78521650,22.04409784,0 86.78521381,22.04412486,0 86.78518349,22.04415813,0 86.78522066,22.04427675,0 86.78522780,22.04430294,0 86.78525751,22.04431475,0 86.78527795,22.04429561,0 86.78528705,22.04429561,0 86.78530227,22.04430441,0 86.78532253,22.04432219,0 86.78533864,22.04432518,0 86.78535706,22.04431475,0 86.78536949,22.04428977,0 86.78539479,22.04425816,0 86.78539715,22.04425674,0 86.78540335,22.04425532,0 86.78545161,22.04424545,0 86.78545288,22.04424545,0 86.78548985,22.04426670,0 86.78549637,22.04429560,0 86.78553562,22.04432368,0 86.78556083,22.04437084,0 86.78558354,22.04438416,0 86.78561803,22.04438557,0 86.78561931,22.04438557,0 86.78565029,22.04437709,0 86.78566615,22.04435338,0 86.78567404,22.04433827,0 86.78568405,22.04434101,0 86.78569152,22.04434649,0 86.78569271,22.04435200,0 86.78569744,22.04438274,0 86.78573452,22.04437991,0 86.78578038,22.04437428,0 86.78575316,22.04433555,0 86.78576047,22.04432065,0 86.78577286,22.04431662,0 86.78579195,22.04433147,0 86.78581445,22.04433011,0 86.78582354,22.04430727,0 86.78584053,22.04429931,0 86.78585682,22.04430328,0 86.78587357,22.04431394,0 86.78589622,22.04433554,0 86.78598196,22.04432740,0 86.78598739,22.04429666,0 86.78596424,22.04423870,0 86.78595344,22.04419455,0 86.78594690,22.04417151,0 86.78595822,22.04415618,0 86.78597052,22.04415150,0 86.78599280,22.04416323,0 86.78599709,22.04417985,0 86.78601624,22.04419187,0 86.78605370,22.04418104,0 86.78606180,22.04412498,0 86.78606384,22.04410181,0 86.78609154,22.04409748,0 86.78607091,22.04407326,0 86.78606619,22.04406763,0 86.78603094,22.04403572,0 86.78602184,22.04402481,0 86.78599228,22.04404811,0 86.78597297,22.04402482,0 86.78592533,22.04398870,0 86.78592395,22.04398738,0 86.78588255,22.04397951,0 86.78588009,22.04397951,0 86.78581928,22.04395107,0 86.78577738,22.04391211,0 86.78575095,22.04387441,0 86.78572539,22.04383905,0 86.78570106,22.04383905,0 86.78568114,22.04379578,0 86.78563588,22.04378245,0 86.78563068,22.04375735,0 86.78564755,22.04374661,0 86.78566314,22.04373598,0 86.78571830,22.04372965,0 86.78577645,22.04372335,0 86.78578166,22.04373916,0 86.78581017,22.04375197,0 86.78583334,22.04376384,0 86.78585126,22.04376384,0 86.78586995,22.04374768,0 86.78588105,22.04373598,0 86.78590368,22.04372022,0 86.78590024,22.04369854,0 86.78591611,22.04368533,0 86.78595840,22.04371897,0 86.78596565,22.04373175,0 86.78596017,22.04374875,0 86.78594985,22.04376384,0 86.78594196,22.04377256,0 86.78591178,22.04378466,0 86.78592323,22.04382634,0 86.78593967,22.04386843,0 86.78596348,22.04388040,0 86.78599364,22.04387680,0 86.78600803,22.04384927,0 86.78602450,22.04381834,0 86.78604634,22.04379800,0 86.78612964,22.04381038,0 86.78619340,22.04386962,0 86.78618439,22.04390348,0 86.78616771,22.04392161,0 86.78616072,22.04392778,0 86.78612387,22.04392329,0 86.78610691,22.04394216,0 86.78612777,22.04396909,0 86.78615533,22.04396004,0 86.78618067,22.04395875,0 86.78620001,22.04396908,0 86.78620009,22.04400328,0 86.78618160,22.04406482,0 86.78621418,22.04408602,0 86.78624121,22.04405274,0 86.78627828,22.04404018,0 86.78626195,22.04401084,0 86.78627383,22.04398663,0 86.78633022,22.04395114,0 86.78633699,22.04392373,0 86.78634304,22.04389915,0 86.78634660,22.04389915,0 86.78638412,22.04388300,0 86.78641018,22.04386789,0 86.78642835,22.04386244,0 86.78647289,22.04389410,0 86.78648787,22.04390109,0 86.78650758,22.04388853,0 86.78649812,22.04386789,0 86.78651066,22.04385972,0 86.78653181,22.04386652,0 86.78654633,22.04387062,0 86.78656648,22.04385783,0 86.78656706,22.04385818,0 86.78677327,22.04379781,0 86.78682464,22.04373584,0 86.78680574,22.04365476,0 86.78681179,22.04361680,0 86.78679757,22.04358002,0 86.78677211,22.04359093,0 86.78675233,22.04360072,0 86.78671642,22.04359460,0 86.78671518,22.04354554,0 86.78669603,22.04351548,0 86.78665471,22.04349066,0 86.78664024,22.04345227,0 86.78664599,22.04341727,0 86.78665807,22.04339659,0 86.78672550,22.04339556,0 86.78676020,22.04348732,0 86.78679488,22.04351662,0 86.78676492,22.04335837,0 86.78674748,22.04326365,0 86.78671241,22.04314635,0 86.78669347,22.04310023,0 86.78667815,22.04311158,0 86.78665203,22.04310332,0 86.78663474,22.04309716,0 86.78662269,22.04306690,0 86.78664103,22.04301223,0 86.78664509,22.04298866,0 86.78662110,22.04296300,0 86.78661365,22.04295541,0 86.78660744,22.04294786,0 86.78659938,22.04290479,0 86.78659654,22.04287851,0 86.78661905,22.04284821,0 86.78663292,22.04281646,0 86.78662779,22.04279871,0 86.78662890,22.04276511,0 86.78657849,22.04263462,0 86.78652173,22.04265656,0 86.78646806,22.04267843,0 86.78636667,22.04258160,0 86.78634395,22.04247348,0 86.78637428,22.04242080,0 86.78648302,22.04224168,0 86.78624504,22.04204808,0 86.78600583,22.04216021,0 86.78602566,22.04219386,0 86.78600359,22.04215944,0 86.78567495,22.04225144,0 86.78572358,22.04236963,0 86.78575334,22.04238436,0 86.78578704,22.04245388,0 86.78583439,22.04249626,0 86.78587131,22.04256686,0 86.78594402,22.04265546,0 86.78595919,22.04270760,0 86.78598796,22.04276126,0 86.78601613,22.04287578,0 86.78599948,22.04289217,0 86.78590418,22.04294496,0 86.78585722,22.04299370,0 86.78548960,22.04319299,0 86.78547049,22.04327910,0 86.78537749,22.04335281,0 86.78530305,22.04335281,0 86.78523327,22.04335281,0 86.78520547,22.04340413,0 86.78515183,22.04342764,0 86.78516826,22.04355650,0 86.78518032,22.04363445,0 86.78515341,22.04361485,0 86.78512414,22.04357103,0 86.78505873,22.04351318,0 86.78499509,22.04344653,0 86.78501210,22.04337608,0 86.78500935,22.04331583,0 86.78491257,22.04331123,0 86.78481755,22.04332968,0 86.78479898,22.04332968,0 86.78472327,22.04330664,0 86.78463189,22.04332969,0 86.78454756,22.04339480,0 86.78452346,22.04339948,0 86.78445109,22.04344183,0 86.78439556,22.04343711,0 86.78433649,22.04339949,0 86.78425393,22.04344184,0 86.78424171,22.04350843,0 86.78408810,22.04349600,0 86.78241603,22.04402298,0 86.78213415,22.04407305,0 86.78220065,22.04443535,0 86.78218329,22.04443898,0 86.78214868,22.04431127,0 86.78214410,22.04428121,0 86.78210815,22.04430643,0 86.78205391,22.04428384,0 86.78204167,22.04423989,0 86.78209362,22.04422350,0 86.78207075,22.04411594,0 86.78183058,22.04412280,0 86.78174290,22.04411822,0 86.78175796,22.04413705,0 86.78174917,22.04420241,0 86.78178196,22.04422978,0 86.78180094,22.04425981,0 86.78181325,22.04427728,0 86.78183018,22.04431474,0 86.78186525,22.04435569,0 86.78178844,22.04440842,0 86.78177767,22.04443191,0 86.78180095,22.04443899,0 86.78177796,22.04447925,0 86.78175549,22.04450194,0 86.78172145,22.04451766,0 86.78169206,22.04452242,0 86.78167004,22.04446305,0 86.78165284,22.04443448,0 86.78144639,22.04449634,0 86.78143385,22.04454452,0 86.78145494,22.04459170,0 86.78150154,22.04458448,0 86.78153844,22.04461671,0 86.78156288,22.04465745,0 86.78158095,22.04468533,0 86.78157414,22.04470584,0 86.78157102,22.04472587,0 86.78150632,22.04473477,0 86.78147755,22.04477433,0 86.78148702,22.04486072,0 86.78149854,22.04494150,0 86.78150398,22.04493867,0 86.78155220,22.04492883,0 86.78158159,22.04492743,0 86.78161019,22.04491906,0 86.78161258,22.04490387,0 86.78163112,22.04489022,0 86.78164766,22.04488616,0 86.78169358,22.04486470,0 86.78171227,22.04486204,0 86.78173849,22.04485279,0 86.78175962,22.04484230,0 86.78180016,22.04483839,0 86.78180384,22.04483839,0 86.78182867,22.04486072,0 86.78183443,22.04491214,0 86.78184886,22.04499790,0 86.78188883,22.04518595,0 86.78191765,22.04517488,0 86.78205956,22.04512240,0 86.78201859,22.04490979,0 86.78202060,22.04488694,0 86.78208442,22.04487215,0 86.78212373,22.04486604,0 86.78219596,22.04485876,0 86.78222152,22.04487952,0 86.78226378,22.04503454,0 86.78265306,22.04490015,0 86.78266410,22.04487055,0 86.78269762,22.04485468,0 86.78271540,22.04487302,0 86.78279432,22.04484982,0 86.78304801,22.04478277,0 86.78318776,22.04474997,0 86.78331327,22.04472779,0 86.78353719,22.04471202,0 86.78364397,22.04472291,0 86.78366908,22.04472413,0 86.78372527,22.04467294,0 86.78374707,22.04460736,0 86.78376672,22.04457489,0 86.78376109,22.04454543,0 86.78373161,22.04449330,0 86.78375292,22.04444370,0 86.78375840,22.04440470,0 86.78375756,22.04438506,0 86.78374868,22.04437779,0 86.78373064,22.04436815,0 86.78372870,22.04430174,0 86.78370625,22.04422416,0 86.78370495,22.04419604,0 86.78370220,22.04416264,0 86.78371965,22.04413997,0 86.78373475,22.04412454,0 86.78375972,22.04414148,0 86.78377521,22.04413494,0 86.78380342,22.04411039,0 86.78382443,22.04410656,0 86.78384851,22.04412454,0 86.78386376,22.04413363,0 86.78386394,22.04411423,0 86.78384680,22.04410020,0 86.78383782,22.04407759,0 86.78385931,22.04406871,0 86.78388636,22.04409014,0 86.78389424,22.04411680,0 86.78392752,22.04410911,0 86.78396118,22.04412066,0 86.78398594,22.04410528,0 86.78401395,22.04409514,0 86.78402016,22.04407263,0 86.78404169,22.04406276,0 86.78406330,22.04407759,0 86.78408171,22.04410020,0 86.78409587,22.04408508,0 86.78410627,22.04407015,0 86.78415831,22.04405908,0 86.78418736,22.04406131,0 86.78418699,22.04402409,0 86.78420877,22.04399685,0 86.78420240,22.04398641,0 86.78418715,22.04396871,0 86.78420178,22.04395414,0 86.78421775,22.04392550,0 86.78423712,22.04390165,0 86.78423727,22.04388235,0 86.78422374,22.04385931,0 86.78420715,22.04381709,0 86.78420216,22.04376755,0 86.78422095,22.04371524,0 86.78422376,22.04368240,0</coordinates></LinearRing></outerBoundaryIs><innerBoundaryIs><LinearRing><coordinates>86.78652933,22.04383548,0 86.78648718,22.04381186,0 86.78646008,22.04379374,0 86.78637771,22.04370948,0 86.78635033,22.04367068,0 86.78635401,22.04365006,0 86.78635092,22.04361982,0 86.78632340,22.04361541,0 86.78630077,22.04354611,0 86.78627876,22.04354405,0 86.78625859,22.04353583,0 86.78624144,22.04352060,0 86.78622881,22.04350557,0 86.78621978,22.04349568,0 86.78620401,22.04344174,0 86.78621150,22.04342274,0 86.78625032,22.04340188,0 86.78634782,22.04336026,0 86.78640790,22.04338927,0 86.78643580,22.04344358,0 86.78644290,22.04349365,0 86.78647936,22.04358031,0 86.78651163,22.04370609,0 86.78651969,22.04374895,0 86.78651405,22.04382629,0 86.78652933,22.04383548,0</coordinates></LinearRing></innerBoundaryIs><innerBoundaryIs><LinearRing><coordinates>86.78601615,22.04287586,0 86.78601631,22.04287655,0 86.78599254,22.04291109,0 86.78601615,22.04287586,0</coordinates></LinearRing></innerBoundaryIs><innerBoundaryIs><LinearRing><coordinates>86.78595669,22.04296433,0 86.78601678,22.04307316,0 86.78595773,22.04309513,0 86.78592178,22.04307755,0 86.78590043,22.04301221,0 86.78595669,22.04296433,0</coordinates></LinearRing></innerBoundaryIs><innerBoundaryIs><LinearRing><coordinates>86.78604761,22.04222811,0 86.78607610,22.04220464,0 86.78611488,22.04221583,0 86.78610898,22.04225343,0 86.78608333,22.04228381,0 86.78604761,22.04222811,0</coordinates></LinearRing></innerBoundaryIs></Polygon></MultiGeometry>
		</Placemark>
		<Placemark id="ID_00023">
			<name>764434279</name>
			<Snippet maxLines="0"/>
			<description>&lt;html xmlns:fo="http://www.w3.org/1999/XSL/Format" xmlns:msxsl="urn:schemas-microsoft-com:xslt"&gt;

&lt;head&gt;

&lt;META http-equiv="Content-Type" content="text/html"&gt;

&lt;meta http-equiv="content-type" content="text/html; charset=UTF-8"&gt;

&lt;/head&gt;

&lt;body style="margin:0px 0px 0px 0px;overflow:auto;background:#FFFFFF;"&gt;

&lt;table style="font-family:Arial,Verdana,Times;font-size:12px;text-align:left;width:100%;border-collapse:collapse;padding:3px 3px 3px 3px"&gt;

&lt;tr style="text-align:center;font-weight:bold;background:#9CBCE2"&gt;

&lt;td&gt;764434279&lt;/td&gt;

&lt;/tr&gt;

&lt;tr&gt;

&lt;td&gt;

&lt;table style="font-family:Arial,Verdana,Times;font-size:12px;text-align:left;width:100%;border-spacing:0px; padding:3px 3px 3px 3px"&gt;

&lt;tr&gt;

&lt;td&gt;SHAPE&lt;/td&gt;

&lt;td&gt;Polygon&lt;/td&gt;

&lt;/tr&gt;

&lt;tr bgcolor="#D4E4F3"&gt;

&lt;td&gt;Name&lt;/td&gt;

&lt;td&gt;764434279&lt;/td&gt;

&lt;/tr&gt;

&lt;tr&gt;

&lt;td&gt;farmername&lt;/td&gt;

&lt;td&gt;Samai Majhi&lt;/td&gt;

&lt;/tr&gt;

&lt;tr bgcolor="#D4E4F3"&gt;

&lt;td&gt;state&lt;/td&gt;

&lt;td&gt;Odisha&lt;/td&gt;

&lt;/tr&gt;

&lt;tr&gt;

&lt;td&gt;district&lt;/td&gt;

&lt;td&gt;Mayurbhanj&lt;/td&gt;

&lt;/tr&gt;

&lt;tr bgcolor="#D4E4F3"&gt;

&lt;td&gt;block&lt;/td&gt;

&lt;td&gt;Kuliana&lt;/td&gt;

&lt;/tr&gt;

&lt;tr&gt;

&lt;td&gt;grampanchayat&lt;/td&gt;

&lt;td&gt;Kuabuda&lt;/td&gt;

&lt;/tr&gt;

&lt;tr bgcolor="#D4E4F3"&gt;

&lt;td&gt;village&lt;/td&gt;

&lt;td&gt;Bhagabandha&lt;/td&gt;

&lt;/tr&gt;

&lt;tr&gt;

&lt;td&gt;_id&lt;/td&gt;

&lt;td&gt;764434279&lt;/td&gt;

&lt;/tr&gt;

&lt;tr bgcolor="#D4E4F3"&gt;

&lt;td&gt;latitude&lt;/td&gt;

&lt;td&gt;22.004&lt;/td&gt;

&lt;/tr&gt;

&lt;tr&gt;

&lt;td&gt;longitude&lt;/td&gt;

&lt;td&gt;86.794&lt;/td&gt;

&lt;/tr&gt;

&lt;tr bgcolor="#D4E4F3"&gt;

&lt;td&gt;area_ha&lt;/td&gt;

&lt;td&gt;5.544&lt;/td&gt;

&lt;/tr&gt;

&lt;tr&gt;

&lt;td&gt;LP_id&lt;/td&gt;

&lt;td&gt;LP24&lt;/td&gt;

&lt;/tr&gt;

&lt;tr bgcolor="#D4E4F3"&gt;

&lt;td&gt;Plantation_year&lt;/td&gt;

&lt;td&gt;2025&lt;/td&gt;

&lt;/tr&gt;

&lt;tr&gt;

&lt;td&gt;SHAPE_Length&lt;/td&gt;

&lt;td&gt;3119.937046&lt;/td&gt;

&lt;/tr&gt;

&lt;tr bgcolor="#D4E4F3"&gt;

&lt;td&gt;SHAPE_Area&lt;/td&gt;

&lt;td&gt;55393.884371&lt;/td&gt;

&lt;/tr&gt;

&lt;/table&gt;

&lt;/td&gt;

&lt;/tr&gt;

&lt;/table&gt;

&lt;/body&gt;

&lt;/html&gt;</description>
			<styleUrl>#PolyStyle00</styleUrl>
			<MultiGeometry>
				<Polygon><outerBoundaryIs><LinearRing><coordinates>86.79361231,22.00406833,0 86.79364910,22.00407639,0 86.79366580,22.00411328,0 86.79369580,22.00418644,0 86.79370667,22.00425788,0 86.79376046,22.00447503,0 86.79376142,22.00451022,0 86.79381549,22.00443798,0 86.79387722,22.00438037,0 86.79394071,22.00438233,0 86.79396815,22.00439016,0 86.79398380,22.00440595,0 86.79422135,22.00443394,0 86.79420114,22.00438428,0 86.79411212,22.00436096,0 86.79410848,22.00435904,0 86.79407931,22.00434751,0 86.79408079,22.00431905,0 86.79410106,22.00427820,0 86.79415514,22.00429109,0 86.79416055,22.00429293,0 86.79419111,22.00431717,0 86.79419204,22.00436870,0 86.79420302,22.00438428,0 86.79422374,22.00437258,0 86.79425910,22.00432471,0 86.79429929,22.00430408,0 86.79432056,22.00435711,0 86.79431964,22.00440199,0 86.79429609,22.00447269,0 86.79425956,22.00448927,0 86.79421944,22.00443394,0 86.79398364,22.00440793,0 86.79395663,22.00445831,0 86.79387156,22.00449971,0 86.79376052,22.00451656,0 86.79372468,22.00456273,0 86.79374958,22.00460778,0 86.79376629,22.00466211,0 86.79377584,22.00466672,0 86.79380613,22.00468525,0 86.79377632,22.00474200,0 86.79373780,22.00479560,0 86.79377406,22.00482551,0 86.79377582,22.00488928,0 86.79381628,22.00493521,0 86.79387058,22.00501644,0 86.79390002,22.00503029,0 86.79395856,22.00506886,0 86.79401713,22.00512263,0 86.79403756,22.00517150,0 86.79407861,22.00519535,0 86.79403715,22.00517664,0 86.79396146,22.00527922,0 86.79399971,22.00547217,0 86.79403250,22.00556100,0 86.79409899,22.00559743,0 86.79410944,22.00568603,0 86.79411130,22.00568478,0 86.79410858,22.00573237,0 86.79404900,22.00577095,0 86.79397117,22.00574697,0 86.79392394,22.00574529,0 86.79378906,22.00583418,0 86.79370888,22.00584760,0 86.79369747,22.00588829,0 86.79367392,22.00599631,0 86.79370257,22.00606468,0 86.79368724,22.00619327,0 86.79381999,22.00615978,0 86.79391302,22.00615977,0 86.79398399,22.00617725,0 86.79403963,22.00620087,0 86.79411155,22.00620285,0 86.79424562,22.00617335,0 86.79434161,22.00618705,0 86.79441750,22.00622889,0 86.79472316,22.00625535,0 86.79472315,22.00625538,0 86.79480178,22.00627248,0 86.79493746,22.00626772,0 86.79499748,22.00627602,0 86.79513094,22.00630753,0 86.79512212,22.00627820,0 86.79520797,22.00595900,0 86.79529021,22.00573753,0 86.79534535,22.00560455,0 86.79534322,22.00560336,0 86.79538691,22.00548828,0 86.79539104,22.00539574,0 86.79538120,22.00529272,0 86.79542610,22.00525914,0 86.79533756,22.00525746,0 86.79531349,22.00517779,0 86.79536532,22.00510204,0 86.79537910,22.00506505,0 86.79539354,22.00492156,0 86.79534923,22.00489062,0 86.79528656,22.00488294,0 86.79526471,22.00492935,0 86.79528235,22.00500040,0 86.79529849,22.00506096,0 86.79525221,22.00508554,0 86.79523310,22.00523310,0 86.79521669,22.00531301,0 86.79518692,22.00531981,0 86.79519237,22.00527928,0 86.79521170,22.00512263,0 86.79513030,22.00499925,0 86.79505463,22.00498220,0 86.79496191,22.00495857,0 86.79493614,22.00500954,0 86.79487101,22.00504773,0 86.79479067,22.00503725,0 86.79468600,22.00510096,0 86.79455177,22.00510816,0 86.79449518,22.00505475,0 86.79451317,22.00501298,0 86.79461505,22.00498560,0 86.79458067,22.00491767,0 86.79450623,22.00492935,0 86.79440576,22.00500039,0 86.79426500,22.00492528,0 86.79424444,22.00486030,0 86.79427724,22.00483173,0 86.79431226,22.00480046,0 86.79430738,22.00472739,0 86.79428161,22.00470068,0 86.79429490,22.00466563,0 86.79432316,22.00467433,0 86.79438763,22.00468016,0 86.79441492,22.00463122,0 86.79448174,22.00458353,0 86.79452283,22.00460022,0 86.79455198,22.00458076,0 86.79460877,22.00453433,0 86.79461801,22.00449431,0 86.79462633,22.00447593,0 86.79469954,22.00449959,0 86.79475787,22.00447332,0 86.79481643,22.00447332,0 86.79488479,22.00445773,0 86.79491170,22.00441430,0 86.79496043,22.00443206,0 86.79498604,22.00436363,0 86.79499773,22.00431778,0 86.79469921,22.00439336,0 86.79462067,22.00435361,0 86.79458125,22.00431328,0 86.79455922,22.00426727,0 86.79457239,22.00423472,0 86.79460516,22.00422215,0 86.79460346,22.00421511,0 86.79464924,22.00419484,0 86.79468213,22.00421129,0 86.79471382,22.00423980,0 86.79473066,22.00428652,0 86.79472633,22.00438482,0 86.79479543,22.00436861,0 86.79499757,22.00431686,0 86.79497718,22.00426263,0 86.79498279,22.00425498,0 86.79499041,22.00423013,0 86.79501081,22.00420228,0 86.79501048,22.00412983,0 86.79500235,22.00400427,0 86.79502719,22.00384361,0 86.79503083,22.00380148,0 86.79500063,22.00378724,0 86.79498197,22.00377174,0 86.79501412,22.00362977,0 86.79498446,22.00361902,0 86.79497509,22.00348637,0 86.79498142,22.00343900,0 86.79493909,22.00343162,0 86.79493500,22.00336507,0 86.79496917,22.00334833,0 86.79495462,22.00328576,0 86.79497032,22.00323751,0 86.79521221,22.00323056,0 86.79531829,22.00326422,0 86.79542304,22.00328744,0 86.79563506,22.00328251,0 86.79567890,22.00289543,0 86.79547436,22.00283116,0 86.79540652,22.00281239,0 86.79539687,22.00285753,0 86.79536182,22.00286829,0 86.79537751,22.00281046,0 86.79525489,22.00278888,0 86.79518767,22.00280237,0 86.79513103,22.00281664,0 86.79514290,22.00286290,0 86.79511076,22.00291189,0 86.79507960,22.00288454,0 86.79512790,22.00281765,0 86.79490474,22.00282492,0 86.79489454,22.00275979,0 86.79383204,22.00284372,0 86.79385233,22.00286841,0 86.79388255,22.00289092,0 86.79388060,22.00293263,0 86.79383581,22.00293474,0 86.79379802,22.00292631,0 86.79378659,22.00289298,0 86.79383194,22.00284620,0 86.79372990,22.00281193,0 86.79342893,22.00283311,0 86.79342556,22.00290157,0 86.79339263,22.00293577,0 86.79333972,22.00301165,0 86.79329101,22.00308245,0 86.79331111,22.00309019,0 86.79332990,22.00310484,0 86.79333463,22.00310976,0 86.79333300,22.00314130,0 86.79328816,22.00314635,0 86.79326488,22.00311799,0 86.79339115,22.00293577,0 86.79330572,22.00290888,0 86.79331682,22.00285546,0 86.79321018,22.00287910,0 86.79317543,22.00281701,0 86.79305358,22.00284056,0 86.79303379,22.00289054,0 86.79305698,22.00292882,0 86.79308221,22.00296990,0 86.79299716,22.00301576,0 86.79288408,22.00304402,0 86.79289324,22.00315310,0 86.79292785,22.00318045,0 86.79292541,22.00320518,0 86.79296063,22.00320997,0 86.79301441,22.00338971,0 86.79304702,22.00337586,0 86.79305799,22.00340769,0 86.79309009,22.00342183,0 86.79311816,22.00339768,0 86.79318683,22.00338376,0 86.79333952,22.00338376,0 86.79347510,22.00335048,0 86.79351293,22.00338178,0 86.79354064,22.00340770,0 86.79354239,22.00340770,0 86.79357250,22.00338971,0 86.79361002,22.00336214,0 86.79367144,22.00332551,0 86.79370564,22.00334083,0 86.79371101,22.00334275,0 86.79373976,22.00336605,0 86.79375913,22.00341981,0 86.79375413,22.00345944,0 86.79373697,22.00347734,0 86.79367650,22.00343512,0 86.79361353,22.00344978,0 86.79352400,22.00343095,0 86.79343056,22.00345188,0 86.79337999,22.00349452,0 86.79333824,22.00347094,0 86.79321032,22.00347520,0 86.79316266,22.00346881,0 86.79308518,22.00350101,0 86.79312762,22.00358304,0 86.79315998,22.00360359,0 86.79317375,22.00363835,0 86.79317462,22.00370023,0 86.79320902,22.00376677,0 86.79325475,22.00379967,0 86.79327674,22.00380991,0 86.79326960,22.00385668,0 86.79329786,22.00385668,0 86.79336056,22.00385931,0 86.79340189,22.00385931,0 86.79343218,22.00392085,0 86.79345536,22.00395376,0 86.79350140,22.00398721,0 86.79353032,22.00401838,0 86.79354308,22.00408812,0 86.79357611,22.00409392,0 86.79361231,22.00406833,0</coordinates></LinearRing></outerBoundaryIs><innerBoundaryIs><LinearRing><coordinates>86.79374921,22.00377641,0 86.79370224,22.00369752,0 86.79370011,22.00363284,0 86.79373946,22.00359882,0 86.79377507,22.00362062,0 86.79376543,22.00367974,0 86.79376464,22.00367741,0 86.79375622,22.00376161,0 86.79374921,22.00377641,0</coordinates></LinearRing></innerBoundaryIs><innerBoundaryIs><LinearRing><coordinates>86.79377317,22.00370263,0 86.79381590,22.00382376,0 86.79386282,22.00381162,0 86.79389174,22.00378779,0 86.79393521,22.00380365,0 86.79412929,22.00374343,0 86.79393506,22.00380630,0 86.79395478,22.00385464,0 86.79392813,22.00388196,0 86.79388466,22.00385464,0 86.79386402,22.00386280,0 86.79386030,22.00387921,0 86.79383468,22.00388471,0 86.79377317,22.00370263,0</coordinates></LinearRing></innerBoundaryIs><innerBoundaryIs><LinearRing><coordinates>86.79417005,22.00373024,0 86.79415644,22.00368995,0 86.79412780,22.00366991,0 86.79412867,22.00361090,0 86.79416911,22.00357009,0 86.79420437,22.00359882,0 86.79423517,22.00361090,0 86.79427595,22.00363775,0 86.79425551,22.00370258,0 86.79417005,22.00373024,0</coordinates></LinearRing></innerBoundaryIs><innerBoundaryIs><LinearRing><coordinates>86.79457934,22.00411513,0 86.79455658,22.00402083,0 86.79451615,22.00400046,0 86.79447626,22.00398315,0 86.79444097,22.00399757,0 86.79442384,22.00396597,0 86.79449771,22.00395742,0 86.79452611,22.00396027,0 86.79455168,22.00399179,0 86.79457934,22.00411513,0</coordinates></LinearRing></innerBoundaryIs><innerBoundaryIs><LinearRing><coordinates>86.79530247,22.00558042,0 86.79527687,22.00556601,0 86.79521096,22.00559971,0 86.79519119,22.00554688,0 86.79522732,22.00549476,0 86.79527700,22.00556122,0 86.79530247,22.00558042,0</coordinates></LinearRing></innerBoundaryIs><innerBoundaryIs><LinearRing><coordinates>86.79476804,22.00606087,0 86.79464162,22.00575591,0 86.79489737,22.00568106,0 86.79498429,22.00598024,0 86.79476804,22.00606087,0</coordinates></LinearRing></innerBoundaryIs><innerBoundaryIs><LinearRing><coordinates>86.79411164,22.00568455,0 86.79415375,22.00565619,0 86.79424454,22.00564370,0 86.79426663,22.00559033,0 86.79431795,22.00559235,0 86.79429774,22.00547164,0 86.79426424,22.00544198,0 86.79428351,22.00541288,0 86.79431618,22.00543648,0 86.79429809,22.00546977,0 86.79431830,22.00559033,0 86.79436336,22.00562095,0 86.79435762,22.00568134,0 86.79427387,22.00574853,0 86.79423371,22.00570673,0 86.79411164,22.00568455,0</coordinates></LinearRing></innerBoundaryIs><innerBoundaryIs><LinearRing><coordinates>86.79413485,22.00522073,0 86.79416140,22.00522869,0 86.79416262,22.00520512,0 86.79418599,22.00516125,0 86.79425528,22.00513835,0 86.79426307,22.00514088,0 86.79429364,22.00517921,0 86.79428957,22.00523660,0 86.79421112,22.00525515,0 86.79413485,22.00522073,0</coordinates></LinearRing></innerBoundaryIs></Polygon></MultiGeometry>
		</Placemark>
		<Placemark id="ID_00024">
			<name>764799794</name>
			<Snippet maxLines="0"/>
			<description>&lt;html xmlns:fo="http://www.w3.org/1999/XSL/Format" xmlns:msxsl="urn:schemas-microsoft-com:xslt"&gt;

&lt;head&gt;

&lt;META http-equiv="Content-Type" content="text/html"&gt;

&lt;meta http-equiv="content-type" content="text/html; charset=UTF-8"&gt;

&lt;/head&gt;

&lt;body style="margin:0px 0px 0px 0px;overflow:auto;background:#FFFFFF;"&gt;

&lt;table style="font-family:Arial,Verdana,Times;font-size:12px;text-align:left;width:100%;border-collapse:collapse;padding:3px 3px 3px 3px"&gt;

&lt;tr style="text-align:center;font-weight:bold;background:#9CBCE2"&gt;

&lt;td&gt;764799794&lt;/td&gt;

&lt;/tr&gt;

&lt;tr&gt;

&lt;td&gt;

&lt;table style="font-family:Arial,Verdana,Times;font-size:12px;text-align:left;width:100%;border-spacing:0px; padding:3px 3px 3px 3px"&gt;

&lt;tr&gt;

&lt;td&gt;SHAPE&lt;/td&gt;

&lt;td&gt;Polygon&lt;/td&gt;

&lt;/tr&gt;

&lt;tr bgcolor="#D4E4F3"&gt;

&lt;td&gt;Name&lt;/td&gt;

&lt;td&gt;764799794&lt;/td&gt;

&lt;/tr&gt;

&lt;tr&gt;

&lt;td&gt;farmername&lt;/td&gt;

&lt;td&gt;Mahadeb Singh&lt;/td&gt;

&lt;/tr&gt;

&lt;tr bgcolor="#D4E4F3"&gt;

&lt;td&gt;state&lt;/td&gt;

&lt;td&gt;Odisha&lt;/td&gt;

&lt;/tr&gt;

&lt;tr&gt;

&lt;td&gt;district&lt;/td&gt;

&lt;td&gt;Mayurbhanj&lt;/td&gt;

&lt;/tr&gt;

&lt;tr bgcolor="#D4E4F3"&gt;

&lt;td&gt;block&lt;/td&gt;

&lt;td&gt;Bangirposi&lt;/td&gt;

&lt;/tr&gt;

&lt;tr&gt;

&lt;td&gt;grampanchayat&lt;/td&gt;

&lt;td&gt;Badgaon&lt;/td&gt;

&lt;/tr&gt;

&lt;tr bgcolor="#D4E4F3"&gt;

&lt;td&gt;village&lt;/td&gt;

&lt;td&gt;Kantasala C&lt;/td&gt;

&lt;/tr&gt;

&lt;tr&gt;

&lt;td&gt;_id&lt;/td&gt;

&lt;td&gt;764799794&lt;/td&gt;

&lt;/tr&gt;

&lt;tr bgcolor="#D4E4F3"&gt;

&lt;td&gt;latitude&lt;/td&gt;

&lt;td&gt;22.012&lt;/td&gt;

&lt;/tr&gt;

&lt;tr&gt;

&lt;td&gt;longitude&lt;/td&gt;

&lt;td&gt;86.547&lt;/td&gt;

&lt;/tr&gt;

&lt;tr bgcolor="#D4E4F3"&gt;

&lt;td&gt;area_ha&lt;/td&gt;

&lt;td&gt;1.903&lt;/td&gt;

&lt;/tr&gt;

&lt;tr&gt;

&lt;td&gt;LP_id&lt;/td&gt;

&lt;td&gt;LP25&lt;/td&gt;

&lt;/tr&gt;

&lt;tr bgcolor="#D4E4F3"&gt;

&lt;td&gt;Plantation_year&lt;/td&gt;

&lt;td&gt;2025&lt;/td&gt;

&lt;/tr&gt;

&lt;tr&gt;

&lt;td&gt;SHAPE_Length&lt;/td&gt;

&lt;td&gt;940.779169&lt;/td&gt;

&lt;/tr&gt;

&lt;tr bgcolor="#D4E4F3"&gt;

&lt;td&gt;SHAPE_Area&lt;/td&gt;

&lt;td&gt;19019.890988&lt;/td&gt;

&lt;/tr&gt;

&lt;/table&gt;

&lt;/td&gt;

&lt;/tr&gt;

&lt;/table&gt;

&lt;/body&gt;

&lt;/html&gt;</description>
			<styleUrl>#PolyStyle00</styleUrl>
			<MultiGeometry>
				<Polygon>
					<outerBoundaryIs>
						<LinearRing>
							<coordinates>
								86.5465775209376,22.01238279526213,0 86.54659633777466,22.01225253584994,0 86.5466070465971,22.0120000093195,0 86.54657610755022,22.01175316855074,0 86.54655627082043,22.01161776014803,0 86.54655295120945,22.01156029611267,0 86.54654964676094,22.01147705079338,0 86.5465302883845,22.01136275698396,0 86.54661263040062,22.01132977355104,0 86.54670120731603,22.01126864092075,0 86.54706385625722,22.01124235860652,0 86.5472464002269,22.01124790039196,0 86.54735409686542,22.01123108129923,0 86.54740640737975,22.01122762643623,0 86.54742069237399,22.01132977482123,0 86.54734560994805,22.01140339986032,0 86.54737367863112,22.011456165694,0 86.54744291990484,22.01147530007739,0 86.54751779574548,22.01147529986936,0 86.54751774854934,22.01151794368348,0 86.54757823211349,22.01157471895159,0 86.54764172765388,22.01156623383871,0 86.54770908039814,22.01156623356428,0 86.54785099207204,22.01156200304855,0 86.54817294784836,22.01151003612555,0 86.5481937281871,22.01155607372933,0 86.54817397099764,22.01157726988051,0 86.54813674074481,22.01161154026494,0 86.54816354584544,22.0116770056857,0 86.54818050105257,22.01172155111422,0 86.54816631666644,22.01178096166732,0 86.54811717209216,22.0118064494385,0 86.5480840522853,22.01179437317214,0 86.54805671992132,22.01179437280965,0 86.54801467518645,22.01180302563669,0 86.54799305967106,22.01184285992824,0 86.54796450484049,22.0118605047847,0 86.54795247540837,22.01186940387766,0 86.54794594011734,22.0118411056274,0 86.54790776792643,22.01184088382074,0 86.54784075597209,22.01183236843213,0 86.54780948975935,22.01183062710002,0 86.54779073824525,22.01182888685622,0 86.54776405515993,22.0117928032309,0 86.54769085595552,22.01175258814761,0 86.54764849457266,22.01179110576444,0 86.54764350688455,22.01184637319522,0 86.54764050417384,22.01188735556651,0 86.54761420995132,22.01190734197859,0 86.54761553458752,22.011951847039,0 86.5476193238265,22.01197839319041,0 86.54764385392804,22.01200506975229,0 86.54767054691732,22.01209085500054,0 86.54763211468331,22.01217041656808,0 86.54760547876585,22.01223241537782,0 86.54765251579408,22.0123756185679,0 86.54767127160825,22.01243250903173,0 86.54763993377554,22.01263860721011,0 86.5473892426506,22.01267900618774,0 86.54725916017532,22.01269435681419,0 86.54716595975781,22.01271444474611,0 86.54721196195717,22.01256264567197,0 86.54723216344871,22.01250902839586,0 86.54722393342637,22.01247228826064,0 86.54720006570804,22.01243107177744,0 86.54717274775474,22.01243107220906,0 86.54711824977743,22.01242852304278,0 86.54711355918204,22.01243107222613,0 86.5470754886704,22.01245673572319,0 86.5471064780409,22.01251698468776,0 86.54711097866404,22.01251964418591,0 86.5471611007171,22.01254372638456,0 86.54721204614555,22.01255993288929,0 86.5471660755733,22.01271153600547,0 86.54698527700769,22.01280128059667,0 86.54688868930003,22.01284210729477,0 86.54683019975661,22.01289309990866,0 86.54670229972439,22.01294779980813,0 86.54650343175216,22.01301729579748,0 86.5465152218005,22.01288362185957,0 86.54655571231689,22.01281454068982,0 86.5466106380883,22.01271523165392,0 86.54660672016701,22.01262502368389,0 86.54657567419777,22.01253846373669,0 86.54657725353074,22.01238401415968,0 86.54661660427232,22.01237561896147,0 86.5470001409785,22.01228128373219,0 86.54703629409892,22.01225409176233,0 86.54701584189681,22.0121951285784,0 86.54700363384357,22.01214252757605,0 86.54693151943513,22.01215820977315,0 86.54692267065735,22.01216345595727,0 86.54686474587857,22.0122758259112,0 86.54693838809838,22.01229524370567,0 86.54661602911152,22.01237551166889,0 86.5465775209376,22.01238279526213,0 
							</coordinates>
						</LinearRing>
					</outerBoundaryIs>
				</Polygon>
			</MultiGeometry>
		</Placemark>
		<Placemark id="ID_00025">
			<name>764799811</name>
			<Snippet maxLines="0"/>
			<description>&lt;html xmlns:fo="http://www.w3.org/1999/XSL/Format" xmlns:msxsl="urn:schemas-microsoft-com:xslt"&gt;

&lt;head&gt;

&lt;META http-equiv="Content-Type" content="text/html"&gt;

&lt;meta http-equiv="content-type" content="text/html; charset=UTF-8"&gt;

&lt;/head&gt;

&lt;body style="margin:0px 0px 0px 0px;overflow:auto;background:#FFFFFF;"&gt;

&lt;table style="font-family:Arial,Verdana,Times;font-size:12px;text-align:left;width:100%;border-collapse:collapse;padding:3px 3px 3px 3px"&gt;

&lt;tr style="text-align:center;font-weight:bold;background:#9CBCE2"&gt;

&lt;td&gt;764799811&lt;/td&gt;

&lt;/tr&gt;

&lt;tr&gt;

&lt;td&gt;

&lt;table style="font-family:Arial,Verdana,Times;font-size:12px;text-align:left;width:100%;border-spacing:0px; padding:3px 3px 3px 3px"&gt;

&lt;tr&gt;

&lt;td&gt;SHAPE&lt;/td&gt;

&lt;td&gt;Polygon&lt;/td&gt;

&lt;/tr&gt;

&lt;tr bgcolor="#D4E4F3"&gt;

&lt;td&gt;Name&lt;/td&gt;

&lt;td&gt;764799811&lt;/td&gt;

&lt;/tr&gt;

&lt;tr&gt;

&lt;td&gt;farmername&lt;/td&gt;

&lt;td&gt;Gorachand Singh&lt;/td&gt;

&lt;/tr&gt;

&lt;tr bgcolor="#D4E4F3"&gt;

&lt;td&gt;state&lt;/td&gt;

&lt;td&gt;Odisha&lt;/td&gt;

&lt;/tr&gt;

&lt;tr&gt;

&lt;td&gt;district&lt;/td&gt;

&lt;td&gt;Mayurbhanj&lt;/td&gt;

&lt;/tr&gt;

&lt;tr bgcolor="#D4E4F3"&gt;

&lt;td&gt;block&lt;/td&gt;

&lt;td&gt;Bangirposi&lt;/td&gt;

&lt;/tr&gt;

&lt;tr&gt;

&lt;td&gt;grampanchayat&lt;/td&gt;

&lt;td&gt;Badgaon&lt;/td&gt;

&lt;/tr&gt;

&lt;tr bgcolor="#D4E4F3"&gt;

&lt;td&gt;village&lt;/td&gt;

&lt;td&gt;Kantasala B&lt;/td&gt;

&lt;/tr&gt;

&lt;tr&gt;

&lt;td&gt;_id&lt;/td&gt;

&lt;td&gt;764799811&lt;/td&gt;

&lt;/tr&gt;

&lt;tr bgcolor="#D4E4F3"&gt;

&lt;td&gt;latitude&lt;/td&gt;

&lt;td&gt;22.014&lt;/td&gt;

&lt;/tr&gt;

&lt;tr&gt;

&lt;td&gt;longitude&lt;/td&gt;

&lt;td&gt;86.541&lt;/td&gt;

&lt;/tr&gt;

&lt;tr bgcolor="#D4E4F3"&gt;

&lt;td&gt;area_ha&lt;/td&gt;

&lt;td&gt;3.175&lt;/td&gt;

&lt;/tr&gt;

&lt;tr&gt;

&lt;td&gt;LP_id&lt;/td&gt;

&lt;td&gt;LP26&lt;/td&gt;

&lt;/tr&gt;

&lt;tr bgcolor="#D4E4F3"&gt;

&lt;td&gt;Plantation_year&lt;/td&gt;

&lt;td&gt;2025&lt;/td&gt;

&lt;/tr&gt;

&lt;tr&gt;

&lt;td&gt;SHAPE_Length&lt;/td&gt;

&lt;td&gt;2131.569625&lt;/td&gt;

&lt;/tr&gt;

&lt;tr bgcolor="#D4E4F3"&gt;

&lt;td&gt;SHAPE_Area&lt;/td&gt;

&lt;td&gt;31724.598188&lt;/td&gt;

&lt;/tr&gt;

&lt;/table&gt;

&lt;/td&gt;

&lt;/tr&gt;

&lt;/table&gt;

&lt;/body&gt;

&lt;/html&gt;</description>
			<styleUrl>#PolyStyle00</styleUrl>
			<MultiGeometry>
				<Polygon><outerBoundaryIs><LinearRing><coordinates>86.54008133,22.01354342,0 86.54007034,22.01360476,0 86.54003779,22.01365332,0 86.53995347,22.01364461,0 86.53993967,22.01361865,0 86.53991822,22.01361435,0 86.53989040,22.01366206,0 86.53987922,22.01371957,0 86.53994677,22.01370174,0 86.53999046,22.01371064,0 86.54002523,22.01372852,0 86.54001078,22.01379207,0 86.53997901,22.01384306,0 86.53992098,22.01384306,0 86.53986565,22.01382906,0 86.53984958,22.01377376,0 86.53983886,22.01375105,0 86.53979432,22.01387601,0 86.53973552,22.01404567,0 86.53992173,22.01408227,0 86.53998478,22.01406703,0 86.53998918,22.01416494,0 86.53994470,22.01418598,0 86.53994059,22.01418599,0 86.53988997,22.01417019,0 86.53991966,22.01408364,0 86.53973536,22.01404684,0 86.53973064,22.01434338,0 86.53975171,22.01461074,0 86.53978731,22.01484684,0 86.53977744,22.01496665,0 86.53980187,22.01496706,0 86.53980976,22.01502581,0 86.53979977,22.01505797,0 86.53977114,22.01508911,0 86.53979677,22.01512068,0 86.53981725,22.01509509,0 86.53984054,22.01509509,0 86.53985979,22.01508464,0 86.53988807,22.01507720,0 86.53991723,22.01504916,0 86.53993055,22.01506092,0 86.53993344,22.01510109,0 86.53992711,22.01513891,0 86.53989775,22.01516191,0 86.53986913,22.01516653,0 86.53983781,22.01518824,0 86.53985123,22.01520231,0 86.53987412,22.01521962,0 86.53989477,22.01522120,0 86.53991595,22.01524662,0 86.53994385,22.01523070,0 86.53999945,22.01524342,0 86.54003350,22.01522436,0 86.54006690,22.01523387,0 86.54028194,22.01520545,0 86.54035773,22.01519449,0 86.54040038,22.01519137,0 86.54044625,22.01518981,0 86.54076671,22.01513887,0 86.54091289,22.01512257,0 86.54090734,22.01507102,0 86.54092116,22.01497760,0 86.54090708,22.01496234,0 86.54092220,22.01497697,0 86.54098272,22.01496339,0 86.54105801,22.01500429,0 86.54108377,22.01509495,0 86.54122810,22.01508125,0 86.54137226,22.01504398,0 86.54133533,22.01503391,0 86.54128891,22.01504397,0 86.54126718,22.01498416,0 86.54127258,22.01494186,0 86.54130522,22.01490664,0 86.54128132,22.01488971,0 86.54127814,22.01484700,0 86.54126007,22.01484700,0 86.54124946,22.01480400,0 86.54127256,22.01476476,0 86.54125827,22.01466519,0 86.54124999,22.01459743,0 86.54124142,22.01452897,0 86.54122970,22.01445734,0 86.54120032,22.01440322,0 86.54116769,22.01448095,0 86.54111826,22.01447043,0 86.54108933,22.01443915,0 86.54109360,22.01440831,0 86.54110871,22.01436039,0 86.54103193,22.01437289,0 86.54100893,22.01440576,0 86.54097085,22.01445212,0 86.54090398,22.01444692,0 86.54086150,22.01440576,0 86.54065222,22.01442624,0 86.54056321,22.01443397,0 86.54055076,22.01447568,0 86.54051707,22.01453706,0 86.54047606,22.01453706,0 86.54043477,22.01451551,0 86.54042508,22.01450749,0 86.54041988,22.01446779,0 86.54044556,22.01444173,0 86.54050589,22.01440831,0 86.54048327,22.01434794,0 86.54046198,22.01432329,0 86.54039093,22.01434794,0 86.54037011,22.01439052,0 86.54033718,22.01442367,0 86.54030411,22.01443397,0 86.54028664,22.01436787,0 86.54031295,22.01431351,0 86.54038161,22.01429650,0 86.54032254,22.01427963,0 86.54025592,22.01430620,0 86.54025981,22.01424866,0 86.54029517,22.01416980,0 86.54033971,22.01413373,0 86.54035270,22.01416299,0 86.54043502,22.01420654,0 86.54046307,22.01416299,0 86.54044159,22.01407978,0 86.54047405,22.01406344,0 86.54050719,22.01405086,0 86.54054862,22.01405624,0 86.54056523,22.01408710,0 86.54055753,22.01413933,0 86.54069574,22.01412987,0 86.54077626,22.01412423,0 86.54094181,22.01409445,0 86.54100542,22.01410108,0 86.54101238,22.01389278,0 86.54101011,22.01409816,0 86.54105233,22.01409630,0 86.54112529,22.01410555,0 86.54120308,22.01407978,0 86.54122599,22.01410184,0 86.54127840,22.01409630,0 86.54131551,22.01404016,0 86.54135033,22.01403307,0 86.54139580,22.01404729,0 86.54140327,22.01406706,0 86.54142692,22.01409630,0 86.54145718,22.01408894,0 86.54147083,22.01407069,0 86.54147115,22.01379208,0 86.54137941,22.01340783,0 86.54132228,22.01318761,0 86.54129685,22.01312309,0 86.54122710,22.01313728,0 86.54121317,22.01307409,0 86.54123686,22.01302947,0 86.54126959,22.01302608,0 86.54128710,22.01291343,0 86.54117159,22.01285911,0 86.54115910,22.01292640,0 86.54111216,22.01296245,0 86.54105293,22.01293618,0 86.54104520,22.01288770,0 86.54099778,22.01292315,0 86.54090747,22.01293617,0 86.54067322,22.01296516,0 86.54067300,22.01296674,0 86.54045876,22.01296245,0 86.54020040,22.01297238,0 86.54011991,22.01298569,0 86.54008620,22.01304653,0 86.54004250,22.01315370,0 86.54001440,22.01324080,0 86.53997289,22.01329148,0 86.53992846,22.01344782,0 86.53996550,22.01348028,0 86.54005964,22.01350078,0 86.54008123,22.01354340,0 86.54008133,22.01354342,0</coordinates></LinearRing></outerBoundaryIs><innerBoundaryIs><LinearRing><coordinates>86.54044625,22.01518981,0 86.54039023,22.01515616,0 86.54039328,22.01511826,0 86.54036175,22.01511826,0 86.54034184,22.01511655,0 86.54030364,22.01512168,0 86.54025057,22.01511826,0 86.54024478,22.01508094,0 86.54025839,22.01505915,0 86.54028177,22.01503095,0 86.54032754,22.01500797,0 86.54036161,22.01501288,0 86.54035184,22.01505082,0 86.54039457,22.01507253,0 86.54041769,22.01508094,0 86.54043185,22.01503921,0 86.54045198,22.01498521,0 86.54045312,22.01496267,0 86.54044924,22.01492925,0 86.54046488,22.01488861,0 86.54046396,22.01488795,0 86.54049652,22.01485766,0 86.54052334,22.01486073,0 86.54053366,22.01488386,0 86.54052860,22.01491821,0 86.54051215,22.01494988,0 86.54047482,22.01499494,0 86.54045811,22.01504584,0 86.54048768,22.01505082,0 86.54056443,22.01500961,0 86.54056767,22.01500961,0 86.54059315,22.01503260,0 86.54058400,22.01504584,0 86.54056225,22.01507254,0 86.54056556,22.01511144,0 86.54053867,22.01514577,0 86.54050400,22.01515790,0 86.54046229,22.01516312,0 86.54044625,22.01518981,0</coordinates></LinearRing></innerBoundaryIs><innerBoundaryIs><LinearRing><coordinates>86.54020053,22.01356869,0 86.54023298,22.01352502,0 86.54026452,22.01352222,0 86.54028085,22.01354625,0 86.54027791,22.01358987,0 86.54025789,22.01361832,0 86.54021102,22.01361379,0 86.54020053,22.01356869,0</coordinates></LinearRing></innerBoundaryIs><innerBoundaryIs><LinearRing><coordinates>86.54101308,22.01382954,0 86.54098575,22.01380539,0 86.54092010,22.01380539,0 86.54089235,22.01377290,0 86.54089803,22.01370713,0 86.54095782,22.01369045,0 86.54100900,22.01371433,0 86.54101379,22.01376548,0 86.54101308,22.01382954,0</coordinates></LinearRing></innerBoundaryIs><innerBoundaryIs><LinearRing><coordinates>86.54088367,22.01493970,0 86.54084029,22.01496983,0 86.54081783,22.01495740,0 86.54081116,22.01499793,0 86.54077069,22.01501943,0 86.54074901,22.01498087,0 86.54075339,22.01493541,0 86.54077075,22.01491151,0 86.54087310,22.01477297,0 86.54085529,22.01476827,0 86.54082715,22.01476710,0 86.54083082,22.01471786,0 86.54085368,22.01468912,0 86.54088064,22.01467394,0 86.54088389,22.01467394,0 86.54090490,22.01468912,0 86.54090598,22.01468912,0 86.54092155,22.01471228,0 86.54090384,22.01476827,0 86.54087304,22.01477414,0 86.54078022,22.01489965,0 86.54080930,22.01489442,0 86.54082957,22.01491152,0 86.54085765,22.01490029,0 86.54088257,22.01493863,0 86.54088367,22.01493970,0</coordinates></LinearRing></innerBoundaryIs><innerBoundaryIs><LinearRing><coordinates>86.54043914,22.01487005,0 86.54040406,22.01484475,0 86.54036643,22.01481406,0 86.54043914,22.01487005,0</coordinates></LinearRing></innerBoundaryIs><innerBoundaryIs><LinearRing><coordinates>86.54035425,22.01480468,0 86.54033090,22.01482291,0 86.54030923,22.01484243,0 86.54026160,22.01489361,0 86.54025817,22.01489695,0 86.54018455,22.01489361,0 86.54018661,22.01485882,0 86.54019669,22.01479713,0 86.54019716,22.01478913,0 86.54019753,22.01478275,0 86.54022348,22.01474639,0 86.54029713,22.01474671,0 86.54031853,22.01471636,0 86.54029818,22.01474639,0 86.54029489,22.01474953,0 86.54033208,22.01478275,0 86.54033822,22.01479233,0 86.54035425,22.01480468,0</coordinates></LinearRing></innerBoundaryIs><innerBoundaryIs><LinearRing><coordinates>86.54033779,22.01468795,0 86.54033212,22.01467533,0 86.54031083,22.01465714,0 86.54027077,22.01461082,0 86.54029990,22.01457559,0 86.54033722,22.01455674,0 86.54034332,22.01455674,0 86.54036276,22.01457268,0 86.54036426,22.01457414,0 86.54037022,22.01458143,0 86.54036886,22.01464210,0 86.54033779,22.01468795,0</coordinates></LinearRing></innerBoundaryIs><innerBoundaryIs><LinearRing><coordinates>86.54065403,22.01311457,0 86.54068511,22.01311618,0 86.54070782,22.01312669,0 86.54074309,22.01313020,0 86.54075195,22.01317664,0 86.54075390,22.01321169,0 86.54076108,22.01322814,0 86.54072437,22.01326419,0 86.54068906,22.01328151,0 86.54068902,22.01328153,0 86.54063678,22.01324119,0 86.54064387,22.01319304,0 86.54065403,22.01311457,0</coordinates></LinearRing></innerBoundaryIs><innerBoundaryIs><LinearRing><coordinates>86.54078217,22.01322090,0 86.54081089,22.01321066,0 86.54080338,22.01316051,0 86.54086417,22.01314310,0 86.54089996,22.01316402,0 86.54090986,22.01321753,0 86.54089461,22.01323392,0 86.54085962,22.01322116,0 86.54083237,22.01320668,0 86.54078217,22.01322090,0</coordinates></LinearRing></innerBoundaryIs><innerBoundaryIs><LinearRing><coordinates>86.54055489,22.01334243,0 86.54056148,22.01336020,0 86.54056143,22.01337824,0 86.54054608,22.01339728,0 86.54052716,22.01340739,0 86.54050216,22.01338923,0 86.54048797,22.01336530,0 86.54050337,22.01333972,0 86.54055489,22.01334243,0</coordinates></LinearRing></innerBoundaryIs></Polygon></MultiGeometry>
		</Placemark>
		<Placemark id="ID_00026">
			<name>764799819</name>
			<Snippet maxLines="0"/>
			<description>&lt;html xmlns:fo="http://www.w3.org/1999/XSL/Format" xmlns:msxsl="urn:schemas-microsoft-com:xslt"&gt;

&lt;head&gt;

&lt;META http-equiv="Content-Type" content="text/html"&gt;

&lt;meta http-equiv="content-type" content="text/html; charset=UTF-8"&gt;

&lt;/head&gt;

&lt;body style="margin:0px 0px 0px 0px;overflow:auto;background:#FFFFFF;"&gt;

&lt;table style="font-family:Arial,Verdana,Times;font-size:12px;text-align:left;width:100%;border-collapse:collapse;padding:3px 3px 3px 3px"&gt;

&lt;tr style="text-align:center;font-weight:bold;background:#9CBCE2"&gt;

&lt;td&gt;764799819&lt;/td&gt;

&lt;/tr&gt;

&lt;tr&gt;

&lt;td&gt;

&lt;table style="font-family:Arial,Verdana,Times;font-size:12px;text-align:left;width:100%;border-spacing:0px; padding:3px 3px 3px 3px"&gt;

&lt;tr&gt;

&lt;td&gt;SHAPE&lt;/td&gt;

&lt;td&gt;Polygon&lt;/td&gt;

&lt;/tr&gt;

&lt;tr bgcolor="#D4E4F3"&gt;

&lt;td&gt;Name&lt;/td&gt;

&lt;td&gt;764799819&lt;/td&gt;

&lt;/tr&gt;

&lt;tr&gt;

&lt;td&gt;farmername&lt;/td&gt;

&lt;td&gt;Tapha Singh&lt;/td&gt;

&lt;/tr&gt;

&lt;tr bgcolor="#D4E4F3"&gt;

&lt;td&gt;state&lt;/td&gt;

&lt;td&gt;Odisha&lt;/td&gt;

&lt;/tr&gt;

&lt;tr&gt;

&lt;td&gt;district&lt;/td&gt;

&lt;td&gt;Mayurbhanj&lt;/td&gt;

&lt;/tr&gt;

&lt;tr bgcolor="#D4E4F3"&gt;

&lt;td&gt;block&lt;/td&gt;

&lt;td&gt;Bangirposi&lt;/td&gt;

&lt;/tr&gt;

&lt;tr&gt;

&lt;td&gt;grampanchayat&lt;/td&gt;

&lt;td&gt;Badgaon&lt;/td&gt;

&lt;/tr&gt;

&lt;tr bgcolor="#D4E4F3"&gt;

&lt;td&gt;village&lt;/td&gt;

&lt;td&gt;Kantasala A&lt;/td&gt;

&lt;/tr&gt;

&lt;tr&gt;

&lt;td&gt;_id&lt;/td&gt;

&lt;td&gt;764799819&lt;/td&gt;

&lt;/tr&gt;

&lt;tr bgcolor="#D4E4F3"&gt;

&lt;td&gt;latitude&lt;/td&gt;

&lt;td&gt;22.01&lt;/td&gt;

&lt;/tr&gt;

&lt;tr&gt;

&lt;td&gt;longitude&lt;/td&gt;

&lt;td&gt;86.541&lt;/td&gt;

&lt;/tr&gt;

&lt;tr bgcolor="#D4E4F3"&gt;

&lt;td&gt;area_ha&lt;/td&gt;

&lt;td&gt;4.526&lt;/td&gt;

&lt;/tr&gt;

&lt;tr&gt;

&lt;td&gt;LP_id&lt;/td&gt;

&lt;td&gt;LP27&lt;/td&gt;

&lt;/tr&gt;

&lt;tr bgcolor="#D4E4F3"&gt;

&lt;td&gt;Plantation_year&lt;/td&gt;

&lt;td&gt;2025&lt;/td&gt;

&lt;/tr&gt;

&lt;tr&gt;

&lt;td&gt;SHAPE_Length&lt;/td&gt;

&lt;td&gt;2246.120941&lt;/td&gt;

&lt;/tr&gt;

&lt;tr bgcolor="#D4E4F3"&gt;

&lt;td&gt;SHAPE_Area&lt;/td&gt;

&lt;td&gt;45225.719313&lt;/td&gt;

&lt;/tr&gt;

&lt;/table&gt;

&lt;/td&gt;

&lt;/tr&gt;

&lt;/table&gt;

&lt;/body&gt;

&lt;/html&gt;</description>
			<styleUrl>#PolyStyle00</styleUrl>
			<MultiGeometry>
				<Polygon><outerBoundaryIs><LinearRing><coordinates>86.54212153,22.00916832,0 86.54212513,22.00916804,0 86.54211035,22.00902761,0 86.54205998,22.00898725,0 86.54200506,22.00888876,0 86.54198767,22.00883125,0 86.54196232,22.00872418,0 86.54196858,22.00861231,0 86.54191066,22.00842599,0 86.54182569,22.00834149,0 86.54177276,22.00839752,0 86.54169477,22.00837471,0 86.54163368,22.00828470,0 86.54163696,22.00828271,0 86.54171386,22.00820887,0 86.54166139,22.00810125,0 86.54160796,22.00803493,0 86.54153125,22.00802784,0 86.54153423,22.00795095,0 86.54155109,22.00789629,0 86.54145321,22.00787995,0 86.54142101,22.00799964,0 86.54137150,22.00799964,0 86.54132871,22.00801018,0 86.54125592,22.00807784,0 86.54122925,22.00805988,0 86.54122945,22.00802076,0 86.54124949,22.00792690,0 86.54114100,22.00797172,0 86.54084136,22.00806423,0 86.54060919,22.00813984,0 86.54048791,22.00817297,0 86.54054622,22.00860357,0 86.54057894,22.00881234,0 86.54060738,22.00891796,0 86.54063567,22.00900737,0 86.54066630,22.00908921,0 86.54072067,22.00907389,0 86.54073349,22.00913100,0 86.54068699,22.00918943,0 86.54073645,22.00938893,0 86.54085556,22.00968273,0 86.54096132,22.01001259,0 86.54108334,22.01049667,0 86.54111458,22.01044976,0 86.54117587,22.01042370,0 86.54122412,22.01044976,0 86.54123953,22.01047312,0 86.54123686,22.01052040,0 86.54123725,22.01056843,0 86.54118523,22.01063574,0 86.54112476,22.01064193,0 86.54115031,22.01083372,0 86.54120004,22.01079767,0 86.54126477,22.01082384,0 86.54127228,22.01090370,0 86.54144040,22.01089025,0 86.54127556,22.01090370,0 86.54126420,22.01094781,0 86.54122534,22.01099946,0 86.54124951,22.01105194,0 86.54136385,22.01143261,0 86.54141546,22.01145241,0 86.54157237,22.01141227,0 86.54173818,22.01137000,0 86.54178192,22.01150840,0 86.54227149,22.01135452,0 86.54226005,22.01117409,0 86.54232259,22.01117443,0 86.54232347,22.01091610,0 86.54231962,22.01066473,0 86.54229697,22.01054335,0 86.54226160,22.01033899,0 86.54227404,22.01011732,0 86.54220928,22.01012041,0 86.54218552,22.01013280,0 86.54211546,22.01010808,0 86.54214718,22.00999955,0 86.54227351,22.01002031,0 86.54221748,22.00997309,0 86.54222327,22.00993821,0 86.54225703,22.00988673,0 86.54221254,22.00988673,0 86.54215117,22.00982516,0 86.54213731,22.00973335,0 86.54216537,22.00963906,0 86.54219132,22.00953543,0 86.54214790,22.00955952,0 86.54211897,22.00949964,0 86.54211710,22.00943507,0 86.54216059,22.00937749,0 86.54215272,22.00930421,0 86.54212153,22.00916832,0</coordinates></LinearRing></outerBoundaryIs><innerBoundaryIs><LinearRing><coordinates>86.54144040,22.01089025,0 86.54145374,22.01088690,0 86.54150103,22.01091045,0 86.54150772,22.01095464,0 86.54153697,22.01096150,0 86.54158197,22.01092737,0 86.54165298,22.01088690,0 86.54164704,22.01081073,0 86.54165238,22.01076847,0 86.54168327,22.01072359,0 86.54173439,22.01069842,0 86.54176870,22.01073955,0 86.54177179,22.01074275,0 86.54176644,22.01081072,0 86.54173874,22.01086352,0 86.54167967,22.01094780,0 86.54169980,22.01106619,0 86.54167690,22.01100988,0 86.54163519,22.01104489,0 86.54156329,22.01101685,0 86.54144191,22.01103435,0 86.54138156,22.01099945,0 86.54144040,22.01089025,0</coordinates></LinearRing></innerBoundaryIs><innerBoundaryIs><LinearRing><coordinates>86.54134659,22.00990117,0 86.54137435,22.00990402,0 86.54143399,22.00993658,0 86.54142825,22.00999085,0 86.54137761,22.01005892,0 86.54135287,22.01008416,0 86.54131040,22.01007466,0 86.54130388,22.01000002,0 86.54134659,22.00990117,0</coordinates></LinearRing></innerBoundaryIs><innerBoundaryIs><LinearRing><coordinates>86.54135407,22.00986556,0 86.54135968,22.00983168,0 86.54129201,22.00983453,0 86.54126994,22.00982599,0 86.54123078,22.00979495,0 86.54122365,22.00974231,0 86.54120501,22.00968553,0 86.54119847,22.00961978,0 86.54119095,22.00959146,0 86.54123996,22.00956099,0 86.54149919,22.00965191,0 86.54133210,22.00959915,0 86.54136655,22.00965636,0 86.54141139,22.00974231,0 86.54139729,22.00979775,0 86.54136262,22.00982884,0 86.54135407,22.00986556,0</coordinates></LinearRing></innerBoundaryIs><innerBoundaryIs><LinearRing><coordinates>86.54168118,22.00970939,0 86.54172348,22.00958126,0 86.54176935,22.00950006,0 86.54175508,22.00952597,0 86.54176155,22.00954591,0 86.54178985,22.00957110,0 86.54179616,22.00960429,0 86.54179142,22.00967753,0 86.54176384,22.00974779,0 86.54171360,22.00978935,0 86.54167577,22.00977819,0 86.54168212,22.00970968,0 86.54168118,22.00970939,0</coordinates></LinearRing></innerBoundaryIs><innerBoundaryIs><LinearRing><coordinates>86.54186288,22.00933017,0 86.54184355,22.00930979,0 86.54184196,22.00913099,0 86.54188624,22.00903372,0 86.54195190,22.00905312,0 86.54202184,22.00917337,0 86.54205646,22.00917337,0 86.54205892,22.00917318,0 86.54202214,22.00917945,0 86.54203903,22.00922824,0 86.54198155,22.00930038,0 86.54199331,22.00932051,0 86.54202166,22.00935451,0 86.54201524,22.00937981,0 86.54196880,22.00940074,0 86.54192202,22.00933858,0 86.54189666,22.00933404,0 86.54186448,22.00932727,0 86.54186288,22.00933017,0</coordinates></LinearRing></innerBoundaryIs><innerBoundaryIs><LinearRing><coordinates>86.54180261,22.01062941,0 86.54183503,22.01058698,0 86.54178318,22.01056353,0 86.54173968,22.01054022,0 86.54174756,22.01042572,0 86.54179981,22.01039574,0 86.54186923,22.01040649,0 86.54189763,22.01026632,0 86.54187444,22.01023073,0 86.54187271,22.01016401,0 86.54190384,22.01016087,0 86.54192312,22.01017659,0 86.54193087,22.01021789,0 86.54190952,22.01024039,0 86.54187258,22.01040991,0 86.54194153,22.01041820,0 86.54195704,22.01046351,0 86.54187186,22.01055963,0 86.54180261,22.01062941,0</coordinates></LinearRing></innerBoundaryIs><innerBoundaryIs><LinearRing><coordinates>86.54171393,22.01110096,0 86.54173746,22.01108740,0 86.54176810,22.01107672,0 86.54182144,22.01109811,0 86.54187866,22.01110886,0 86.54184682,22.01118877,0 86.54179494,22.01121090,0 86.54175411,22.01119982,0 86.54171393,22.01110096,0</coordinates></LinearRing></innerBoundaryIs><innerBoundaryIs><LinearRing><coordinates>86.54153971,22.00833770,0 86.54144314,22.00839505,0 86.54136778,22.00835300,0 86.54141128,22.00820366,0 86.54149356,22.00822979,0 86.54154417,22.00825085,0 86.54153971,22.00833770,0</coordinates></LinearRing></innerBoundaryIs><innerBoundaryIs><LinearRing><coordinates>86.54142094,22.00839880,0 86.54109970,22.00843291,0 86.54111990,22.00848185,0 86.54103222,22.00853574,0 86.54099551,22.00846545,0 86.54106083,22.00842886,0 86.54142094,22.00839880,0</coordinates></LinearRing></innerBoundaryIs></Polygon></MultiGeometry>
		</Placemark>
		<Placemark id="ID_00027">
			<name>764835382</name>
			<Snippet maxLines="0"/>
			<description>&lt;html xmlns:fo="http://www.w3.org/1999/XSL/Format" xmlns:msxsl="urn:schemas-microsoft-com:xslt"&gt;

&lt;head&gt;

&lt;META http-equiv="Content-Type" content="text/html"&gt;

&lt;meta http-equiv="content-type" content="text/html; charset=UTF-8"&gt;

&lt;/head&gt;

&lt;body style="margin:0px 0px 0px 0px;overflow:auto;background:#FFFFFF;"&gt;

&lt;table style="font-family:Arial,Verdana,Times;font-size:12px;text-align:left;width:100%;border-collapse:collapse;padding:3px 3px 3px 3px"&gt;

&lt;tr style="text-align:center;font-weight:bold;background:#9CBCE2"&gt;

&lt;td&gt;764835382&lt;/td&gt;

&lt;/tr&gt;

&lt;tr&gt;

&lt;td&gt;

&lt;table style="font-family:Arial,Verdana,Times;font-size:12px;text-align:left;width:100%;border-spacing:0px; padding:3px 3px 3px 3px"&gt;

&lt;tr&gt;

&lt;td&gt;SHAPE&lt;/td&gt;

&lt;td&gt;Polygon&lt;/td&gt;

&lt;/tr&gt;

&lt;tr bgcolor="#D4E4F3"&gt;

&lt;td&gt;Name&lt;/td&gt;

&lt;td&gt;764835382&lt;/td&gt;

&lt;/tr&gt;

&lt;tr&gt;

&lt;td&gt;farmername&lt;/td&gt;

&lt;td&gt;Rina Giri&lt;/td&gt;

&lt;/tr&gt;

&lt;tr bgcolor="#D4E4F3"&gt;

&lt;td&gt;state&lt;/td&gt;

&lt;td&gt;Odisha&lt;/td&gt;

&lt;/tr&gt;

&lt;tr&gt;

&lt;td&gt;district&lt;/td&gt;

&lt;td&gt;Mayurbhanj&lt;/td&gt;

&lt;/tr&gt;

&lt;tr bgcolor="#D4E4F3"&gt;

&lt;td&gt;block&lt;/td&gt;

&lt;td&gt;Bangirposi&lt;/td&gt;

&lt;/tr&gt;

&lt;tr&gt;

&lt;td&gt;grampanchayat&lt;/td&gt;

&lt;td&gt;Nischinta&lt;/td&gt;

&lt;/tr&gt;

&lt;tr bgcolor="#D4E4F3"&gt;

&lt;td&gt;village&lt;/td&gt;

&lt;td&gt;Sasdapal&lt;/td&gt;

&lt;/tr&gt;

&lt;tr&gt;

&lt;td&gt;_id&lt;/td&gt;

&lt;td&gt;764835382&lt;/td&gt;

&lt;/tr&gt;

&lt;tr bgcolor="#D4E4F3"&gt;

&lt;td&gt;latitude&lt;/td&gt;

&lt;td&gt;22.122&lt;/td&gt;

&lt;/tr&gt;

&lt;tr&gt;

&lt;td&gt;longitude&lt;/td&gt;

&lt;td&gt;86.508&lt;/td&gt;

&lt;/tr&gt;

&lt;tr bgcolor="#D4E4F3"&gt;

&lt;td&gt;area_ha&lt;/td&gt;

&lt;td&gt;0.445&lt;/td&gt;

&lt;/tr&gt;

&lt;tr&gt;

&lt;td&gt;LP_id&lt;/td&gt;

&lt;td&gt;LP28&lt;/td&gt;

&lt;/tr&gt;

&lt;tr bgcolor="#D4E4F3"&gt;

&lt;td&gt;Plantation_year&lt;/td&gt;

&lt;td&gt;2025&lt;/td&gt;

&lt;/tr&gt;

&lt;tr&gt;

&lt;td&gt;SHAPE_Length&lt;/td&gt;

&lt;td&gt;360.364476&lt;/td&gt;

&lt;/tr&gt;

&lt;tr bgcolor="#D4E4F3"&gt;

&lt;td&gt;SHAPE_Area&lt;/td&gt;

&lt;td&gt;4446.627071&lt;/td&gt;

&lt;/tr&gt;

&lt;/table&gt;

&lt;/td&gt;

&lt;/tr&gt;

&lt;/table&gt;

&lt;/body&gt;

&lt;/html&gt;</description>
			<styleUrl>#PolyStyle00</styleUrl>
			<MultiGeometry>
				<Polygon>
					<outerBoundaryIs>
						<LinearRing>
							<coordinates>
								86.5084968250755,22.12186304938278,0 86.50852488867284,22.12206065294088,0 86.50855102209675,22.12212981516951,0 86.50849362372205,22.12210542805992,0 86.50832174580701,22.12210913499916,0 86.50809176591986,22.12210542402307,0 86.50801864954428,22.12211284576741,0 86.50797419129329,22.12212402262035,0 86.50790369503463,22.12211656476179,0 86.50782695546864,22.12212028955037,0 86.50777298339587,22.12212394380938,0 86.50760742924271,22.12214159707303,0 86.50751900472196,22.12214455561433,0 86.50733193503112,22.12215048779051,0 86.50723313659266,22.12214455594805,0 86.50713594985656,22.12216840289695,0 86.50710590659699,22.12190462763668,0 86.50739755620238,22.12189144690779,0 86.50758269407197,22.1218696131634,0 86.50771493571662,22.12185659160317,0 86.50789410467854,22.12183502408616,0 86.50795937628963,22.12183502473888,0 86.50804248100755,22.12183552628614,0 86.50813334438888,22.12181788881991,0 86.50824519806567,22.12180936135819,0 86.50844218799016,22.121783928775,0 86.50849315865331,22.12177702017577,0 86.5084968250755,22.12186304938278,0 
							</coordinates>
						</LinearRing>
					</outerBoundaryIs>
				</Polygon>
			</MultiGeometry>
		</Placemark>
		<Placemark id="ID_00028">
			<name>764838760</name>
			<Snippet maxLines="0"/>
			<description>&lt;html xmlns:fo="http://www.w3.org/1999/XSL/Format" xmlns:msxsl="urn:schemas-microsoft-com:xslt"&gt;

&lt;head&gt;

&lt;META http-equiv="Content-Type" content="text/html"&gt;

&lt;meta http-equiv="content-type" content="text/html; charset=UTF-8"&gt;

&lt;/head&gt;

&lt;body style="margin:0px 0px 0px 0px;overflow:auto;background:#FFFFFF;"&gt;

&lt;table style="font-family:Arial,Verdana,Times;font-size:12px;text-align:left;width:100%;border-collapse:collapse;padding:3px 3px 3px 3px"&gt;

&lt;tr style="text-align:center;font-weight:bold;background:#9CBCE2"&gt;

&lt;td&gt;764838760&lt;/td&gt;

&lt;/tr&gt;

&lt;tr&gt;

&lt;td&gt;

&lt;table style="font-family:Arial,Verdana,Times;font-size:12px;text-align:left;width:100%;border-spacing:0px; padding:3px 3px 3px 3px"&gt;

&lt;tr&gt;

&lt;td&gt;SHAPE&lt;/td&gt;

&lt;td&gt;Polygon&lt;/td&gt;

&lt;/tr&gt;

&lt;tr bgcolor="#D4E4F3"&gt;

&lt;td&gt;Name&lt;/td&gt;

&lt;td&gt;764838760&lt;/td&gt;

&lt;/tr&gt;

&lt;tr&gt;

&lt;td&gt;farmername&lt;/td&gt;

&lt;td&gt;Basant kumar Giri&lt;/td&gt;

&lt;/tr&gt;

&lt;tr bgcolor="#D4E4F3"&gt;

&lt;td&gt;state&lt;/td&gt;

&lt;td&gt;Odisha&lt;/td&gt;

&lt;/tr&gt;

&lt;tr&gt;

&lt;td&gt;district&lt;/td&gt;

&lt;td&gt;Mayurbhanj&lt;/td&gt;

&lt;/tr&gt;

&lt;tr bgcolor="#D4E4F3"&gt;

&lt;td&gt;block&lt;/td&gt;

&lt;td&gt;Bangirposi&lt;/td&gt;

&lt;/tr&gt;

&lt;tr&gt;

&lt;td&gt;grampanchayat&lt;/td&gt;

&lt;td&gt;Nischinta&lt;/td&gt;

&lt;/tr&gt;

&lt;tr bgcolor="#D4E4F3"&gt;

&lt;td&gt;village&lt;/td&gt;

&lt;td&gt;Sasdapal&lt;/td&gt;

&lt;/tr&gt;

&lt;tr&gt;

&lt;td&gt;_id&lt;/td&gt;

&lt;td&gt;764838760&lt;/td&gt;

&lt;/tr&gt;

&lt;tr bgcolor="#D4E4F3"&gt;

&lt;td&gt;latitude&lt;/td&gt;

&lt;td&gt;22.124&lt;/td&gt;

&lt;/tr&gt;

&lt;tr&gt;

&lt;td&gt;longitude&lt;/td&gt;

&lt;td&gt;86.508&lt;/td&gt;

&lt;/tr&gt;

&lt;tr bgcolor="#D4E4F3"&gt;

&lt;td&gt;area_ha&lt;/td&gt;

&lt;td&gt;18.96&lt;/td&gt;

&lt;/tr&gt;

&lt;tr&gt;

&lt;td&gt;LP_id&lt;/td&gt;

&lt;td&gt;LP29&lt;/td&gt;

&lt;/tr&gt;

&lt;tr bgcolor="#D4E4F3"&gt;

&lt;td&gt;Plantation_year&lt;/td&gt;

&lt;td&gt;2025&lt;/td&gt;

&lt;/tr&gt;

&lt;tr&gt;

&lt;td&gt;SHAPE_Length&lt;/td&gt;

&lt;td&gt;3562.101081&lt;/td&gt;

&lt;/tr&gt;

&lt;tr bgcolor="#D4E4F3"&gt;

&lt;td&gt;SHAPE_Area&lt;/td&gt;

&lt;td&gt;189465.232001&lt;/td&gt;

&lt;/tr&gt;

&lt;/table&gt;

&lt;/td&gt;

&lt;/tr&gt;

&lt;/table&gt;

&lt;/body&gt;

&lt;/html&gt;</description>
			<styleUrl>#PolyStyle00</styleUrl>
			<MultiGeometry>
				<Polygon><outerBoundaryIs><LinearRing><coordinates>86.50596027,22.12492565,0 86.50595712,22.12492864,0 86.50607160,22.12504701,0 86.50613908,22.12505781,0 86.50616131,22.12510429,0 86.50620480,22.12518005,0 86.50625528,22.12524656,0 86.50629339,22.12532706,0 86.50638383,22.12527903,0 86.50644658,22.12527013,0 86.50646797,22.12533313,0 86.50639912,22.12538061,0 86.50634829,22.12554224,0 86.50635779,22.12560918,0 86.50646185,22.12560544,0 86.50681778,22.12573343,0 86.50703953,22.12575751,0 86.50728012,22.12572383,0 86.50724703,22.12563359,0 86.50723089,22.12557746,0 86.50721508,22.12551281,0 86.50721187,22.12545356,0 86.50725370,22.12543096,0 86.50727781,22.12551281,0 86.50730659,22.12559143,0 86.50732327,22.12563359,0 86.50728020,22.12571425,0 86.50733260,22.12581162,0 86.50737065,22.12590679,0 86.50745787,22.12614743,0 86.50772792,22.12601604,0 86.50789330,22.12596723,0 86.50792268,22.12595251,0 86.50792270,22.12595214,0 86.50798331,22.12589049,0 86.50802134,22.12588236,0 86.50810465,22.12586819,0 86.50820257,22.12586215,0 86.50828669,22.12585412,0 86.50842304,22.12581505,0 86.50848767,22.12581096,0 86.50854747,22.12579670,0 86.50857847,22.12579264,0 86.50863348,22.12577446,0 86.50866745,22.12578252,0 86.50871756,22.12576561,0 86.50878409,22.12576175,0 86.50878570,22.12573114,0 86.50877415,22.12567485,0 86.50875133,22.12561272,0 86.50875421,22.12557343,0 86.50874640,22.12553832,0 86.50873455,22.12545134,0 86.50870644,22.12533773,0 86.50867129,22.12526063,0 86.50863156,22.12516966,0 86.50861799,22.12511555,0 86.50857988,22.12504340,0 86.50859244,22.12498092,0 86.50857115,22.12491833,0 86.50852579,22.12482765,0 86.50849345,22.12476755,0 86.50848845,22.12470909,0 86.50845799,22.12460454,0 86.50850531,22.12454051,0 86.50854443,22.12451747,0 86.50859550,22.12450224,0 86.50862791,22.12447575,0 86.50866305,22.12448330,0 86.50875189,22.12445320,0 86.50881806,22.12443825,0 86.50888125,22.12441225,0 86.50889240,22.12446994,0 86.50929317,22.12562564,0 86.50934290,22.12562563,0 86.50946937,22.12558193,0 86.50958641,22.12562724,0 86.50951930,22.12575204,0 86.50937636,22.12582225,0 86.50965695,22.12575204,0 86.50973937,22.12573503,0 86.50984510,22.12570795,0 86.51010830,22.12573940,0 86.51026586,22.12571424,0 86.51034332,22.12570169,0 86.51040799,22.12566972,0 86.51024662,22.12514193,0 86.51031110,22.12509688,0 86.51036762,22.12507900,0 86.51044535,22.12500156,0 86.51056680,22.12491035,0 86.51068509,22.12512944,0 86.51107990,22.12510229,0 86.51122874,22.12504321,0 86.51128519,22.12511219,0 86.51134777,22.12528652,0 86.51143421,22.12525604,0 86.51146746,22.12521730,0 86.51145425,22.12518327,0 86.51139965,22.12505490,0 86.51137895,22.12494351,0 86.51136564,22.12490473,0 86.51134253,22.12475098,0 86.51132388,22.12465056,0 86.51141769,22.12460518,0 86.51149168,22.12458418,0 86.51165094,22.12449436,0 86.51162648,22.12437306,0 86.51158680,22.12404746,0 86.51151635,22.12390285,0 86.51127120,22.12396247,0 86.51121080,22.12393851,0 86.51119341,22.12386165,0 86.51149998,22.12382087,0 86.51138146,22.12359575,0 86.51073427,22.12374058,0 86.51030721,22.12387932,0 86.51028550,22.12382032,0 86.51032186,22.12375474,0 86.51049560,22.12375765,0 86.51137037,22.12356310,0 86.51126375,22.12340396,0 86.51118893,22.12335752,0 86.51111858,22.12324641,0 86.51095354,22.12337294,0 86.51094948,22.12337809,0 86.51085936,22.12341958,0 86.51080242,22.12338325,0 86.51087281,22.12333707,0 86.51105138,22.12318174,0 86.51097860,22.12314720,0 86.51090708,22.12311616,0 86.51080623,22.12321669,0 86.51063354,22.12331166,0 86.51061140,22.12327638,0 86.51071822,22.12319314,0 86.51087509,22.12307935,0 86.51076043,22.12307515,0 86.51074215,22.12305508,0 86.51071457,22.12301905,0 86.51069021,22.12297691,0 86.51040118,22.12282401,0 86.51035081,22.12270716,0 86.51034450,22.12271359,0 86.51019908,22.12271359,0 86.51017121,22.12261161,0 86.50994120,22.12249791,0 86.50994401,22.12268075,0 86.51002722,22.12271742,0 86.51000167,22.12283794,0 86.50987367,22.12284938,0 86.50978547,22.12279496,0 86.50973151,22.12275512,0 86.50970931,22.12269553,0 86.50969467,22.12257395,0 86.50970579,22.12252174,0 86.50970651,22.12252174,0 86.50970624,22.12251958,0 86.50970684,22.12251680,0 86.50970591,22.12251685,0 86.50968720,22.12236301,0 86.50954956,22.12230867,0 86.50946176,22.12223753,0 86.50928664,22.12222263,0 86.50917771,22.12223861,0 86.50903558,22.12226272,0 86.50892200,22.12227080,0 86.50889664,22.12222874,0 86.50882819,22.12225960,0 86.50879463,22.12226847,0 86.50876224,22.12221560,0 86.50855233,22.12224634,0 86.50850593,22.12225960,0 86.50847169,22.12223753,0 86.50836287,22.12224634,0 86.50835821,22.12227736,0 86.50828905,22.12229074,0 86.50824054,22.12225518,0 86.50817830,22.12225076,0 86.50812186,22.12230418,0 86.50805965,22.12230418,0 86.50803030,22.12227291,0 86.50796668,22.12225076,0 86.50783177,22.12228182,0 86.50779703,22.12229522,0 86.50778951,22.12232217,0 86.50777606,22.12241357,0 86.50778559,22.12251696,0 86.50777566,22.12259897,0 86.50773229,22.12267292,0 86.50770241,22.12262345,0 86.50768695,22.12257950,0 86.50767565,22.12251696,0 86.50769548,22.12243215,0 86.50770539,22.12233573,0 86.50772715,22.12222012,0 86.50759914,22.12224735,0 86.50732227,22.12226300,0 86.50692476,22.12227086,0 86.50673773,22.12227893,0 86.50634741,22.12229311,0 86.50614090,22.12230417,0 86.50606001,22.12231834,0 86.50603036,22.12233969,0 86.50586113,22.12235439,0 86.50578731,22.12236245,0 86.50579262,22.12242758,0 86.50582317,22.12243992,0 86.50583908,22.12249390,0 86.50580766,22.12253597,0 86.50568945,22.12252751,0 86.50571312,22.12280349,0 86.50557635,22.12287229,0 86.50566313,22.12331791,0 86.50590189,22.12373748,0 86.50600797,22.12387154,0 86.50603572,22.12391890,0 86.50609140,22.12409574,0 86.50610163,22.12416224,0 86.50579926,22.12426634,0 86.50566587,22.12431886,0 86.50591669,22.12480697,0 86.50596027,22.12492565,0</coordinates></LinearRing></outerBoundaryIs><innerBoundaryIs><LinearRing><coordinates>86.50596081,22.12492513,0 86.50598926,22.12481085,0 86.50604276,22.12477612,0 86.50606917,22.12477997,0 86.50606460,22.12482637,0 86.50596081,22.12492513,0</coordinates></LinearRing></innerBoundaryIs><innerBoundaryIs><LinearRing><coordinates>86.50962486,22.12252174,0 86.50940957,22.12264316,0 86.50936116,22.12258436,0 86.50944601,22.12246019,0 86.50956073,22.12247902,0 86.50961941,22.12252174,0 86.50962486,22.12252174,0</coordinates></LinearRing></innerBoundaryIs><innerBoundaryIs><LinearRing><coordinates>86.51027309,22.12278635,0 86.51023736,22.12284148,0 86.50999998,22.12295674,0 86.50998187,22.12297691,0 86.50990023,22.12302427,0 86.50987062,22.12296345,0 86.50995842,22.12291659,0 86.51010359,22.12285237,0 86.51018143,22.12280909,0 86.51027170,22.12278775,0 86.51027309,22.12278635,0</coordinates></LinearRing></innerBoundaryIs><innerBoundaryIs><LinearRing><coordinates>86.50792297,22.12594472,0 86.50792438,22.12590689,0 86.50792956,22.12584611,0 86.50789871,22.12567413,0 86.50791889,22.12577168,0 86.50793000,22.12584499,0 86.50792297,22.12594472,0</coordinates></LinearRing></innerBoundaryIs><innerBoundaryIs><LinearRing><coordinates>86.50789092,22.12563648,0 86.50777022,22.12571857,0 86.50766692,22.12575469,0 86.50761408,22.12579118,0 86.50756500,22.12581572,0 86.50746895,22.12581573,0 86.50748940,22.12578304,0 86.50753830,22.12576277,0 86.50760519,22.12574261,0 86.50769032,22.12571059,0 86.50775312,22.12567099,0 86.50785486,22.12562405,0 86.50780732,22.12552443,0 86.50780027,22.12547652,0 86.50776875,22.12539682,0 86.50774340,22.12530130,0 86.50776814,22.12528366,0 86.50782270,22.12544628,0 86.50781980,22.12545418,0 86.50782915,22.12551524,0 86.50786558,22.12557348,0 86.50789076,22.12563572,0 86.50789092,22.12563648,0</coordinates></LinearRing></innerBoundaryIs></Polygon></MultiGeometry>
		</Placemark>
		<Placemark id="ID_00029">
			<name>764839738</name>
			<Snippet maxLines="0"/>
			<description>&lt;html xmlns:fo="http://www.w3.org/1999/XSL/Format" xmlns:msxsl="urn:schemas-microsoft-com:xslt"&gt;

&lt;head&gt;

&lt;META http-equiv="Content-Type" content="text/html"&gt;

&lt;meta http-equiv="content-type" content="text/html; charset=UTF-8"&gt;

&lt;/head&gt;

&lt;body style="margin:0px 0px 0px 0px;overflow:auto;background:#FFFFFF;"&gt;

&lt;table style="font-family:Arial,Verdana,Times;font-size:12px;text-align:left;width:100%;border-collapse:collapse;padding:3px 3px 3px 3px"&gt;

&lt;tr style="text-align:center;font-weight:bold;background:#9CBCE2"&gt;

&lt;td&gt;764839738&lt;/td&gt;

&lt;/tr&gt;

&lt;tr&gt;

&lt;td&gt;

&lt;table style="font-family:Arial,Verdana,Times;font-size:12px;text-align:left;width:100%;border-spacing:0px; padding:3px 3px 3px 3px"&gt;

&lt;tr&gt;

&lt;td&gt;SHAPE&lt;/td&gt;

&lt;td&gt;Polygon&lt;/td&gt;

&lt;/tr&gt;

&lt;tr bgcolor="#D4E4F3"&gt;

&lt;td&gt;Name&lt;/td&gt;

&lt;td&gt;764839738&lt;/td&gt;

&lt;/tr&gt;

&lt;tr&gt;

&lt;td&gt;farmername&lt;/td&gt;

&lt;td&gt;Dasarath Mohanta&lt;/td&gt;

&lt;/tr&gt;

&lt;tr bgcolor="#D4E4F3"&gt;

&lt;td&gt;state&lt;/td&gt;

&lt;td&gt;Odisha&lt;/td&gt;

&lt;/tr&gt;

&lt;tr&gt;

&lt;td&gt;district&lt;/td&gt;

&lt;td&gt;Mayurbhanj&lt;/td&gt;

&lt;/tr&gt;

&lt;tr bgcolor="#D4E4F3"&gt;

&lt;td&gt;block&lt;/td&gt;

&lt;td&gt;Kuliana&lt;/td&gt;

&lt;/tr&gt;

&lt;tr&gt;

&lt;td&gt;grampanchayat&lt;/td&gt;

&lt;td&gt;Chandanpur&lt;/td&gt;

&lt;/tr&gt;

&lt;tr bgcolor="#D4E4F3"&gt;

&lt;td&gt;village&lt;/td&gt;

&lt;td&gt;Jogibandha&lt;/td&gt;

&lt;/tr&gt;

&lt;tr&gt;

&lt;td&gt;_id&lt;/td&gt;

&lt;td&gt;764839738&lt;/td&gt;

&lt;/tr&gt;

&lt;tr bgcolor="#D4E4F3"&gt;

&lt;td&gt;latitude&lt;/td&gt;

&lt;td&gt;22.215&lt;/td&gt;

&lt;/tr&gt;

&lt;tr&gt;

&lt;td&gt;longitude&lt;/td&gt;

&lt;td&gt;86.55&lt;/td&gt;

&lt;/tr&gt;

&lt;tr bgcolor="#D4E4F3"&gt;

&lt;td&gt;area_ha&lt;/td&gt;

&lt;td&gt;8.135&lt;/td&gt;

&lt;/tr&gt;

&lt;tr&gt;

&lt;td&gt;LP_id&lt;/td&gt;

&lt;td&gt;LP30&lt;/td&gt;

&lt;/tr&gt;

&lt;tr bgcolor="#D4E4F3"&gt;

&lt;td&gt;Plantation_year&lt;/td&gt;

&lt;td&gt;2025&lt;/td&gt;

&lt;/tr&gt;

&lt;tr&gt;

&lt;td&gt;SHAPE_Length&lt;/td&gt;

&lt;td&gt;2992.110367&lt;/td&gt;

&lt;/tr&gt;

&lt;tr bgcolor="#D4E4F3"&gt;

&lt;td&gt;SHAPE_Area&lt;/td&gt;

&lt;td&gt;81292.016657&lt;/td&gt;

&lt;/tr&gt;

&lt;/table&gt;

&lt;/td&gt;

&lt;/tr&gt;

&lt;/table&gt;

&lt;/body&gt;

&lt;/html&gt;</description>
			<styleUrl>#PolyStyle00</styleUrl>
			<MultiGeometry>
				<Polygon><outerBoundaryIs><LinearRing><coordinates>86.54806945,22.21627487,0 86.54812610,22.21625623,0 86.54828931,22.21614535,0 86.54852818,22.21598834,0 86.54872333,22.21592385,0 86.54890483,22.21584269,0 86.54962744,22.21566010,0 86.54952002,22.21499446,0 86.54943573,22.21493535,0 86.54944153,22.21482055,0 86.54952951,22.21478577,0 86.54953204,22.21479350,0 86.54961090,22.21485672,0 86.54952454,22.21499447,0 86.54963141,22.21567139,0 86.54998816,22.21558741,0 86.55014713,22.21523157,0 86.55018683,22.21510139,0 86.55020057,22.21510139,0 86.55026923,22.21510632,0 86.55029663,22.21512609,0 86.55029164,22.21519610,0 86.55027750,22.21522648,0 86.55014689,22.21524176,0 86.54999347,22.21557634,0 86.55031245,22.21563799,0 86.55053891,22.21562499,0 86.55085582,22.21551785,0 86.55076566,22.21520324,0 86.55085936,22.21552214,0 86.55099002,22.21550204,0 86.55106922,22.21547685,0 86.55111138,22.21543979,0 86.55113012,22.21549781,0 86.55117073,22.21549150,0 86.55123384,22.21545205,0 86.55131521,22.21538380,0 86.55136802,22.21529223,0 86.55140159,22.21524123,0 86.55148630,22.21520920,0 86.55167030,22.21523071,0 86.55174287,22.21515766,0 86.55174873,22.21498996,0 86.55182924,22.21497734,0 86.55186957,22.21502168,0 86.55200554,22.21495848,0 86.55201208,22.21484717,0 86.55208846,22.21478065,0 86.55216836,22.21481680,0 86.55222479,22.21485939,0 86.55238296,22.21482632,0 86.55221535,22.21439460,0 86.55227389,22.21394414,0 86.55217706,22.21381702,0 86.55198858,22.21379934,0 86.55196749,22.21373158,0 86.55187385,22.21374207,0 86.55193169,22.21387566,0 86.55183484,22.21400261,0 86.55175544,22.21398583,0 86.55172197,22.21391388,0 86.55159296,22.21395800,0 86.55152142,22.21396355,0 86.55147432,22.21416270,0 86.55130435,22.21423918,0 86.55103781,22.21421551,0 86.55085277,22.21425252,0 86.55085260,22.21425608,0 86.55077333,22.21413946,0 86.55068810,22.21394694,0 86.55065910,22.21367953,0 86.55061011,22.21365890,0 86.55045073,22.21363459,0 86.55039654,22.21359017,0 86.55037074,22.21356273,0 86.55034459,22.21344894,0 86.55034180,22.21343842,0 86.55034087,22.21343006,0 86.55033175,22.21339093,0 86.55033075,22.21331555,0 86.55002593,22.21340728,0 86.54985536,22.21348690,0 86.54976366,22.21351186,0 86.54961957,22.21356033,0 86.54950875,22.21359981,0 86.54901979,22.21379090,0 86.54887210,22.21388642,0 86.54889532,22.21397961,0 86.54893628,22.21403358,0 86.54894930,22.21410725,0 86.54892620,22.21415964,0 86.54888207,22.21418610,0 86.54881552,22.21412215,0 86.54874924,22.21396428,0 86.54869265,22.21403932,0 86.54863774,22.21408004,0 86.54839938,22.21438427,0 86.54828143,22.21453971,0 86.54831341,22.21458662,0 86.54831838,22.21460607,0 86.54835024,22.21461820,0 86.54837654,22.21461668,0 86.54839657,22.21467127,0 86.54837365,22.21472686,0 86.54841455,22.21469547,0 86.54843440,22.21471520,0 86.54846702,22.21473358,0 86.54862030,22.21475365,0 86.54863595,22.21475164,0 86.54865965,22.21474410,0 86.54867562,22.21474360,0 86.54869353,22.21475114,0 86.54870216,22.21474911,0 86.54869305,22.21475164,0 86.54870241,22.21477145,0 86.54887730,22.21479379,0 86.54870165,22.21477145,0 86.54870340,22.21479653,0 86.54868159,22.21482721,0 86.54864633,22.21482065,0 86.54861990,22.21478811,0 86.54862104,22.21475395,0 86.54846564,22.21473358,0 86.54846080,22.21478693,0 86.54844197,22.21481181,0 86.54841391,22.21481894,0 86.54836969,22.21481413,0 86.54834801,22.21478869,0 86.54831764,22.21476390,0 86.54827651,22.21474254,0 86.54825737,22.21470972,0 86.54823715,22.21465363,0 86.54809114,22.21484821,0 86.54788078,22.21515787,0 86.54785947,22.21520404,0 86.54790828,22.21521797,0 86.54793174,22.21527315,0 86.54796404,22.21548872,0 86.54787561,22.21557285,0 86.54787295,22.21559009,0 86.54787162,22.21565042,0 86.54784873,22.21567422,0 86.54784653,22.21567792,0 86.54780237,22.21571929,0 86.54770968,22.21572503,0 86.54769924,22.21577578,0 86.54769098,22.21584085,0 86.54769597,22.21594652,0 86.54772541,22.21597941,0 86.54774888,22.21602579,0 86.54770393,22.21604222,0 86.54769507,22.21606258,0 86.54772657,22.21608515,0 86.54774477,22.21613141,0 86.54774693,22.21614322,0 86.54772761,22.21620173,0 86.54773419,22.21629091,0 86.54785847,22.21640919,0 86.54795454,22.21637817,0 86.54806945,22.21627487,0</coordinates></LinearRing></outerBoundaryIs><innerBoundaryIs><LinearRing><coordinates>86.55076566,22.21520324,0 86.55068388,22.21512342,0 86.55075185,22.21507758,0 86.55079925,22.21509629,0 86.55076566,22.21520324,0</coordinates></LinearRing></innerBoundaryIs><innerBoundaryIs><LinearRing><coordinates>86.54863774,22.21408004,0 86.54874559,22.21414729,0 86.54872806,22.21423729,0 86.54864941,22.21421655,0 86.54863774,22.21408004,0</coordinates></LinearRing></innerBoundaryIs><innerBoundaryIs><LinearRing><coordinates>86.54887730,22.21479379,0 86.54887960,22.21477674,0 86.54887813,22.21475331,0 86.54888596,22.21473408,0 86.54889988,22.21472591,0 86.54892719,22.21471547,0 86.54895682,22.21473080,0 86.54897463,22.21474320,0 86.54901185,22.21473490,0 86.54904066,22.21474655,0 86.54904444,22.21475930,0 86.54904179,22.21477409,0 86.54903071,22.21479379,0 86.54899697,22.21480575,0 86.54901296,22.21484704,0 86.54905380,22.21481889,0 86.54907924,22.21479379,0 86.54908135,22.21479288,0 86.54911762,22.21479928,0 86.54912000,22.21480204,0 86.54912983,22.21482749,0 86.54911901,22.21485806,0 86.54911792,22.21486008,0 86.54909189,22.21488806,0 86.54907925,22.21489873,0 86.54903730,22.21491840,0 86.54900996,22.21492958,0 86.54898551,22.21490305,0 86.54899431,22.21486620,0 86.54897078,22.21484903,0 86.54894499,22.21481794,0 86.54892753,22.21480668,0 86.54890906,22.21481794,0 86.54887730,22.21479379,0</coordinates></LinearRing></innerBoundaryIs><innerBoundaryIs><LinearRing><coordinates>86.54806630,22.21626213,0 86.54805328,22.21622948,0 86.54797428,22.21611687,0 86.54803818,22.21607434,0 86.54807982,22.21609130,0 86.54808023,22.21616416,0 86.54807464,22.21619887,0 86.54806630,22.21626213,0</coordinates></LinearRing></innerBoundaryIs><innerBoundaryIs><LinearRing><coordinates>86.54949180,22.21467039,0 86.54944708,22.21454663,0 86.54938730,22.21458092,0 86.54935936,22.21459819,0 86.54931827,22.21449157,0 86.54937927,22.21444561,0 86.54941291,22.21444561,0 86.54945840,22.21448737,0 86.54945134,22.21454663,0 86.54949180,22.21467039,0</coordinates></LinearRing></innerBoundaryIs><innerBoundaryIs><LinearRing><coordinates>86.55060416,22.21487362,0 86.55049825,22.21492489,0 86.55045543,22.21488617,0 86.55046934,22.21482047,0 86.55050512,22.21476293,0 86.55056901,22.21477973,0 86.55060374,22.21487221,0 86.55060416,22.21487362,0</coordinates></LinearRing></innerBoundaryIs><innerBoundaryIs><LinearRing><coordinates>86.54873326,22.21474129,0 86.54872372,22.21473718,0 86.54872171,22.21473474,0 86.54871046,22.21472462,0 86.54869144,22.21469341,0 86.54869837,22.21467122,0 86.54870064,22.21465490,0 86.54871432,22.21463642,0 86.54871730,22.21462763,0 86.54872763,22.21462524,0 86.54876976,22.21460606,0 86.54878817,22.21462738,0 86.54879608,22.21464755,0 86.54879433,22.21468572,0 86.54879169,22.21471851,0 86.54875039,22.21474112,0 86.54873400,22.21474112,0 86.54873326,22.21474129,0</coordinates></LinearRing></innerBoundaryIs><innerBoundaryIs><LinearRing><coordinates>86.55085227,22.21426290,0 86.55084554,22.21440168,0 86.55091446,22.21444808,0 86.55094194,22.21454743,0 86.55088331,22.21462002,0 86.55103828,22.21470397,0 86.55107351,22.21481538,0 86.55128412,22.21489842,0 86.55136040,22.21479999,0 86.55143278,22.21491418,0 86.55140560,22.21500472,0 86.55134702,22.21501550,0 86.55129769,22.21496186,0 86.55128943,22.21490367,0 86.55106899,22.21481538,0 86.55094857,22.21488822,0 86.55089466,22.21483598,0 86.55083821,22.21470897,0 86.55087844,22.21461514,0 86.55080182,22.21454265,0 86.55082924,22.21441091,0 86.55085227,22.21426290,0</coordinates></LinearRing></innerBoundaryIs><innerBoundaryIs><LinearRing><coordinates>86.55216403,22.21437312,0 86.55214776,22.21436695,0 86.55214782,22.21436517,0 86.55216403,22.21437312,0</coordinates></LinearRing></innerBoundaryIs></Polygon></MultiGeometry>
		</Placemark>
		<Placemark id="ID_00030">
			<name>764860707</name>
			<Snippet maxLines="0"/>
			<description>&lt;html xmlns:fo="http://www.w3.org/1999/XSL/Format" xmlns:msxsl="urn:schemas-microsoft-com:xslt"&gt;

&lt;head&gt;

&lt;META http-equiv="Content-Type" content="text/html"&gt;

&lt;meta http-equiv="content-type" content="text/html; charset=UTF-8"&gt;

&lt;/head&gt;

&lt;body style="margin:0px 0px 0px 0px;overflow:auto;background:#FFFFFF;"&gt;

&lt;table style="font-family:Arial,Verdana,Times;font-size:12px;text-align:left;width:100%;border-collapse:collapse;padding:3px 3px 3px 3px"&gt;

&lt;tr style="text-align:center;font-weight:bold;background:#9CBCE2"&gt;

&lt;td&gt;764860707&lt;/td&gt;

&lt;/tr&gt;

&lt;tr&gt;

&lt;td&gt;

&lt;table style="font-family:Arial,Verdana,Times;font-size:12px;text-align:left;width:100%;border-spacing:0px; padding:3px 3px 3px 3px"&gt;

&lt;tr&gt;

&lt;td&gt;SHAPE&lt;/td&gt;

&lt;td&gt;Polygon&lt;/td&gt;

&lt;/tr&gt;

&lt;tr bgcolor="#D4E4F3"&gt;

&lt;td&gt;Name&lt;/td&gt;

&lt;td&gt;764860707&lt;/td&gt;

&lt;/tr&gt;

&lt;tr&gt;

&lt;td&gt;farmername&lt;/td&gt;

&lt;td&gt;Kagali Sahu&lt;/td&gt;

&lt;/tr&gt;

&lt;tr bgcolor="#D4E4F3"&gt;

&lt;td&gt;state&lt;/td&gt;

&lt;td&gt;Odisha&lt;/td&gt;

&lt;/tr&gt;

&lt;tr&gt;

&lt;td&gt;district&lt;/td&gt;

&lt;td&gt;Mayurbhanj&lt;/td&gt;

&lt;/tr&gt;

&lt;tr bgcolor="#D4E4F3"&gt;

&lt;td&gt;block&lt;/td&gt;

&lt;td&gt;Bangirposi&lt;/td&gt;

&lt;/tr&gt;

&lt;tr&gt;

&lt;td&gt;grampanchayat&lt;/td&gt;

&lt;td&gt;Chandanpur&lt;/td&gt;

&lt;/tr&gt;

&lt;tr bgcolor="#D4E4F3"&gt;

&lt;td&gt;village&lt;/td&gt;

&lt;td&gt;Nuagan&lt;/td&gt;

&lt;/tr&gt;

&lt;tr&gt;

&lt;td&gt;_id&lt;/td&gt;

&lt;td&gt;764860707&lt;/td&gt;

&lt;/tr&gt;

&lt;tr bgcolor="#D4E4F3"&gt;

&lt;td&gt;latitude&lt;/td&gt;

&lt;td&gt;22.218&lt;/td&gt;

&lt;/tr&gt;

&lt;tr&gt;

&lt;td&gt;longitude&lt;/td&gt;

&lt;td&gt;86.57&lt;/td&gt;

&lt;/tr&gt;

&lt;tr bgcolor="#D4E4F3"&gt;

&lt;td&gt;area_ha&lt;/td&gt;

&lt;td&gt;4.394&lt;/td&gt;

&lt;/tr&gt;

&lt;tr&gt;

&lt;td&gt;LP_id&lt;/td&gt;

&lt;td&gt;LP31&lt;/td&gt;

&lt;/tr&gt;

&lt;tr bgcolor="#D4E4F3"&gt;

&lt;td&gt;Plantation_year&lt;/td&gt;

&lt;td&gt;2025&lt;/td&gt;

&lt;/tr&gt;

&lt;tr&gt;

&lt;td&gt;SHAPE_Length&lt;/td&gt;

&lt;td&gt;1897.678011&lt;/td&gt;

&lt;/tr&gt;

&lt;tr bgcolor="#D4E4F3"&gt;

&lt;td&gt;SHAPE_Area&lt;/td&gt;

&lt;td&gt;43910.739711&lt;/td&gt;

&lt;/tr&gt;

&lt;/table&gt;

&lt;/td&gt;

&lt;/tr&gt;

&lt;/table&gt;

&lt;/body&gt;

&lt;/html&gt;</description>
			<styleUrl>#PolyStyle00</styleUrl>
			<MultiGeometry>
				<Polygon>
					<outerBoundaryIs>
						<LinearRing>
							<coordinates>
								86.56928502501547,22.2171119974187,0 86.56933040114515,22.2170973936598,0 86.56934192800784,22.2170614203884,0 86.56932928287378,22.21701460722156,0 86.56936908991813,22.21700310278275,0 86.56939070164707,22.21704723936698,0 86.56941447165896,22.21704959422365,0 86.56953106908436,22.2170122980571,0 86.56954831133241,22.21701460400758,0 86.56961268322389,22.21714406100192,0 86.56998809689829,22.21704018596156,0 86.57002066760431,22.21703316937664,0 86.57015918447523,22.21698712057214,0 86.57041040444327,22.21688984475272,0 86.57029227420774,22.21661784811397,0 86.57063305657982,22.2165085481555,0 86.57066653327971,22.21664344490595,0 86.57065403875406,22.21672077494851,0 86.57066460082412,22.21681967069874,0 86.57062330038339,22.2168367004138,0 86.57050212663499,22.21685552130507,0 86.57049469558925,22.21692016630034,0 86.57049627494706,22.2169922710805,0 86.57053091811382,22.21706238436244,0 86.57060050386116,22.21708035712125,0 86.57064889140675,22.21708811502819,0 86.57073045678192,22.21707777560879,0 86.57080556395331,22.21705982682008,0 86.57088381463005,22.21702947607934,0 86.5710012459494,22.21701201009956,0 86.571064517371,22.21700952806675,0 86.57108655294928,22.21700952832658,0 86.57133819883659,22.21695709859506,0 86.57151866294075,22.21689874800115,0 86.57161079643323,22.21704907031376,0 86.57162183143855,22.21709149480363,0 86.57160975654342,22.21709149463779,0 86.57153015496998,22.21708491961662,0 86.57141681801119,22.21713469112295,0 86.57140243057621,22.21709809384945,0 86.57132904164486,22.21709150076212,0 86.57115397179007,22.2171246600881,0 86.57107514659215,22.2171684576736,0 86.57093467434335,22.21718209842947,0 86.57083131386545,22.21723392760609,0 86.57071317565631,22.21726202659124,0 86.57061269362291,22.21728331154738,0 86.57051119582947,22.21730837726024,0 86.57040052645515,22.21731198067183,0 86.57033709718959,22.21731558858558,0 86.57028659589595,22.2173519423472,0 86.5702811994212,22.21737770431964,0 86.57034917002895,22.21741121436142,0 86.57036527251708,22.21741121260652,0 86.57046657722529,22.2173813999369,0 86.57053766536706,22.21736294378907,0 86.5706716766163,22.2173592645474,0 86.57065480023107,22.21743757858504,0 86.57064709903021,22.21753011127612,0 86.57064155615892,22.21769199123905,0 86.5705568560482,22.21768366140665,0 86.5704710899559,22.21770454333375,0 86.57042870639872,22.21779837572186,0 86.57038481941355,22.2178955350171,0 86.5703146120096,22.21789104578868,0 86.57029077266154,22.2177897145998,0 86.57024045840174,22.2178114308124,0 86.57026979667752,22.21770874399202,0 86.57029659616785,22.21767121826282,0 86.57034909205966,22.21759771233015,0 86.57033616690646,22.21754586828847,0 86.57028859706818,22.21756171234245,0 86.57025259368855,22.21767122041508,0 86.57025223468419,22.21767536342913,0 86.57022775447362,22.21772137111024,0 86.57021066472484,22.21783331865032,0 86.5702098587799,22.21784212300562,0 86.57023359407594,22.21793172941792,0 86.57023675490878,22.21793628555361,0 86.57024270743928,22.21794999974643,0 86.57027363757965,22.21801020997944,0 86.57032569667798,22.21803843459706,0 86.57046479895395,22.21800085660584,0 86.57047917151827,22.21800085659832,0 86.57055368306204,22.21800121044271,0 86.57058446034063,22.21798322427444,0 86.57060878589992,22.21799119424205,0 86.57062508829142,22.21801734683802,0 86.570653862664,22.21802750576603,0 86.57068432377018,22.21800724123685,0 86.57072460522537,22.21798720135846,0 86.57072713226644,22.21801957375081,0 86.5707818056259,22.21808757613431,0 86.5708622698702,22.21810449699482,0 86.57091828790799,22.21807080189988,0 86.57100408148303,22.21805625094116,0 86.571033044054,22.21803771333786,0 86.57108504300744,22.21802545736001,0 86.5711223588354,22.21800843510112,0 86.57116984458928,22.21802953120201,0 86.57117317893477,22.2180791609327,0 86.571211224423,22.21810874230926,0 86.57124442554768,22.21809389092662,0 86.57129502052685,22.21809600360387,0 86.57131633090286,22.21814313486523,0 86.57129217041468,22.21822290776241,0 86.57125357303948,22.21822517302107,0 86.57125162753582,22.21826639611816,0 86.57126319314857,22.21829672440073,0 86.57131094885735,22.21832992060248,0 86.57128161666792,22.21836950503066,0 86.57123831117852,22.21837730484618,0 86.57119522562424,22.21838903779276,0 86.57114178909387,22.21840081391566,0 86.57110764738539,22.21841544778407,0 86.57105387743877,22.21842295255902,0 86.57103388723107,22.21842797163367,0 86.57090392227661,22.21840475272732,0 86.57078144123423,22.21840475584986,0 86.5707306083203,22.21842053902345,0 86.57075505989336,22.21845632001146,0 86.57076877369093,22.21845632004813,0 86.57091699718038,22.21847636021099,0 86.57092403881376,22.21848038180734,0 86.57095537246784,22.21848844157211,0 86.57105624304741,22.21850461661829,0 86.57110941609963,22.21852494717873,0 86.57110913361248,22.21862424974775,0 86.57099552193026,22.21867073720093,0 86.57090741572785,22.21867925808384,0 86.57084367178588,22.21867925982987,0 86.57082739463993,22.21859916173917,0 86.57075368230086,22.2185866835927,0 86.57068027839813,22.21858253570737,0 86.57061342707922,22.21869208261338,0 86.57060233720144,22.21876561205837,0 86.57055312355682,22.21895222696855,0 86.57041223329192,22.21896903622389,0 86.57025699162735,22.21895783232961,0 86.57000351344404,22.21900846401131,0 86.56968956275071,22.21903969086441,0 86.56964580014841,22.21903980008412,0 86.56961988317737,22.21903120692416,0 86.56962313553247,22.2192617903275,0 86.56947857122961,22.21928246921506,0 86.56946203766415,22.21926436983517,0 86.56946289691601,22.21922349261554,0 86.56941598604314,22.21922349406745,0 86.56940244762099,22.21925152370901,0 86.5693547221599,22.21928506856362,0 86.56930591868183,22.21929287679736,0 86.56915893955254,22.21929027705912,0 86.56908358053867,22.21929810073821,0 86.5690658038662,22.2192159161491,0 86.56901597971496,22.21919830132497,0 86.56904608605784,22.21894176987137,0 86.56910655870597,22.21892830833131,0 86.56910799162682,22.21869678422383,0 86.56907153252691,22.21849894836851,0 86.56930742424947,22.21853435160615,0 86.56956747658666,22.21866745671776,0 86.56962231404367,22.21865802827713,0 86.5696723887899,22.21859536166652,0 86.56968770517892,22.21854552105161,0 86.56965282504119,22.21853657535289,0 86.56962349353144,22.21855000924591,0 86.56957745058563,22.21861606617884,0 86.56954353555092,22.21865332993978,0 86.56930769593794,22.21853212269879,0 86.56942333266807,22.21803367715639,0 86.56938733121616,22.21802308602792,0 86.56880834315042,22.21793377628236,0 86.56874025435779,22.21792976537783,0 86.56868520629048,22.21777520881726,0 86.56860583685886,22.21749495264537,0 86.56848708371359,22.21720744599721,0 86.56874862029522,22.21713166886088,0 86.56880638530963,22.21712673118633,0 86.56882806815867,22.21717167297318,0 86.5689251325683,22.217154056965,0 86.56899695580108,22.21706142498446,0 86.56906173083982,22.21705905160604,0 86.56918679673497,22.21701923229033,0 86.56925296729723,22.21702851567264,0 86.56928502501547,22.2171119974187,0 
							</coordinates>
						</LinearRing>
					</outerBoundaryIs>
				</Polygon>
			</MultiGeometry>
		</Placemark>
		<Placemark id="ID_00031">
			<name>764881330 [1:Polygon]</name>
			<Snippet maxLines="0"/>
			<description>&lt;html xmlns:fo="http://www.w3.org/1999/XSL/Format" xmlns:msxsl="urn:schemas-microsoft-com:xslt"&gt;

&lt;head&gt;

&lt;META http-equiv="Content-Type" content="text/html"&gt;

&lt;meta http-equiv="content-type" content="text/html; charset=UTF-8"&gt;

&lt;/head&gt;

&lt;body style="margin:0px 0px 0px 0px;overflow:auto;background:#FFFFFF;"&gt;

&lt;table style="font-family:Arial,Verdana,Times;font-size:12px;text-align:left;width:100%;border-collapse:collapse;padding:3px 3px 3px 3px"&gt;

&lt;tr style="text-align:center;font-weight:bold;background:#9CBCE2"&gt;

&lt;td&gt;764881330 [1:Polygon]&lt;/td&gt;

&lt;/tr&gt;

&lt;tr&gt;

&lt;td&gt;

&lt;table style="font-family:Arial,Verdana,Times;font-size:12px;text-align:left;width:100%;border-spacing:0px; padding:3px 3px 3px 3px"&gt;

&lt;tr&gt;

&lt;td&gt;SHAPE&lt;/td&gt;

&lt;td&gt;Polygon&lt;/td&gt;

&lt;/tr&gt;

&lt;tr bgcolor="#D4E4F3"&gt;

&lt;td&gt;Name&lt;/td&gt;

&lt;td&gt;764881330 [1:Polygon]&lt;/td&gt;

&lt;/tr&gt;

&lt;tr&gt;

&lt;td&gt;farmername&lt;/td&gt;

&lt;td&gt;Sama singh&lt;/td&gt;

&lt;/tr&gt;

&lt;tr bgcolor="#D4E4F3"&gt;

&lt;td&gt;state&lt;/td&gt;

&lt;td&gt;Odisha&lt;/td&gt;

&lt;/tr&gt;

&lt;tr&gt;

&lt;td&gt;district&lt;/td&gt;

&lt;td&gt;Mayurbhanj&lt;/td&gt;

&lt;/tr&gt;

&lt;tr bgcolor="#D4E4F3"&gt;

&lt;td&gt;block&lt;/td&gt;

&lt;td&gt;Samakhunta&lt;/td&gt;

&lt;/tr&gt;

&lt;tr&gt;

&lt;td&gt;grampanchayat&lt;/td&gt;

&lt;td&gt;Kendua&lt;/td&gt;

&lt;/tr&gt;

&lt;tr bgcolor="#D4E4F3"&gt;

&lt;td&gt;village&lt;/td&gt;

&lt;td&gt;Saratchandrapur&lt;/td&gt;

&lt;/tr&gt;

&lt;tr&gt;

&lt;td&gt;_id&lt;/td&gt;

&lt;td&gt;764881330&lt;/td&gt;

&lt;/tr&gt;

&lt;tr bgcolor="#D4E4F3"&gt;

&lt;td&gt;latitude&lt;/td&gt;

&lt;td&gt;21.888&lt;/td&gt;

&lt;/tr&gt;

&lt;tr&gt;

&lt;td&gt;longitude&lt;/td&gt;

&lt;td&gt;86.611&lt;/td&gt;

&lt;/tr&gt;

&lt;tr bgcolor="#D4E4F3"&gt;

&lt;td&gt;area_ha&lt;/td&gt;

&lt;td&gt;1.462&lt;/td&gt;

&lt;/tr&gt;

&lt;tr&gt;

&lt;td&gt;LP_id&lt;/td&gt;

&lt;td&gt;LP32&lt;/td&gt;

&lt;/tr&gt;

&lt;tr bgcolor="#D4E4F3"&gt;

&lt;td&gt;Plantation_year&lt;/td&gt;

&lt;td&gt;2025&lt;/td&gt;

&lt;/tr&gt;

&lt;tr&gt;

&lt;td&gt;SHAPE_Length&lt;/td&gt;

&lt;td&gt;1059.391439&lt;/td&gt;

&lt;/tr&gt;

&lt;tr bgcolor="#D4E4F3"&gt;

&lt;td&gt;SHAPE_Area&lt;/td&gt;

&lt;td&gt;14610.864059&lt;/td&gt;

&lt;/tr&gt;

&lt;/table&gt;

&lt;/td&gt;

&lt;/tr&gt;

&lt;/table&gt;

&lt;/body&gt;

&lt;/html&gt;</description>
			<styleUrl>#PolyStyle00</styleUrl>
			<MultiGeometry>
				<Polygon><outerBoundaryIs><LinearRing><coordinates>86.61051115,21.88878309,0 86.61047467,21.88883407,0 86.61054442,21.88883350,0 86.61052895,21.88899874,0 86.61051412,21.88910568,0 86.61051182,21.88917918,0 86.61071733,21.88921660,0 86.61082418,21.88922199,0 86.61094348,21.88910708,0 86.61103159,21.88905937,0 86.61107445,21.88896888,0 86.61114079,21.88892467,0 86.61129660,21.88883822,0 86.61136360,21.88881936,0 86.61140017,21.88876352,0 86.61142626,21.88868485,0 86.61143459,21.88864419,0 86.61141161,21.88860155,0 86.61144014,21.88859874,0 86.61145948,21.88854886,0 86.61141433,21.88853523,0 86.61137737,21.88856259,0 86.61135527,21.88850826,0 86.61140126,21.88848696,0 86.61142683,21.88848961,0 86.61145254,21.88849492,0 86.61148295,21.88842166,0 86.61148388,21.88832981,0 86.61145207,21.88827160,0 86.61142917,21.88824430,0 86.61139452,21.88824430,0 86.61135364,21.88828974,0 86.61130418,21.88830248,0 86.61126631,21.88829124,0 86.61122684,21.88828532,0 86.61121880,21.88825592,0 86.61118638,21.88825258,0 86.61116360,21.88825908,0 86.61113899,21.88829124,0 86.61114995,21.88839777,0 86.61118304,21.88842740,0 86.61118674,21.88842953,0 86.61123674,21.88844016,0 86.61126116,21.88845770,0 86.61126125,21.88846204,0 86.61122984,21.88847697,0 86.61114405,21.88847464,0 86.61110889,21.88845490,0 86.61112047,21.88841266,0 86.61110088,21.88837066,0 86.61108681,21.88834085,0 86.61110747,21.88828221,0 86.61110631,21.88823434,0 86.61110120,21.88823332,0 86.61110639,21.88820537,0 86.61114390,21.88818063,0 86.61113617,21.88811899,0 86.61112869,21.88810209,0 86.61112551,21.88808301,0 86.61114890,21.88806832,0 86.61114970,21.88800479,0 86.61113597,21.88799677,0 86.61111716,21.88797293,0 86.61112504,21.88793783,0 86.61114142,21.88792630,0 86.61115202,21.88788495,0 86.61116291,21.88776350,0 86.61138963,21.88775728,0 86.61140095,21.88769901,0 86.61140020,21.88764220,0 86.61131777,21.88763925,0 86.61127956,21.88763630,0 86.61126590,21.88757529,0 86.61129532,21.88753553,0 86.61136142,21.88753272,0 86.61138402,21.88749372,0 86.61137415,21.88732389,0 86.61132208,21.88734182,0 86.61122272,21.88735731,0 86.61094021,21.88739917,0 86.61067746,21.88743219,0 86.61072044,21.88748769,0 86.61067475,21.88743087,0 86.61059830,21.88783500,0 86.61057170,21.88815640,0 86.61057040,21.88827187,0 86.61060224,21.88828113,0 86.61057719,21.88827443,0 86.61052912,21.88830857,0 86.61049339,21.88833416,0 86.61046892,21.88837927,0 86.61046151,21.88842943,0 86.61073743,21.88846429,0 86.61046850,21.88843160,0 86.61043205,21.88853253,0 86.61040961,21.88861002,0 86.61039867,21.88867900,0 86.61036147,21.88870254,0 86.61033193,21.88877489,0 86.61034057,21.88883407,0 86.61047278,21.88883091,0 86.61051115,21.88878309,0</coordinates></LinearRing></outerBoundaryIs><innerBoundaryIs><LinearRing><coordinates>86.61054888,21.88873034,0 86.61049981,21.88869663,0 86.61053614,21.88867315,0 86.61057045,21.88868486,0 86.61056665,21.88870550,0 86.61054888,21.88873034,0</coordinates></LinearRing></innerBoundaryIs><innerBoundaryIs><LinearRing><coordinates>86.61107584,21.88822829,0 86.61101134,21.88821550,0 86.61100540,21.88823430,0 86.61097011,21.88823224,0 86.61092320,21.88828682,0 86.61091567,21.88829435,0 86.61090012,21.88828454,0 86.61089334,21.88824655,0 86.61086597,21.88826097,0 86.61086020,21.88826839,0 86.61081670,21.88828247,0 86.61081315,21.88828238,0 86.61080449,21.88825562,0 86.61080490,21.88824999,0 86.61083351,21.88819306,0 86.61090721,21.88821873,0 86.61097656,21.88820410,0 86.61107584,21.88822829,0</coordinates></LinearRing></innerBoundaryIs><innerBoundaryIs><LinearRing><coordinates>86.61074498,21.88751821,0 86.61078601,21.88749152,0 86.61079180,21.88752162,0 86.61079166,21.88752300,0 86.61076961,21.88753387,0 86.61074973,21.88752411,0 86.61074498,21.88751821,0</coordinates></LinearRing></innerBoundaryIs><innerBoundaryIs><LinearRing><coordinates>86.61066003,21.88829660,0 86.61067996,21.88826775,0 86.61068617,21.88825845,0 86.61070227,21.88825522,0 86.61071065,21.88825932,0 86.61071730,21.88826336,0 86.61072400,21.88826730,0 86.61073624,21.88828861,0 86.61073590,21.88829246,0 86.61069216,21.88830473,0 86.61068176,21.88830241,0 86.61066003,21.88829660,0</coordinates></LinearRing></innerBoundaryIs><innerBoundaryIs><LinearRing><coordinates>86.61086384,21.88847966,0 86.61088990,21.88843380,0 86.61092381,21.88845351,0 86.61091974,21.88849602,0 86.61086491,21.88847979,0 86.61086384,21.88847966,0</coordinates></LinearRing></innerBoundaryIs></Polygon></MultiGeometry>
		</Placemark>
		<Placemark id="ID_00032">
			<name>764892265</name>
			<Snippet maxLines="0"/>
			<description>&lt;html xmlns:fo="http://www.w3.org/1999/XSL/Format" xmlns:msxsl="urn:schemas-microsoft-com:xslt"&gt;

&lt;head&gt;

&lt;META http-equiv="Content-Type" content="text/html"&gt;

&lt;meta http-equiv="content-type" content="text/html; charset=UTF-8"&gt;

&lt;/head&gt;

&lt;body style="margin:0px 0px 0px 0px;overflow:auto;background:#FFFFFF;"&gt;

&lt;table style="font-family:Arial,Verdana,Times;font-size:12px;text-align:left;width:100%;border-collapse:collapse;padding:3px 3px 3px 3px"&gt;

&lt;tr style="text-align:center;font-weight:bold;background:#9CBCE2"&gt;

&lt;td&gt;764892265&lt;/td&gt;

&lt;/tr&gt;

&lt;tr&gt;

&lt;td&gt;

&lt;table style="font-family:Arial,Verdana,Times;font-size:12px;text-align:left;width:100%;border-spacing:0px; padding:3px 3px 3px 3px"&gt;

&lt;tr&gt;

&lt;td&gt;SHAPE&lt;/td&gt;

&lt;td&gt;Polygon&lt;/td&gt;

&lt;/tr&gt;

&lt;tr bgcolor="#D4E4F3"&gt;

&lt;td&gt;Name&lt;/td&gt;

&lt;td&gt;764892265&lt;/td&gt;

&lt;/tr&gt;

&lt;tr&gt;

&lt;td&gt;farmername&lt;/td&gt;

&lt;td&gt;Dhanu Majhi&lt;/td&gt;

&lt;/tr&gt;

&lt;tr bgcolor="#D4E4F3"&gt;

&lt;td&gt;state&lt;/td&gt;

&lt;td&gt;Odisha&lt;/td&gt;

&lt;/tr&gt;

&lt;tr&gt;

&lt;td&gt;district&lt;/td&gt;

&lt;td&gt;Mayurbhanj&lt;/td&gt;

&lt;/tr&gt;

&lt;tr bgcolor="#D4E4F3"&gt;

&lt;td&gt;block&lt;/td&gt;

&lt;td&gt;Samakhunta&lt;/td&gt;

&lt;/tr&gt;

&lt;tr&gt;

&lt;td&gt;grampanchayat&lt;/td&gt;

&lt;td&gt;Kalapathar&lt;/td&gt;

&lt;/tr&gt;

&lt;tr bgcolor="#D4E4F3"&gt;

&lt;td&gt;village&lt;/td&gt;

&lt;td&gt;Kitadihi&lt;/td&gt;

&lt;/tr&gt;

&lt;tr&gt;

&lt;td&gt;_id&lt;/td&gt;

&lt;td&gt;764892265&lt;/td&gt;

&lt;/tr&gt;

&lt;tr bgcolor="#D4E4F3"&gt;

&lt;td&gt;latitude&lt;/td&gt;

&lt;td&gt;21.997&lt;/td&gt;

&lt;/tr&gt;

&lt;tr&gt;

&lt;td&gt;longitude&lt;/td&gt;

&lt;td&gt;86.596&lt;/td&gt;

&lt;/tr&gt;

&lt;tr bgcolor="#D4E4F3"&gt;

&lt;td&gt;area_ha&lt;/td&gt;

&lt;td&gt;4.874&lt;/td&gt;

&lt;/tr&gt;

&lt;tr&gt;

&lt;td&gt;LP_id&lt;/td&gt;

&lt;td&gt;LP33&lt;/td&gt;

&lt;/tr&gt;

&lt;tr bgcolor="#D4E4F3"&gt;

&lt;td&gt;Plantation_year&lt;/td&gt;

&lt;td&gt;2025&lt;/td&gt;

&lt;/tr&gt;

&lt;tr&gt;

&lt;td&gt;SHAPE_Length&lt;/td&gt;

&lt;td&gt;2488.01644&lt;/td&gt;

&lt;/tr&gt;

&lt;tr bgcolor="#D4E4F3"&gt;

&lt;td&gt;SHAPE_Area&lt;/td&gt;

&lt;td&gt;48707.282102&lt;/td&gt;

&lt;/tr&gt;

&lt;/table&gt;

&lt;/td&gt;

&lt;/tr&gt;

&lt;/table&gt;

&lt;/body&gt;

&lt;/html&gt;</description>
			<styleUrl>#PolyStyle00</styleUrl>
			<MultiGeometry>
				<Polygon><outerBoundaryIs><LinearRing><coordinates>86.59440341,21.99702478,0 86.59431231,21.99707344,0 86.59432692,21.99725279,0 86.59432708,21.99741297,0 86.59431909,21.99750927,0 86.59430127,21.99756347,0 86.59425236,21.99758684,0 86.59423050,21.99772049,0 86.59432072,21.99770358,0 86.59432978,21.99764484,0 86.59439554,21.99756219,0 86.59439432,21.99757039,0 86.59445948,21.99757861,0 86.59454250,21.99760333,0 86.59454269,21.99770358,0 86.59462395,21.99775451,0 86.59471656,21.99765319,0 86.59481262,21.99769514,0 86.59477407,21.99780599,0 86.59483612,21.99779737,0 86.59486937,21.99780490,0 86.59495258,21.99778031,0 86.59501127,21.99773990,0 86.59513952,21.99775195,0 86.59524901,21.99775074,0 86.59525496,21.99761022,0 86.59536649,21.99759509,0 86.59537498,21.99763428,0 86.59536434,21.99755547,0 86.59536204,21.99755179,0 86.59534208,21.99743363,0 86.59534110,21.99742321,0 86.59533552,21.99734496,0 86.59533261,21.99728571,0 86.59531253,21.99717829,0 86.59528603,21.99709987,0 86.59528064,21.99708808,0 86.59526702,21.99703017,0 86.59525984,21.99701597,0 86.59525465,21.99700467,0 86.59524226,21.99693559,0 86.59523154,21.99686373,0 86.59520960,21.99683268,0 86.59521266,21.99668495,0 86.59523789,21.99672558,0 86.59528206,21.99683524,0 86.59526766,21.99691133,0 86.59532064,21.99701880,0 86.59534230,21.99714775,0 86.59537082,21.99730200,0 86.59537947,21.99733836,0 86.59538985,21.99742246,0 86.59539621,21.99746103,0 86.59539776,21.99746103,0 86.59540630,21.99749553,0 86.59541403,21.99756865,0 86.59540863,21.99763841,0 86.59541533,21.99780122,0 86.59544918,21.99779546,0 86.59550097,21.99779721,0 86.59568526,21.99778719,0 86.59570618,21.99779720,0 86.59573008,21.99780246,0 86.59572528,21.99777525,0 86.59570852,21.99773968,0 86.59570603,21.99768777,0 86.59571757,21.99764081,0 86.59571613,21.99759525,0 86.59575062,21.99756195,0 86.59571895,21.99755413,0 86.59569545,21.99754480,0 86.59570701,21.99750956,0 86.59569193,21.99746923,0 86.59568416,21.99742427,0 86.59567506,21.99736415,0 86.59566187,21.99733972,0 86.59565965,21.99730387,0 86.59571026,21.99733569,0 86.59572510,21.99736141,0 86.59573933,21.99747661,0 86.59576347,21.99750050,0 86.59583910,21.99752325,0 86.59583715,21.99761624,0 86.59576051,21.99769459,0 86.59580489,21.99771333,0 86.59582212,21.99772305,0 86.59587130,21.99774261,0 86.59590724,21.99782456,0 86.59587670,21.99793099,0 86.59585135,21.99807749,0 86.59584739,21.99813383,0 86.59589353,21.99814523,0 86.59597906,21.99815669,0 86.59604078,21.99818554,0 86.59603811,21.99826197,0 86.59613717,21.99831007,0 86.59618210,21.99824415,0 86.59625799,21.99829797,0 86.59626606,21.99830401,0 86.59629469,21.99834669,0 86.59650120,21.99842767,0 86.59652178,21.99834668,0 86.59652608,21.99819716,0 86.59652305,21.99813952,0 86.59657214,21.99804974,0 86.59655946,21.99796821,0 86.59654040,21.99783764,0 86.59653980,21.99782747,0 86.59658119,21.99776194,0 86.59637449,21.99764277,0 86.59658148,21.99775775,0 86.59658545,21.99768917,0 86.59659887,21.99762743,0 86.59664073,21.99757636,0 86.59676643,21.99763683,0 86.59679713,21.99768917,0 86.59684064,21.99772304,0 86.59690268,21.99772792,0 86.59690383,21.99726228,0 86.59692164,21.99712167,0 86.59687469,21.99703988,0 86.59686334,21.99696669,0 86.59686240,21.99696664,0 86.59692092,21.99688155,0 86.59696253,21.99634699,0 86.59690443,21.99632419,0 86.59668174,21.99621791,0 86.59635202,21.99648758,0 86.59635228,21.99648681,0 86.59667741,21.99621787,0 86.59652962,21.99616231,0 86.59651112,21.99615634,0 86.59650189,21.99615336,0 86.59648628,21.99614741,0 86.59637064,21.99610918,0 86.59636785,21.99610918,0 86.59625557,21.99609179,0 86.59622427,21.99611794,0 86.59624605,21.99617431,0 86.59624251,21.99624787,0 86.59621747,21.99626984,0 86.59613452,21.99622305,0 86.59612824,21.99616530,0 86.59614957,21.99610627,0 86.59613599,21.99607455,0 86.59601898,21.99606883,0 86.59593440,21.99610337,0 86.59586083,21.99609179,0 86.59578236,21.99608315,0 86.59571511,21.99612087,0 86.59567950,21.99626354,0 86.59571495,21.99611794,0 86.59568848,21.99609179,0 86.59568983,21.99606314,0 86.59564800,21.99605179,0 86.59542778,21.99605746,0 86.59532546,21.99606598,0 86.59520184,21.99605746,0 86.59508641,21.99605462,0 86.59508386,21.99607556,0 86.59508585,21.99605771,0 86.59488809,21.99608662,0 86.59482809,21.99612159,0 86.59468442,21.99613691,0 86.59468315,21.99613800,0 86.59459930,21.99611574,0 86.59448175,21.99611574,0 86.59431397,21.99614508,0 86.59422121,21.99611236,0 86.59421846,21.99614508,0 86.59424020,21.99632583,0 86.59429567,21.99643198,0 86.59429252,21.99658010,0 86.59428819,21.99680915,0 86.59431099,21.99707390,0 86.59440341,21.99702478,0</coordinates></LinearRing></outerBoundaryIs><innerBoundaryIs><LinearRing><coordinates>86.59567950,21.99626354,0 86.59575940,21.99633393,0 86.59578689,21.99639001,0 86.59577764,21.99652458,0 86.59573230,21.99660066,0 86.59572620,21.99660435,0 86.59567956,21.99664166,0 86.59568748,21.99674677,0 86.59563185,21.99682642,0 86.59553405,21.99685132,0 86.59550739,21.99665292,0 86.59561900,21.99665051,0 86.59563017,21.99661207,0 86.59558680,21.99655325,0 86.59558341,21.99653887,0 86.59557856,21.99644763,0 86.59558118,21.99642712,0 86.59561207,21.99634372,0 86.59562056,21.99633068,0 86.59567950,21.99626354,0</coordinates></LinearRing></innerBoundaryIs><innerBoundaryIs><LinearRing><coordinates>86.59440341,21.99702478,0 86.59441196,21.99697719,0 86.59446480,21.99695845,0 86.59451730,21.99698190,0 86.59456426,21.99697249,0 86.59456464,21.99694450,0 86.59456486,21.99694218,0 86.59455951,21.99688060,0 86.59460040,21.99680123,0 86.59460740,21.99679691,0 86.59466582,21.99678185,0 86.59472562,21.99680990,0 86.59474619,21.99683833,0 86.59475878,21.99680990,0 86.59475900,21.99680556,0 86.59478441,21.99673317,0 86.59478903,21.99672691,0 86.59484186,21.99669999,0 86.59489114,21.99671030,0 86.59489545,21.99671030,0 86.59491871,21.99674787,0 86.59492292,21.99676054,0 86.59494671,21.99680339,0 86.59493514,21.99686939,0 86.59490121,21.99688735,0 86.59485782,21.99691003,0 86.59482246,21.99688510,0 86.59477664,21.99685380,0 86.59478449,21.99687835,0 86.59476712,21.99691231,0 86.59474478,21.99694914,0 86.59467903,21.99697484,0 86.59460864,21.99699136,0 86.59454466,21.99700800,0 86.59453481,21.99703684,0 86.59450944,21.99707837,0 86.59445293,21.99709819,0 86.59440341,21.99702478,0</coordinates></LinearRing></innerBoundaryIs><innerBoundaryIs><LinearRing><coordinates>86.59674133,21.99695943,0 86.59641584,21.99694007,0 86.59645333,21.99700293,0 86.59646061,21.99703091,0 86.59640320,21.99715846,0 86.59637276,21.99720637,0 86.59629370,21.99719548,0 86.59629035,21.99714585,0 86.59628713,21.99711737,0 86.59631763,21.99710433,0 86.59636059,21.99710866,0 86.59636450,21.99711011,0 86.59639400,21.99711446,0 86.59641620,21.99709714,0 86.59642532,21.99707300,0 86.59643411,21.99703698,0 86.59641294,21.99703698,0 86.59638984,21.99704245,0 86.59636337,21.99703153,0 86.59633285,21.99704245,0 86.59633316,21.99701131,0 86.59632793,21.99697445,0 86.59634959,21.99694754,0 86.59637852,21.99693619,0 86.59638883,21.99693619,0 86.59674133,21.99695943,0</coordinates></LinearRing></innerBoundaryIs><innerBoundaryIs><LinearRing><coordinates>86.59636310,21.99763644,0 86.59634160,21.99764224,0 86.59634372,21.99768193,0 86.59630730,21.99773281,0 86.59627727,21.99772457,0 86.59621214,21.99770617,0 86.59621585,21.99765208,0 86.59621654,21.99764814,0 86.59624033,21.99762079,0 86.59630179,21.99760344,0 86.59630367,21.99760344,0 86.59636310,21.99763644,0</coordinates></LinearRing></innerBoundaryIs><innerBoundaryIs><LinearRing><coordinates>86.59635112,21.99649030,0 86.59638897,21.99654221,0 86.59639805,21.99661520,0 86.59639850,21.99661997,0 86.59634144,21.99662883,0 86.59632318,21.99657421,0 86.59635112,21.99649030,0</coordinates></LinearRing></innerBoundaryIs><innerBoundaryIs><LinearRing><coordinates>86.59506566,21.99623906,0 86.59512499,21.99625861,0 86.59519420,21.99632583,0 86.59515931,21.99640675,0 86.59509651,21.99639420,0 86.59505738,21.99631353,0 86.59506566,21.99623906,0</coordinates></LinearRing></innerBoundaryIs><innerBoundaryIs><LinearRing><coordinates>86.59461166,21.99619977,0 86.59465020,21.99622824,0 86.59465442,21.99626138,0 86.59463073,21.99628326,0 86.59462467,21.99628528,0 86.59459973,21.99626560,0 86.59458365,21.99622271,0 86.59461166,21.99619977,0</coordinates></LinearRing></innerBoundaryIs></Polygon></MultiGeometry>
		</Placemark>
		<Placemark id="ID_00033">
			<name>764892777</name>
			<Snippet maxLines="0"/>
			<description>&lt;html xmlns:fo="http://www.w3.org/1999/XSL/Format" xmlns:msxsl="urn:schemas-microsoft-com:xslt"&gt;

&lt;head&gt;

&lt;META http-equiv="Content-Type" content="text/html"&gt;

&lt;meta http-equiv="content-type" content="text/html; charset=UTF-8"&gt;

&lt;/head&gt;

&lt;body style="margin:0px 0px 0px 0px;overflow:auto;background:#FFFFFF;"&gt;

&lt;table style="font-family:Arial,Verdana,Times;font-size:12px;text-align:left;width:100%;border-collapse:collapse;padding:3px 3px 3px 3px"&gt;

&lt;tr style="text-align:center;font-weight:bold;background:#9CBCE2"&gt;

&lt;td&gt;764892777&lt;/td&gt;

&lt;/tr&gt;

&lt;tr&gt;

&lt;td&gt;

&lt;table style="font-family:Arial,Verdana,Times;font-size:12px;text-align:left;width:100%;border-spacing:0px; padding:3px 3px 3px 3px"&gt;

&lt;tr&gt;

&lt;td&gt;SHAPE&lt;/td&gt;

&lt;td&gt;Polygon&lt;/td&gt;

&lt;/tr&gt;

&lt;tr bgcolor="#D4E4F3"&gt;

&lt;td&gt;Name&lt;/td&gt;

&lt;td&gt;764892777&lt;/td&gt;

&lt;/tr&gt;

&lt;tr&gt;

&lt;td&gt;farmername&lt;/td&gt;

&lt;td&gt;Bholanath kar&lt;/td&gt;

&lt;/tr&gt;

&lt;tr bgcolor="#D4E4F3"&gt;

&lt;td&gt;state&lt;/td&gt;

&lt;td&gt;Odisha&lt;/td&gt;

&lt;/tr&gt;

&lt;tr&gt;

&lt;td&gt;district&lt;/td&gt;

&lt;td&gt;Mayurbhanj&lt;/td&gt;

&lt;/tr&gt;

&lt;tr bgcolor="#D4E4F3"&gt;

&lt;td&gt;block&lt;/td&gt;

&lt;td&gt;Samakhunta&lt;/td&gt;

&lt;/tr&gt;

&lt;tr&gt;

&lt;td&gt;grampanchayat&lt;/td&gt;

&lt;td&gt;Kalapathar&lt;/td&gt;

&lt;/tr&gt;

&lt;tr bgcolor="#D4E4F3"&gt;

&lt;td&gt;village&lt;/td&gt;

&lt;td&gt;Jhiliribani&lt;/td&gt;

&lt;/tr&gt;

&lt;tr&gt;

&lt;td&gt;_id&lt;/td&gt;

&lt;td&gt;764892777&lt;/td&gt;

&lt;/tr&gt;

&lt;tr bgcolor="#D4E4F3"&gt;

&lt;td&gt;latitude&lt;/td&gt;

&lt;td&gt;22.019&lt;/td&gt;

&lt;/tr&gt;

&lt;tr&gt;

&lt;td&gt;longitude&lt;/td&gt;

&lt;td&gt;86.626&lt;/td&gt;

&lt;/tr&gt;

&lt;tr bgcolor="#D4E4F3"&gt;

&lt;td&gt;area_ha&lt;/td&gt;

&lt;td&gt;4.017&lt;/td&gt;

&lt;/tr&gt;

&lt;tr&gt;

&lt;td&gt;LP_id&lt;/td&gt;

&lt;td&gt;LP34&lt;/td&gt;

&lt;/tr&gt;

&lt;tr bgcolor="#D4E4F3"&gt;

&lt;td&gt;Plantation_year&lt;/td&gt;

&lt;td&gt;2025&lt;/td&gt;

&lt;/tr&gt;

&lt;tr&gt;

&lt;td&gt;SHAPE_Length&lt;/td&gt;

&lt;td&gt;1563.781521&lt;/td&gt;

&lt;/tr&gt;

&lt;tr bgcolor="#D4E4F3"&gt;

&lt;td&gt;SHAPE_Area&lt;/td&gt;

&lt;td&gt;40140.299936&lt;/td&gt;

&lt;/tr&gt;

&lt;/table&gt;

&lt;/td&gt;

&lt;/tr&gt;

&lt;/table&gt;

&lt;/body&gt;

&lt;/html&gt;</description>
			<styleUrl>#PolyStyle00</styleUrl>
			<MultiGeometry>
				<Polygon><outerBoundaryIs><LinearRing><coordinates>86.62479517,22.01961170,0 86.62480585,22.02000716,0 86.62481554,22.02015318,0 86.62481431,22.02021091,0 86.62486113,22.02019385,0 86.62487325,22.02023146,0 86.62486547,22.02029022,0 86.62481922,22.02032514,0 86.62476910,22.02038513,0 86.62496816,22.02038513,0 86.62500126,22.02031114,0 86.62503858,22.02031813,0 86.62510444,22.02031813,0 86.62516859,22.02033567,0 86.62569836,22.02029022,0 86.62571142,22.02022118,0 86.62580481,22.02021846,0 86.62582740,22.02024523,0 86.62614357,22.02022461,0 86.62612334,22.02014740,0 86.62609063,22.01984193,0 86.62607741,22.01959901,0 86.62567113,22.01962335,0 86.62567039,22.01963988,0 86.62570342,22.01966532,0 86.62569358,22.01971362,0 86.62564040,22.01968776,0 86.62562372,22.01964939,0 86.62563618,22.01962409,0 86.62607461,22.01959901,0 86.62609594,22.01957724,0 86.62614128,22.01956796,0 86.62616992,22.01959901,0 86.62617732,22.01965894,0 86.62620977,22.01963672,0 86.62628356,22.01962724,0 86.62628527,22.01958966,0 86.62630139,22.01954030,0 86.62628946,22.01949780,0 86.62627055,22.01943089,0 86.62630100,22.01942345,0 86.62635200,22.01937248,0 86.62639337,22.01932824,0 86.62646248,22.01935080,0 86.62655343,22.01935080,0 86.62652240,22.01921636,0 86.62652375,22.01914425,0 86.62655018,22.01914612,0 86.62661151,22.01918009,0 86.62663495,22.01910539,0 86.62663461,22.01910451,0 86.62666282,22.01908663,0 86.62673595,22.01908986,0 86.62671361,22.01900829,0 86.62669542,22.01894315,0 86.62671947,22.01889479,0 86.62672524,22.01883516,0 86.62671831,22.01879123,0 86.62670294,22.01878084,0 86.62667568,22.01877395,0 86.62665335,22.01874494,0 86.62666821,22.01871973,0 86.62670609,22.01870146,0 86.62673295,22.01869487,0 86.62688274,22.01865738,0 86.62688088,22.01856364,0 86.62678492,22.01859266,0 86.62667340,22.01858684,0 86.62662057,22.01855211,0 86.62664040,22.01848935,0 86.62669221,22.01845561,0 86.62680536,22.01845561,0 86.62688652,22.01846121,0 86.62699648,22.01844444,0 86.62698780,22.01840013,0 86.62698568,22.01831863,0 86.62699169,22.01823388,0 86.62696375,22.01820785,0 86.62695750,22.01813100,0 86.62692176,22.01808578,0 86.62685131,22.01806588,0 86.62675941,22.01802158,0 86.62667358,22.01803628,0 86.62659604,22.01808079,0 86.62654022,22.01809577,0 86.62649309,22.01807581,0 86.62649311,22.01804119,0 86.62642565,22.01803137,0 86.62636386,22.01803137,0 86.62628093,22.01804119,0 86.62621064,22.01810078,0 86.62609780,22.01815131,0 86.62603005,22.01814622,0 86.62598510,22.01814622,0 86.62599430,22.01805598,0 86.62597878,22.01800695,0 86.62593115,22.01802647,0 86.62588726,22.01807777,0 86.62588027,22.01815564,0 86.62585626,22.01816247,0 86.62582584,22.01811484,0 86.62585680,22.01806102,0 86.62586382,22.01800785,0 86.62583375,22.01797821,0 86.62584089,22.01791955,0 86.62583959,22.01788300,0 86.62582965,22.01782287,0 86.62579622,22.01776062,0 86.62581282,22.01773883,0 86.62579467,22.01762850,0 86.62577612,22.01757739,0 86.62573121,22.01758038,0 86.62563362,22.01752689,0 86.62552698,22.01749161,0 86.62551475,22.01778520,0 86.62553372,22.01796332,0 86.62553781,22.01807338,0 86.62557517,22.01817404,0 86.62555462,22.01819570,0 86.62550798,22.01823233,0 86.62550617,22.01822866,0 86.62550140,22.01827714,0 86.62547592,22.01826135,0 86.62542485,22.01828980,0 86.62533108,22.01830887,0 86.62519794,22.01835691,0 86.62520728,22.01840910,0 86.62522465,22.01847551,0 86.62524248,22.01854019,0 86.62521593,22.01856578,0 86.62515427,22.01859728,0 86.62513463,22.01865226,0 86.62511494,22.01870503,0 86.62507922,22.01875549,0 86.62507551,22.01880354,0 86.62507358,22.01887053,0 86.62510992,22.01909093,0 86.62507778,22.01912010,0 86.62505996,22.01909093,0 86.62504924,22.01901848,0 86.62505280,22.01896988,0 86.62503035,22.01892302,0 86.62500217,22.01887053,0 86.62498643,22.01882778,0 86.62496869,22.01880959,0 86.62493267,22.01881564,0 86.62491901,22.01892613,0 86.62495072,22.01897302,0 86.62494615,22.01902361,0 86.62497338,22.01909093,0 86.62496132,22.01914103,0 86.62493182,22.01918233,0 86.62488249,22.01920548,0 86.62478056,22.01921211,0 86.62469692,22.01920548,0 86.62479517,22.01961170,0</coordinates></LinearRing></outerBoundaryIs><innerBoundaryIs><LinearRing><coordinates>86.62661782,22.01906116,0 86.62659695,22.01900729,0 86.62658451,22.01901775,0 86.62654848,22.01901251,0 86.62654325,22.01901077,0 86.62652275,22.01897932,0 86.62652843,22.01897628,0 86.62654404,22.01894580,0 86.62655914,22.01894748,0 86.62656246,22.01894748,0 86.62658886,22.01897799,0 86.62661782,22.01906116,0</coordinates></LinearRing></innerBoundaryIs><innerBoundaryIs><LinearRing><coordinates>86.62641210,22.01902128,0 86.62637205,22.01903706,0 86.62641063,22.01905837,0 86.62639190,22.01909626,0 86.62637666,22.01910356,0 86.62635186,22.01908898,0 86.62634413,22.01906553,0 86.62637035,22.01903706,0 86.62641210,22.01902128,0</coordinates></LinearRing></innerBoundaryIs><innerBoundaryIs><LinearRing><coordinates>86.62555781,22.01833546,0 86.62556296,22.01834557,0 86.62563754,22.01830256,0 86.62563224,22.01837274,0 86.62558980,22.01840564,0 86.62552826,22.01843331,0 86.62550621,22.01838367,0 86.62555781,22.01833546,0</coordinates></LinearRing></innerBoundaryIs></Polygon></MultiGeometry>
		</Placemark>
		<Placemark id="ID_00034">
			<name>764979556</name>
			<Snippet maxLines="0"/>
			<description>&lt;html xmlns:fo="http://www.w3.org/1999/XSL/Format" xmlns:msxsl="urn:schemas-microsoft-com:xslt"&gt;

&lt;head&gt;

&lt;META http-equiv="Content-Type" content="text/html"&gt;

&lt;meta http-equiv="content-type" content="text/html; charset=UTF-8"&gt;

&lt;/head&gt;

&lt;body style="margin:0px 0px 0px 0px;overflow:auto;background:#FFFFFF;"&gt;

&lt;table style="font-family:Arial,Verdana,Times;font-size:12px;text-align:left;width:100%;border-collapse:collapse;padding:3px 3px 3px 3px"&gt;

&lt;tr style="text-align:center;font-weight:bold;background:#9CBCE2"&gt;

&lt;td&gt;764979556&lt;/td&gt;

&lt;/tr&gt;

&lt;tr&gt;

&lt;td&gt;

&lt;table style="font-family:Arial,Verdana,Times;font-size:12px;text-align:left;width:100%;border-spacing:0px; padding:3px 3px 3px 3px"&gt;

&lt;tr&gt;

&lt;td&gt;SHAPE&lt;/td&gt;

&lt;td&gt;Polygon&lt;/td&gt;

&lt;/tr&gt;

&lt;tr bgcolor="#D4E4F3"&gt;

&lt;td&gt;Name&lt;/td&gt;

&lt;td&gt;764979556&lt;/td&gt;

&lt;/tr&gt;

&lt;tr&gt;

&lt;td&gt;farmername&lt;/td&gt;

&lt;td&gt;Singu Tudu&lt;/td&gt;

&lt;/tr&gt;

&lt;tr bgcolor="#D4E4F3"&gt;

&lt;td&gt;state&lt;/td&gt;

&lt;td&gt;Odisha&lt;/td&gt;

&lt;/tr&gt;

&lt;tr&gt;

&lt;td&gt;district&lt;/td&gt;

&lt;td&gt;Mayurbhanj&lt;/td&gt;

&lt;/tr&gt;

&lt;tr bgcolor="#D4E4F3"&gt;

&lt;td&gt;block&lt;/td&gt;

&lt;td&gt;Bangirposi&lt;/td&gt;

&lt;/tr&gt;

&lt;tr&gt;

&lt;td&gt;grampanchayat&lt;/td&gt;

&lt;td&gt;Nischinta&lt;/td&gt;

&lt;/tr&gt;

&lt;tr bgcolor="#D4E4F3"&gt;

&lt;td&gt;village&lt;/td&gt;

&lt;td&gt;Nischinta&lt;/td&gt;

&lt;/tr&gt;

&lt;tr&gt;

&lt;td&gt;_id&lt;/td&gt;

&lt;td&gt;764979556&lt;/td&gt;

&lt;/tr&gt;

&lt;tr bgcolor="#D4E4F3"&gt;

&lt;td&gt;latitude&lt;/td&gt;

&lt;td&gt;22.122&lt;/td&gt;

&lt;/tr&gt;

&lt;tr&gt;

&lt;td&gt;longitude&lt;/td&gt;

&lt;td&gt;86.5&lt;/td&gt;

&lt;/tr&gt;

&lt;tr bgcolor="#D4E4F3"&gt;

&lt;td&gt;area_ha&lt;/td&gt;

&lt;td&gt;5.921&lt;/td&gt;

&lt;/tr&gt;

&lt;tr&gt;

&lt;td&gt;LP_id&lt;/td&gt;

&lt;td&gt;LP35&lt;/td&gt;

&lt;/tr&gt;

&lt;tr bgcolor="#D4E4F3"&gt;

&lt;td&gt;Plantation_year&lt;/td&gt;

&lt;td&gt;2025&lt;/td&gt;

&lt;/tr&gt;

&lt;tr&gt;

&lt;td&gt;SHAPE_Length&lt;/td&gt;

&lt;td&gt;4547.31312&lt;/td&gt;

&lt;/tr&gt;

&lt;tr bgcolor="#D4E4F3"&gt;

&lt;td&gt;SHAPE_Area&lt;/td&gt;

&lt;td&gt;59161.973105&lt;/td&gt;

&lt;/tr&gt;

&lt;/table&gt;

&lt;/td&gt;

&lt;/tr&gt;

&lt;/table&gt;

&lt;/body&gt;

&lt;/html&gt;</description>
			<styleUrl>#PolyStyle00</styleUrl>
			<MultiGeometry>
				<Polygon><outerBoundaryIs><LinearRing><coordinates>86.49889059,22.12151981,0 86.49890121,22.12151881,0 86.49921279,22.12149513,0 86.49954775,22.12148635,0 86.49967269,22.12148180,0 86.49986905,22.12145631,0 86.49990673,22.12144593,0 86.49992636,22.12143442,0 86.49999459,22.12141327,0 86.50009599,22.12136865,0 86.50016518,22.12133290,0 86.50029601,22.12125204,0 86.50036318,22.12121313,0 86.50036997,22.12120603,0 86.50044435,22.12115864,0 86.50052113,22.12111936,0 86.50056923,22.12108371,0 86.50057109,22.12107591,0 86.50062354,22.12104383,0 86.50063235,22.12106042,0 86.50057313,22.12110738,0 86.50050573,22.12114770,0 86.50045122,22.12117936,0 86.50034715,22.12124330,0 86.50025755,22.12128925,0 86.50022313,22.12131728,0 86.50019234,22.12134085,0 86.50014282,22.12136737,0 86.50009766,22.12138533,0 86.50009538,22.12138791,0 86.50003409,22.12141137,0 86.49999779,22.12142457,0 86.49996039,22.12144325,0 86.49993286,22.12145538,0 86.49994043,22.12146216,0 86.49994343,22.12151046,0 86.50004720,22.12153218,0 86.50005481,22.12150506,0 86.50009987,22.12151046,0 86.50013667,22.12147296,0 86.50016695,22.12148005,0 86.50020622,22.12149073,0 86.50021212,22.12152310,0 86.50018458,22.12156517,0 86.50013744,22.12158373,0 86.50009019,22.12154495,0 86.49994161,22.12151046,0 86.49994457,22.12151615,0 86.49991275,22.12156776,0 86.49984764,22.12155470,0 86.49983785,22.12151475,0 86.49983645,22.12151475,0 86.49984360,22.12149655,0 86.49984770,22.12147583,0 86.49980095,22.12147985,0 86.49970764,22.12148750,0 86.49964485,22.12148750,0 86.49946299,22.12150159,0 86.49926712,22.12150940,0 86.49919050,22.12151677,0 86.49908548,22.12152839,0 86.49905617,22.12152637,0 86.49895725,22.12153489,0 86.49895456,22.12153489,0 86.49880066,22.12154797,0 86.49861540,22.12155985,0 86.49839293,22.12160422,0 86.49825451,22.12163371,0 86.49797086,22.12170185,0 86.49765551,22.12179474,0 86.49758304,22.12182436,0 86.49749364,22.12185752,0 86.49744362,22.12188667,0 86.49727989,22.12196736,0 86.49717817,22.12202155,0 86.49706347,22.12207737,0 86.49701003,22.12209982,0 86.49697632,22.12212079,0 86.49694610,22.12213622,0 86.49691857,22.12219302,0 86.49701620,22.12219766,0 86.49707064,22.12221934,0 86.49719347,22.12220848,0 86.49730530,22.12219095,0 86.49740919,22.12202123,0 86.49742133,22.12201485,0 86.49750568,22.12204044,0 86.49765789,22.12197049,0 86.49784680,22.12186487,0 86.49801384,22.12183436,0 86.49812757,22.12190799,0 86.49816638,22.12193911,0 86.49835451,22.12187713,0 86.49852271,22.12182829,0 86.49861231,22.12183055,0 86.49861468,22.12178955,0 86.49861048,22.12173051,0 86.49862028,22.12165743,0 86.49861276,22.12160368,0 86.49863945,22.12158007,0 86.49867647,22.12158891,0 86.49869971,22.12166346,0 86.49869830,22.12172436,0 86.49872133,22.12175834,0 86.49871622,22.12180211,0 86.49869080,22.12188818,0 86.49875407,22.12187207,0 86.49882621,22.12185604,0 86.49888463,22.12185284,0 86.49888387,22.12176145,0 86.49887160,22.12169986,0 86.49883016,22.12166647,0 86.49884627,22.12159480,0 86.49888909,22.12157713,0 86.49893140,22.12163044,0 86.49894196,22.12175213,0 86.49893450,22.12187850,0 86.49890545,22.12193042,0 86.49883397,22.12193369,0 86.49877619,22.12192389,0 86.49869585,22.12195010,0 86.49868660,22.12212476,0 86.49871239,22.12228547,0 86.49877049,22.12228547,0 86.49886480,22.12229231,0 86.49907982,22.12231290,0 86.49908512,22.12231290,0 86.49928534,22.12233360,0 86.49945274,22.12225822,0 86.49958147,22.12237975,0 86.49966217,22.12238233,0 86.49971098,22.12212475,0 86.49995227,22.12205971,0 86.50000870,22.12235441,0 86.50028816,22.12238934,0 86.50041657,22.12238934,0 86.50041347,22.12217095,0 86.50050848,22.12218425,0 86.50054093,22.12236509,0 86.50141942,22.12244364,0 86.50145614,22.12241649,0 86.50145868,22.12235538,0 86.50149043,22.12223338,0 86.50145757,22.12214790,0 86.50145160,22.12213042,0 86.50143038,22.12207524,0 86.50138067,22.12184642,0 86.50134445,22.12174516,0 86.50127465,22.12172419,0 86.50124732,22.12175008,0 86.50118719,22.12174348,0 86.50113335,22.12170739,0 86.50112537,22.12171169,0 86.50111998,22.12170339,0 86.50109806,22.12165650,0 86.50111001,22.12161904,0 86.50119012,22.12163050,0 86.50122243,22.12164780,0 86.50125410,22.12165941,0 86.50132333,22.12166523,0 86.50132879,22.12166523,0 86.50141253,22.12163836,0 86.50141630,22.12160565,0 86.50138945,22.12160565,0 86.50130539,22.12158485,0 86.50125893,22.12159523,0 86.50120960,22.12155654,0 86.50120514,22.12154888,0 86.50110439,22.12152857,0 86.50103191,22.12148352,0 86.50102668,22.12148352,0 86.50093699,22.12150344,0 86.50089590,22.12148352,0 86.50097676,22.12143689,0 86.50101826,22.12140313,0 86.50106090,22.12141032,0 86.50113884,22.12142477,0 86.50117898,22.12145640,0 86.50123801,22.12146376,0 86.50126919,22.12149096,0 86.50132135,22.12148100,0 86.50140452,22.12146622,0 86.50147064,22.12149594,0 86.50149312,22.12151848,0 86.50147441,22.12156423,0 86.50143794,22.12164806,0 86.50144692,22.12166369,0 86.50146503,22.12170636,0 86.50148805,22.12178457,0 86.50152766,22.12190338,0 86.50154097,22.12198792,0 86.50159498,22.12209924,0 86.50163859,22.12219744,0 86.50166440,22.12232532,0 86.50167650,22.12241650,0 86.50184689,22.12240228,0 86.50184262,22.12235781,0 86.50195247,22.12234026,0 86.50196137,22.12238464,0 86.50197695,22.12238307,0 86.50196478,22.12226920,0 86.50195328,22.12218781,0 86.50195138,22.12217676,0 86.50193994,22.12212889,0 86.50193500,22.12206547,0 86.50193177,22.12202636,0 86.50193443,22.12198606,0 86.50193346,22.12193299,0 86.50196200,22.12193493,0 86.50199629,22.12193687,0 86.50199819,22.12193687,0 86.50203056,22.12193299,0 86.50209335,22.12193105,0 86.50210096,22.12193105,0 86.50211739,22.12209480,0 86.50210908,22.12201418,0 86.50210379,22.12196425,0 86.50205381,22.12196032,0 86.50200587,22.12197215,0 86.50196928,22.12197612,0 86.50196520,22.12200007,0 86.50198038,22.12206547,0 86.50198004,22.12213104,0 86.50198568,22.12223488,0 86.50200961,22.12237978,0 86.50206577,22.12237413,0 86.50208253,22.12233726,0 86.50208360,22.12233460,0 86.50214371,22.12232011,0 86.50216505,22.12232583,0 86.50219077,22.12235928,0 86.50219491,22.12236075,0 86.50220143,22.12236075,0 86.50223822,22.12236223,0 86.50227812,22.12235927,0 86.50228610,22.12232166,0 86.50229219,22.12224252,0 86.50233332,22.12224252,0 86.50231950,22.12206338,0 86.50225585,22.12205509,0 86.50225824,22.12200408,0 86.50231780,22.12199388,0 86.50230432,22.12193163,0 86.50229068,22.12188099,0 86.50229675,22.12187048,0 86.50230471,22.12180341,0 86.50230403,22.12179581,0 86.50231378,22.12175325,0 86.50233750,22.12169703,0 86.50235477,22.12167069,0 86.50223719,22.12166356,0 86.50223058,22.12166356,0 86.50211960,22.12164704,0 86.50203594,22.12163765,0 86.50188283,22.12162134,0 86.50179172,22.12160746,0 86.50174649,22.12164470,0 86.50172987,22.12170083,0 86.50174661,22.12164235,0 86.50171731,22.12161670,0 86.50173454,22.12157771,0 86.50177976,22.12157998,0 86.50194387,22.12160285,0 86.50198287,22.12159596,0 86.50204195,22.12161670,0 86.50213587,22.12162133,0 86.50225370,22.12164939,0 86.50232482,22.12163531,0 86.50266468,22.12170390,0 86.50268241,22.12161769,0 86.50202415,22.12142077,0 86.50145468,22.12121623,0 86.50129366,22.12118050,0 86.50101379,22.12110695,0 86.50100708,22.12118029,0 86.50105061,22.12119180,0 86.50106953,22.12122792,0 86.50109134,22.12134565,0 86.50109026,22.12135123,0 86.50109549,22.12140238,0 86.50103936,22.12138663,0 86.50104491,22.12134318,0 86.50100445,22.12120253,0 86.50101288,22.12110341,0 86.50100547,22.12110097,0 86.50081118,22.12105273,0 86.50068485,22.12102195,0 86.50051733,22.12135700,0 86.50056807,22.12137074,0 86.50061963,22.12136798,0 86.50062992,22.12136798,0 86.50063764,22.12136798,0 86.50066915,22.12133517,0 86.50071061,22.12127888,0 86.50077641,22.12133789,0 86.50076895,22.12142938,0 86.50074811,22.12142656,0 86.50068458,22.12148956,0 86.50057839,22.12150413,0 86.50053824,22.12151291,0 86.50050284,22.12148088,0 86.50049716,22.12139569,0 86.50068243,22.12102430,0 86.50054096,22.12102984,0 86.50048881,22.12101025,0 86.50040168,22.12099858,0 86.50031512,22.12096532,0 86.50023397,22.12096321,0 86.50013077,22.12093597,0 86.50005382,22.12090540,0 86.49998904,22.12104556,0 86.49998840,22.12110948,0 86.49999722,22.12113943,0 86.49998802,22.12111331,0 86.49992943,22.12108315,0 86.49988318,22.12107118,0 86.49990359,22.12102085,0 86.49986035,22.12102379,0 86.49984388,22.12098009,0 86.49986722,22.12093424,0 86.49987618,22.12086410,0 86.49975171,22.12089194,0 86.49976346,22.12094563,0 86.49978432,22.12100623,0 86.49976050,22.12104442,0 86.49967699,22.12104443,0 86.49966284,22.12098878,0 86.49967691,22.12092573,0 86.49955754,22.12090878,0 86.49955739,22.12097144,0 86.49957470,22.12111332,0 86.49958575,22.12119953,0 86.49963177,22.12125955,0 86.49966602,22.12131759,0 86.49966661,22.12135364,0 86.49977655,22.12143386,0 86.49975046,22.12146243,0 86.49966830,22.12141892,0 86.49961553,22.12139193,0 86.49957738,22.12137045,0 86.49954510,22.12129605,0 86.49950333,22.12124883,0 86.49949871,22.12124362,0 86.49948221,22.12114563,0 86.49949835,22.12105470,0 86.49943975,22.12100003,0 86.49934583,22.12093140,0 86.49921464,22.12090714,0 86.49913872,22.12088302,0 86.49908485,22.12087341,0 86.49905315,22.12081143,0 86.49900994,22.12084469,0 86.49898858,22.12094115,0 86.49889600,22.12105472,0 86.49885121,22.12099018,0 86.49888013,22.12092655,0 86.49890778,22.12087341,0 86.49890542,22.12084947,0 86.49893926,22.12077372,0 86.49896794,22.12064880,0 86.49898255,22.12058094,0 86.49903543,22.12052299,0 86.49899010,22.12049211,0 86.49893483,22.12047894,0 86.49888107,22.12049651,0 86.49890284,22.12059097,0 86.49888849,22.12061955,0 86.49885259,22.12064121,0 86.49881006,22.12062916,0 86.49876026,22.12063638,0 86.49875871,22.12068999,0 86.49881281,22.12071971,0 86.49880727,22.12080579,0 86.49882609,22.12088415,0 86.49879971,22.12092960,0 86.49876428,22.12096761,0 86.49871982,22.12100061,0 86.49876262,22.12102563,0 86.49879863,22.12109797,0 86.49882247,22.12115436,0 86.49887977,22.12116099,0 86.49890746,22.12125880,0 86.49889190,22.12138737,0 86.49889737,22.12147399,0 86.49889540,22.12147832,0 86.49889059,22.12151981,0</coordinates></LinearRing></outerBoundaryIs><innerBoundaryIs><LinearRing><coordinates>86.50211739,22.12209480,0 86.50214346,22.12210115,0 86.50214926,22.12211261,0 86.50215453,22.12212889,0 86.50215933,22.12214833,0 86.50214692,22.12217847,0 86.50212206,22.12218117,0 86.50207447,22.12213750,0 86.50209000,22.12211390,0 86.50211739,22.12209480,0</coordinates></LinearRing></innerBoundaryIs><innerBoundaryIs><LinearRing><coordinates>86.50172542,22.12171639,0 86.50175907,22.12170914,0 86.50178682,22.12174337,0 86.50176929,22.12178825,0 86.50173508,22.12179077,0 86.50171699,22.12174584,0 86.50172542,22.12171639,0</coordinates></LinearRing></innerBoundaryIs><innerBoundaryIs><LinearRing><coordinates>86.50102139,22.12176775,0 86.50091788,22.12182354,0 86.50093951,22.12188112,0 86.50088476,22.12191200,0 86.50086182,22.12186747,0 86.50087921,22.12184032,0 86.50102139,22.12176775,0</coordinates></LinearRing></innerBoundaryIs><innerBoundaryIs><LinearRing><coordinates>86.50001495,22.12119962,0 86.50001793,22.12120975,0 86.50005831,22.12119052,0 86.50007375,22.12117592,0 86.50010413,22.12117737,0 86.50011905,22.12118612,0 86.50010193,22.12122323,0 86.50011273,22.12126298,0 86.50013420,22.12129916,0 86.50012542,22.12133309,0 86.50009518,22.12134294,0 86.49999105,22.12139180,0 86.49993964,22.12140016,0 86.49992080,22.12137017,0 86.49993825,22.12133064,0 86.49996817,22.12130134,0 86.49999124,22.12127876,0 86.50000460,22.12124998,0 86.50001482,22.12120891,0 86.50001495,22.12119962,0</coordinates></LinearRing></innerBoundaryIs></Polygon><Polygon><outerBoundaryIs><LinearRing><coordinates>86.49711585,22.12203815,0 86.49714921,22.12201361,0 86.49722374,22.12197453,0 86.49747317,22.12185261,0 86.49751103,22.12183364,0 86.49759346,22.12180427,0 86.49778192,22.12173607,0 86.49790890,22.12170142,0 86.49808848,22.12165512,0 86.49826026,22.12160601,0 86.49840412,22.12157963,0 86.49858038,22.12154892,0 86.49886968,22.12152177,0 86.49881812,22.12150264,0 86.49883001,22.12134170,0 86.49881813,22.12119343,0 86.49879266,22.12110361,0 86.49875826,22.12109634,0 86.49875024,22.12113092,0 86.49872509,22.12119843,0 86.49871662,22.12122529,0 86.49866964,22.12122530,0 86.49866088,22.12126455,0 86.49868489,22.12133533,0 86.49868496,22.12134782,0 86.49870645,22.12140468,0 86.49867020,22.12143999,0 86.49863060,22.12143999,0 86.49860952,22.12140788,0 86.49858269,22.12137296,0 86.49856275,22.12130126,0 86.49853069,22.12127063,0 86.49848103,22.12124939,0 86.49842903,22.12122230,0 86.49835720,22.12124939,0 86.49831442,22.12122530,0 86.49827511,22.12119844,0 86.49821667,22.12119844,0 86.49819086,22.12119251,0 86.49815778,22.12116564,0 86.49806654,22.12120050,0 86.49806208,22.12120050,0 86.49796268,22.12125117,0 86.49788657,22.12127789,0 86.49781775,22.12130076,0 86.49777688,22.12129358,0 86.49773546,22.12127931,0 86.49771768,22.12126940,0 86.49768743,22.12122083,0 86.49768318,22.12125816,0 86.49764808,22.12129645,0 86.49762134,22.12131089,0 86.49756214,22.12133428,0 86.49750246,22.12131379,0 86.49751369,22.12127506,0 86.49751670,22.12127364,0 86.49753847,22.12124423,0 86.49749425,22.12122631,0 86.49743270,22.12123042,0 86.49739807,22.12123593,0 86.49735636,22.12121675,0 86.49735333,22.12121811,0 86.49734431,22.12121948,0 86.49730225,22.12122221,0 86.49727760,22.12120590,0 86.49727540,22.12119112,0 86.49723577,22.12120726,0 86.49724928,22.12123043,0 86.49728202,22.12126800,0 86.49727698,22.12130800,0 86.49723189,22.12133724,0 86.49719449,22.12133724,0 86.49716618,22.12134019,0 86.49718276,22.12136705,0 86.49723298,22.12139439,0 86.49724345,22.12146012,0 86.49727890,22.12146492,0 86.49730446,22.12151873,0 86.49729736,22.12157269,0 86.49731151,22.12160036,0 86.49732665,22.12166074,0 86.49732654,22.12166436,0 86.49729433,22.12173845,0 86.49721848,22.12176709,0 86.49715340,22.12175749,0 86.49711852,22.12173090,0 86.49709491,22.12168442,0 86.49710181,22.12172150,0 86.49709734,22.12174985,0 86.49709520,22.12175367,0 86.49705078,22.12180406,0 86.49699488,22.12181986,0 86.49694429,22.12181986,0 86.49689581,22.12181788,0 86.49683260,22.12181788,0 86.49677227,22.12182185,0 86.49674681,22.12180407,0 86.49675132,22.12185595,0 86.49674793,22.12193250,0 86.49678933,22.12193039,0 86.49678250,22.12202349,0 86.49677626,22.12205892,0 86.49686738,22.12212292,0 86.49692896,22.12212707,0 86.49697665,22.12209270,0 86.49711585,22.12203815,0</coordinates></LinearRing></outerBoundaryIs><innerBoundaryIs><LinearRing><coordinates>86.49714921,22.12201361,0 86.49714456,22.12194993,0 86.49711691,22.12195726,0 86.49710139,22.12196587,0 86.49709027,22.12195115,0 86.49710372,22.12195237,0 86.49711245,22.12193539,0 86.49712749,22.12193058,0 86.49714551,22.12193539,0 86.49714921,22.12201361,0</coordinates></LinearRing></innerBoundaryIs><innerBoundaryIs><LinearRing><coordinates>86.49710940,22.12202260,0 86.49707638,22.12200978,0 86.49708139,22.12199582,0 86.49709955,22.12198827,0 86.49710093,22.12200215,0 86.49710940,22.12202260,0</coordinates></LinearRing></innerBoundaryIs></Polygon></MultiGeometry>
		</Placemark>
		<Placemark id="ID_00035">
			<name>764979564</name>
			<Snippet maxLines="0"/>
			<description>&lt;html xmlns:fo="http://www.w3.org/1999/XSL/Format" xmlns:msxsl="urn:schemas-microsoft-com:xslt"&gt;

&lt;head&gt;

&lt;META http-equiv="Content-Type" content="text/html"&gt;

&lt;meta http-equiv="content-type" content="text/html; charset=UTF-8"&gt;

&lt;/head&gt;

&lt;body style="margin:0px 0px 0px 0px;overflow:auto;background:#FFFFFF;"&gt;

&lt;table style="font-family:Arial,Verdana,Times;font-size:12px;text-align:left;width:100%;border-collapse:collapse;padding:3px 3px 3px 3px"&gt;

&lt;tr style="text-align:center;font-weight:bold;background:#9CBCE2"&gt;

&lt;td&gt;764979564&lt;/td&gt;

&lt;/tr&gt;

&lt;tr&gt;

&lt;td&gt;

&lt;table style="font-family:Arial,Verdana,Times;font-size:12px;text-align:left;width:100%;border-spacing:0px; padding:3px 3px 3px 3px"&gt;

&lt;tr&gt;

&lt;td&gt;SHAPE&lt;/td&gt;

&lt;td&gt;Polygon&lt;/td&gt;

&lt;/tr&gt;

&lt;tr bgcolor="#D4E4F3"&gt;

&lt;td&gt;Name&lt;/td&gt;

&lt;td&gt;764979564&lt;/td&gt;

&lt;/tr&gt;

&lt;tr&gt;

&lt;td&gt;farmername&lt;/td&gt;

&lt;td&gt;Sunaram Marndi&lt;/td&gt;

&lt;/tr&gt;

&lt;tr bgcolor="#D4E4F3"&gt;

&lt;td&gt;state&lt;/td&gt;

&lt;td&gt;Odisha&lt;/td&gt;

&lt;/tr&gt;

&lt;tr&gt;

&lt;td&gt;district&lt;/td&gt;

&lt;td&gt;Mayurbhanj&lt;/td&gt;

&lt;/tr&gt;

&lt;tr bgcolor="#D4E4F3"&gt;

&lt;td&gt;block&lt;/td&gt;

&lt;td&gt;Bangirposi&lt;/td&gt;

&lt;/tr&gt;

&lt;tr&gt;

&lt;td&gt;grampanchayat&lt;/td&gt;

&lt;td&gt;Bhuasuni&lt;/td&gt;

&lt;/tr&gt;

&lt;tr bgcolor="#D4E4F3"&gt;

&lt;td&gt;village&lt;/td&gt;

&lt;td&gt;Pandubadi ( Purunapani )&lt;/td&gt;

&lt;/tr&gt;

&lt;tr&gt;

&lt;td&gt;_id&lt;/td&gt;

&lt;td&gt;764979564&lt;/td&gt;

&lt;/tr&gt;

&lt;tr bgcolor="#D4E4F3"&gt;

&lt;td&gt;latitude&lt;/td&gt;

&lt;td&gt;22.043&lt;/td&gt;

&lt;/tr&gt;

&lt;tr&gt;

&lt;td&gt;longitude&lt;/td&gt;

&lt;td&gt;86.553&lt;/td&gt;

&lt;/tr&gt;

&lt;tr bgcolor="#D4E4F3"&gt;

&lt;td&gt;area_ha&lt;/td&gt;

&lt;td&gt;11.712&lt;/td&gt;

&lt;/tr&gt;

&lt;tr&gt;

&lt;td&gt;LP_id&lt;/td&gt;

&lt;td&gt;LP36&lt;/td&gt;

&lt;/tr&gt;

&lt;tr bgcolor="#D4E4F3"&gt;

&lt;td&gt;Plantation_year&lt;/td&gt;

&lt;td&gt;2025&lt;/td&gt;

&lt;/tr&gt;

&lt;tr&gt;

&lt;td&gt;SHAPE_Length&lt;/td&gt;

&lt;td&gt;5360.81887&lt;/td&gt;

&lt;/tr&gt;

&lt;tr bgcolor="#D4E4F3"&gt;

&lt;td&gt;SHAPE_Area&lt;/td&gt;

&lt;td&gt;117032.756827&lt;/td&gt;

&lt;/tr&gt;

&lt;/table&gt;

&lt;/td&gt;

&lt;/tr&gt;

&lt;/table&gt;

&lt;/body&gt;

&lt;/html&gt;</description>
			<styleUrl>#PolyStyle00</styleUrl>
			<MultiGeometry>
				<Polygon><outerBoundaryIs><LinearRing><coordinates>86.55003875,22.04532720,0 86.55003658,22.04532647,0 86.55013165,22.04558347,0 86.55021688,22.04555636,0 86.55026068,22.04558773,0 86.55029698,22.04566523,0 86.55027001,22.04572220,0 86.55018520,22.04578450,0 86.55022566,22.04582508,0 86.55025920,22.04592607,0 86.55026849,22.04599230,0 86.55029403,22.04602209,0 86.55035089,22.04603207,0 86.55040837,22.04603707,0 86.55044404,22.04607767,0 86.55046901,22.04613113,0 86.55047496,22.04620020,0 86.55048646,22.04629073,0 86.55055340,22.04624521,0 86.55056722,22.04618034,0 86.55061522,22.04611160,0 86.55059792,22.04605212,0 86.55056864,22.04599724,0 86.55054832,22.04594469,0 86.55056521,22.04586149,0 86.55067085,22.04579990,0 86.55076804,22.04586604,0 86.55081670,22.04597257,0 86.55097347,22.04591889,0 86.55103821,22.04600218,0 86.55109917,22.04614957,0 86.55117968,22.04609256,0 86.55121144,22.04600714,0 86.55137703,22.04597788,0 86.55137540,22.04598240,0 86.55147580,22.04594466,0 86.55147899,22.04608246,0 86.55151815,22.04617041,0 86.55159043,22.04616054,0 86.55164229,22.04609698,0 86.55164726,22.04604876,0 86.55161036,22.04601534,0 86.55158720,22.04593998,0 86.55170588,22.04590921,0 86.55171446,22.04591405,0 86.55183409,22.04592858,0 86.55202752,22.04579581,0 86.55193689,22.04580457,0 86.55186907,22.04560440,0 86.55186819,22.04560493,0 86.55164818,22.04499420,0 86.55159173,22.04495433,0 86.55158488,22.04491497,0 86.55146722,22.04439259,0 86.55145876,22.04433474,0 86.55155008,22.04431728,0 86.55173057,22.04429547,0 86.55198554,22.04425848,0 86.55222850,22.04417977,0 86.55222851,22.04417977,0 86.55277866,22.04410874,0 86.55273096,22.04388275,0 86.55308062,22.04385097,0 86.55297710,22.04363891,0 86.55300280,22.04354300,0 86.55310001,22.04344066,0 86.55310017,22.04344170,0 86.55321476,22.04344815,0 86.55335311,22.04337763,0 86.55342744,22.04343974,0 86.55349718,22.04339716,0 86.55363790,22.04336500,0 86.55376090,22.04333384,0 86.55381192,22.04320920,0 86.55391709,22.04325046,0 86.55391995,22.04331289,0 86.55389466,22.04337126,0 86.55409841,22.04327813,0 86.55423830,22.04334523,0 86.55429657,22.04320566,0 86.55435674,22.04315076,0 86.55444370,22.04316443,0 86.55472336,22.04318499,0 86.55476965,22.04309634,0 86.55484274,22.04289681,0 86.55487472,22.04274207,0 86.55489979,22.04256061,0 86.55506263,22.04246903,0 86.55522122,22.04246297,0 86.55522160,22.04245896,0 86.55531232,22.04242680,0 86.55547010,22.04243718,0 86.55560240,22.04234930,0 86.55577020,22.04229240,0 86.55570869,22.04214358,0 86.55574402,22.04196352,0 86.55566427,22.04176650,0 86.55615544,22.04185928,0 86.55592723,22.04150143,0 86.55578746,22.04141476,0 86.55573335,22.04132419,0 86.55579706,22.04120406,0 86.55573329,22.04111194,0 86.55570731,22.04103640,0 86.55567825,22.04091292,0 86.55554212,22.04090805,0 86.55541258,22.04071202,0 86.55531204,22.04087116,0 86.55527546,22.04103908,0 86.55519585,22.04102026,0 86.55519484,22.04102322,0 86.55502890,22.04087990,0 86.55496526,22.04073375,0 86.55488130,22.04079255,0 86.55476096,22.04086458,0 86.55460642,22.04094538,0 86.55453459,22.04088761,0 86.55446576,22.04095747,0 86.55445269,22.04102061,0 86.55424749,22.04109582,0 86.55430780,22.04141480,0 86.55398210,22.04150880,0 86.55396800,22.04151800,0 86.55407055,22.04168976,0 86.55392060,22.04171181,0 86.55370922,22.04176074,0 86.55369500,22.04176074,0 86.55351460,22.04183749,0 86.55340518,22.04186951,0 86.55329475,22.04186951,0 86.55302959,22.04193893,0 86.55290192,22.04196702,0 86.55280660,22.04198585,0 86.55261120,22.04204284,0 86.55216363,22.04219360,0 86.55221969,22.04242720,0 86.55211792,22.04246384,0 86.55193778,22.04253802,0 86.55193565,22.04255478,0 86.55173350,22.04262430,0 86.55158409,22.04269560,0 86.55163882,22.04278487,0 86.55161985,22.04286440,0 86.55142913,22.04291625,0 86.55139059,22.04305249,0 86.55146167,22.04341203,0 86.55138017,22.04300982,0 86.55129250,22.04298680,0 86.55122180,22.04298880,0 86.55121487,22.04303453,0 86.55112611,22.04306192,0 86.55108634,22.04308951,0 86.55112129,22.04335093,0 86.55093957,22.04335093,0 86.55100012,22.04338816,0 86.55101504,22.04345988,0 86.55098339,22.04350972,0 86.55092202,22.04357192,0 86.55096366,22.04394083,0 86.55074371,22.04398769,0 86.55059586,22.04401918,0 86.55051128,22.04403612,0 86.55045255,22.04405810,0 86.55035277,22.04409351,0 86.55040458,22.04422434,0 86.55043272,22.04421062,0 86.55048860,22.04421976,0 86.55050106,22.04429826,0 86.55044015,22.04435925,0 86.55037643,22.04436871,0 86.55033862,22.04441631,0 86.55040359,22.04446927,0 86.55039283,22.04455237,0 86.55032545,22.04461197,0 86.55036936,22.04469775,0 86.54991056,22.04487722,0 86.54980520,22.04491940,0 86.54983430,22.04496090,0 86.54986038,22.04494908,0 86.54990322,22.04495239,0 86.54989799,22.04500589,0 86.54986944,22.04502281,0 86.55000525,22.04522661,0 86.55007099,22.04523052,0 86.55000177,22.04522661,0 86.55003875,22.04532720,0</coordinates></LinearRing></outerBoundaryIs><innerBoundaryIs><LinearRing><coordinates>86.55435674,22.04315076,0 86.55445612,22.04287725,0 86.55432043,22.04285775,0 86.55424941,22.04292962,0 86.55410996,22.04297583,0 86.55405684,22.04290339,0 86.55416248,22.04281941,0 86.55412238,22.04270992,0 86.55417148,22.04254470,0 86.55430496,22.04249587,0 86.55436090,22.04261032,0 86.55438810,22.04267885,0 86.55447994,22.04282538,0 86.55435674,22.04315076,0</coordinates></LinearRing></innerBoundaryIs><innerBoundaryIs><LinearRing><coordinates>86.55487472,22.04274207,0 86.55477414,22.04283829,0 86.55468912,22.04287073,0 86.55469496,22.04278677,0 86.55468953,22.04270405,0 86.55477902,22.04269773,0 86.55487472,22.04274207,0</coordinates></LinearRing></innerBoundaryIs><innerBoundaryIs><LinearRing><coordinates>86.55192321,22.04265247,0 86.55191866,22.04268821,0 86.55201082,22.04269558,0 86.55201611,22.04270111,0 86.55206953,22.04277360,0 86.55201406,22.04287297,0 86.55207190,22.04302159,0 86.55200602,22.04285866,0 86.55190226,22.04279473,0 86.55192321,22.04265247,0</coordinates></LinearRing></innerBoundaryIs><innerBoundaryIs><LinearRing><coordinates>86.55207191,22.04302162,0 86.55210304,22.04298325,0 86.55218820,22.04297557,0 86.55220927,22.04306578,0 86.55215014,22.04312938,0 86.55210572,22.04310522,0 86.55207191,22.04302162,0</coordinates></LinearRing></innerBoundaryIs><innerBoundaryIs><LinearRing><coordinates>86.55240475,22.04339448,0 86.55242402,22.04341530,0 86.55246749,22.04339165,0 86.55252233,22.04340580,0 86.55250605,22.04345852,0 86.55245530,22.04347069,0 86.55242849,22.04343440,0 86.55240475,22.04339448,0</coordinates></LinearRing></innerBoundaryIs><innerBoundaryIs><LinearRing><coordinates>86.55523180,22.04235201,0 86.55523936,22.04227281,0 86.55519684,22.04228450,0 86.55512364,22.04234335,0 86.55503911,22.04241481,0 86.55493009,22.04241482,0 86.55495499,22.04230797,0 86.55480699,22.04224467,0 86.55494946,22.04230210,0 86.55504188,22.04232563,0 86.55510507,22.04227866,0 86.55508631,22.04220320,0 86.55509146,22.04219744,0 86.55518510,22.04214016,0 86.55527071,22.04215156,0 86.55523180,22.04235201,0</coordinates></LinearRing></innerBoundaryIs><innerBoundaryIs><LinearRing><coordinates>86.55464133,22.04217790,0 86.55459912,22.04227284,0 86.55449821,22.04220899,0 86.55441701,22.04224373,0 86.55441165,22.04224373,0 86.55437227,22.04213450,0 86.55445794,22.04210613,0 86.55446324,22.04210613,0 86.55464133,22.04217790,0</coordinates></LinearRing></innerBoundaryIs><innerBoundaryIs><LinearRing><coordinates>86.55300763,22.04283853,0 86.55300347,22.04281308,0 86.55290578,22.04279611,0 86.55288900,22.04267901,0 86.55299238,22.04266251,0 86.55301609,22.04273440,0 86.55300286,22.04280742,0 86.55300763,22.04283853,0</coordinates></LinearRing></innerBoundaryIs><innerBoundaryIs><LinearRing><coordinates>86.55281872,22.04241414,0 86.55273570,22.04247962,0 86.55269125,22.04257016,0 86.55272377,22.04265156,0 86.55268349,22.04267351,0 86.55261516,22.04267351,0 86.55262888,22.04257016,0 86.55264577,22.04251669,0 86.55273099,22.04248489,0 86.55265025,22.04243763,0 86.55264919,22.04235479,0 86.55270884,22.04233943,0 86.55280843,22.04237535,0 86.55281872,22.04241414,0</coordinates></LinearRing></innerBoundaryIs><innerBoundaryIs><LinearRing><coordinates>86.55224002,22.04416137,0 86.55226885,22.04411530,0 86.55225584,22.04407491,0 86.55221759,22.04400149,0 86.55222016,22.04399870,0 86.55226349,22.04396002,0 86.55227109,22.04396277,0 86.55232708,22.04398205,0 86.55232780,22.04403794,0 86.55224002,22.04416137,0</coordinates></LinearRing></innerBoundaryIs><innerBoundaryIs><LinearRing><coordinates>86.55142024,22.04419563,0 86.55132531,22.04425749,0 86.55122514,22.04428210,0 86.55114012,22.04435675,0 86.55101394,22.04441229,0 86.55099762,22.04441738,0 86.55088939,22.04440214,0 86.55088020,22.04427224,0 86.55088914,22.04420383,0 86.55096500,22.04417002,0 86.55104171,22.04421354,0 86.55103910,22.04428210,0 86.55111350,22.04421354,0 86.55112375,22.04421354,0 86.55122237,22.04414603,0 86.55123956,22.04407013,0 86.55128309,22.04397708,0 86.55139276,22.04391313,0 86.55142024,22.04419563,0</coordinates></LinearRing></innerBoundaryIs><innerBoundaryIs><LinearRing><coordinates>86.55140348,22.04590441,0 86.55142476,22.04584012,0 86.55142586,22.04584226,0 86.55140348,22.04590441,0</coordinates></LinearRing></innerBoundaryIs><innerBoundaryIs><LinearRing><coordinates>86.55142361,22.04583786,0 86.55119272,22.04587558,0 86.55109091,22.04561769,0 86.55102636,22.04544587,0 86.55112137,22.04540863,0 86.55121651,22.04538316,0 86.55137456,22.04574178,0 86.55142361,22.04583786,0</coordinates></LinearRing></innerBoundaryIs><innerBoundaryIs><LinearRing><coordinates>86.55183875,22.04562285,0 86.55175911,22.04567132,0 86.55179972,22.04575803,0 86.55175163,22.04579521,0 86.55167601,22.04579989,0 86.55164220,22.04573041,0 86.55168254,22.04569393,0 86.55183875,22.04562285,0</coordinates></LinearRing></innerBoundaryIs><innerBoundaryIs><LinearRing><coordinates>86.55517851,22.04107089,0 86.55510423,22.04128770,0 86.55500483,22.04128770,0 86.55499586,22.04149393,0 86.55485770,22.04155377,0 86.55476213,22.04143450,0 86.55461257,22.04148486,0 86.55461412,22.04148178,0 86.55461869,22.04133636,0 86.55470415,22.04122005,0 86.55471369,22.04121043,0 86.55476917,22.04111481,0 86.55487818,22.04133880,0 86.55500003,22.04128333,0 86.55500174,22.04114987,0 86.55515277,22.04113757,0 86.55517851,22.04107089,0</coordinates></LinearRing></innerBoundaryIs><innerBoundaryIs><LinearRing><coordinates>86.55460212,22.04150567,0 86.55454628,22.04164545,0 86.55462176,22.04167407,0 86.55461953,22.04177801,0 86.55457747,22.04182886,0 86.55456916,22.04183312,0 86.55450448,22.04180759,0 86.55448080,22.04174728,0 86.55460212,22.04150567,0</coordinates></LinearRing></innerBoundaryIs><innerBoundaryIs><LinearRing><coordinates>86.55444722,22.04166178,0 86.55444562,22.04165769,0 86.55429593,22.04167819,0 86.55429190,22.04167819,0 86.55427603,22.04161299,0 86.55433305,22.04159283,0 86.55433703,22.04159283,0 86.55442799,22.04160491,0 86.55444722,22.04166178,0</coordinates></LinearRing></innerBoundaryIs><innerBoundaryIs><LinearRing><coordinates>86.55150203,22.04361127,0 86.55154089,22.04357898,0 86.55161516,22.04359889,0 86.55168773,22.04348708,0 86.55177892,22.04350010,0 86.55184709,22.04353938,0 86.55185168,22.04363224,0 86.55178602,22.04373364,0 86.55171061,22.04370641,0 86.55163424,22.04372001,0 86.55154155,22.04369963,0 86.55150900,22.04364566,0 86.55150203,22.04361127,0</coordinates></LinearRing></innerBoundaryIs><innerBoundaryIs><LinearRing><coordinates>86.55018940,22.04523720,0 86.55022039,22.04515828,0 86.55020655,22.04508109,0 86.55020068,22.04498571,0 86.55018921,22.04487721,0 86.55024254,22.04485473,0 86.55032034,22.04487721,0 86.55037218,22.04491619,0 86.55034796,22.04497233,0 86.55029476,22.04508455,0 86.55035940,22.04508109,0 86.55038262,22.04512294,0 86.55040933,22.04519765,0 86.55032512,22.04524485,0 86.55018940,22.04523720,0</coordinates></LinearRing></innerBoundaryIs><innerBoundaryIs><LinearRing><coordinates>86.55036573,22.04543832,0 86.55042227,22.04534154,0 86.55050380,22.04533022,0 86.55051499,22.04539490,0 86.55049741,22.04544921,0 86.55043236,22.04546097,0 86.55036573,22.04543832,0</coordinates></LinearRing></innerBoundaryIs></Polygon></MultiGeometry>
		</Placemark>
		<Placemark id="ID_00036">
			<name>764984257</name>
			<Snippet maxLines="0"/>
			<description>&lt;html xmlns:fo="http://www.w3.org/1999/XSL/Format" xmlns:msxsl="urn:schemas-microsoft-com:xslt"&gt;

&lt;head&gt;

&lt;META http-equiv="Content-Type" content="text/html"&gt;

&lt;meta http-equiv="content-type" content="text/html; charset=UTF-8"&gt;

&lt;/head&gt;

&lt;body style="margin:0px 0px 0px 0px;overflow:auto;background:#FFFFFF;"&gt;

&lt;table style="font-family:Arial,Verdana,Times;font-size:12px;text-align:left;width:100%;border-collapse:collapse;padding:3px 3px 3px 3px"&gt;

&lt;tr style="text-align:center;font-weight:bold;background:#9CBCE2"&gt;

&lt;td&gt;764984257&lt;/td&gt;

&lt;/tr&gt;

&lt;tr&gt;

&lt;td&gt;

&lt;table style="font-family:Arial,Verdana,Times;font-size:12px;text-align:left;width:100%;border-spacing:0px; padding:3px 3px 3px 3px"&gt;

&lt;tr&gt;

&lt;td&gt;SHAPE&lt;/td&gt;

&lt;td&gt;Polygon&lt;/td&gt;

&lt;/tr&gt;

&lt;tr bgcolor="#D4E4F3"&gt;

&lt;td&gt;Name&lt;/td&gt;

&lt;td&gt;764984257&lt;/td&gt;

&lt;/tr&gt;

&lt;tr&gt;

&lt;td&gt;farmername&lt;/td&gt;

&lt;td&gt;Dilip kumar Giri&lt;/td&gt;

&lt;/tr&gt;

&lt;tr bgcolor="#D4E4F3"&gt;

&lt;td&gt;state&lt;/td&gt;

&lt;td&gt;Odisha&lt;/td&gt;

&lt;/tr&gt;

&lt;tr&gt;

&lt;td&gt;district&lt;/td&gt;

&lt;td&gt;Mayurbhanj&lt;/td&gt;

&lt;/tr&gt;

&lt;tr bgcolor="#D4E4F3"&gt;

&lt;td&gt;block&lt;/td&gt;

&lt;td&gt;Bangirposi&lt;/td&gt;

&lt;/tr&gt;

&lt;tr&gt;

&lt;td&gt;grampanchayat&lt;/td&gt;

&lt;td&gt;Kusumbondh&lt;/td&gt;

&lt;/tr&gt;

&lt;tr bgcolor="#D4E4F3"&gt;

&lt;td&gt;village&lt;/td&gt;

&lt;td&gt;Hijili&lt;/td&gt;

&lt;/tr&gt;

&lt;tr&gt;

&lt;td&gt;_id&lt;/td&gt;

&lt;td&gt;764984257&lt;/td&gt;

&lt;/tr&gt;

&lt;tr bgcolor="#D4E4F3"&gt;

&lt;td&gt;latitude&lt;/td&gt;

&lt;td&gt;22.118&lt;/td&gt;

&lt;/tr&gt;

&lt;tr&gt;

&lt;td&gt;longitude&lt;/td&gt;

&lt;td&gt;86.509&lt;/td&gt;

&lt;/tr&gt;

&lt;tr bgcolor="#D4E4F3"&gt;

&lt;td&gt;area_ha&lt;/td&gt;

&lt;td&gt;2.474&lt;/td&gt;

&lt;/tr&gt;

&lt;tr&gt;

&lt;td&gt;LP_id&lt;/td&gt;

&lt;td&gt;LP37&lt;/td&gt;

&lt;/tr&gt;

&lt;tr bgcolor="#D4E4F3"&gt;

&lt;td&gt;Plantation_year&lt;/td&gt;

&lt;td&gt;2025&lt;/td&gt;

&lt;/tr&gt;

&lt;tr&gt;

&lt;td&gt;SHAPE_Length&lt;/td&gt;

&lt;td&gt;2468.176326&lt;/td&gt;

&lt;/tr&gt;

&lt;tr bgcolor="#D4E4F3"&gt;

&lt;td&gt;SHAPE_Area&lt;/td&gt;

&lt;td&gt;24720.19189&lt;/td&gt;

&lt;/tr&gt;

&lt;/table&gt;

&lt;/td&gt;

&lt;/tr&gt;

&lt;/table&gt;

&lt;/body&gt;

&lt;/html&gt;</description>
			<styleUrl>#PolyStyle00</styleUrl>
			<MultiGeometry>
				<Polygon><outerBoundaryIs><LinearRing><coordinates>86.50821755,22.11845360,0 86.50826712,22.11862209,0 86.50863639,22.12004017,0 86.50887248,22.11995522,0 86.50879876,22.11975393,0 86.50871895,22.11959329,0 86.50864159,22.11942609,0 86.50857281,22.11931735,0 86.50846497,22.11924248,0 86.50838730,22.11905453,0 86.50843749,22.11896295,0 86.50848996,22.11899330,0 86.50851786,22.11907509,0 86.50859067,22.11924247,0 86.50871313,22.11944810,0 86.50877660,22.11950350,0 86.50880805,22.11960461,0 86.50888100,22.11973070,0 86.50890579,22.11984778,0 86.50907756,22.11970756,0 86.50903587,22.11965014,0 86.50890501,22.11930658,0 86.50880426,22.11905452,0 86.50879663,22.11904427,0 86.50863891,22.11886300,0 86.50856487,22.11856470,0 86.50855105,22.11853672,0 86.50849791,22.11839003,0 86.50855559,22.11839907,0 86.50858268,22.11846284,0 86.50869615,22.11864005,0 86.50877607,22.11880392,0 86.50885074,22.11901363,0 86.50892045,22.11917910,0 86.50905828,22.11951464,0 86.50911553,22.11955945,0 86.50921189,22.11953700,0 86.50930456,22.11942609,0 86.50918861,22.11927443,0 86.50910520,22.11904427,0 86.50901635,22.11871652,0 86.50895512,22.11849964,0 86.50890360,22.11832715,0 86.50886789,22.11818635,0 86.50898409,22.11811385,0 86.50895330,22.11806072,0 86.50891743,22.11798067,0 86.50887477,22.11792262,0 86.50884945,22.11789287,0 86.50880273,22.11786886,0 86.50885833,22.11782946,0 86.50887012,22.11785564,0 86.50890671,22.11789287,0 86.50894177,22.11793082,0 86.50897715,22.11800039,0 86.50899996,22.11803753,0 86.50903116,22.11809007,0 86.50916396,22.11803465,0 86.50914822,22.11801459,0 86.50914253,22.11800322,0 86.50910863,22.11795559,0 86.50910587,22.11795006,0 86.50908438,22.11788483,0 86.50908123,22.11787416,0 86.50905708,22.11782167,0 86.50905210,22.11781392,0 86.50902521,22.11777307,0 86.50903289,22.11773554,0 86.50906126,22.11774548,0 86.50909501,22.11778829,0 86.50911894,22.11783466,0 86.50915068,22.11790904,0 86.50918083,22.11796113,0 86.50923794,22.11800606,0 86.50925036,22.11794454,0 86.50931652,22.11790904,0 86.50933934,22.11788483,0 86.50937015,22.11787150,0 86.50944949,22.11787416,0 86.50948804,22.11782425,0 86.50947240,22.11782166,0 86.50944940,22.11776802,0 86.50944711,22.11773306,0 86.50940518,22.11772319,0 86.50937821,22.11770116,0 86.50935075,22.11767458,0 86.50932778,22.11762251,0 86.50932717,22.11758097,0 86.50931172,22.11756054,0 86.50931601,22.11752478,0 86.50930868,22.11749188,0 86.50929790,22.11746171,0 86.50927037,22.11748754,0 86.50922925,22.11753365,0 86.50919488,22.11756280,0 86.50915544,22.11755378,0 86.50911346,22.11753811,0 86.50909534,22.11749841,0 86.50906332,22.11747458,0 86.50904548,22.11742994,0 86.50901194,22.11744061,0 86.50899680,22.11742994,0 86.50899096,22.11742994,0 86.50895590,22.11742994,0 86.50895006,22.11742994,0 86.50892451,22.11742575,0 86.50895526,22.11739050,0 86.50900019,22.11737416,0 86.50901401,22.11735595,0 86.50903980,22.11734592,0 86.50903727,22.11731814,0 86.50907141,22.11728307,0 86.50906473,22.11723553,0 86.50902704,22.11718567,0 86.50898741,22.11714267,0 86.50898911,22.11714258,0 86.50885687,22.11707530,0 86.50881736,22.11705726,0 86.50881509,22.11705776,0 86.50872806,22.11702037,0 86.50865886,22.11701308,0 86.50859563,22.11702329,0 86.50853130,22.11701745,0 86.50852687,22.11695589,0 86.50861569,22.11692226,0 86.50852135,22.11686901,0 86.50849515,22.11684595,0 86.50845279,22.11676151,0 86.50842376,22.11673910,0 86.50836649,22.11669153,0 86.50830826,22.11666328,0 86.50826478,22.11662595,0 86.50822840,22.11658899,0 86.50819239,22.11655241,0 86.50815356,22.11648629,0 86.50809629,22.11645951,0 86.50799424,22.11642722,0 86.50794355,22.11639514,0 86.50790787,22.11638686,0 86.50775758,22.11630803,0 86.50769244,22.11627957,0 86.50774002,22.11640969,0 86.50777159,22.11645368,0 86.50782963,22.11660435,0 86.50784344,22.11668839,0 86.50787115,22.11675190,0 86.50786589,22.11678730,0 86.50784438,22.11681651,0 86.50780699,22.11683612,0 86.50782955,22.11686902,0 86.50787355,22.11687564,0 86.50791901,22.11692227,0 86.50791290,22.11695958,0 86.50796609,22.11722275,0 86.50802583,22.11754517,0 86.50818539,22.11836243,0 86.50826954,22.11832113,0 86.50839215,22.11827355,0 86.50845889,22.11824331,0 86.50855246,22.11821664,0 86.50864591,22.11821996,0 86.50864939,22.11821996,0 86.50866427,22.11824665,0 86.50862225,22.11828369,0 86.50854266,22.11833827,0 86.50849747,22.11836242,0 86.50844570,22.11837977,0 86.50841726,22.11837978,0 86.50834069,22.11839372,0 86.50821755,22.11845360,0</coordinates></LinearRing></outerBoundaryIs><innerBoundaryIs><LinearRing><coordinates>86.50897358,22.11714342,0 86.50869732,22.11716040,0 86.50872610,22.11722805,0 86.50874283,22.11726771,0 86.50877633,22.11727154,0 86.50881306,22.11732603,0 86.50883780,22.11739050,0 86.50883234,22.11746600,0 86.50878054,22.11742366,0 86.50872418,22.11738846,0 86.50869770,22.11733198,0 86.50869397,22.11732604,0 86.50867249,22.11725060,0 86.50866134,22.11716040,0 86.50897358,22.11714342,0</coordinates></LinearRing></innerBoundaryIs><innerBoundaryIs><LinearRing><coordinates>86.50861930,22.11710109,0 86.50845930,22.11713650,0 86.50847513,22.11717567,0 86.50848324,22.11723000,0 86.50851192,22.11725082,0 86.50854223,22.11734616,0 86.50852411,22.11736738,0 86.50853445,22.11738043,0 86.50854257,22.11739460,0 86.50855678,22.11742334,0 86.50855349,22.11744313,0 86.50855224,22.11744523,0 86.50852993,22.11745681,0 86.50852931,22.11748668,0 86.50853634,22.11750508,0 86.50855383,22.11752589,0 86.50856843,22.11756379,0 86.50857115,22.11758193,0 86.50859887,22.11760257,0 86.50862264,22.11761946,0 86.50867375,22.11770965,0 86.50868709,22.11772940,0 86.50870692,22.11772568,0 86.50871191,22.11774845,0 86.50874224,22.11773928,0 86.50874452,22.11772566,0 86.50876596,22.11769332,0 86.50877018,22.11769002,0 86.50881314,22.11767366,0 86.50881729,22.11767150,0 86.50885431,22.11765218,0 86.50885531,22.11765112,0 86.50886566,22.11765006,0 86.50886773,22.11765006,0 86.50888694,22.11766073,0 86.50889786,22.11763108,0 86.50892909,22.11760520,0 86.50896107,22.11762273,0 86.50900327,22.11767482,0 86.50903352,22.11772565,0 86.50900287,22.11775305,0 86.50898906,22.11773131,0 86.50898342,22.11770326,0 86.50897347,22.11768563,0 86.50895684,22.11767474,0 86.50892502,22.11768564,0 86.50891079,22.11771329,0 86.50887809,22.11774500,0 86.50885087,22.11777049,0 86.50882731,22.11778816,0 86.50884597,22.11782547,0 86.50881640,22.11785137,0 86.50880228,22.11784513,0 86.50869887,22.11786655,0 86.50870001,22.11784078,0 86.50867949,22.11788681,0 86.50866421,22.11791657,0 86.50861379,22.11793155,0 86.50856816,22.11791017,0 86.50849368,22.11791870,0 86.50843002,22.11792513,0 86.50840996,22.11793370,0 86.50835407,22.11795526,0 86.50833695,22.11794662,0 86.50830789,22.11795526,0 86.50828245,22.11794015,0 86.50827465,22.11789105,0 86.50826780,22.11783021,0 86.50825327,22.11779100,0 86.50823959,22.11777260,0 86.50824224,22.11770607,0 86.50829568,22.11766252,0 86.50827979,22.11758685,0 86.50825963,22.11757920,0 86.50823468,22.11758111,0 86.50819575,22.11760222,0 86.50815112,22.11759068,0 86.50812975,22.11757538,0 86.50812246,22.11754311,0 86.50812459,22.11752055,0 86.50813675,22.11747779,0 86.50811562,22.11750747,0 86.50807656,22.11752993,0 86.50807246,22.11752993,0 86.50804987,22.11751120,0 86.50804513,22.11747963,0 86.50806326,22.11744293,0 86.50806500,22.11742657,0 86.50809301,22.11740849,0 86.50811102,22.11738874,0 86.50815068,22.11737090,0 86.50817530,22.11732769,0 86.50814595,22.11724162,0 86.50813940,22.11722134,0 86.50817497,22.11716039,0 86.50819424,22.11712925,0 86.50822455,22.11711380,0 86.50825292,22.11715257,0 86.50829912,22.11714867,0 86.50840881,22.11712345,0 86.50846035,22.11713506,0 86.50861930,22.11710109,0</coordinates></LinearRing></innerBoundaryIs></Polygon></MultiGeometry>
		</Placemark>
		<Placemark id="ID_00037">
			<name>764996797</name>
			<Snippet maxLines="0"/>
			<description>&lt;html xmlns:fo="http://www.w3.org/1999/XSL/Format" xmlns:msxsl="urn:schemas-microsoft-com:xslt"&gt;

&lt;head&gt;

&lt;META http-equiv="Content-Type" content="text/html"&gt;

&lt;meta http-equiv="content-type" content="text/html; charset=UTF-8"&gt;

&lt;/head&gt;

&lt;body style="margin:0px 0px 0px 0px;overflow:auto;background:#FFFFFF;"&gt;

&lt;table style="font-family:Arial,Verdana,Times;font-size:12px;text-align:left;width:100%;border-collapse:collapse;padding:3px 3px 3px 3px"&gt;

&lt;tr style="text-align:center;font-weight:bold;background:#9CBCE2"&gt;

&lt;td&gt;764996797&lt;/td&gt;

&lt;/tr&gt;

&lt;tr&gt;

&lt;td&gt;

&lt;table style="font-family:Arial,Verdana,Times;font-size:12px;text-align:left;width:100%;border-spacing:0px; padding:3px 3px 3px 3px"&gt;

&lt;tr&gt;

&lt;td&gt;SHAPE&lt;/td&gt;

&lt;td&gt;Polygon&lt;/td&gt;

&lt;/tr&gt;

&lt;tr bgcolor="#D4E4F3"&gt;

&lt;td&gt;Name&lt;/td&gt;

&lt;td&gt;764996797&lt;/td&gt;

&lt;/tr&gt;

&lt;tr&gt;

&lt;td&gt;farmername&lt;/td&gt;

&lt;td&gt;Ghasiram giri&lt;/td&gt;

&lt;/tr&gt;

&lt;tr bgcolor="#D4E4F3"&gt;

&lt;td&gt;state&lt;/td&gt;

&lt;td&gt;Odisha&lt;/td&gt;

&lt;/tr&gt;

&lt;tr&gt;

&lt;td&gt;district&lt;/td&gt;

&lt;td&gt;Mayurbhanj&lt;/td&gt;

&lt;/tr&gt;

&lt;tr bgcolor="#D4E4F3"&gt;

&lt;td&gt;block&lt;/td&gt;

&lt;td&gt;Bangirposi&lt;/td&gt;

&lt;/tr&gt;

&lt;tr&gt;

&lt;td&gt;grampanchayat&lt;/td&gt;

&lt;td&gt;Kusumbandha&lt;/td&gt;

&lt;/tr&gt;

&lt;tr bgcolor="#D4E4F3"&gt;

&lt;td&gt;village&lt;/td&gt;

&lt;td&gt;Hijli&lt;/td&gt;

&lt;/tr&gt;

&lt;tr&gt;

&lt;td&gt;_id&lt;/td&gt;

&lt;td&gt;764996797&lt;/td&gt;

&lt;/tr&gt;

&lt;tr bgcolor="#D4E4F3"&gt;

&lt;td&gt;latitude&lt;/td&gt;

&lt;td&gt;22.118&lt;/td&gt;

&lt;/tr&gt;

&lt;tr&gt;

&lt;td&gt;longitude&lt;/td&gt;

&lt;td&gt;86.506&lt;/td&gt;

&lt;/tr&gt;

&lt;tr bgcolor="#D4E4F3"&gt;

&lt;td&gt;area_ha&lt;/td&gt;

&lt;td&gt;10.63&lt;/td&gt;

&lt;/tr&gt;

&lt;tr&gt;

&lt;td&gt;LP_id&lt;/td&gt;

&lt;td&gt;LP38&lt;/td&gt;

&lt;/tr&gt;

&lt;tr bgcolor="#D4E4F3"&gt;

&lt;td&gt;Plantation_year&lt;/td&gt;

&lt;td&gt;2025&lt;/td&gt;

&lt;/tr&gt;

&lt;tr&gt;

&lt;td&gt;SHAPE_Length&lt;/td&gt;

&lt;td&gt;3016.102779&lt;/td&gt;

&lt;/tr&gt;

&lt;tr bgcolor="#D4E4F3"&gt;

&lt;td&gt;SHAPE_Area&lt;/td&gt;

&lt;td&gt;106225.206374&lt;/td&gt;

&lt;/tr&gt;

&lt;/table&gt;

&lt;/td&gt;

&lt;/tr&gt;

&lt;/table&gt;

&lt;/body&gt;

&lt;/html&gt;</description>
			<styleUrl>#PolyStyle00</styleUrl>
			<MultiGeometry>
				<Polygon>
					<outerBoundaryIs>
						<LinearRing>
							<coordinates>
								86.5075093826454,22.11897185406444,0 86.50748827670336,22.11916418987125,0 86.50748234427326,22.1191704805584,0 86.50748834598518,22.1191704823974,0 86.50738692184096,22.11927399835983,0 86.50741906276146,22.11935515282068,0 86.50746169960146,22.11936621731498,0 86.50743515763035,22.1194018250421,0 86.50749000568045,22.11942761144493,0 86.50749958251811,22.11944289095242,0 86.50751093321198,22.11947310391309,0 86.50753856177415,22.11953974937575,0 86.50750505066755,22.1195632799635,0 86.50748090282988,22.11962895800792,0 86.50749681433082,22.11968377218939,0 86.50755008559604,22.11979005391524,0 86.50760258661819,22.1198381241766,0 86.5076528037601,22.12000724122944,0 86.50772608658107,22.12000044168501,0 86.50779365159802,22.11991660023073,0 86.50785191982112,22.11996328568888,0 86.50790953009977,22.11999366332529,0 86.50797339905949,22.12011457068888,0 86.50797682481652,22.12018212336235,0 86.50802751276785,22.12021461217099,0 86.50807210635919,22.12036293169989,0 86.50791921669088,22.12043184012201,0 86.50781474756887,22.12045152699047,0 86.50781336201362,22.12032082512222,0 86.50779231013165,22.12025662882614,0 86.50774053475253,22.12021424783782,0 86.50769356436837,22.12019290117979,0 86.50755235739663,22.12026513202303,0 86.50737087726905,22.1203251101374,0 86.50735889390464,22.12024006221913,0 86.50732391029277,22.12023275823136,0 86.50728366184258,22.12009348490967,0 86.50722887766639,22.1196592762458,0 86.50721806379615,22.11961689672985,0 86.50746857981602,22.11950045097377,0 86.50748906542123,22.11949425025368,0 86.50748831587113,22.1194454235885,0 86.50747029955585,22.11943104282518,0 86.50742291166112,22.11941441700649,0 86.50737157419168,22.11944368923279,0 86.50731435535317,22.11949272677895,0 86.50721174856415,22.11951070781528,0 86.50711298320323,22.11955603333726,0 86.50698100378263,22.11958347561878,0 86.50693845843539,22.11943039463878,0 86.50686552295591,22.11914952443868,0 86.5068389241499,22.1189968412045,0 86.5068104479499,22.11895379761092,0 86.50677262742978,22.11898112836953,0 86.50686978318105,22.11932155560071,0 86.5068558748972,22.11958151681903,0 86.50652034176755,22.11967268001867,0 86.50645331335406,22.11969884555635,0 86.5064367176747,22.11976882033911,0 86.50649568847949,22.12011183266126,0 86.50650605141026,22.12021267744688,0 86.50653122425521,22.12023207585037,0 86.50659010647934,22.12023207941329,0 86.5065578222447,22.12016599792102,0 86.50655843608259,22.12012530073387,0 86.50660161740001,22.12009307343672,0 86.50655936383117,22.12006377796844,0 86.5065160686104,22.11975908730201,0 86.50658359433054,22.1197204163034,0 86.50694673495238,22.11963499444753,0 86.5069927596776,22.11967168033147,0 86.50716950475818,22.11965852430815,0 86.50722211416485,22.11993618281028,0 86.50722558825608,22.11994899836083,0 86.50725373196042,22.12020719834633,0 86.50716051037655,22.12026280436168,0 86.50712347507552,22.12024602991742,0 86.50710746166448,22.12006911826353,0 86.50707309092931,22.1199081462354,0 86.50699710777971,22.11980315002144,0 86.50695672564633,22.11987530165891,0 86.50695746032034,22.11989294494813,0 86.50700109185887,22.12004265040758,0 86.50700133918018,22.12004792622017,0 86.50700683293326,22.12005850377837,0 86.50701121709439,22.12020442466765,0 86.50704253732529,22.12026840542346,0 86.50708469837929,22.12036535033975,0 86.50708155134679,22.12037726687973,0 86.50705785210977,22.12050177687336,0 86.50712341595433,22.12054248500297,0 86.5070996553799,22.1206040436511,0 86.50707982914935,22.12060404343182,0 86.50706396855844,22.12060404162969,0 86.50696837795057,22.12059579392447,0 86.50661523936353,22.12041313282989,0 86.50660083845247,22.12029822768102,0 86.50643401117826,22.12024740398485,0 86.50641025871431,22.12016620332938,0 86.50627641556032,22.12022718606487,0 86.50585767462732,22.12002918459259,0 86.50577322189494,22.12001544819776,0 86.50575592933708,22.11998011101405,0 86.50573358232073,22.11987719360753,0 86.50587850829028,22.11989534101615,0 86.50594318140867,22.11989014689252,0 86.50602527010496,22.11986690812869,0 86.5060807318758,22.11982616183112,0 86.50605925377435,22.11981608698141,0 86.50598030792784,22.11982363384272,0 86.50597275484419,22.11982363357856,0 86.50590110019348,22.11983120697593,0 86.50582920596204,22.11983880491246,0 86.50582668018536,22.11983880539992,0 86.50578806290667,22.11982867322809,0 86.50578050109992,22.11982867202523,0 86.50573613039519,22.11987719409241,0 86.50562957358603,22.1194873876016,0 86.50538554077255,22.11794873794431,0 86.50527750012436,22.11768864326218,0 86.50522577163348,22.11756801285437,0 86.50523474344766,22.117504833192,0 86.50523218352373,22.11746572815023,0 86.5052189971839,22.1173799211657,0 86.50520896059093,22.11729700743722,0 86.50519905335261,22.11723148582901,0 86.50520054698148,22.11712520756147,0 86.50518693004537,22.11700749319828,0 86.50517656932604,22.11689050059291,0 86.50513486099732,22.11687535306296,0 86.50513139130922,22.11690830019906,0 86.50514257004276,22.11704787173982,0 86.50517387929671,22.11715345980904,0 86.50516943552947,22.11724326521949,0 86.50512791010485,22.11729097094469,0 86.50511482854073,22.11736434588608,0 86.50517883453387,22.11747219942633,0 86.50518704699851,22.11748520102645,0 86.50522291333786,22.11756801232575,0 86.50527457298422,22.11768864342929,0 86.50503288860948,22.11769669687669,0 86.50470687357527,22.11776501610878,0 86.50428839735386,22.11789391290749,0 86.50427274366859,22.11782899626724,0 86.50417289595089,22.11755785434717,0 86.50411503073573,22.11735498025138,0 86.50411097218961,22.11721384658595,0 86.50415482727338,22.11710834471022,0 86.50418532572751,22.11701276698862,0 86.50418340730106,22.11698882145203,0 86.50420409948569,22.11694427160925,0 86.5043277068087,22.11690569316159,0 86.50453886552722,22.11684781308304,0 86.50460949324176,22.11683543185517,0 86.50502861877619,22.11674119221075,0 86.50508655622593,22.11671339611294,0 86.50508231246469,22.11661894067211,0 86.50510042424648,22.11649551164696,0 86.50508086588181,22.11641448701041,0 86.50506667691143,22.1163668157302,0 86.50504569931375,22.1163201853937,0 86.50506708027267,22.11629041927167,0 86.50503216696639,22.11626106615977,0 86.50502902683044,22.11623876566721,0 86.50504245267497,22.11621451069098,0 86.50506891070756,22.11620794621939,0 86.50513080568699,22.11624099114506,0 86.50523788511839,22.11623877875794,0 86.50525095161264,22.11621413330158,0 86.50530860442912,22.11625812379032,0 86.50542588803543,22.11630636565272,0 86.50556142225415,22.1161996024402,0 86.50572158996913,22.11613482691677,0 86.50579077401906,22.11613483120226,0 86.50589199703346,22.11604363098453,0 86.50593657755559,22.11599407234194,0 86.50596842682475,22.11596842393129,0 86.50601335417991,22.11590556888006,0 86.50602042292491,22.11589814608084,0 86.5060805725238,22.11583245062273,0 86.50618152133423,22.1158276696212,0 86.50623248191437,22.1158589871594,0 86.50629358855791,22.11593553525132,0 86.50634801617453,22.11595826990522,0 86.5064219840766,22.1159735597895,0 86.50660016357803,22.11598125415024,0 86.50676066479983,22.11600966003441,0 86.50676568809409,22.11600966074994,0 86.50688002708,22.11600447888669,0 86.50691398972582,22.11612970416943,0 86.506901664758,22.11623618196319,0 86.50690661517483,22.1162942253708,0 86.50698142203709,22.11643331496122,0 86.50676341980254,22.11651877612912,0 86.50679468602556,22.11655119762091,0 86.5072105034195,22.1164747352014,0 86.50733320863469,22.11671275720372,0 86.50741301358237,22.11697986541998,0 86.50753506305756,22.11746050860418,0 86.50776182011202,22.11787677523215,0 86.50737995275517,22.11798215686862,0 86.50731979370167,22.11802061916916,0 86.50734669453217,22.11828599943933,0 86.50725569438526,22.11832381035958,0 86.50702643728326,22.11840066892324,0 86.50702228022639,22.11840498917496,0 86.50675460123142,22.11849248657504,0 86.50665689002366,22.11854153620435,0 86.50668139200432,22.11870685197745,0 86.50671851453713,22.11871625939537,0 86.50672245027083,22.11866018338516,0 86.50674658255542,22.11855053235805,0 86.50691340173266,22.11849692671404,0 86.50711072796079,22.11841364891178,0 86.5072597944062,22.11836630965156,0 86.50735131876766,22.11832804227723,0 86.50739898921526,22.11864360871068,0 86.50743892928926,22.11868234675419,0 86.5075093826454,22.11897185406444,0 
							</coordinates>
						</LinearRing>
					</outerBoundaryIs>
				</Polygon>
			</MultiGeometry>
		</Placemark>
		<Placemark id="ID_00038">
			<name>765340778</name>
			<Snippet maxLines="0"/>
			<description>&lt;html xmlns:fo="http://www.w3.org/1999/XSL/Format" xmlns:msxsl="urn:schemas-microsoft-com:xslt"&gt;

&lt;head&gt;

&lt;META http-equiv="Content-Type" content="text/html"&gt;

&lt;meta http-equiv="content-type" content="text/html; charset=UTF-8"&gt;

&lt;/head&gt;

&lt;body style="margin:0px 0px 0px 0px;overflow:auto;background:#FFFFFF;"&gt;

&lt;table style="font-family:Arial,Verdana,Times;font-size:12px;text-align:left;width:100%;border-collapse:collapse;padding:3px 3px 3px 3px"&gt;

&lt;tr style="text-align:center;font-weight:bold;background:#9CBCE2"&gt;

&lt;td&gt;765340778&lt;/td&gt;

&lt;/tr&gt;

&lt;tr&gt;

&lt;td&gt;

&lt;table style="font-family:Arial,Verdana,Times;font-size:12px;text-align:left;width:100%;border-spacing:0px; padding:3px 3px 3px 3px"&gt;

&lt;tr&gt;

&lt;td&gt;SHAPE&lt;/td&gt;

&lt;td&gt;Polygon&lt;/td&gt;

&lt;/tr&gt;

&lt;tr bgcolor="#D4E4F3"&gt;

&lt;td&gt;Name&lt;/td&gt;

&lt;td&gt;765340778&lt;/td&gt;

&lt;/tr&gt;

&lt;tr&gt;

&lt;td&gt;farmername&lt;/td&gt;

&lt;td&gt;Yashobant singh&lt;/td&gt;

&lt;/tr&gt;

&lt;tr bgcolor="#D4E4F3"&gt;

&lt;td&gt;state&lt;/td&gt;

&lt;td&gt;Odisha&lt;/td&gt;

&lt;/tr&gt;

&lt;tr&gt;

&lt;td&gt;district&lt;/td&gt;

&lt;td&gt;Mayurbhanj&lt;/td&gt;

&lt;/tr&gt;

&lt;tr bgcolor="#D4E4F3"&gt;

&lt;td&gt;block&lt;/td&gt;

&lt;td&gt;Samakhunta&lt;/td&gt;

&lt;/tr&gt;

&lt;tr&gt;

&lt;td&gt;grampanchayat&lt;/td&gt;

&lt;td&gt;Rangamatia&lt;/td&gt;

&lt;/tr&gt;

&lt;tr bgcolor="#D4E4F3"&gt;

&lt;td&gt;village&lt;/td&gt;

&lt;td&gt;Sansula&lt;/td&gt;

&lt;/tr&gt;

&lt;tr&gt;

&lt;td&gt;_id&lt;/td&gt;

&lt;td&gt;765340778&lt;/td&gt;

&lt;/tr&gt;

&lt;tr bgcolor="#D4E4F3"&gt;

&lt;td&gt;latitude&lt;/td&gt;

&lt;td&gt;21.92&lt;/td&gt;

&lt;/tr&gt;

&lt;tr&gt;

&lt;td&gt;longitude&lt;/td&gt;

&lt;td&gt;86.626&lt;/td&gt;

&lt;/tr&gt;

&lt;tr bgcolor="#D4E4F3"&gt;

&lt;td&gt;area_ha&lt;/td&gt;

&lt;td&gt;6.44&lt;/td&gt;

&lt;/tr&gt;

&lt;tr&gt;

&lt;td&gt;LP_id&lt;/td&gt;

&lt;td&gt;LP39&lt;/td&gt;

&lt;/tr&gt;

&lt;tr bgcolor="#D4E4F3"&gt;

&lt;td&gt;Plantation_year&lt;/td&gt;

&lt;td&gt;2025&lt;/td&gt;

&lt;/tr&gt;

&lt;tr&gt;

&lt;td&gt;SHAPE_Length&lt;/td&gt;

&lt;td&gt;2283.119515&lt;/td&gt;

&lt;/tr&gt;

&lt;tr bgcolor="#D4E4F3"&gt;

&lt;td&gt;SHAPE_Area&lt;/td&gt;

&lt;td&gt;64347.607728&lt;/td&gt;

&lt;/tr&gt;

&lt;/table&gt;

&lt;/td&gt;

&lt;/tr&gt;

&lt;/table&gt;

&lt;/body&gt;

&lt;/html&gt;</description>
			<styleUrl>#PolyStyle00</styleUrl>
			<MultiGeometry>
				<Polygon><outerBoundaryIs><LinearRing><coordinates>86.62426341,21.92042889,0 86.62426324,21.92049514,0 86.62432719,21.92056799,0 86.62439563,21.92065348,0 86.62446598,21.92077581,0 86.62455391,21.92103644,0 86.62462717,21.92134462,0 86.62468144,21.92154191,0 86.62548398,21.92117788,0 86.62560954,21.92116113,0 86.62559166,21.92107833,0 86.62557584,21.92104566,0 86.62553649,21.92097042,0 86.62550843,21.92093331,0 86.62549560,21.92086526,0 86.62542072,21.92089129,0 86.62531855,21.92092803,0 86.62521702,21.92094917,0 86.62519100,21.92090700,0 86.62519957,21.92086525,0 86.62524174,21.92091750,0 86.62528252,21.92089652,0 86.62534369,21.92088607,0 86.62543705,21.92084454,0 86.62564853,21.92071743,0 86.62558784,21.92067263,0 86.62555222,21.92063814,0 86.62550989,21.92058453,0 86.62545272,21.92051733,0 86.62542346,21.92046153,0 86.62541963,21.92046139,0 86.62543016,21.92036749,0 86.62545871,21.92008528,0 86.62542604,21.92043032,0 86.62549705,21.92047004,0 86.62553517,21.92051258,0 86.62558087,21.92057486,0 86.62563981,21.92063814,0 86.62568310,21.92069746,0 86.62553297,21.92078978,0 86.62557029,21.92083422,0 86.62562846,21.92104566,0 86.62574778,21.92101863,0 86.62594486,21.92098109,0 86.62620437,21.92090700,0 86.62625999,21.92089130,0 86.62639272,21.92087565,0 86.62655758,21.92083423,0 86.62669909,21.92078812,0 86.62683106,21.92074758,0 86.62698577,21.92069747,0 86.62697694,21.92062345,0 86.62692838,21.92059908,0 86.62688582,21.92058938,0 86.62688113,21.92054600,0 86.62685699,21.92051258,0 86.62681794,21.92045128,0 86.62677679,21.92040478,0 86.62674100,21.92036797,0 86.62669078,21.92029990,0 86.62668845,21.92027301,0 86.62665939,21.92021100,0 86.62660308,21.92014568,0 86.62652560,21.92009849,0 86.62645441,21.92007724,0 86.62641302,21.92002673,0 86.62644842,21.91997279,0 86.62652430,21.91996456,0 86.62657454,21.91997279,0 86.62658563,21.92001838,0 86.62671859,21.91996045,0 86.62679611,21.91993591,0 86.62680795,21.91993998,0 86.62682811,21.91998517,0 86.62680602,21.91999344,0 86.62667792,21.92001838,0 86.62662293,21.92005190,0 86.62660401,21.92010703,0 86.62669260,21.92018473,0 86.62673305,21.92028195,0 86.62678844,21.92035883,0 86.62684855,21.92043261,0 86.62690480,21.92053642,0 86.62698059,21.92058453,0 86.62727302,21.92047005,0 86.62722029,21.92038996,0 86.62716163,21.92028033,0 86.62713758,21.92023647,0 86.62710333,21.92022924,0 86.62710080,21.92017930,0 86.62706977,21.92015475,0 86.62702899,21.92011671,0 86.62700971,21.92007596,0 86.62697672,21.92002937,0 86.62693610,21.91999995,0 86.62692580,21.91998056,0 86.62689829,21.91990475,0 86.62720775,21.91976971,0 86.62725333,21.91972948,0 86.62729475,21.91971814,0 86.62720073,21.91956322,0 86.62716567,21.91947397,0 86.62713845,21.91948647,0 86.62712091,21.91951425,0 86.62711207,21.91955280,0 86.62708060,21.91958689,0 86.62706724,21.91962416,0 86.62702692,21.91960280,0 86.62697233,21.91953847,0 86.62699974,21.91946652,0 86.62714234,21.91943595,0 86.62703511,21.91917076,0 86.62700601,21.91901244,0 86.62699510,21.91894468,0 86.62696441,21.91894169,0 86.62683731,21.91886512,0 86.62672657,21.91881902,0 86.62670767,21.91881047,0 86.62666225,21.91877931,0 86.62660878,21.91870431,0 86.62651601,21.91857329,0 86.62638572,21.91862866,0 86.62633026,21.91864737,0 86.62626529,21.91865812,0 86.62619145,21.91866892,0 86.62609841,21.91864562,0 86.62598126,21.91864545,0 86.62599932,21.91873327,0 86.62604460,21.91874032,0 86.62603930,21.91877691,0 86.62600548,21.91876774,0 86.62597874,21.91864562,0 86.62569255,21.91872214,0 86.62571931,21.91884016,0 86.62575327,21.91883012,0 86.62577125,21.91886046,0 86.62575781,21.91889306,0 86.62572829,21.91887758,0 86.62569210,21.91873122,0 86.62542635,21.91879530,0 86.62547478,21.91893557,0 86.62543317,21.91896412,0 86.62535420,21.91902172,0 86.62523197,21.91905078,0 86.62510955,21.91907513,0 86.62503110,21.91910451,0 86.62503050,21.91915386,0 86.62495203,21.91962783,0 86.62494253,21.91969251,0 86.62484726,21.91973124,0 86.62476237,21.91976256,0 86.62476006,21.91976471,0 86.62471304,21.91969802,0 86.62471525,21.91961413,0 86.62427740,21.91971094,0 86.62412648,21.91976727,0 86.62393386,21.91983874,0 86.62398039,21.91998034,0 86.62413701,21.92033126,0 86.62414435,21.92043437,0 86.62419132,21.92041794,0 86.62426341,21.92042889,0</coordinates></LinearRing></outerBoundaryIs><innerBoundaryIs><LinearRing><coordinates>86.62426341,21.92042889,0 86.62435827,21.92038524,0 86.62429128,21.92034201,0 86.62429610,21.92027791,0 86.62433406,21.92028322,0 86.62444265,21.92030451,0 86.62441514,21.92036358,0 86.62426341,21.92042889,0</coordinates></LinearRing></innerBoundaryIs><innerBoundaryIs><LinearRing><coordinates>86.62546131,21.92005779,0 86.62543869,21.92006952,0 86.62543323,21.91998729,0 86.62542152,21.91976468,0 86.62540808,21.91965406,0 86.62540503,21.91955110,0 86.62544436,21.91951368,0 86.62544898,21.91967600,0 86.62546957,21.91984920,0 86.62546718,21.91996984,0 86.62546188,21.92005179,0 86.62546131,21.92005779,0</coordinates></LinearRing></innerBoundaryIs><innerBoundaryIs><LinearRing><coordinates>86.62510284,21.92044981,0 86.62498547,21.92044551,0 86.62496975,21.92051264,0 86.62492973,21.92051264,0 86.62489873,21.92048460,0 86.62492076,21.92045008,0 86.62495456,21.92044324,0 86.62510284,21.92044981,0</coordinates></LinearRing></innerBoundaryIs><innerBoundaryIs><LinearRing><coordinates>86.62458708,21.91992644,0 86.62465325,21.91999526,0 86.62459206,21.92003528,0 86.62455090,21.92002524,0 86.62451389,21.92002023,0 86.62455506,21.91995560,0 86.62458708,21.91992644,0</coordinates></LinearRing></innerBoundaryIs></Polygon></MultiGeometry>
		</Placemark>
		<Placemark id="ID_00039">
			<name>765351846</name>
			<Snippet maxLines="0"/>
			<description>&lt;html xmlns:fo="http://www.w3.org/1999/XSL/Format" xmlns:msxsl="urn:schemas-microsoft-com:xslt"&gt;

&lt;head&gt;

&lt;META http-equiv="Content-Type" content="text/html"&gt;

&lt;meta http-equiv="content-type" content="text/html; charset=UTF-8"&gt;

&lt;/head&gt;

&lt;body style="margin:0px 0px 0px 0px;overflow:auto;background:#FFFFFF;"&gt;

&lt;table style="font-family:Arial,Verdana,Times;font-size:12px;text-align:left;width:100%;border-collapse:collapse;padding:3px 3px 3px 3px"&gt;

&lt;tr style="text-align:center;font-weight:bold;background:#9CBCE2"&gt;

&lt;td&gt;765351846&lt;/td&gt;

&lt;/tr&gt;

&lt;tr&gt;

&lt;td&gt;

&lt;table style="font-family:Arial,Verdana,Times;font-size:12px;text-align:left;width:100%;border-spacing:0px; padding:3px 3px 3px 3px"&gt;

&lt;tr&gt;

&lt;td&gt;SHAPE&lt;/td&gt;

&lt;td&gt;Polygon&lt;/td&gt;

&lt;/tr&gt;

&lt;tr bgcolor="#D4E4F3"&gt;

&lt;td&gt;Name&lt;/td&gt;

&lt;td&gt;765351846&lt;/td&gt;

&lt;/tr&gt;

&lt;tr&gt;

&lt;td&gt;farmername&lt;/td&gt;

&lt;td&gt;Rabindra nath sahu&lt;/td&gt;

&lt;/tr&gt;

&lt;tr bgcolor="#D4E4F3"&gt;

&lt;td&gt;state&lt;/td&gt;

&lt;td&gt;Odisha&lt;/td&gt;

&lt;/tr&gt;

&lt;tr&gt;

&lt;td&gt;district&lt;/td&gt;

&lt;td&gt;Mayurbhanj&lt;/td&gt;

&lt;/tr&gt;

&lt;tr bgcolor="#D4E4F3"&gt;

&lt;td&gt;block&lt;/td&gt;

&lt;td&gt;Samakhunta&lt;/td&gt;

&lt;/tr&gt;

&lt;tr&gt;

&lt;td&gt;grampanchayat&lt;/td&gt;

&lt;td&gt;Kendua&lt;/td&gt;

&lt;/tr&gt;

&lt;tr bgcolor="#D4E4F3"&gt;

&lt;td&gt;village&lt;/td&gt;

&lt;td&gt;Kendua&lt;/td&gt;

&lt;/tr&gt;

&lt;tr&gt;

&lt;td&gt;_id&lt;/td&gt;

&lt;td&gt;765351846&lt;/td&gt;

&lt;/tr&gt;

&lt;tr bgcolor="#D4E4F3"&gt;

&lt;td&gt;latitude&lt;/td&gt;

&lt;td&gt;21.894&lt;/td&gt;

&lt;/tr&gt;

&lt;tr&gt;

&lt;td&gt;longitude&lt;/td&gt;

&lt;td&gt;86.646&lt;/td&gt;

&lt;/tr&gt;

&lt;tr bgcolor="#D4E4F3"&gt;

&lt;td&gt;area_ha&lt;/td&gt;

&lt;td&gt;4.434&lt;/td&gt;

&lt;/tr&gt;

&lt;tr&gt;

&lt;td&gt;LP_id&lt;/td&gt;

&lt;td&gt;LP40&lt;/td&gt;

&lt;/tr&gt;

&lt;tr bgcolor="#D4E4F3"&gt;

&lt;td&gt;Plantation_year&lt;/td&gt;

&lt;td&gt;2025&lt;/td&gt;

&lt;/tr&gt;

&lt;tr&gt;

&lt;td&gt;SHAPE_Length&lt;/td&gt;

&lt;td&gt;2413.708031&lt;/td&gt;

&lt;/tr&gt;

&lt;tr bgcolor="#D4E4F3"&gt;

&lt;td&gt;SHAPE_Area&lt;/td&gt;

&lt;td&gt;44310.403504&lt;/td&gt;

&lt;/tr&gt;

&lt;/table&gt;

&lt;/td&gt;

&lt;/tr&gt;

&lt;/table&gt;

&lt;/body&gt;

&lt;/html&gt;</description>
			<styleUrl>#PolyStyle00</styleUrl>
			<MultiGeometry>
				<Polygon><outerBoundaryIs><LinearRing><coordinates>86.64584123,21.89338045,0 86.64567319,21.89334551,0 86.64566805,21.89346649,0 86.64576788,21.89355092,0 86.64586909,21.89357547,0 86.64598772,21.89380328,0 86.64609803,21.89394246,0 86.64610581,21.89395655,0 86.64614184,21.89398388,0 86.64620304,21.89400215,0 86.64622653,21.89404752,0 86.64628422,21.89404876,0 86.64627556,21.89408977,0 86.64626336,21.89411992,0 86.64622595,21.89410885,0 86.64623039,21.89413112,0 86.64622485,21.89425848,0 86.64603224,21.89424737,0 86.64603552,21.89411299,0 86.64602394,21.89409382,0 86.64600276,21.89410473,0 86.64596366,21.89409790,0 86.64596977,21.89404882,0 86.64601330,21.89405922,0 86.64606678,21.89401703,0 86.64598608,21.89398333,0 86.64594101,21.89393309,0 86.64594697,21.89386204,0 86.64586728,21.89381388,0 86.64585433,21.89374574,0 86.64572937,21.89361432,0 86.64565213,21.89358975,0 86.64563275,21.89356541,0 86.64568530,21.89391646,0 86.64574090,21.89391646,0 86.64574680,21.89400785,0 86.64571139,21.89404122,0 86.64573410,21.89428281,0 86.64579184,21.89427551,0 86.64580122,21.89433957,0 86.64573842,21.89435040,0 86.64574042,21.89436132,0 86.64573760,21.89442485,0 86.64576315,21.89510553,0 86.64577365,21.89526603,0 86.64580230,21.89564130,0 86.64582841,21.89569598,0 86.64607680,21.89560540,0 86.64652422,21.89563444,0 86.64698527,21.89563061,0 86.64719008,21.89563912,0 86.64715725,21.89548247,0 86.64711399,21.89542545,0 86.64709863,21.89533911,0 86.64708222,21.89532328,0 86.64709567,21.89533572,0 86.64712377,21.89523000,0 86.64721553,21.89508045,0 86.64721790,21.89502622,0 86.64718824,21.89504015,0 86.64717206,21.89499507,0 86.64714968,21.89495098,0 86.64721739,21.89490409,0 86.64722873,21.89477694,0 86.64717655,21.89437491,0 86.64715186,21.89428497,0 86.64714910,21.89427890,0 86.64712092,21.89414925,0 86.64712373,21.89404036,0 86.64712525,21.89388041,0 86.64714915,21.89381723,0 86.64710477,21.89376132,0 86.64716356,21.89369953,0 86.64715785,21.89364651,0 86.64714126,21.89364908,0 86.64708239,21.89361107,0 86.64700251,21.89360667,0 86.64699024,21.89356314,0 86.64702646,21.89353313,0 86.64709836,21.89353739,0 86.64716282,21.89357612,0 86.64713887,21.89348899,0 86.64717796,21.89339646,0 86.64719334,21.89335141,0 86.64718354,21.89326328,0 86.64721954,21.89321175,0 86.64722230,21.89321234,0 86.64727535,21.89306861,0 86.64724123,21.89304567,0 86.64718774,21.89303189,0 86.64716025,21.89299781,0 86.64712522,21.89297761,0 86.64718080,21.89295760,0 86.64727183,21.89293778,0 86.64724585,21.89289221,0 86.64724248,21.89283503,0 86.64720028,21.89282254,0 86.64715767,21.89283503,0 86.64712051,21.89284413,0 86.64711721,21.89284413,0 86.64704689,21.89291039,0 86.64695357,21.89291359,0 86.64694737,21.89291481,0 86.64689007,21.89288071,0 86.64688383,21.89285140,0 86.64688573,21.89277267,0 86.64691437,21.89276110,0 86.64690473,21.89273058,0 86.64692692,21.89268397,0 86.64697025,21.89270061,0 86.64701063,21.89265110,0 86.64679401,21.89250135,0 86.64675854,21.89252449,0 86.64675560,21.89256522,0 86.64670722,21.89267235,0 86.64670038,21.89273709,0 86.64666974,21.89270741,0 86.64658529,21.89275510,0 86.64667727,21.89281887,0 86.64670572,21.89285504,0 86.64673945,21.89291412,0 86.64673073,21.89298626,0 86.64664291,21.89299785,0 86.64655753,21.89299012,0 86.64653601,21.89294423,0 86.64659567,21.89291787,0 86.64660237,21.89291787,0 86.64665894,21.89291039,0 86.64664145,21.89288258,0 86.64661898,21.89285077,0 86.64658127,21.89277937,0 86.64651971,21.89281170,0 86.64630015,21.89281887,0 86.64620025,21.89279462,0 86.64619750,21.89271828,0 86.64615470,21.89271923,0 86.64609547,21.89278549,0 86.64598556,21.89283191,0 86.64590280,21.89279469,0 86.64576313,21.89278549,0 86.64571243,21.89279162,0 86.64567962,21.89298963,0 86.64569589,21.89305181,0 86.64572416,21.89306365,0 86.64573707,21.89310878,0 86.64570654,21.89311159,0 86.64565535,21.89315228,0 86.64567873,21.89323572,0 86.64567380,21.89334300,0 86.64584123,21.89338045,0</coordinates></LinearRing></outerBoundaryIs><innerBoundaryIs><LinearRing><coordinates>86.64702955,21.89317055,0 86.64696032,21.89315602,0 86.64693437,21.89323303,0 86.64697505,21.89328623,0 86.64693530,21.89335645,0 86.64692694,21.89340446,0 86.64691227,21.89347417,0 86.64685829,21.89347001,0 86.64685673,21.89337634,0 86.64688582,21.89321061,0 86.64685575,21.89313021,0 86.64689530,21.89308754,0 86.64696005,21.89315548,0 86.64702955,21.89317055,0</coordinates></LinearRing></innerBoundaryIs><innerBoundaryIs><LinearRing><coordinates>86.64695217,21.89520290,0 86.64694273,21.89519479,0 86.64690787,21.89515854,0 86.64693998,21.89519162,0 86.64695217,21.89520290,0</coordinates></LinearRing></innerBoundaryIs><innerBoundaryIs><LinearRing><coordinates>86.64671877,21.89500187,0 86.64671242,21.89499777,0 86.64663463,21.89487994,0 86.64663434,21.89487950,0 86.64671877,21.89500187,0</coordinates></LinearRing></innerBoundaryIs><innerBoundaryIs><LinearRing><coordinates>86.64657333,21.89479110,0 86.64656339,21.89479752,0 86.64656332,21.89479674,0 86.64651399,21.89479674,0 86.64649277,21.89476296,0 86.64651536,21.89470710,0 86.64657333,21.89479110,0</coordinates></LinearRing></innerBoundaryIs><innerBoundaryIs><LinearRing><coordinates>86.64656720,21.89484376,0 86.64657150,21.89487969,0 86.64658453,21.89494069,0 86.64658325,21.89499199,0 86.64659398,21.89505945,0 86.64659356,21.89506542,0 86.64656053,21.89508343,0 86.64654197,21.89502106,0 86.64652681,21.89498623,0 86.64652879,21.89493507,0 86.64657085,21.89488790,0 86.64656720,21.89484376,0</coordinates></LinearRing></innerBoundaryIs><innerBoundaryIs><LinearRing><coordinates>86.64628568,21.89404879,0 86.64628686,21.89404881,0 86.64630497,21.89406907,0 86.64628568,21.89404879,0</coordinates></LinearRing></innerBoundaryIs><innerBoundaryIs><LinearRing><coordinates>86.64632589,21.89409139,0 86.64642075,21.89411298,0 86.64651186,21.89412271,0 86.64655097,21.89409790,0 86.64662822,21.89412041,0 86.64663458,21.89411542,0 86.64668338,21.89414815,0 86.64668415,21.89414846,0 86.64661710,21.89418739,0 86.64652914,21.89417555,0 86.64652944,21.89417661,0 86.64650200,21.89418250,0 86.64648604,21.89418250,0 86.64646156,21.89416348,0 86.64642929,21.89420873,0 86.64642892,21.89420634,0 86.64636276,21.89421169,0 86.64632258,21.89411160,0 86.64632589,21.89409139,0</coordinates></LinearRing></innerBoundaryIs><innerBoundaryIs><LinearRing><coordinates>86.64672627,21.89416538,0 86.64676310,21.89418016,0 86.64674767,21.89412971,0 86.64678504,21.89410724,0 86.64686075,21.89412670,0 86.64686023,21.89412690,0 86.64685346,21.89419506,0 86.64681530,21.89421017,0 86.64676299,21.89418058,0 86.64672627,21.89416538,0</coordinates></LinearRing></innerBoundaryIs><innerBoundaryIs><LinearRing><coordinates>86.64690491,21.89411049,0 86.64690510,21.89411042,0 86.64692980,21.89406709,0 86.64703637,21.89405122,0 86.64704692,21.89406127,0 86.64707238,21.89405671,0 86.64707915,21.89407105,0 86.64708761,21.89410927,0 86.64707060,21.89412619,0 86.64702875,21.89413520,0 86.64700889,21.89416403,0 86.64694305,21.89417721,0 86.64690491,21.89411049,0</coordinates></LinearRing></innerBoundaryIs><innerBoundaryIs><LinearRing><coordinates>86.64667826,21.89408115,0 86.64670410,21.89406087,0 86.64664616,21.89405018,0 86.64664498,21.89401231,0 86.64669000,21.89396859,0 86.64674959,21.89399541,0 86.64672788,21.89404696,0 86.64667826,21.89408115,0</coordinates></LinearRing></innerBoundaryIs><innerBoundaryIs><LinearRing><coordinates>86.64644463,21.89431375,0 86.64644481,21.89431499,0 86.64648009,21.89430188,0 86.64650786,21.89433324,0 86.64655289,21.89439845,0 86.64652787,21.89441798,0 86.64650403,21.89443236,0 86.64650406,21.89443598,0 86.64650577,21.89444874,0 86.64650584,21.89445609,0 86.64650589,21.89446163,0 86.64647002,21.89448590,0 86.64643823,21.89442875,0 86.64643669,21.89442515,0 86.64644463,21.89431375,0</coordinates></LinearRing></innerBoundaryIs><innerBoundaryIs><LinearRing><coordinates>86.64689701,21.89292471,0 86.64685898,21.89293219,0 86.64690744,21.89295777,0 86.64692337,21.89297499,0 86.64692144,21.89299012,0 86.64684429,21.89299807,0 86.64682026,21.89298960,0 86.64682641,21.89293702,0 86.64689701,21.89292471,0</coordinates></LinearRing></innerBoundaryIs><innerBoundaryIs><LinearRing><coordinates>86.64605991,21.89342592,0 86.64608998,21.89337162,0 86.64612775,21.89336327,0 86.64613771,21.89338542,0 86.64614424,21.89343324,0 86.64611464,21.89343667,0 86.64611198,21.89343674,0 86.64605991,21.89342592,0</coordinates></LinearRing></innerBoundaryIs></Polygon></MultiGeometry>
		</Placemark>
		<Placemark id="ID_00040">
			<name>765361417</name>
			<Snippet maxLines="0"/>
			<description>&lt;html xmlns:fo="http://www.w3.org/1999/XSL/Format" xmlns:msxsl="urn:schemas-microsoft-com:xslt"&gt;

&lt;head&gt;

&lt;META http-equiv="Content-Type" content="text/html"&gt;

&lt;meta http-equiv="content-type" content="text/html; charset=UTF-8"&gt;

&lt;/head&gt;

&lt;body style="margin:0px 0px 0px 0px;overflow:auto;background:#FFFFFF;"&gt;

&lt;table style="font-family:Arial,Verdana,Times;font-size:12px;text-align:left;width:100%;border-collapse:collapse;padding:3px 3px 3px 3px"&gt;

&lt;tr style="text-align:center;font-weight:bold;background:#9CBCE2"&gt;

&lt;td&gt;765361417&lt;/td&gt;

&lt;/tr&gt;

&lt;tr&gt;

&lt;td&gt;

&lt;table style="font-family:Arial,Verdana,Times;font-size:12px;text-align:left;width:100%;border-spacing:0px; padding:3px 3px 3px 3px"&gt;

&lt;tr&gt;

&lt;td&gt;SHAPE&lt;/td&gt;

&lt;td&gt;Polygon&lt;/td&gt;

&lt;/tr&gt;

&lt;tr bgcolor="#D4E4F3"&gt;

&lt;td&gt;Name&lt;/td&gt;

&lt;td&gt;765361417&lt;/td&gt;

&lt;/tr&gt;

&lt;tr&gt;

&lt;td&gt;farmername&lt;/td&gt;

&lt;td&gt;Samnath Behera&lt;/td&gt;

&lt;/tr&gt;

&lt;tr bgcolor="#D4E4F3"&gt;

&lt;td&gt;state&lt;/td&gt;

&lt;td&gt;Odisha&lt;/td&gt;

&lt;/tr&gt;

&lt;tr&gt;

&lt;td&gt;district&lt;/td&gt;

&lt;td&gt;Mayurbhanj&lt;/td&gt;

&lt;/tr&gt;

&lt;tr bgcolor="#D4E4F3"&gt;

&lt;td&gt;block&lt;/td&gt;

&lt;td&gt;Samakhunta&lt;/td&gt;

&lt;/tr&gt;

&lt;tr&gt;

&lt;td&gt;grampanchayat&lt;/td&gt;

&lt;td&gt;Kendua&lt;/td&gt;

&lt;/tr&gt;

&lt;tr bgcolor="#D4E4F3"&gt;

&lt;td&gt;village&lt;/td&gt;

&lt;td&gt;Saratchandrapur&lt;/td&gt;

&lt;/tr&gt;

&lt;tr&gt;

&lt;td&gt;_id&lt;/td&gt;

&lt;td&gt;765361417&lt;/td&gt;

&lt;/tr&gt;

&lt;tr bgcolor="#D4E4F3"&gt;

&lt;td&gt;latitude&lt;/td&gt;

&lt;td&gt;21.895&lt;/td&gt;

&lt;/tr&gt;

&lt;tr&gt;

&lt;td&gt;longitude&lt;/td&gt;

&lt;td&gt;86.627&lt;/td&gt;

&lt;/tr&gt;

&lt;tr bgcolor="#D4E4F3"&gt;

&lt;td&gt;area_ha&lt;/td&gt;

&lt;td&gt;16.838&lt;/td&gt;

&lt;/tr&gt;

&lt;tr&gt;

&lt;td&gt;LP_id&lt;/td&gt;

&lt;td&gt;LP41&lt;/td&gt;

&lt;/tr&gt;

&lt;tr bgcolor="#D4E4F3"&gt;

&lt;td&gt;Plantation_year&lt;/td&gt;

&lt;td&gt;2025&lt;/td&gt;

&lt;/tr&gt;

&lt;tr&gt;

&lt;td&gt;SHAPE_Length&lt;/td&gt;

&lt;td&gt;8380.785274&lt;/td&gt;

&lt;/tr&gt;

&lt;tr bgcolor="#D4E4F3"&gt;

&lt;td&gt;SHAPE_Area&lt;/td&gt;

&lt;td&gt;168253.263801&lt;/td&gt;

&lt;/tr&gt;

&lt;/table&gt;

&lt;/td&gt;

&lt;/tr&gt;

&lt;/table&gt;

&lt;/body&gt;

&lt;/html&gt;</description>
			<styleUrl>#PolyStyle00</styleUrl>
			<MultiGeometry>
				<Polygon><outerBoundaryIs><LinearRing><coordinates>86.62530720,21.89622224,0 86.62530330,21.89622392,0 86.62534676,21.89623693,0 86.62542017,21.89634758,0 86.62545522,21.89638721,0 86.62548836,21.89636612,0 86.62549088,21.89636379,0 86.62558096,21.89640397,0 86.62558572,21.89640279,0 86.62561535,21.89646421,0 86.62562057,21.89647159,0 86.62563803,21.89653539,0 86.62615411,21.89689323,0 86.62615442,21.89689288,0 86.62636859,21.89710874,0 86.62636392,21.89711959,0 86.62656107,21.89738268,0 86.62661032,21.89742942,0 86.62661135,21.89742504,0 86.62665123,21.89740596,0 86.62668800,21.89743335,0 86.62670801,21.89748088,0 86.62675232,21.89748488,0 86.62679937,21.89748523,0 86.62682247,21.89744603,0 86.62685060,21.89744797,0 86.62687921,21.89750107,0 86.62688330,21.89750107,0 86.62692421,21.89750107,0 86.62693239,21.89750107,0 86.62698197,21.89747341,0 86.62703057,21.89745187,0 86.62704694,21.89747538,0 86.62706943,21.89750107,0 86.62705719,21.89752700,0 86.62708642,21.89754913,0 86.62708849,21.89754913,0 86.62714501,21.89756940,0 86.62715415,21.89762487,0 86.62715391,21.89762902,0 86.62711012,21.89765826,0 86.62704801,21.89761865,0 86.62703114,21.89756940,0 86.62701594,21.89755317,0 86.62697585,21.89760832,0 86.62692709,21.89761659,0 86.62686874,21.89765407,0 86.62693346,21.89772408,0 86.62692062,21.89776957,0 86.62694847,21.89774773,0 86.62698339,21.89773036,0 86.62700706,21.89778716,0 86.62706952,21.89781817,0 86.62704797,21.89789476,0 86.62732537,21.89820120,0 86.62732820,21.89819858,0 86.62741077,21.89823160,0 86.62756255,21.89814957,0 86.62762839,21.89815526,0 86.62765618,21.89813626,0 86.62767635,21.89809694,0 86.62772441,21.89813980,0 86.62774767,21.89816730,0 86.62780238,21.89817581,0 86.62780425,21.89823078,0 86.62777669,21.89826983,0 86.62779406,21.89827913,0 86.62778660,21.89829525,0 86.62777855,21.89832538,0 86.62780622,21.89834354,0 86.62782536,21.89837229,0 86.62782215,21.89837203,0 86.62779301,21.89841754,0 86.62778330,21.89843865,0 86.62775946,21.89847881,0 86.62773484,21.89852028,0 86.62776917,21.89858676,0 86.62782675,21.89865853,0 86.62789891,21.89873048,0 86.62791511,21.89874954,0 86.62795124,21.89879240,0 86.62793832,21.89882036,0 86.62789275,21.89884298,0 86.62857494,21.89880329,0 86.62849979,21.89845763,0 86.62846545,21.89842131,0 86.62834723,21.89838690,0 86.62834445,21.89841697,0 86.62835915,21.89846300,0 86.62832589,21.89847413,0 86.62830388,21.89844754,0 86.62830241,21.89840402,0 86.62832419,21.89837839,0 86.62846528,21.89841914,0 86.62847450,21.89838952,0 86.62851096,21.89834425,0 86.62849331,21.89825042,0 86.62845937,21.89815417,0 86.62845149,21.89806965,0 86.62843738,21.89797348,0 86.62836801,21.89799614,0 86.62828588,21.89799160,0 86.62829846,21.89792858,0 86.62829581,21.89792789,0 86.62833297,21.89790634,0 86.62833280,21.89781877,0 86.62835227,21.89778007,0 86.62839121,21.89776726,0 86.62844080,21.89777153,0 86.62844683,21.89761313,0 86.62842055,21.89757264,0 86.62837360,21.89753662,0 86.62834789,21.89751056,0 86.62829918,21.89749906,0 86.62825629,21.89750193,0 86.62812992,21.89752211,0 86.62802961,21.89751922,0 86.62802674,21.89751922,0 86.62797225,21.89751922,0 86.62797137,21.89746976,0 86.62796859,21.89746969,0 86.62796105,21.89743831,0 86.62796324,21.89741285,0 86.62800764,21.89741104,0 86.62802722,21.89742735,0 86.62801291,21.89746045,0 86.62806832,21.89743282,0 86.62813333,21.89745304,0 86.62835749,21.89746603,0 86.62840010,21.89745015,0 86.62844589,21.89741159,0 86.62843106,21.89725441,0 86.62836739,21.89718605,0 86.62836674,21.89716686,0 86.62835119,21.89708694,0 86.62840168,21.89708029,0 86.62839460,21.89699842,0 86.62840414,21.89696493,0 86.62844115,21.89689254,0 86.62845762,21.89660349,0 86.62828363,21.89661941,0 86.62821236,21.89661840,0 86.62821126,21.89661906,0 86.62816797,21.89655613,0 86.62817676,21.89640313,0 86.62783186,21.89629532,0 86.62776435,21.89637308,0 86.62776468,21.89636977,0 86.62772510,21.89633095,0 86.62736625,21.89659299,0 86.62738794,21.89661634,0 86.62738476,21.89664685,0 86.62736192,21.89666924,0 86.62733542,21.89664362,0 86.62733498,21.89664412,0 86.62734582,21.89660629,0 86.62772218,21.89633236,0 86.62772646,21.89629962,0 86.62772992,21.89629235,0 86.62778819,21.89628146,0 86.62818421,21.89640313,0 86.62820109,21.89634729,0 86.62822093,21.89615359,0 86.62830032,21.89593168,0 86.62843278,21.89581831,0 86.62840181,21.89566165,0 86.62846559,21.89550064,0 86.62849715,21.89526803,0 86.62851460,21.89507588,0 86.62849904,21.89526396,0 86.62861194,21.89521773,0 86.62877439,21.89515878,0 86.62880620,21.89515878,0 86.62881512,21.89511991,0 86.62877660,21.89508625,0 86.62875539,21.89501519,0 86.62875852,21.89492267,0 86.62874056,21.89483235,0 86.62873833,21.89474487,0 86.62871951,21.89456790,0 86.62868576,21.89449623,0 86.62859062,21.89450086,0 86.62857702,21.89450050,0 86.62856287,21.89446840,0 86.62854607,21.89447530,0 86.62851271,21.89452436,0 86.62841721,21.89455416,0 86.62826445,21.89451955,0 86.62819480,21.89454363,0 86.62822780,21.89454126,0 86.62825211,21.89457284,0 86.62824805,21.89460483,0 86.62824780,21.89460789,0 86.62823899,21.89461656,0 86.62822149,21.89462245,0 86.62818754,21.89461069,0 86.62818801,21.89454597,0 86.62814052,21.89456239,0 86.62777876,21.89462050,0 86.62774277,21.89441942,0 86.62869258,21.89431904,0 86.62867375,21.89418587,0 86.62867180,21.89403021,0 86.62862616,21.89365561,0 86.62858219,21.89365531,0 86.62846481,21.89363141,0 86.62852408,21.89358401,0 86.62855984,21.89358401,0 86.62876573,21.89349999,0 86.62891519,21.89344882,0 86.62881422,21.89305817,0 86.62879409,21.89302085,0 86.62882910,21.89282333,0 86.62873057,21.89286105,0 86.62867267,21.89288145,0 86.62868717,21.89290676,0 86.62868904,21.89292509,0 86.62870098,21.89295672,0 86.62870551,21.89298324,0 86.62869870,21.89300245,0 86.62868522,21.89304550,0 86.62866231,21.89304947,0 86.62864372,21.89304154,0 86.62862329,21.89307752,0 86.62858729,21.89307954,0 86.62856282,21.89306343,0 86.62856137,21.89303956,0 86.62860117,21.89302188,0 86.62859066,21.89299859,0 86.62856699,21.89298706,0 86.62854135,21.89300052,0 86.62852447,21.89301603,0 86.62850063,21.89303956,0 86.62846515,21.89304748,0 86.62843499,21.89305943,0 86.62843006,21.89308156,0 86.62843067,21.89311015,0 86.62844227,21.89313712,0 86.62844300,21.89316666,0 86.62840207,21.89315605,0 86.62840915,21.89313503,0 86.62839070,21.89312670,0 86.62838135,21.89309988,0 86.62838307,21.89308561,0 86.62835771,21.89309784,0 86.62833581,21.89311221,0 86.62833191,21.89314551,0 86.62834276,21.89319453,0 86.62832205,21.89320973,0 86.62830734,21.89318806,0 86.62828717,21.89317092,0 86.62828756,21.89315183,0 86.62829173,21.89312670,0 86.62826275,21.89311427,0 86.62827617,21.89308764,0 86.62828219,21.89306143,0 86.62823695,21.89306945,0 86.62821161,21.89311427,0 86.62818359,21.89312670,0 86.62815219,21.89313086,0 86.62811446,21.89314551,0 86.62809227,21.89312254,0 86.62810068,21.89310809,0 86.62812577,21.89308764,0 86.62811352,21.89308156,0 86.62811482,21.89306343,0 86.62821674,21.89303561,0 86.62823980,21.89303956,0 86.62827887,21.89304947,0 86.62832746,21.89302579,0 86.62836123,21.89298898,0 86.62839967,21.89296803,0 86.62849813,21.89293989,0 86.62855616,21.89292508,0 86.62855780,21.89289586,0 86.62857234,21.89288324,0 86.62859803,21.89288504,0 86.62864575,21.89288504,0 86.62872827,21.89286184,0 86.62882409,21.89282333,0 86.62890246,21.89279636,0 86.62894583,21.89277782,0 86.62898916,21.89276204,0 86.62909762,21.89273338,0 86.62916140,21.89272821,0 86.62918825,21.89274116,0 86.62918287,21.89271641,0 86.62915730,21.89264549,0 86.62913870,21.89263475,0 86.62913494,21.89259703,0 86.62913386,21.89254151,0 86.62913347,21.89254008,0 86.62913114,21.89253151,0 86.62913137,21.89249915,0 86.62910894,21.89244590,0 86.62909814,21.89239315,0 86.62912295,21.89234502,0 86.62905065,21.89235700,0 86.62899953,21.89238509,0 86.62892015,21.89237303,0 86.62887214,21.89236100,0 86.62886106,21.89232910,0 86.62884544,21.89226670,0 86.62867940,21.89219727,0 86.62866925,21.89220908,0 86.62865391,21.89226427,0 86.62865383,21.89230353,0 86.62866257,21.89235871,0 86.62869990,21.89239457,0 86.62871060,21.89242841,0 86.62869966,21.89249768,0 86.62862386,21.89249768,0 86.62853959,21.89247882,0 86.62852180,21.89242579,0 86.62847967,21.89239716,0 86.62852452,21.89242317,0 86.62857383,21.89236635,0 86.62862515,21.89236890,0 86.62859820,21.89233597,0 86.62859108,21.89227158,0 86.62860143,21.89223050,0 86.62863156,21.89217386,0 86.62884549,21.89226427,0 86.62883168,21.89219229,0 86.62883199,21.89215782,0 86.62885480,21.89208598,0 86.62881936,21.89203383,0 86.62881856,21.89195320,0 86.62882368,21.89189555,0 86.62879622,21.89166616,0 86.62852286,21.89169327,0 86.62837514,21.89167969,0 86.62817764,21.89165604,0 86.62800623,21.89163254,0 86.62789947,21.89163254,0 86.62763370,21.89168647,0 86.62743092,21.89174510,0 86.62748594,21.89175113,0 86.62753272,21.89178752,0 86.62755854,21.89185828,0 86.62756016,21.89186761,0 86.62756208,21.89195900,0 86.62756168,21.89199747,0 86.62759960,21.89203410,0 86.62759154,21.89209205,0 86.62748207,21.89213523,0 86.62734315,21.89215867,0 86.62726976,21.89211524,0 86.62723680,21.89207887,0 86.62723328,21.89202333,0 86.62721816,21.89195899,0 86.62719034,21.89193040,0 86.62718492,21.89188633,0 86.62719519,21.89185828,0 86.62719321,21.89181505,0 86.62658519,21.89202332,0 86.62650907,21.89205262,0 86.62647445,21.89207228,0 86.62652095,21.89209204,0 86.62655503,21.89215194,0 86.62654978,21.89220257,0 86.62655567,21.89226420,0 86.62661631,21.89224698,0 86.62669162,21.89230583,0 86.62669429,21.89235495,0 86.62661373,21.89235142,0 86.62658917,21.89237618,0 86.62664120,21.89246953,0 86.62659823,21.89250602,0 86.62652329,21.89249138,0 86.62645032,21.89255023,0 86.62640500,21.89252806,0 86.62632311,21.89256136,0 86.62625938,21.89260242,0 86.62621401,21.89263254,0 86.62616485,21.89263254,0 86.62616762,21.89272425,0 86.62619005,21.89278653,0 86.62618182,21.89283848,0 86.62614540,21.89293005,0 86.62613060,21.89295485,0 86.62654767,21.89286198,0 86.62660975,21.89284889,0 86.62612917,21.89295605,0 86.62612452,21.89301538,0 86.62612026,21.89306348,0 86.62612602,21.89311937,0 86.62612168,21.89324127,0 86.62615389,21.89323321,0 86.62615801,21.89323589,0 86.62620081,21.89326836,0 86.62620392,21.89327656,0 86.62618741,21.89336033,0 86.62617146,21.89339188,0 86.62623634,21.89358176,0 86.62629520,21.89359639,0 86.62631897,21.89365545,0 86.62630394,21.89374947,0 86.62628390,21.89386517,0 86.62629044,21.89398816,0 86.62635818,21.89406533,0 86.62631409,21.89408587,0 86.62626892,21.89412725,0 86.62625221,21.89442392,0 86.62623882,21.89463788,0 86.62629016,21.89465582,0 86.62634889,21.89468147,0 86.62632283,21.89472592,0 86.62626842,21.89474463,0 86.62630427,21.89477100,0 86.62632480,21.89480522,0 86.62628912,21.89480140,0 86.62624948,21.89479377,0 86.62624466,21.89485141,0 86.62623984,21.89496910,0 86.62626397,21.89498679,0 86.62630663,21.89499745,0 86.62636884,21.89503685,0 86.62634696,21.89504406,0 86.62626882,21.89503685,0 86.62622450,21.89501530,0 86.62621299,21.89493054,0 86.62601698,21.89494979,0 86.62593831,21.89496262,0 86.62585698,21.89497112,0 86.62559837,21.89497382,0 86.62537227,21.89499804,0 86.62533433,21.89570105,0 86.62530720,21.89622224,0</coordinates></LinearRing></outerBoundaryIs><innerBoundaryIs><LinearRing><coordinates>86.62759154,21.89209205,0 86.62778983,21.89247217,0 86.62786742,21.89247119,0 86.62780562,21.89236352,0 86.62786726,21.89246930,0 86.62793984,21.89251113,0 86.62793039,21.89257224,0 86.62786947,21.89261903,0 86.62783804,21.89261274,0 86.62778740,21.89256298,0 86.62778701,21.89247217,0 86.62759154,21.89209205,0</coordinates></LinearRing></innerBoundaryIs><innerBoundaryIs><LinearRing><coordinates>86.62536305,21.89619821,0 86.62547515,21.89614667,0 86.62547410,21.89611626,0 86.62550756,21.89607651,0 86.62554396,21.89607847,0 86.62554478,21.89610025,0 86.62554030,21.89610624,0 86.62550649,21.89613647,0 86.62536305,21.89619821,0</coordinates></LinearRing></innerBoundaryIs><innerBoundaryIs><LinearRing><coordinates>86.62673254,21.89277987,0 86.62678558,21.89272295,0 86.62682508,21.89271472,0 86.62684426,21.89270041,0 86.62685768,21.89267613,0 86.62689703,21.89265416,0 86.62688936,21.89264426,0 86.62688430,21.89262073,0 86.62688478,21.89260908,0 86.62689577,21.89258220,0 86.62689774,21.89258220,0 86.62692516,21.89258984,0 86.62693233,21.89261684,0 86.62693982,21.89263639,0 86.62697815,21.89262073,0 86.62700599,21.89263835,0 86.62700594,21.89264624,0 86.62699757,21.89268217,0 86.62696885,21.89269837,0 86.62693086,21.89267011,0 86.62689234,21.89272502,0 86.62686116,21.89277737,0 86.62680106,21.89280520,0 86.62676349,21.89274708,0 86.62673292,21.89278002,0 86.62673254,21.89277987,0</coordinates></LinearRing></innerBoundaryIs><innerBoundaryIs><LinearRing><coordinates>86.62673191,21.89277962,0 86.62671582,21.89277321,0 86.62673295,21.89277850,0 86.62673191,21.89277962,0</coordinates></LinearRing></innerBoundaryIs><innerBoundaryIs><LinearRing><coordinates>86.62845624,21.89238357,0 86.62843583,21.89243893,0 86.62837869,21.89245745,0 86.62834316,21.89242317,0 86.62834830,21.89238427,0 86.62837417,21.89233597,0 86.62845624,21.89238357,0</coordinates></LinearRing></innerBoundaryIs><innerBoundaryIs><LinearRing><coordinates>86.62823200,21.89480201,0 86.62822545,21.89488260,0 86.62835029,21.89492040,0 86.62834991,21.89492175,0 86.62831346,21.89491110,0 86.62826242,21.89495564,0 86.62823609,21.89501576,0 86.62811468,21.89503292,0 86.62802131,21.89502310,0 86.62806918,21.89496514,0 86.62821196,21.89496276,0 86.62819324,21.89493442,0 86.62816803,21.89492040,0 86.62818603,21.89489494,0 86.62822256,21.89487934,0 86.62823200,21.89480201,0</coordinates></LinearRing></innerBoundaryIs><innerBoundaryIs><LinearRing><coordinates>86.62831052,21.89510384,0 86.62831033,21.89510569,0 86.62821642,21.89513126,0 86.62830996,21.89510345,0 86.62831052,21.89510384,0</coordinates></LinearRing></innerBoundaryIs><innerBoundaryIs><LinearRing><coordinates>86.62811211,21.89608020,0 86.62800289,21.89620318,0 86.62796649,21.89614742,0 86.62798075,21.89606809,0 86.62804053,21.89603194,0 86.62811211,21.89608020,0</coordinates></LinearRing></innerBoundaryIs><innerBoundaryIs><LinearRing><coordinates>86.62834873,21.89707430,0 86.62832646,21.89695982,0 86.62829961,21.89698123,0 86.62825524,21.89699566,0 86.62826361,21.89696515,0 86.62826869,21.89690410,0 86.62824419,21.89687528,0 86.62827102,21.89683876,0 86.62830733,21.89684533,0 86.62834873,21.89707430,0</coordinates></LinearRing></innerBoundaryIs><innerBoundaryIs><LinearRing><coordinates>86.62833005,21.89714893,0 86.62823596,21.89717383,0 86.62822535,21.89711614,0 86.62823908,21.89707512,0 86.62824147,21.89707512,0 86.62827281,21.89708420,0 86.62827531,21.89708874,0 86.62833005,21.89714893,0</coordinates></LinearRing></innerBoundaryIs><innerBoundaryIs><LinearRing><coordinates>86.62767650,21.89746407,0 86.62766997,21.89750194,0 86.62764571,21.89754242,0 86.62759012,21.89752501,0 86.62758297,21.89748761,0 86.62760188,21.89744044,0 86.62760679,21.89743644,0 86.62765429,21.89746336,0 86.62767650,21.89746407,0</coordinates></LinearRing></innerBoundaryIs><innerBoundaryIs><LinearRing><coordinates>86.62763483,21.89741363,0 86.62767740,21.89737898,0 86.62775567,21.89732009,0 86.62763483,21.89741363,0</coordinates></LinearRing></innerBoundaryIs><innerBoundaryIs><LinearRing><coordinates>86.62778834,21.89729481,0 86.62778137,21.89727389,0 86.62779277,21.89725756,0 86.62780306,21.89725107,0 86.62780473,21.89728212,0 86.62778834,21.89729481,0</coordinates></LinearRing></innerBoundaryIs><innerBoundaryIs><LinearRing><coordinates>86.62811078,21.89788224,0 86.62810398,21.89793751,0 86.62806394,21.89798252,0 86.62802234,21.89795994,0 86.62801111,21.89790676,0 86.62791760,21.89780633,0 86.62792257,21.89781791,0 86.62789274,21.89785893,0 86.62784798,21.89784713,0 86.62784852,21.89780922,0 86.62786394,21.89775215,0 86.62789550,21.89778049,0 86.62801363,21.89790676,0 86.62805972,21.89786666,0 86.62808378,21.89787544,0 86.62811078,21.89788224,0</coordinates></LinearRing></innerBoundaryIs><innerBoundaryIs><LinearRing><coordinates>86.62740671,21.89812594,0 86.62745371,21.89808246,0 86.62744751,21.89806288,0 86.62743087,21.89806123,0 86.62739987,21.89806785,0 86.62737850,21.89806785,0 86.62738865,21.89803829,0 86.62743142,21.89801090,0 86.62742783,21.89803991,0 86.62749855,21.89804469,0 86.62740671,21.89812594,0</coordinates></LinearRing></innerBoundaryIs><innerBoundaryIs><LinearRing><coordinates>86.62750027,21.89804317,0 86.62750271,21.89799186,0 86.62747141,21.89797723,0 86.62744956,21.89793691,0 86.62748188,21.89788701,0 86.62751807,21.89787970,0 86.62754984,21.89791513,0 86.62756952,21.89793924,0 86.62758036,21.89797931,0 86.62755287,21.89800611,0 86.62752514,21.89802695,0 86.62750027,21.89804317,0</coordinates></LinearRing></innerBoundaryIs><innerBoundaryIs><LinearRing><coordinates>86.62663604,21.89732004,0 86.62669773,21.89705762,0 86.62667592,21.89702672,0 86.62668875,21.89700292,0 86.62671392,21.89698941,0 86.62676025,21.89680381,0 86.62671788,21.89680696,0 86.62667202,21.89684184,0 86.62662982,21.89681959,0 86.62664853,21.89679125,0 86.62668218,21.89675084,0 86.62669325,21.89673061,0 86.62672929,21.89668033,0 86.62675429,21.89668415,0 86.62678119,21.89672082,0 86.62715025,21.89693796,0 86.62678119,21.89672277,0 86.62663604,21.89732004,0</coordinates></LinearRing></innerBoundaryIs><innerBoundaryIs><LinearRing><coordinates>86.62720659,21.89697081,0 86.62730441,21.89702670,0 86.62733743,21.89700600,0 86.62738979,21.89700372,0 86.62737908,21.89696305,0 86.62739263,21.89691889,0 86.62739675,21.89691889,0 86.62743654,21.89693422,0 86.62745400,21.89698553,0 86.62745541,21.89702901,0 86.62742403,21.89705700,0 86.62740103,21.89707352,0 86.62734636,21.89705231,0 86.62720659,21.89697081,0</coordinates></LinearRing></innerBoundaryIs><innerBoundaryIs><LinearRing><coordinates>86.62668591,21.89637234,0 86.62672810,21.89627403,0 86.62666579,21.89621973,0 86.62663310,21.89617750,0 86.62663973,21.89615090,0 86.62670263,21.89611328,0 86.62672174,21.89607656,0 86.62673541,21.89604852,0 86.62664857,21.89573320,0 86.62670636,21.89568604,0 86.62674426,21.89565648,0 86.62675182,21.89565593,0 86.62674167,21.89565529,0 86.62670183,21.89568698,0 86.62662942,21.89572498,0 86.62652234,21.89569860,0 86.62649421,21.89573088,0 86.62644389,21.89582379,0 86.62631575,21.89579372,0 86.62626969,21.89578139,0 86.62625726,21.89572096,0 86.62627508,21.89560646,0 86.62630396,21.89551363,0 86.62630809,21.89551363,0 86.62633622,21.89542307,0 86.62634788,21.89532597,0 86.62636688,21.89523991,0 86.62645613,21.89515587,0 86.62654279,21.89512692,0 86.62662106,21.89516002,0 86.62670815,21.89520606,0 86.62677528,21.89520185,0 86.62680574,21.89516003,0 86.62680722,21.89507378,0 86.62677561,21.89489203,0 86.62674766,21.89481969,0 86.62680028,21.89480529,0 86.62684785,21.89479718,0 86.62694873,21.89476826,0 86.62706212,21.89472415,0 86.62747316,21.89461979,0 86.62750658,21.89461979,0 86.62750273,21.89464793,0 86.62747062,21.89465092,0 86.62742316,21.89466744,0 86.62736602,21.89468108,0 86.62726751,21.89471019,0 86.62719319,21.89472883,0 86.62709658,21.89476030,0 86.62703940,21.89477945,0 86.62695251,21.89480204,0 86.62688773,21.89480854,0 86.62680572,21.89485138,0 86.62682457,21.89496285,0 86.62686330,21.89503831,0 86.62688624,21.89513120,0 86.62691342,21.89520974,0 86.62698957,21.89513084,0 86.62693684,21.89504991,0 86.62696568,21.89499335,0 86.62713095,21.89490620,0 86.62702699,21.89496330,0 86.62704497,21.89499803,0 86.62704399,21.89504991,0 86.62702311,21.89509967,0 86.62691284,21.89521468,0 86.62691802,21.89527866,0 86.62692207,21.89527639,0 86.62693934,21.89537278,0 86.62697492,21.89550566,0 86.62697804,21.89556263,0 86.62695453,21.89560256,0 86.62695573,21.89560146,0 86.62697870,21.89557338,0 86.62706108,21.89554808,0 86.62709402,21.89549751,0 86.62714435,21.89549415,0 86.62714896,21.89549670,0 86.62717472,21.89554386,0 86.62725260,21.89549932,0 86.62725506,21.89549935,0 86.62728884,21.89552619,0 86.62730590,21.89550778,0 86.62740120,21.89547361,0 86.62744961,21.89550644,0 86.62770174,21.89552005,0 86.62772514,21.89583820,0 86.62743952,21.89590964,0 86.62741736,21.89594212,0 86.62735297,21.89595278,0 86.62730974,21.89598496,0 86.62725170,21.89601022,0 86.62720899,21.89598137,0 86.62715140,21.89598137,0 86.62708615,21.89599216,0 86.62706278,21.89607279,0 86.62701801,21.89605399,0 86.62694147,21.89599937,0 86.62689094,21.89599936,0 86.62682024,21.89602474,0 86.62676285,21.89605766,0 86.62674162,21.89612828,0 86.62675167,21.89621973,0 86.62668591,21.89637234,0</coordinates></LinearRing></innerBoundaryIs><innerBoundaryIs><LinearRing><coordinates>86.62701443,21.89522434,0 86.62700523,21.89514842,0 86.62704380,21.89514515,0 86.62705910,21.89514842,0 86.62707489,21.89518795,0 86.62703217,21.89521457,0 86.62701443,21.89522434,0</coordinates></LinearRing></innerBoundaryIs><innerBoundaryIs><LinearRing><coordinates>86.62744035,21.89473625,0 86.62754690,21.89467573,0 86.62749950,21.89455639,0 86.62755365,21.89454348,0 86.62758415,21.89457259,0 86.62759688,21.89461185,0 86.62754569,21.89467840,0 86.62744035,21.89473625,0</coordinates></LinearRing></innerBoundaryIs><innerBoundaryIs><LinearRing><coordinates>86.62595948,21.89569834,0 86.62591687,21.89568693,0 86.62589569,21.89573748,0 86.62579659,21.89572893,0 86.62575605,21.89562031,0 86.62581637,21.89556220,0 86.62581651,21.89556016,0 86.62588563,21.89559474,0 86.62591562,21.89568626,0 86.62595948,21.89569834,0</coordinates></LinearRing></innerBoundaryIs><innerBoundaryIs><LinearRing><coordinates>86.62587280,21.89579207,0 86.62584646,21.89585491,0 86.62586094,21.89585491,0 86.62588265,21.89585491,0 86.62590976,21.89587757,0 86.62591175,21.89591556,0 86.62590748,21.89591579,0 86.62585020,21.89593383,0 86.62583757,21.89587504,0 86.62587280,21.89579207,0</coordinates></LinearRing></innerBoundaryIs><innerBoundaryIs><LinearRing><coordinates>86.62612856,21.89590368,0 86.62613885,21.89590298,0 86.62613996,21.89590306,0 86.62612856,21.89590368,0</coordinates></LinearRing></innerBoundaryIs><innerBoundaryIs><LinearRing><coordinates>86.62614135,21.89590315,0 86.62621617,21.89590810,0 86.62623043,21.89593125,0 86.62623278,21.89597293,0 86.62618842,21.89599139,0 86.62616929,21.89598610,0 86.62614135,21.89590315,0</coordinates></LinearRing></innerBoundaryIs><innerBoundaryIs><LinearRing><coordinates>86.62639200,21.89661839,0 86.62632503,21.89658211,0 86.62629139,21.89653495,0 86.62632028,21.89649313,0 86.62633959,21.89652020,0 86.62634544,21.89652230,0 86.62638148,21.89652651,0 86.62641658,21.89654344,0 86.62641243,21.89659518,0 86.62639200,21.89661839,0</coordinates></LinearRing></innerBoundaryIs><innerBoundaryIs><LinearRing><coordinates>86.62575009,21.89636200,0 86.62592265,21.89631918,0 86.62591826,21.89628077,0 86.62593469,21.89624917,0 86.62596941,21.89622687,0 86.62596573,21.89619654,0 86.62594720,21.89618491,0 86.62595304,21.89615867,0 86.62598399,21.89612176,0 86.62600141,21.89610601,0 86.62605098,21.89606433,0 86.62607372,21.89605372,0 86.62610695,21.89605523,0 86.62612689,21.89607195,0 86.62611966,21.89609508,0 86.62608904,21.89609976,0 86.62608764,21.89613130,0 86.62604683,21.89617995,0 86.62593800,21.89624745,0 86.62596118,21.89625858,0 86.62599716,21.89630424,0 86.62575009,21.89636200,0</coordinates></LinearRing></innerBoundaryIs><innerBoundaryIs><LinearRing><coordinates>86.62629502,21.89623460,0 86.62628322,21.89619600,0 86.62631951,21.89615597,0 86.62632254,21.89615597,0 86.62637623,21.89617131,0 86.62639512,21.89621465,0 86.62637800,21.89624597,0 86.62632695,21.89622714,0 86.62629502,21.89623460,0</coordinates></LinearRing></innerBoundaryIs><innerBoundaryIs><LinearRing><coordinates>86.62800134,21.89838657,0 86.62815127,21.89839777,0 86.62814033,21.89835486,0 86.62817049,21.89835202,0 86.62817187,21.89835202,0 86.62819888,21.89837491,0 86.62818851,21.89839531,0 86.62816347,21.89839972,0 86.62800134,21.89838657,0</coordinates></LinearRing></innerBoundaryIs><innerBoundaryIs><LinearRing><coordinates>86.62804681,21.89671652,0 86.62792432,21.89678911,0 86.62792699,21.89684381,0 86.62789420,21.89684381,0 86.62789380,21.89680472,0 86.62804681,21.89671652,0</coordinates></LinearRing></innerBoundaryIs><innerBoundaryIs><LinearRing><coordinates>86.62776056,21.89641146,0 86.62775805,21.89644835,0 86.62772990,21.89675306,0 86.62775522,21.89679674,0 86.62785906,21.89697931,0 86.62777051,21.89682606,0 86.62772333,21.89683738,0 86.62769043,21.89680731,0 86.62770578,21.89677787,0 86.62772618,21.89675923,0 86.62776056,21.89641146,0</coordinates></LinearRing></innerBoundaryIs><innerBoundaryIs><LinearRing><coordinates>86.62792978,21.89710170,0 86.62797874,21.89708673,0 86.62801492,21.89709762,0 86.62804092,21.89712180,0 86.62799851,21.89713958,0 86.62795997,21.89714005,0 86.62793884,21.89711738,0 86.62792978,21.89710170,0</coordinates></LinearRing></innerBoundaryIs><innerBoundaryIs><LinearRing><coordinates>86.62792089,21.89714053,0 86.62790813,21.89714069,0 86.62792500,21.89717840,0 86.62789322,21.89720183,0 86.62785260,21.89721905,0 86.62781959,21.89717206,0 86.62783699,21.89714484,0 86.62788516,21.89713861,0 86.62792089,21.89714053,0</coordinates></LinearRing></innerBoundaryIs><innerBoundaryIs><LinearRing><coordinates>86.62730260,21.89668039,0 86.62720281,21.89679216,0 86.62722452,21.89682280,0 86.62722460,21.89685101,0 86.62719784,21.89685401,0 86.62717339,21.89684354,0 86.62717967,21.89681399,0 86.62730260,21.89668039,0</coordinates></LinearRing></innerBoundaryIs><innerBoundaryIs><LinearRing><coordinates>86.62774780,21.89226350,0 86.62771767,21.89228642,0 86.62768983,21.89224861,0 86.62770914,21.89222291,0 86.62771542,21.89222610,0 86.62774240,21.89224214,0 86.62774780,21.89226350,0</coordinates></LinearRing></innerBoundaryIs></Polygon></MultiGeometry>
		</Placemark>
		<Placemark id="ID_00041">
			<name>765373814</name>
			<Snippet maxLines="0"/>
			<description>&lt;html xmlns:fo="http://www.w3.org/1999/XSL/Format" xmlns:msxsl="urn:schemas-microsoft-com:xslt"&gt;

&lt;head&gt;

&lt;META http-equiv="Content-Type" content="text/html"&gt;

&lt;meta http-equiv="content-type" content="text/html; charset=UTF-8"&gt;

&lt;/head&gt;

&lt;body style="margin:0px 0px 0px 0px;overflow:auto;background:#FFFFFF;"&gt;

&lt;table style="font-family:Arial,Verdana,Times;font-size:12px;text-align:left;width:100%;border-collapse:collapse;padding:3px 3px 3px 3px"&gt;

&lt;tr style="text-align:center;font-weight:bold;background:#9CBCE2"&gt;

&lt;td&gt;765373814&lt;/td&gt;

&lt;/tr&gt;

&lt;tr&gt;

&lt;td&gt;

&lt;table style="font-family:Arial,Verdana,Times;font-size:12px;text-align:left;width:100%;border-spacing:0px; padding:3px 3px 3px 3px"&gt;

&lt;tr&gt;

&lt;td&gt;SHAPE&lt;/td&gt;

&lt;td&gt;Polygon&lt;/td&gt;

&lt;/tr&gt;

&lt;tr bgcolor="#D4E4F3"&gt;

&lt;td&gt;Name&lt;/td&gt;

&lt;td&gt;765373814&lt;/td&gt;

&lt;/tr&gt;

&lt;tr&gt;

&lt;td&gt;farmername&lt;/td&gt;

&lt;td&gt;Purnachandra Behera&lt;/td&gt;

&lt;/tr&gt;

&lt;tr bgcolor="#D4E4F3"&gt;

&lt;td&gt;state&lt;/td&gt;

&lt;td&gt;Odisha&lt;/td&gt;

&lt;/tr&gt;

&lt;tr&gt;

&lt;td&gt;district&lt;/td&gt;

&lt;td&gt;Mayurbhanj&lt;/td&gt;

&lt;/tr&gt;

&lt;tr bgcolor="#D4E4F3"&gt;

&lt;td&gt;block&lt;/td&gt;

&lt;td&gt;Bangirposi&lt;/td&gt;

&lt;/tr&gt;

&lt;tr&gt;

&lt;td&gt;grampanchayat&lt;/td&gt;

&lt;td&gt;Nafri&lt;/td&gt;

&lt;/tr&gt;

&lt;tr bgcolor="#D4E4F3"&gt;

&lt;td&gt;village&lt;/td&gt;

&lt;td&gt;Uania&lt;/td&gt;

&lt;/tr&gt;

&lt;tr&gt;

&lt;td&gt;_id&lt;/td&gt;

&lt;td&gt;765373814&lt;/td&gt;

&lt;/tr&gt;

&lt;tr bgcolor="#D4E4F3"&gt;

&lt;td&gt;latitude&lt;/td&gt;

&lt;td&gt;22.127&lt;/td&gt;

&lt;/tr&gt;

&lt;tr&gt;

&lt;td&gt;longitude&lt;/td&gt;

&lt;td&gt;86.59&lt;/td&gt;

&lt;/tr&gt;

&lt;tr bgcolor="#D4E4F3"&gt;

&lt;td&gt;area_ha&lt;/td&gt;

&lt;td&gt;14.832&lt;/td&gt;

&lt;/tr&gt;

&lt;tr&gt;

&lt;td&gt;LP_id&lt;/td&gt;

&lt;td&gt;LP42&lt;/td&gt;

&lt;/tr&gt;

&lt;tr bgcolor="#D4E4F3"&gt;

&lt;td&gt;Plantation_year&lt;/td&gt;

&lt;td&gt;2025&lt;/td&gt;

&lt;/tr&gt;

&lt;tr&gt;

&lt;td&gt;SHAPE_Length&lt;/td&gt;

&lt;td&gt;2978.518701&lt;/td&gt;

&lt;/tr&gt;

&lt;tr bgcolor="#D4E4F3"&gt;

&lt;td&gt;SHAPE_Area&lt;/td&gt;

&lt;td&gt;148210.579102&lt;/td&gt;

&lt;/tr&gt;

&lt;/table&gt;

&lt;/td&gt;

&lt;/tr&gt;

&lt;/table&gt;

&lt;/body&gt;

&lt;/html&gt;</description>
			<styleUrl>#PolyStyle00</styleUrl>
			<MultiGeometry>
				<Polygon><outerBoundaryIs><LinearRing><coordinates>86.58902243,22.12575821,0 86.58902233,22.12575799,0 86.58883177,22.12584193,0 86.58868888,22.12587670,0 86.58834473,22.12594898,0 86.58814410,22.12595657,0 86.58813709,22.12600624,0 86.58809705,22.12604484,0 86.58805405,22.12601806,0 86.58815180,22.12635795,0 86.58816562,22.12643605,0 86.58820938,22.12654583,0 86.58827636,22.12655765,0 86.58829760,22.12658444,0 86.58824726,22.12660545,0 86.58825676,22.12662663,0 86.58826086,22.12664185,0 86.58827322,22.12666639,0 86.58829357,22.12670360,0 86.58828521,22.12676356,0 86.58819178,22.12677955,0 86.58801999,22.12682807,0 86.58797949,22.12685100,0 86.58796056,22.12688075,0 86.58791016,22.12688408,0 86.58791286,22.12685430,0 86.58780076,22.12689391,0 86.58787076,22.12723703,0 86.58782912,22.12726900,0 86.58785204,22.12732665,0 86.58780735,22.12740349,0 86.58783228,22.12743665,0 86.58783824,22.12744881,0 86.58784259,22.12754491,0 86.58787369,22.12763136,0 86.58787789,22.12770046,0 86.58790194,22.12774746,0 86.58788540,22.12786134,0 86.58818866,22.12778066,0 86.58848409,22.12770549,0 86.58855720,22.12771610,0 86.58864701,22.12770284,0 86.58872119,22.12765319,0 86.58904526,22.12751699,0 86.58906169,22.12759071,0 86.58907552,22.12764502,0 86.58908520,22.12768549,0 86.58913460,22.12767036,0 86.58916861,22.12769926,0 86.58915047,22.12771783,0 86.58909891,22.12773982,0 86.58912480,22.12779636,0 86.58915229,22.12783478,0 86.58917309,22.12783140,0 86.58922433,22.12782634,0 86.58925868,22.12779965,0 86.58932158,22.12777671,0 86.58933868,22.12777184,0 86.58939380,22.12774934,0 86.58950007,22.12772407,0 86.58959770,22.12802119,0 86.58957566,22.12796393,0 86.58954069,22.12798374,0 86.58947866,22.12794818,0 86.58937864,22.12795702,0 86.58936805,22.12798674,0 86.58936597,22.12801381,0 86.58936903,22.12804731,0 86.58931361,22.12806888,0 86.58928478,22.12804425,0 86.58927930,22.12798375,0 86.58924315,22.12798376,0 86.58918687,22.12801381,0 86.58918621,22.12804425,0 86.58912483,22.12808441,0 86.58909445,22.12805654,0 86.58905841,22.12807199,0 86.58901118,22.12806580,0 86.58896309,22.12806580,0 86.58889211,22.12809611,0 86.58883651,22.12810681,0 86.58884565,22.12826766,0 86.58898988,22.12823414,0 86.58908551,22.12818994,0 86.58916754,22.12817169,0 86.58926453,22.12813549,0 86.58933485,22.12810680,0 86.58937412,22.12813549,0 86.58937405,22.12821716,0 86.58938414,22.12826875,0 86.58938997,22.12833592,0 86.58941132,22.12841931,0 86.58944652,22.12844230,0 86.58950155,22.12848087,0 86.58953222,22.12857076,0 86.58950702,22.12863029,0 86.58949777,22.12869459,0 86.58945150,22.12875563,0 86.58947867,22.12883820,0 86.58953992,22.12890524,0 86.58958081,22.12899461,0 86.58963112,22.12903771,0 86.58970707,22.12901180,0 86.58970310,22.12909430,0 86.58963063,22.12915595,0 86.58956631,22.12917814,0 86.58954418,22.12923629,0 86.58954396,22.12925432,0 86.58954379,22.12926787,0 86.58953426,22.12933620,0 86.58949110,22.12931789,0 86.58944858,22.12927694,0 86.58947984,22.12922282,0 86.58942415,22.12921385,0 86.58937245,22.12921833,0 86.58932695,22.12916482,0 86.58939158,22.12914710,0 86.58940689,22.12905072,0 86.58936997,22.12901181,0 86.58938146,22.12890525,0 86.58929326,22.12892215,0 86.58925427,22.12895612,0 86.58918220,22.12897319,0 86.58913933,22.12899032,0 86.58906390,22.12898604,0 86.58908817,22.12907684,0 86.58909782,22.12920938,0 86.58907655,22.12928148,0 86.58901864,22.12930877,0 86.58898171,22.12927695,0 86.58901855,22.12924080,0 86.58902867,22.12914711,0 86.58899025,22.12914711,0 86.58895427,22.12911186,0 86.58899940,22.12907248,0 86.58899015,22.12902044,0 86.58889150,22.12904206,0 86.58879556,22.12907684,0 86.58873261,22.12911625,0 86.58862422,22.12917816,0 86.58856618,22.12920045,0 86.58851220,22.12922284,0 86.58843537,22.12925434,0 86.58834364,22.12926338,0 86.58838926,22.12934999,0 86.58838836,22.12946616,0 86.58840143,22.12954186,0 86.58843254,22.12961864,0 86.58848444,22.12971616,0 86.58852224,22.12978547,0 86.58866095,22.12975565,0 86.58867179,22.12968671,0 86.58873187,22.12966717,0 86.58878128,22.12972107,0 86.58894584,22.12961862,0 86.58899403,22.12963314,0 86.58892585,22.12958490,0 86.58891963,22.12954661,0 86.58885002,22.12941473,0 86.58879995,22.12933163,0 86.58877892,22.12927242,0 86.58878630,22.12923631,0 86.58885202,22.12927695,0 86.58890859,22.12933163,0 86.58895011,22.12942404,0 86.58897972,22.12950860,0 86.58898323,22.12952282,0 86.58903539,22.12961379,0 86.58913919,22.12958970,0 86.58922615,22.12953232,0 86.58935555,22.12949913,0 86.58945343,22.12946144,0 86.58963395,22.12941471,0 86.58975182,22.12936377,0 86.58982137,22.12934996,0 86.58992551,22.12933619,0 86.59016900,22.12924529,0 86.59023982,22.12944269,0 86.59031325,22.12957048,0 86.59039452,22.12958967,0 86.59036443,22.12967690,0 86.59047206,22.12982642,0 86.59074017,22.13002184,0 86.59074957,22.13015808,0 86.59080353,22.13025816,0 86.59097986,22.13017054,0 86.59137102,22.12922450,0 86.59138751,22.12908829,0 86.59147146,22.12892518,0 86.59143637,22.12869774,0 86.59149163,22.12836831,0 86.59163300,22.12835755,0 86.59203396,22.12818757,0 86.59201924,22.12777067,0 86.59207333,22.12747233,0 86.59197363,22.12700252,0 86.59183029,22.12651731,0 86.59180713,22.12640176,0 86.59163852,22.12603732,0 86.59140539,22.12529140,0 86.59130844,22.12501510,0 86.59101166,22.12513569,0 86.59070145,22.12526559,0 86.59039109,22.12535361,0 86.59005787,22.12545347,0 86.58968149,22.12554107,0 86.58933133,22.12564568,0 86.58902243,22.12575821,0</coordinates></LinearRing></outerBoundaryIs><innerBoundaryIs><LinearRing><coordinates>86.59051324,22.12926836,0 86.59055651,22.12924077,0 86.59059409,22.12922729,0 86.59060630,22.12926786,0 86.59056426,22.12928145,0 86.59051324,22.12926836,0</coordinates></LinearRing></innerBoundaryIs><innerBoundaryIs><LinearRing><coordinates>86.58960327,22.12803800,0 86.58963294,22.12809254,0 86.58961908,22.12815716,0 86.58958626,22.12818628,0 86.58952736,22.12818993,0 86.58948329,22.12817898,0 86.58944723,22.12813189,0 86.58950214,22.12811037,0 86.58956034,22.12808899,0 86.58960011,22.12807127,0 86.58960327,22.12803800,0</coordinates></LinearRing></innerBoundaryIs><innerBoundaryIs><LinearRing><coordinates>86.58922617,22.12620884,0 86.58924371,22.12623669,0 86.58922716,22.12621102,0 86.58922617,22.12620884,0</coordinates></LinearRing></innerBoundaryIs><innerBoundaryIs><LinearRing><coordinates>86.58932979,22.12637017,0 86.58935325,22.12636722,0 86.58940728,22.12633888,0 86.58943889,22.12639097,0 86.58937410,22.12643888,0 86.58932979,22.12637017,0</coordinates></LinearRing></innerBoundaryIs></Polygon></MultiGeometry>
		</Placemark>
		<Placemark id="ID_00042">
			<name>765383435</name>
			<Snippet maxLines="0"/>
			<description>&lt;html xmlns:fo="http://www.w3.org/1999/XSL/Format" xmlns:msxsl="urn:schemas-microsoft-com:xslt"&gt;

&lt;head&gt;

&lt;META http-equiv="Content-Type" content="text/html"&gt;

&lt;meta http-equiv="content-type" content="text/html; charset=UTF-8"&gt;

&lt;/head&gt;

&lt;body style="margin:0px 0px 0px 0px;overflow:auto;background:#FFFFFF;"&gt;

&lt;table style="font-family:Arial,Verdana,Times;font-size:12px;text-align:left;width:100%;border-collapse:collapse;padding:3px 3px 3px 3px"&gt;

&lt;tr style="text-align:center;font-weight:bold;background:#9CBCE2"&gt;

&lt;td&gt;765383435&lt;/td&gt;

&lt;/tr&gt;

&lt;tr&gt;

&lt;td&gt;

&lt;table style="font-family:Arial,Verdana,Times;font-size:12px;text-align:left;width:100%;border-spacing:0px; padding:3px 3px 3px 3px"&gt;

&lt;tr&gt;

&lt;td&gt;SHAPE&lt;/td&gt;

&lt;td&gt;Polygon&lt;/td&gt;

&lt;/tr&gt;

&lt;tr bgcolor="#D4E4F3"&gt;

&lt;td&gt;Name&lt;/td&gt;

&lt;td&gt;765383435&lt;/td&gt;

&lt;/tr&gt;

&lt;tr&gt;

&lt;td&gt;farmername&lt;/td&gt;

&lt;td&gt;Dasamat Majhi&lt;/td&gt;

&lt;/tr&gt;

&lt;tr bgcolor="#D4E4F3"&gt;

&lt;td&gt;state&lt;/td&gt;

&lt;td&gt;Odisha&lt;/td&gt;

&lt;/tr&gt;

&lt;tr&gt;

&lt;td&gt;district&lt;/td&gt;

&lt;td&gt;Mayurbhanj&lt;/td&gt;

&lt;/tr&gt;

&lt;tr bgcolor="#D4E4F3"&gt;

&lt;td&gt;block&lt;/td&gt;

&lt;td&gt;Samakhunta&lt;/td&gt;

&lt;/tr&gt;

&lt;tr&gt;

&lt;td&gt;grampanchayat&lt;/td&gt;

&lt;td&gt;Kuchilaghati&lt;/td&gt;

&lt;/tr&gt;

&lt;tr bgcolor="#D4E4F3"&gt;

&lt;td&gt;village&lt;/td&gt;

&lt;td&gt;Godipokhari&lt;/td&gt;

&lt;/tr&gt;

&lt;tr&gt;

&lt;td&gt;_id&lt;/td&gt;

&lt;td&gt;765383435&lt;/td&gt;

&lt;/tr&gt;

&lt;tr bgcolor="#D4E4F3"&gt;

&lt;td&gt;latitude&lt;/td&gt;

&lt;td&gt;21.932&lt;/td&gt;

&lt;/tr&gt;

&lt;tr&gt;

&lt;td&gt;longitude&lt;/td&gt;

&lt;td&gt;86.62&lt;/td&gt;

&lt;/tr&gt;

&lt;tr bgcolor="#D4E4F3"&gt;

&lt;td&gt;area_ha&lt;/td&gt;

&lt;td&gt;3.696&lt;/td&gt;

&lt;/tr&gt;

&lt;tr&gt;

&lt;td&gt;LP_id&lt;/td&gt;

&lt;td&gt;LP43&lt;/td&gt;

&lt;/tr&gt;

&lt;tr bgcolor="#D4E4F3"&gt;

&lt;td&gt;Plantation_year&lt;/td&gt;

&lt;td&gt;2025&lt;/td&gt;

&lt;/tr&gt;

&lt;tr&gt;

&lt;td&gt;SHAPE_Length&lt;/td&gt;

&lt;td&gt;2220.9502&lt;/td&gt;

&lt;/tr&gt;

&lt;tr bgcolor="#D4E4F3"&gt;

&lt;td&gt;SHAPE_Area&lt;/td&gt;

&lt;td&gt;36931.409694&lt;/td&gt;

&lt;/tr&gt;

&lt;/table&gt;

&lt;/td&gt;

&lt;/tr&gt;

&lt;/table&gt;

&lt;/body&gt;

&lt;/html&gt;</description>
			<styleUrl>#PolyStyle00</styleUrl>
			<MultiGeometry>
				<Polygon><outerBoundaryIs><LinearRing><coordinates>86.61873714,21.93070924,0 86.61868932,21.93080146,0 86.61841187,21.93084341,0 86.61842277,21.93101897,0 86.61880305,21.93094102,0 86.61879121,21.93098650,0 86.61868203,21.93103914,0 86.61847060,21.93111094,0 86.61841251,21.93118498,0 86.61843464,21.93185124,0 86.61868981,21.93189686,0 86.61890548,21.93183511,0 86.61908532,21.93177913,0 86.61919273,21.93182729,0 86.61923852,21.93189183,0 86.61930405,21.93204962,0 86.61947152,21.93202433,0 86.61945176,21.93192114,0 86.61945144,21.93182030,0 86.61946660,21.93183212,0 86.61951497,21.93182612,0 86.61952425,21.93184732,0 86.61959169,21.93184732,0 86.61961676,21.93185969,0 86.61964356,21.93186385,0 86.61967168,21.93185969,0 86.61971363,21.93185040,0 86.61976562,21.93185658,0 86.61979442,21.93187858,0 86.61982441,21.93192441,0 86.61984174,21.93189999,0 86.61989746,21.93183817,0 86.61995290,21.93178344,0 86.62003674,21.93181251,0 86.62005924,21.93182531,0 86.62005812,21.93187365,0 86.62003801,21.93193615,0 86.62000484,21.93202806,0 86.62009676,21.93202433,0 86.62012634,21.93201647,0 86.62014668,21.93201647,0 86.62016068,21.93203455,0 86.62014243,21.93208105,0 86.62011144,21.93212807,0 86.62007615,21.93218589,0 86.62007157,21.93223884,0 86.62004476,21.93224504,0 86.61998339,21.93226225,0 86.61994662,21.93226383,0 86.61997295,21.93228932,0 86.61997580,21.93228932,0 86.62000053,21.93235959,0 86.61993680,21.93247761,0 86.61987178,21.93248097,0 86.61979660,21.93247761,0 86.61974651,21.93252165,0 86.61973801,21.93258393,0 86.61970766,21.93265498,0 86.61964958,21.93265498,0 86.61959746,21.93262633,0 86.61958678,21.93270591,0 86.61960347,21.93285415,0 86.61964567,21.93286893,0 86.61973019,21.93273319,0 86.61975194,21.93268396,0 86.61984482,21.93271980,0 86.61989540,21.93273929,0 86.61990645,21.93276179,0 86.61989305,21.93282778,0 86.61996147,21.93279024,0 86.62009542,21.93272338,0 86.62018857,21.93266235,0 86.62023962,21.93260640,0 86.62031415,21.93263020,0 86.62032409,21.93255960,0 86.62031995,21.93255190,0 86.62040896,21.93252219,0 86.62046807,21.93266017,0 86.62037207,21.93270940,0 86.62041285,21.93284809,0 86.62040466,21.93290782,0 86.62038731,21.93292700,0 86.62041023,21.93296581,0 86.62059974,21.93295941,0 86.62069203,21.93296581,0 86.62073551,21.93290789,0 86.62088478,21.93285283,0 86.62090141,21.93263380,0 86.62090235,21.93263428,0 86.62095128,21.93261351,0 86.62108909,21.93261647,0 86.62099874,21.93227197,0 86.62095643,21.93227678,0 86.62093921,21.93230098,0 86.62089816,21.93229369,0 86.62082331,21.93217121,0 86.62083087,21.93209051,0 86.62064358,21.93148145,0 86.62053131,21.93149097,0 86.62049412,21.93136835,0 86.62053836,21.93134627,0 86.62059051,21.93135571,0 86.62039561,21.93100736,0 86.62036747,21.93103516,0 86.62039123,21.93111174,0 86.62031972,21.93115527,0 86.62025434,21.93121744,0 86.62016663,21.93119359,0 86.62012487,21.93116709,0 86.62007344,21.93118080,0 86.61985432,21.93095396,0 86.61977009,21.93097345,0 86.61971003,21.93088333,0 86.61974397,21.93083905,0 86.61969029,21.93077050,0 86.61958991,21.93082649,0 86.61950207,21.93082023,0 86.61943706,21.93080150,0 86.61942993,21.93073362,0 86.61932899,21.93054874,0 86.61923713,21.93038388,0 86.61900668,21.93023161,0 86.61897497,21.93032327,0 86.61887500,21.93033970,0 86.61881842,21.93026907,0 86.61883215,21.93021039,0 86.61869183,21.93014230,0 86.61830367,21.93015269,0 86.61820338,21.93019456,0 86.61820984,21.93025297,0 86.61814836,21.93031781,0 86.61825607,21.93029607,0 86.61832188,21.93032327,0 86.61852863,21.93034519,0 86.61862558,21.93056778,0 86.61843027,21.93055790,0 86.61844354,21.93059755,0 86.61869332,21.93064301,0 86.61873714,21.93070924,0</coordinates></LinearRing></outerBoundaryIs><innerBoundaryIs><LinearRing><coordinates>86.62076301,21.93256261,0 86.62075061,21.93255626,0 86.62074432,21.93262833,0 86.62069887,21.93269763,0 86.62068203,21.93280050,0 86.62064515,21.93284219,0 86.62060333,21.93279415,0 86.62058802,21.93273146,0 86.62058141,21.93265522,0 86.62058058,21.93258122,0 86.62059916,21.93252074,0 86.62067058,21.93251506,0 86.62076301,21.93256261,0</coordinates></LinearRing></innerBoundaryIs><innerBoundaryIs><LinearRing><coordinates>86.62048066,21.93250168,0 86.62049566,21.93249739,0 86.62046631,21.93246372,0 86.62041940,21.93243354,0 86.62036325,21.93236562,0 86.62030283,21.93233959,0 86.62028483,21.93223849,0 86.62031148,21.93215770,0 86.62027203,21.93209778,0 86.62026928,21.93203206,0 86.62018751,21.93192544,0 86.62018352,21.93188572,0 86.62023773,21.93192073,0 86.62030407,21.93198290,0 86.62032472,21.93203455,0 86.62031824,21.93210808,0 86.62036469,21.93211843,0 86.62037160,21.93212102,0 86.62037870,21.93212102,0 86.62040996,21.93218696,0 86.62045385,21.93226610,0 86.62046106,21.93226888,0 86.62048533,21.93232813,0 86.62050307,21.93238021,0 86.62054805,21.93247285,0 86.62051620,21.93250047,0 86.62048778,21.93250047,0 86.62048066,21.93250168,0</coordinates></LinearRing></innerBoundaryIs><innerBoundaryIs><LinearRing><coordinates>86.61966315,21.93148667,0 86.61966361,21.93148595,0 86.61957486,21.93148392,0 86.61953277,21.93146952,0 86.61950576,21.93140619,0 86.61948064,21.93137938,0 86.61944994,21.93137338,0 86.61942030,21.93135673,0 86.61937506,21.93134732,0 86.61937796,21.93131957,0 86.61942213,21.93128030,0 86.61943593,21.93121565,0 86.61949418,21.93119862,0 86.61954107,21.93121405,0 86.61954497,21.93123181,0 86.61959521,21.93125310,0 86.61962958,21.93125333,0 86.61968086,21.93127920,0 86.61971199,21.93133452,0 86.61975643,21.93136859,0 86.61980318,21.93141485,0 86.61979955,21.93147605,0 86.61974741,21.93150251,0 86.61966315,21.93148667,0</coordinates></LinearRing></innerBoundaryIs><innerBoundaryIs><LinearRing><coordinates>86.62043071,21.93149950,0 86.62037019,21.93150463,0 86.62040662,21.93153135,0 86.62040495,21.93155833,0 86.62042158,21.93160273,0 86.62038944,21.93165132,0 86.62030560,21.93164083,0 86.62029410,21.93158215,0 86.62032259,21.93150463,0 86.62043071,21.93149950,0</coordinates></LinearRing></innerBoundaryIs></Polygon></MultiGeometry>
		</Placemark>
		<Placemark id="ID_00043">
			<name>765393619</name>
			<Snippet maxLines="0"/>
			<description>&lt;html xmlns:fo="http://www.w3.org/1999/XSL/Format" xmlns:msxsl="urn:schemas-microsoft-com:xslt"&gt;

&lt;head&gt;

&lt;META http-equiv="Content-Type" content="text/html"&gt;

&lt;meta http-equiv="content-type" content="text/html; charset=UTF-8"&gt;

&lt;/head&gt;

&lt;body style="margin:0px 0px 0px 0px;overflow:auto;background:#FFFFFF;"&gt;

&lt;table style="font-family:Arial,Verdana,Times;font-size:12px;text-align:left;width:100%;border-collapse:collapse;padding:3px 3px 3px 3px"&gt;

&lt;tr style="text-align:center;font-weight:bold;background:#9CBCE2"&gt;

&lt;td&gt;765393619&lt;/td&gt;

&lt;/tr&gt;

&lt;tr&gt;

&lt;td&gt;

&lt;table style="font-family:Arial,Verdana,Times;font-size:12px;text-align:left;width:100%;border-spacing:0px; padding:3px 3px 3px 3px"&gt;

&lt;tr&gt;

&lt;td&gt;SHAPE&lt;/td&gt;

&lt;td&gt;Polygon&lt;/td&gt;

&lt;/tr&gt;

&lt;tr bgcolor="#D4E4F3"&gt;

&lt;td&gt;Name&lt;/td&gt;

&lt;td&gt;765393619&lt;/td&gt;

&lt;/tr&gt;

&lt;tr&gt;

&lt;td&gt;farmername&lt;/td&gt;

&lt;td&gt;Ludu majhi&lt;/td&gt;

&lt;/tr&gt;

&lt;tr bgcolor="#D4E4F3"&gt;

&lt;td&gt;state&lt;/td&gt;

&lt;td&gt;Odisha&lt;/td&gt;

&lt;/tr&gt;

&lt;tr&gt;

&lt;td&gt;district&lt;/td&gt;

&lt;td&gt;Mayurbhanj&lt;/td&gt;

&lt;/tr&gt;

&lt;tr bgcolor="#D4E4F3"&gt;

&lt;td&gt;block&lt;/td&gt;

&lt;td&gt;Samakhunta&lt;/td&gt;

&lt;/tr&gt;

&lt;tr&gt;

&lt;td&gt;grampanchayat&lt;/td&gt;

&lt;td&gt;Kendua&lt;/td&gt;

&lt;/tr&gt;

&lt;tr bgcolor="#D4E4F3"&gt;

&lt;td&gt;village&lt;/td&gt;

&lt;td&gt;Rangibhol&lt;/td&gt;

&lt;/tr&gt;

&lt;tr&gt;

&lt;td&gt;_id&lt;/td&gt;

&lt;td&gt;765393619&lt;/td&gt;

&lt;/tr&gt;

&lt;tr bgcolor="#D4E4F3"&gt;

&lt;td&gt;latitude&lt;/td&gt;

&lt;td&gt;21.876&lt;/td&gt;

&lt;/tr&gt;

&lt;tr&gt;

&lt;td&gt;longitude&lt;/td&gt;

&lt;td&gt;86.64&lt;/td&gt;

&lt;/tr&gt;

&lt;tr bgcolor="#D4E4F3"&gt;

&lt;td&gt;area_ha&lt;/td&gt;

&lt;td&gt;17.223&lt;/td&gt;

&lt;/tr&gt;

&lt;tr&gt;

&lt;td&gt;LP_id&lt;/td&gt;

&lt;td&gt;LP44&lt;/td&gt;

&lt;/tr&gt;

&lt;tr bgcolor="#D4E4F3"&gt;

&lt;td&gt;Plantation_year&lt;/td&gt;

&lt;td&gt;2025&lt;/td&gt;

&lt;/tr&gt;

&lt;tr&gt;

&lt;td&gt;SHAPE_Length&lt;/td&gt;

&lt;td&gt;8059.995133&lt;/td&gt;

&lt;/tr&gt;

&lt;tr bgcolor="#D4E4F3"&gt;

&lt;td&gt;SHAPE_Area&lt;/td&gt;

&lt;td&gt;172100.556886&lt;/td&gt;

&lt;/tr&gt;

&lt;/table&gt;

&lt;/td&gt;

&lt;/tr&gt;

&lt;/table&gt;

&lt;/body&gt;

&lt;/html&gt;</description>
			<styleUrl>#PolyStyle00</styleUrl>
			<MultiGeometry>
				<Polygon><outerBoundaryIs><LinearRing><coordinates>86.63951528,21.87372149,0 86.63930394,21.87363822,0 86.63904085,21.87370960,0 86.63902249,21.87397406,0 86.63904833,21.87412520,0 86.63903902,21.87435105,0 86.63906142,21.87442687,0 86.63910223,21.87448650,0 86.63932481,21.87449935,0 86.63928676,21.87440571,0 86.63935295,21.87434687,0 86.63943907,21.87437622,0 86.63948186,21.87444385,0 86.63948741,21.87447367,0 86.63939316,21.87450794,0 86.63910224,21.87449078,0 86.63910246,21.87456403,0 86.63901110,21.87457271,0 86.63898872,21.87449935,0 86.63898034,21.87440149,0 86.63897593,21.87438884,0 86.63897683,21.87426793,0 86.63896459,21.87413730,0 86.63894357,21.87404119,0 86.63893728,21.87382293,0 86.63889924,21.87378481,0 86.63888208,21.87378861,0 86.63879229,21.87378861,0 86.63870092,21.87383825,0 86.63868511,21.87392713,0 86.63871131,21.87391935,0 86.63873961,21.87398979,0 86.63874154,21.87407705,0 86.63874973,21.87426380,0 86.63871759,21.87429689,0 86.63868160,21.87430519,0 86.63874438,21.87446513,0 86.63874880,21.87446939,0 86.63878345,21.87453807,0 86.63878164,21.87461627,0 86.63879826,21.87469549,0 86.63880249,21.87471323,0 86.63881840,21.87484340,0 86.63883430,21.87499490,0 86.63882297,21.87509324,0 86.63880304,21.87513585,0 86.63889738,21.87523158,0 86.63884432,21.87523641,0 86.63876288,21.87521713,0 86.63868649,21.87519791,0 86.63866576,21.87509323,0 86.63873393,21.87503686,0 86.63871192,21.87497634,0 86.63873349,21.87487523,0 86.63867997,21.87478920,0 86.63867421,21.87467779,0 86.63867938,21.87466015,0 86.63868764,21.87454239,0 86.63864142,21.87443110,0 86.63851833,21.87445660,0 86.63836470,21.87445234,0 86.63835388,21.87440570,0 86.63833071,21.87434268,0 86.63832700,21.87433016,0 86.63831461,21.87431350,0 86.63826789,21.87421042,0 86.63826816,21.87420633,0 86.63826977,21.87411714,0 86.63827190,21.87402136,0 86.63802428,21.87415751,0 86.63801509,21.87416156,0 86.63783509,21.87419408,0 86.63760083,21.87422678,0 86.63753444,21.87425966,0 86.63759394,21.87435522,0 86.63764586,21.87444808,0 86.63773334,21.87451651,0 86.63776620,21.87481171,0 86.63789488,21.87513584,0 86.63802021,21.87506498,0 86.63807356,21.87517397,0 86.63810337,21.87523682,0 86.63819971,21.87529457,0 86.63819512,21.87536311,0 86.63813986,21.87538776,0 86.63797654,21.87541747,0 86.63803182,21.87550613,0 86.63820872,21.87581976,0 86.63830965,21.87573281,0 86.63839775,21.87572663,0 86.63841306,21.87580108,0 86.63860248,21.87580108,0 86.63876203,21.87576448,0 86.63880725,21.87576380,0 86.63890955,21.87582567,0 86.63896426,21.87578831,0 86.63903975,21.87567326,0 86.63901558,21.87559784,0 86.63901889,21.87554541,0 86.63889754,21.87544850,0 86.63887116,21.87553568,0 86.63883344,21.87553557,0 86.63882310,21.87547348,0 86.63882154,21.87546580,0 86.63883453,21.87540518,0 86.63883708,21.87540269,0 86.63886866,21.87538534,0 86.63888017,21.87543559,0 86.63902409,21.87553770,0 86.63918541,21.87556088,0 86.63912079,21.87568344,0 86.63919222,21.87576380,0 86.63951069,21.87570811,0 86.63952405,21.87571428,0 86.63960474,21.87572665,0 86.63959680,21.87580732,0 86.63949203,21.87597668,0 86.63958527,21.87598521,0 86.63958418,21.87598615,0 86.63959323,21.87604639,0 86.63968791,21.87614212,0 86.63966664,21.87619994,0 86.63975689,21.87625286,0 86.63999768,21.87623559,0 86.63998943,21.87617096,0 86.63992757,21.87611274,0 86.63998643,21.87603259,0 86.63998898,21.87601244,0 86.64010380,21.87592070,0 86.64011230,21.87591588,0 86.64019563,21.87580183,0 86.64020349,21.87580183,0 86.64025857,21.87584390,0 86.64027203,21.87591158,0 86.64025094,21.87600945,0 86.64027282,21.87607648,0 86.64026508,21.87615964,0 86.64029537,21.87618691,0 86.64038386,21.87631174,0 86.64033885,21.87635016,0 86.64022298,21.87633571,0 86.64021541,21.87624586,0 86.64013033,21.87626659,0 86.64004849,21.87625877,0 86.63976349,21.87626376,0 86.63974826,21.87631643,0 86.63971267,21.87642095,0 86.63966220,21.87657947,0 86.63952252,21.87658752,0 86.63956114,21.87678062,0 86.63950189,21.87693714,0 86.63933828,21.87724229,0 86.63924689,21.87742624,0 86.63914185,21.87754081,0 86.63906159,21.87754801,0 86.63887244,21.87754800,0 86.63869856,21.87753361,0 86.63828508,21.87751924,0 86.63828228,21.87767097,0 86.63834144,21.87789097,0 86.63831908,21.87800989,0 86.63834213,21.87811487,0 86.63884325,21.87805478,0 86.63895356,21.87827398,0 86.63888960,21.87837347,0 86.63911508,21.87837347,0 86.63931369,21.87824352,0 86.63938316,21.87814503,0 86.63942393,21.87797261,0 86.63948407,21.87792060,0 86.63947123,21.87781722,0 86.63941640,21.87762744,0 86.63953376,21.87759127,0 86.63959846,21.87765645,0 86.63969991,21.87774389,0 86.63972074,21.87787619,0 86.63983889,21.87782458,0 86.63994924,21.87786881,0 86.63989506,21.87771818,0 86.63992879,21.87760436,0 86.63992354,21.87745492,0 86.63990366,21.87742452,0 86.63996667,21.87718274,0 86.64007283,21.87726709,0 86.64008354,21.87738434,0 86.64009285,21.87760965,0 86.64007944,21.87778594,0 86.64003325,21.87790158,0 86.63999368,21.87798007,0 86.64028283,21.87801737,0 86.64037717,21.87792541,0 86.64029024,21.87801737,0 86.64056772,21.87805217,0 86.64086097,21.87801738,0 86.64108096,21.87805217,0 86.64108170,21.87805030,0 86.64114100,21.87812860,0 86.64119835,21.87814863,0 86.64153513,21.87825559,0 86.64180451,21.87842268,0 86.64225219,21.87870738,0 86.64223189,21.87848298,0 86.64208642,21.87828367,0 86.64207871,21.87825874,0 86.64202832,21.87821757,0 86.64200274,21.87815264,0 86.64201217,21.87808095,0 86.64208060,21.87804563,0 86.64217232,21.87819716,0 86.64222650,21.87814862,0 86.64235068,21.87812060,0 86.64257722,21.87797354,0 86.64249164,21.87784512,0 86.64246714,21.87774139,0 86.64235924,21.87768837,0 86.64227675,21.87760162,0 86.64220016,21.87751315,0 86.64224106,21.87734435,0 86.64212596,21.87735900,0 86.64213025,21.87744056,0 86.64199246,21.87753611,0 86.64198898,21.87755010,0 86.64189640,21.87759275,0 86.64185018,21.87749743,0 86.64204591,21.87735626,0 86.64215035,21.87728450,0 86.64172770,21.87736494,0 86.64174269,21.87743805,0 86.64175426,21.87750846,0 86.64178448,21.87753785,0 86.64179624,21.87754207,0 86.64183820,21.87758451,0 86.64177142,21.87762744,0 86.64168624,21.87757172,0 86.64161460,21.87751265,0 86.64165657,21.87748345,0 86.64166019,21.87743395,0 86.64167218,21.87737702,0 86.64214605,21.87726970,0 86.64218555,21.87716044,0 86.64222417,21.87677810,0 86.64218128,21.87681921,0 86.64216978,21.87683273,0 86.64204134,21.87687220,0 86.64187835,21.87689751,0 86.64189976,21.87674771,0 86.64203924,21.87673542,0 86.64220523,21.87670363,0 86.64219462,21.87643894,0 86.64221493,21.87633204,0 86.64215200,21.87621699,0 86.64209682,21.87617431,0 86.64211326,21.87607954,0 86.64212415,21.87594728,0 86.64217820,21.87587392,0 86.64219693,21.87586481,0 86.64216071,21.87574604,0 86.64201406,21.87570496,0 86.64200886,21.87576040,0 86.64197684,21.87582537,0 86.64184663,21.87579287,0 86.64181494,21.87586586,0 86.64184867,21.87577393,0 86.64181644,21.87572593,0 86.64187758,21.87567280,0 86.64213267,21.87571298,0 86.64197018,21.87531185,0 86.64157437,21.87550174,0 86.64156747,21.87550427,0 86.64149658,21.87546629,0 86.64138390,21.87547453,0 86.64136493,21.87538026,0 86.64138733,21.87529699,0 86.64145861,21.87524901,0 86.64151351,21.87518554,0 86.64154836,21.87489120,0 86.64154030,21.87481282,0 86.64117478,21.87468405,0 86.64154462,21.87480797,0 86.64185348,21.87463025,0 86.64185205,21.87462578,0 86.64224029,21.87438901,0 86.64196255,21.87279557,0 86.64180648,21.87291119,0 86.64165755,21.87296514,0 86.64145846,21.87304629,0 86.64120994,21.87314551,0 86.64132390,21.87326586,0 86.64132593,21.87330149,0 86.64125442,21.87332581,0 86.64124672,21.87332826,0 86.64123072,21.87332799,0 86.64111376,21.87335240,0 86.64122373,21.87340450,0 86.64125300,21.87337901,0 86.64129436,21.87334461,0 86.64137321,21.87336521,0 86.64134372,21.87344523,0 86.64128245,21.87343439,0 86.64110068,21.87338122,0 86.64108479,21.87338131,0 86.64108239,21.87338397,0 86.64104604,21.87339225,0 86.64098010,21.87339586,0 86.64087908,21.87343516,0 86.64080305,21.87341459,0 86.64081157,21.87332868,0 86.64063421,21.87335833,0 86.64029718,21.87346821,0 86.64025422,21.87333979,0 86.64027253,21.87319578,0 86.64026620,21.87316173,0 86.64024578,21.87312093,0 86.64022600,21.87297993,0 86.64036593,21.87290942,0 86.64037830,21.87293141,0 86.64053405,21.87284768,0 86.64057956,21.87283695,0 86.64056596,21.87277013,0 86.64044910,21.87259659,0 86.64034384,21.87225976,0 86.64039631,21.87210286,0 86.64046828,21.87199882,0 86.64047682,21.87192108,0 86.64031626,21.87207536,0 86.64021367,21.87216079,0 86.64006325,21.87224653,0 86.64013579,21.87236957,0 86.64018903,21.87244371,0 86.64026289,21.87251808,0 86.64019899,21.87268628,0 86.64012994,21.87272382,0 86.64002178,21.87264880,0 86.64003684,21.87257401,0 86.63997750,21.87246847,0 86.63986165,21.87247313,0 86.63970869,21.87259269,0 86.63971921,21.87271756,0 86.63981332,21.87279280,0 86.63985924,21.87288719,0 86.63985896,21.87289980,0 86.63985601,21.87303265,0 86.63990184,21.87314711,0 86.63996022,21.87333911,0 86.63995727,21.87348736,0 86.63999041,21.87359713,0 86.63999415,21.87365721,0 86.63984737,21.87370979,0 86.63995209,21.87381731,0 86.63998773,21.87379469,0 86.64002210,21.87382663,0 86.64002435,21.87382665,0 86.64002778,21.87387783,0 86.64016954,21.87393607,0 86.64022530,21.87394335,0 86.64022982,21.87403707,0 86.64022779,21.87404366,0 86.64022672,21.87411977,0 86.64025688,21.87419633,0 86.64025713,21.87420103,0 86.64019855,21.87427567,0 86.64012522,21.87434304,0 86.64010331,21.87423907,0 86.64010083,21.87423671,0 86.64013518,21.87413189,0 86.64017215,21.87394269,0 86.64000253,21.87386677,0 86.63984074,21.87371376,0 86.63975725,21.87375097,0 86.63967589,21.87367136,0 86.63957766,21.87372569,0 86.63951528,21.87372149,0</coordinates></LinearRing></outerBoundaryIs><innerBoundaryIs><LinearRing><coordinates>86.64128245,21.87343439,0 86.64112005,21.87359564,0 86.64113905,21.87362028,0 86.64112525,21.87367960,0 86.64109484,21.87377144,0 86.64109861,21.87387235,0 86.64110653,21.87392571,0 86.64112667,21.87401294,0 86.64119470,21.87406782,0 86.64121854,21.87412195,0 86.64125670,21.87421652,0 86.64121680,21.87427119,0 86.64117165,21.87425155,0 86.64115471,21.87411614,0 86.64108710,21.87409750,0 86.64102098,21.87401242,0 86.64099612,21.87384029,0 86.64105834,21.87373944,0 86.64102138,21.87371655,0 86.64102082,21.87367960,0 86.64107081,21.87363578,0 86.64128245,21.87343439,0</coordinates></LinearRing></innerBoundaryIs><innerBoundaryIs><LinearRing><coordinates>86.64043880,21.87786020,0 86.64034656,21.87783194,0 86.64033747,21.87772198,0 86.64027886,21.87772198,0 86.64027153,21.87772198,0 86.64020468,21.87763469,0 86.64027691,21.87757684,0 86.64031941,21.87749773,0 86.64026709,21.87738355,0 86.64034030,21.87727293,0 86.64041085,21.87727379,0 86.64049364,21.87730743,0 86.64048200,21.87735083,0 86.64043302,21.87744285,0 86.64044107,21.87749767,0 86.64043006,21.87755789,0 86.64042512,21.87759498,0 86.64041791,21.87771468,0 86.64049864,21.87772198,0 86.64050026,21.87779518,0 86.64043880,21.87786020,0</coordinates></LinearRing></innerBoundaryIs><innerBoundaryIs><LinearRing><coordinates>86.64034030,21.87727293,0 86.64053368,21.87688071,0 86.64043914,21.87685606,0 86.64038607,21.87674665,0 86.64040761,21.87669542,0 86.64043686,21.87666810,0 86.64047570,21.87651886,0 86.64044235,21.87665904,0 86.64050792,21.87665868,0 86.64055399,21.87666837,0 86.64058519,21.87671073,0 86.64057776,21.87680104,0 86.64034030,21.87727293,0</coordinates></LinearRing></innerBoundaryIs><innerBoundaryIs><LinearRing><coordinates>86.64113576,21.87791368,0 86.64116475,21.87784039,0 86.64109749,21.87780988,0 86.64108150,21.87776883,0 86.64108522,21.87770710,0 86.64112466,21.87770129,0 86.64118084,21.87771710,0 86.64125810,21.87759153,0 86.64118632,21.87771183,0 86.64121585,21.87777242,0 86.64116741,21.87784039,0 86.64113576,21.87791368,0</coordinates></LinearRing></innerBoundaryIs><innerBoundaryIs><LinearRing><coordinates>86.64121585,21.87777242,0 86.64139663,21.87786206,0 86.64140772,21.87782486,0 86.64144769,21.87781335,0 86.64144991,21.87781335,0 86.64149491,21.87783642,0 86.64151824,21.87787146,0 86.64155326,21.87784338,0 86.64154030,21.87779052,0 86.64157621,21.87775000,0 86.64163895,21.87777467,0 86.64168043,21.87781014,0 86.64163233,21.87785738,0 86.64158128,21.87787146,0 86.64154005,21.87791903,0 86.64149766,21.87795536,0 86.64140573,21.87789512,0 86.64139664,21.87786441,0 86.64121585,21.87777242,0</coordinates></LinearRing></innerBoundaryIs><innerBoundaryIs><LinearRing><coordinates>86.63961475,21.87595973,0 86.63965393,21.87590379,0 86.63970620,21.87580009,0 86.63973598,21.87580983,0 86.63975066,21.87584251,0 86.63969591,21.87588957,0 86.63961475,21.87595973,0</coordinates></LinearRing></innerBoundaryIs><innerBoundaryIs><LinearRing><coordinates>86.64060717,21.87750412,0 86.64062465,21.87750475,0 86.64063094,21.87744285,0 86.64064080,21.87737593,0 86.64070358,21.87739172,0 86.64072090,21.87743963,0 86.64071358,21.87748833,0 86.64067747,21.87750804,0 86.64060717,21.87750412,0</coordinates></LinearRing></innerBoundaryIs><innerBoundaryIs><LinearRing><coordinates>86.64077963,21.87627814,0 86.64076275,21.87624881,0 86.64072342,21.87622412,0 86.64071752,21.87614626,0 86.64072301,21.87614362,0 86.64073099,21.87614362,0 86.64078177,21.87615028,0 86.64078411,21.87614626,0 86.64081786,21.87616748,0 86.64081763,21.87617282,0 86.64079528,21.87625157,0 86.64077963,21.87627814,0</coordinates></LinearRing></innerBoundaryIs><innerBoundaryIs><LinearRing><coordinates>86.64052068,21.87632985,0 86.64046057,21.87626721,0 86.64048866,21.87621031,0 86.64052906,21.87620628,0 86.64053850,21.87625495,0 86.64052068,21.87632985,0</coordinates></LinearRing></innerBoundaryIs><innerBoundaryIs><LinearRing><coordinates>86.64136981,21.87740432,0 86.64132484,21.87736706,0 86.64127963,21.87731380,0 86.64134793,21.87728025,0 86.64141010,21.87730419,0 86.64140075,21.87735247,0 86.64136981,21.87740432,0</coordinates></LinearRing></innerBoundaryIs><innerBoundaryIs><LinearRing><coordinates>86.64174074,21.87785809,0 86.64175173,21.87784912,0 86.64177775,21.87783045,0 86.64182137,21.87780401,0 86.64184866,21.87773140,0 86.64188942,21.87777523,0 86.64191088,21.87781984,0 86.64193989,21.87789504,0 86.64188934,21.87799503,0 86.64184053,21.87798373,0 86.64181861,21.87794734,0 86.64179236,21.87790050,0 86.64174074,21.87785809,0</coordinates></LinearRing></innerBoundaryIs><innerBoundaryIs><LinearRing><coordinates>86.64090265,21.87459288,0 86.64087739,21.87468354,0 86.64081245,21.87466469,0 86.64073145,21.87469772,0 86.64069216,21.87475970,0 86.64073058,21.87485674,0 86.64064360,21.87491047,0 86.64057711,21.87487147,0 86.64051443,21.87476450,0 86.64057996,21.87466469,0 86.64068492,21.87466939,0 86.64070675,21.87460399,0 86.64067973,21.87455326,0 86.64074264,21.87451673,0 86.64074695,21.87451673,0 86.64081086,21.87455510,0 86.64080637,21.87456062,0 86.64090265,21.87459288,0</coordinates></LinearRing></innerBoundaryIs><innerBoundaryIs><LinearRing><coordinates>86.64093421,21.87440358,0 86.64105207,21.87425305,0 86.64086594,21.87415950,0 86.64082166,21.87419980,0 86.64076412,21.87423596,0 86.64074259,21.87415950,0 86.64079673,21.87412421,0 86.64074482,21.87408549,0 86.64068158,21.87403902,0 86.64062720,21.87380755,0 86.64071515,21.87379961,0 86.64075988,21.87393108,0 86.64080528,21.87411486,0 86.64100113,21.87422237,0 86.64101219,21.87414766,0 86.64106680,21.87416339,0 86.64107642,21.87416655,0 86.64111600,21.87418290,0 86.64107520,21.87423038,0 86.64093421,21.87440358,0</coordinates></LinearRing></innerBoundaryIs><innerBoundaryIs><LinearRing><coordinates>86.64012425,21.87439493,0 86.64012502,21.87450556,0 86.64016368,21.87453338,0 86.64017158,21.87459645,0 86.64019381,21.87463734,0 86.64025851,21.87465671,0 86.64027184,21.87466509,0 86.64030084,21.87471421,0 86.64021568,21.87475957,0 86.64011853,21.87473339,0 86.64011521,21.87457771,0 86.64012425,21.87439493,0</coordinates></LinearRing></innerBoundaryIs><innerBoundaryIs><LinearRing><coordinates>86.64141005,21.87364983,0 86.64149222,21.87361767,0 86.64150773,21.87361767,0 86.64156403,21.87367687,0 86.64158154,21.87372939,0 86.64153992,21.87378260,0 86.64153212,21.87378642,0 86.64144854,21.87376351,0 86.64142366,21.87369180,0 86.64141005,21.87364983,0</coordinates></LinearRing></innerBoundaryIs><innerBoundaryIs><LinearRing><coordinates>86.64181705,21.87451692,0 86.64174596,21.87429577,0 86.64169493,21.87424136,0 86.64168540,21.87419687,0 86.64169476,21.87412724,0 86.64170384,21.87411866,0 86.64172728,21.87411012,0 86.64174747,21.87418221,0 86.64175308,21.87426540,0 86.64174906,21.87429272,0 86.64181705,21.87451692,0</coordinates></LinearRing></innerBoundaryIs><innerBoundaryIs><LinearRing><coordinates>86.64115385,21.87565631,0 86.64085282,21.87576697,0 86.64090996,21.87586745,0 86.64098088,21.87593035,0 86.64102874,21.87598940,0 86.64100039,21.87602525,0 86.64099228,21.87603054,0 86.64085878,21.87603118,0 86.64067993,21.87596001,0 86.64056094,21.87593916,0 86.64045987,21.87584492,0 86.64060212,21.87577016,0 86.64076563,21.87579616,0 86.64115385,21.87565631,0</coordinates></LinearRing></innerBoundaryIs><innerBoundaryIs><LinearRing><coordinates>86.64178416,21.87594978,0 86.64183510,21.87607876,0 86.64180400,21.87613739,0 86.64175871,21.87622615,0 86.64178831,21.87640452,0 86.64184403,21.87636833,0 86.64185509,21.87627335,0 86.64198904,21.87620613,0 86.64203624,21.87635366,0 86.64204182,21.87636497,0 86.64206044,21.87648166,0 86.64206272,21.87649977,0 86.64195803,21.87655479,0 86.64184071,21.87663710,0 86.64182765,21.87663736,0 86.64172996,21.87661887,0 86.64162278,21.87640836,0 86.64162404,21.87625862,0 86.64170768,21.87621340,0 86.64162197,21.87612237,0 86.64154661,21.87603516,0 86.64147479,21.87591005,0 86.64150774,21.87586071,0 86.64161033,21.87596367,0 86.64170707,21.87596612,0 86.64177929,21.87596304,0 86.64178416,21.87594978,0</coordinates></LinearRing></innerBoundaryIs></Polygon></MultiGeometry>
		</Placemark>
		<Placemark id="ID_00044">
			<name>765413177</name>
			<Snippet maxLines="0"/>
			<description>&lt;html xmlns:fo="http://www.w3.org/1999/XSL/Format" xmlns:msxsl="urn:schemas-microsoft-com:xslt"&gt;

&lt;head&gt;

&lt;META http-equiv="Content-Type" content="text/html"&gt;

&lt;meta http-equiv="content-type" content="text/html; charset=UTF-8"&gt;

&lt;/head&gt;

&lt;body style="margin:0px 0px 0px 0px;overflow:auto;background:#FFFFFF;"&gt;

&lt;table style="font-family:Arial,Verdana,Times;font-size:12px;text-align:left;width:100%;border-collapse:collapse;padding:3px 3px 3px 3px"&gt;

&lt;tr style="text-align:center;font-weight:bold;background:#9CBCE2"&gt;

&lt;td&gt;765413177&lt;/td&gt;

&lt;/tr&gt;

&lt;tr&gt;

&lt;td&gt;

&lt;table style="font-family:Arial,Verdana,Times;font-size:12px;text-align:left;width:100%;border-spacing:0px; padding:3px 3px 3px 3px"&gt;

&lt;tr&gt;

&lt;td&gt;SHAPE&lt;/td&gt;

&lt;td&gt;Polygon&lt;/td&gt;

&lt;/tr&gt;

&lt;tr bgcolor="#D4E4F3"&gt;

&lt;td&gt;Name&lt;/td&gt;

&lt;td&gt;765413177&lt;/td&gt;

&lt;/tr&gt;

&lt;tr&gt;

&lt;td&gt;farmername&lt;/td&gt;

&lt;td&gt;Basudev Thakur&lt;/td&gt;

&lt;/tr&gt;

&lt;tr bgcolor="#D4E4F3"&gt;

&lt;td&gt;state&lt;/td&gt;

&lt;td&gt;Odisha&lt;/td&gt;

&lt;/tr&gt;

&lt;tr&gt;

&lt;td&gt;district&lt;/td&gt;

&lt;td&gt;Mayurbhanj&lt;/td&gt;

&lt;/tr&gt;

&lt;tr bgcolor="#D4E4F3"&gt;

&lt;td&gt;block&lt;/td&gt;

&lt;td&gt;Samakhunta&lt;/td&gt;

&lt;/tr&gt;

&lt;tr&gt;

&lt;td&gt;grampanchayat&lt;/td&gt;

&lt;td&gt;Samakhunta&lt;/td&gt;

&lt;/tr&gt;

&lt;tr bgcolor="#D4E4F3"&gt;

&lt;td&gt;village&lt;/td&gt;

&lt;td&gt;Jayabhila&lt;/td&gt;

&lt;/tr&gt;

&lt;tr&gt;

&lt;td&gt;_id&lt;/td&gt;

&lt;td&gt;765413177&lt;/td&gt;

&lt;/tr&gt;

&lt;tr bgcolor="#D4E4F3"&gt;

&lt;td&gt;latitude&lt;/td&gt;

&lt;td&gt;21.919&lt;/td&gt;

&lt;/tr&gt;

&lt;tr&gt;

&lt;td&gt;longitude&lt;/td&gt;

&lt;td&gt;86.659&lt;/td&gt;

&lt;/tr&gt;

&lt;tr bgcolor="#D4E4F3"&gt;

&lt;td&gt;area_ha&lt;/td&gt;

&lt;td&gt;1.848&lt;/td&gt;

&lt;/tr&gt;

&lt;tr&gt;

&lt;td&gt;LP_id&lt;/td&gt;

&lt;td&gt;LP45&lt;/td&gt;

&lt;/tr&gt;

&lt;tr bgcolor="#D4E4F3"&gt;

&lt;td&gt;Plantation_year&lt;/td&gt;

&lt;td&gt;2025&lt;/td&gt;

&lt;/tr&gt;

&lt;tr&gt;

&lt;td&gt;SHAPE_Length&lt;/td&gt;

&lt;td&gt;1470.813992&lt;/td&gt;

&lt;/tr&gt;

&lt;tr bgcolor="#D4E4F3"&gt;

&lt;td&gt;SHAPE_Area&lt;/td&gt;

&lt;td&gt;18467.631529&lt;/td&gt;

&lt;/tr&gt;

&lt;/table&gt;

&lt;/td&gt;

&lt;/tr&gt;

&lt;/table&gt;

&lt;/body&gt;

&lt;/html&gt;</description>
			<styleUrl>#PolyStyle00</styleUrl>
			<MultiGeometry>
				<Polygon><outerBoundaryIs><LinearRing><coordinates>86.65798579,21.91930967,0 86.65801680,21.91939682,0 86.65805642,21.91951158,0 86.65805190,21.91958826,0 86.65804692,21.91963134,0 86.65803351,21.91966980,0 86.65808699,21.91974327,0 86.65809805,21.91975487,0 86.65810671,21.91969487,0 86.65813752,21.91971463,0 86.65814701,21.91980506,0 86.65815954,21.91982616,0 86.65819337,21.91985744,0 86.65820544,21.91989725,0 86.65820463,21.92000652,0 86.65821173,21.92003082,0 86.65822178,21.92008565,0 86.65822689,21.92013460,0 86.65824596,21.92016898,0 86.65825476,21.92020417,0 86.65828599,21.92023166,0 86.65830460,21.92026250,0 86.65838854,21.92024735,0 86.65843385,21.92022888,0 86.65851811,21.92018751,0 86.65858175,21.92016423,0 86.65863561,21.92019141,0 86.65866964,21.92014510,0 86.65874867,21.92014510,0 86.65885099,21.92009328,0 86.65889258,21.92007302,0 86.65889456,21.92007302,0 86.65891527,21.92008059,0 86.65893941,21.92008312,0 86.65894316,21.92005053,0 86.65898486,21.92002592,0 86.65901412,21.92002592,0 86.65900749,21.91998260,0 86.65898636,21.91995671,0 86.65895713,21.91996607,0 86.65891371,21.91997078,0 86.65886877,21.91997663,0 86.65881202,21.92000497,0 86.65876860,21.92000497,0 86.65872046,21.91999075,0 86.65867818,21.91998368,0 86.65864900,21.91993262,0 86.65862202,21.92006540,0 86.65850619,21.92011821,0 86.65844892,21.92009924,0 86.65841251,21.92008415,0 86.65835550,21.92011061,0 86.65827586,21.92012202,0 86.65827590,21.92008059,0 86.65836286,21.92006540,0 86.65843089,21.92000983,0 86.65848987,21.92000983,0 86.65855532,21.91995671,0 86.65865058,21.91993055,0 86.65878980,21.91988295,0 86.65874651,21.91991047,0 86.65875105,21.91993868,0 86.65878596,21.91995100,0 86.65884506,21.91991979,0 86.65884777,21.91989859,0 86.65883841,21.91988814,0 86.65878867,21.91988165,0 86.65882573,21.91985737,0 86.65886976,21.91984088,0 86.65890123,21.91983190,0 86.65902928,21.91977061,0 86.65912813,21.91971496,0 86.65934360,21.91966581,0 86.65927103,21.91964646,0 86.65924880,21.91961637,0 86.65930016,21.91958935,0 86.65916082,21.91938905,0 86.65910331,21.91938905,0 86.65908083,21.91936950,0 86.65909571,21.91933091,0 86.65913790,21.91935253,0 86.65930290,21.91959204,0 86.65934208,21.91954414,0 86.65938940,21.91955470,0 86.65937737,21.91961094,0 86.65930685,21.91973342,0 86.65926697,21.91978239,0 86.65928465,21.91983006,0 86.65929981,21.91990310,0 86.65936381,21.91991666,0 86.65948060,21.91991894,0 86.65957839,21.91992345,0 86.65967578,21.91994055,0 86.65973444,21.91987269,0 86.65974891,21.91985594,0 86.65972162,21.91977757,0 86.65969395,21.91962639,0 86.65960120,21.91959932,0 86.65953820,21.91951575,0 86.65957345,21.91948221,0 86.65952510,21.91944904,0 86.65950807,21.91943076,0 86.65954322,21.91937660,0 86.65949253,21.91934102,0 86.65947251,21.91929643,0 86.65948210,21.91926580,0 86.65949194,21.91922813,0 86.65951070,21.91907521,0 86.65948463,21.91900324,0 86.65943797,21.91892088,0 86.65941222,21.91887011,0 86.65938054,21.91885904,0 86.65936295,21.91885354,0 86.65935037,21.91881735,0 86.65930799,21.91883773,0 86.65927949,21.91882533,0 86.65925671,21.91884398,0 86.65923492,21.91884869,0 86.65921224,21.91883715,0 86.65921314,21.91886610,0 86.65919106,21.91888538,0 86.65916247,21.91888377,0 86.65914071,21.91886133,0 86.65912419,21.91883173,0 86.65912454,21.91887731,0 86.65908578,21.91889514,0 86.65904600,21.91889351,0 86.65901022,21.91890332,0 86.65895673,21.91889351,0 86.65894828,21.91888215,0 86.65893836,21.91885499,0 86.65891220,21.91891516,0 86.65888386,21.91895176,0 86.65884532,21.91898922,0 86.65881257,21.91897531,0 86.65876324,21.91900525,0 86.65871530,21.91904760,0 86.65870251,21.91917303,0 86.65869775,21.91926169,0 86.65870657,21.91927986,0 86.65871172,21.91927986,0 86.65874870,21.91926687,0 86.65875800,21.91931928,0 86.65871841,21.91932725,0 86.65870279,21.91932725,0 86.65868850,21.91931134,0 86.65871305,21.91904525,0 86.65865628,21.91904008,0 86.65862778,21.91907147,0 86.65858384,21.91906056,0 86.65853281,21.91906473,0 86.65849405,21.91908575,0 86.65845358,21.91909849,0 86.65839359,21.91912426,0 86.65837775,21.91908787,0 86.65838619,21.91906473,0 86.65840335,21.91906891,0 86.65842826,21.91905432,0 86.65829777,21.91873474,0 86.65824039,21.91877002,0 86.65823567,21.91880094,0 86.65819618,21.91882014,0 86.65816734,21.91880615,0 86.65810691,21.91884281,0 86.65810851,21.91887198,0 86.65810704,21.91888293,0 86.65808311,21.91890790,0 86.65805123,21.91890790,0 86.65801530,21.91890464,0 86.65801324,21.91887890,0 86.65798583,21.91890140,0 86.65798641,21.91892595,0 86.65794658,21.91893758,0 86.65776713,21.91899036,0 86.65783980,21.91915482,0 86.65787390,21.91923570,0 86.65788738,21.91926939,0 86.65792018,21.91926939,0 86.65796350,21.91924615,0 86.65796712,21.91924615,0 86.65803483,21.91920482,0 86.65807418,21.91921760,0 86.65820258,21.91914717,0 86.65825921,21.91913428,0 86.65836474,21.91907956,0 86.65838386,21.91913428,0 86.65835221,21.91917324,0 86.65830589,21.91917762,0 86.65829856,21.91919750,0 86.65828627,21.91923229,0 86.65828629,21.91922326,0 86.65824970,21.91922887,0 86.65822456,21.91919085,0 86.65817041,21.91920864,0 86.65811143,21.91924260,0 86.65806772,21.91928349,0 86.65803039,21.91927831,0 86.65798579,21.91930967,0</coordinates></LinearRing></outerBoundaryIs><innerBoundaryIs><LinearRing><coordinates>86.65828616,21.91929606,0 86.65828686,21.91930870,0 86.65828839,21.91943857,0 86.65830934,21.91944182,0 86.65834808,21.91945022,0 86.65833974,21.91948700,0 86.65831188,21.91949271,0 86.65828584,21.91948700,0 86.65828616,21.91929606,0</coordinates></LinearRing></innerBoundaryIs></Polygon></MultiGeometry>
		</Placemark>
		<Placemark id="ID_00045">
			<name>765457520</name>
			<Snippet maxLines="0"/>
			<description>&lt;html xmlns:fo="http://www.w3.org/1999/XSL/Format" xmlns:msxsl="urn:schemas-microsoft-com:xslt"&gt;

&lt;head&gt;

&lt;META http-equiv="Content-Type" content="text/html"&gt;

&lt;meta http-equiv="content-type" content="text/html; charset=UTF-8"&gt;

&lt;/head&gt;

&lt;body style="margin:0px 0px 0px 0px;overflow:auto;background:#FFFFFF;"&gt;

&lt;table style="font-family:Arial,Verdana,Times;font-size:12px;text-align:left;width:100%;border-collapse:collapse;padding:3px 3px 3px 3px"&gt;

&lt;tr style="text-align:center;font-weight:bold;background:#9CBCE2"&gt;

&lt;td&gt;765457520&lt;/td&gt;

&lt;/tr&gt;

&lt;tr&gt;

&lt;td&gt;

&lt;table style="font-family:Arial,Verdana,Times;font-size:12px;text-align:left;width:100%;border-spacing:0px; padding:3px 3px 3px 3px"&gt;

&lt;tr&gt;

&lt;td&gt;SHAPE&lt;/td&gt;

&lt;td&gt;Polygon&lt;/td&gt;

&lt;/tr&gt;

&lt;tr bgcolor="#D4E4F3"&gt;

&lt;td&gt;Name&lt;/td&gt;

&lt;td&gt;765457520&lt;/td&gt;

&lt;/tr&gt;

&lt;tr&gt;

&lt;td&gt;farmername&lt;/td&gt;

&lt;td&gt;Suna Singh&lt;/td&gt;

&lt;/tr&gt;

&lt;tr bgcolor="#D4E4F3"&gt;

&lt;td&gt;state&lt;/td&gt;

&lt;td&gt;Odisha&lt;/td&gt;

&lt;/tr&gt;

&lt;tr&gt;

&lt;td&gt;district&lt;/td&gt;

&lt;td&gt;Mayurbhanj&lt;/td&gt;

&lt;/tr&gt;

&lt;tr bgcolor="#D4E4F3"&gt;

&lt;td&gt;block&lt;/td&gt;

&lt;td&gt;Samakhunta&lt;/td&gt;

&lt;/tr&gt;

&lt;tr&gt;

&lt;td&gt;grampanchayat&lt;/td&gt;

&lt;td&gt;Kendua&lt;/td&gt;

&lt;/tr&gt;

&lt;tr bgcolor="#D4E4F3"&gt;

&lt;td&gt;village&lt;/td&gt;

&lt;td&gt;Besarpani&lt;/td&gt;

&lt;/tr&gt;

&lt;tr&gt;

&lt;td&gt;_id&lt;/td&gt;

&lt;td&gt;765457520&lt;/td&gt;

&lt;/tr&gt;

&lt;tr bgcolor="#D4E4F3"&gt;

&lt;td&gt;latitude&lt;/td&gt;

&lt;td&gt;21.874&lt;/td&gt;

&lt;/tr&gt;

&lt;tr&gt;

&lt;td&gt;longitude&lt;/td&gt;

&lt;td&gt;86.607&lt;/td&gt;

&lt;/tr&gt;

&lt;tr bgcolor="#D4E4F3"&gt;

&lt;td&gt;area_ha&lt;/td&gt;

&lt;td&gt;17.353&lt;/td&gt;

&lt;/tr&gt;

&lt;tr&gt;

&lt;td&gt;LP_id&lt;/td&gt;

&lt;td&gt;LP46&lt;/td&gt;

&lt;/tr&gt;

&lt;tr bgcolor="#D4E4F3"&gt;

&lt;td&gt;Plantation_year&lt;/td&gt;

&lt;td&gt;2025&lt;/td&gt;

&lt;/tr&gt;

&lt;tr&gt;

&lt;td&gt;SHAPE_Length&lt;/td&gt;

&lt;td&gt;6005.14173&lt;/td&gt;

&lt;/tr&gt;

&lt;tr bgcolor="#D4E4F3"&gt;

&lt;td&gt;SHAPE_Area&lt;/td&gt;

&lt;td&gt;173395.690569&lt;/td&gt;

&lt;/tr&gt;

&lt;/table&gt;

&lt;/td&gt;

&lt;/tr&gt;

&lt;/table&gt;

&lt;/body&gt;

&lt;/html&gt;</description>
			<styleUrl>#PolyStyle00</styleUrl>
			<MultiGeometry>
				<Polygon><outerBoundaryIs><LinearRing><coordinates>86.60542335,21.87717497,0 86.60542308,21.87717452,0 86.60541646,21.87746661,0 86.60549488,21.87760014,0 86.60553765,21.87768618,0 86.60553034,21.87768987,0 86.60562680,21.87780897,0 86.60570598,21.87783099,0 86.60578973,21.87783099,0 86.60587276,21.87780896,0 86.60590604,21.87783099,0 86.60588935,21.87788656,0 86.60603686,21.87793155,0 86.60609172,21.87790337,0 86.60613538,21.87792589,0 86.60614079,21.87801144,0 86.60627732,21.87811639,0 86.60632383,21.87804033,0 86.60638689,21.87805195,0 86.60638369,21.87812230,0 86.60636156,21.87819982,0 86.60649229,21.87839038,0 86.60673942,21.87831422,0 86.60669686,21.87813759,0 86.60667345,21.87811619,0 86.60664402,21.87801082,0 86.60675751,21.87789291,0 86.60679527,21.87783274,0 86.60679339,21.87782981,0 86.60679968,21.87783274,0 86.60690461,21.87785027,0 86.60693646,21.87785312,0 86.60695685,21.87786941,0 86.60698424,21.87789679,0 86.60698572,21.87791879,0 86.60698459,21.87791980,0 86.60699436,21.87795054,0 86.60703041,21.87795889,0 86.60705412,21.87794536,0 86.60708182,21.87792894,0 86.60711032,21.87794433,0 86.60715766,21.87798966,0 86.60717717,21.87799938,0 86.60719203,21.87798859,0 86.60722439,21.87797153,0 86.60723884,21.87798430,0 86.60725859,21.87798752,0 86.60729926,21.87799182,0 86.60732276,21.87800810,0 86.60732171,21.87800810,0 86.60732677,21.87803127,0 86.60734848,21.87799722,0 86.60738351,21.87798967,0 86.60740176,21.87796836,0 86.60742462,21.87798324,0 86.60745370,21.87800592,0 86.60744520,21.87805266,0 86.60742578,21.87807790,0 86.60738461,21.87809425,0 86.60737105,21.87812521,0 86.60744877,21.87814467,0 86.60751556,21.87817571,0 86.60755735,21.87817697,0 86.60758048,21.87815700,0 86.60756474,21.87812281,0 86.60755359,21.87810488,0 86.60755131,21.87807907,0 86.60756528,21.87805493,0 86.60758020,21.87803240,0 86.60755293,21.87803464,0 86.60752380,21.87800483,0 86.60752012,21.87800048,0 86.60751777,21.87799831,0 86.60749864,21.87795891,0 86.60752031,21.87794332,0 86.60751420,21.87793509,0 86.60748153,21.87790576,0 86.60747909,21.87790177,0 86.60748014,21.87788401,0 86.60753449,21.87786751,0 86.60756350,21.87787040,0 86.60755701,21.87783991,0 86.60755646,21.87783616,0 86.60754072,21.87780753,0 86.60751843,21.87778410,0 86.60749507,21.87778677,0 86.60746985,21.87776467,0 86.60745093,21.87773358,0 86.60745759,21.87769258,0 86.60743333,21.87767158,0 86.60739992,21.87763526,0 86.60741129,21.87767637,0 86.60740780,21.87772683,0 86.60736635,21.87772683,0 86.60734662,21.87771456,0 86.60734440,21.87771234,0 86.60732747,21.87768606,0 86.60735930,21.87763940,0 86.60737291,21.87762803,0 86.60739999,21.87763475,0 86.60738213,21.87761372,0 86.60737828,21.87758767,0 86.60753850,21.87747149,0 86.60771860,21.87763936,0 86.60778324,21.87769693,0 86.60782401,21.87771071,0 86.60784936,21.87773263,0 86.60788242,21.87776717,0 86.60789017,21.87773464,0 86.60782934,21.87765069,0 86.60775245,21.87759678,0 86.60773798,21.87755902,0 86.60769376,21.87751368,0 86.60766044,21.87743385,0 86.60762769,21.87731872,0 86.60760881,21.87722536,0 86.60761685,21.87722582,0 86.60780142,21.87714921,0 86.60790335,21.87717456,0 86.60803545,21.87712193,0 86.60821132,21.87709724,0 86.60842135,21.87706847,0 86.60832290,21.87675361,0 86.60820595,21.87601011,0 86.60814521,21.87580892,0 86.60785048,21.87584220,0 86.60770106,21.87587313,0 86.60759996,21.87594701,0 86.60755089,21.87593876,0 86.60738550,21.87595528,0 86.60726127,21.87595688,0 86.60657598,21.87606328,0 86.60645889,21.87604630,0 86.60627840,21.87570786,0 86.60604468,21.87532402,0 86.60600561,21.87502120,0 86.60601330,21.87495429,0 86.60623311,21.87494271,0 86.60622581,21.87503393,0 86.60609650,21.87505568,0 86.60609695,21.87511645,0 86.60622533,21.87526742,0 86.60646227,21.87530107,0 86.60645906,21.87539630,0 86.60659478,21.87579876,0 86.60688146,21.87595303,0 86.60683109,21.87584248,0 86.60688245,21.87594290,0 86.60694926,21.87594290,0 86.60709396,21.87591264,0 86.60704305,21.87588261,0 86.60703007,21.87576959,0 86.60703818,21.87566921,0 86.60705772,21.87558523,0 86.60698199,21.87557602,0 86.60695569,21.87549407,0 86.60696691,21.87537444,0 86.60698197,21.87530107,0 86.60706396,21.87519996,0 86.60706163,21.87519837,0 86.60713130,21.87513347,0 86.60716017,21.87504226,0 86.60716740,21.87487513,0 86.60715524,21.87456214,0 86.60710414,21.87447916,0 86.60713194,21.87442067,0 86.60722021,21.87439746,0 86.60718144,21.87432271,0 86.60707135,21.87384337,0 86.60731857,21.87373754,0 86.60770249,21.87366112,0 86.60778274,21.87368011,0 86.60806126,21.87361081,0 86.60806685,21.87361081,0 86.60810234,21.87353630,0 86.60807568,21.87340857,0 86.60806948,21.87340257,0 86.60795886,21.87339059,0 86.60780395,21.87342661,0 86.60774149,21.87327827,0 86.60765471,21.87327242,0 86.60754808,21.87313439,0 86.60754199,21.87312307,0 86.60743508,21.87292924,0 86.60751205,21.87283795,0 86.60764924,21.87281673,0 86.60865761,21.87274846,0 86.60809905,21.87162585,0 86.60794212,21.87167169,0 86.60786795,21.87158197,0 86.60762636,21.87121920,0 86.60743602,21.87095688,0 86.60743334,21.87085532,0 86.60737530,21.87087500,0 86.60669370,21.87117861,0 86.60661309,21.87119869,0 86.60652768,21.87132110,0 86.60649183,21.87143632,0 86.60631941,21.87147895,0 86.60617227,21.87144694,0 86.60593250,21.87177181,0 86.60577904,21.87190709,0 86.60572566,21.87193891,0 86.60582150,21.87194424,0 86.60591798,21.87184196,0 86.60598208,21.87195372,0 86.60600124,21.87201385,0 86.60594528,21.87201936,0 86.60583970,21.87207372,0 86.60575834,21.87210661,0 86.60562810,21.87213419,0 86.60551362,21.87216191,0 86.60549787,21.87206826,0 86.60539368,21.87218861,0 86.60488125,21.87241113,0 86.60487104,21.87258416,0 86.60492277,21.87258984,0 86.60499041,21.87266624,0 86.60496653,21.87269411,0 86.60487531,21.87274396,0 86.60482234,21.87285363,0 86.60474964,21.87294110,0 86.60472501,21.87311803,0 86.60465058,21.87322174,0 86.60442966,21.87326960,0 86.60427314,21.87322174,0 86.60414237,21.87320586,0 86.60395428,21.87326959,0 86.60392171,21.87337450,0 86.60388208,21.87356426,0 86.60393868,21.87358941,0 86.60422502,21.87355590,0 86.60417864,21.87366543,0 86.60410966,21.87376814,0 86.60413415,21.87391634,0 86.60424493,21.87396055,0 86.60439790,21.87398721,0 86.60450584,21.87406780,0 86.60461514,21.87407681,0 86.60476784,21.87396942,0 86.60481381,21.87382009,0 86.60482155,21.87382009,0 86.60499806,21.87383749,0 86.60509104,21.87383749,0 86.60514399,21.87375093,0 86.60520332,21.87367394,0 86.60525748,21.87366544,0 86.60559144,21.87353660,0 86.60569993,21.87352900,0 86.60568657,21.87383700,0 86.60566790,21.87417996,0 86.60589254,21.87414467,0 86.60624606,21.87406861,0 86.60653990,21.87397835,0 86.60683194,21.87381190,0 86.60702726,21.87378709,0 86.60718745,21.87331820,0 86.60728082,21.87306323,0 86.60733532,21.87287038,0 86.60704772,21.87288687,0 86.60679714,21.87300652,0 86.60670551,21.87314132,0 86.60659164,21.87316977,0 86.60645685,21.87316764,0 86.60633032,21.87325062,0 86.60623470,21.87336345,0 86.60616520,21.87357342,0 86.60616183,21.87374868,0 86.60610248,21.87381716,0 86.60593614,21.87398015,0 86.60586794,21.87412037,0 86.60582589,21.87410193,0 86.60597772,21.87382525,0 86.60599167,21.87353587,0 86.60600543,21.87340864,0 86.60613593,21.87330564,0 86.60631473,21.87316641,0 86.60649077,21.87307057,0 86.60663984,21.87304374,0 86.60686852,21.87289854,0 86.60700296,21.87284482,0 86.60728744,21.87280415,0 86.60719647,21.87272389,0 86.60713016,21.87255574,0 86.60694076,21.87217080,0 86.60675734,21.87193060,0 86.60665488,21.87174479,0 86.60651297,21.87150297,0 86.60655231,21.87145724,0 86.60671467,21.87178641,0 86.60680011,21.87192291,0 86.60691107,21.87206155,0 86.60696709,21.87216074,0 86.60703759,21.87229538,0 86.60710644,21.87241761,0 86.60721357,21.87268501,0 86.60731597,21.87275360,0 86.60742511,21.87280707,0 86.60741068,21.87287005,0 86.60721504,21.87328413,0 86.60713540,21.87365384,0 86.60704635,21.87385801,0 86.60645115,21.87401071,0 86.60627262,21.87411446,0 86.60608355,21.87415694,0 86.60582926,21.87420001,0 86.60564564,21.87427436,0 86.60563043,21.87441874,0 86.60551866,21.87608721,0 86.60542335,21.87717497,0</coordinates></LinearRing></outerBoundaryIs><innerBoundaryIs><LinearRing><coordinates>86.60600696,21.87203180,0 86.60602931,21.87210191,0 86.60609056,21.87225156,0 86.60617313,21.87224764,0 86.60622056,21.87238377,0 86.60617787,21.87242467,0 86.60610767,21.87231390,0 86.60600324,21.87211345,0 86.60600696,21.87203180,0</coordinates></LinearRing></innerBoundaryIs><innerBoundaryIs><LinearRing><coordinates>86.60705996,21.87519724,0 86.60694146,21.87511669,0 86.60701566,21.87506545,0 86.60706124,21.87510000,0 86.60705996,21.87519724,0</coordinates></LinearRing></innerBoundaryIs><innerBoundaryIs><LinearRing><coordinates>86.60681782,21.87581654,0 86.60673990,21.87575509,0 86.60680017,21.87572146,0 86.60684659,21.87577444,0 86.60681623,21.87581342,0 86.60681782,21.87581654,0</coordinates></LinearRing></innerBoundaryIs><innerBoundaryIs><LinearRing><coordinates>86.60739881,21.87721334,0 86.60736735,21.87725569,0 86.60728310,21.87723434,0 86.60715440,21.87730310,0 86.60718897,21.87736432,0 86.60716383,21.87740867,0 86.60708121,21.87736874,0 86.60712251,21.87731614,0 86.60727493,21.87723434,0 86.60723621,21.87717522,0 86.60725614,21.87713356,0 86.60725973,21.87712942,0 86.60731686,21.87710057,0 86.60738658,21.87711290,0 86.60739490,21.87721311,0 86.60739881,21.87721334,0</coordinates></LinearRing></innerBoundaryIs><innerBoundaryIs><LinearRing><coordinates>86.60663023,21.87775127,0 86.60662742,21.87775191,0 86.60654494,21.87746861,0 86.60663023,21.87775127,0</coordinates></LinearRing></innerBoundaryIs><innerBoundaryIs><LinearRing><coordinates>86.60555114,21.87767937,0 86.60558074,21.87765268,0 86.60558545,21.87755341,0 86.60563926,21.87751744,0 86.60568438,21.87754825,0 86.60573379,21.87754567,0 86.60568893,21.87755341,0 86.60567617,21.87763158,0 86.60563531,21.87763685,0 86.60555114,21.87767937,0</coordinates></LinearRing></innerBoundaryIs><innerBoundaryIs><LinearRing><coordinates>86.60578279,21.87753720,0 86.60577631,21.87743640,0 86.60584617,21.87740145,0 86.60585058,21.87740145,0 86.60591317,21.87742138,0 86.60590199,21.87747671,0 86.60583664,21.87752768,0 86.60578279,21.87753720,0</coordinates></LinearRing></innerBoundaryIs><innerBoundaryIs><LinearRing><coordinates>86.60542621,21.87717984,0 86.60549575,21.87719333,0 86.60554381,21.87708640,0 86.60554805,21.87708640,0 86.60559470,21.87705898,0 86.60561150,21.87700026,0 86.60559892,21.87692043,0 86.60564832,21.87686382,0 86.60573675,21.87689329,0 86.60573533,21.87689419,0 86.60574940,21.87697791,0 86.60571300,21.87705898,0 86.60566698,21.87710939,0 86.60572241,21.87711862,0 86.60577532,21.87719803,0 86.60568989,21.87725030,0 86.60564260,21.87731299,0 86.60565630,21.87739649,0 86.60558571,21.87739649,0 86.60558129,21.87739649,0 86.60555515,21.87733737,0 86.60553789,21.87730328,0 86.60549013,21.87728877,0 86.60542621,21.87717984,0</coordinates></LinearRing></innerBoundaryIs><innerBoundaryIs><LinearRing><coordinates>86.60588033,21.87680214,0 86.60595572,21.87675288,0 86.60601714,21.87670981,0 86.60596808,21.87664565,0 86.60602446,21.87654527,0 86.60605624,21.87654923,0 86.60608903,21.87662535,0 86.60606883,21.87668249,0 86.60588033,21.87680214,0</coordinates></LinearRing></innerBoundaryIs></Polygon></MultiGeometry>
		</Placemark>
		<Placemark id="ID_00046">
			<name>765457919</name>
			<Snippet maxLines="0"/>
			<description>&lt;html xmlns:fo="http://www.w3.org/1999/XSL/Format" xmlns:msxsl="urn:schemas-microsoft-com:xslt"&gt;

&lt;head&gt;

&lt;META http-equiv="Content-Type" content="text/html"&gt;

&lt;meta http-equiv="content-type" content="text/html; charset=UTF-8"&gt;

&lt;/head&gt;

&lt;body style="margin:0px 0px 0px 0px;overflow:auto;background:#FFFFFF;"&gt;

&lt;table style="font-family:Arial,Verdana,Times;font-size:12px;text-align:left;width:100%;border-collapse:collapse;padding:3px 3px 3px 3px"&gt;

&lt;tr style="text-align:center;font-weight:bold;background:#9CBCE2"&gt;

&lt;td&gt;765457919&lt;/td&gt;

&lt;/tr&gt;

&lt;tr&gt;

&lt;td&gt;

&lt;table style="font-family:Arial,Verdana,Times;font-size:12px;text-align:left;width:100%;border-spacing:0px; padding:3px 3px 3px 3px"&gt;

&lt;tr&gt;

&lt;td&gt;SHAPE&lt;/td&gt;

&lt;td&gt;Polygon&lt;/td&gt;

&lt;/tr&gt;

&lt;tr bgcolor="#D4E4F3"&gt;

&lt;td&gt;Name&lt;/td&gt;

&lt;td&gt;765457919&lt;/td&gt;

&lt;/tr&gt;

&lt;tr&gt;

&lt;td&gt;farmername&lt;/td&gt;

&lt;td&gt;Fagu Majhi&lt;/td&gt;

&lt;/tr&gt;

&lt;tr bgcolor="#D4E4F3"&gt;

&lt;td&gt;state&lt;/td&gt;

&lt;td&gt;Odisha&lt;/td&gt;

&lt;/tr&gt;

&lt;tr&gt;

&lt;td&gt;district&lt;/td&gt;

&lt;td&gt;Mayurbhanj&lt;/td&gt;

&lt;/tr&gt;

&lt;tr bgcolor="#D4E4F3"&gt;

&lt;td&gt;block&lt;/td&gt;

&lt;td&gt;Samakhunta&lt;/td&gt;

&lt;/tr&gt;

&lt;tr&gt;

&lt;td&gt;grampanchayat&lt;/td&gt;

&lt;td&gt;Kendua&lt;/td&gt;

&lt;/tr&gt;

&lt;tr bgcolor="#D4E4F3"&gt;

&lt;td&gt;village&lt;/td&gt;

&lt;td&gt;Besarpani&lt;/td&gt;

&lt;/tr&gt;

&lt;tr&gt;

&lt;td&gt;_id&lt;/td&gt;

&lt;td&gt;765457919&lt;/td&gt;

&lt;/tr&gt;

&lt;tr bgcolor="#D4E4F3"&gt;

&lt;td&gt;latitude&lt;/td&gt;

&lt;td&gt;21.875&lt;/td&gt;

&lt;/tr&gt;

&lt;tr&gt;

&lt;td&gt;longitude&lt;/td&gt;

&lt;td&gt;86.598&lt;/td&gt;

&lt;/tr&gt;

&lt;tr bgcolor="#D4E4F3"&gt;

&lt;td&gt;area_ha&lt;/td&gt;

&lt;td&gt;11.168&lt;/td&gt;

&lt;/tr&gt;

&lt;tr&gt;

&lt;td&gt;LP_id&lt;/td&gt;

&lt;td&gt;LP47&lt;/td&gt;

&lt;/tr&gt;

&lt;tr bgcolor="#D4E4F3"&gt;

&lt;td&gt;Plantation_year&lt;/td&gt;

&lt;td&gt;2025&lt;/td&gt;

&lt;/tr&gt;

&lt;tr&gt;

&lt;td&gt;SHAPE_Length&lt;/td&gt;

&lt;td&gt;4665.449789&lt;/td&gt;

&lt;/tr&gt;

&lt;tr bgcolor="#D4E4F3"&gt;

&lt;td&gt;SHAPE_Area&lt;/td&gt;

&lt;td&gt;111593.006131&lt;/td&gt;

&lt;/tr&gt;

&lt;/table&gt;

&lt;/td&gt;

&lt;/tr&gt;

&lt;/table&gt;

&lt;/body&gt;

&lt;/html&gt;</description>
			<styleUrl>#PolyStyle00</styleUrl>
			<MultiGeometry>
				<Polygon><outerBoundaryIs><LinearRing><coordinates>86.59619661,21.87350584,0 86.59623149,21.87356193,0 86.59620551,21.87364568,0 86.59620476,21.87364588,0 86.59616223,21.87367718,0 86.59609254,21.87363434,0 86.59599523,21.87368504,0 86.59594543,21.87372645,0 86.59578429,21.87365671,0 86.59583877,21.87368774,0 86.59587419,21.87371884,0 86.59575275,21.87373526,0 86.59577565,21.87379785,0 86.59583575,21.87385894,0 86.59590212,21.87387987,0 86.59593280,21.87390073,0 86.59595520,21.87395455,0 86.59590686,21.87400102,0 86.59597852,21.87413291,0 86.59603008,21.87409236,0 86.59607840,21.87402809,0 86.59612661,21.87405638,0 86.59610103,21.87412441,0 86.59604818,21.87418195,0 86.59609547,21.87428728,0 86.59625964,21.87406313,0 86.59623560,21.87402292,0 86.59622957,21.87398945,0 86.59629174,21.87395610,0 86.59629224,21.87395393,0 86.59632932,21.87398643,0 86.59631218,21.87404120,0 86.59627176,21.87404993,0 86.59609970,21.87428765,0 86.59612494,21.87441154,0 86.59613714,21.87441370,0 86.59625892,21.87435415,0 86.59630105,21.87428643,0 86.59633210,21.87421736,0 86.59638829,21.87416029,0 86.59645313,21.87411963,0 86.59648076,21.87417343,0 86.59655969,21.87420387,0 86.59658838,21.87423681,0 86.59661397,21.87425055,0 86.59669354,21.87422724,0 86.59668340,21.87416650,0 86.59669520,21.87422739,0 86.59673750,21.87424464,0 86.59679361,21.87428178,0 86.59701634,21.87442176,0 86.59701562,21.87435858,0 86.59699618,21.87430206,0 86.59702497,21.87427901,0 86.59707031,21.87431837,0 86.59711294,21.87438748,0 86.59713872,21.87448196,0 86.59711401,21.87454012,0 86.59703265,21.87459057,0 86.59699646,21.87461050,0 86.59711211,21.87454012,0 86.59706511,21.87451795,0 86.59701671,21.87442423,0 86.59679325,21.87428360,0 86.59675287,21.87430870,0 86.59669605,21.87430056,0 86.59664733,21.87432303,0 86.59665515,21.87438579,0 86.59670830,21.87453202,0 86.59667161,21.87458819,0 86.59661725,21.87456458,0 86.59664645,21.87443982,0 86.59659826,21.87443106,0 86.59656630,21.87437730,0 86.59652548,21.87436463,0 86.59650810,21.87429651,0 86.59654624,21.87424858,0 86.59645800,21.87419430,0 86.59640609,21.87420579,0 86.59634944,21.87426442,0 86.59634707,21.87426840,0 86.59632239,21.87433542,0 86.59629779,21.87437519,0 86.59622485,21.87441370,0 86.59614063,21.87446689,0 86.59645058,21.87478654,0 86.59654535,21.87481461,0 86.59660222,21.87484066,0 86.59663592,21.87492951,0 86.59679723,21.87526314,0 86.59699993,21.87549500,0 86.59712446,21.87546315,0 86.59714836,21.87540171,0 86.59718900,21.87536131,0 86.59722842,21.87537515,0 86.59723716,21.87537515,0 86.59726318,21.87540171,0 86.59731706,21.87540348,0 86.59726143,21.87540329,0 86.59726281,21.87543855,0 86.59718198,21.87548485,0 86.59712560,21.87546481,0 86.59699750,21.87549839,0 86.59739348,21.87597364,0 86.59742866,21.87596545,0 86.59743046,21.87596445,0 86.59749321,21.87595238,0 86.59755062,21.87599744,0 86.59756191,21.87607143,0 86.59753216,21.87613460,0 86.59785493,21.87664271,0 86.59822507,21.87654747,0 86.59821392,21.87649763,0 86.59820141,21.87647963,0 86.59820719,21.87643418,0 86.59820785,21.87643736,0 86.59824317,21.87642013,0 86.59828687,21.87639135,0 86.59832718,21.87641330,0 86.59834635,21.87643044,0 86.59834974,21.87650126,0 86.59831430,21.87652694,0 86.59785800,21.87664472,0 86.59793130,21.87680963,0 86.59799945,21.87677633,0 86.59808243,21.87688699,0 86.59823146,21.87702165,0 86.59829117,21.87703695,0 86.59829518,21.87703695,0 86.59833334,21.87716707,0 86.59839444,21.87719903,0 86.59843551,21.87717237,0 86.59844759,21.87701149,0 86.59859141,21.87697123,0 86.59856855,21.87690359,0 86.59858760,21.87682302,0 86.59861426,21.87680935,0 86.59865208,21.87681130,0 86.59866924,21.87686680,0 86.59868198,21.87691396,0 86.59865197,21.87695404,0 86.59852636,21.87699079,0 86.59861225,21.87710642,0 86.59883169,21.87709237,0 86.59891723,21.87702617,0 86.59899878,21.87705551,0 86.59904579,21.87706007,0 86.59908181,21.87704642,0 86.59911309,21.87702616,0 86.59915489,21.87695567,0 86.59915512,21.87696259,0 86.59921340,21.87697770,0 86.59924214,21.87699955,0 86.59926833,21.87697987,0 86.59931311,21.87696612,0 86.59972294,21.87694722,0 86.59971226,21.87680959,0 86.59976626,21.87669218,0 86.59966961,21.87652575,0 86.59952988,21.87630148,0 86.59959285,21.87621688,0 86.59958235,21.87606952,0 86.59953795,21.87592548,0 86.59942110,21.87583326,0 86.59934329,21.87570025,0 86.59933325,21.87561819,0 86.59938506,21.87549487,0 86.59944328,21.87546655,0 86.59945690,21.87544769,0 86.59949365,21.87545083,0 86.59950884,21.87545083,0 86.59954735,21.87541030,0 86.59955063,21.87529465,0 86.59950977,21.87527082,0 86.59946498,21.87520039,0 86.59941133,21.87522370,0 86.59933280,21.87527677,0 86.59927534,21.87525603,0 86.59927239,21.87525603,0 86.59925932,21.87518303,0 86.59929303,21.87511733,0 86.59933640,21.87507801,0 86.59956037,21.87492953,0 86.59942514,21.87481681,0 86.59910294,21.87488820,0 86.59907549,21.87477651,0 86.59887075,21.87459002,0 86.59869462,21.87457084,0 86.59849290,21.87455175,0 86.59846155,21.87453474,0 86.59844023,21.87450469,0 86.59842501,21.87442703,0 86.59841958,21.87441650,0 86.59838580,21.87436444,0 86.59838332,21.87436187,0 86.59837360,21.87435416,0 86.59833515,21.87432607,0 86.59832571,21.87432100,0 86.59828426,21.87426832,0 86.59829307,21.87421912,0 86.59817723,21.87401278,0 86.59813042,21.87396947,0 86.59808574,21.87396233,0 86.59805781,21.87392465,0 86.59805703,21.87391998,0 86.59807540,21.87386021,0 86.59802319,21.87379982,0 86.59796088,21.87377134,0 86.59790958,21.87371761,0 86.59785129,21.87370702,0 86.59783130,21.87365489,0 86.59783730,21.87361995,0 86.59777840,21.87360043,0 86.59771399,21.87359488,0 86.59768730,21.87353188,0 86.59754716,21.87337938,0 86.59742797,21.87325480,0 86.59737055,21.87316173,0 86.59731211,21.87292835,0 86.59719592,21.87285761,0 86.59707489,21.87291448,0 86.59718565,21.87285284,0 86.59699071,21.87258308,0 86.59696098,21.87247109,0 86.59682295,21.87241167,0 86.59669993,21.87230153,0 86.59664303,21.87237985,0 86.59648774,21.87241757,0 86.59644094,21.87237985,0 86.59636252,21.87231658,0 86.59623507,21.87232181,0 86.59619850,21.87243355,0 86.59604661,21.87237986,0 86.59597889,21.87226994,0 86.59589652,21.87226995,0 86.59578450,21.87221891,0 86.59579512,21.87208031,0 86.59556799,21.87206582,0 86.59551520,21.87207410,0 86.59545106,21.87221506,0 86.59539408,21.87221450,0 86.59532142,21.87215908,0 86.59528284,21.87208826,0 86.59504865,21.87210226,0 86.59487944,21.87220882,0 86.59489146,21.87240124,0 86.59493700,21.87257452,0 86.59503508,21.87279746,0 86.59511928,21.87286378,0 86.59518101,21.87279746,0 86.59522254,21.87271945,0 86.59524386,21.87270021,0 86.59534500,21.87266805,0 86.59542800,21.87264453,0 86.59546470,21.87259224,0 86.59549521,21.87256070,0 86.59554121,21.87256356,0 86.59554701,21.87256356,0 86.59559031,21.87258936,0 86.59559287,21.87259224,0 86.59557236,21.87266510,0 86.59551470,21.87270067,0 86.59556098,21.87271603,0 86.59562991,21.87276352,0 86.59572062,21.87263449,0 86.59585772,21.87257743,0 86.59585173,21.87268084,0 86.59572604,21.87278150,0 86.59560086,21.87294771,0 86.59563544,21.87302421,0 86.59574969,21.87312117,0 86.59576522,21.87317540,0 86.59572020,21.87323417,0 86.59567345,21.87324410,0 86.59563033,21.87320135,0 86.59563719,21.87314973,0 86.59558854,21.87310239,0 86.59543672,21.87320258,0 86.59541589,21.87330561,0 86.59554316,21.87341160,0 86.59561145,21.87345875,0 86.59577925,21.87359520,0 86.59578457,21.87364984,0 86.59587587,21.87358459,0 86.59593486,21.87355818,0 86.59594837,21.87355818,0 86.59604030,21.87353203,0 86.59612888,21.87354694,0 86.59619564,21.87350795,0 86.59619661,21.87350584,0</coordinates></LinearRing></outerBoundaryIs><innerBoundaryIs><LinearRing><coordinates>86.59802319,21.87379982,0 86.59771381,21.87392699,0 86.59766984,21.87394577,0 86.59768318,21.87396233,0 86.59773422,21.87399343,0 86.59766751,21.87404212,0 86.59762645,21.87401521,0 86.59762291,21.87396234,0 86.59802319,21.87379982,0</coordinates></LinearRing></innerBoundaryIs><innerBoundaryIs><LinearRing><coordinates>86.59625261,21.87338420,0 86.59630706,21.87326593,0 86.59626585,21.87326308,0 86.59621547,21.87324320,0 86.59623912,21.87320111,0 86.59624487,21.87319833,0 86.59626970,21.87316794,0 86.59633506,21.87316519,0 86.59633986,21.87323755,0 86.59630681,21.87326879,0 86.59625261,21.87338420,0</coordinates></LinearRing></innerBoundaryIs><innerBoundaryIs><LinearRing><coordinates>86.59914953,21.87679278,0 86.59914478,21.87675590,0 86.59907361,21.87677097,0 86.59901081,21.87673173,0 86.59901384,21.87665108,0 86.59906257,21.87661835,0 86.59911397,21.87665631,0 86.59914668,21.87670615,0 86.59914953,21.87679278,0</coordinates></LinearRing></innerBoundaryIs><innerBoundaryIs><LinearRing><coordinates>86.59818912,21.87634726,0 86.59817770,21.87629768,0 86.59810068,21.87635177,0 86.59805189,21.87632126,0 86.59805513,21.87627147,0 86.59808363,21.87622652,0 86.59811515,21.87622065,0 86.59814625,21.87622358,0 86.59818273,21.87625329,0 86.59827920,21.87626235,0 86.59832251,21.87626386,0 86.59832332,21.87624879,0 86.59831537,21.87619313,0 86.59832401,21.87616622,0 86.59835648,21.87615230,0 86.59835794,21.87615368,0 86.59838053,21.87620319,0 86.59839061,21.87624729,0 86.59836199,21.87627299,0 86.59817986,21.87625329,0 86.59817914,21.87629923,0 86.59818912,21.87634726,0</coordinates></LinearRing></innerBoundaryIs><innerBoundaryIs><LinearRing><coordinates>86.59777249,21.87577103,0 86.59774330,21.87564749,0 86.59778373,21.87563119,0 86.59783456,21.87563444,0 86.59788944,21.87568566,0 86.59785886,21.87574055,0 86.59780880,21.87575070,0 86.59777249,21.87577103,0</coordinates></LinearRing></innerBoundaryIs><innerBoundaryIs><LinearRing><coordinates>86.59791677,21.87571116,0 86.59795914,21.87575070,0 86.59801124,21.87571029,0 86.59808432,21.87568367,0 86.59809979,21.87570407,0 86.59811542,21.87572643,0 86.59810704,21.87575738,0 86.59817651,21.87578791,0 86.59810693,21.87575903,0 86.59809886,21.87581935,0 86.59801337,21.87581241,0 86.59791677,21.87571116,0</coordinates></LinearRing></innerBoundaryIs><innerBoundaryIs><LinearRing><coordinates>86.59821954,21.87580577,0 86.59833355,21.87585110,0 86.59832767,21.87577229,0 86.59842107,21.87575738,0 86.59846802,21.87576643,0 86.59852604,21.87586354,0 86.59850596,21.87583184,0 86.59846514,21.87588497,0 86.59841037,21.87588497,0 86.59821954,21.87580577,0</coordinates></LinearRing></innerBoundaryIs><innerBoundaryIs><LinearRing><coordinates>86.59860321,21.87599272,0 86.59862764,21.87603362,0 86.59866017,21.87606679,0 86.59865869,21.87606696,0 86.59866757,21.87610445,0 86.59865732,21.87617065,0 86.59861290,21.87621938,0 86.59856830,21.87623975,0 86.59851919,21.87623067,0 86.59846520,21.87619483,0 86.59844178,21.87612763,0 86.59854120,21.87602303,0 86.59862763,21.87603535,0 86.59860321,21.87599272,0</coordinates></LinearRing></innerBoundaryIs><innerBoundaryIs><LinearRing><coordinates>86.59868832,21.87606363,0 86.59888203,21.87604057,0 86.59888956,21.87599597,0 86.59890001,21.87595277,0 86.59888423,21.87593489,0 86.59885317,21.87591884,0 86.59882654,21.87591725,0 86.59880222,21.87592845,0 86.59879954,21.87593651,0 86.59879675,21.87594299,0 86.59879693,21.87594624,0 86.59875679,21.87596758,0 86.59877888,21.87593167,0 86.59876029,21.87589983,0 86.59874228,21.87583086,0 86.59877547,21.87579987,0 86.59881202,21.87578826,0 86.59881806,21.87578970,0 86.59885596,21.87581748,0 86.59891368,21.87586873,0 86.59891875,21.87587335,0 86.59893344,21.87592524,0 86.59893552,21.87593006,0 86.59893683,21.87598756,0 86.59891978,21.87600954,0 86.59889345,21.87604057,0 86.59868832,21.87606363,0</coordinates></LinearRing></innerBoundaryIs><innerBoundaryIs><LinearRing><coordinates>86.59668087,21.87415345,0 86.59663224,21.87413689,0 86.59663577,21.87409066,0 86.59666347,21.87405548,0 86.59671667,21.87409314,0 86.59671509,21.87412206,0 86.59667947,21.87414620,0 86.59668087,21.87415345,0</coordinates></LinearRing></innerBoundaryIs><innerBoundaryIs><LinearRing><coordinates>86.59629801,21.87392433,0 86.59627409,21.87391287,0 86.59625412,21.87389628,0 86.59627295,21.87385880,0 86.59630314,21.87385647,0 86.59630378,21.87389628,0 86.59629801,21.87392433,0</coordinates></LinearRing></innerBoundaryIs><innerBoundaryIs><LinearRing><coordinates>86.59633823,21.87360993,0 86.59640443,21.87359051,0 86.59638880,21.87356165,0 86.59639522,21.87351107,0 86.59643808,21.87347376,0 86.59646204,21.87350794,0 86.59646519,21.87355527,0 86.59645808,21.87357765,0 86.59633823,21.87360993,0</coordinates></LinearRing></innerBoundaryIs><innerBoundaryIs><LinearRing><coordinates>86.59697767,21.87462193,0 86.59700128,21.87465637,0 86.59702854,21.87465840,0 86.59706373,21.87465637,0 86.59708866,21.87468081,0 86.59709062,21.87468082,0 86.59707439,21.87470554,0 86.59704484,21.87470347,0 86.59699781,21.87469520,0 86.59697596,21.87469933,0 86.59697211,21.87469727,0 86.59693556,21.87468082,0 86.59695748,21.87463421,0 86.59697767,21.87462193,0</coordinates></LinearRing></innerBoundaryIs><innerBoundaryIs><LinearRing><coordinates>86.59751862,21.87540418,0 86.59768435,21.87537978,0 86.59767574,21.87536589,0 86.59767162,21.87534761,0 86.59766302,21.87534459,0 86.59763712,21.87529141,0 86.59763442,21.87528709,0 86.59766849,21.87526425,0 86.59767731,21.87522258,0 86.59771697,21.87521577,0 86.59775164,21.87524323,0 86.59775317,21.87525020,0 86.59776086,21.87528277,0 86.59780937,21.87533406,0 86.59780859,21.87538444,0 86.59780398,21.87541599,0 86.59775833,21.87542721,0 86.59771511,21.87540486,0 86.59751862,21.87540418,0</coordinates></LinearRing></innerBoundaryIs></Polygon></MultiGeometry>
		</Placemark>
		<Placemark id="ID_00047">
			<name>765458688</name>
			<Snippet maxLines="0"/>
			<description>&lt;html xmlns:fo="http://www.w3.org/1999/XSL/Format" xmlns:msxsl="urn:schemas-microsoft-com:xslt"&gt;

&lt;head&gt;

&lt;META http-equiv="Content-Type" content="text/html"&gt;

&lt;meta http-equiv="content-type" content="text/html; charset=UTF-8"&gt;

&lt;/head&gt;

&lt;body style="margin:0px 0px 0px 0px;overflow:auto;background:#FFFFFF;"&gt;

&lt;table style="font-family:Arial,Verdana,Times;font-size:12px;text-align:left;width:100%;border-collapse:collapse;padding:3px 3px 3px 3px"&gt;

&lt;tr style="text-align:center;font-weight:bold;background:#9CBCE2"&gt;

&lt;td&gt;765458688&lt;/td&gt;

&lt;/tr&gt;

&lt;tr&gt;

&lt;td&gt;

&lt;table style="font-family:Arial,Verdana,Times;font-size:12px;text-align:left;width:100%;border-spacing:0px; padding:3px 3px 3px 3px"&gt;

&lt;tr&gt;

&lt;td&gt;SHAPE&lt;/td&gt;

&lt;td&gt;Polygon&lt;/td&gt;

&lt;/tr&gt;

&lt;tr bgcolor="#D4E4F3"&gt;

&lt;td&gt;Name&lt;/td&gt;

&lt;td&gt;765458688&lt;/td&gt;

&lt;/tr&gt;

&lt;tr&gt;

&lt;td&gt;farmername&lt;/td&gt;

&lt;td&gt;Birendra kumar Singh&lt;/td&gt;

&lt;/tr&gt;

&lt;tr bgcolor="#D4E4F3"&gt;

&lt;td&gt;state&lt;/td&gt;

&lt;td&gt;Odisha&lt;/td&gt;

&lt;/tr&gt;

&lt;tr&gt;

&lt;td&gt;district&lt;/td&gt;

&lt;td&gt;Mayurbhanj&lt;/td&gt;

&lt;/tr&gt;

&lt;tr bgcolor="#D4E4F3"&gt;

&lt;td&gt;block&lt;/td&gt;

&lt;td&gt;Samakhunta&lt;/td&gt;

&lt;/tr&gt;

&lt;tr&gt;

&lt;td&gt;grampanchayat&lt;/td&gt;

&lt;td&gt;Rangamatia&lt;/td&gt;

&lt;/tr&gt;

&lt;tr bgcolor="#D4E4F3"&gt;

&lt;td&gt;village&lt;/td&gt;

&lt;td&gt;Badsole&lt;/td&gt;

&lt;/tr&gt;

&lt;tr&gt;

&lt;td&gt;_id&lt;/td&gt;

&lt;td&gt;765458688&lt;/td&gt;

&lt;/tr&gt;

&lt;tr bgcolor="#D4E4F3"&gt;

&lt;td&gt;latitude&lt;/td&gt;

&lt;td&gt;21.922&lt;/td&gt;

&lt;/tr&gt;

&lt;tr&gt;

&lt;td&gt;longitude&lt;/td&gt;

&lt;td&gt;86.638&lt;/td&gt;

&lt;/tr&gt;

&lt;tr bgcolor="#D4E4F3"&gt;

&lt;td&gt;area_ha&lt;/td&gt;

&lt;td&gt;45.25&lt;/td&gt;

&lt;/tr&gt;

&lt;tr&gt;

&lt;td&gt;LP_id&lt;/td&gt;

&lt;td&gt;LP48&lt;/td&gt;

&lt;/tr&gt;

&lt;tr bgcolor="#D4E4F3"&gt;

&lt;td&gt;Plantation_year&lt;/td&gt;

&lt;td&gt;2025&lt;/td&gt;

&lt;/tr&gt;

&lt;tr&gt;

&lt;td&gt;SHAPE_Length&lt;/td&gt;

&lt;td&gt;14699.82496&lt;/td&gt;

&lt;/tr&gt;

&lt;tr bgcolor="#D4E4F3"&gt;

&lt;td&gt;SHAPE_Area&lt;/td&gt;

&lt;td&gt;452157.348201&lt;/td&gt;

&lt;/tr&gt;

&lt;/table&gt;

&lt;/td&gt;

&lt;/tr&gt;

&lt;/table&gt;

&lt;/body&gt;

&lt;/html&gt;</description>
			<styleUrl>#PolyStyle00</styleUrl>
			<MultiGeometry>
				<Polygon><outerBoundaryIs><LinearRing><coordinates>86.63376038,21.92137466,0 86.63368327,21.92141461,0 86.63357053,21.92149139,0 86.63348635,21.92163416,0 86.63413067,21.92178714,0 86.63414944,21.92171009,0 86.63423012,21.92173834,0 86.63427629,21.92178450,0 86.63426717,21.92181580,0 86.63419220,21.92180350,0 86.63348975,21.92163813,0 86.63354221,21.92190782,0 86.63358475,21.92210573,0 86.63375485,21.92215706,0 86.63375277,21.92230549,0 86.63408075,21.92233486,0 86.63407884,21.92229573,0 86.63411609,21.92223647,0 86.63415985,21.92224606,0 86.63427877,21.92211577,0 86.63415933,21.92224991,0 86.63416243,21.92228099,0 86.63415680,21.92234077,0 86.63437262,21.92235949,0 86.63376038,21.92231037,0 86.63367917,21.92234473,0 86.63354368,21.92238435,0 86.63345383,21.92239433,0 86.63329032,21.92238437,0 86.63328730,21.92237940,0 86.63319125,21.92237941,0 86.63335523,21.92286450,0 86.63336440,21.92348634,0 86.63399578,21.92343051,0 86.63405700,21.92374110,0 86.63499030,21.92364418,0 86.63499259,21.92364327,0 86.63514112,21.92400386,0 86.63508223,21.92411742,0 86.63496290,21.92426907,0 86.63495879,21.92443108,0 86.63501735,21.92444327,0 86.63513082,21.92444936,0 86.63513624,21.92444936,0 86.63520518,21.92439465,0 86.63554269,21.92432849,0 86.63575832,21.92428679,0 86.63583376,21.92424541,0 86.63598832,21.92426309,0 86.63601031,21.92418996,0 86.63599901,21.92426900,0 86.63612726,21.92427491,0 86.63632608,21.92431053,0 86.63643499,21.92435239,0 86.63645883,21.92440668,0 86.63665989,21.92451228,0 86.63739420,21.92447410,0 86.63744670,21.92437570,0 86.63874090,21.92405940,0 86.63921601,21.92409270,0 86.63919121,21.92402852,0 86.63922653,21.92396517,0 86.63902224,21.92364365,0 86.63900106,21.92371010,0 86.63897059,21.92371880,0 86.63875650,21.92368214,0 86.63876229,21.92371664,0 86.63877444,21.92375178,0 86.63870151,21.92375622,0 86.63867607,21.92370580,0 86.63874022,21.92367787,0 86.63892081,21.92371011,0 86.63888258,21.92365666,0 86.63881889,21.92362681,0 86.63882442,21.92362936,0 86.63877473,21.92353773,0 86.63879025,21.92350902,0 86.63882576,21.92344789,0 86.63882616,21.92345212,0 86.63892954,21.92346911,0 86.63897988,21.92357048,0 86.63901135,21.92355869,0 86.63898257,21.92357327,0 86.63923227,21.92397147,0 86.63932179,21.92399965,0 86.63940337,21.92408228,0 86.63941677,21.92424687,0 86.63988397,21.92419128,0 86.63988585,21.92418516,0 86.64054527,21.92418508,0 86.64057318,21.92440720,0 86.64119700,21.92433685,0 86.64124097,21.92420837,0 86.64126228,21.92412081,0 86.64124085,21.92421167,0 86.64132531,21.92429073,0 86.64144086,21.92433894,0 86.64158526,21.92423819,0 86.64175877,21.92425246,0 86.64177310,21.92457155,0 86.64178826,21.92474102,0 86.64180648,21.92505203,0 86.64185109,21.92545157,0 86.64186324,21.92572960,0 86.64191416,21.92573579,0 86.64200401,21.92576685,0 86.64196194,21.92581687,0 86.64190786,21.92599526,0 86.64192501,21.92600173,0 86.64206398,21.92602117,0 86.64216270,21.92603417,0 86.64214291,21.92611933,0 86.64203983,21.92621236,0 86.64203439,21.92636825,0 86.64189663,21.92649998,0 86.64192051,21.92664879,0 86.64231355,21.92655626,0 86.64249590,21.92653510,0 86.64270769,21.92649998,0 86.64268712,21.92635453,0 86.64263403,21.92611200,0 86.64249506,21.92619874,0 86.64239884,21.92627968,0 86.64228370,21.92627968,0 86.64235004,21.92621889,0 86.64238680,21.92610537,0 86.64231755,21.92601311,0 86.64236428,21.92596089,0 86.64242319,21.92590903,0 86.64249237,21.92591549,0 86.64261435,21.92595439,0 86.64258587,21.92574198,0 86.64257978,21.92574599,0 86.64256252,21.92566190,0 86.64257176,21.92540440,0 86.64268439,21.92520284,0 86.64270935,21.92505424,0 86.64276061,21.92494922,0 86.64294983,21.92487328,0 86.64297655,21.92469067,0 86.64296014,21.92448093,0 86.64292655,21.92426565,0 86.64282364,21.92425943,0 86.64273303,21.92427811,0 86.64266385,21.92425322,0 86.64262114,21.92424964,0 86.64261052,21.92422286,0 86.64261019,21.92422286,0 86.64263968,21.92417976,0 86.64269805,21.92418161,0 86.64273901,21.92417421,0 86.64281552,21.92419761,0 86.64290655,21.92420376,0 86.64291858,21.92409999,0 86.64288725,21.92390944,0 86.64293267,21.92382219,0 86.64288917,21.92360133,0 86.64286132,21.92346410,0 86.64291007,21.92348039,0 86.64294641,21.92356257,0 86.64298737,21.92371920,0 86.64309777,21.92374193,0 86.64320515,21.92364595,0 86.64327410,21.92356257,0 86.64345716,21.92363538,0 86.64353651,21.92360146,0 86.64359925,21.92360146,0 86.64401064,21.92359303,0 86.64395488,21.92339513,0 86.64392064,21.92319037,0 86.64389409,21.92310660,0 86.64373406,21.92310659,0 86.64361616,21.92304669,0 86.64347492,21.92304669,0 86.64343390,21.92300050,0 86.64283800,21.92304242,0 86.64337189,21.92300261,0 86.64330566,21.92282234,0 86.64322803,21.92249765,0 86.64321085,21.92226441,0 86.64318159,21.92223395,0 86.64313738,21.92218571,0 86.64313338,21.92210862,0 86.64304788,21.92197602,0 86.64261057,21.92202862,0 86.64257696,21.92202862,0 86.64254334,21.92202863,0 86.64252523,21.92196978,0 86.64251490,21.92183957,0 86.64250548,21.92180392,0 86.64246346,21.92168441,0 86.64245538,21.92166358,0 86.64241496,21.92146621,0 86.64243453,21.92138658,0 86.64250703,21.92141961,0 86.64253006,21.92162215,0 86.64262362,21.92194786,0 86.64275044,21.92194786,0 86.64289730,21.92194785,0 86.64289191,21.92178263,0 86.64289646,21.92159470,0 86.64279933,21.92153345,0 86.64282822,21.92144617,0 86.64284216,21.92128865,0 86.64281802,21.92118614,0 86.64277515,21.92107937,0 86.64273816,21.92107937,0 86.64263952,21.92107937,0 86.64262740,21.92101756,0 86.64267820,21.92097472,0 86.64257261,21.92063287,0 86.64251738,21.92041538,0 86.64234736,21.92045923,0 86.64221243,21.92053132,0 86.64224454,21.92067295,0 86.64230006,21.92079506,0 86.64229427,21.92089011,0 86.64233893,21.92101143,0 86.64238315,21.92102987,0 86.64240156,21.92102987,0 86.64254432,21.92104838,0 86.64260511,21.92117348,0 86.64254219,21.92123716,0 86.64243444,21.92130162,0 86.64237915,21.92132111,0 86.64230513,21.92134720,0 86.64209707,21.92136031,0 86.64174939,21.92139980,0 86.64156508,21.92141303,0 86.64149512,21.92141303,0 86.64142204,21.92142899,0 86.64140795,21.92131379,0 86.64140466,21.92126801,0 86.64137789,21.92127391,0 86.64135704,21.92126410,0 86.64132184,21.92127194,0 86.64126958,21.92128379,0 86.64129158,21.92133822,0 86.64123528,21.92139887,0 86.64120893,21.92137560,0 86.64121107,21.92133413,0 86.64114127,21.92134646,0 86.64110381,21.92132597,0 86.64108354,21.92127391,0 86.64111833,21.92123696,0 86.64107264,21.92124660,0 86.64103640,21.92122166,0 86.64104443,21.92116747,0 86.64105590,21.92109933,0 86.64111186,21.92108364,0 86.64115978,21.92104600,0 86.64118796,21.92103926,0 86.64119118,21.92103926,0 86.64121646,21.92105957,0 86.64121668,21.92112228,0 86.64123715,21.92117482,0 86.64126551,21.92112763,0 86.64131281,21.92110283,0 86.64136911,21.92109811,0 86.64133003,21.92095046,0 86.64135037,21.92087219,0 86.64133622,21.92073077,0 86.64128816,21.92074241,0 86.64118572,21.92076577,0 86.64105347,21.92075486,0 86.64106855,21.92077683,0 86.64105554,21.92081193,0 86.64102795,21.92081907,0 86.64099100,21.92082194,0 86.64093432,21.92078100,0 86.64081280,21.92079217,0 86.64079775,21.92083056,0 86.64074798,21.92084163,0 86.64070715,21.92084389,0 86.64069760,21.92085747,0 86.64067373,21.92088492,0 86.64065300,21.92089845,0 86.64065260,21.92089647,0 86.64061287,21.92086886,0 86.64059318,21.92081922,0 86.64045608,21.92076580,0 86.64039803,21.92080103,0 86.64022677,21.92082466,0 86.64021065,21.92089559,0 86.64025060,21.92095771,0 86.64025596,21.92097029,0 86.64028656,21.92103394,0 86.64028336,21.92112861,0 86.64027845,21.92114189,0 86.64023497,21.92115523,0 86.64018972,21.92127090,0 86.64020095,21.92139083,0 86.64020013,21.92139802,0 86.64016005,21.92155277,0 86.64010568,21.92164889,0 86.64021572,21.92174694,0 86.64034228,21.92180230,0 86.64046251,21.92181904,0 86.64060994,21.92183022,0 86.64076911,21.92184705,0 86.64077455,21.92184705,0 86.64081223,21.92173046,0 86.64079897,21.92164888,0 86.64074466,21.92163811,0 86.64061515,21.92161665,0 86.64049927,21.92163274,0 86.64034228,21.92157931,0 86.64037414,21.92138170,0 86.64042596,21.92138170,0 86.64058027,21.92136645,0 86.64060534,21.92142260,0 86.64059770,21.92145870,0 86.64053140,21.92155811,0 86.64067400,21.92155811,0 86.64079071,21.92156340,0 86.64082555,21.92148986,0 86.64093218,21.92150552,0 86.64097691,21.92157400,0 86.64094176,21.92163811,0 86.64087111,21.92167592,0 86.64087964,21.92175796,0 86.64087685,21.92183583,0 86.64087085,21.92193782,0 86.64086487,21.92202563,0 86.64081752,21.92201284,0 86.64081425,21.92192067,0 86.64076436,21.92191497,0 86.64067616,21.92190928,0 86.64054112,21.92192273,0 86.64044194,21.92190140,0 86.64035122,21.92189081,0 86.64032673,21.92193783,0 86.64024661,21.92185268,0 86.64017988,21.92198964,0 86.64007390,21.92193783,0 86.63995330,21.92198386,0 86.63992078,21.92194513,0 86.63991636,21.92194560,0 86.63992521,21.92189742,0 86.63999061,21.92185831,0 86.64005047,21.92185268,0 86.64009238,21.92177454,0 86.64005346,21.92174270,0 86.64004580,21.92174271,0 86.63993010,21.92167173,0 86.63983299,21.92159453,0 86.63982925,21.92159453,0 86.63974410,21.92156793,0 86.63968586,21.92152963,0 86.63970026,21.92142658,0 86.63962712,21.92136742,0 86.63953175,21.92133387,0 86.63953622,21.92130081,0 86.63955152,21.92124774,0 86.63952915,21.92118741,0 86.63951536,21.92113146,0 86.63953154,21.92109315,0 86.63955653,21.92104754,0 86.63954132,21.92098221,0 86.63954266,21.92093140,0 86.63954790,21.92087448,0 86.63952865,21.92087448,0 86.63950246,21.92087692,0 86.63946468,21.92088426,0 86.63942102,21.92085505,0 86.63936116,21.92085506,0 86.63932349,21.92086475,0 86.63929768,21.92087449,0 86.63926285,21.92089904,0 86.63922150,21.92089411,0 86.63917527,21.92088428,0 86.63917623,21.92091641,0 86.63917558,21.92097709,0 86.63917779,21.92105287,0 86.63925240,21.92109045,0 86.63926877,21.92116487,0 86.63923430,21.92114255,0 86.63918912,21.92109316,0 86.63912727,21.92103696,0 86.63909710,21.92102380,0 86.63906211,21.92099255,0 86.63900268,21.92099255,0 86.63896682,21.92094361,0 86.63883699,21.92089358,0 86.63870703,21.92076588,0 86.63860175,21.92071513,0 86.63840811,21.92081103,0 86.63859944,21.92071513,0 86.63858357,21.92067503,0 86.63849651,21.92059907,0 86.63843279,21.92056693,0 86.63830628,21.92055896,0 86.63820566,21.92053914,0 86.63810997,21.92053520,0 86.63802319,21.92050384,0 86.63794263,21.92041951,0 86.63788692,21.92034520,0 86.63782346,21.92029088,0 86.63776768,21.92022723,0 86.63772540,21.92017202,0 86.63768267,21.92016861,0 86.63766005,21.92020638,0 86.63761075,21.92020639,0 86.63759058,21.92023050,0 86.63756424,21.92022786,0 86.63749491,21.92023424,0 86.63746259,21.92020986,0 86.63746757,21.92014151,0 86.63743081,21.92014489,0 86.63740991,21.92010474,0 86.63743467,21.92002321,0 86.63744377,21.91994753,0 86.63746048,21.91988329,0 86.63749922,21.91982375,0 86.63735564,21.91981204,0 86.63730734,21.91983850,0 86.63724939,21.91982376,0 86.63723448,21.91978589,0 86.63709209,21.91975772,0 86.63711551,21.91953772,0 86.63675728,21.91947393,0 86.63671877,21.91951222,0 86.63655326,21.91948131,0 86.63649998,21.91946379,0 86.63643725,21.91950779,0 86.63635394,21.91952113,0 86.63626192,21.91955519,0 86.63622544,21.91968505,0 86.63617292,21.91986619,0 86.63620563,21.91987302,0 86.63623855,21.91985770,0 86.63626520,21.91986619,0 86.63627321,21.91988682,0 86.63628179,21.91991793,0 86.63625122,21.91994745,0 86.63618878,21.91995324,0 86.63615487,21.91992749,0 86.63626062,21.91955701,0 86.63616577,21.91948571,0 86.63619602,21.91940763,0 86.63619216,21.91934841,0 86.63615094,21.91931101,0 86.63611102,21.91931101,0 86.63604480,21.91929455,0 86.63600412,21.91930277,0 86.63593137,21.91931101,0 86.63589280,21.91933173,0 86.63581397,21.91929456,0 86.63582450,21.91919395,0 86.63581490,21.91919780,0 86.63562174,21.91919396,0 86.63554426,21.91918729,0 86.63554422,21.91928848,0 86.63552133,21.91933648,0 86.63546556,21.91937803,0 86.63546048,21.91944811,0 86.63544860,21.91951927,0 86.63536605,21.91962808,0 86.63535898,21.91962808,0 86.63530711,21.91959882,0 86.63526161,21.91950496,0 86.63533548,21.91942698,0 86.63538058,21.91936414,0 86.63478221,21.91938502,0 86.63475409,21.91957702,0 86.63492446,21.91962077,0 86.63495613,21.91969460,0 86.63481498,21.91972447,0 86.63476235,21.91961345,0 86.63468319,21.91968718,0 86.63457121,21.91970207,0 86.63446705,21.91970953,0 86.63438057,21.91969463,0 86.63441720,21.91960616,0 86.63440978,21.91942702,0 86.63421144,21.91942001,0 86.63413284,21.91932277,0 86.63376533,21.91934345,0 86.63367028,21.91937811,0 86.63358991,21.91935729,0 86.63351059,21.91935729,0 86.63315050,21.91931610,0 86.63317090,21.91909650,0 86.63278787,21.91900336,0 86.63259731,21.91899166,0 86.63246034,21.91892189,0 86.63174150,21.91903380,0 86.63238869,21.92014801,0 86.63262993,21.92061934,0 86.63274990,21.92051741,0 86.63287475,21.92039207,0 86.63288520,21.92038379,0 86.63301095,21.92037552,0 86.63301919,21.92037552,0 86.63301641,21.92048376,0 86.63292773,21.92060224,0 86.63264080,21.92067085,0 86.63268748,21.92087188,0 86.63314844,21.92094312,0 86.63323594,21.92089849,0 86.63375072,21.92084529,0 86.63377210,21.92116601,0 86.63378047,21.92124435,0 86.63375893,21.92137423,0 86.63376038,21.92137466,0</coordinates></LinearRing></outerBoundaryIs><innerBoundaryIs><LinearRing><coordinates>86.63427877,21.92211577,0 86.63421712,21.92206425,0 86.63418725,21.92201750,0 86.63418771,21.92201408,0 86.63419454,21.92198864,0 86.63422899,21.92197020,0 86.63427230,21.92198864,0 86.63427530,21.92199201,0 86.63429589,21.92202092,0 86.63433879,21.92209072,0 86.63435867,21.92204332,0 86.63438251,21.92206600,0 86.63440249,21.92209784,0 86.63443639,21.92208539,0 86.63444159,21.92208539,0 86.63448129,21.92211937,0 86.63448304,21.92211937,0 86.63449571,21.92214479,0 86.63446600,21.92217055,0 86.63444450,21.92217425,0 86.63439244,21.92215947,0 86.63436171,21.92212660,0 86.63430433,21.92203813,0 86.63431244,21.92207656,0 86.63431190,21.92208186,0 86.63427877,21.92211577,0</coordinates></LinearRing></innerBoundaryIs><innerBoundaryIs><LinearRing><coordinates>86.63437262,21.92235949,0 86.63431350,21.92228599,0 86.63435646,21.92219480,0 86.63442460,21.92222814,0 86.63443984,21.92231033,0 86.63445255,21.92233621,0 86.63449948,21.92231810,0 86.63454906,21.92234075,0 86.63460012,21.92234986,0 86.63465425,21.92234758,0 86.63466302,21.92234530,0 86.63471806,21.92232261,0 86.63472879,21.92232260,0 86.63474912,21.92234985,0 86.63469789,21.92237973,0 86.63467101,21.92239365,0 86.63467396,21.92239826,0 86.63462073,21.92239598,0 86.63456424,21.92239365,0 86.63445231,21.92233848,0 86.63442360,21.92236940,0 86.63437262,21.92235949,0</coordinates></LinearRing></innerBoundaryIs><innerBoundaryIs><LinearRing><coordinates>86.63665989,21.92451228,0 86.63663603,21.92436183,0 86.63665587,21.92430731,0 86.63670133,21.92429333,0 86.63674321,21.92431238,0 86.63677033,21.92432977,0 86.63677747,21.92432829,0 86.63679981,21.92439311,0 86.63679835,21.92443239,0 86.63679870,21.92443958,0 86.63676735,21.92449031,0 86.63665989,21.92451228,0</coordinates></LinearRing></innerBoundaryIs><innerBoundaryIs><LinearRing><coordinates>86.63870151,21.92375622,0 86.63868576,21.92379663,0 86.63875912,21.92382633,0 86.63879297,21.92387293,0 86.63874950,21.92391825,0 86.63869567,21.92390144,0 86.63866321,21.92384021,0 86.63870151,21.92375622,0</coordinates></LinearRing></innerBoundaryIs><innerBoundaryIs><LinearRing><coordinates>86.63932179,21.92399965,0 86.63935935,21.92383000,0 86.63922800,21.92382615,0 86.63927007,21.92373122,0 86.63933060,21.92374624,0 86.63936950,21.92376510,0 86.63936317,21.92382615,0 86.63932179,21.92399965,0</coordinates></LinearRing></innerBoundaryIs><innerBoundaryIs><LinearRing><coordinates>86.63426385,21.92152300,0 86.63429133,21.92145059,0 86.63432189,21.92144616,0 86.63435171,21.92142195,0 86.63440641,21.92136776,0 86.63445610,21.92137635,0 86.63448027,21.92139363,0 86.63448168,21.92145032,0 86.63456843,21.92149247,0 86.63448033,21.92145032,0 86.63443461,21.92149527,0 86.63438512,21.92149978,0 86.63434733,21.92147507,0 86.63432928,21.92149528,0 86.63433328,21.92155916,0 86.63432254,21.92161211,0 86.63428852,21.92160811,0 86.63429300,21.92155916,0 86.63426385,21.92152300,0</coordinates></LinearRing></innerBoundaryIs><innerBoundaryIs><LinearRing><coordinates>86.63476284,21.92158694,0 86.63476303,21.92158703,0 86.63479429,21.92157685,0 86.63479572,21.92157685,0 86.63484805,21.92160171,0 86.63485409,21.92163755,0 86.63498687,21.92163261,0 86.63485402,21.92163926,0 86.63484950,21.92163613,0 86.63483956,21.92168245,0 86.63483813,21.92168403,0 86.63480861,21.92170226,0 86.63475335,21.92166218,0 86.63476284,21.92158694,0</coordinates></LinearRing></innerBoundaryIs><innerBoundaryIs><LinearRing><coordinates>86.63503777,21.92163006,0 86.63503269,21.92161211,0 86.63502362,21.92155936,0 86.63503808,21.92151165,0 86.63506728,21.92146707,0 86.63513281,21.92149611,0 86.63514393,21.92152578,0 86.63514546,21.92157399,0 86.63514693,21.92159706,0 86.63513832,21.92163924,0 86.63505884,21.92162901,0 86.63503777,21.92163006,0</coordinates></LinearRing></innerBoundaryIs><innerBoundaryIs><LinearRing><coordinates>86.63530253,21.91971181,0 86.63515399,21.91990760,0 86.63518065,21.91999390,0 86.63515629,21.92009789,0 86.63522903,21.92037077,0 86.63512713,21.92003364,0 86.63506929,21.91997810,0 86.63513217,21.91991538,0 86.63530253,21.91971181,0</coordinates></LinearRing></innerBoundaryIs><innerBoundaryIs><LinearRing><coordinates>86.63526441,21.92048784,0 86.63530840,21.92051917,0 86.63539959,21.92049289,0 86.63549021,21.92054028,0 86.63544516,21.92058991,0 86.63534706,21.92059882,0 86.63529527,21.92058992,0 86.63526441,21.92048784,0</coordinates></LinearRing></innerBoundaryIs><innerBoundaryIs><LinearRing><coordinates>86.63553753,21.92056504,0 86.63555108,21.92057213,0 86.63557141,21.92058675,0 86.63553753,21.92056504,0</coordinates></LinearRing></innerBoundaryIs><innerBoundaryIs><LinearRing><coordinates>86.63564086,21.92063127,0 86.63570109,21.92056325,0 86.63576311,21.92015259,0 86.63572698,21.92047542,0 86.63577676,21.92053674,0 86.63579568,21.92064358,0 86.63571245,21.92065259,0 86.63566008,21.92064359,0 86.63564086,21.92063127,0</coordinates></LinearRing></innerBoundaryIs><innerBoundaryIs><LinearRing><coordinates>86.63576813,21.92010769,0 86.63566590,21.92019582,0 86.63563169,21.92030414,0 86.63559942,21.92036344,0 86.63554810,21.92036345,0 86.63545562,21.92032102,0 86.63550362,21.92025387,0 86.63561371,21.92022890,0 86.63560361,21.92014660,0 86.63554620,21.92014661,0 86.63557808,21.92008979,0 86.63565812,21.92005761,0 86.63571738,21.92000180,0 86.63578160,21.91998596,0 86.63583690,21.92002563,0 86.63584923,21.92008978,0 86.63577104,21.92008172,0 86.63576813,21.92010769,0</coordinates></LinearRing></innerBoundaryIs><innerBoundaryIs><LinearRing><coordinates>86.63636624,21.91999299,0 86.63636987,21.91993843,0 86.63635085,21.91990863,0 86.63637540,21.91988854,0 86.63640139,21.91988854,0 86.63639900,21.91992404,0 86.63640336,21.91994638,0 86.63643799,21.91993710,0 86.63644846,21.91995441,0 86.63645289,21.91999440,0 86.63645353,21.91999459,0 86.63643468,21.92001297,0 86.63640307,21.92002901,0 86.63637600,21.92002607,0 86.63636624,21.91999299,0</coordinates></LinearRing></innerBoundaryIs><innerBoundaryIs><LinearRing><coordinates>86.63648428,21.92000351,0 86.63650696,21.92001008,0 86.63651034,21.91998877,0 86.63651632,21.91995711,0 86.63652811,21.91993316,0 86.63655879,21.91993974,0 86.63658554,21.91995981,0 86.63659296,21.91998596,0 86.63659363,21.92003491,0 86.63666137,21.92017604,0 86.63668390,21.92014699,0 86.63670462,21.92015036,0 86.63671105,21.92017430,0 86.63670227,21.92019179,0 86.63669965,21.92021684,0 86.63667271,21.92021141,0 86.63666160,21.92017777,0 86.63659411,21.92003936,0 86.63656787,21.92003788,0 86.63654805,21.92002753,0 86.63654675,21.92002606,0 86.63648428,21.92000351,0</coordinates></LinearRing></innerBoundaryIs><innerBoundaryIs><LinearRing><coordinates>86.63961259,21.92153878,0 86.63964443,21.92157321,0 86.63964248,21.92163255,0 86.63964554,21.92164510,0 86.63963953,21.92173212,0 86.63957274,21.92184123,0 86.63903783,21.92193914,0 86.63900143,21.92197843,0 86.63898380,21.92203085,0 86.63898073,21.92202192,0 86.63895718,21.92199744,0 86.63892831,21.92195974,0 86.63949790,21.92185052,0 86.63945317,21.92179773,0 86.63953385,21.92170622,0 86.63954293,21.92165519,0 86.63954517,21.92164259,0 86.63954872,21.92162257,0 86.63957008,21.92154408,0 86.63961259,21.92153878,0</coordinates></LinearRing></innerBoundaryIs><innerBoundaryIs><LinearRing><coordinates>86.63876402,21.92199124,0 86.63873489,21.92199747,0 86.63877020,21.92205200,0 86.63880283,21.92212408,0 86.63880149,21.92213073,0 86.63878543,21.92215074,0 86.63870694,21.92219456,0 86.63865104,21.92218779,0 86.63863107,21.92211748,0 86.63864177,21.92205850,0 86.63869836,21.92200384,0 86.63876402,21.92199124,0</coordinates></LinearRing></innerBoundaryIs><innerBoundaryIs><LinearRing><coordinates>86.63904799,21.92221707,0 86.63912533,21.92243749,0 86.63916744,21.92236478,0 86.63912949,21.92227734,0 86.63915873,21.92218623,0 86.63924282,21.92219906,0 86.63924909,21.92219906,0 86.63926949,21.92227403,0 86.63926489,21.92234096,0 86.63927897,21.92245155,0 86.63924460,21.92251575,0 86.63915948,21.92257039,0 86.63912175,21.92251576,0 86.63912517,21.92244100,0 86.63904799,21.92221707,0</coordinates></LinearRing></innerBoundaryIs><innerBoundaryIs><LinearRing><coordinates>86.64042547,21.92210359,0 86.64045765,21.92211686,0 86.64048950,21.92215197,0 86.64053808,21.92219237,0 86.64055235,21.92228016,0 86.64051546,21.92228513,0 86.64044174,21.92229260,0 86.64042089,21.92226039,0 86.64041607,21.92221645,0 86.64038981,21.92219477,0 86.64037616,21.92220920,0 86.64032441,21.92225792,0 86.64027638,21.92225547,0 86.64024826,21.92218281,0 86.64033087,21.92215197,0 86.64035543,21.92214491,0 86.64041216,21.92214491,0 86.64042344,21.92212851,0 86.64042547,21.92210359,0</coordinates></LinearRing></innerBoundaryIs><innerBoundaryIs><LinearRing><coordinates>86.64249468,21.92422286,0 86.64234429,21.92422286,0 86.64235444,21.92424578,0 86.64228601,21.92427682,0 86.64225110,21.92426123,0 86.64222933,21.92426123,0 86.64217100,21.92424194,0 86.64206603,21.92421573,0 86.64249468,21.92422286,0</coordinates></LinearRing></innerBoundaryIs><innerBoundaryIs><LinearRing><coordinates>86.64206435,21.92421570,0 86.64207475,21.92425156,0 86.64203351,21.92427486,0 86.64198986,21.92425735,0 86.64200954,21.92421717,0 86.64203883,21.92421528,0 86.64206435,21.92421570,0</coordinates></LinearRing></innerBoundaryIs><innerBoundaryIs><LinearRing><coordinates>86.64133036,21.92383750,0 86.64122708,21.92384033,0 86.64123005,21.92377009,0 86.64130398,21.92373164,0 86.64134912,21.92375354,0 86.64135925,21.92379514,0 86.64133036,21.92383750,0</coordinates></LinearRing></innerBoundaryIs><innerBoundaryIs><LinearRing><coordinates>86.64002559,21.92371411,0 86.63991467,21.92369832,0 86.63986450,21.92364383,0 86.63995686,21.92352632,0 86.63996761,21.92342568,0 86.63996161,21.92352632,0 86.64002853,21.92363840,0 86.64002559,21.92371411,0</coordinates></LinearRing></innerBoundaryIs><innerBoundaryIs><LinearRing><coordinates>86.64000410,21.92281290,0 86.63992780,21.92277778,0 86.63985054,21.92271329,0 86.63987314,21.92261938,0 86.63996181,21.92257219,0 86.64007716,21.92270815,0 86.64005432,21.92288377,0 86.64013728,21.92299416,0 86.64008043,21.92304316,0 86.64002791,21.92298929,0 86.64003974,21.92293138,0 86.64006236,21.92279032,0 86.64000410,21.92281290,0</coordinates></LinearRing></innerBoundaryIs><innerBoundaryIs><LinearRing><coordinates>86.63997497,21.92246585,0 86.63991620,21.92248608,0 86.63981430,21.92254183,0 86.63972737,21.92246534,0 86.63972968,21.92245154,0 86.63980095,21.92236838,0 86.63985843,21.92233726,0 86.63993470,21.92232218,0 86.63994081,21.92232218,0 86.63998401,21.92240350,0 86.63997497,21.92246585,0</coordinates></LinearRing></innerBoundaryIs><innerBoundaryIs><LinearRing><coordinates>86.63985021,21.92271463,0 86.63987465,21.92286622,0 86.63989412,21.92290668,0 86.63984070,21.92291574,0 86.63976756,21.92283504,0 86.63979729,21.92278654,0 86.63984963,21.92271707,0 86.63985021,21.92271463,0</coordinates></LinearRing></innerBoundaryIs><innerBoundaryIs><LinearRing><coordinates>86.63903763,21.92354537,0 86.63901558,21.92350420,0 86.63902278,21.92345256,0 86.63908087,21.92343640,0 86.63910036,21.92342299,0 86.63914456,21.92339632,0 86.63918795,21.92342032,0 86.63921503,21.92346608,0 86.63920099,21.92350146,0 86.63915681,21.92349600,0 86.63911822,21.92349054,0 86.63912047,21.92351791,0 86.63906466,21.92353167,0 86.63903763,21.92354537,0</coordinates></LinearRing></innerBoundaryIs><innerBoundaryIs><LinearRing><coordinates>86.63881588,21.92334372,0 86.63880986,21.92328552,0 86.63870368,21.92326919,0 86.63862442,21.92316709,0 86.63865945,21.92316178,0 86.63876358,21.92317456,0 86.63903379,21.92306474,0 86.63875743,21.92318030,0 86.63880984,21.92328007,0 86.63881588,21.92334372,0</coordinates></LinearRing></innerBoundaryIs><innerBoundaryIs><LinearRing><coordinates>86.63917188,21.92300700,0 86.63914609,21.92297105,0 86.63916547,21.92291887,0 86.63916549,21.92291629,0 86.63917622,21.92290857,0 86.63921881,21.92290344,0 86.63925653,21.92295265,0 86.63921355,21.92298957,0 86.63917188,21.92300700,0</coordinates></LinearRing></innerBoundaryIs><innerBoundaryIs><LinearRing><coordinates>86.63848429,21.92347272,0 86.63842774,21.92363991,0 86.63846496,21.92367577,0 86.63851023,21.92369718,0 86.63850641,21.92374737,0 86.63846654,21.92375180,0 86.63846446,21.92375180,0 86.63842644,21.92373636,0 86.63840741,21.92368004,0 86.63845307,21.92356417,0 86.63838054,21.92355817,0 86.63834116,21.92347993,0 86.63843965,21.92345216,0 86.63848429,21.92347272,0</coordinates></LinearRing></innerBoundaryIs><innerBoundaryIs><LinearRing><coordinates>86.63711995,21.92425727,0 86.63706113,21.92421991,0 86.63703709,21.92416629,0 86.63704512,21.92411022,0 86.63700836,21.92409065,0 86.63700172,21.92408740,0 86.63698150,21.92403262,0 86.63698050,21.92401986,0 86.63699559,21.92397243,0 86.63705225,21.92397557,0 86.63707002,21.92386436,0 86.63712887,21.92386739,0 86.63717638,21.92390715,0 86.63715005,21.92398185,0 86.63721198,21.92404640,0 86.63726077,21.92412531,0 86.63725298,21.92406826,0 86.63726200,21.92399707,0 86.63729801,21.92396669,0 86.63734265,21.92399706,0 86.63737173,21.92404639,0 86.63744580,21.92403936,0 86.63737206,21.92404950,0 86.63739763,21.92409030,0 86.63737348,21.92418029,0 86.63733982,21.92418356,0 86.63730552,21.92418030,0 86.63725825,21.92413172,0 86.63718156,21.92410041,0 86.63714591,21.92412660,0 86.63717310,21.92420306,0 86.63711995,21.92425727,0</coordinates></LinearRing></innerBoundaryIs><innerBoundaryIs><LinearRing><coordinates>86.63750191,21.92403165,0 86.63747505,21.92395763,0 86.63746720,21.92391879,0 86.63751432,21.92385432,0 86.63760376,21.92386883,0 86.63764985,21.92388342,0 86.63768252,21.92390398,0 86.63766174,21.92399399,0 86.63765661,21.92403705,0 86.63762968,21.92407766,0 86.63760453,21.92403086,0 86.63755258,21.92402468,0 86.63750191,21.92403165,0</coordinates></LinearRing></innerBoundaryIs><innerBoundaryIs><LinearRing><coordinates>86.63602630,21.92411959,0 86.63595678,21.92406014,0 86.63599917,21.92387339,0 86.63597710,21.92398353,0 86.63606637,21.92400350,0 86.63610368,21.92407723,0 86.63602630,21.92411959,0</coordinates></LinearRing></innerBoundaryIs><innerBoundaryIs><LinearRing><coordinates>86.63602211,21.92375891,0 86.63606196,21.92355403,0 86.63597798,21.92349367,0 86.63592353,21.92346308,0 86.63580575,21.92340246,0 86.63587100,21.92328822,0 86.63595868,21.92325884,0 86.63602201,21.92332271,0 86.63602694,21.92333261,0 86.63608646,21.92341753,0 86.63619415,21.92342021,0 86.63607665,21.92342257,0 86.63606289,21.92355539,0 86.63602211,21.92375891,0</coordinates></LinearRing></innerBoundaryIs><innerBoundaryIs><LinearRing><coordinates>86.63628608,21.92341836,0 86.63623225,21.92333259,0 86.63620693,21.92329312,0 86.63607755,21.92313547,0 86.63607878,21.92313366,0 86.63616698,21.92323934,0 86.63621451,21.92320058,0 86.63627410,21.92325882,0 86.63629380,21.92330636,0 86.63631034,21.92332458,0 86.63633378,21.92323735,0 86.63634338,21.92326860,0 86.63636520,21.92328438,0 86.63639007,21.92336738,0 86.63644425,21.92337237,0 86.63644916,21.92337237,0 86.63650996,21.92341238,0 86.63650133,21.92346285,0 86.63645309,21.92345797,0 86.63637237,21.92341751,0 86.63632800,21.92341752,0 86.63628608,21.92341836,0</coordinates></LinearRing></innerBoundaryIs><innerBoundaryIs><LinearRing><coordinates>86.63666415,21.92341765,0 86.63676311,21.92342070,0 86.63674372,21.92337428,0 86.63673944,21.92330159,0 86.63678453,21.92327625,0 86.63681196,21.92300228,0 86.63676889,21.92300016,0 86.63672811,21.92296451,0 86.63676573,21.92289716,0 86.63680664,21.92288717,0 86.63677785,21.92281100,0 86.63680786,21.92278064,0 86.63683705,21.92279007,0 86.63685273,21.92280526,0 86.63685632,21.92284186,0 86.63683280,21.92287722,0 86.63686301,21.92293155,0 86.63686380,21.92293974,0 86.63685911,21.92297911,0 86.63681213,21.92300440,0 86.63678613,21.92327625,0 86.63680525,21.92328442,0 86.63684524,21.92329421,0 86.63684776,21.92329667,0 86.63686513,21.92338964,0 86.63686535,21.92339221,0 86.63684209,21.92342592,0 86.63679204,21.92342592,0 86.63666415,21.92341765,0</coordinates></LinearRing></innerBoundaryIs><innerBoundaryIs><LinearRing><coordinates>86.63638184,21.92305846,0 86.63640654,21.92296651,0 86.63639114,21.92296811,0 86.63638647,21.92297129,0 86.63635680,21.92298573,0 86.63631928,21.92295859,0 86.63633258,21.92293198,0 86.63633119,21.92289078,0 86.63636870,21.92288478,0 86.63637165,21.92288627,0 86.63640710,21.92291657,0 86.63643424,21.92293819,0 86.63640809,21.92296493,0 86.63638184,21.92305846,0</coordinates></LinearRing></innerBoundaryIs><innerBoundaryIs><LinearRing><coordinates>86.63607497,21.92312910,0 86.63604523,21.92313348,0 86.63600707,21.92320542,0 86.63591565,21.92316214,0 86.63595054,21.92307826,0 86.63595434,21.92307668,0 86.63600825,21.92307289,0 86.63603929,21.92308634,0 86.63607497,21.92312910,0</coordinates></LinearRing></innerBoundaryIs><innerBoundaryIs><LinearRing><coordinates>86.63520505,21.92403035,0 86.63524030,21.92396427,0 86.63530746,21.92396986,0 86.63531716,21.92398107,0 86.63531192,21.92406587,0 86.63523970,21.92404881,0 86.63520505,21.92403035,0</coordinates></LinearRing></innerBoundaryIs><innerBoundaryIs><LinearRing><coordinates>86.63519439,21.92356297,0 86.63548360,21.92344788,0 86.63544828,21.92336744,0 86.63547654,21.92329316,0 86.63548652,21.92328824,0 86.63554535,21.92327843,0 86.63552877,21.92321512,0 86.63547513,21.92322481,0 86.63543558,21.92315260,0 86.63547091,21.92311925,0 86.63548048,21.92311925,0 86.63556203,21.92311450,0 86.63564069,21.92305322,0 86.63568773,21.92301018,0 86.63570516,21.92301511,0 86.63570786,21.92301676,0 86.63572309,21.92301841,0 86.63573769,21.92303094,0 86.63573541,21.92303168,0 86.63572678,21.92307227,0 86.63567285,21.92309476,0 86.63560598,21.92309084,0 86.63554492,21.92328824,0 86.63557681,21.92334255,0 86.63557562,21.92337242,0 86.63554358,21.92343270,0 86.63519439,21.92356297,0</coordinates></LinearRing></innerBoundaryIs><innerBoundaryIs><LinearRing><coordinates>86.63603433,21.92305714,0 86.63605118,21.92305859,0 86.63605173,21.92303166,0 86.63602767,21.92301344,0 86.63604330,21.92298092,0 86.63607737,21.92295703,0 86.63606686,21.92295545,0 86.63602734,21.92293355,0 86.63603409,21.92288929,0 86.63602909,21.92284501,0 86.63607522,21.92284066,0 86.63608103,21.92286254,0 86.63607021,21.92290895,0 86.63610559,21.92287882,0 86.63612799,21.92289079,0 86.63609322,21.92292890,0 86.63612513,21.92294133,0 86.63612401,21.92297771,0 86.63611636,21.92300360,0 86.63609910,21.92304338,0 86.63606844,21.92306029,0 86.63603433,21.92305714,0</coordinates></LinearRing></innerBoundaryIs><innerBoundaryIs><LinearRing><coordinates>86.63431752,21.92340207,0 86.63448172,21.92338755,0 86.63446036,21.92324609,0 86.63452872,21.92324051,0 86.63458546,21.92327964,0 86.63459901,21.92338180,0 86.63455095,21.92338754,0 86.63431752,21.92340207,0</coordinates></LinearRing></innerBoundaryIs><innerBoundaryIs><LinearRing><coordinates>86.63486883,21.92270289,0 86.63488243,21.92272416,0 86.63490585,21.92270827,0 86.63490381,21.92267680,0 86.63490383,21.92267419,0 86.63492940,21.92262264,0 86.63499756,21.92258968,0 86.63499983,21.92258968,0 86.63502987,21.92262518,0 86.63503681,21.92263030,0 86.63506277,21.92267322,0 86.63505922,21.92267439,0 86.63502261,21.92275890,0 86.63498992,21.92277510,0 86.63489841,21.92275622,0 86.63489375,21.92275353,0 86.63486883,21.92270289,0</coordinates></LinearRing></innerBoundaryIs><innerBoundaryIs><LinearRing><coordinates>86.63618369,21.92230434,0 86.63617220,21.92226187,0 86.63619087,21.92217709,0 86.63626671,21.92218548,0 86.63634075,21.92219657,0 86.63633889,21.92219809,0 86.63630980,21.92228337,0 86.63622115,21.92229202,0 86.63618369,21.92230434,0</coordinates></LinearRing></innerBoundaryIs><innerBoundaryIs><LinearRing><coordinates>86.63634614,21.92219217,0 86.63628447,21.92211479,0 86.63632215,21.92206572,0 86.63631763,21.92206365,0 86.63639715,21.92201387,0 86.63639840,21.92202133,0 86.63637290,21.92206166,0 86.63639341,21.92208200,0 86.63642212,21.92210655,0 86.63640040,21.92214787,0 86.63634614,21.92219217,0</coordinates></LinearRing></innerBoundaryIs><innerBoundaryIs><LinearRing><coordinates>86.63639697,21.92201278,0 86.63631096,21.92196959,0 86.63634495,21.92194988,0 86.63638770,21.92195775,0 86.63639697,21.92201278,0</coordinates></LinearRing></innerBoundaryIs><innerBoundaryIs><LinearRing><coordinates>86.63629084,21.92205136,0 86.63624289,21.92202937,0 86.63619331,21.92209018,0 86.63614636,21.92211068,0 86.63609895,21.92208609,0 86.63611266,21.92200560,0 86.63611415,21.92200933,0 86.63615743,21.92196974,0 86.63629084,21.92205136,0</coordinates></LinearRing></innerBoundaryIs><innerBoundaryIs><LinearRing><coordinates>86.63614872,21.92186040,0 86.63611185,21.92186624,0 86.63609060,21.92183383,0 86.63608917,21.92178252,0 86.63610859,21.92178446,0 86.63613582,21.92180403,0 86.63615383,21.92183383,0 86.63614870,21.92186011,0 86.63614872,21.92186040,0</coordinates></LinearRing></innerBoundaryIs><innerBoundaryIs><LinearRing><coordinates>86.63608923,21.92194659,0 86.63607019,21.92190768,0 86.63602106,21.92198148,0 86.63597096,21.92196566,0 86.63595676,21.92188761,0 86.63598021,21.92184542,0 86.63604183,21.92182728,0 86.63608923,21.92194659,0</coordinates></LinearRing></innerBoundaryIs><innerBoundaryIs><LinearRing><coordinates>86.63595570,21.92161045,0 86.63590213,21.92162768,0 86.63588128,21.92158507,0 86.63590078,21.92153605,0 86.63592615,21.92153605,0 86.63595570,21.92161045,0</coordinates></LinearRing></innerBoundaryIs><innerBoundaryIs><LinearRing><coordinates>86.64257693,21.92574786,0 86.64250055,21.92579806,0 86.64244900,21.92582315,0 86.64236306,21.92581687,0 86.64234634,21.92577307,0 86.64238115,21.92570489,0 86.64251753,21.92574198,0 86.64257693,21.92574786,0</coordinates></LinearRing></innerBoundaryIs><innerBoundaryIs><LinearRing><coordinates>86.64265742,21.92305588,0 86.64267708,21.92312875,0 86.64272002,21.92316811,0 86.64281072,21.92316415,0 86.64284717,21.92321971,0 86.64285523,21.92328536,0 86.64279576,21.92330191,0 86.64272367,21.92330606,0 86.64266533,21.92321203,0 86.64257926,21.92316879,0 86.64259851,21.92309379,0 86.64267958,21.92299449,0 86.64265690,21.92297289,0 86.64262669,21.92290801,0 86.64264854,21.92289291,0 86.64269562,21.92286755,0 86.64269680,21.92286755,0 86.64270268,21.92286755,0 86.64274538,21.92287329,0 86.64277381,21.92289290,0 86.64276854,21.92293729,0 86.64274558,21.92298967,0 86.64272844,21.92300535,0 86.64267964,21.92299569,0 86.64263027,21.92305790,0 86.64265742,21.92305588,0</coordinates></LinearRing></innerBoundaryIs><innerBoundaryIs><LinearRing><coordinates>86.64246271,21.92304660,0 86.64241559,21.92299691,0 86.64216210,21.92272207,0 86.64210179,21.92276629,0 86.64204972,21.92272207,0 86.64200576,21.92272489,0 86.64200452,21.92270973,0 86.64197413,21.92275616,0 86.64190557,21.92274056,0 86.64188261,21.92269830,0 86.64191937,21.92265141,0 86.64197666,21.92265697,0 86.64203862,21.92267526,0 86.64209291,21.92264560,0 86.64246271,21.92304660,0</coordinates></LinearRing></innerBoundaryIs><innerBoundaryIs><LinearRing><coordinates>86.64202795,21.92299531,0 86.64203594,21.92308402,0 86.64207013,21.92308634,0 86.64212024,21.92315463,0 86.64211778,21.92319573,0 86.64208063,21.92321629,0 86.64208045,21.92321501,0 86.64204279,21.92317629,0 86.64202795,21.92299531,0</coordinates></LinearRing></innerBoundaryIs><innerBoundaryIs><LinearRing><coordinates>86.64210096,21.92336034,0 86.64210819,21.92340459,0 86.64214512,21.92364711,0 86.64219141,21.92366060,0 86.64223300,21.92370141,0 86.64223471,21.92373930,0 86.64223471,21.92373930,0 86.64223411,21.92379523,0 86.64217250,21.92382001,0 86.64215211,21.92377064,0 86.64218762,21.92372202,0 86.64214619,21.92368094,0 86.64210096,21.92336034,0</coordinates></LinearRing></innerBoundaryIs><innerBoundaryIs><LinearRing><coordinates>86.64228417,21.92373603,0 86.64233625,21.92372892,0 86.64234051,21.92369799,0 86.64233818,21.92366060,0 86.64236627,21.92362364,0 86.64239982,21.92366736,0 86.64241484,21.92370484,0 86.64239189,21.92372892,0 86.64228417,21.92373603,0</coordinates></LinearRing></innerBoundaryIs><innerBoundaryIs><LinearRing><coordinates>86.64295512,21.92322655,0 86.64297539,21.92312485,0 86.64303410,21.92313267,0 86.64308039,21.92317605,0 86.64308385,21.92322413,0 86.64301373,21.92323222,0 86.64295512,21.92322655,0</coordinates></LinearRing></innerBoundaryIs><innerBoundaryIs><LinearRing><coordinates>86.64067565,21.92100831,0 86.64073849,21.92109473,0 86.64069584,21.92103786,0 86.64065391,21.92107287,0 86.64060162,21.92107287,0 86.64061587,21.92106783,0 86.64062197,21.92104283,0 86.64062391,21.92100587,0 86.64067565,21.92100831,0</coordinates></LinearRing></innerBoundaryIs><innerBoundaryIs><LinearRing><coordinates>86.64081276,21.92119758,0 86.64082820,21.92122163,0 86.64082306,21.92126253,0 86.64085060,21.92127357,0 86.64085066,21.92130981,0 86.64084308,21.92137542,0 86.64081738,21.92138412,0 86.64078471,21.92132675,0 86.64079295,21.92127080,0 86.64081276,21.92119758,0</coordinates></LinearRing></innerBoundaryIs><innerBoundaryIs><LinearRing><coordinates>86.64045095,21.92112612,0 86.64045309,21.92117619,0 86.64041368,21.92120281,0 86.64039095,21.92118414,0 86.64040182,21.92114989,0 86.64043524,21.92113167,0 86.64045095,21.92112612,0</coordinates></LinearRing></innerBoundaryIs><innerBoundaryIs><LinearRing><coordinates>86.63978938,21.92195885,0 86.63973134,21.92196490,0 86.63973356,21.92199593,0 86.63976456,21.92202057,0 86.63972279,21.92207280,0 86.63967850,21.92203636,0 86.63962137,21.92206593,0 86.63961314,21.92202958,0 86.63963590,21.92196490,0 86.63969856,21.92196711,0 86.63978938,21.92195885,0</coordinates></LinearRing></innerBoundaryIs><innerBoundaryIs><LinearRing><coordinates>86.63824558,21.92089250,0 86.63825829,21.92092393,0 86.63824006,21.92096689,0 86.63819457,21.92094910,0 86.63821267,21.92090899,0 86.63824558,21.92089250,0</coordinates></LinearRing></innerBoundaryIs><innerBoundaryIs><LinearRing><coordinates>86.63573671,21.91922917,0 86.63566507,21.91925790,0 86.63570320,21.91929047,0 86.63572249,21.91934424,0 86.63563113,21.91940765,0 86.63562682,21.91934007,0 86.63560602,21.91927821,0 86.63573671,21.91922917,0</coordinates></LinearRing></innerBoundaryIs></Polygon></MultiGeometry>
		</Placemark>
		<Placemark id="ID_00048">
			<name>765594906</name>
			<Snippet maxLines="0"/>
			<description>&lt;html xmlns:fo="http://www.w3.org/1999/XSL/Format" xmlns:msxsl="urn:schemas-microsoft-com:xslt"&gt;

&lt;head&gt;

&lt;META http-equiv="Content-Type" content="text/html"&gt;

&lt;meta http-equiv="content-type" content="text/html; charset=UTF-8"&gt;

&lt;/head&gt;

&lt;body style="margin:0px 0px 0px 0px;overflow:auto;background:#FFFFFF;"&gt;

&lt;table style="font-family:Arial,Verdana,Times;font-size:12px;text-align:left;width:100%;border-collapse:collapse;padding:3px 3px 3px 3px"&gt;

&lt;tr style="text-align:center;font-weight:bold;background:#9CBCE2"&gt;

&lt;td&gt;765594906&lt;/td&gt;

&lt;/tr&gt;

&lt;tr&gt;

&lt;td&gt;

&lt;table style="font-family:Arial,Verdana,Times;font-size:12px;text-align:left;width:100%;border-spacing:0px; padding:3px 3px 3px 3px"&gt;

&lt;tr&gt;

&lt;td&gt;SHAPE&lt;/td&gt;

&lt;td&gt;Polygon&lt;/td&gt;

&lt;/tr&gt;

&lt;tr bgcolor="#D4E4F3"&gt;

&lt;td&gt;Name&lt;/td&gt;

&lt;td&gt;765594906&lt;/td&gt;

&lt;/tr&gt;

&lt;tr&gt;

&lt;td&gt;farmername&lt;/td&gt;

&lt;td&gt;Ghasi Giri&lt;/td&gt;

&lt;/tr&gt;

&lt;tr bgcolor="#D4E4F3"&gt;

&lt;td&gt;state&lt;/td&gt;

&lt;td&gt;Odisha&lt;/td&gt;

&lt;/tr&gt;

&lt;tr&gt;

&lt;td&gt;district&lt;/td&gt;

&lt;td&gt;Mayurbhanj&lt;/td&gt;

&lt;/tr&gt;

&lt;tr bgcolor="#D4E4F3"&gt;

&lt;td&gt;block&lt;/td&gt;

&lt;td&gt;Bangirposi&lt;/td&gt;

&lt;/tr&gt;

&lt;tr&gt;

&lt;td&gt;grampanchayat&lt;/td&gt;

&lt;td&gt;Dighi&lt;/td&gt;

&lt;/tr&gt;

&lt;tr bgcolor="#D4E4F3"&gt;

&lt;td&gt;village&lt;/td&gt;

&lt;td&gt;Banusbudi&lt;/td&gt;

&lt;/tr&gt;

&lt;tr&gt;

&lt;td&gt;_id&lt;/td&gt;

&lt;td&gt;765594906&lt;/td&gt;

&lt;/tr&gt;

&lt;tr bgcolor="#D4E4F3"&gt;

&lt;td&gt;latitude&lt;/td&gt;

&lt;td&gt;22.174&lt;/td&gt;

&lt;/tr&gt;

&lt;tr&gt;

&lt;td&gt;longitude&lt;/td&gt;

&lt;td&gt;86.546&lt;/td&gt;

&lt;/tr&gt;

&lt;tr bgcolor="#D4E4F3"&gt;

&lt;td&gt;area_ha&lt;/td&gt;

&lt;td&gt;6.271&lt;/td&gt;

&lt;/tr&gt;

&lt;tr&gt;

&lt;td&gt;LP_id&lt;/td&gt;

&lt;td&gt;LP49&lt;/td&gt;

&lt;/tr&gt;

&lt;tr bgcolor="#D4E4F3"&gt;

&lt;td&gt;Plantation_year&lt;/td&gt;

&lt;td&gt;2025&lt;/td&gt;

&lt;/tr&gt;

&lt;tr&gt;

&lt;td&gt;SHAPE_Length&lt;/td&gt;

&lt;td&gt;3046.970448&lt;/td&gt;

&lt;/tr&gt;

&lt;tr bgcolor="#D4E4F3"&gt;

&lt;td&gt;SHAPE_Area&lt;/td&gt;

&lt;td&gt;62660.250643&lt;/td&gt;

&lt;/tr&gt;

&lt;/table&gt;

&lt;/td&gt;

&lt;/tr&gt;

&lt;/table&gt;

&lt;/body&gt;

&lt;/html&gt;</description>
			<styleUrl>#PolyStyle00</styleUrl>
			<MultiGeometry>
				<Polygon><outerBoundaryIs><LinearRing><coordinates>86.54480969,22.17270044,0 86.54478618,22.17272011,0 86.54480307,22.17276620,0 86.54483339,22.17278867,0 86.54478821,22.17293050,0 86.54471332,22.17294290,0 86.54455874,22.17294290,0 86.54447092,22.17295853,0 86.54442109,22.17295759,0 86.54442063,22.17310512,0 86.54444906,22.17315950,0 86.54440836,22.17322137,0 86.54442736,22.17326308,0 86.54447291,22.17325745,0 86.54463540,22.17324905,0 86.54474367,22.17324905,0 86.54478534,22.17321315,0 86.54481932,22.17312045,0 86.54483776,22.17311532,0 86.54490685,22.17310511,0 86.54502301,22.17307241,0 86.54506668,22.17306496,0 86.54509949,22.17307739,0 86.54517884,22.17306743,0 86.54528533,22.17304040,0 86.54544570,22.17299721,0 86.54567774,22.17295987,0 86.54571296,22.17293476,0 86.54567758,22.17281138,0 86.54586924,22.17279176,0 86.54588494,22.17292090,0 86.54629066,22.17285605,0 86.54654770,22.17283574,0 86.54663662,22.17282554,0 86.54674198,22.17284448,0 86.54680886,22.17284448,0 86.54684225,22.17296614,0 86.54675218,22.17298563,0 86.54659931,22.17299867,0 86.54646010,22.17303140,0 86.54636149,22.17303797,0 86.54605956,22.17307759,0 86.54600599,22.17313759,0 86.54603393,22.17320508,0 86.54579636,22.17330110,0 86.54586267,22.17340598,0 86.54591913,22.17357097,0 86.54595524,22.17367397,0 86.54600693,22.17372392,0 86.54600782,22.17381471,0 86.54604975,22.17386289,0 86.54607136,22.17393339,0 86.54610788,22.17406464,0 86.54611984,22.17410814,0 86.54612774,22.17416690,0 86.54611483,22.17422745,0 86.54613002,22.17428987,0 86.54613528,22.17431538,0 86.54613772,22.17431795,0 86.54615691,22.17432052,0 86.54617798,22.17434833,0 86.54621383,22.17435511,0 86.54624457,22.17436872,0 86.54627174,22.17440307,0 86.54627192,22.17449089,0 86.54618604,22.17448930,0 86.54611427,22.17452303,0 86.54607149,22.17449768,0 86.54606899,22.17449768,0 86.54602270,22.17450522,0 86.54598682,22.17451241,0 86.54592615,22.17451737,0 86.54588375,22.17450522,0 86.54584049,22.17447541,0 86.54577327,22.17447818,0 86.54571205,22.17446711,0 86.54570484,22.17446435,0 86.54564828,22.17443425,0 86.54567630,22.17442341,0 86.54572459,22.17440189,0 86.54582390,22.17441531,0 86.54591167,22.17442611,0 86.54601235,22.17442070,0 86.54605647,22.17442340,0 86.54609576,22.17442882,0 86.54615419,22.17440724,0 86.54615064,22.17435949,0 86.54610909,22.17432310,0 86.54606120,22.17432568,0 86.54605401,22.17428228,0 86.54606569,22.17422254,0 86.54606566,22.17421031,0 86.54604476,22.17418367,0 86.54604014,22.17418127,0 86.54601055,22.17413848,0 86.54601549,22.17410121,0 86.54601780,22.17409660,0 86.54604059,22.17405110,0 86.54607612,22.17400665,0 86.54604090,22.17396321,0 86.54598470,22.17392917,0 86.54596455,22.17386696,0 86.54596257,22.17386086,0 86.54594595,22.17377745,0 86.54596409,22.17371828,0 86.54589958,22.17374476,0 86.54589434,22.17372392,0 86.54583734,22.17375240,0 86.54578210,22.17380089,0 86.54570490,22.17379893,0 86.54564878,22.17381471,0 86.54556822,22.17380483,0 86.54557875,22.17385275,0 86.54561012,22.17400226,0 86.54561062,22.17405561,0 86.54562000,22.17409201,0 86.54561607,22.17414791,0 86.54564259,22.17422500,0 86.54565097,22.17428229,0 86.54565852,22.17437794,0 86.54562827,22.17438699,0 86.54561103,22.17432311,0 86.54559417,22.17430260,0 86.54557629,22.17429242,0 86.54555540,22.17424971,0 86.54551505,22.17423485,0 86.54552355,22.17418850,0 86.54553276,22.17408513,0 86.54554857,22.17400008,0 86.54554541,22.17391029,0 86.54552623,22.17382072,0 86.54535757,22.17388756,0 86.54529450,22.17390457,0 86.54521881,22.17388192,0 86.54521079,22.17388192,0 86.54512105,22.17391597,0 86.54504669,22.17396795,0 86.54505842,22.17400322,0 86.54510695,22.17403301,0 86.54513212,22.17407836,0 86.54514588,22.17415579,0 86.54515652,22.17424215,0 86.54514549,22.17429139,0 86.54518566,22.17435512,0 86.54518518,22.17442042,0 86.54519806,22.17446241,0 86.54523548,22.17446054,0 86.54528083,22.17445191,0 86.54533290,22.17443437,0 86.54545051,22.17440654,0 86.54556054,22.17439617,0 86.54558984,22.17441000,0 86.54557746,22.17443087,0 86.54551127,22.17444839,0 86.54544731,22.17447311,0 86.54536187,22.17449448,0 86.54529007,22.17452685,0 86.54521188,22.17451963,0 86.54524134,22.17462845,0 86.54525914,22.17468696,0 86.54544222,22.17462844,0 86.54565339,22.17458535,0 86.54568661,22.17471390,0 86.54570856,22.17484046,0 86.54560753,22.17487116,0 86.54566046,22.17517221,0 86.54550230,22.17524011,0 86.54551680,22.17533841,0 86.54592853,22.17536818,0 86.54611327,22.17540813,0 86.54658501,22.17527919,0 86.54665233,22.17518182,0 86.54679974,22.17515290,0 86.54701344,22.17505749,0 86.54735122,22.17492640,0 86.54769558,22.17475297,0 86.54767408,22.17467256,0 86.54740243,22.17478002,0 86.54729547,22.17449774,0 86.54723553,22.17432803,0 86.54708984,22.17433641,0 86.54705277,22.17421218,0 86.54718884,22.17419582,0 86.54742560,22.17412277,0 86.54720316,22.17335948,0 86.54714949,22.17336840,0 86.54704855,22.17311486,0 86.54724819,22.17307755,0 86.54742293,22.17301170,0 86.54731750,22.17269493,0 86.54781184,22.17250242,0 86.54766255,22.17235724,0 86.54741814,22.17240900,0 86.54733601,22.17228681,0 86.54719471,22.17232179,0 86.54679079,22.17240618,0 86.54678623,22.17245600,0 86.54667766,22.17249307,0 86.54665589,22.17252718,0 86.54665235,22.17253061,0 86.54661649,22.17256863,0 86.54658303,22.17255821,0 86.54655863,22.17251349,0 86.54623691,22.17261067,0 86.54618370,22.17237072,0 86.54604099,22.17234045,0 86.54588156,22.17233542,0 86.54573795,22.17224589,0 86.54554633,22.17227058,0 86.54526405,22.17215812,0 86.54519353,22.17209103,0 86.54509821,22.17208153,0 86.54499623,22.17208153,0 86.54494039,22.17211487,0 86.54473259,22.17206732,0 86.54448489,22.17201559,0 86.54446558,22.17216245,0 86.54448609,22.17218634,0 86.54463422,22.17220126,0 86.54470981,22.17220878,0 86.54469075,22.17223355,0 86.54470308,22.17228855,0 86.54466534,22.17237981,0 86.54468071,22.17241897,0 86.54468747,22.17247890,0 86.54470370,22.17254114,0 86.54472359,22.17257982,0 86.54476730,22.17268212,0 86.54478633,22.17271839,0 86.54480969,22.17270044,0</coordinates></LinearRing></outerBoundaryIs><innerBoundaryIs><LinearRing><coordinates>86.54701344,22.17505749,0 86.54684398,22.17503889,0 86.54663668,22.17500098,0 86.54659113,22.17489871,0 86.54664499,22.17484365,0 86.54670515,22.17486194,0 86.54673384,22.17501766,0 86.54688066,22.17504244,0 86.54687557,22.17496882,0 86.54691482,22.17493451,0 86.54696151,22.17492430,0 86.54701344,22.17505749,0</coordinates></LinearRing></innerBoundaryIs><innerBoundaryIs><LinearRing><coordinates>86.54484376,22.17267195,0 86.54484273,22.17267054,0 86.54482250,22.17258915,0 86.54476818,22.17254403,0 86.54478086,22.17246849,0 86.54480277,22.17241893,0 86.54489059,22.17242367,0 86.54490000,22.17243795,0 86.54489607,22.17248805,0 86.54490513,22.17254297,0 86.54491921,22.17257709,0 86.54492800,22.17259865,0 86.54491903,22.17264537,0 86.54491589,22.17269793,0 86.54496270,22.17269374,0 86.54497222,22.17265615,0 86.54501246,22.17261063,0 86.54505245,22.17256316,0 86.54507995,22.17256166,0 86.54509775,22.17255314,0 86.54509954,22.17251280,0 86.54511920,22.17247824,0 86.54515064,22.17248150,0 86.54514823,22.17251447,0 86.54511818,22.17255465,0 86.54511675,22.17254974,0 86.54509118,22.17258538,0 86.54509604,22.17260499,0 86.54508576,22.17263613,0 86.54505505,22.17267632,0 86.54501522,22.17268792,0 86.54501067,22.17270855,0 86.54498009,22.17273133,0 86.54496913,22.17272649,0 86.54492978,22.17274844,0 86.54490620,22.17274230,0 86.54484543,22.17267054,0 86.54484376,22.17267195,0</coordinates></LinearRing></innerBoundaryIs><innerBoundaryIs><LinearRing><coordinates>86.54498684,22.17245487,0 86.54498137,22.17237996,0 86.54498318,22.17237842,0 86.54501017,22.17236920,0 86.54501179,22.17236920,0 86.54503509,22.17240793,0 86.54503213,22.17245074,0 86.54500254,22.17244914,0 86.54498684,22.17245487,0</coordinates></LinearRing></innerBoundaryIs><innerBoundaryIs><LinearRing><coordinates>86.54517071,22.17273482,0 86.54519028,22.17271838,0 86.54522006,22.17269255,0 86.54525303,22.17270726,0 86.54525635,22.17271281,0 86.54525343,22.17278452,0 86.54522881,22.17280773,0 86.54518692,22.17280774,0 86.54517576,22.17275211,0 86.54517071,22.17273482,0</coordinates></LinearRing></innerBoundaryIs></Polygon></MultiGeometry>
		</Placemark>
		<Placemark id="ID_00049">
			<name>765655312</name>
			<Snippet maxLines="0"/>
			<description>&lt;html xmlns:fo="http://www.w3.org/1999/XSL/Format" xmlns:msxsl="urn:schemas-microsoft-com:xslt"&gt;

&lt;head&gt;

&lt;META http-equiv="Content-Type" content="text/html"&gt;

&lt;meta http-equiv="content-type" content="text/html; charset=UTF-8"&gt;

&lt;/head&gt;

&lt;body style="margin:0px 0px 0px 0px;overflow:auto;background:#FFFFFF;"&gt;

&lt;table style="font-family:Arial,Verdana,Times;font-size:12px;text-align:left;width:100%;border-collapse:collapse;padding:3px 3px 3px 3px"&gt;

&lt;tr style="text-align:center;font-weight:bold;background:#9CBCE2"&gt;

&lt;td&gt;765655312&lt;/td&gt;

&lt;/tr&gt;

&lt;tr&gt;

&lt;td&gt;

&lt;table style="font-family:Arial,Verdana,Times;font-size:12px;text-align:left;width:100%;border-spacing:0px; padding:3px 3px 3px 3px"&gt;

&lt;tr&gt;

&lt;td&gt;SHAPE&lt;/td&gt;

&lt;td&gt;Polygon&lt;/td&gt;

&lt;/tr&gt;

&lt;tr bgcolor="#D4E4F3"&gt;

&lt;td&gt;Name&lt;/td&gt;

&lt;td&gt;765655312&lt;/td&gt;

&lt;/tr&gt;

&lt;tr&gt;

&lt;td&gt;farmername&lt;/td&gt;

&lt;td&gt;Gagan chandra Singh&lt;/td&gt;

&lt;/tr&gt;

&lt;tr bgcolor="#D4E4F3"&gt;

&lt;td&gt;state&lt;/td&gt;

&lt;td&gt;Odisha&lt;/td&gt;

&lt;/tr&gt;

&lt;tr&gt;

&lt;td&gt;district&lt;/td&gt;

&lt;td&gt;Mayurbhanj&lt;/td&gt;

&lt;/tr&gt;

&lt;tr bgcolor="#D4E4F3"&gt;

&lt;td&gt;block&lt;/td&gt;

&lt;td&gt;Samakhunta&lt;/td&gt;

&lt;/tr&gt;

&lt;tr&gt;

&lt;td&gt;grampanchayat&lt;/td&gt;

&lt;td&gt;Rangamatia&lt;/td&gt;

&lt;/tr&gt;

&lt;tr bgcolor="#D4E4F3"&gt;

&lt;td&gt;village&lt;/td&gt;

&lt;td&gt;Badsole&lt;/td&gt;

&lt;/tr&gt;

&lt;tr&gt;

&lt;td&gt;_id&lt;/td&gt;

&lt;td&gt;765655312&lt;/td&gt;

&lt;/tr&gt;

&lt;tr bgcolor="#D4E4F3"&gt;

&lt;td&gt;latitude&lt;/td&gt;

&lt;td&gt;21.914&lt;/td&gt;

&lt;/tr&gt;

&lt;tr&gt;

&lt;td&gt;longitude&lt;/td&gt;

&lt;td&gt;86.645&lt;/td&gt;

&lt;/tr&gt;

&lt;tr bgcolor="#D4E4F3"&gt;

&lt;td&gt;area_ha&lt;/td&gt;

&lt;td&gt;11.735&lt;/td&gt;

&lt;/tr&gt;

&lt;tr&gt;

&lt;td&gt;LP_id&lt;/td&gt;

&lt;td&gt;LP50&lt;/td&gt;

&lt;/tr&gt;

&lt;tr bgcolor="#D4E4F3"&gt;

&lt;td&gt;Plantation_year&lt;/td&gt;

&lt;td&gt;2025&lt;/td&gt;

&lt;/tr&gt;

&lt;tr&gt;

&lt;td&gt;SHAPE_Length&lt;/td&gt;

&lt;td&gt;4232.666519&lt;/td&gt;

&lt;/tr&gt;

&lt;tr bgcolor="#D4E4F3"&gt;

&lt;td&gt;SHAPE_Area&lt;/td&gt;

&lt;td&gt;117255.066124&lt;/td&gt;

&lt;/tr&gt;

&lt;/table&gt;

&lt;/td&gt;

&lt;/tr&gt;

&lt;/table&gt;

&lt;/body&gt;

&lt;/html&gt;</description>
			<styleUrl>#PolyStyle00</styleUrl>
			<MultiGeometry>
				<Polygon><outerBoundaryIs><LinearRing><coordinates>86.64393511,21.91541650,0 86.64393530,21.91541817,0 86.64394055,21.91541786,0 86.64394180,21.91541817,0 86.64394175,21.91541779,0 86.64409648,21.91540858,0 86.64415350,21.91541844,0 86.64421451,21.91546911,0 86.64427311,21.91546546,0 86.64433106,21.91546546,0 86.64435064,21.91552433,0 86.64451087,21.91551691,0 86.64453443,21.91553549,0 86.64455017,21.91556546,0 86.64458643,21.91550950,0 86.64463308,21.91549843,0 86.64465857,21.91550212,0 86.64470736,21.91553177,0 86.64472102,21.91555794,0 86.64475307,21.91559952,0 86.64490938,21.91562243,0 86.64513677,21.91563395,0 86.64524949,21.91561477,0 86.64543362,21.91558054,0 86.64549093,21.91550949,0 86.64551363,21.91550949,0 86.64554015,21.91552803,0 86.64557392,21.91556168,0 86.64556230,21.91560332,0 86.64575750,21.91556921,0 86.64577921,21.91550579,0 86.64584702,21.91554294,0 86.64585600,21.91557298,0 86.64596545,21.91556345,0 86.64598001,21.91554392,0 86.64597021,21.91555860,0 86.64616842,21.91555792,0 86.64622572,21.91552431,0 86.64627973,21.91549473,0 86.64628209,21.91553174,0 86.64626212,21.91557297,0 86.64633625,21.91556544,0 86.64636855,21.91553252,0 86.64634222,21.91542200,0 86.64635154,21.91534395,0 86.64634644,21.91525764,0 86.64632588,21.91515399,0 86.64628637,21.91493849,0 86.64627040,21.91480512,0 86.64620473,21.91478042,0 86.64614706,21.91487663,0 86.64607008,21.91486223,0 86.64602513,21.91479806,0 86.64608774,21.91473497,0 86.64614819,21.91477339,0 86.64620809,21.91478042,0 86.64627713,21.91480512,0 86.64627785,21.91475025,0 86.64635966,21.91471630,0 86.64640221,21.91468832,0 86.64645839,21.91467444,0 86.64650207,21.91461851,0 86.64638346,21.91460588,0 86.64638569,21.91451245,0 86.64638975,21.91451495,0 86.64642437,21.91450559,0 86.64640379,21.91444681,0 86.64643355,21.91431494,0 86.64644856,21.91434386,0 86.64656025,21.91432196,0 86.64656250,21.91425531,0 86.64648136,21.91421367,0 86.64640687,21.91405868,0 86.64641020,21.91405145,0 86.64647190,21.91404012,0 86.64655983,21.91406754,0 86.64660181,21.91408407,0 86.64657696,21.91416130,0 86.64656114,21.91432832,0 86.64663291,21.91438131,0 86.64663582,21.91437741,0 86.64666665,21.91440696,0 86.64667142,21.91446141,0 86.64668171,21.91449819,0 86.64674653,21.91443953,0 86.64688393,21.91444680,0 86.64697697,21.91446141,0 86.64709314,21.91448711,0 86.64708589,21.91441417,0 86.64711840,21.91435334,0 86.64715770,21.91431806,0 86.64720419,21.91432860,0 86.64721653,21.91438183,0 86.64722315,21.91442139,0 86.64727169,21.91443952,0 86.64743849,21.91446872,0 86.64753967,21.91446506,0 86.64763335,21.91442863,0 86.64767348,21.91434625,0 86.64771445,21.91425548,0 86.64774379,21.91412638,0 86.64772557,21.91382939,0 86.64771972,21.91382774,0 86.64776545,21.91345038,0 86.64771071,21.91327500,0 86.64760842,21.91325944,0 86.64756184,21.91322334,0 86.64749412,21.91310698,0 86.64743420,21.91303291,0 86.64730967,21.91303330,0 86.64717706,21.91304390,0 86.64703316,21.91305101,0 86.64696109,21.91301223,0 86.64667737,21.91301573,0 86.64663955,21.91304764,0 86.64660917,21.91305748,0 86.64656816,21.91302317,0 86.64658411,21.91298433,0 86.64666147,21.91296025,0 86.64663083,21.91277745,0 86.64657728,21.91281887,0 86.64645501,21.91282170,0 86.64642163,21.91279313,0 86.64645336,21.91281887,0 86.64649738,21.91272295,0 86.64656020,21.91265536,0 86.64642083,21.91253401,0 86.64642081,21.91253327,0 86.64655592,21.91265125,0 86.64666902,21.91212543,0 86.64570508,21.91186470,0 86.64562633,21.91182955,0 86.64545686,21.91187887,0 86.64545251,21.91191455,0 86.64543942,21.91199074,0 86.64548932,21.91202022,0 86.64546617,21.91208751,0 86.64540826,21.91208752,0 86.64537457,21.91204997,0 86.64541876,21.91194337,0 86.64540683,21.91188954,0 86.64531310,21.91188954,0 86.64512307,21.91186119,0 86.64482998,21.91193978,0 86.64482297,21.91197246,0 86.64487235,21.91200916,0 86.64488546,21.91205747,0 86.64485690,21.91214081,0 86.64487327,21.91217549,0 86.64488040,21.91221836,0 86.64490740,21.91226177,0 86.64489355,21.91229837,0 86.64485504,21.91232588,0 86.64488922,21.91271202,0 86.64493586,21.91292702,0 86.64501571,21.91293861,0 86.64503952,21.91315088,0 86.64490722,21.91317782,0 86.64456390,21.91324626,0 86.64453326,21.91317467,0 86.64449033,21.91307236,0 86.64441389,21.91295937,0 86.64417658,21.91330072,0 86.64422776,21.91335622,0 86.64420634,21.91343342,0 86.64414354,21.91343342,0 86.64410494,21.91337717,0 86.64417797,21.91329382,0 86.64441510,21.91295289,0 86.64426194,21.91281845,0 86.64418278,21.91279951,0 86.64401677,21.91279952,0 86.64377648,21.91281213,0 86.64368582,21.91281845,0 86.64365199,21.91292703,0 86.64367426,21.91300500,0 86.64377219,21.91302466,0 86.64379713,21.91309739,0 86.64372142,21.91315761,0 86.64366628,21.91315761,0 86.64370964,21.91321448,0 86.64375456,21.91333189,0 86.64363236,21.91345699,0 86.64366916,21.91349070,0 86.64368702,21.91362196,0 86.64368177,21.91373651,0 86.64367147,21.91397356,0 86.64361569,21.91407551,0 86.64360613,21.91432958,0 86.64376849,21.91429207,0 86.64385772,21.91425807,0 86.64388313,21.91428276,0 86.64389572,21.91437708,0 86.64386059,21.91439307,0 86.64381177,21.91438987,0 86.64359882,21.91442205,0 86.64355856,21.91473362,0 86.64359347,21.91487107,0 86.64357212,21.91498926,0 86.64355213,21.91513979,0 86.64355413,21.91524899,0 86.64358868,21.91537298,0 86.64364191,21.91537533,0 86.64375220,21.91537061,0 86.64393511,21.91541650,0</coordinates></LinearRing></outerBoundaryIs><innerBoundaryIs><LinearRing><coordinates>86.64637037,21.91275156,0 86.64626961,21.91282814,0 86.64622228,21.91287481,0 86.64624809,21.91288421,0 86.64629145,21.91296026,0 86.64622596,21.91299886,0 86.64618303,21.91292205,0 86.64612490,21.91278664,0 86.64594964,21.91270497,0 86.64586947,21.91279400,0 86.64577957,21.91281706,0 86.64580358,21.91269395,0 86.64588364,21.91266319,0 86.64598268,21.91235288,0 86.64588386,21.91266895,0 86.64611657,21.91277748,0 86.64617283,21.91269600,0 86.64621916,21.91268259,0 86.64630739,21.91270047,0 86.64637037,21.91275156,0</coordinates></LinearRing></innerBoundaryIs><innerBoundaryIs><LinearRing><coordinates>86.64598268,21.91235288,0 86.64590292,21.91240116,0 86.64582220,21.91229467,0 86.64591021,21.91223214,0 86.64597890,21.91227895,0 86.64598268,21.91235288,0</coordinates></LinearRing></innerBoundaryIs><innerBoundaryIs><LinearRing><coordinates>86.64391349,21.91522073,0 86.64391119,21.91520468,0 86.64395365,21.91486738,0 86.64392871,21.91484168,0 86.64389421,21.91486370,0 86.64387448,21.91482708,0 86.64385595,21.91478363,0 86.64385792,21.91474427,0 86.64399123,21.91473007,0 86.64404095,21.91478003,0 86.64395343,21.91487554,0 86.64391148,21.91520248,0 86.64391349,21.91522073,0</coordinates></LinearRing></innerBoundaryIs><innerBoundaryIs><LinearRing><coordinates>86.64577299,21.91281875,0 86.64577299,21.91281875,0 86.64577632,21.91286884,0 86.64571120,21.91288466,0 86.64554591,21.91301413,0 86.64553771,21.91306741,0 86.64557048,21.91308762,0 86.64553161,21.91312841,0 86.64547692,21.91312158,0 86.64550403,21.91303401,0 86.64570804,21.91288466,0 86.64572608,21.91281875,0 86.64577299,21.91281875,0</coordinates></LinearRing></innerBoundaryIs><innerBoundaryIs><LinearRing><coordinates>86.64717638,21.91367808,0 86.64717988,21.91380358,0 86.64714577,21.91382863,0 86.64707104,21.91384964,0 86.64697627,21.91373036,0 86.64698985,21.91371727,0 86.64704478,21.91368493,0 86.64714310,21.91366886,0 86.64717638,21.91367808,0</coordinates></LinearRing></innerBoundaryIs><innerBoundaryIs><LinearRing><coordinates>86.64655878,21.91347814,0 86.64633278,21.91334148,0 86.64626392,21.91336218,0 86.64629198,21.91343261,0 86.64618337,21.91375405,0 86.64618327,21.91375407,0 86.64627297,21.91348562,0 86.64624982,21.91345515,0 86.64614878,21.91335486,0 86.64614978,21.91327885,0 86.64621795,21.91325744,0 86.64627638,21.91330399,0 86.64655878,21.91347814,0</coordinates></LinearRing></innerBoundaryIs><innerBoundaryIs><LinearRing><coordinates>86.64677234,21.91419435,0 86.64671637,21.91412065,0 86.64678327,21.91409135,0 86.64680037,21.91409135,0 86.64681769,21.91409500,0 86.64685415,21.91412800,0 86.64681990,21.91418365,0 86.64677234,21.91419435,0</coordinates></LinearRing></innerBoundaryIs><innerBoundaryIs><LinearRing><coordinates>86.64640742,21.91426457,0 86.64634232,21.91414648,0 86.64625967,21.91414648,0 86.64619134,21.91411699,0 86.64620238,21.91407318,0 86.64620926,21.91406955,0 86.64626043,21.91406592,0 86.64632513,21.91410599,0 86.64640742,21.91426457,0</coordinates></LinearRing></innerBoundaryIs><innerBoundaryIs><LinearRing><coordinates>86.64626099,21.91443569,0 86.64621444,21.91441063,0 86.64621298,21.91445715,0 86.64623267,21.91448673,0 86.64621019,21.91452145,0 86.64615028,21.91454023,0 86.64611971,21.91457355,0 86.64605492,21.91460746,0 86.64602520,21.91459043,0 86.64594777,21.91457596,0 86.64595739,21.91449874,0 86.64602639,21.91442935,0 86.64600813,21.91415020,0 86.64599747,21.91415761,0 86.64597954,21.91417249,0 86.64596536,21.91417995,0 86.64595116,21.91418742,0 86.64590941,21.91419116,0 86.64589797,21.91416614,0 86.64586142,21.91411766,0 86.64585318,21.91408502,0 86.64587446,21.91405237,0 86.64591243,21.91401681,0 86.64598038,21.91404214,0 86.64600672,21.91410234,0 86.64602828,21.91443447,0 86.64620743,21.91440272,0 86.64626099,21.91443569,0</coordinates></LinearRing></innerBoundaryIs><innerBoundaryIs><LinearRing><coordinates>86.64573650,21.91407581,0 86.64569375,21.91407301,0 86.64569023,21.91418534,0 86.64564006,21.91419641,0 86.64554080,21.91419364,0 86.64553317,21.91411501,0 86.64555537,21.91407042,0 86.64558725,21.91406267,0 86.64573650,21.91407581,0</coordinates></LinearRing></innerBoundaryIs><innerBoundaryIs><LinearRing><coordinates>86.64607099,21.91540764,0 86.64598804,21.91538903,0 86.64593945,21.91538675,0 86.64595073,21.91533021,0 86.64599556,21.91526822,0 86.64597298,21.91521447,0 86.64599591,21.91526385,0 86.64601948,21.91528139,0 86.64605171,21.91529683,0 86.64610094,21.91534592,0 86.64607883,21.91539589,0 86.64607099,21.91540764,0</coordinates></LinearRing></innerBoundaryIs><innerBoundaryIs><LinearRing><coordinates>86.64594393,21.91515195,0 86.64590005,21.91518415,0 86.64585802,21.91515669,0 86.64584082,21.91516511,0 86.64575764,21.91514621,0 86.64570327,21.91509849,0 86.64573179,21.91503549,0 86.64573630,21.91503148,0 86.64581341,21.91505160,0 86.64586778,21.91508413,0 86.64586979,21.91508413,0 86.64592869,21.91511913,0 86.64594393,21.91515195,0</coordinates></LinearRing></innerBoundaryIs></Polygon></MultiGeometry>
		</Placemark>
	</Folder>
</Document>
</kml>