{"type": "FeatureCollection", "features": [{"type": "Feature", "geometry": {"type": "MultiPolygon", "coordinates": [[[[86.54200506, 22.00888876], [86.54198767, 22.00883125], [86.54196232, 22.00872418], [86.54196858, 22.00861231], [86.54191066, 22.00842599], [86.54182569, 22.00834149], [86.54177276, 22.00839752], [86.54169477, 22.00837471], [86.54163368, 22.0082847], [86.54163696, 22.00828271], [86.54171386, 22.00820887], [86.54166139, 22.00810125], [86.54160796, 22.00803493], [86.54153125, 22.00802784], [86.54153423, 22.00795095], [86.54155109, 22.00789629], [86.54145321, 22.00787995], [86.54142101, 22.00799964], [86.5413715, 22.00799964], [86.54132871, 22.00801018], [86.54125592, 22.00807784], [86.54122925, 22.00805988], [86.54122945, 22.00802076], [86.54124949, 22.0079269], [86.541141, 22.00797172], [86.54084136, 22.00806423], [86.54060919, 22.00813984], [86.54048791, 22.00817297], [86.54054622, 22.00860357], [86.54057894, 22.00881234], [86.54060738, 22.00891796], [86.54063567, 22.00900737], [86.5406663, 22.00908921], [86.54072067, 22.00907389], [86.54073349, 22.009131], [86.54068699, 22.00918943], [86.54073645, 22.00938893], [86.54085556, 22.00968273], [86.54096132, 22.01001259], [86.54108334, 22.01049667], [86.54111458, 22.01044976], [86.54117587, 22.0104237], [86.54122412, 22.01044976], [86.54123953, 22.01047312], [86.54123686, 22.0105204], [86.54123725, 22.01056843], [86.54118523, 22.01063574], [86.54112476, 22.01064193], [86.54115031, 22.01083372], [86.54120004, 22.01079767], [86.54126477, 22.01082384], [86.54127228, 22.0109037], [86.5414404, 22.01089025], [86.54127556, 22.0109037], [86.5412642, 22.01094781], [86.54122534, 22.01099946], [86.54124951, 22.01105194], [86.54136385, 22.01143261], [86.54141546, 22.01145241], [86.54157237, 22.01141227], [86.54173818, 22.01137], [86.54178192, 22.0115084], [86.54227149, 22.01135452], [86.54226005, 22.01117409], [86.54232259, 22.01117443], [86.54232347, 22.0109161], [86.54231962, 22.01066473], [86.54229697, 22.01054335], [86.5422616, 22.01033899], [86.54227404, 22.01011732], [86.54220928, 22.01012041], [86.54218552, 22.0101328], [86.54211546, 22.01010808], [86.54214718, 22.00999955], [86.54227351, 22.01002031], [86.54221748, 22.00997309], [86.54222327, 22.00993821], [86.54225703, 22.00988673], [86.54221254, 22.00988673], [86.54215117, 22.00982516], [86.54213731, 22.00973335], [86.54216537, 22.00963906], [86.54219132, 22.00953543], [86.5421479, 22.00955952], [86.54211897, 22.00949964], [86.5421171, 22.00943507], [86.54216059, 22.00937749], [86.54215272, 22.00930421], [86.54212153, 22.00916832], [86.54212513, 22.00916804], [86.54211035, 22.00902761], [86.54205998, 22.00898725], [86.54200506, 22.00888876]], [[86.54145374, 22.0108869], [86.54150103, 22.01091045], [86.54150772, 22.01095464], [86.54153697, 22.0109615], [86.54158197, 22.01092737], [86.54165298, 22.0108869], [86.54164704, 22.01081073], [86.54165238, 22.01076847], [86.54168327, 22.01072359], [86.54173439, 22.01069842], [86.5417687, 22.01073955], [86.54177179, 22.01074275], [86.54176644, 22.01081072], [86.54173874, 22.01086352], [86.54167967, 22.0109478], [86.5416998, 22.01106619], [86.5416769, 22.01100988], [86.54163519, 22.01104489], [86.54156329, 22.01101685], [86.54144191, 22.01103435], [86.54138156, 22.01099945], [86.5414404, 22.01089025], [86.54145374, 22.0108869]], [[86.54137761, 22.01005892], [86.54135287, 22.01008416], [86.5413104, 22.01007466], [86.54130388, 22.01000002], [86.54134659, 22.00990117], [86.54137435, 22.00990402], [86.54143399, 22.00993658], [86.54142825, 22.00999085], [86.54137761, 22.01005892]], [[86.54123078, 22.00979495], [86.54122365, 22.00974231], [86.54120501, 22.00968553], [86.54119847, 22.00961978], [86.54119095, 22.00959146], [86.54123996, 22.00956099], [86.54149919, 22.00965191], [86.5413321, 22.00959915], [86.54136655, 22.00965636], [86.54141139, 22.00974231], [86.54139729, 22.00979775], [86.54136262, 22.00982884], [86.54135407, 22.00986556], [86.54135968, 22.00983168], [86.54129201, 22.00983453], [86.54126994, 22.00982599], [86.54123078, 22.00979495]], [[86.54176155, 22.00954591], [86.54178985, 22.0095711], [86.54179616, 22.00960429], [86.54179142, 22.00967753], [86.54176384, 22.00974779], [86.5417136, 22.00978935], [86.54167577, 22.00977819], [86.54168212, 22.00970968], [86.54168118, 22.00970939], [86.54172348, 22.00958126], [86.54176935, 22.00950006], [86.54175508, 22.00952597], [86.54176155, 22.00954591]], [[86.5419519, 22.00905312], [86.54202184, 22.00917337], [86.54205646, 22.00917337], [86.54205892, 22.00917318], [86.54202214, 22.00917945], [86.54203903, 22.00922824], [86.54198155, 22.00930038], [86.54199331, 22.00932051], [86.54202166, 22.00935451], [86.54201524, 22.00937981], [86.5419688, 22.00940074], [86.54192202, 22.00933858], [86.54189666, 22.00933404], [86.54186448, 22.00932727], [86.54186288, 22.00933017], [86.54184355, 22.00930979], [86.54184196, 22.00913099], [86.54188624, 22.00903372], [86.5419519, 22.00905312]], [[86.54174756, 22.01042572], [86.54179981, 22.01039574], [86.54186923, 22.01040649], [86.54189763, 22.01026632], [86.54187444, 22.01023073], [86.54187271, 22.01016401], [86.54190384, 22.01016087], [86.54192312, 22.01017659], [86.54193087, 22.01021789], [86.54190952, 22.01024039], [86.54187258, 22.01040991], [86.54194153, 22.0104182], [86.54195704, 22.01046351], [86.54187186, 22.01055963], [86.54180261, 22.01062941], [86.54183503, 22.01058698], [86.54178318, 22.01056353], [86.54173968, 22.01054022], [86.54174756, 22.01042572]], [[86.54187866, 22.01110886], [86.54184682, 22.01118877], [86.54179494, 22.0112109], [86.54175411, 22.01119982], [86.54171393, 22.01110096], [86.54173746, 22.0110874], [86.5417681, 22.01107672], [86.54182144, 22.01109811], [86.54187866, 22.01110886]], [[86.54149356, 22.00822979], [86.54154417, 22.00825085], [86.54153971, 22.0083377], [86.54144314, 22.00839505], [86.54136778, 22.008353], [86.54141128, 22.00820366], [86.54149356, 22.00822979]], [[86.54099551, 22.00846545], [86.54106083, 22.00842886], [86.54142094, 22.0083988], [86.5410997, 22.00843291], [86.5411199, 22.00848185], [86.54103222, 22.00853574], [86.54099551, 22.00846545]]], [[[86.53993967, 22.01361865], [86.53991822, 22.01361435], [86.5398904, 22.01366206], [86.53987922, 22.01371957], [86.53994677, 22.01370174], [86.53999046, 22.01371064], [86.54002523, 22.01372852], [86.54001078, 22.01379207], [86.53997901, 22.01384306], [86.53992098, 22.01384306], [86.53986565, 22.01382906], [86.53984958, 22.01377376], [86.53983886, 22.01375105], [86.53979432, 22.01387601], [86.53973552, 22.01404567], [86.53992173, 22.01408227], [86.53998478, 22.01406703], [86.53998918, 22.01416494], [86.5399447, 22.01418598], [86.53994059, 22.01418599], [86.53988997, 22.01417019], [86.53991966, 22.01408364], [86.53973536, 22.01404684], [86.53973064, 22.01434338], [86.53975171, 22.01461074], [86.53978731, 22.01484684], [86.53977744, 22.01496665], [86.53980187, 22.01496706], [86.53980976, 22.01502581], [86.53979977, 22.01505797], [86.53977114, 22.01508911], [86.53979677, 22.01512068], [86.53981725, 22.01509509], [86.53984054, 22.01509509], [86.53985979, 22.01508464], [86.53988807, 22.0150772], [86.53991723, 22.01504916], [86.53993055, 22.01506092], [86.53993344, 22.01510109], [86.53992711, 22.01513891], [86.53989775, 22.01516191], [86.53986913, 22.01516653], [86.53983781, 22.01518824], [86.53985123, 22.01520231], [86.53987412, 22.01521962], [86.53989477, 22.0152212], [86.53991595, 22.01524662], [86.53994385, 22.0152307], [86.53999945, 22.01524342], [86.5400335, 22.01522436], [86.5400669, 22.01523387], [86.54028194, 22.01520545], [86.54035773, 22.01519449], [86.54040038, 22.01519137], [86.54044625, 22.01518981], [86.54076671, 22.01513887], [86.54091289, 22.01512257], [86.54090734, 22.01507102], [86.54092116, 22.0149776], [86.54090708, 22.01496234], [86.5409222, 22.01497697], [86.54098272, 22.01496339], [86.54105801, 22.01500429], [86.54108377, 22.01509495], [86.5412281, 22.01508125], [86.54137226, 22.01504398], [86.54133533, 22.01503391], [86.54128891, 22.01504397], [86.54126718, 22.01498416], [86.54127258, 22.01494186], [86.54130522, 22.01490664], [86.54128132, 22.01488971], [86.54127814, 22.014847], [86.54126007, 22.014847], [86.54124946, 22.014804], [86.54127256, 22.01476476], [86.54125827, 22.01466519], [86.54124999, 22.01459743], [86.54124142, 22.01452897], [86.5412297, 22.01445734], [86.54120032, 22.01440322], [86.54116769, 22.01448095], [86.54111826, 22.01447043], [86.54108933, 22.01443915], [86.5410936, 22.01440831], [86.54110871, 22.01436039], [86.54103193, 22.01437289], [86.54100893, 22.01440576], [86.54097085, 22.01445212], [86.54090398, 22.01444692], [86.5408615, 22.01440576], [86.54065222, 22.01442624], [86.54056321, 22.01443397], [86.54055076, 22.01447568], [86.54051707, 22.01453706], [86.54047606, 22.01453706], [86.54043477, 22.01451551], [86.54042508, 22.01450749], [86.54041988, 22.01446779], [86.54044556, 22.01444173], [86.54050589, 22.01440831], [86.54048327, 22.01434794], [86.54046198, 22.01432329], [86.54039093, 22.01434794], [86.54037011, 22.01439052], [86.54033718, 22.01442367], [86.54030411, 22.01443397], [86.54028664, 22.01436787], [86.54031295, 22.01431351], [86.54038161, 22.0142965], [86.54032254, 22.01427963], [86.54025592, 22.0143062], [86.54025981, 22.01424866], [86.54029517, 22.0141698], [86.54033971, 22.01413373], [86.5403527, 22.01416299], [86.54043502, 22.01420654], [86.54046307, 22.01416299], [86.54044159, 22.01407978], [86.54047405, 22.01406344], [86.54050719, 22.01405086], [86.54054862, 22.01405624], [86.54056523, 22.0140871], [86.54055753, 22.01413933], [86.54069574, 22.01412987], [86.54077626, 22.01412423], [86.54094181, 22.01409445], [86.54100542, 22.01410108], [86.54101238, 22.01389278], [86.54101011, 22.01409816], [86.54105233, 22.0140963], [86.54112529, 22.01410555], [86.54120308, 22.01407978], [86.54122599, 22.01410184], [86.5412784, 22.0140963], [86.54131551, 22.01404016], [86.54135033, 22.01403307], [86.5413958, 22.01404729], [86.54140327, 22.01406706], [86.54142692, 22.0140963], [86.54145718, 22.01408894], [86.54147083, 22.01407069], [86.54147115, 22.01379208], [86.54137941, 22.01340783], [86.54132228, 22.01318761], [86.54129685, 22.01312309], [86.5412271, 22.01313728], [86.54121317, 22.01307409], [86.54123686, 22.01302947], [86.54126959, 22.01302608], [86.5412871, 22.01291343], [86.54117159, 22.01285911], [86.5411591, 22.0129264], [86.54111216, 22.01296245], [86.54105293, 22.01293618], [86.5410452, 22.0128877], [86.54099778, 22.01292315], [86.54090747, 22.01293617], [86.54067322, 22.01296516], [86.540673, 22.01296674], [86.54045876, 22.01296245], [86.5402004, 22.01297238], [86.54011991, 22.01298569], [86.5400862, 22.01304653], [86.5400425, 22.0131537], [86.5400144, 22.0132408], [86.53997289, 22.01329148], [86.53992846, 22.01344782], [86.5399655, 22.01348028], [86.54005964, 22.01350078], [86.54008123, 22.0135434], [86.54008133, 22.01354342], [86.54007034, 22.01360476], [86.54003779, 22.01365332], [86.53995347, 22.01364461], [86.53993967, 22.01361865]], [[86.54039023, 22.01515616], [86.54039328, 22.01511826], [86.54036175, 22.01511826], [86.54034184, 22.01511655], [86.54030364, 22.01512168], [86.54025057, 22.01511826], [86.54024478, 22.01508094], [86.54025839, 22.01505915], [86.54028177, 22.01503095], [86.54032754, 22.01500797], [86.54036161, 22.01501288], [86.54035184, 22.01505082], [86.54039457, 22.01507253], [86.54041769, 22.01508094], [86.54043185, 22.01503921], [86.54045198, 22.01498521], [86.54045312, 22.01496267], [86.54044924, 22.01492925], [86.54046488, 22.01488861], [86.54046396, 22.01488795], [86.54049652, 22.01485766], [86.54052334, 22.01486073], [86.54053366, 22.01488386], [86.5405286, 22.01491821], [86.54051215, 22.01494988], [86.54047482, 22.01499494], [86.54045811, 22.01504584], [86.54048768, 22.01505082], [86.54056443, 22.01500961], [86.54056767, 22.01500961], [86.54059315, 22.0150326], [86.540584, 22.01504584], [86.54056225, 22.01507254], [86.54056556, 22.01511144], [86.54053867, 22.01514577], [86.540504, 22.0151579], [86.54046229, 22.01516312], [86.54044625, 22.01518981], [86.54039023, 22.01515616]], [[86.54027791, 22.01358987], [86.54025789, 22.01361832], [86.54021102, 22.01361379], [86.54020053, 22.01356869], [86.54023298, 22.01352502], [86.54026452, 22.01352222], [86.54028085, 22.01354625], [86.54027791, 22.01358987]], [[86.54089803, 22.01370713], [86.54095782, 22.01369045], [86.541009, 22.01371433], [86.54101379, 22.01376548], [86.54101308, 22.01382954], [86.54098575, 22.01380539], [86.5409201, 22.01380539], [86.54089235, 22.0137729], [86.54089803, 22.01370713]], [[86.54077069, 22.01501943], [86.54074901, 22.01498087], [86.54075339, 22.01493541], [86.54077075, 22.01491151], [86.5408731, 22.01477297], [86.54085529, 22.01476827], [86.54082715, 22.0147671], [86.54083082, 22.01471786], [86.54085368, 22.01468912], [86.54088064, 22.01467394], [86.54088389, 22.01467394], [86.5409049, 22.01468912], [86.54090598, 22.01468912], [86.54092155, 22.01471228], [86.54090384, 22.01476827], [86.54087304, 22.01477414], [86.54078022, 22.01489965], [86.5408093, 22.01489442], [86.54082957, 22.01491152], [86.54085765, 22.01490029], [86.54088257, 22.01493863], [86.54088367, 22.0149397], [86.54084029, 22.01496983], [86.54081783, 22.0149574], [86.54081116, 22.01499793], [86.54077069, 22.01501943]], [[86.54040406, 22.01484475], [86.54036643, 22.01481406], [86.54043914, 22.01487005], [86.54040406, 22.01484475]], [[86.54025817, 22.01489695], [86.54018455, 22.01489361], [86.54018661, 22.01485882], [86.54019669, 22.01479713], [86.54019716, 22.01478913], [86.54019753, 22.01478275], [86.54022348, 22.01474639], [86.54029713, 22.01474671], [86.54031853, 22.01471636], [86.54029818, 22.01474639], [86.54029489, 22.01474953], [86.54033208, 22.01478275], [86.54033822, 22.01479233], [86.54035425, 22.01480468], [86.5403309, 22.01482291], [86.54030923, 22.01484243], [86.5402616, 22.01489361], [86.54025817, 22.01489695]], [[86.5402999, 22.01457559], [86.54033722, 22.01455674], [86.54034332, 22.01455674], [86.54036276, 22.01457268], [86.54036426, 22.01457414], [86.54037022, 22.01458143], [86.54036886, 22.0146421], [86.54033779, 22.01468795], [86.54033212, 22.01467533], [86.54031083, 22.01465714], [86.54027077, 22.01461082], [86.5402999, 22.01457559]], [[86.54075195, 22.01317664], [86.5407539, 22.01321169], [86.54076108, 22.01322814], [86.54072437, 22.01326419], [86.54068906, 22.01328151], [86.54068902, 22.01328153], [86.54063678, 22.01324119], [86.54064387, 22.01319304], [86.54065403, 22.01311457], [86.54068511, 22.01311618], [86.54070782, 22.01312669], [86.54074309, 22.0131302], [86.54075195, 22.01317664]], [[86.54089996, 22.01316402], [86.54090986, 22.01321753], [86.54089461, 22.01323392], [86.54085962, 22.01322116], [86.54083237, 22.01320668], [86.54078217, 22.0132209], [86.54081089, 22.01321066], [86.54080338, 22.01316051], [86.54086417, 22.0131431], [86.54089996, 22.01316402]], [[86.54052716, 22.01340739], [86.54050216, 22.01338923], [86.54048797, 22.0133653], [86.54050337, 22.01333972], [86.54055489, 22.01334243], [86.54056148, 22.0133602], [86.54056143, 22.01337824], [86.54054608, 22.01339728], [86.54052716, 22.01340739]]], [[[86.50792307, 22.02279341], [86.50786558, 22.02303933], [86.50790332, 22.02305055], [86.50796316, 22.02306935], [86.50802999, 22.02305805], [86.50807222, 22.02311498], [86.50807508, 22.02302072], [86.50815934, 22.02300224], [86.5081843, 22.02292593], [86.50821255, 22.02295113], [86.50821625, 22.02300224], [86.50823027, 22.02301701], [86.5082551, 22.02300962], [86.50827846, 22.02299121], [86.5083125, 22.02298754], [86.5083389, 22.02300961], [86.5083472, 22.0230618], [86.50824163, 22.02308447], [86.50816953, 22.02314193], [86.50816359, 22.02317305], [86.50824845, 22.02318088], [86.50826729, 22.02323232], [86.50824498, 22.02328062], [86.50825881, 22.02340042], [86.50829574, 22.02331162], [86.50846351, 22.02314967], [86.50851149, 22.02317696], [86.50853513, 22.02323631], [86.50854161, 22.02324031], [86.50858859, 22.0231966], [86.50860495, 22.02311496], [86.50869906, 22.02306179], [86.50874532, 22.02311112], [86.50876139, 22.02316133], [86.50879608, 22.02320054], [86.50876775, 22.02324831], [86.50874952, 22.02329688], [86.50876155, 22.0233629], [86.50873005, 22.02339646], [86.50867782, 22.02341763], [86.50863601, 22.02340491], [86.50861503, 22.02336707], [86.50861556, 22.02332971], [86.50860643, 22.02328467], [86.50855508, 22.02324431], [86.50848527, 22.02329689], [86.50846377, 22.02332559], [86.5084136, 22.02335457], [86.50837303, 22.02338805], [86.50833075, 22.02338384], [86.5082602, 22.0234003], [86.50829414, 22.02345613], [86.50836178, 22.02351259], [86.50820176, 22.02356609], [86.50807967, 22.02362881], [86.50803248, 22.02356165], [86.50791863, 22.0235043], [86.50782326, 22.02341283], [86.5076862, 22.02354109], [86.5077407, 22.02358003], [86.50778805, 22.02363959], [86.50785557, 22.02376695], [86.5078968, 22.02380955], [86.5079601, 22.02387278], [86.50803207, 22.02389807], [86.50816676, 22.02390138], [86.50840159, 22.02388813], [86.50846936, 22.02386505], [86.50852757, 22.02380951], [86.50857195, 22.02382903], [86.50860051, 22.02386505], [86.5086776, 22.02391798], [86.50874887, 22.02395138], [86.50877082, 22.02391132], [86.50879232, 22.02385847], [86.50877589, 22.02383229], [86.5087785, 22.02379978], [86.50883906, 22.0238095], [86.50890665, 22.02383555], [86.5089172, 22.02386504], [86.50897945, 22.02390136], [86.50900703, 22.02394467], [86.50895427, 22.02400197], [86.5090671, 22.0239361], [86.50911907, 22.02392796], [86.50912871, 22.02387162], [86.50918741, 22.02383881], [86.50924116, 22.02383228], [86.50929602, 22.02392462], [86.50932196, 22.02400875], [86.50927568, 22.02404285], [86.50921494, 22.02411186], [86.50915261, 22.02419164], [86.50918823, 22.02422023], [86.50926041, 22.02415027], [86.50936926, 22.02410838], [86.50942423, 22.02409797], [86.50950878, 22.02408283], [86.50964559, 22.02408066], [86.50975857, 22.02406687], [86.50990664, 22.02402284], [86.50990722, 22.02402842], [86.51003624, 22.02400194], [86.51031756, 22.02392587], [86.51089253, 22.02378939], [86.51078047, 22.0235719], [86.51069287, 22.02354721], [86.51059812, 22.02355336], [86.51053092, 22.02343826], [86.51052194, 22.02335014], [86.51056662, 22.02329838], [86.51050268, 22.02323623], [86.51038493, 22.02321948], [86.51032448, 22.02311543], [86.51034961, 22.02303564], [86.51032926, 22.02290707], [86.51036837, 22.02284229], [86.51033433, 22.02277887], [86.51020837, 22.02276443], [86.51016611, 22.0229379], [86.51006911, 22.02293294], [86.51010256, 22.02272596], [86.51000017, 22.02272596], [86.50999806, 22.02299803], [86.50986156, 22.02307984], [86.50983728, 22.02340273], [86.50954621, 22.02340863], [86.50953757, 22.02350442], [86.50948417, 22.02358432], [86.50939197, 22.02357191], [86.50936896, 22.02345618], [86.50942365, 22.02340273], [86.50943791, 22.02329839], [86.50938872, 22.02322122], [86.50910099, 22.02320838], [86.50909658, 22.02329689], [86.50915712, 22.02331033], [86.5092093, 22.02328889], [86.50926708, 22.02327564], [86.50928571, 22.02332129], [86.50929611, 22.02337341], [86.50923636, 22.02346217], [86.50914502, 22.02337932], [86.50912831, 22.02341067], [86.50906501, 22.02343387], [86.50898757, 22.02336176], [86.5089362, 22.02328358], [86.50896644, 22.02321361], [86.50902356, 22.02320283], [86.50938877, 22.02321949], [86.50939211, 22.02318626], [86.50936198, 22.02309932], [86.50938246, 22.02304617], [86.50942555, 22.02301471], [86.5094372, 22.0229418], [86.5093337, 22.0228766], [86.5092993, 22.02281649], [86.5092794, 22.02279388], [86.50928251, 22.02275887], [86.50928431, 22.0227319], [86.50926502, 22.0226763], [86.5092686, 22.02267455], [86.50905301, 22.02257381], [86.50904158, 22.02252916], [86.50902618, 22.02248956], [86.50899875, 22.02260549], [86.50893729, 22.02259187], [86.50885581, 22.02257381], [86.50881029, 22.02251149], [86.5088228, 22.02243761], [86.5088375, 22.02239082], [86.50890306, 22.02234895], [86.50896407, 22.02241199], [86.50901619, 22.0224035], [86.50897306, 22.02226304], [86.50888181, 22.02222307], [86.50863145, 22.02234065], [86.5084039, 22.02248084], [86.5082325, 22.02251591], [86.50820252, 22.02242905], [86.50787703, 22.02252371], [86.50792307, 22.02279341]], [[86.50900293, 22.02273725], [86.50904056, 22.02270377], [86.50908307, 22.02269338], [86.50909978, 22.02275706], [86.50918369, 22.02271605], [86.50910155, 22.0227606], [86.50910144, 22.02275705], [86.50902094, 22.02280891], [86.50900293, 22.02273725]], [[86.50921894, 22.0229193], [86.50920016, 22.02295049], [86.50917216, 22.02300852], [86.50908513, 22.02299911], [86.50902979, 22.02290204], [86.50910412, 22.02284229], [86.50910193, 22.02277284], [86.50910517, 22.02284339], [86.50915144, 22.02281459], [86.50916892, 22.02286492], [86.50921894, 22.0229193]], [[86.50986535, 22.02376964], [86.50991359, 22.02380262], [86.50989562, 22.02391715], [86.50989568, 22.02391777], [86.50979042, 22.02393087], [86.50974463, 22.02380926], [86.50977544, 22.02376308], [86.50986535, 22.02376964]], [[86.50851811, 22.02297842], [86.50846177, 22.02293237], [86.50845823, 22.02281287], [86.50845101, 22.02276879], [86.50845537, 22.02276444], [86.50853851, 22.02274052], [86.50857042, 22.02284723], [86.50851811, 22.02297842]]], [[[86.50871895, 22.11959329], [86.50864159, 22.11942609], [86.50857281, 22.11931735], [86.50846497, 22.11924248], [86.5083873, 22.11905453], [86.50843749, 22.11896295], [86.50848996, 22.1189933], [86.50851786, 22.11907509], [86.50859067, 22.11924247], [86.50871313, 22.1194481], [86.5087766, 22.1195035], [86.50880805, 22.11960461], [86.508881, 22.1197307], [86.50890579, 22.11984778], [86.50907756, 22.11970756], [86.50903587, 22.11965014], [86.50890501, 22.11930658], [86.50880426, 22.11905452], [86.50879663, 22.11904427], [86.50863891, 22.118863], [86.50856487, 22.1185647], [86.50855105, 22.11853672], [86.50849791, 22.11839003], [86.50855559, 22.11839907], [86.50858268, 22.11846284], [86.50869615, 22.11864005], [86.50877607, 22.11880392], [86.50885074, 22.11901363], [86.50892045, 22.1191791], [86.50905828, 22.11951464], [86.50911553, 22.11955945], [86.50921189, 22.119537], [86.50930456, 22.11942609], [86.50918861, 22.11927443], [86.5091052, 22.11904427], [86.50901635, 22.11871652], [86.50895512, 22.11849964], [86.5089036, 22.11832715], [86.50886789, 22.11818635], [86.50898409, 22.11811385], [86.5089533, 22.11806072], [86.50891743, 22.11798067], [86.50887477, 22.11792262], [86.50884945, 22.11789287], [86.50880273, 22.11786886], [86.50885833, 22.11782946], [86.50887012, 22.11785564], [86.50890671, 22.11789287], [86.50894177, 22.11793082], [86.50897715, 22.11800039], [86.50899996, 22.11803753], [86.50903116, 22.11809007], [86.50916396, 22.11803465], [86.50914822, 22.11801459], [86.50914253, 22.11800322], [86.50910863, 22.11795559], [86.50910587, 22.11795006], [86.50908438, 22.11788483], [86.50908123, 22.11787416], [86.50905708, 22.11782167], [86.5090521, 22.11781392], [86.50902521, 22.11777307], [86.50903289, 22.11773554], [86.50906126, 22.11774548], [86.50909501, 22.11778829], [86.50911894, 22.11783466], [86.50915068, 22.11790904], [86.50918083, 22.11796113], [86.50923794, 22.11800606], [86.50925036, 22.11794454], [86.50931652, 22.11790904], [86.50933934, 22.11788483], [86.50937015, 22.1178715], [86.50944949, 22.11787416], [86.50948804, 22.11782425], [86.5094724, 22.11782166], [86.5094494, 22.11776802], [86.50944711, 22.11773306], [86.50940518, 22.11772319], [86.50937821, 22.11770116], [86.50935075, 22.11767458], [86.50932778, 22.11762251], [86.50932717, 22.11758097], [86.50931172, 22.11756054], [86.50931601, 22.11752478], [86.50930868, 22.11749188], [86.5092979, 22.11746171], [86.50927037, 22.11748754], [86.50922925, 22.11753365], [86.50919488, 22.1175628], [86.50915544, 22.11755378], [86.50911346, 22.11753811], [86.50909534, 22.11749841], [86.50906332, 22.11747458], [86.50904548, 22.11742994], [86.50901194, 22.11744061], [86.5089968, 22.11742994], [86.50899096, 22.11742994], [86.5089559, 22.11742994], [86.50895006, 22.11742994], [86.50892451, 22.11742575], [86.50895526, 22.1173905], [86.50900019, 22.11737416], [86.50901401, 22.11735595], [86.5090398, 22.11734592], [86.50903727, 22.11731814], [86.50907141, 22.11728307], [86.50906473, 22.11723553], [86.50902704, 22.11718567], [86.50898741, 22.11714267], [86.50898911, 22.11714258], [86.50885687, 22.1170753], [86.50881736, 22.11705726], [86.50881509, 22.11705776], [86.50872806, 22.11702037], [86.50865886, 22.11701308], [86.50859563, 22.11702329], [86.5085313, 22.11701745], [86.50852687, 22.11695589], [86.50861569, 22.11692226], [86.50852135, 22.11686901], [86.50849515, 22.11684595], [86.50845279, 22.11676151], [86.50842376, 22.1167391], [86.50836649, 22.11669153], [86.50830826, 22.11666328], [86.50826478, 22.11662595], [86.5082284, 22.11658899], [86.50819239, 22.11655241], [86.50815356, 22.11648629], [86.50809629, 22.11645951], [86.50799424, 22.11642722], [86.50794355, 22.11639514], [86.50790787, 22.11638686], [86.50775758, 22.11630803], [86.50769244, 22.11627957], [86.50774002, 22.11640969], [86.50777159, 22.11645368], [86.50782963, 22.11660435], [86.50784344, 22.11668839], [86.50787115, 22.1167519], [86.50786589, 22.1167873], [86.50784438, 22.11681651], [86.50780699, 22.11683612], [86.50782955, 22.11686902], [86.50787355, 22.11687564], [86.50791901, 22.11692227], [86.5079129, 22.11695958], [86.50796609, 22.11722275], [86.50802583, 22.11754517], [86.50818539, 22.11836243], [86.50826954, 22.11832113], [86.50839215, 22.11827355], [86.50845889, 22.11824331], [86.50855246, 22.11821664], [86.50864591, 22.11821996], [86.50864939, 22.11821996], [86.50866427, 22.11824665], [86.50862225, 22.11828369], [86.50854266, 22.11833827], [86.50849747, 22.11836242], [86.5084457, 22.11837977], [86.50841726, 22.11837978], [86.50834069, 22.11839372], [86.50821755, 22.1184536], [86.50826712, 22.11862209], [86.50863639, 22.12004017], [86.50887248, 22.11995522], [86.50879876, 22.11975393], [86.50871895, 22.11959329]], [[86.50881306, 22.11732603], [86.5088378, 22.1173905], [86.50883234, 22.117466], [86.50878054, 22.11742366], [86.50872418, 22.11738846], [86.5086977, 22.11733198], [86.50869397, 22.11732604], [86.50867249, 22.1172506], [86.50866134, 22.1171604], [86.50897358, 22.11714342], [86.50869732, 22.1171604], [86.5087261, 22.11722805], [86.50874283, 22.11726771], [86.50877633, 22.11727154], [86.50881306, 22.11732603]], [[86.50854223, 22.11734616], [86.50852411, 22.11736738], [86.50853445, 22.11738043], [86.50854257, 22.1173946], [86.50855678, 22.11742334], [86.50855349, 22.11744313], [86.50855224, 22.11744523], [86.50852993, 22.11745681], [86.50852931, 22.11748668], [86.50853634, 22.11750508], [86.50855383, 22.11752589], [86.50856843, 22.11756379], [86.50857115, 22.11758193], [86.50859887, 22.11760257], [86.50862264, 22.11761946], [86.50867375, 22.11770965], [86.50868709, 22.1177294], [86.50870692, 22.11772568], [86.50871191, 22.11774845], [86.50874224, 22.11773928], [86.50874452, 22.11772566], [86.50876596, 22.11769332], [86.50877018, 22.11769002], [86.50881314, 22.11767366], [86.50881729, 22.1176715], [86.50885431, 22.11765218], [86.50885531, 22.11765112], [86.50886566, 22.11765006], [86.50886773, 22.11765006], [86.50888694, 22.11766073], [86.50889786, 22.11763108], [86.50892909, 22.1176052], [86.50896107, 22.11762273], [86.50900327, 22.11767482], [86.50903352, 22.11772565], [86.50900287, 22.11775305], [86.50898906, 22.11773131], [86.50898342, 22.11770326], [86.50897347, 22.11768563], [86.50895684, 22.11767474], [86.50892502, 22.11768564], [86.50891079, 22.11771329], [86.50887809, 22.117745], [86.50885087, 22.11777049], [86.50882731, 22.11778816], [86.50884597, 22.11782547], [86.5088164, 22.11785137], [86.50880228, 22.11784513], [86.50869887, 22.11786655], [86.50870001, 22.11784078], [86.50867949, 22.11788681], [86.50866421, 22.11791657], [86.50861379, 22.11793155], [86.50856816, 22.11791017], [86.50849368, 22.1179187], [86.50843002, 22.11792513], [86.50840996, 22.1179337], [86.50835407, 22.11795526], [86.50833695, 22.11794662], [86.50830789, 22.11795526], [86.50828245, 22.11794015], [86.50827465, 22.11789105], [86.5082678, 22.11783021], [86.50825327, 22.117791], [86.50823959, 22.1177726], [86.50824224, 22.11770607], [86.50829568, 22.11766252], [86.50827979, 22.11758685], [86.50825963, 22.1175792], [86.50823468, 22.11758111], [86.50819575, 22.11760222], [86.50815112, 22.11759068], [86.50812975, 22.11757538], [86.50812246, 22.11754311], [86.50812459, 22.11752055], [86.50813675, 22.11747779], [86.50811562, 22.11750747], [86.50807656, 22.11752993], [86.50807246, 22.11752993], [86.50804987, 22.1175112], [86.50804513, 22.11747963], [86.50806326, 22.11744293], [86.508065, 22.11742657], [86.50809301, 22.11740849], [86.50811102, 22.11738874], [86.50815068, 22.1173709], [86.5081753, 22.11732769], [86.50814595, 22.11724162], [86.5081394, 22.11722134], [86.50817497, 22.11716039], [86.50819424, 22.11712925], [86.50822455, 22.1171138], [86.50825292, 22.11715257], [86.50829912, 22.11714867], [86.50840881, 22.11712345], [86.50846035, 22.11713506], [86.5086193, 22.11710109], [86.5084593, 22.1171365], [86.50847513, 22.11717567], [86.50848324, 22.11723], [86.50851192, 22.11725082], [86.50854223, 22.11734616]]], [[[86.5071107279608, 22.11841364891178], [86.50691340173266, 22.11849692671404], [86.50674658255542, 22.11855053235805], [86.50672245027083, 22.11866018338516], [86.50671851453713, 22.11871625939537], [86.50668139200432, 22.11870685197745], [86.50665689002366, 22.11854153620435], [86.50675460123142, 22.11849248657504], [86.5070222802264, 22.11840498917496], [86.50702643728326, 22.11840066892324], [86.50725569438526, 22.11832381035958], [86.50734669453217, 22.11828599943933], [86.50731979370167, 22.11802061916916], [86.50737995275517, 22.11798215686862], [86.50776182011202, 22.11787677523215], [86.50753506305756, 22.11746050860418], [86.50741301358237, 22.11697986541998], [86.50733320863469, 22.11671275720372], [86.5072105034195, 22.1164747352014], [86.50679468602556, 22.11655119762091], [86.50676341980254, 22.11651877612912], [86.50698142203709, 22.11643331496122], [86.50690661517483, 22.1162942253708], [86.506901664758, 22.11623618196319], [86.50691398972582, 22.11612970416943], [86.50688002708, 22.11600447888669], [86.50676568809409, 22.11600966074994], [86.50676066479983, 22.11600966003441], [86.50660016357803, 22.11598125415024], [86.5064219840766, 22.1159735597895], [86.50634801617453, 22.11595826990522], [86.50629358855791, 22.11593553525132], [86.50623248191437, 22.1158589871594], [86.50618152133423, 22.1158276696212], [86.5060805725238, 22.11583245062273], [86.5060204229249, 22.11589814608084], [86.50601335417991, 22.11590556888006], [86.50596842682475, 22.11596842393129], [86.50593657755559, 22.11599407234194], [86.50589199703346, 22.11604363098453], [86.50579077401906, 22.11613483120226], [86.50572158996913, 22.11613482691677], [86.50556142225415, 22.1161996024402], [86.50542588803543, 22.11630636565272], [86.50530860442912, 22.11625812379032], [86.50525095161264, 22.11621413330158], [86.50523788511839, 22.11623877875794], [86.50513080568699, 22.11624099114506], [86.50506891070756, 22.11620794621939], [86.50504245267497, 22.11621451069098], [86.50502902683044, 22.11623876566721], [86.50503216696639, 22.11626106615977], [86.50506708027267, 22.11629041927167], [86.50504569931375, 22.1163201853937], [86.50506667691143, 22.1163668157302], [86.50508086588181, 22.11641448701041], [86.50510042424648, 22.11649551164696], [86.5050823124647, 22.11661894067211], [86.50508655622593, 22.11671339611294], [86.5050286187762, 22.11674119221075], [86.50460949324176, 22.11683543185517], [86.50453886552722, 22.11684781308304], [86.5043277068087, 22.11690569316159], [86.50420409948569, 22.11694427160925], [86.50418340730106, 22.11698882145203], [86.5041853257275, 22.11701276698862], [86.50415482727338, 22.11710834471022], [86.50411097218961, 22.11721384658595], [86.50411503073573, 22.11735498025138], [86.50417289595089, 22.11755785434717], [86.5042727436686, 22.11782899626724], [86.50428839735386, 22.11789391290749], [86.50470687357527, 22.11776501610878], [86.50503288860948, 22.11769669687669], [86.50527457298422, 22.11768864342929], [86.50522291333786, 22.11756801232575], [86.50518704699851, 22.11748520102645], [86.50517883453387, 22.11747219942633], [86.50511482854073, 22.11736434588608], [86.50512791010485, 22.11729097094469], [86.50516943552947, 22.11724326521949], [86.5051738792967, 22.11715345980904], [86.50514257004276, 22.11704787173982], [86.50513139130922, 22.11690830019906], [86.50513486099732, 22.11687535306296], [86.50517656932604, 22.11689050059291], [86.50518693004537, 22.11700749319828], [86.50520054698148, 22.11712520756147], [86.50519905335261, 22.11723148582901], [86.50520896059093, 22.11729700743722], [86.5052189971839, 22.1173799211657], [86.50523218352373, 22.11746572815023], [86.50523474344766, 22.117504833192], [86.50522577163348, 22.11756801285437], [86.50527750012436, 22.11768864326218], [86.50538554077255, 22.11794873794431], [86.50562957358603, 22.1194873876016], [86.50573613039519, 22.11987719409241], [86.50578050109992, 22.11982867202523], [86.50578806290667, 22.11982867322809], [86.50582668018536, 22.11983880539992], [86.50582920596204, 22.11983880491246], [86.50590110019348, 22.11983120697593], [86.5059727548442, 22.11982363357856], [86.50598030792784, 22.11982363384272], [86.50605925377435, 22.11981608698141], [86.5060807318758, 22.11982616183112], [86.50602527010496, 22.11986690812869], [86.50594318140867, 22.11989014689252], [86.50587850829028, 22.11989534101615], [86.50573358232073, 22.11987719360753], [86.50575592933708, 22.11998011101405], [86.50577322189494, 22.12001544819776], [86.50585767462732, 22.12002918459259], [86.50627641556032, 22.12022718606487], [86.50641025871431, 22.12016620332938], [86.50643401117826, 22.12024740398485], [86.50660083845247, 22.12029822768102], [86.50661523936353, 22.12041313282989], [86.50696837795057, 22.12059579392447], [86.50706396855844, 22.12060404162969], [86.50707982914935, 22.12060404343182], [86.5070996553799, 22.1206040436511], [86.50712341595433, 22.12054248500297], [86.50705785210977, 22.12050177687336], [86.50708155134679, 22.12037726687973], [86.50708469837929, 22.12036535033975], [86.50704253732529, 22.12026840542346], [86.50701121709439, 22.12020442466765], [86.50700683293326, 22.12005850377837], [86.50700133918018, 22.12004792622017], [86.50700109185887, 22.12004265040758], [86.50695746032034, 22.11989294494813], [86.50695672564633, 22.11987530165891], [86.50699710777971, 22.11980315002144], [86.50707309092931, 22.1199081462354], [86.50710746166448, 22.12006911826353], [86.50712347507552, 22.12024602991742], [86.50716051037655, 22.12026280436168], [86.50725373196042, 22.12020719834633], [86.50722558825608, 22.11994899836083], [86.50722211416485, 22.11993618281028], [86.50716950475818, 22.11965852430815], [86.5069927596776, 22.11967168033147], [86.50694673495238, 22.11963499444753], [86.50658359433054, 22.1197204163034], [86.5065160686104, 22.11975908730201], [86.50655936383117, 22.12006377796844], [86.50660161740001, 22.12009307343672], [86.50655843608259, 22.12012530073387], [86.5065578222447, 22.12016599792102], [86.50659010647934, 22.12023207941329], [86.50653122425521, 22.12023207585037], [86.50650605141026, 22.12021267744688], [86.50649568847949, 22.12011183266126], [86.5064367176747, 22.11976882033911], [86.50645331335406, 22.11969884555635], [86.50652034176755, 22.11967268001867], [86.5068558748972, 22.11958151681903], [86.50686978318105, 22.11932155560071], [86.50677262742978, 22.11898112836953], [86.5068104479499, 22.11895379761092], [86.5068389241499, 22.1189968412045], [86.5068655229559, 22.11914952443868], [86.50693845843539, 22.11943039463878], [86.50698100378263, 22.11958347561878], [86.50711298320323, 22.11955603333726], [86.50721174856415, 22.11951070781528], [86.50731435535317, 22.11949272677895], [86.50737157419168, 22.11944368923279], [86.50742291166112, 22.11941441700649], [86.50747029955585, 22.11943104282518], [86.50748831587113, 22.1194454235885], [86.50748906542123, 22.11949425025368], [86.50746857981602, 22.11950045097377], [86.50721806379615, 22.11961689672985], [86.50722887766639, 22.1196592762458], [86.50728366184258, 22.12009348490967], [86.50732391029277, 22.12023275823136], [86.50735889390464, 22.12024006221913], [86.50737087726905, 22.1203251101374], [86.50755235739663, 22.12026513202303], [86.50769356436837, 22.12019290117979], [86.50774053475253, 22.12021424783782], [86.50779231013165, 22.12025662882614], [86.50781336201362, 22.12032082512222], [86.50781474756887, 22.12045152699047], [86.50791921669088, 22.12043184012201], [86.5080721063592, 22.12036293169989], [86.50802751276785, 22.12021461217099], [86.50797682481652, 22.12018212336235], [86.5079733990595, 22.12011457068888], [86.50790953009977, 22.11999366332529], [86.50785191982112, 22.11996328568888], [86.50779365159802, 22.11991660023073], [86.50772608658107, 22.12000044168501], [86.5076528037601, 22.12000724122944], [86.50760258661819, 22.1198381241766], [86.50755008559604, 22.11979005391524], [86.50749681433082, 22.11968377218939], [86.50748090282988, 22.11962895800792], [86.50750505066755, 22.1195632799635], [86.50753856177415, 22.11953974937575], [86.50751093321198, 22.11947310391309], [86.50749958251811, 22.11944289095242], [86.50749000568045, 22.11942761144493], [86.50743515763035, 22.1194018250421], [86.50746169960146, 22.11936621731498], [86.50741906276146, 22.11935515282068], [86.50738692184096, 22.11927399835983], [86.50748834598518, 22.1191704823974], [86.50748234427326, 22.1191704805584], [86.50748827670336, 22.11916418987125], [86.5075093826454, 22.11897185406444], [86.50743892928926, 22.11868234675419], [86.50739898921526, 22.11864360871068], [86.50735131876766, 22.11832804227723], [86.5072597944062, 22.11836630965156], [86.5071107279608, 22.11841364891178]]], [[[86.49967269, 22.1214818], [86.49986905, 22.12145631], [86.49990673, 22.12144593], [86.49992636, 22.12143442], [86.49999459, 22.12141327], [86.50009599, 22.12136865], [86.50016518, 22.1213329], [86.50029601, 22.12125204], [86.50036318, 22.12121313], [86.50036997, 22.12120603], [86.50044435, 22.12115864], [86.50052113, 22.12111936], [86.50056923, 22.12108371], [86.50057109, 22.12107591], [86.50062354, 22.12104383], [86.50063235, 22.12106042], [86.50057313, 22.12110738], [86.50050573, 22.1211477], [86.50045122, 22.12117936], [86.50034715, 22.1212433], [86.50025755, 22.12128925], [86.50022313, 22.12131728], [86.50019234, 22.12134085], [86.50014282, 22.12136737], [86.50009766, 22.12138533], [86.50009538, 22.12138791], [86.50003409, 22.12141137], [86.49999779, 22.12142457], [86.49996039, 22.12144325], [86.49993286, 22.12145538], [86.49994043, 22.12146216], [86.49994343, 22.12151046], [86.5000472, 22.12153218], [86.50005481, 22.12150506], [86.50009987, 22.12151046], [86.50013667, 22.12147296], [86.50016695, 22.12148005], [86.50020622, 22.12149073], [86.50021212, 22.1215231], [86.50018458, 22.12156517], [86.50013744, 22.12158373], [86.50009019, 22.12154495], [86.49994161, 22.12151046], [86.49994457, 22.12151615], [86.49991275, 22.12156776], [86.49984764, 22.1215547], [86.49983785, 22.12151475], [86.49983645, 22.12151475], [86.4998436, 22.12149655], [86.4998477, 22.12147583], [86.49980095, 22.12147985], [86.49970764, 22.1214875], [86.49964485, 22.1214875], [86.49946299, 22.12150159], [86.49926712, 22.1215094], [86.4991905, 22.12151677], [86.49908548, 22.12152839], [86.49905617, 22.12152637], [86.49895725, 22.12153489], [86.49895456, 22.12153489], [86.49880066, 22.12154797], [86.4986154, 22.12155985], [86.49839293, 22.12160422], [86.49825451, 22.12163371], [86.49797086, 22.12170185], [86.49765551, 22.12179474], [86.49758304, 22.12182436], [86.49749364, 22.12185752], [86.49744362, 22.12188667], [86.49727989, 22.12196736], [86.49717817, 22.12202155], [86.49706347, 22.12207737], [86.49701003, 22.12209982], [86.49697632, 22.12212079], [86.4969461, 22.12213622], [86.49691857, 22.12219302], [86.4970162, 22.12219766], [86.49707064, 22.12221934], [86.49719347, 22.12220848], [86.4973053, 22.12219095], [86.49740919, 22.12202123], [86.49742133, 22.12201485], [86.49750568, 22.12204044], [86.49765789, 22.12197049], [86.4978468, 22.12186487], [86.49801384, 22.12183436], [86.49812757, 22.12190799], [86.49816638, 22.12193911], [86.49835451, 22.12187713], [86.49852271, 22.12182829], [86.49861231, 22.12183055], [86.49861468, 22.12178955], [86.49861048, 22.12173051], [86.49862028, 22.12165743], [86.49861276, 22.12160368], [86.49863945, 22.12158007], [86.49867647, 22.12158891], [86.49869971, 22.12166346], [86.4986983, 22.12172436], [86.49872133, 22.12175834], [86.49871622, 22.12180211], [86.4986908, 22.12188818], [86.49875407, 22.12187207], [86.49882621, 22.12185604], [86.49888463, 22.12185284], [86.49888387, 22.12176145], [86.4988716, 22.12169986], [86.49883016, 22.12166647], [86.49884627, 22.1215948], [86.49888909, 22.12157713], [86.4989314, 22.12163044], [86.49894196, 22.12175213], [86.4989345, 22.1218785], [86.49890545, 22.12193042], [86.49883397, 22.12193369], [86.49877619, 22.12192389], [86.49869585, 22.1219501], [86.4986866, 22.12212476], [86.49871239, 22.12228547], [86.49877049, 22.12228547], [86.4988648, 22.12229231], [86.49907982, 22.1223129], [86.49908512, 22.1223129], [86.49928534, 22.1223336], [86.49945274, 22.12225822], [86.49958147, 22.12237975], [86.49966217, 22.12238233], [86.49971098, 22.12212475], [86.49995227, 22.12205971], [86.5000087, 22.12235441], [86.50028816, 22.12238934], [86.50041657, 22.12238934], [86.50041347, 22.12217095], [86.50050848, 22.12218425], [86.50054093, 22.12236509], [86.50141942, 22.12244364], [86.50145614, 22.12241649], [86.50145868, 22.12235538], [86.50149043, 22.12223338], [86.50145757, 22.1221479], [86.5014516, 22.12213042], [86.50143038, 22.12207524], [86.50138067, 22.12184642], [86.50134445, 22.12174516], [86.50127465, 22.12172419], [86.50124732, 22.12175008], [86.50118719, 22.12174348], [86.50113335, 22.12170739], [86.50112537, 22.12171169], [86.50111998, 22.12170339], [86.50109806, 22.1216565], [86.50111001, 22.12161904], [86.50119012, 22.1216305], [86.50122243, 22.1216478], [86.5012541, 22.12165941], [86.50132333, 22.12166523], [86.50132879, 22.12166523], [86.50141253, 22.12163836], [86.5014163, 22.12160565], [86.50138945, 22.12160565], [86.50130539, 22.12158485], [86.50125893, 22.12159523], [86.5012096, 22.12155654], [86.50120514, 22.12154888], [86.50110439, 22.12152857], [86.50103191, 22.12148352], [86.50102668, 22.12148352], [86.50093699, 22.12150344], [86.5008959, 22.12148352], [86.50097676, 22.12143689], [86.50101826, 22.12140313], [86.5010609, 22.12141032], [86.50113884, 22.12142477], [86.50117898, 22.1214564], [86.50123801, 22.12146376], [86.50126919, 22.12149096], [86.50132135, 22.121481], [86.50140452, 22.12146622], [86.50147064, 22.12149594], [86.50149312, 22.12151848], [86.50147441, 22.12156423], [86.50143794, 22.12164806], [86.50144692, 22.12166369], [86.50146503, 22.12170636], [86.50148805, 22.12178457], [86.50152766, 22.12190338], [86.50154097, 22.12198792], [86.50159498, 22.12209924], [86.50163859, 22.12219744], [86.5016644, 22.12232532], [86.5016765, 22.1224165], [86.50184689, 22.12240228], [86.50184262, 22.12235781], [86.50195247, 22.12234026], [86.50196137, 22.12238464], [86.50197695, 22.12238307], [86.50196478, 22.1222692], [86.50195328, 22.12218781], [86.50195138, 22.12217676], [86.50193994, 22.12212889], [86.501935, 22.12206547], [86.50193177, 22.12202636], [86.50193443, 22.12198606], [86.50193346, 22.12193299], [86.501962, 22.12193493], [86.50199629, 22.12193687], [86.50199819, 22.12193687], [86.50203056, 22.12193299], [86.50209335, 22.12193105], [86.50210096, 22.12193105], [86.50211739, 22.1220948], [86.50210908, 22.12201418], [86.50210379, 22.12196425], [86.50205381, 22.12196032], [86.50200587, 22.12197215], [86.50196928, 22.12197612], [86.5019652, 22.12200007], [86.50198038, 22.12206547], [86.50198004, 22.12213104], [86.50198568, 22.12223488], [86.50200961, 22.12237978], [86.50206577, 22.12237413], [86.50208253, 22.12233726], [86.5020836, 22.1223346], [86.50214371, 22.12232011], [86.50216505, 22.12232583], [86.50219077, 22.12235928], [86.50219491, 22.12236075], [86.50220143, 22.12236075], [86.50223822, 22.12236223], [86.50227812, 22.12235927], [86.5022861, 22.12232166], [86.50229219, 22.12224252], [86.50233332, 22.12224252], [86.5023195, 22.12206338], [86.50225585, 22.12205509], [86.50225824, 22.12200408], [86.5023178, 22.12199388], [86.50230432, 22.12193163], [86.50229068, 22.12188099], [86.50229675, 22.12187048], [86.50230471, 22.12180341], [86.50230403, 22.12179581], [86.50231378, 22.12175325], [86.5023375, 22.12169703], [86.50235477, 22.12167069], [86.50223719, 22.12166356], [86.50223058, 22.12166356], [86.5021196, 22.12164704], [86.50203594, 22.12163765], [86.50188283, 22.12162134], [86.50179172, 22.12160746], [86.50174649, 22.1216447], [86.50172987, 22.12170083], [86.50174661, 22.12164235], [86.50171731, 22.1216167], [86.50173454, 22.12157771], [86.50177976, 22.12157998], [86.50194387, 22.12160285], [86.50198287, 22.12159596], [86.50204195, 22.1216167], [86.50213587, 22.12162133], [86.5022537, 22.12164939], [86.50232482, 22.12163531], [86.50266468, 22.1217039], [86.50268241, 22.12161769], [86.50202415, 22.12142077], [86.50145468, 22.12121623], [86.50129366, 22.1211805], [86.50101379, 22.12110695], [86.50100708, 22.12118029], [86.50105061, 22.1211918], [86.50106953, 22.12122792], [86.50109134, 22.12134565], [86.50109026, 22.12135123], [86.50109549, 22.12140238], [86.50103936, 22.12138663], [86.50104491, 22.12134318], [86.50100445, 22.12120253], [86.50101288, 22.12110341], [86.50100547, 22.12110097], [86.50081118, 22.12105273], [86.50068485, 22.12102195], [86.50051733, 22.121357], [86.50056807, 22.12137074], [86.50061963, 22.12136798], [86.50062992, 22.12136798], [86.50063764, 22.12136798], [86.50066915, 22.12133517], [86.50071061, 22.12127888], [86.50077641, 22.12133789], [86.50076895, 22.12142938], [86.50074811, 22.12142656], [86.50068458, 22.12148956], [86.50057839, 22.12150413], [86.50053824, 22.12151291], [86.50050284, 22.12148088], [86.50049716, 22.12139569], [86.50068243, 22.1210243], [86.50054096, 22.12102984], [86.50048881, 22.12101025], [86.50040168, 22.12099858], [86.50031512, 22.12096532], [86.50023397, 22.12096321], [86.50013077, 22.12093597], [86.50005382, 22.1209054], [86.49998904, 22.12104556], [86.4999884, 22.12110948], [86.49999722, 22.12113943], [86.49998802, 22.12111331], [86.49992943, 22.12108315], [86.49988318, 22.12107118], [86.49990359, 22.12102085], [86.49986035, 22.12102379], [86.49984388, 22.12098009], [86.49986722, 22.12093424], [86.49987618, 22.1208641], [86.49975171, 22.12089194], [86.49976346, 22.12094563], [86.49978432, 22.12100623], [86.4997605, 22.12104442], [86.49967699, 22.12104443], [86.49966284, 22.12098878], [86.49967691, 22.12092573], [86.49955754, 22.12090878], [86.49955739, 22.12097144], [86.4995747, 22.12111332], [86.49958575, 22.12119953], [86.49963177, 22.12125955], [86.49966602, 22.12131759], [86.49966661, 22.12135364], [86.49977655, 22.12143386], [86.49975046, 22.12146243], [86.4996683, 22.12141892], [86.49961553, 22.12139193], [86.49957738, 22.12137045], [86.4995451, 22.12129605], [86.49950333, 22.12124883], [86.49949871, 22.12124362], [86.49948221, 22.12114563], [86.49949835, 22.1210547], [86.49943975, 22.12100003], [86.49934583, 22.1209314], [86.49921464, 22.12090714], [86.49913872, 22.12088302], [86.49908485, 22.12087341], [86.49905315, 22.12081143], [86.49900994, 22.12084469], [86.49898858, 22.12094115], [86.498896, 22.12105472], [86.49885121, 22.12099018], [86.49888013, 22.12092655], [86.49890778, 22.12087341], [86.49890542, 22.12084947], [86.49893926, 22.12077372], [86.49896794, 22.1206488], [86.49898255, 22.12058094], [86.49903543, 22.12052299], [86.4989901, 22.12049211], [86.49893483, 22.12047894], [86.49888107, 22.12049651], [86.49890284, 22.12059097], [86.49888849, 22.12061955], [86.49885259, 22.12064121], [86.49881006, 22.12062916], [86.49876026, 22.12063638], [86.49875871, 22.12068999], [86.49881281, 22.12071971], [86.49880727, 22.12080579], [86.49882609, 22.12088415], [86.49879971, 22.1209296], [86.49876428, 22.12096761], [86.49871982, 22.12100061], [86.49876262, 22.12102563], [86.49879863, 22.12109797], [86.49882247, 22.12115436], [86.49887977, 22.12116099], [86.49890746, 22.1212588], [86.4988919, 22.12138737], [86.49889737, 22.12147399], [86.4988954, 22.12147832], [86.49889059, 22.12151981], [86.49890121, 22.12151881], [86.49921279, 22.12149513], [86.49954775, 22.12148635], [86.49967269, 22.1214818]], [[86.50214346, 22.12210115], [86.50214926, 22.12211261], [86.50215453, 22.12212889], [86.50215933, 22.12214833], [86.50214692, 22.12217847], [86.50212206, 22.12218117], [86.50207447, 22.1221375], [86.50209, 22.1221139], [86.50211739, 22.1220948], [86.50214346, 22.12210115]], [[86.50173508, 22.12179077], [86.50171699, 22.12174584], [86.50172542, 22.12171639], [86.50175907, 22.12170914], [86.50178682, 22.12174337], [86.50176929, 22.12178825], [86.50173508, 22.12179077]], [[86.50086182, 22.12186747], [86.50087921, 22.12184032], [86.50102139, 22.12176775], [86.50091788, 22.12182354], [86.50093951, 22.12188112], [86.50088476, 22.121912], [86.50086182, 22.12186747]], [[86.50010413, 22.12117737], [86.50011905, 22.12118612], [86.50010193, 22.12122323], [86.50011273, 22.12126298], [86.5001342, 22.12129916], [86.50012542, 22.12133309], [86.50009518, 22.12134294], [86.49999105, 22.1213918], [86.49993964, 22.12140016], [86.4999208, 22.12137017], [86.49993825, 22.12133064], [86.49996817, 22.12130134], [86.49999124, 22.12127876], [86.5000046, 22.12124998], [86.50001482, 22.12120891], [86.50001495, 22.12119962], [86.50001793, 22.12120975], [86.50005831, 22.12119052], [86.50007375, 22.12117592], [86.50010413, 22.12117737]]], [[[86.49751103, 22.12183364], [86.49759346, 22.12180427], [86.49778192, 22.12173607], [86.4979089, 22.12170142], [86.49808848, 22.12165512], [86.49826026, 22.12160601], [86.49840412, 22.12157963], [86.49858038, 22.12154892], [86.49886968, 22.12152177], [86.49881812, 22.12150264], [86.49883001, 22.1213417], [86.49881813, 22.12119343], [86.49879266, 22.12110361], [86.49875826, 22.12109634], [86.49875024, 22.12113092], [86.49872509, 22.12119843], [86.49871662, 22.12122529], [86.49866964, 22.1212253], [86.49866088, 22.12126455], [86.49868489, 22.12133533], [86.49868496, 22.12134782], [86.49870645, 22.12140468], [86.4986702, 22.12143999], [86.4986306, 22.12143999], [86.49860952, 22.12140788], [86.49858269, 22.12137296], [86.49856275, 22.12130126], [86.49853069, 22.12127063], [86.49848103, 22.12124939], [86.49842903, 22.1212223], [86.4983572, 22.12124939], [86.49831442, 22.1212253], [86.49827511, 22.12119844], [86.49821667, 22.12119844], [86.49819086, 22.12119251], [86.49815778, 22.12116564], [86.49806654, 22.1212005], [86.49806208, 22.1212005], [86.49796268, 22.12125117], [86.49788657, 22.12127789], [86.49781775, 22.12130076], [86.49777688, 22.12129358], [86.49773546, 22.12127931], [86.49771768, 22.1212694], [86.49768743, 22.12122083], [86.49768318, 22.12125816], [86.49764808, 22.12129645], [86.49762134, 22.12131089], [86.49756214, 22.12133428], [86.49750246, 22.12131379], [86.49751369, 22.12127506], [86.4975167, 22.12127364], [86.49753847, 22.12124423], [86.49749425, 22.12122631], [86.4974327, 22.12123042], [86.49739807, 22.12123593], [86.49735636, 22.12121675], [86.49735333, 22.12121811], [86.49734431, 22.12121948], [86.49730225, 22.12122221], [86.4972776, 22.1212059], [86.4972754, 22.12119112], [86.49723577, 22.12120726], [86.49724928, 22.12123043], [86.49728202, 22.121268], [86.49727698, 22.121308], [86.49723189, 22.12133724], [86.49719449, 22.12133724], [86.49716618, 22.12134019], [86.49718276, 22.12136705], [86.49723298, 22.12139439], [86.49724345, 22.12146012], [86.4972789, 22.12146492], [86.49730446, 22.12151873], [86.49729736, 22.12157269], [86.49731151, 22.12160036], [86.49732665, 22.12166074], [86.49732654, 22.12166436], [86.49729433, 22.12173845], [86.49721848, 22.12176709], [86.4971534, 22.12175749], [86.49711852, 22.1217309], [86.49709491, 22.12168442], [86.49710181, 22.1217215], [86.49709734, 22.12174985], [86.4970952, 22.12175367], [86.49705078, 22.12180406], [86.49699488, 22.12181986], [86.49694429, 22.12181986], [86.49689581, 22.12181788], [86.4968326, 22.12181788], [86.49677227, 22.12182185], [86.49674681, 22.12180407], [86.49675132, 22.12185595], [86.49674793, 22.1219325], [86.49678933, 22.12193039], [86.4967825, 22.12202349], [86.49677626, 22.12205892], [86.49686738, 22.12212292], [86.49692896, 22.12212707], [86.49697665, 22.1220927], [86.49711585, 22.12203815], [86.49714921, 22.12201361], [86.49722374, 22.12197453], [86.49747317, 22.12185261], [86.49751103, 22.12183364]], [[86.49714456, 22.12194993], [86.49711691, 22.12195726], [86.49710139, 22.12196587], [86.49709027, 22.12195115], [86.49710372, 22.12195237], [86.49711245, 22.12193539], [86.49712749, 22.12193058], [86.49714551, 22.12193539], [86.49714921, 22.12201361], [86.49714456, 22.12194993]], [[86.49710093, 22.12200215], [86.4971094, 22.1220226], [86.49707638, 22.12200978], [86.49708139, 22.12199582], [86.49709955, 22.12198827], [86.49710093, 22.12200215]]], [[[86.50813334438888, 22.12181788881991], [86.50804248100755, 22.12183552628614], [86.50795937628963, 22.12183502473888], [86.50789410467854, 22.12183502408616], [86.50771493571662, 22.12185659160317], [86.50758269407197, 22.1218696131634], [86.50739755620238, 22.12189144690779], [86.50710590659699, 22.12190462763668], [86.50713594985656, 22.12216840289695], [86.50723313659266, 22.12214455594805], [86.50733193503112, 22.12215048779051], [86.50751900472196, 22.12214455561433], [86.50760742924271, 22.12214159707303], [86.50777298339587, 22.12212394380938], [86.50782695546864, 22.12212028955037], [86.50790369503463, 22.12211656476179], [86.50797419129329, 22.12212402262035], [86.50801864954428, 22.12211284576741], [86.50809176591986, 22.12210542402307], [86.50832174580701, 22.12210913499916], [86.50849362372205, 22.12210542805992], [86.50855102209675, 22.12212981516951], [86.50852488867284, 22.12206065294088], [86.5084968250755, 22.12186304938278], [86.50849315865331, 22.12177702017577], [86.50844218799016, 22.121783928775], [86.50824519806567, 22.12180936135819], [86.50813334438888, 22.12181788881991]]], [[[86.50126548, 22.12404656], [86.50122528, 22.12409253], [86.50123001, 22.12421014], [86.50125922, 22.12423134], [86.50128212, 22.12426558], [86.50139258, 22.12425661], [86.50148839, 22.12424253], [86.50153167, 22.12422336], [86.50153202, 22.12419926], [86.50155116, 22.12415967], [86.50158794, 22.12410988], [86.50167035, 22.12409355], [86.50174796, 22.12407466], [86.5018173, 22.12408004], [86.50189844, 22.12408273], [86.50193212, 22.12408543], [86.5020866, 22.12407735], [86.50215779, 22.12405064], [86.50213866, 22.12393476], [86.5021191, 22.12377653], [86.50208357, 22.12374462], [86.50209235, 22.12370439], [86.50206993, 22.12367372], [86.50205344, 22.12364997], [86.50207181, 22.12359093], [86.50206548, 22.12355221], [86.50206285, 22.12345319], [86.50203587, 22.12346501], [86.50198746, 22.12346028], [86.5019813, 22.12340889], [86.50201656, 22.12338368], [86.50205778, 22.12339739], [86.50205262, 22.1232922], [86.50202286, 22.12325054], [86.50200239, 22.12322587], [86.50199186, 22.12319287], [86.50196818, 22.1232177], [86.50193145, 22.12325054], [86.50188, 22.12325882], [86.5018428, 22.12325882], [86.50179661, 22.12327824], [86.50174683, 22.12330906], [86.50168615, 22.12330906], [86.50159062, 22.12331188], [86.50158773, 22.12331188], [86.50151835, 22.12331188], [86.50150968, 22.12331188], [86.50144139, 22.12333171], [86.50137396, 22.12339505], [86.50139848, 22.12346434], [86.50142187, 22.12347615], [86.50145153, 22.12349726], [86.50143508, 22.12355127], [86.50150389, 22.1236681], [86.50143334, 22.12354945], [86.50139865, 22.12355934], [86.5013332, 22.12358269], [86.50124453, 22.12361894], [86.50117731, 22.12364322], [86.50120397, 22.12366293], [86.50120084, 22.12368657], [86.50118653, 22.12372063], [86.50115075, 22.12371054], [86.50111705, 22.12368856], [86.50106848, 22.12368856], [86.50102477, 22.12370452], [86.50097477, 22.12372063], [86.50092781, 22.12373894], [86.50087052, 22.12373078], [86.50079404, 22.12371763], [86.50078218, 22.12371457], [86.50075608, 22.12372468], [86.50074851, 22.12376158], [86.50074457, 22.12378451], [86.50073968, 22.12382699], [86.50075717, 22.1238705], [86.50074424, 22.12393095], [86.50076459, 22.12400289], [86.5007673, 22.12408264], [86.50080212, 22.12419179], [86.50080379, 22.1241944], [86.5008217, 22.12424738], [86.50077621, 22.12427987], [86.50090622, 22.12426783], [86.50095345, 22.12426898], [86.50097127, 22.12423134], [86.50097759, 22.12422071], [86.50101636, 22.12418918], [86.5010451, 22.12420488], [86.50104733, 22.12420488], [86.50106497, 22.12423667], [86.50104054, 22.12429355], [86.50108775, 22.12429906], [86.50109991, 22.12426085], [86.50110218, 22.12426085], [86.50114977, 22.12426085], [86.50115808, 22.12428533], [86.50122673, 22.12430457], [86.50119943, 22.12428259], [86.50120628, 22.12424202], [86.50122834, 22.12420488], [86.50111768, 22.12419701], [86.50110241, 22.12417877], [86.50111151, 22.12414535], [86.50113183, 22.12404597], [86.50107103, 22.12405082], [86.50103932, 22.12411499], [86.50096765, 22.12412506], [86.50090854, 22.12412506], [86.50090197, 22.12412506], [86.5008564, 22.12411248], [86.50085814, 22.12407279], [86.50089542, 22.1240484], [86.50095823, 22.12409253], [86.5010192, 22.12406544], [86.50101704, 22.12406544], [86.50106056, 22.12402192], [86.50110671, 22.12401238], [86.50115571, 22.12393322], [86.50116049, 22.12392867], [86.50120787, 22.12391508], [86.50120999, 22.12387172], [86.50120967, 22.12391734], [86.50126282, 22.12392413], [86.50127926, 22.12397936], [86.50126788, 22.12404656], [86.50126548, 22.12404656]], [[86.50120267, 22.12377822], [86.50124539, 22.12379459], [86.50131638, 22.12376049], [86.50129692, 22.1237532], [86.50128942, 22.12371712], [86.50132084, 22.12371266], [86.50138074, 22.12371043], [86.50135821, 22.12374185], [86.50124555, 22.12379456], [86.50124815, 22.12381627], [86.501231, 22.1238421], [86.50121039, 22.12386355], [86.50121058, 22.12385952], [86.50117418, 22.123812], [86.50117677, 22.12380775], [86.50117761, 22.12378661], [86.50120267, 22.12377822]], [[86.50137112, 22.12404656], [86.50135431, 22.12404656], [86.50135365, 22.12399468], [86.50138778, 22.12394906], [86.50141191, 22.12397428], [86.50139985, 22.12401269], [86.50137112, 22.12404656]], [[86.50165135, 22.12361661], [86.50165325, 22.12361661], [86.50168891, 22.12356968], [86.50169266, 22.12356968], [86.50173156, 22.1235721], [86.50176571, 22.12357301], [86.50178318, 22.12358714], [86.50178193, 22.12359956], [86.50178965, 22.12360334], [86.50179723, 22.12360334], [86.50181097, 22.12365512], [86.50181047, 22.12368657], [86.50179192, 22.12370853], [86.50174172, 22.12373281], [86.50172653, 22.1237595], [86.50176579, 22.12374713], [86.50182289, 22.12374303], [86.5018167, 22.12378032], [86.50176498, 22.12378451], [86.50171757, 22.12381413], [86.50167746, 22.12383993], [86.50164905, 22.12385079], [86.50160213, 22.12385952], [86.50159071, 22.12381414], [86.50155076, 22.12374693], [86.5015665, 22.12373689], [86.5015966, 22.12370452], [86.50163376, 22.12369253], [86.50164161, 22.12367274], [86.50165135, 22.12361661]], [[86.50175438, 22.12342045], [86.50179973, 22.12342742], [86.50180204, 22.12342509], [86.5018135, 22.12341813], [86.50183847, 22.12342045], [86.50186575, 22.12342277], [86.50185892, 22.12347214], [86.50182469, 22.12350841], [86.5018381, 22.12349367], [86.50178552, 22.12345791], [86.50174376, 22.12347452], [86.50170138, 22.12343909], [86.50175438, 22.12342045]]], [[[86.5062048, 22.12518005], [86.50625528, 22.12524656], [86.50629339, 22.12532706], [86.50638383, 22.12527903], [86.50644658, 22.12527013], [86.50646797, 22.12533313], [86.50639912, 22.12538061], [86.50634829, 22.12554224], [86.50635779, 22.12560918], [86.50646185, 22.12560544], [86.50681778, 22.12573343], [86.50703953, 22.12575751], [86.50728012, 22.12572383], [86.50724703, 22.12563359], [86.50723089, 22.12557746], [86.50721508, 22.12551281], [86.50721187, 22.12545356], [86.5072537, 22.12543096], [86.50727781, 22.12551281], [86.50730659, 22.12559143], [86.50732327, 22.12563359], [86.5072802, 22.12571425], [86.5073326, 22.12581162], [86.50737065, 22.12590679], [86.50745787, 22.12614743], [86.50772792, 22.12601604], [86.5078933, 22.12596723], [86.50792268, 22.12595251], [86.5079227, 22.12595214], [86.50798331, 22.12589049], [86.50802134, 22.12588236], [86.50810465, 22.12586819], [86.50820257, 22.12586215], [86.50828669, 22.12585412], [86.50842304, 22.12581505], [86.50848767, 22.12581096], [86.50854747, 22.1257967], [86.50857847, 22.12579264], [86.50863348, 22.12577446], [86.50866745, 22.12578252], [86.50871756, 22.12576561], [86.50878409, 22.12576175], [86.5087857, 22.12573114], [86.50877415, 22.12567485], [86.50875133, 22.12561272], [86.50875421, 22.12557343], [86.5087464, 22.12553832], [86.50873455, 22.12545134], [86.50870644, 22.12533773], [86.50867129, 22.12526063], [86.50863156, 22.12516966], [86.50861799, 22.12511555], [86.50857988, 22.1250434], [86.50859244, 22.12498092], [86.50857115, 22.12491833], [86.50852579, 22.12482765], [86.50849345, 22.12476755], [86.50848845, 22.12470909], [86.50845799, 22.12460454], [86.50850531, 22.12454051], [86.50854443, 22.12451747], [86.5085955, 22.12450224], [86.50862791, 22.12447575], [86.50866305, 22.1244833], [86.50875189, 22.1244532], [86.50881806, 22.12443825], [86.50888125, 22.12441225], [86.5088924, 22.12446994], [86.50929317, 22.12562564], [86.5093429, 22.12562563], [86.50946937, 22.12558193], [86.50958641, 22.12562724], [86.5095193, 22.12575204], [86.50937636, 22.12582225], [86.50965695, 22.12575204], [86.50973937, 22.12573503], [86.5098451, 22.12570795], [86.5101083, 22.1257394], [86.51026586, 22.12571424], [86.51034332, 22.12570169], [86.51040799, 22.12566972], [86.51024662, 22.12514193], [86.5103111, 22.12509688], [86.51036762, 22.125079], [86.51044535, 22.12500156], [86.5105668, 22.12491035], [86.51068509, 22.12512944], [86.5110799, 22.12510229], [86.51122874, 22.12504321], [86.51128519, 22.12511219], [86.51134777, 22.12528652], [86.51143421, 22.12525604], [86.51146746, 22.1252173], [86.51145425, 22.12518327], [86.51139965, 22.1250549], [86.51137895, 22.12494351], [86.51136564, 22.12490473], [86.51134253, 22.12475098], [86.51132388, 22.12465056], [86.51141769, 22.12460518], [86.51149168, 22.12458418], [86.51165094, 22.12449436], [86.51162648, 22.12437306], [86.5115868, 22.12404746], [86.51151635, 22.12390285], [86.5112712, 22.12396247], [86.5112108, 22.12393851], [86.51119341, 22.12386165], [86.51149998, 22.12382087], [86.51138146, 22.12359575], [86.51073427, 22.12374058], [86.51030721, 22.12387932], [86.5102855, 22.12382032], [86.51032186, 22.12375474], [86.5104956, 22.12375765], [86.51137037, 22.1235631], [86.51126375, 22.12340396], [86.51118893, 22.12335752], [86.51111858, 22.12324641], [86.51095354, 22.12337294], [86.51094948, 22.12337809], [86.51085936, 22.12341958], [86.51080242, 22.12338325], [86.51087281, 22.12333707], [86.51105138, 22.12318174], [86.5109786, 22.1231472], [86.51090708, 22.12311616], [86.51080623, 22.12321669], [86.51063354, 22.12331166], [86.5106114, 22.12327638], [86.51071822, 22.12319314], [86.51087509, 22.12307935], [86.51076043, 22.12307515], [86.51074215, 22.12305508], [86.51071457, 22.12301905], [86.51069021, 22.12297691], [86.51040118, 22.12282401], [86.51035081, 22.12270716], [86.5103445, 22.12271359], [86.51019908, 22.12271359], [86.51017121, 22.12261161], [86.5099412, 22.12249791], [86.50994401, 22.12268075], [86.51002722, 22.12271742], [86.51000167, 22.12283794], [86.50987367, 22.12284938], [86.50978547, 22.12279496], [86.50973151, 22.12275512], [86.50970931, 22.12269553], [86.50969467, 22.12257395], [86.50970579, 22.12252174], [86.50970651, 22.12252174], [86.50970624, 22.12251958], [86.50970684, 22.1225168], [86.50970591, 22.12251685], [86.5096872, 22.12236301], [86.50954956, 22.12230867], [86.50946176, 22.12223753], [86.50928664, 22.12222263], [86.50917771, 22.12223861], [86.50903558, 22.12226272], [86.508922, 22.1222708], [86.50889664, 22.12222874], [86.50882819, 22.1222596], [86.50879463, 22.12226847], [86.50876224, 22.1222156], [86.50855233, 22.12224634], [86.50850593, 22.1222596], [86.50847169, 22.12223753], [86.50836287, 22.12224634], [86.50835821, 22.12227736], [86.50828905, 22.12229074], [86.50824054, 22.12225518], [86.5081783, 22.12225076], [86.50812186, 22.12230418], [86.50805965, 22.12230418], [86.5080303, 22.12227291], [86.50796668, 22.12225076], [86.50783177, 22.12228182], [86.50779703, 22.12229522], [86.50778951, 22.12232217], [86.50777606, 22.12241357], [86.50778559, 22.12251696], [86.50777566, 22.12259897], [86.50773229, 22.12267292], [86.50770241, 22.12262345], [86.50768695, 22.1225795], [86.50767565, 22.12251696], [86.50769548, 22.12243215], [86.50770539, 22.12233573], [86.50772715, 22.12222012], [86.50759914, 22.12224735], [86.50732227, 22.122263], [86.50692476, 22.12227086], [86.50673773, 22.12227893], [86.50634741, 22.12229311], [86.5061409, 22.12230417], [86.50606001, 22.12231834], [86.50603036, 22.12233969], [86.50586113, 22.12235439], [86.50578731, 22.12236245], [86.50579262, 22.12242758], [86.50582317, 22.12243992], [86.50583908, 22.1224939], [86.50580766, 22.12253597], [86.50568945, 22.12252751], [86.50571312, 22.12280349], [86.50557635, 22.12287229], [86.50566313, 22.12331791], [86.50590189, 22.12373748], [86.50600797, 22.12387154], [86.50603572, 22.1239189], [86.5060914, 22.12409574], [86.50610163, 22.12416224], [86.50579926, 22.12426634], [86.50566587, 22.12431886], [86.50591669, 22.12480697], [86.50596027, 22.12492565], [86.50595712, 22.12492864], [86.5060716, 22.12504701], [86.50613908, 22.12505781], [86.50616131, 22.12510429], [86.5062048, 22.12518005]], [[86.50596081, 22.12492513], [86.50598926, 22.12481085], [86.50604276, 22.12477612], [86.50606917, 22.12477997], [86.5060646, 22.12482637], [86.50596081, 22.12492513]], [[86.50961941, 22.12252174], [86.50962486, 22.12252174], [86.50940957, 22.12264316], [86.50936116, 22.12258436], [86.50944601, 22.12246019], [86.50956073, 22.12247902], [86.50961941, 22.12252174]], [[86.50987062, 22.12296345], [86.50995842, 22.12291659], [86.51010359, 22.12285237], [86.51018143, 22.12280909], [86.5102717, 22.12278775], [86.51027309, 22.12278635], [86.51023736, 22.12284148], [86.50999998, 22.12295674], [86.50998187, 22.12297691], [86.50990023, 22.12302427], [86.50987062, 22.12296345]], [[86.50793, 22.12584499], [86.50792297, 22.12594472], [86.50792438, 22.12590689], [86.50792956, 22.12584611], [86.50789871, 22.12567413], [86.50791889, 22.12577168], [86.50793, 22.12584499]], [[86.50746895, 22.12581573], [86.5074894, 22.12578304], [86.5075383, 22.12576277], [86.50760519, 22.12574261], [86.50769032, 22.12571059], [86.50775312, 22.12567099], [86.50785486, 22.12562405], [86.50780732, 22.12552443], [86.50780027, 22.12547652], [86.50776875, 22.12539682], [86.5077434, 22.1253013], [86.50776814, 22.12528366], [86.5078227, 22.12544628], [86.5078198, 22.12545418], [86.50782915, 22.12551524], [86.50786558, 22.12557348], [86.50789076, 22.12563572], [86.50789092, 22.12563648], [86.50777022, 22.12571857], [86.50766692, 22.12575469], [86.50761408, 22.12579118], [86.507565, 22.12581572], [86.50746895, 22.12581573]]], [[[86.54692267065735, 22.01216345595727], [86.54693151943513, 22.01215820977315], [86.54700363384357, 22.01214252757605], [86.54701584189681, 22.0121951285784], [86.54703629409892, 22.01225409176233], [86.5470001409785, 22.01228128373219], [86.54661660427232, 22.01237561896147], [86.54657725353074, 22.01238401415968], [86.54657567419777, 22.01253846373669], [86.546606720167, 22.01262502368389], [86.5466106380883, 22.01271523165392], [86.54655571231689, 22.01281454068982], [86.5465152218005, 22.01288362185957], [86.54650343175216, 22.01301729579748], [86.54670229972439, 22.01294779980813], [86.54683019975661, 22.01289309990866], [86.54688868930003, 22.01284210729477], [86.54698527700769, 22.01280128059667], [86.5471660755733, 22.01271153600547], [86.54721204614555, 22.01255993288929], [86.5471611007171, 22.01254372638456], [86.54711097866404, 22.01251964418591], [86.5471064780409, 22.01251698468776], [86.5470754886704, 22.01245673572319], [86.54711355918204, 22.01243107222613], [86.54711824977743, 22.01242852304278], [86.54717274775474, 22.01243107220906], [86.54720006570804, 22.01243107177744], [86.54722393342637, 22.01247228826064], [86.54723216344871, 22.01250902839586], [86.54721196195717, 22.01256264567197], [86.5471659597578, 22.01271444474611], [86.54725916017532, 22.01269435681419], [86.5473892426506, 22.01267900618774], [86.54763993377554, 22.01263860721011], [86.54767127160825, 22.01243250903173], [86.54765251579408, 22.0123756185679], [86.54760547876585, 22.01223241537782], [86.54763211468331, 22.01217041656808], [86.54767054691732, 22.01209085500054], [86.54764385392804, 22.01200506975229], [86.5476193238265, 22.01197839319041], [86.54761553458752, 22.011951847039], [86.54761420995132, 22.01190734197859], [86.54764050417384, 22.01188735556651], [86.54764350688455, 22.01184637319522], [86.54764849457266, 22.01179110576444], [86.54769085595552, 22.01175258814761], [86.54776405515993, 22.0117928032309], [86.54779073824525, 22.01182888685622], [86.54780948975935, 22.01183062710002], [86.54784075597209, 22.01183236843213], [86.54790776792643, 22.01184088382074], [86.54794594011734, 22.0118411056274], [86.54795247540837, 22.01186940387766], [86.5479645048405, 22.0118605047847], [86.54799305967106, 22.01184285992824], [86.54801467518645, 22.01180302563669], [86.54805671992132, 22.01179437280965], [86.5480840522853, 22.01179437317214], [86.54811717209216, 22.0118064494385], [86.54816631666644, 22.01178096166732], [86.54818050105257, 22.01172155111422], [86.54816354584544, 22.0116770056857], [86.54813674074481, 22.01161154026494], [86.54817397099764, 22.01157726988051], [86.5481937281871, 22.01155607372933], [86.54817294784836, 22.01151003612555], [86.54785099207204, 22.01156200304855], [86.54770908039814, 22.01156623356428], [86.54764172765388, 22.01156623383871], [86.5475782321135, 22.01157471895159], [86.54751774854934, 22.01151794368348], [86.54751779574548, 22.01147529986936], [86.54744291990484, 22.01147530007739], [86.54737367863112, 22.011456165694], [86.54734560994805, 22.01140339986032], [86.54742069237399, 22.01132977482123], [86.54740640737975, 22.01122762643623], [86.54735409686542, 22.01123108129923], [86.5472464002269, 22.01124790039196], [86.54706385625722, 22.01124235860652], [86.54670120731603, 22.01126864092075], [86.54661263040062, 22.01132977355104], [86.5465302883845, 22.01136275698396], [86.54654964676094, 22.01147705079338], [86.54655295120945, 22.01156029611267], [86.54655627082043, 22.01161776014803], [86.54657610755022, 22.01175316855074], [86.5466070465971, 22.0120000093195], [86.54659633777466, 22.01225253584994], [86.5465775209376, 22.01238279526213], [86.54661602911152, 22.01237551166889], [86.54693838809838, 22.01229524370567], [86.54686474587857, 22.0122758259112], [86.54692267065735, 22.01216345595727]]], [[[86.55026068, 22.04558773], [86.55029698, 22.04566523], [86.55027001, 22.0457222], [86.5501852, 22.0457845], [86.55022566, 22.04582508], [86.5502592, 22.04592607], [86.55026849, 22.0459923], [86.55029403, 22.04602209], [86.55035089, 22.04603207], [86.55040837, 22.04603707], [86.55044404, 22.04607767], [86.55046901, 22.04613113], [86.55047496, 22.0462002], [86.55048646, 22.04629073], [86.5505534, 22.04624521], [86.55056722, 22.04618034], [86.55061522, 22.0461116], [86.55059792, 22.04605212], [86.55056864, 22.04599724], [86.55054832, 22.04594469], [86.55056521, 22.04586149], [86.55067085, 22.0457999], [86.55076804, 22.04586604], [86.5508167, 22.04597257], [86.55097347, 22.04591889], [86.55103821, 22.04600218], [86.55109917, 22.04614957], [86.55117968, 22.04609256], [86.55121144, 22.04600714], [86.55137703, 22.04597788], [86.5513754, 22.0459824], [86.5514758, 22.04594466], [86.55147899, 22.04608246], [86.55151815, 22.04617041], [86.55159043, 22.04616054], [86.55164229, 22.04609698], [86.55164726, 22.04604876], [86.55161036, 22.04601534], [86.5515872, 22.04593998], [86.55170588, 22.04590921], [86.55171446, 22.04591405], [86.55183409, 22.04592858], [86.55202752, 22.04579581], [86.55193689, 22.04580457], [86.55186907, 22.0456044], [86.55186819, 22.04560493], [86.55164818, 22.0449942], [86.55159173, 22.04495433], [86.55158488, 22.04491497], [86.55146722, 22.04439259], [86.55145876, 22.04433474], [86.55155008, 22.04431728], [86.55173057, 22.04429547], [86.55198554, 22.04425848], [86.5522285, 22.04417977], [86.55222851, 22.04417977], [86.55277866, 22.04410874], [86.55273096, 22.04388275], [86.55308062, 22.04385097], [86.5529771, 22.04363891], [86.5530028, 22.043543], [86.55310001, 22.04344066], [86.55310017, 22.0434417], [86.55321476, 22.04344815], [86.55335311, 22.04337763], [86.55342744, 22.04343974], [86.55349718, 22.04339716], [86.5536379, 22.043365], [86.5537609, 22.04333384], [86.55381192, 22.0432092], [86.55391709, 22.04325046], [86.55391995, 22.04331289], [86.55389466, 22.04337126], [86.55409841, 22.04327813], [86.5542383, 22.04334523], [86.55429657, 22.04320566], [86.55435674, 22.04315076], [86.5544437, 22.04316443], [86.55472336, 22.04318499], [86.55476965, 22.04309634], [86.55484274, 22.04289681], [86.55487472, 22.04274207], [86.55489979, 22.04256061], [86.55506263, 22.04246903], [86.55522122, 22.04246297], [86.5552216, 22.04245896], [86.55531232, 22.0424268], [86.5554701, 22.04243718], [86.5556024, 22.0423493], [86.5557702, 22.0422924], [86.55570869, 22.04214358], [86.55574402, 22.04196352], [86.55566427, 22.0417665], [86.55615544, 22.04185928], [86.55592723, 22.04150143], [86.55578746, 22.04141476], [86.55573335, 22.04132419], [86.55579706, 22.04120406], [86.55573329, 22.04111194], [86.55570731, 22.0410364], [86.55567825, 22.04091292], [86.55554212, 22.04090805], [86.55541258, 22.04071202], [86.55531204, 22.04087116], [86.55527546, 22.04103908], [86.55519585, 22.04102026], [86.55519484, 22.04102322], [86.5550289, 22.0408799], [86.55496526, 22.04073375], [86.5548813, 22.04079255], [86.55476096, 22.04086458], [86.55460642, 22.04094538], [86.55453459, 22.04088761], [86.55446576, 22.04095747], [86.55445269, 22.04102061], [86.55424749, 22.04109582], [86.5543078, 22.0414148], [86.5539821, 22.0415088], [86.553968, 22.041518], [86.55407055, 22.04168976], [86.5539206, 22.04171181], [86.55370922, 22.04176074], [86.553695, 22.04176074], [86.5535146, 22.04183749], [86.55340518, 22.04186951], [86.55329475, 22.04186951], [86.55302959, 22.04193893], [86.55290192, 22.04196702], [86.5528066, 22.04198585], [86.5526112, 22.04204284], [86.55216363, 22.0421936], [86.55221969, 22.0424272], [86.55211792, 22.04246384], [86.55193778, 22.04253802], [86.55193565, 22.04255478], [86.5517335, 22.0426243], [86.55158409, 22.0426956], [86.55163882, 22.04278487], [86.55161985, 22.0428644], [86.55142913, 22.04291625], [86.55139059, 22.04305249], [86.55146167, 22.04341203], [86.55138017, 22.04300982], [86.5512925, 22.0429868], [86.5512218, 22.0429888], [86.55121487, 22.04303453], [86.55112611, 22.04306192], [86.55108634, 22.04308951], [86.55112129, 22.04335093], [86.55093957, 22.04335093], [86.55100012, 22.04338816], [86.55101504, 22.04345988], [86.55098339, 22.04350972], [86.55092202, 22.04357192], [86.55096366, 22.04394083], [86.55074371, 22.04398769], [86.55059586, 22.04401918], [86.55051128, 22.04403612], [86.55045255, 22.0440581], [86.55035277, 22.04409351], [86.55040458, 22.04422434], [86.55043272, 22.04421062], [86.5504886, 22.04421976], [86.55050106, 22.04429826], [86.55044015, 22.04435925], [86.55037643, 22.04436871], [86.55033862, 22.04441631], [86.55040359, 22.04446927], [86.55039283, 22.04455237], [86.55032545, 22.04461197], [86.55036936, 22.04469775], [86.54991056, 22.04487722], [86.5498052, 22.0449194], [86.5498343, 22.0449609], [86.54986038, 22.04494908], [86.54990322, 22.04495239], [86.54989799, 22.04500589], [86.54986944, 22.04502281], [86.55000525, 22.04522661], [86.55007099, 22.04523052], [86.55000177, 22.04522661], [86.55003875, 22.0453272], [86.55003658, 22.04532647], [86.55013165, 22.04558347], [86.55021688, 22.04555636], [86.55026068, 22.04558773]], [[86.55445612, 22.04287725], [86.55432043, 22.04285775], [86.55424941, 22.04292962], [86.55410996, 22.04297583], [86.55405684, 22.04290339], [86.55416248, 22.04281941], [86.55412238, 22.04270992], [86.55417148, 22.0425447], [86.55430496, 22.04249587], [86.5543609, 22.04261032], [86.5543881, 22.04267885], [86.55447994, 22.04282538], [86.55435674, 22.04315076], [86.55445612, 22.04287725]], [[86.55477414, 22.04283829], [86.55468912, 22.04287073], [86.55469496, 22.04278677], [86.55468953, 22.04270405], [86.55477902, 22.04269773], [86.55487472, 22.04274207], [86.55477414, 22.04283829]], [[86.55206953, 22.0427736], [86.55201406, 22.04287297], [86.5520719, 22.04302159], [86.55200602, 22.04285866], [86.55190226, 22.04279473], [86.55192321, 22.04265247], [86.55191866, 22.04268821], [86.55201082, 22.04269558], [86.55201611, 22.04270111], [86.55206953, 22.0427736]], [[86.55215014, 22.04312938], [86.55210572, 22.04310522], [86.55207191, 22.04302162], [86.55210304, 22.04298325], [86.5521882, 22.04297557], [86.55220927, 22.04306578], [86.55215014, 22.04312938]], [[86.55250605, 22.04345852], [86.5524553, 22.04347069], [86.55242849, 22.0434344], [86.55240475, 22.04339448], [86.55242402, 22.0434153], [86.55246749, 22.04339165], [86.55252233, 22.0434058], [86.55250605, 22.04345852]], [[86.55503911, 22.04241481], [86.55493009, 22.04241482], [86.55495499, 22.04230797], [86.55480699, 22.04224467], [86.55494946, 22.0423021], [86.55504188, 22.04232563], [86.55510507, 22.04227866], [86.55508631, 22.0422032], [86.55509146, 22.04219744], [86.5551851, 22.04214016], [86.55527071, 22.04215156], [86.5552318, 22.04235201], [86.55523936, 22.04227281], [86.55519684, 22.0422845], [86.55512364, 22.04234335], [86.55503911, 22.04241481]], [[86.55441165, 22.04224373], [86.55437227, 22.0421345], [86.55445794, 22.04210613], [86.55446324, 22.04210613], [86.55464133, 22.0421779], [86.55459912, 22.04227284], [86.55449821, 22.04220899], [86.55441701, 22.04224373], [86.55441165, 22.04224373]], [[86.55299238, 22.04266251], [86.55301609, 22.0427344], [86.55300286, 22.04280742], [86.55300763, 22.04283853], [86.55300347, 22.04281308], [86.55290578, 22.04279611], [86.552889, 22.04267901], [86.55299238, 22.04266251]], [[86.55268349, 22.04267351], [86.55261516, 22.04267351], [86.55262888, 22.04257016], [86.55264577, 22.04251669], [86.55273099, 22.04248489], [86.55265025, 22.04243763], [86.55264919, 22.04235479], [86.55270884, 22.04233943], [86.55280843, 22.04237535], [86.55281872, 22.04241414], [86.5527357, 22.04247962], [86.55269125, 22.04257016], [86.55272377, 22.04265156], [86.55268349, 22.04267351]], [[86.55222016, 22.0439987], [86.55226349, 22.04396002], [86.55227109, 22.04396277], [86.55232708, 22.04398205], [86.5523278, 22.04403794], [86.55224002, 22.04416137], [86.55226885, 22.0441153], [86.55225584, 22.04407491], [86.55221759, 22.04400149], [86.55222016, 22.0439987]], [[86.55101394, 22.04441229], [86.55099762, 22.04441738], [86.55088939, 22.04440214], [86.5508802, 22.04427224], [86.55088914, 22.04420383], [86.550965, 22.04417002], [86.55104171, 22.04421354], [86.5510391, 22.0442821], [86.5511135, 22.04421354], [86.55112375, 22.04421354], [86.55122237, 22.04414603], [86.55123956, 22.04407013], [86.55128309, 22.04397708], [86.55139276, 22.04391313], [86.55142024, 22.04419563], [86.55132531, 22.04425749], [86.55122514, 22.0442821], [86.55114012, 22.04435675], [86.55101394, 22.04441229]], [[86.55142476, 22.04584012], [86.55142586, 22.04584226], [86.55140348, 22.04590441], [86.55142476, 22.04584012]], [[86.55112137, 22.04540863], [86.55121651, 22.04538316], [86.55137456, 22.04574178], [86.55142361, 22.04583786], [86.55119272, 22.04587558], [86.55109091, 22.04561769], [86.55102636, 22.04544587], [86.55112137, 22.04540863]], [[86.55167601, 22.04579989], [86.5516422, 22.04573041], [86.55168254, 22.04569393], [86.55183875, 22.04562285], [86.55175911, 22.04567132], [86.55179972, 22.04575803], [86.55175163, 22.04579521], [86.55167601, 22.04579989]], [[86.5548577, 22.04155377], [86.55476213, 22.0414345], [86.55461257, 22.04148486], [86.55461412, 22.04148178], [86.55461869, 22.04133636], [86.55470415, 22.04122005], [86.55471369, 22.04121043], [86.55476917, 22.04111481], [86.55487818, 22.0413388], [86.55500003, 22.04128333], [86.55500174, 22.04114987], [86.55515277, 22.04113757], [86.55517851, 22.04107089], [86.55510423, 22.0412877], [86.55500483, 22.0412877], [86.55499586, 22.04149393], [86.5548577, 22.04155377]], [[86.55457747, 22.04182886], [86.55456916, 22.04183312], [86.55450448, 22.04180759], [86.5544808, 22.04174728], [86.55460212, 22.04150567], [86.55454628, 22.04164545], [86.55462176, 22.04167407], [86.55461953, 22.04177801], [86.55457747, 22.04182886]], [[86.55427603, 22.04161299], [86.55433305, 22.04159283], [86.55433703, 22.04159283], [86.55442799, 22.04160491], [86.55444722, 22.04166178], [86.55444562, 22.04165769], [86.55429593, 22.04167819], [86.5542919, 22.04167819], [86.55427603, 22.04161299]], [[86.55177892, 22.0435001], [86.55184709, 22.04353938], [86.55185168, 22.04363224], [86.55178602, 22.04373364], [86.55171061, 22.04370641], [86.55163424, 22.04372001], [86.55154155, 22.04369963], [86.551509, 22.04364566], [86.55150203, 22.04361127], [86.55154089, 22.04357898], [86.55161516, 22.04359889], [86.55168773, 22.04348708], [86.55177892, 22.0435001]], [[86.55018921, 22.04487721], [86.55024254, 22.04485473], [86.55032034, 22.04487721], [86.55037218, 22.04491619], [86.55034796, 22.04497233], [86.55029476, 22.04508455], [86.5503594, 22.04508109], [86.55038262, 22.04512294], [86.55040933, 22.04519765], [86.55032512, 22.04524485], [86.5501894, 22.0452372], [86.55022039, 22.04515828], [86.55020655, 22.04508109], [86.55020068, 22.04498571], [86.55018921, 22.04487721]], [[86.55049741, 22.04544921], [86.55043236, 22.04546097], [86.55036573, 22.04543832], [86.55042227, 22.04534154], [86.5505038, 22.04533022], [86.55051499, 22.0453949], [86.55049741, 22.04544921]]], [[[86.54992311, 22.05095871], [86.55000423, 22.05099418], [86.5502572, 22.0509587], [86.55020148, 22.05073323], [86.55015383, 22.05054045], [86.5501553, 22.05040586], [86.55014693, 22.05031719], [86.55016589, 22.05028817], [86.55020264, 22.0502358], [86.5501716, 22.05008781], [86.55010146, 22.05002772], [86.5500733, 22.04990788], [86.55003107, 22.04986226], [86.54996545, 22.04980901], [86.549881, 22.04969854], [86.54983617, 22.04975846], [86.54984031, 22.04979445], [86.54988212, 22.04985697], [86.54993375, 22.04987193], [86.54997182, 22.04990974], [86.54993424, 22.04994044], [86.54988304, 22.04990213], [86.54979176, 22.0498421], [86.54971056, 22.04991356], [86.54965528, 22.04987192], [86.54966843, 22.0498384], [86.54974354, 22.04983471], [86.54976763, 22.04977638], [86.54977898, 22.0497125], [86.54987765, 22.04970202], [86.5497541, 22.04954329], [86.54960177, 22.04958413], [86.54907674, 22.04968653], [86.54906789, 22.04981735], [86.54909767, 22.04993491], [86.54915685, 22.05002244], [86.5491867, 22.05021961], [86.54941262, 22.05018027], [86.54943962, 22.05038965], [86.54948137, 22.05042765], [86.54953689, 22.05061625], [86.54963319, 22.05057814], [86.54970335, 22.05080678], [86.54973881, 22.05102282], [86.54981785, 22.05100132], [86.54992311, 22.05095871]], [[86.55014105, 22.05019268], [86.55006762, 22.05018413], [86.55002568, 22.05018413], [86.54998614, 22.05022286], [86.54999131, 22.05029323], [86.55002123, 22.05040256], [86.54997731, 22.05040722], [86.54991877, 22.05032013], [86.54991903, 22.0502272], [86.54992552, 22.05015441], [86.54999624, 22.05010843], [86.55006848, 22.05011257], [86.5501716, 22.05008781], [86.55014105, 22.05019268]]], [[[86.55300659, 22.05195041], [86.5527814, 22.05122969], [86.55274537, 22.05116803], [86.55271727, 22.05108008], [86.5526436, 22.05110187], [86.55265783, 22.0511736], [86.55257081, 22.05123534], [86.55252395, 22.05121277], [86.55249498, 22.05114585], [86.55209744, 22.05122403], [86.55206711, 22.05116802], [86.55192853, 22.05113948], [86.55120574, 22.05104668], [86.55089491, 22.05099408], [86.55070002, 22.05098792], [86.55011529, 22.0510252], [86.55014691, 22.05133264], [86.55047437, 22.0513268], [86.55050279, 22.05148149], [86.55058399, 22.05164632], [86.55050445, 22.05183231], [86.5505997, 22.05206833], [86.55065925, 22.05226731], [86.55064166, 22.05235739], [86.55064192, 22.05243705], [86.5505463, 22.0527965], [86.5505372, 22.052795], [86.5505, 22.0529216], [86.55039724, 22.05310091], [86.55044445, 22.05326897], [86.55062736, 22.05408794], [86.55150727, 22.05389445], [86.55135416, 22.05318308], [86.55124776, 22.05266422], [86.55139089, 22.05255945], [86.5513912, 22.05256135], [86.55236401, 22.0523088], [86.55234166, 22.05218599], [86.55235334, 22.05212045], [86.55288794, 22.05199229], [86.55300659, 22.05195041]]], [[[86.5522286, 22.05400209], [86.55267331, 22.05391579], [86.55308314, 22.0538415], [86.55328659, 22.05381], [86.55316402, 22.05321464], [86.55302736, 22.05311033], [86.55294972, 22.05302985], [86.55285832, 22.05298575], [86.55266986, 22.05300333], [86.55257546, 22.05304761], [86.55251646, 22.05290745], [86.55242111, 22.05269697], [86.55240504, 22.05242623], [86.55141617, 22.05271457], [86.55160848, 22.05389445], [86.55203259, 22.05382047], [86.55206781, 22.05400209], [86.55214137, 22.05401299], [86.5522286, 22.05400209]]], [[[86.58834473, 22.12594898], [86.5881441, 22.12595657], [86.58813709, 22.12600624], [86.58809705, 22.12604484], [86.58805405, 22.12601806], [86.5881518, 22.12635795], [86.58816562, 22.12643605], [86.58820938, 22.12654583], [86.58827636, 22.12655765], [86.5882976, 22.12658444], [86.58824726, 22.12660545], [86.58825676, 22.12662663], [86.58826086, 22.12664185], [86.58827322, 22.12666639], [86.58829357, 22.1267036], [86.58828521, 22.12676356], [86.58819178, 22.12677955], [86.58801999, 22.12682807], [86.58797949, 22.126851], [86.58796056, 22.12688075], [86.58791016, 22.12688408], [86.58791286, 22.1268543], [86.58780076, 22.12689391], [86.58787076, 22.12723703], [86.58782912, 22.127269], [86.58785204, 22.12732665], [86.58780735, 22.12740349], [86.58783228, 22.12743665], [86.58783824, 22.12744881], [86.58784259, 22.12754491], [86.58787369, 22.12763136], [86.58787789, 22.12770046], [86.58790194, 22.12774746], [86.5878854, 22.12786134], [86.58818866, 22.12778066], [86.58848409, 22.12770549], [86.5885572, 22.1277161], [86.58864701, 22.12770284], [86.58872119, 22.12765319], [86.58904526, 22.12751699], [86.58906169, 22.12759071], [86.58907552, 22.12764502], [86.5890852, 22.12768549], [86.5891346, 22.12767036], [86.58916861, 22.12769926], [86.58915047, 22.12771783], [86.58909891, 22.12773982], [86.5891248, 22.12779636], [86.58915229, 22.12783478], [86.58917309, 22.1278314], [86.58922433, 22.12782634], [86.58925868, 22.12779965], [86.58932158, 22.12777671], [86.58933868, 22.12777184], [86.5893938, 22.12774934], [86.58950007, 22.12772407], [86.5895977, 22.12802119], [86.58957566, 22.12796393], [86.58954069, 22.12798374], [86.58947866, 22.12794818], [86.58937864, 22.12795702], [86.58936805, 22.12798674], [86.58936597, 22.12801381], [86.58936903, 22.12804731], [86.58931361, 22.12806888], [86.58928478, 22.12804425], [86.5892793, 22.12798375], [86.58924315, 22.12798376], [86.58918687, 22.12801381], [86.58918621, 22.12804425], [86.58912483, 22.12808441], [86.58909445, 22.12805654], [86.58905841, 22.12807199], [86.58901118, 22.1280658], [86.58896309, 22.1280658], [86.58889211, 22.12809611], [86.58883651, 22.12810681], [86.58884565, 22.12826766], [86.58898988, 22.12823414], [86.58908551, 22.12818994], [86.58916754, 22.12817169], [86.58926453, 22.12813549], [86.58933485, 22.1281068], [86.58937412, 22.12813549], [86.58937405, 22.12821716], [86.58938414, 22.12826875], [86.58938997, 22.12833592], [86.58941132, 22.12841931], [86.58944652, 22.1284423], [86.58950155, 22.12848087], [86.58953222, 22.12857076], [86.58950702, 22.12863029], [86.58949777, 22.12869459], [86.5894515, 22.12875563], [86.58947867, 22.1288382], [86.58953992, 22.12890524], [86.58958081, 22.12899461], [86.58963112, 22.12903771], [86.58970707, 22.1290118], [86.5897031, 22.1290943], [86.58963063, 22.12915595], [86.58956631, 22.12917814], [86.58954418, 22.12923629], [86.58954396, 22.12925432], [86.58954379, 22.12926787], [86.58953426, 22.1293362], [86.5894911, 22.12931789], [86.58944858, 22.12927694], [86.58947984, 22.12922282], [86.58942415, 22.12921385], [86.58937245, 22.12921833], [86.58932695, 22.12916482], [86.58939158, 22.1291471], [86.58940689, 22.12905072], [86.58936997, 22.12901181], [86.58938146, 22.12890525], [86.58929326, 22.12892215], [86.58925427, 22.12895612], [86.5891822, 22.12897319], [86.58913933, 22.12899032], [86.5890639, 22.12898604], [86.58908817, 22.12907684], [86.58909782, 22.12920938], [86.58907655, 22.12928148], [86.58901864, 22.12930877], [86.58898171, 22.12927695], [86.58901855, 22.1292408], [86.58902867, 22.12914711], [86.58899025, 22.12914711], [86.58895427, 22.12911186], [86.5889994, 22.12907248], [86.58899015, 22.12902044], [86.5888915, 22.12904206], [86.58879556, 22.12907684], [86.58873261, 22.12911625], [86.58862422, 22.12917816], [86.58856618, 22.12920045], [86.5885122, 22.12922284], [86.58843537, 22.12925434], [86.58834364, 22.12926338], [86.58838926, 22.12934999], [86.58838836, 22.12946616], [86.58840143, 22.12954186], [86.58843254, 22.12961864], [86.58848444, 22.12971616], [86.58852224, 22.12978547], [86.58866095, 22.12975565], [86.58867179, 22.12968671], [86.58873187, 22.12966717], [86.58878128, 22.12972107], [86.58894584, 22.12961862], [86.58899403, 22.12963314], [86.58892585, 22.1295849], [86.58891963, 22.12954661], [86.58885002, 22.12941473], [86.58879995, 22.12933163], [86.58877892, 22.12927242], [86.5887863, 22.12923631], [86.58885202, 22.12927695], [86.58890859, 22.12933163], [86.58895011, 22.12942404], [86.58897972, 22.1295086], [86.58898323, 22.12952282], [86.58903539, 22.12961379], [86.58913919, 22.1295897], [86.58922615, 22.12953232], [86.58935555, 22.12949913], [86.58945343, 22.12946144], [86.58963395, 22.12941471], [86.58975182, 22.12936377], [86.58982137, 22.12934996], [86.58992551, 22.12933619], [86.590169, 22.12924529], [86.59023982, 22.12944269], [86.59031325, 22.12957048], [86.59039452, 22.12958967], [86.59036443, 22.1296769], [86.59047206, 22.12982642], [86.59074017, 22.13002184], [86.59074957, 22.13015808], [86.59080353, 22.13025816], [86.59097986, 22.13017054], [86.59137102, 22.1292245], [86.59138751, 22.12908829], [86.59147146, 22.12892518], [86.59143637, 22.12869774], [86.59149163, 22.12836831], [86.591633, 22.12835755], [86.59203396, 22.12818757], [86.59201924, 22.12777067], [86.59207333, 22.12747233], [86.59197363, 22.12700252], [86.59183029, 22.12651731], [86.59180713, 22.12640176], [86.59163852, 22.12603732], [86.59140539, 22.1252914], [86.59130844, 22.1250151], [86.59101166, 22.12513569], [86.59070145, 22.12526559], [86.59039109, 22.12535361], [86.59005787, 22.12545347], [86.58968149, 22.12554107], [86.58933133, 22.12564568], [86.58902243, 22.12575821], [86.58902233, 22.12575799], [86.58883177, 22.12584193], [86.58868888, 22.1258767], [86.58834473, 22.12594898]], [[86.59056426, 22.12928145], [86.59051324, 22.12926836], [86.59055651, 22.12924077], [86.59059409, 22.12922729], [86.5906063, 22.12926786], [86.59056426, 22.12928145]], [[86.58952736, 22.12818993], [86.58948329, 22.12817898], [86.58944723, 22.12813189], [86.58950214, 22.12811037], [86.58956034, 22.12808899], [86.58960011, 22.12807127], [86.58960327, 22.128038], [86.58963294, 22.12809254], [86.58961908, 22.12815716], [86.58958626, 22.12818628], [86.58952736, 22.12818993]], [[86.58924371, 22.12623669], [86.58922716, 22.12621102], [86.58922617, 22.12620884], [86.58924371, 22.12623669]], [[86.5893741, 22.12643888], [86.58932979, 22.12637017], [86.58935325, 22.12636722], [86.58940728, 22.12633888], [86.58943889, 22.12639097], [86.5893741, 22.12643888]]], [[[86.58959855045742, 22.13014734384307], [86.58938961832554, 22.13021398995089], [86.58933048977363, 22.13030307075897], [86.58938557310253, 22.13040531900877], [86.58944256830748, 22.13061881175152], [86.58950829951712, 22.13076499954795], [86.58963829969838, 22.13102670008342], [86.58970999976574, 22.13113499958011], [86.58979349973953, 22.13117000035221], [86.58984179986105, 22.13115199990617], [86.58993544959378, 22.13111189542696], [86.59003114072875, 22.13094466957687], [86.59017306686364, 22.13076021397463], [86.59039978955428, 22.13065949996678], [86.59044831002764, 22.13064200219453], [86.59058826212967, 22.13041623573219], [86.59061249759758, 22.13011699516759], [86.59055868703523, 22.12992601964197], [86.5904095059245, 22.12989756331854], [86.59006533887994, 22.12996434432918], [86.58994538590198, 22.13004229418753], [86.58987912952287, 22.13009192186024], [86.58977163222406, 22.13013719977168], [86.58968357913294, 22.13015751424171], [86.58959855045742, 22.13014734384307]]], [[[86.54478821, 22.1729305], [86.54471332, 22.1729429], [86.54455874, 22.1729429], [86.54447092, 22.17295853], [86.54442109, 22.17295759], [86.54442063, 22.17310512], [86.54444906, 22.1731595], [86.54440836, 22.17322137], [86.54442736, 22.17326308], [86.54447291, 22.17325745], [86.5446354, 22.17324905], [86.54474367, 22.17324905], [86.54478534, 22.17321315], [86.54481932, 22.17312045], [86.54483776, 22.17311532], [86.54490685, 22.17310511], [86.54502301, 22.17307241], [86.54506668, 22.17306496], [86.54509949, 22.17307739], [86.54517884, 22.17306743], [86.54528533, 22.1730404], [86.5454457, 22.17299721], [86.54567774, 22.17295987], [86.54571296, 22.17293476], [86.54567758, 22.17281138], [86.54586924, 22.17279176], [86.54588494, 22.1729209], [86.54629066, 22.17285605], [86.5465477, 22.17283574], [86.54663662, 22.17282554], [86.54674198, 22.17284448], [86.54680886, 22.17284448], [86.54684225, 22.17296614], [86.54675218, 22.17298563], [86.54659931, 22.17299867], [86.5464601, 22.1730314], [86.54636149, 22.17303797], [86.54605956, 22.17307759], [86.54600599, 22.17313759], [86.54603393, 22.17320508], [86.54579636, 22.1733011], [86.54586267, 22.17340598], [86.54591913, 22.17357097], [86.54595524, 22.17367397], [86.54600693, 22.17372392], [86.54600782, 22.17381471], [86.54604975, 22.17386289], [86.54607136, 22.17393339], [86.54610788, 22.17406464], [86.54611984, 22.17410814], [86.54612774, 22.1741669], [86.54611483, 22.17422745], [86.54613002, 22.17428987], [86.54613528, 22.17431538], [86.54613772, 22.17431795], [86.54615691, 22.17432052], [86.54617798, 22.17434833], [86.54621383, 22.17435511], [86.54624457, 22.17436872], [86.54627174, 22.17440307], [86.54627192, 22.17449089], [86.54618604, 22.1744893], [86.54611427, 22.17452303], [86.54607149, 22.17449768], [86.54606899, 22.17449768], [86.5460227, 22.17450522], [86.54598682, 22.17451241], [86.54592615, 22.17451737], [86.54588375, 22.17450522], [86.54584049, 22.17447541], [86.54577327, 22.17447818], [86.54571205, 22.17446711], [86.54570484, 22.17446435], [86.54564828, 22.17443425], [86.5456763, 22.17442341], [86.54572459, 22.17440189], [86.5458239, 22.17441531], [86.54591167, 22.17442611], [86.54601235, 22.1744207], [86.54605647, 22.1744234], [86.54609576, 22.17442882], [86.54615419, 22.17440724], [86.54615064, 22.17435949], [86.54610909, 22.1743231], [86.5460612, 22.17432568], [86.54605401, 22.17428228], [86.54606569, 22.17422254], [86.54606566, 22.17421031], [86.54604476, 22.17418367], [86.54604014, 22.17418127], [86.54601055, 22.17413848], [86.54601549, 22.17410121], [86.5460178, 22.1740966], [86.54604059, 22.1740511], [86.54607612, 22.17400665], [86.5460409, 22.17396321], [86.5459847, 22.17392917], [86.54596455, 22.17386696], [86.54596257, 22.17386086], [86.54594595, 22.17377745], [86.54596409, 22.17371828], [86.54589958, 22.17374476], [86.54589434, 22.17372392], [86.54583734, 22.1737524], [86.5457821, 22.17380089], [86.5457049, 22.17379893], [86.54564878, 22.17381471], [86.54556822, 22.17380483], [86.54557875, 22.17385275], [86.54561012, 22.17400226], [86.54561062, 22.17405561], [86.54562, 22.17409201], [86.54561607, 22.17414791], [86.54564259, 22.174225], [86.54565097, 22.17428229], [86.54565852, 22.17437794], [86.54562827, 22.17438699], [86.54561103, 22.17432311], [86.54559417, 22.1743026], [86.54557629, 22.17429242], [86.5455554, 22.17424971], [86.54551505, 22.17423485], [86.54552355, 22.1741885], [86.54553276, 22.17408513], [86.54554857, 22.17400008], [86.54554541, 22.17391029], [86.54552623, 22.17382072], [86.54535757, 22.17388756], [86.5452945, 22.17390457], [86.54521881, 22.17388192], [86.54521079, 22.17388192], [86.54512105, 22.17391597], [86.54504669, 22.17396795], [86.54505842, 22.17400322], [86.54510695, 22.17403301], [86.54513212, 22.17407836], [86.54514588, 22.17415579], [86.54515652, 22.17424215], [86.54514549, 22.17429139], [86.54518566, 22.17435512], [86.54518518, 22.17442042], [86.54519806, 22.17446241], [86.54523548, 22.17446054], [86.54528083, 22.17445191], [86.5453329, 22.17443437], [86.54545051, 22.17440654], [86.54556054, 22.17439617], [86.54558984, 22.17441], [86.54557746, 22.17443087], [86.54551127, 22.17444839], [86.54544731, 22.17447311], [86.54536187, 22.17449448], [86.54529007, 22.17452685], [86.54521188, 22.17451963], [86.54524134, 22.17462845], [86.54525914, 22.17468696], [86.54544222, 22.17462844], [86.54565339, 22.17458535], [86.54568661, 22.1747139], [86.54570856, 22.17484046], [86.54560753, 22.17487116], [86.54566046, 22.17517221], [86.5455023, 22.17524011], [86.5455168, 22.17533841], [86.54592853, 22.17536818], [86.54611327, 22.17540813], [86.54658501, 22.17527919], [86.54665233, 22.17518182], [86.54679974, 22.1751529], [86.54701344, 22.17505749], [86.54735122, 22.1749264], [86.54769558, 22.17475297], [86.54767408, 22.17467256], [86.54740243, 22.17478002], [86.54729547, 22.17449774], [86.54723553, 22.17432803], [86.54708984, 22.17433641], [86.54705277, 22.17421218], [86.54718884, 22.17419582], [86.5474256, 22.17412277], [86.54720316, 22.17335948], [86.54714949, 22.1733684], [86.54704855, 22.17311486], [86.54724819, 22.17307755], [86.54742293, 22.1730117], [86.5473175, 22.17269493], [86.54781184, 22.17250242], [86.54766255, 22.17235724], [86.54741814, 22.172409], [86.54733601, 22.17228681], [86.54719471, 22.17232179], [86.54679079, 22.17240618], [86.54678623, 22.172456], [86.54667766, 22.17249307], [86.54665589, 22.17252718], [86.54665235, 22.17253061], [86.54661649, 22.17256863], [86.54658303, 22.17255821], [86.54655863, 22.17251349], [86.54623691, 22.17261067], [86.5461837, 22.17237072], [86.54604099, 22.17234045], [86.54588156, 22.17233542], [86.54573795, 22.17224589], [86.54554633, 22.17227058], [86.54526405, 22.17215812], [86.54519353, 22.17209103], [86.54509821, 22.17208153], [86.54499623, 22.17208153], [86.54494039, 22.17211487], [86.54473259, 22.17206732], [86.54448489, 22.17201559], [86.54446558, 22.17216245], [86.54448609, 22.17218634], [86.54463422, 22.17220126], [86.54470981, 22.17220878], [86.54469075, 22.17223355], [86.54470308, 22.17228855], [86.54466534, 22.17237981], [86.54468071, 22.17241897], [86.54468747, 22.1724789], [86.5447037, 22.17254114], [86.54472359, 22.17257982], [86.5447673, 22.17268212], [86.54478633, 22.17271839], [86.54480969, 22.17270044], [86.54478618, 22.17272011], [86.54480307, 22.1727662], [86.54483339, 22.17278867], [86.54478821, 22.1729305]], [[86.54684398, 22.17503889], [86.54663668, 22.17500098], [86.54659113, 22.17489871], [86.54664499, 22.17484365], [86.54670515, 22.17486194], [86.54673384, 22.17501766], [86.54688066, 22.17504244], [86.54687557, 22.17496882], [86.54691482, 22.17493451], [86.54696151, 22.1749243], [86.54701344, 22.17505749], [86.54684398, 22.17503889]], [[86.54478086, 22.17246849], [86.54480277, 22.17241893], [86.54489059, 22.17242367], [86.5449, 22.17243795], [86.54489607, 22.17248805], [86.54490513, 22.17254297], [86.54491921, 22.17257709], [86.544928, 22.17259865], [86.54491903, 22.17264537], [86.54491589, 22.17269793], [86.5449627, 22.17269374], [86.54497222, 22.17265615], [86.54501246, 22.17261063], [86.54505245, 22.17256316], [86.54507995, 22.17256166], [86.54509775, 22.17255314], [86.54509954, 22.1725128], [86.5451192, 22.17247824], [86.54515064, 22.1724815], [86.54514823, 22.17251447], [86.54511818, 22.17255465], [86.54511675, 22.17254974], [86.54509118, 22.17258538], [86.54509604, 22.17260499], [86.54508576, 22.17263613], [86.54505505, 22.17267632], [86.54501522, 22.17268792], [86.54501067, 22.17270855], [86.54498009, 22.17273133], [86.54496913, 22.17272649], [86.54492978, 22.17274844], [86.5449062, 22.1727423], [86.54484543, 22.17267054], [86.54484376, 22.17267195], [86.54484273, 22.17267054], [86.5448225, 22.17258915], [86.54476818, 22.17254403], [86.54478086, 22.17246849]], [[86.54501179, 22.1723692], [86.54503509, 22.17240793], [86.54503213, 22.17245074], [86.54500254, 22.17244914], [86.54498684, 22.17245487], [86.54498137, 22.17237996], [86.54498318, 22.17237842], [86.54501017, 22.1723692], [86.54501179, 22.1723692]], [[86.54525635, 22.17271281], [86.54525343, 22.17278452], [86.54522881, 22.17280773], [86.54518692, 22.17280774], [86.54517576, 22.17275211], [86.54517071, 22.17273482], [86.54519028, 22.17271838], [86.54522006, 22.17269255], [86.54525303, 22.17270726], [86.54525635, 22.17271281]]], [[[86.54890483, 22.21584269], [86.54962744, 22.2156601], [86.54952002, 22.21499446], [86.54943573, 22.21493535], [86.54944153, 22.21482055], [86.54952951, 22.21478577], [86.54953204, 22.2147935], [86.5496109, 22.21485672], [86.54952454, 22.21499447], [86.54963141, 22.21567139], [86.54998816, 22.21558741], [86.55014713, 22.21523157], [86.55018683, 22.21510139], [86.55020057, 22.21510139], [86.55026923, 22.21510632], [86.55029663, 22.21512609], [86.55029164, 22.2151961], [86.5502775, 22.21522648], [86.55014689, 22.21524176], [86.54999347, 22.21557634], [86.55031245, 22.21563799], [86.55053891, 22.21562499], [86.55085582, 22.21551785], [86.55076566, 22.21520324], [86.55085936, 22.21552214], [86.55099002, 22.21550204], [86.55106922, 22.21547685], [86.55111138, 22.21543979], [86.55113012, 22.21549781], [86.55117073, 22.2154915], [86.55123384, 22.21545205], [86.55131521, 22.2153838], [86.55136802, 22.21529223], [86.55140159, 22.21524123], [86.5514863, 22.2152092], [86.5516703, 22.21523071], [86.55174287, 22.21515766], [86.55174873, 22.21498996], [86.55182924, 22.21497734], [86.55186957, 22.21502168], [86.55200554, 22.21495848], [86.55201208, 22.21484717], [86.55208846, 22.21478065], [86.55216836, 22.2148168], [86.55222479, 22.21485939], [86.55238296, 22.21482632], [86.55221535, 22.2143946], [86.55227389, 22.21394414], [86.55217706, 22.21381702], [86.55198858, 22.21379934], [86.55196749, 22.21373158], [86.55187385, 22.21374207], [86.55193169, 22.21387566], [86.55183484, 22.21400261], [86.55175544, 22.21398583], [86.55172197, 22.21391388], [86.55159296, 22.213958], [86.55152142, 22.21396355], [86.55147432, 22.2141627], [86.55130435, 22.21423918], [86.55103781, 22.21421551], [86.55085277, 22.21425252], [86.5508526, 22.21425608], [86.55077333, 22.21413946], [86.5506881, 22.21394694], [86.5506591, 22.21367953], [86.55061011, 22.2136589], [86.55045073, 22.21363459], [86.55039654, 22.21359017], [86.55037074, 22.21356273], [86.55034459, 22.21344894], [86.5503418, 22.21343842], [86.55034087, 22.21343006], [86.55033175, 22.21339093], [86.55033075, 22.21331555], [86.55002593, 22.21340728], [86.54985536, 22.2134869], [86.54976366, 22.21351186], [86.54961957, 22.21356033], [86.54950875, 22.21359981], [86.54901979, 22.2137909], [86.5488721, 22.21388642], [86.54889532, 22.21397961], [86.54893628, 22.21403358], [86.5489493, 22.21410725], [86.5489262, 22.21415964], [86.54888207, 22.2141861], [86.54881552, 22.21412215], [86.54874924, 22.21396428], [86.54869265, 22.21403932], [86.54863774, 22.21408004], [86.54839938, 22.21438427], [86.54828143, 22.21453971], [86.54831341, 22.21458662], [86.54831838, 22.21460607], [86.54835024, 22.2146182], [86.54837654, 22.21461668], [86.54839657, 22.21467127], [86.54837365, 22.21472686], [86.54841455, 22.21469547], [86.5484344, 22.2147152], [86.54846702, 22.21473358], [86.5486203, 22.21475365], [86.54863595, 22.21475164], [86.54865965, 22.2147441], [86.54867562, 22.2147436], [86.54869353, 22.21475114], [86.54870216, 22.21474911], [86.54869305, 22.21475164], [86.54870241, 22.21477145], [86.5488773, 22.21479379], [86.54870165, 22.21477145], [86.5487034, 22.21479653], [86.54868159, 22.21482721], [86.54864633, 22.21482065], [86.5486199, 22.21478811], [86.54862104, 22.21475395], [86.54846564, 22.21473358], [86.5484608, 22.21478693], [86.54844197, 22.21481181], [86.54841391, 22.21481894], [86.54836969, 22.21481413], [86.54834801, 22.21478869], [86.54831764, 22.2147639], [86.54827651, 22.21474254], [86.54825737, 22.21470972], [86.54823715, 22.21465363], [86.54809114, 22.21484821], [86.54788078, 22.21515787], [86.54785947, 22.21520404], [86.54790828, 22.21521797], [86.54793174, 22.21527315], [86.54796404, 22.21548872], [86.54787561, 22.21557285], [86.54787295, 22.21559009], [86.54787162, 22.21565042], [86.54784873, 22.21567422], [86.54784653, 22.21567792], [86.54780237, 22.21571929], [86.54770968, 22.21572503], [86.54769924, 22.21577578], [86.54769098, 22.21584085], [86.54769597, 22.21594652], [86.54772541, 22.21597941], [86.54774888, 22.21602579], [86.54770393, 22.21604222], [86.54769507, 22.21606258], [86.54772657, 22.21608515], [86.54774477, 22.21613141], [86.54774693, 22.21614322], [86.54772761, 22.21620173], [86.54773419, 22.21629091], [86.54785847, 22.21640919], [86.54795454, 22.21637817], [86.54806945, 22.21627487], [86.5481261, 22.21625623], [86.54828931, 22.21614535], [86.54852818, 22.21598834], [86.54872333, 22.21592385], [86.54890483, 22.21584269]], [[86.55068388, 22.21512342], [86.55075185, 22.21507758], [86.55079925, 22.21509629], [86.55076566, 22.21520324], [86.55068388, 22.21512342]], [[86.54874559, 22.21414729], [86.54872806, 22.21423729], [86.54864941, 22.21421655], [86.54863774, 22.21408004], [86.54874559, 22.21414729]], [[86.5488796, 22.21477674], [86.54887813, 22.21475331], [86.54888596, 22.21473408], [86.54889988, 22.21472591], [86.54892719, 22.21471547], [86.54895682, 22.2147308], [86.54897463, 22.2147432], [86.54901185, 22.2147349], [86.54904066, 22.21474655], [86.54904444, 22.2147593], [86.54904179, 22.21477409], [86.54903071, 22.21479379], [86.54899697, 22.21480575], [86.54901296, 22.21484704], [86.5490538, 22.21481889], [86.54907924, 22.21479379], [86.54908135, 22.21479288], [86.54911762, 22.21479928], [86.54912, 22.21480204], [86.54912983, 22.21482749], [86.54911901, 22.21485806], [86.54911792, 22.21486008], [86.54909189, 22.21488806], [86.54907925, 22.21489873], [86.5490373, 22.2149184], [86.54900996, 22.21492958], [86.54898551, 22.21490305], [86.54899431, 22.2148662], [86.54897078, 22.21484903], [86.54894499, 22.21481794], [86.54892753, 22.21480668], [86.54890906, 22.21481794], [86.5488773, 22.21479379], [86.5488796, 22.21477674]], [[86.54808023, 22.21616416], [86.54807464, 22.21619887], [86.5480663, 22.21626213], [86.54805328, 22.21622948], [86.54797428, 22.21611687], [86.54803818, 22.21607434], [86.54807982, 22.2160913], [86.54808023, 22.21616416]], [[86.54937927, 22.21444561], [86.54941291, 22.21444561], [86.5494584, 22.21448737], [86.54945134, 22.21454663], [86.5494918, 22.21467039], [86.54944708, 22.21454663], [86.5493873, 22.21458092], [86.54935936, 22.21459819], [86.54931827, 22.21449157], [86.54937927, 22.21444561]], [[86.55056901, 22.21477973], [86.55060374, 22.21487221], [86.55060416, 22.21487362], [86.55049825, 22.21492489], [86.55045543, 22.21488617], [86.55046934, 22.21482047], [86.55050512, 22.21476293], [86.55056901, 22.21477973]], [[86.54869837, 22.21467122], [86.54870064, 22.2146549], [86.54871432, 22.21463642], [86.5487173, 22.21462763], [86.54872763, 22.21462524], [86.54876976, 22.21460606], [86.54878817, 22.21462738], [86.54879608, 22.21464755], [86.54879433, 22.21468572], [86.54879169, 22.21471851], [86.54875039, 22.21474112], [86.548734, 22.21474112], [86.54873326, 22.21474129], [86.54872372, 22.21473718], [86.54872171, 22.21473474], [86.54871046, 22.21472462], [86.54869144, 22.21469341], [86.54869837, 22.21467122]], [[86.55103828, 22.21470397], [86.55107351, 22.21481538], [86.55128412, 22.21489842], [86.5513604, 22.21479999], [86.55143278, 22.21491418], [86.5514056, 22.21500472], [86.55134702, 22.2150155], [86.55129769, 22.21496186], [86.55128943, 22.21490367], [86.55106899, 22.21481538], [86.55094857, 22.21488822], [86.55089466, 22.21483598], [86.55083821, 22.21470897], [86.55087844, 22.21461514], [86.55080182, 22.21454265], [86.55082924, 22.21441091], [86.55085227, 22.2142629], [86.55084554, 22.21440168], [86.55091446, 22.21444808], [86.55094194, 22.21454743], [86.55088331, 22.21462002], [86.55103828, 22.21470397]], [[86.55214782, 22.21436517], [86.55216403, 22.21437312], [86.55214776, 22.21436695], [86.55214782, 22.21436517]]], [[[86.5689251325683, 22.217154056965], [86.56882806815867, 22.21717167297318], [86.56880638530963, 22.21712673118633], [86.56874862029522, 22.21713166886088], [86.56848708371359, 22.21720744599721], [86.56860583685886, 22.21749495264537], [86.56868520629048, 22.21777520881726], [86.56874025435779, 22.21792976537783], [86.56880834315042, 22.21793377628236], [86.56938733121616, 22.21802308602792], [86.56942333266807, 22.21803367715639], [86.56930769593794, 22.21853212269879], [86.56954353555092, 22.21865332993978], [86.56957745058563, 22.21861606617884], [86.56962349353144, 22.21855000924591], [86.56965282504119, 22.21853657535289], [86.56968770517892, 22.21854552105161], [86.5696723887899, 22.21859536166652], [86.56962231404367, 22.21865802827713], [86.56956747658666, 22.21866745671776], [86.56930742424947, 22.21853435160615], [86.5690715325269, 22.21849894836851], [86.56910799162682, 22.21869678422383], [86.56910655870597, 22.21892830833131], [86.56904608605784, 22.21894176987137], [86.56901597971496, 22.21919830132497], [86.5690658038662, 22.2192159161491], [86.56908358053867, 22.21929810073821], [86.56915893955254, 22.21929027705912], [86.56930591868183, 22.21929287679736], [86.5693547221599, 22.21928506856362], [86.56940244762099, 22.21925152370901], [86.56941598604314, 22.21922349406745], [86.56946289691601, 22.21922349261554], [86.56946203766415, 22.21926436983517], [86.56947857122961, 22.21928246921506], [86.56962313553247, 22.2192617903275], [86.56961988317737, 22.21903120692416], [86.56964580014841, 22.21903980008412], [86.56968956275071, 22.21903969086441], [86.57000351344404, 22.21900846401131], [86.57025699162735, 22.21895783232961], [86.57041223329192, 22.21896903622389], [86.57055312355682, 22.21895222696855], [86.57060233720144, 22.21876561205837], [86.57061342707922, 22.21869208261338], [86.57068027839813, 22.21858253570737], [86.57075368230086, 22.2185866835927], [86.57082739463993, 22.21859916173917], [86.57084367178588, 22.21867925982987], [86.57090741572785, 22.21867925808384], [86.57099552193026, 22.21867073720093], [86.57110913361248, 22.21862424974775], [86.57110941609963, 22.21852494717873], [86.57105624304741, 22.21850461661829], [86.57095537246784, 22.21848844157211], [86.57092403881376, 22.21848038180734], [86.57091699718038, 22.21847636021099], [86.57076877369093, 22.21845632004813], [86.57075505989336, 22.21845632001146], [86.5707306083203, 22.21842053902345], [86.57078144123423, 22.21840475584986], [86.57090392227661, 22.21840475272732], [86.57103388723107, 22.21842797163367], [86.57105387743877, 22.21842295255902], [86.57110764738539, 22.21841544778407], [86.57114178909387, 22.21840081391566], [86.57119522562424, 22.21838903779276], [86.57123831117852, 22.21837730484618], [86.57128161666792, 22.21836950503066], [86.57131094885735, 22.21832992060248], [86.57126319314857, 22.21829672440073], [86.57125162753582, 22.21826639611816], [86.57125357303948, 22.21822517302107], [86.57129217041468, 22.21822290776241], [86.57131633090286, 22.21814313486523], [86.57129502052685, 22.21809600360387], [86.57124442554768, 22.21809389092662], [86.571211224423, 22.21810874230926], [86.57117317893477, 22.2180791609327], [86.57116984458928, 22.21802953120201], [86.5711223588354, 22.21800843510112], [86.57108504300744, 22.21802545736001], [86.571033044054, 22.21803771333786], [86.57100408148303, 22.21805625094116], [86.57091828790799, 22.21807080189988], [86.5708622698702, 22.21810449699482], [86.5707818056259, 22.21808757613431], [86.57072713226644, 22.21801957375081], [86.57072460522537, 22.21798720135846], [86.57068432377018, 22.21800724123685], [86.570653862664, 22.21802750576603], [86.57062508829142, 22.21801734683802], [86.57060878589992, 22.21799119424205], [86.57058446034063, 22.21798322427444], [86.57055368306204, 22.21800121044271], [86.57047917151827, 22.21800085659832], [86.57046479895395, 22.21800085660584], [86.57032569667798, 22.21803843459706], [86.57027363757965, 22.21801020997944], [86.57024270743928, 22.21794999974643], [86.57023675490878, 22.21793628555361], [86.57023359407594, 22.21793172941792], [86.5702098587799, 22.21784212300562], [86.57021066472484, 22.21783331865032], [86.57022775447362, 22.21772137111024], [86.57025223468419, 22.21767536342913], [86.57025259368855, 22.21767122041508], [86.57028859706818, 22.21756171234245], [86.57033616690646, 22.21754586828847], [86.57034909205966, 22.21759771233015], [86.57029659616785, 22.21767121826282], [86.57026979667752, 22.21770874399202], [86.57024045840174, 22.2178114308124], [86.57029077266154, 22.2177897145998], [86.5703146120096, 22.21789104578868], [86.57038481941355, 22.2178955350171], [86.57042870639872, 22.21779837572186], [86.5704710899559, 22.21770454333375], [86.5705568560482, 22.21768366140665], [86.57064155615892, 22.21769199123905], [86.57064709903021, 22.21753011127612], [86.57065480023107, 22.21743757858504], [86.5706716766163, 22.2173592645474], [86.57053766536706, 22.21736294378907], [86.57046657722529, 22.2173813999369], [86.57036527251708, 22.21741121260652], [86.57034917002895, 22.21741121436142], [86.5702811994212, 22.21737770431964], [86.57028659589595, 22.2173519423472], [86.5703370971896, 22.21731558858558], [86.57040052645515, 22.21731198067183], [86.57051119582947, 22.21730837726024], [86.5706126936229, 22.21728331154738], [86.57071317565631, 22.21726202659124], [86.57083131386545, 22.21723392760609], [86.57093467434335, 22.21718209842947], [86.57107514659215, 22.2171684576736], [86.57115397179007, 22.2171246600881], [86.57132904164486, 22.21709150076212], [86.57140243057621, 22.21709809384945], [86.57141681801119, 22.21713469112295], [86.57153015496998, 22.21708491961662], [86.57160975654342, 22.21709149463779], [86.57162183143855, 22.21709149480363], [86.57161079643323, 22.21704907031376], [86.57151866294075, 22.21689874800115], [86.57133819883659, 22.21695709859506], [86.57108655294928, 22.21700952832658], [86.571064517371, 22.21700952806675], [86.5710012459494, 22.21701201009956], [86.57088381463005, 22.21702947607934], [86.57080556395331, 22.21705982682008], [86.57073045678192, 22.21707777560879], [86.57064889140675, 22.21708811502819], [86.57060050386116, 22.21708035712125], [86.57053091811382, 22.21706238436244], [86.57049627494706, 22.2169922710805], [86.57049469558925, 22.21692016630034], [86.57050212663499, 22.21685552130507], [86.57062330038339, 22.2168367004138], [86.57066460082412, 22.21681967069874], [86.57065403875406, 22.21672077494851], [86.5706665332797, 22.21664344490595], [86.57063305657982, 22.2165085481555], [86.57029227420774, 22.21661784811397], [86.57041040444327, 22.21688984475272], [86.57015918447523, 22.21698712057214], [86.57002066760431, 22.21703316937664], [86.56998809689829, 22.21704018596156], [86.5696126832239, 22.21714406100192], [86.56954831133241, 22.21701460400758], [86.56953106908436, 22.2170122980571], [86.56941447165896, 22.21704959422365], [86.56939070164707, 22.21704723936698], [86.56936908991813, 22.21700310278275], [86.56932928287378, 22.21701460722156], [86.56934192800784, 22.2170614203884], [86.56933040114515, 22.2170973936598], [86.56928502501547, 22.2171119974187], [86.56925296729723, 22.21702851567264], [86.56918679673497, 22.21701923229033], [86.56906173083982, 22.21705905160604], [86.56899695580108, 22.21706142498446], [86.5689251325683, 22.217154056965]]]]}, "properties": {"site_id": "FCF_Soova_EMU_Mayurbhanj_1", "name": "FCF_Soova_EMU_Mayurbhanj_1", "n_member_parcels": 18}}]}