{"type": "FeatureCollection", "features": [{"type": "Feature", "geometry": {"type": "MultiPolygon", "coordinates": [[[[86.60549488, 21.87760014], [86.60553765, 21.87768618], [86.60553034, 21.87768987], [86.6056268, 21.87780897], [86.60570598, 21.87783099], [86.60578973, 21.87783099], [86.60587276, 21.87780896], [86.60590604, 21.87783099], [86.60588935, 21.87788656], [86.60603686, 21.87793155], [86.60609172, 21.87790337], [86.60613538, 21.87792589], [86.60614079, 21.87801144], [86.60627732, 21.87811639], [86.60632383, 21.87804033], [86.60638689, 21.87805195], [86.60638369, 21.8781223], [86.60636156, 21.87819982], [86.60649229, 21.87839038], [86.60673942, 21.87831422], [86.60669686, 21.87813759], [86.60667345, 21.87811619], [86.60664402, 21.87801082], [86.60675751, 21.87789291], [86.60679527, 21.87783274], [86.60679339, 21.87782981], [86.60679968, 21.87783274], [86.60690461, 21.87785027], [86.60693646, 21.87785312], [86.60695685, 21.87786941], [86.60698424, 21.87789679], [86.60698572, 21.87791879], [86.60698459, 21.8779198], [86.60699436, 21.87795054], [86.60703041, 21.87795889], [86.60705412, 21.87794536], [86.60708182, 21.87792894], [86.60711032, 21.87794433], [86.60715766, 21.87798966], [86.60717717, 21.87799938], [86.60719203, 21.87798859], [86.60722439, 21.87797153], [86.60723884, 21.8779843], [86.60725859, 21.87798752], [86.60729926, 21.87799182], [86.60732276, 21.8780081], [86.60732171, 21.8780081], [86.60732677, 21.87803127], [86.60734848, 21.87799722], [86.60738351, 21.87798967], [86.60740176, 21.87796836], [86.60742462, 21.87798324], [86.6074537, 21.87800592], [86.6074452, 21.87805266], [86.60742578, 21.8780779], [86.60738461, 21.87809425], [86.60737105, 21.87812521], [86.60744877, 21.87814467], [86.60751556, 21.87817571], [86.60755735, 21.87817697], [86.60758048, 21.878157], [86.60756474, 21.87812281], [86.60755359, 21.87810488], [86.60755131, 21.87807907], [86.60756528, 21.87805493], [86.6075802, 21.8780324], [86.60755293, 21.87803464], [86.6075238, 21.87800483], [86.60752012, 21.87800048], [86.60751777, 21.87799831], [86.60749864, 21.87795891], [86.60752031, 21.87794332], [86.6075142, 21.87793509], [86.60748153, 21.87790576], [86.60747909, 21.87790177], [86.60748014, 21.87788401], [86.60753449, 21.87786751], [86.6075635, 21.8778704], [86.60755701, 21.87783991], [86.60755646, 21.87783616], [86.60754072, 21.87780753], [86.60751843, 21.8777841], [86.60749507, 21.87778677], [86.60746985, 21.87776467], [86.60745093, 21.87773358], [86.60745759, 21.87769258], [86.60743333, 21.87767158], [86.60739992, 21.87763526], [86.60741129, 21.87767637], [86.6074078, 21.87772683], [86.60736635, 21.87772683], [86.60734662, 21.87771456], [86.6073444, 21.87771234], [86.60732747, 21.87768606], [86.6073593, 21.8776394], [86.60737291, 21.87762803], [86.60739999, 21.87763475], [86.60738213, 21.87761372], [86.60737828, 21.87758767], [86.6075385, 21.87747149], [86.6077186, 21.87763936], [86.60778324, 21.87769693], [86.60782401, 21.87771071], [86.60784936, 21.87773263], [86.60788242, 21.87776717], [86.60789017, 21.87773464], [86.60782934, 21.87765069], [86.60775245, 21.87759678], [86.60773798, 21.87755902], [86.60769376, 21.87751368], [86.60766044, 21.87743385], [86.60762769, 21.87731872], [86.60760881, 21.87722536], [86.60761685, 21.87722582], [86.60780142, 21.87714921], [86.60790335, 21.87717456], [86.60803545, 21.87712193], [86.60821132, 21.87709724], [86.60842135, 21.87706847], [86.6083229, 21.87675361], [86.60820595, 21.87601011], [86.60814521, 21.87580892], [86.60785048, 21.8758422], [86.60770106, 21.87587313], [86.60759996, 21.87594701], [86.60755089, 21.87593876], [86.6073855, 21.87595528], [86.60726127, 21.87595688], [86.60657598, 21.87606328], [86.60645889, 21.8760463], [86.6062784, 21.87570786], [86.60604468, 21.87532402], [86.60600561, 21.8750212], [86.6060133, 21.87495429], [86.60623311, 21.87494271], [86.60622581, 21.87503393], [86.6060965, 21.87505568], [86.60609695, 21.87511645], [86.60622533, 21.87526742], [86.60646227, 21.87530107], [86.60645906, 21.8753963], [86.60659478, 21.87579876], [86.60688146, 21.87595303], [86.60683109, 21.87584248], [86.60688245, 21.8759429], [86.60694926, 21.8759429], [86.60709396, 21.87591264], [86.60704305, 21.87588261], [86.60703007, 21.87576959], [86.60703818, 21.87566921], [86.60705772, 21.87558523], [86.60698199, 21.87557602], [86.60695569, 21.87549407], [86.60696691, 21.87537444], [86.60698197, 21.87530107], [86.60706396, 21.87519996], [86.60706163, 21.87519837], [86.6071313, 21.87513347], [86.60716017, 21.87504226], [86.6071674, 21.87487513], [86.60715524, 21.87456214], [86.60710414, 21.87447916], [86.60713194, 21.87442067], [86.60722021, 21.87439746], [86.60718144, 21.87432271], [86.60707135, 21.87384337], [86.60731857, 21.87373754], [86.60770249, 21.87366112], [86.60778274, 21.87368011], [86.60806126, 21.87361081], [86.60806685, 21.87361081], [86.60810234, 21.8735363], [86.60807568, 21.87340857], [86.60806948, 21.87340257], [86.60795886, 21.87339059], [86.60780395, 21.87342661], [86.60774149, 21.87327827], [86.60765471, 21.87327242], [86.60754808, 21.87313439], [86.60754199, 21.87312307], [86.60743508, 21.87292924], [86.60751205, 21.87283795], [86.60764924, 21.87281673], [86.60865761, 21.87274846], [86.60809905, 21.87162585], [86.60794212, 21.87167169], [86.60786795, 21.87158197], [86.60762636, 21.8712192], [86.60743602, 21.87095688], [86.60743334, 21.87085532], [86.6073753, 21.870875], [86.6066937, 21.87117861], [86.60661309, 21.87119869], [86.60652768, 21.8713211], [86.60649183, 21.87143632], [86.60631941, 21.87147895], [86.60617227, 21.87144694], [86.6059325, 21.87177181], [86.60577904, 21.87190709], [86.60572566, 21.87193891], [86.6058215, 21.87194424], [86.60591798, 21.87184196], [86.60598208, 21.87195372], [86.60600124, 21.87201385], [86.60594528, 21.87201936], [86.6058397, 21.87207372], [86.60575834, 21.87210661], [86.6056281, 21.87213419], [86.60551362, 21.87216191], [86.60549787, 21.87206826], [86.60539368, 21.87218861], [86.60488125, 21.87241113], [86.60487104, 21.87258416], [86.60492277, 21.87258984], [86.60499041, 21.87266624], [86.60496653, 21.87269411], [86.60487531, 21.87274396], [86.60482234, 21.87285363], [86.60474964, 21.8729411], [86.60472501, 21.87311803], [86.60465058, 21.87322174], [86.60442966, 21.8732696], [86.60427314, 21.87322174], [86.60414237, 21.87320586], [86.60395428, 21.87326959], [86.60392171, 21.8733745], [86.60388208, 21.87356426], [86.60393868, 21.87358941], [86.60422502, 21.8735559], [86.60417864, 21.87366543], [86.60410966, 21.87376814], [86.60413415, 21.87391634], [86.60424493, 21.87396055], [86.6043979, 21.87398721], [86.60450584, 21.8740678], [86.60461514, 21.87407681], [86.60476784, 21.87396942], [86.60481381, 21.87382009], [86.60482155, 21.87382009], [86.60499806, 21.87383749], [86.60509104, 21.87383749], [86.60514399, 21.87375093], [86.60520332, 21.87367394], [86.60525748, 21.87366544], [86.60559144, 21.8735366], [86.60569993, 21.873529], [86.60568657, 21.873837], [86.6056679, 21.87417996], [86.60589254, 21.87414467], [86.60624606, 21.87406861], [86.6065399, 21.87397835], [86.60683194, 21.8738119], [86.60702726, 21.87378709], [86.60718745, 21.8733182], [86.60728082, 21.87306323], [86.60733532, 21.87287038], [86.60704772, 21.87288687], [86.60679714, 21.87300652], [86.60670551, 21.87314132], [86.60659164, 21.87316977], [86.60645685, 21.87316764], [86.60633032, 21.87325062], [86.6062347, 21.87336345], [86.6061652, 21.87357342], [86.60616183, 21.87374868], [86.60610248, 21.87381716], [86.60593614, 21.87398015], [86.60586794, 21.87412037], [86.60582589, 21.87410193], [86.60597772, 21.87382525], [86.60599167, 21.87353587], [86.60600543, 21.87340864], [86.60613593, 21.87330564], [86.60631473, 21.87316641], [86.60649077, 21.87307057], [86.60663984, 21.87304374], [86.60686852, 21.87289854], [86.60700296, 21.87284482], [86.60728744, 21.87280415], [86.60719647, 21.87272389], [86.60713016, 21.87255574], [86.60694076, 21.8721708], [86.60675734, 21.8719306], [86.60665488, 21.87174479], [86.60651297, 21.87150297], [86.60655231, 21.87145724], [86.60671467, 21.87178641], [86.60680011, 21.87192291], [86.60691107, 21.87206155], [86.60696709, 21.87216074], [86.60703759, 21.87229538], [86.60710644, 21.87241761], [86.60721357, 21.87268501], [86.60731597, 21.8727536], [86.60742511, 21.87280707], [86.60741068, 21.87287005], [86.60721504, 21.87328413], [86.6071354, 21.87365384], [86.60704635, 21.87385801], [86.60645115, 21.87401071], [86.60627262, 21.87411446], [86.60608355, 21.87415694], [86.60582926, 21.87420001], [86.60564564, 21.87427436], [86.60563043, 21.87441874], [86.60551866, 21.87608721], [86.60542335, 21.87717497], [86.60542308, 21.87717452], [86.60541646, 21.87746661], [86.60549488, 21.87760014]], [[86.60617313, 21.87224764], [86.60622056, 21.87238377], [86.60617787, 21.87242467], [86.60610767, 21.8723139], [86.60600324, 21.87211345], [86.60600696, 21.8720318], [86.60602931, 21.87210191], [86.60609056, 21.87225156], [86.60617313, 21.87224764]], [[86.60706124, 21.8751], [86.60705996, 21.87519724], [86.60694146, 21.87511669], [86.60701566, 21.87506545], [86.60706124, 21.8751]], [[86.60684659, 21.87577444], [86.60681623, 21.87581342], [86.60681782, 21.87581654], [86.6067399, 21.87575509], [86.60680017, 21.87572146], [86.60684659, 21.87577444]], [[86.6071544, 21.8773031], [86.60718897, 21.87736432], [86.60716383, 21.87740867], [86.60708121, 21.87736874], [86.60712251, 21.87731614], [86.60727493, 21.87723434], [86.60723621, 21.87717522], [86.60725614, 21.87713356], [86.60725973, 21.87712942], [86.60731686, 21.87710057], [86.60738658, 21.8771129], [86.6073949, 21.87721311], [86.60739881, 21.87721334], [86.60736735, 21.87725569], [86.6072831, 21.87723434], [86.6071544, 21.8773031]], [[86.60663023, 21.87775127], [86.60662742, 21.87775191], [86.60654494, 21.87746861], [86.60663023, 21.87775127]], [[86.60563926, 21.87751744], [86.60568438, 21.87754825], [86.60573379, 21.87754567], [86.60568893, 21.87755341], [86.60567617, 21.87763158], [86.60563531, 21.87763685], [86.60555114, 21.87767937], [86.60558074, 21.87765268], [86.60558545, 21.87755341], [86.60563926, 21.87751744]], [[86.60585058, 21.87740145], [86.60591317, 21.87742138], [86.60590199, 21.87747671], [86.60583664, 21.87752768], [86.60578279, 21.8775372], [86.60577631, 21.8774364], [86.60584617, 21.87740145], [86.60585058, 21.87740145]], [[86.60554805, 21.8770864], [86.6055947, 21.87705898], [86.6056115, 21.87700026], [86.60559892, 21.87692043], [86.60564832, 21.87686382], [86.60573675, 21.87689329], [86.60573533, 21.87689419], [86.6057494, 21.87697791], [86.605713, 21.87705898], [86.60566698, 21.87710939], [86.60572241, 21.87711862], [86.60577532, 21.87719803], [86.60568989, 21.8772503], [86.6056426, 21.87731299], [86.6056563, 21.87739649], [86.60558571, 21.87739649], [86.60558129, 21.87739649], [86.60555515, 21.87733737], [86.60553789, 21.87730328], [86.60549013, 21.87728877], [86.60542621, 21.87717984], [86.60549575, 21.87719333], [86.60554381, 21.8770864], [86.60554805, 21.8770864]], [[86.60596808, 21.87664565], [86.60602446, 21.87654527], [86.60605624, 21.87654923], [86.60608903, 21.87662535], [86.60606883, 21.87668249], [86.60588033, 21.87680214], [86.60595572, 21.87675288], [86.60601714, 21.87670981], [86.60596808, 21.87664565]]], [[[86.59616223, 21.87367718], [86.59609254, 21.87363434], [86.59599523, 21.87368504], [86.59594543, 21.87372645], [86.59578429, 21.87365671], [86.59583877, 21.87368774], [86.59587419, 21.87371884], [86.59575275, 21.87373526], [86.59577565, 21.87379785], [86.59583575, 21.87385894], [86.59590212, 21.87387987], [86.5959328, 21.87390073], [86.5959552, 21.87395455], [86.59590686, 21.87400102], [86.59597852, 21.87413291], [86.59603008, 21.87409236], [86.5960784, 21.87402809], [86.59612661, 21.87405638], [86.59610103, 21.87412441], [86.59604818, 21.87418195], [86.59609547, 21.87428728], [86.59625964, 21.87406313], [86.5962356, 21.87402292], [86.59622957, 21.87398945], [86.59629174, 21.8739561], [86.59629224, 21.87395393], [86.59632932, 21.87398643], [86.59631218, 21.8740412], [86.59627176, 21.87404993], [86.5960997, 21.87428765], [86.59612494, 21.87441154], [86.59613714, 21.8744137], [86.59625892, 21.87435415], [86.59630105, 21.87428643], [86.5963321, 21.87421736], [86.59638829, 21.87416029], [86.59645313, 21.87411963], [86.59648076, 21.87417343], [86.59655969, 21.87420387], [86.59658838, 21.87423681], [86.59661397, 21.87425055], [86.59669354, 21.87422724], [86.5966834, 21.8741665], [86.5966952, 21.87422739], [86.5967375, 21.87424464], [86.59679361, 21.87428178], [86.59701634, 21.87442176], [86.59701562, 21.87435858], [86.59699618, 21.87430206], [86.59702497, 21.87427901], [86.59707031, 21.87431837], [86.59711294, 21.87438748], [86.59713872, 21.87448196], [86.59711401, 21.87454012], [86.59703265, 21.87459057], [86.59699646, 21.8746105], [86.59711211, 21.87454012], [86.59706511, 21.87451795], [86.59701671, 21.87442423], [86.59679325, 21.8742836], [86.59675287, 21.8743087], [86.59669605, 21.87430056], [86.59664733, 21.87432303], [86.59665515, 21.87438579], [86.5967083, 21.87453202], [86.59667161, 21.87458819], [86.59661725, 21.87456458], [86.59664645, 21.87443982], [86.59659826, 21.87443106], [86.5965663, 21.8743773], [86.59652548, 21.87436463], [86.5965081, 21.87429651], [86.59654624, 21.87424858], [86.596458, 21.8741943], [86.59640609, 21.87420579], [86.59634944, 21.87426442], [86.59634707, 21.8742684], [86.59632239, 21.87433542], [86.59629779, 21.87437519], [86.59622485, 21.8744137], [86.59614063, 21.87446689], [86.59645058, 21.87478654], [86.59654535, 21.87481461], [86.59660222, 21.87484066], [86.59663592, 21.87492951], [86.59679723, 21.87526314], [86.59699993, 21.875495], [86.59712446, 21.87546315], [86.59714836, 21.87540171], [86.597189, 21.87536131], [86.59722842, 21.87537515], [86.59723716, 21.87537515], [86.59726318, 21.87540171], [86.59731706, 21.87540348], [86.59726143, 21.87540329], [86.59726281, 21.87543855], [86.59718198, 21.87548485], [86.5971256, 21.87546481], [86.5969975, 21.87549839], [86.59739348, 21.87597364], [86.59742866, 21.87596545], [86.59743046, 21.87596445], [86.59749321, 21.87595238], [86.59755062, 21.87599744], [86.59756191, 21.87607143], [86.59753216, 21.8761346], [86.59785493, 21.87664271], [86.59822507, 21.87654747], [86.59821392, 21.87649763], [86.59820141, 21.87647963], [86.59820719, 21.87643418], [86.59820785, 21.87643736], [86.59824317, 21.87642013], [86.59828687, 21.87639135], [86.59832718, 21.8764133], [86.59834635, 21.87643044], [86.59834974, 21.87650126], [86.5983143, 21.87652694], [86.597858, 21.87664472], [86.5979313, 21.87680963], [86.59799945, 21.87677633], [86.59808243, 21.87688699], [86.59823146, 21.87702165], [86.59829117, 21.87703695], [86.59829518, 21.87703695], [86.59833334, 21.87716707], [86.59839444, 21.87719903], [86.59843551, 21.87717237], [86.59844759, 21.87701149], [86.59859141, 21.87697123], [86.59856855, 21.87690359], [86.5985876, 21.87682302], [86.59861426, 21.87680935], [86.59865208, 21.8768113], [86.59866924, 21.8768668], [86.59868198, 21.87691396], [86.59865197, 21.87695404], [86.59852636, 21.87699079], [86.59861225, 21.87710642], [86.59883169, 21.87709237], [86.59891723, 21.87702617], [86.59899878, 21.87705551], [86.59904579, 21.87706007], [86.59908181, 21.87704642], [86.59911309, 21.87702616], [86.59915489, 21.87695567], [86.59915512, 21.87696259], [86.5992134, 21.8769777], [86.59924214, 21.87699955], [86.59926833, 21.87697987], [86.59931311, 21.87696612], [86.59972294, 21.87694722], [86.59971226, 21.87680959], [86.59976626, 21.87669218], [86.59966961, 21.87652575], [86.59952988, 21.87630148], [86.59959285, 21.87621688], [86.59958235, 21.87606952], [86.59953795, 21.87592548], [86.5994211, 21.87583326], [86.59934329, 21.87570025], [86.59933325, 21.87561819], [86.59938506, 21.87549487], [86.59944328, 21.87546655], [86.5994569, 21.87544769], [86.59949365, 21.87545083], [86.59950884, 21.87545083], [86.59954735, 21.8754103], [86.59955063, 21.87529465], [86.59950977, 21.87527082], [86.59946498, 21.87520039], [86.59941133, 21.8752237], [86.5993328, 21.87527677], [86.59927534, 21.87525603], [86.59927239, 21.87525603], [86.59925932, 21.87518303], [86.59929303, 21.87511733], [86.5993364, 21.87507801], [86.59956037, 21.87492953], [86.59942514, 21.87481681], [86.59910294, 21.8748882], [86.59907549, 21.87477651], [86.59887075, 21.87459002], [86.59869462, 21.87457084], [86.5984929, 21.87455175], [86.59846155, 21.87453474], [86.59844023, 21.87450469], [86.59842501, 21.87442703], [86.59841958, 21.8744165], [86.5983858, 21.87436444], [86.59838332, 21.87436187], [86.5983736, 21.87435416], [86.59833515, 21.87432607], [86.59832571, 21.874321], [86.59828426, 21.87426832], [86.59829307, 21.87421912], [86.59817723, 21.87401278], [86.59813042, 21.87396947], [86.59808574, 21.87396233], [86.59805781, 21.87392465], [86.59805703, 21.87391998], [86.5980754, 21.87386021], [86.59802319, 21.87379982], [86.59796088, 21.87377134], [86.59790958, 21.87371761], [86.59785129, 21.87370702], [86.5978313, 21.87365489], [86.5978373, 21.87361995], [86.5977784, 21.87360043], [86.59771399, 21.87359488], [86.5976873, 21.87353188], [86.59754716, 21.87337938], [86.59742797, 21.8732548], [86.59737055, 21.87316173], [86.59731211, 21.87292835], [86.59719592, 21.87285761], [86.59707489, 21.87291448], [86.59718565, 21.87285284], [86.59699071, 21.87258308], [86.59696098, 21.87247109], [86.59682295, 21.87241167], [86.59669993, 21.87230153], [86.59664303, 21.87237985], [86.59648774, 21.87241757], [86.59644094, 21.87237985], [86.59636252, 21.87231658], [86.59623507, 21.87232181], [86.5961985, 21.87243355], [86.59604661, 21.87237986], [86.59597889, 21.87226994], [86.59589652, 21.87226995], [86.5957845, 21.87221891], [86.59579512, 21.87208031], [86.59556799, 21.87206582], [86.5955152, 21.8720741], [86.59545106, 21.87221506], [86.59539408, 21.8722145], [86.59532142, 21.87215908], [86.59528284, 21.87208826], [86.59504865, 21.87210226], [86.59487944, 21.87220882], [86.59489146, 21.87240124], [86.594937, 21.87257452], [86.59503508, 21.87279746], [86.59511928, 21.87286378], [86.59518101, 21.87279746], [86.59522254, 21.87271945], [86.59524386, 21.87270021], [86.595345, 21.87266805], [86.595428, 21.87264453], [86.5954647, 21.87259224], [86.59549521, 21.8725607], [86.59554121, 21.87256356], [86.59554701, 21.87256356], [86.59559031, 21.87258936], [86.59559287, 21.87259224], [86.59557236, 21.8726651], [86.5955147, 21.87270067], [86.59556098, 21.87271603], [86.59562991, 21.87276352], [86.59572062, 21.87263449], [86.59585772, 21.87257743], [86.59585173, 21.87268084], [86.59572604, 21.8727815], [86.59560086, 21.87294771], [86.59563544, 21.87302421], [86.59574969, 21.87312117], [86.59576522, 21.8731754], [86.5957202, 21.87323417], [86.59567345, 21.8732441], [86.59563033, 21.87320135], [86.59563719, 21.87314973], [86.59558854, 21.87310239], [86.59543672, 21.87320258], [86.59541589, 21.87330561], [86.59554316, 21.8734116], [86.59561145, 21.87345875], [86.59577925, 21.8735952], [86.59578457, 21.87364984], [86.59587587, 21.87358459], [86.59593486, 21.87355818], [86.59594837, 21.87355818], [86.5960403, 21.87353203], [86.59612888, 21.87354694], [86.59619564, 21.87350795], [86.59619661, 21.87350584], [86.59623149, 21.87356193], [86.59620551, 21.87364568], [86.59620476, 21.87364588], [86.59616223, 21.87367718]], [[86.59771381, 21.87392699], [86.59766984, 21.87394577], [86.59768318, 21.87396233], [86.59773422, 21.87399343], [86.59766751, 21.87404212], [86.59762645, 21.87401521], [86.59762291, 21.87396234], [86.59802319, 21.87379982], [86.59771381, 21.87392699]], [[86.59623912, 21.87320111], [86.59624487, 21.87319833], [86.5962697, 21.87316794], [86.59633506, 21.87316519], [86.59633986, 21.87323755], [86.59630681, 21.87326879], [86.59625261, 21.8733842], [86.59630706, 21.87326593], [86.59626585, 21.87326308], [86.59621547, 21.8732432], [86.59623912, 21.87320111]], [[86.59901384, 21.87665108], [86.59906257, 21.87661835], [86.59911397, 21.87665631], [86.59914668, 21.87670615], [86.59914953, 21.87679278], [86.59914478, 21.8767559], [86.59907361, 21.87677097], [86.59901081, 21.87673173], [86.59901384, 21.87665108]], [[86.59805513, 21.87627147], [86.59808363, 21.87622652], [86.59811515, 21.87622065], [86.59814625, 21.87622358], [86.59818273, 21.87625329], [86.5982792, 21.87626235], [86.59832251, 21.87626386], [86.59832332, 21.87624879], [86.59831537, 21.87619313], [86.59832401, 21.87616622], [86.59835648, 21.8761523], [86.59835794, 21.87615368], [86.59838053, 21.87620319], [86.59839061, 21.87624729], [86.59836199, 21.87627299], [86.59817986, 21.87625329], [86.59817914, 21.87629923], [86.59818912, 21.87634726], [86.5981777, 21.87629768], [86.59810068, 21.87635177], [86.59805189, 21.87632126], [86.59805513, 21.87627147]], [[86.59788944, 21.87568566], [86.59785886, 21.87574055], [86.5978088, 21.8757507], [86.59777249, 21.87577103], [86.5977433, 21.87564749], [86.59778373, 21.87563119], [86.59783456, 21.87563444], [86.59788944, 21.87568566]], [[86.59809979, 21.87570407], [86.59811542, 21.87572643], [86.59810704, 21.87575738], [86.59817651, 21.87578791], [86.59810693, 21.87575903], [86.59809886, 21.87581935], [86.59801337, 21.87581241], [86.59791677, 21.87571116], [86.59795914, 21.8757507], [86.59801124, 21.87571029], [86.59808432, 21.87568367], [86.59809979, 21.87570407]], [[86.59846802, 21.87576643], [86.59852604, 21.87586354], [86.59850596, 21.87583184], [86.59846514, 21.87588497], [86.59841037, 21.87588497], [86.59821954, 21.87580577], [86.59833355, 21.8758511], [86.59832767, 21.87577229], [86.59842107, 21.87575738], [86.59846802, 21.87576643]], [[86.59866757, 21.87610445], [86.59865732, 21.87617065], [86.5986129, 21.87621938], [86.5985683, 21.87623975], [86.59851919, 21.87623067], [86.5984652, 21.87619483], [86.59844178, 21.87612763], [86.5985412, 21.87602303], [86.59862763, 21.87603535], [86.59860321, 21.87599272], [86.59862764, 21.87603362], [86.59866017, 21.87606679], [86.59865869, 21.87606696], [86.59866757, 21.87610445]], [[86.59888423, 21.87593489], [86.59885317, 21.87591884], [86.59882654, 21.87591725], [86.59880222, 21.87592845], [86.59879954, 21.87593651], [86.59879675, 21.87594299], [86.59879693, 21.87594624], [86.59875679, 21.87596758], [86.59877888, 21.87593167], [86.59876029, 21.87589983], [86.59874228, 21.87583086], [86.59877547, 21.87579987], [86.59881202, 21.87578826], [86.59881806, 21.8757897], [86.59885596, 21.87581748], [86.59891368, 21.87586873], [86.59891875, 21.87587335], [86.59893344, 21.87592524], [86.59893552, 21.87593006], [86.59893683, 21.87598756], [86.59891978, 21.87600954], [86.59889345, 21.87604057], [86.59868832, 21.87606363], [86.59888203, 21.87604057], [86.59888956, 21.87599597], [86.59890001, 21.87595277], [86.59888423, 21.87593489]], [[86.59671667, 21.87409314], [86.59671509, 21.87412206], [86.59667947, 21.8741462], [86.59668087, 21.87415345], [86.59663224, 21.87413689], [86.59663577, 21.87409066], [86.59666347, 21.87405548], [86.59671667, 21.87409314]], [[86.59630314, 21.87385647], [86.59630378, 21.87389628], [86.59629801, 21.87392433], [86.59627409, 21.87391287], [86.59625412, 21.87389628], [86.59627295, 21.8738588], [86.59630314, 21.87385647]], [[86.59643808, 21.87347376], [86.59646204, 21.87350794], [86.59646519, 21.87355527], [86.59645808, 21.87357765], [86.59633823, 21.87360993], [86.59640443, 21.87359051], [86.5963888, 21.87356165], [86.59639522, 21.87351107], [86.59643808, 21.87347376]], [[86.59708866, 21.87468081], [86.59709062, 21.87468082], [86.59707439, 21.87470554], [86.59704484, 21.87470347], [86.59699781, 21.8746952], [86.59697596, 21.87469933], [86.59697211, 21.87469727], [86.59693556, 21.87468082], [86.59695748, 21.87463421], [86.59697767, 21.87462193], [86.59700128, 21.87465637], [86.59702854, 21.8746584], [86.59706373, 21.87465637], [86.59708866, 21.87468081]], [[86.59766302, 21.87534459], [86.59763712, 21.87529141], [86.59763442, 21.87528709], [86.59766849, 21.87526425], [86.59767731, 21.87522258], [86.59771697, 21.87521577], [86.59775164, 21.87524323], [86.59775317, 21.8752502], [86.59776086, 21.87528277], [86.59780937, 21.87533406], [86.59780859, 21.87538444], [86.59780398, 21.87541599], [86.59775833, 21.87542721], [86.59771511, 21.87540486], [86.59751862, 21.87540418], [86.59768435, 21.87537978], [86.59767574, 21.87536589], [86.59767162, 21.87534761], [86.59766302, 21.87534459]]], [[[86.62383335, 21.87922897], [86.62387825, 21.87917975], [86.62390755, 21.87911942], [86.62401113, 21.87905803], [86.6240776, 21.87904638], [86.62408438, 21.87904638], [86.62423362, 21.87904173], [86.62437692, 21.87910275], [86.62442883, 21.87916757], [86.62454844, 21.87913616], [86.62466306, 21.87920177], [86.62473038, 21.87925387], [86.62478104, 21.87937143], [86.62485774, 21.87937403], [86.62499675, 21.87937664], [86.62505112, 21.87934545], [86.62505826, 21.87934545], [86.6251049, 21.8793584], [86.62511817, 21.87943537], [86.62538028, 21.87950886], [86.6254237, 21.87945975], [86.62534994, 21.87939174], [86.62537038, 21.87932933], [86.62544266, 21.8792441], [86.62553297, 21.87919732], [86.62562535, 21.87912333], [86.62562945, 21.87911874], [86.6257668, 21.87909127], [86.62577982, 21.87909127], [86.62590591, 21.87904129], [86.62607722, 21.87898283], [86.62610635, 21.87888977], [86.62615367, 21.87885475], [86.62630744, 21.87882863], [86.6265052, 21.87861607], [86.62652918, 21.87855401], [86.62645719, 21.87839615], [86.62655386, 21.87831319], [86.62653582, 21.87827704], [86.6265548, 21.87823463], [86.6265866, 21.87821974], [86.62664047, 21.87823912], [86.62670789, 21.87826481], [86.62674736, 21.87836421], [86.62678892, 21.87826327], [86.62681682, 21.87817235], [86.62686701, 21.87805891], [86.62697608, 21.87790509], [86.62713784, 21.87783276], [86.62725399, 21.87769228], [86.62712867, 21.8776794], [86.62699407, 21.87762407], [86.62699037, 21.87762407], [86.62693164, 21.87754474], [86.62699524, 21.87750369], [86.62705604, 21.87740315], [86.62698197, 21.8773132], [86.62687641, 21.87721057], [86.6267762, 21.87715857], [86.62669084, 21.8770713], [86.62665592, 21.8769968], [86.6266662, 21.87693429], [86.6267048, 21.87683276], [86.62686218, 21.87678319], [86.62668397, 21.87673441], [86.62658388, 21.87663597], [86.62655148, 21.87662972], [86.62649683, 21.87666107], [86.62640843, 21.87687299], [86.62632978, 21.87688652], [86.62628509, 21.87695221], [86.62632084, 21.87705319], [86.62631975, 21.87711773], [86.62633117, 21.87722797], [86.62633725, 21.87729726], [86.62627167, 21.87729261], [86.62621034, 21.87717428], [86.62613091, 21.87700357], [86.62609359, 21.87691016], [86.62606018, 21.87681166], [86.62586331, 21.87674571], [86.62589815, 21.87694791], [86.62586017, 21.87674874], [86.62561769, 21.87688526], [86.62561879, 21.87694601], [86.62567329, 21.87707936], [86.6256059, 21.87717252], [86.62554712, 21.8772618], [86.62565667, 21.87731301], [86.62571613, 21.87737441], [86.62571079, 21.87743306], [86.62581699, 21.87751012], [86.62593485, 21.87740694], [86.62597799, 21.87746633], [86.62603166, 21.87753075], [86.62607419, 21.87762252], [86.62612975, 21.87770904], [86.62610226, 21.87778322], [86.62613499, 21.87784919], [86.62625564, 21.87782877], [86.62630384, 21.87782883], [86.62632174, 21.87783113], [86.62639631, 21.87789544], [86.6263159, 21.87796947], [86.6263031, 21.87796945], [86.62629287, 21.87796944], [86.62630833, 21.87802329], [86.62635044, 21.87808726], [86.6263582, 21.87808728], [86.62645367, 21.87811874], [86.62646147, 21.87811877], [86.6265419, 21.87811664], [86.62655753, 21.87811669], [86.62658504, 21.87813367], [86.62656457, 21.87816991], [86.62651581, 21.87818187], [86.62649751, 21.87821598], [86.62643108, 21.87820347], [86.62632471, 21.87817387], [86.62631129, 21.87816658], [86.62625124, 21.87811108], [86.62623567, 21.87821253], [86.62628906, 21.87818597], [86.62636275, 21.87823989], [86.62637096, 21.87824485], [86.62638302, 21.87833972], [86.62629665, 21.87847748], [86.62624813, 21.87847449], [86.6262317, 21.87846914], [86.62619472, 21.87843256], [86.62618299, 21.87836123], [86.62618708, 21.87828618], [86.62618946, 21.87828123], [86.62619407, 21.87826886], [86.62617085, 21.87822203], [86.62609692, 21.87819283], [86.62606317, 21.8782638], [86.62584913, 21.87841168], [86.62590036, 21.8784501], [86.62592684, 21.87854868], [86.62588215, 21.87859804], [86.62578199, 21.87856827], [86.62574168, 21.87857025], [86.6258366, 21.87861868], [86.62587289, 21.87867739], [86.62583323, 21.87875176], [86.62577575, 21.87875044], [86.62571562, 21.87873559], [86.62565581, 21.87864963], [86.62565042, 21.87864428], [86.62571223, 21.87859052], [86.62571762, 21.87859322], [86.62575759, 21.87854215], [86.6257303, 21.87846234], [86.62583049, 21.8784041], [86.62605776, 21.87825885], [86.62606353, 21.87819313], [86.62597374, 21.8781163], [86.62592367, 21.87805441], [86.62585159, 21.87798591], [86.62581254, 21.87800185], [86.62578853, 21.87805211], [86.62573055, 21.87816937], [86.62569158, 21.87824348], [86.62555309, 21.87830798], [86.62545406, 21.87835824], [86.62533061, 21.87840304], [86.62527363, 21.87848569], [86.62532034, 21.87849348], [86.6252343, 21.87849658], [86.62509767, 21.8784666], [86.6249911, 21.87844647], [86.6249373, 21.87858097], [86.62487397, 21.87871425], [86.6248232, 21.87881109], [86.62484669, 21.87890955], [86.62486375, 21.87900301], [86.62486612, 21.87900793], [86.62485742, 21.87913865], [86.62494318, 21.87929833], [86.62490447, 21.87933729], [86.62486527, 21.87925138], [86.62485824, 21.8792219], [86.62485108, 21.87919982], [86.62484383, 21.87918266], [86.62484403, 21.87917288], [86.62480501, 21.87902765], [86.6247784, 21.87884668], [86.62494477, 21.87846708], [86.62492783, 21.87839827], [86.62492807, 21.87839507], [86.62504758, 21.87833261], [86.62505301, 21.87833292], [86.62515322, 21.87829461], [86.62519337, 21.8781299], [86.62519657, 21.87811796], [86.62519977, 21.87810606], [86.62512245, 21.87801337], [86.62511953, 21.87801902], [86.62511131, 21.87812182], [86.62511045, 21.87813696], [86.62511241, 21.87814927], [86.62503814, 21.87818506], [86.62492989, 21.87816595], [86.6249105, 21.87810849], [86.62488617, 21.87804951], [86.62494691, 21.87783937], [86.62494514, 21.8778285], [86.6249641, 21.87757155], [86.62496448, 21.87756648], [86.62505448, 21.87744408], [86.62456699, 21.87748598], [86.62455964, 21.87748598], [86.62419671, 21.87754094], [86.62417358, 21.87759355], [86.62422513, 21.8775846], [86.62425728, 21.87762563], [86.62426221, 21.87763588], [86.6242301, 21.87766234], [86.62422109, 21.87765874], [86.62417886, 21.87764422], [86.62416056, 21.87759663], [86.6241931, 21.87752131], [86.62389223, 21.87750123], [86.62381755, 21.87751676], [86.62380749, 21.87757124], [86.62375269, 21.8776241], [86.62369726, 21.87764199], [86.62363525, 21.87763005], [86.62350512, 21.87763005], [86.62349946, 21.87763005], [86.62334399, 21.87768125], [86.6233195, 21.8777119], [86.62336506, 21.87784191], [86.62334067, 21.87794852], [86.62333837, 21.8779656], [86.62336395, 21.87803163], [86.62333831, 21.87809583], [86.62339713, 21.87818404], [86.62339498, 21.87819153], [86.62336137, 21.87826379], [86.62340322, 21.87826378], [86.62343243, 21.878358], [86.62347128, 21.87842272], [86.6234746, 21.87842272], [86.62349607, 21.87845567], [86.62347067, 21.87859599], [86.62348721, 21.87873916], [86.62359931, 21.87869363], [86.62364721, 21.87872999], [86.62362425, 21.87880407], [86.62359567, 21.87884049], [86.62359693, 21.87884538], [86.62360858, 21.87889975], [86.62367024, 21.87890725], [86.62366413, 21.87897305], [86.62366067, 21.8790143], [86.62361235, 21.87903248], [86.62364933, 21.87911704], [86.62368008, 21.87911199], [86.62374612, 21.87912899], [86.62370544, 21.87917488], [86.62375169, 21.87922897], [86.62377735, 21.87922897], [86.62383335, 21.87922897]], [[86.62383216, 21.87907913], [86.62380127, 21.87903479], [86.62386326, 21.87900133], [86.62386564, 21.87900133], [86.62389503, 21.87907198], [86.62383415, 21.87908149], [86.62374612, 21.87912899], [86.62383216, 21.87907913]], [[86.6260951, 21.87700789], [86.62606032, 21.87711467], [86.6261807, 21.8774774], [86.62621476, 21.87743503], [86.62629432, 21.87744304], [86.62630532, 21.87744705], [86.62637467, 21.87752828], [86.62632479, 21.87763255], [86.62619997, 21.87754476], [86.62605685, 21.87711103], [86.62597287, 21.8771318], [86.62590896, 21.87700461], [86.62589901, 21.87695246], [86.62594652, 21.87694923], [86.62600405, 21.87694277], [86.62602477, 21.876946], [86.6260951, 21.87700789]]], [[[86.60050267, 21.8886808], [86.60057735, 21.88871981], [86.60067086, 21.88875729], [86.60066183, 21.88864642], [86.60067698, 21.88858144], [86.60067947, 21.88857133], [86.60068182, 21.88856527], [86.60071817, 21.88856734], [86.60072245, 21.88856735], [86.60074767, 21.88858356], [86.60076322, 21.88863842], [86.60077888, 21.88869362], [86.60077516, 21.88874714], [86.60072005, 21.88877603], [86.60057065, 21.88872794], [86.60055999, 21.88891352], [86.6005579, 21.88901185], [86.60059918, 21.88910627], [86.6006992, 21.88918778], [86.60080563, 21.88900798], [86.60088742, 21.88897476], [86.60099906, 21.88885711], [86.60095741, 21.88874509], [86.60100436, 21.88864882], [86.60100664, 21.88864068], [86.60108197, 21.88865098], [86.60108842, 21.88865303], [86.60109272, 21.88865507], [86.60109883, 21.88869787], [86.60106784, 21.88876357], [86.60114355, 21.88878481], [86.6012421, 21.88878826], [86.60127792, 21.88873032], [86.60128841, 21.88867517], [86.60122345, 21.88871352], [86.60114972, 21.88862337], [86.60116786, 21.88856194], [86.60123672, 21.88855855], [86.60124358, 21.88855855], [86.60128465, 21.88861993], [86.60130968, 21.88877354], [86.60133819, 21.88877906], [86.60139854, 21.88876893], [86.60146036, 21.88878965], [86.60150948, 21.88867793], [86.60156237, 21.88867714], [86.60158907, 21.88867083], [86.60157197, 21.88859516], [86.60156957, 21.8885951], [86.60151893, 21.88851931], [86.60161409, 21.88846545], [86.60178586, 21.88841093], [86.60185826, 21.88844858], [86.60206573, 21.8885194], [86.60216825, 21.88862102], [86.6023071, 21.88854949], [86.6024546, 21.8884201], [86.60270302, 21.88832026], [86.60273945, 21.88839361], [86.60282033, 21.8884803], [86.60300045, 21.88853866], [86.60311005, 21.88857108], [86.6032095, 21.888708], [86.6034507, 21.88874951], [86.60347699, 21.88866125], [86.60362191, 21.88865817], [86.60363168, 21.88852998], [86.60357065, 21.88848099], [86.60360982, 21.88840669], [86.60368756, 21.8883724], [86.60363207, 21.88852114], [86.60364857, 21.88867169], [86.60372408, 21.88872079], [86.60381954, 21.88885944], [86.6037692, 21.8888515], [86.6040985, 21.8889412], [86.6041584, 21.88890167], [86.60415126, 21.88886223], [86.60414394, 21.88885241], [86.6041995, 21.88880722], [86.60428856, 21.88883177], [86.60427194, 21.88888372], [86.60415469, 21.88896116], [86.60445203, 21.88897997], [86.60454673, 21.88906059], [86.60461144, 21.88903113], [86.60474035, 21.88903088], [86.60475423, 21.88903104], [86.6048652, 21.88905935], [86.6050181, 21.88915871], [86.60503696, 21.88906013], [86.60512056, 21.88908209], [86.60512984, 21.88908651], [86.60520885, 21.88913541], [86.60516234, 21.8892036], [86.60515299, 21.88927171], [86.60523688, 21.88923515], [86.60529299, 21.88930404], [86.6053563, 21.8894198], [86.60563532, 21.8892753], [86.60619252, 21.889118], [86.60633963, 21.88915458], [86.60631782, 21.8890535], [86.60632347, 21.88894359], [86.60609527, 21.88883334], [86.60607179, 21.88881962], [86.60606257, 21.88881965], [86.60579845, 21.88878218], [86.6057986, 21.88861519], [86.60578932, 21.88861055], [86.60565703, 21.88864164], [86.60543721, 21.88863701], [86.60536829, 21.88859641], [86.60517172, 21.8885819], [86.60469514, 21.88856738], [86.6045969, 21.88847483], [86.60459732, 21.88845251], [86.60455579, 21.88828216], [86.60455219, 21.88824221], [86.60455239, 21.88823337], [86.60445007, 21.8881965], [86.60443168, 21.88821386], [86.60443807, 21.88831547], [86.60443764, 21.88833313], [86.60443743, 21.88834197], [86.60440157, 21.88853166], [86.60439677, 21.88854484], [86.60425984, 21.88862927], [86.60412996, 21.88858292], [86.60412087, 21.8885829], [86.60410114, 21.88847295], [86.60421033, 21.8884431], [86.60421926, 21.88844335], [86.60428841, 21.88837013], [86.6042974, 21.88837028], [86.60432283, 21.88826063], [86.60433277, 21.88822563], [86.60424044, 21.8881677], [86.60423151, 21.8881676], [86.60400991, 21.88818985], [86.60406484, 21.88831147], [86.60406883, 21.88832892], [86.60402093, 21.88842473], [86.60401616, 21.88843346], [86.60392444, 21.88846845], [86.60383056, 21.88842483], [86.60388141, 21.88824677], [86.60386333, 21.88810871], [86.60401463, 21.88805132], [86.60425221, 21.88807634], [86.60441779, 21.88806054], [86.60451587, 21.88788789], [86.60453373, 21.88788375], [86.60460344, 21.88795338], [86.60478889, 21.88811138], [86.60498134, 21.8882964], [86.6051763, 21.88835548], [86.60539829, 21.88838275], [86.60566516, 21.88837713], [86.60586399, 21.88832624], [86.60600571, 21.8883459], [86.60626964, 21.88838099], [86.60624256, 21.8885146], [86.60636453, 21.88851715], [86.60657371, 21.88847314], [86.60670454, 21.88859505], [86.60675343, 21.88812356], [86.60647693, 21.88782712], [86.60651238, 21.88755886], [86.60655932, 21.8872471], [86.60656188, 21.88724865], [86.6066032, 21.88699201], [86.60690991, 21.88674755], [86.60710613, 21.88656023], [86.60870509, 21.88654343], [86.60888536, 21.88656026], [86.60883367, 21.88484846], [86.60882612, 21.88458075], [86.60797141, 21.8845676], [86.60797039, 21.88409708], [86.60778427, 21.88403575], [86.60765906, 21.88410941], [86.60757886, 21.88398706], [86.60755499, 21.88385482], [86.60757841, 21.88361034], [86.6072389, 21.88375981], [86.60724154, 21.8837621], [86.60725146, 21.88376671], [86.60728034, 21.88377371], [86.60734325, 21.8838021], [86.60734968, 21.88382772], [86.60733331, 21.88387451], [86.60732725, 21.88388154], [86.60726427, 21.88389028], [86.6072378, 21.88383587], [86.60723748, 21.88383353], [86.60723163, 21.8837575], [86.60756897, 21.88359742], [86.60707205, 21.8835289], [86.60652747, 21.88344973], [86.60620166, 21.88340489], [86.60581071, 21.88354652], [86.60572157, 21.88352488], [86.60518309, 21.88350356], [86.60516225, 21.88390073], [86.60517557, 21.88392232], [86.60519494, 21.88396783], [86.60519621, 21.88402717], [86.60519489, 21.88403468], [86.60516574, 21.88406291], [86.60507559, 21.88404186], [86.60508282, 21.8839731], [86.60498532, 21.8839992], [86.60465131, 21.88397494], [86.60461193, 21.88403816], [86.60463684, 21.8840807], [86.60463883, 21.8840807], [86.60468211, 21.88414069], [86.60465376, 21.88416227], [86.60463764, 21.88416227], [86.60456742, 21.88415063], [86.60451861, 21.88416637], [86.60446494, 21.88419578], [86.60446071, 21.88419977], [86.60434634, 21.88418666], [86.60436556, 21.8842165], [86.604339, 21.88417653], [86.60428438, 21.88426215], [86.60422983, 21.88425896], [86.60422594, 21.88425687], [86.60419364, 21.88423383], [86.60405708, 21.88423846], [86.60402914, 21.88422458], [86.60400705, 21.88426183], [86.60403211, 21.88430708], [86.6040585, 21.88440369], [86.60401113, 21.88440952], [86.60397467, 21.88438557], [86.6039618, 21.88437838], [86.60394908, 21.88437351], [86.6039025, 21.88438861], [86.60383426, 21.88442685], [86.60375838, 21.88437562], [86.60372237, 21.88429841], [86.60368713, 21.88440065], [86.60373177, 21.88475989], [86.60376951, 21.88480156], [86.60378147, 21.88485463], [86.60386319, 21.88490797], [86.60386876, 21.88491346], [86.60389759, 21.88496014], [86.60388765, 21.88498201], [86.60406807, 21.88508724], [86.60412698, 21.88506263], [86.60416841, 21.88510002], [86.60414922, 21.88517726], [86.60409838, 21.88512755], [86.60407765, 21.88510727], [86.60388233, 21.88498471], [86.60384681, 21.88497623], [86.6038022, 21.88492752], [86.60379407, 21.88492488], [86.60373718, 21.88489827], [86.60373012, 21.8848099], [86.60368215, 21.88439832], [86.60365989, 21.88440059], [86.60333486, 21.88453299], [86.60331887, 21.8846056], [86.60336082, 21.88485972], [86.60344712, 21.88481414], [86.60353178, 21.88481919], [86.60352313, 21.88488356], [86.60348239, 21.88492179], [86.603384, 21.88497417], [86.6034719, 21.88506049], [86.60348987, 21.88514329], [86.60344136, 21.88520761], [86.60335035, 21.88516511], [86.60332403, 21.885053], [86.60337552, 21.88498529], [86.60331596, 21.8846132], [86.6031395, 21.88466515], [86.6033112, 21.88460556], [86.60331579, 21.88450832], [86.60327112, 21.88449604], [86.60326092, 21.88449849], [86.60324791, 21.88450584], [86.60324008, 21.88451069], [86.60321535, 21.88446439], [86.60322648, 21.88443748], [86.60315191, 21.88427163], [86.60301422, 21.88424644], [86.60279742, 21.88428426], [86.60263446, 21.88434772], [86.60268168, 21.8844246], [86.6026059, 21.88452835], [86.60245262, 21.88451531], [86.6022738, 21.8845052], [86.60215289, 21.88471345], [86.60197937, 21.88469195], [86.60197903, 21.88469258], [86.60190262, 21.88457535], [86.60187556, 21.88458455], [86.60183042, 21.88457648], [86.60181985, 21.88448375], [86.60173569, 21.88451532], [86.60168973, 21.88460863], [86.60164965, 21.88467177], [86.60153597, 21.88461321], [86.60151363, 21.88473216], [86.60148822, 21.88479779], [86.60143719, 21.88486941], [86.60155236, 21.88491679], [86.60150988, 21.88495297], [86.60150597, 21.88495659], [86.60147454, 21.88493722], [86.60137036, 21.88492748], [86.60127834, 21.8848758], [86.6010738, 21.88486215], [86.6009244, 21.8847831], [86.6006944, 21.8848126], [86.60068248, 21.88508369], [86.60079563, 21.88540962], [86.6008659, 21.88541507], [86.60088988, 21.88548102], [86.60080367, 21.88554242], [86.6008536, 21.88569709], [86.60095004, 21.88572636], [86.600951, 21.88583346], [86.60096925, 21.88597432], [86.60105136, 21.88614743], [86.6010733, 21.88624288], [86.60107483, 21.88624216], [86.60071393, 21.88694054], [86.60101915, 21.88705602], [86.60111579, 21.88694699], [86.60101845, 21.88705858], [86.60080971, 21.88697738], [86.60071771, 21.88694263], [86.60055199, 21.88735438], [86.60052121, 21.88753748], [86.60055222, 21.88758672], [86.60053846, 21.88762517], [86.60055177, 21.88768976], [86.60085644, 21.88765455], [86.6008597, 21.88763123], [86.60089443, 21.88758961], [86.6009653, 21.88765536], [86.60159391, 21.8875119], [86.60096239, 21.88766178], [86.60093948, 21.88771111], [86.60088573, 21.88771907], [86.60087374, 21.88766544], [86.60055138, 21.88769188], [86.60054898, 21.88769491], [86.60052782, 21.88776377], [86.60050201, 21.88782501], [86.60048985, 21.88793892], [86.60047361, 21.88806237], [86.60044524, 21.8881322], [86.60053599, 21.88809152], [86.60058058, 21.88809152], [86.60069034, 21.88815882], [86.60093019, 21.88817716], [86.60086659, 21.88806652], [86.60076922, 21.88801813], [86.60088213, 21.88792664], [86.60098647, 21.88784919], [86.60102435, 21.88771403], [86.60112542, 21.88767808], [86.6012904, 21.88771038], [86.60146045, 21.88780941], [86.60148407, 21.88798666], [86.60157281, 21.88791365], [86.60163952, 21.88795841], [86.60164432, 21.88796404], [86.6016788, 21.88807812], [86.60160549, 21.88810899], [86.60095431, 21.88819597], [86.60063732, 21.88816977], [86.60062107, 21.88820724], [86.6005818, 21.8882205], [86.60053105, 21.88823383], [86.60049931, 21.88828008], [86.6004891, 21.88839332], [86.60051679, 21.88833907], [86.60055128, 21.88833907], [86.60056957, 21.88839942], [86.60073087, 21.88838456], [86.60057122, 21.88840146], [86.60055993, 21.88846744], [86.60051226, 21.88848495], [86.60050267, 21.8886808]], [[86.60081442, 21.88835302], [86.60084059, 21.88836103], [86.60086699, 21.88834503], [86.60087811, 21.88828201], [86.6009142, 21.88825684], [86.60091798, 21.88825684], [86.60096407, 21.8882723], [86.60098914, 21.88832298], [86.60098733, 21.88832319], [86.60096913, 21.88836705], [86.60091386, 21.8884096], [86.60087074, 21.88839128], [86.6008639, 21.888426], [86.60083173, 21.88847999], [86.60075258, 21.88846535], [86.60074389, 21.88838336], [86.60074581, 21.88838318], [86.60075997, 21.88835902], [86.60080865, 21.88835302], [86.60081442, 21.88835302]], [[86.60114053, 21.88820345], [86.60117932, 21.88821859], [86.60118637, 21.88823573], [86.60121831, 21.88823573], [86.60124361, 21.8881753], [86.60124923, 21.88817157], [86.60129931, 21.88817343], [86.60130488, 21.88817343], [86.60134769, 21.88819591], [86.60134606, 21.88823764], [86.60137958, 21.88821289], [86.60143254, 21.8881567], [86.60146779, 21.88816041], [86.60148986, 21.888211], [86.60149733, 21.88826454], [86.60145682, 21.88830349], [86.60140671, 21.88829518], [86.60136783, 21.88827284], [86.60128097, 21.88827921], [86.6012031, 21.88829838], [86.60099731, 21.88832205], [86.60111413, 21.88830546], [86.60109643, 21.88827423], [86.60109133, 21.88821859], [86.60114053, 21.88820345]], [[86.60159365, 21.88738321], [86.60158374, 21.8873837], [86.60154416, 21.88737627], [86.60153837, 21.88736905], [86.60153855, 21.88736155], [86.60157481, 21.88733188], [86.60158272, 21.88732966], [86.60162432, 21.88728773], [86.60166332, 21.88722058], [86.60169199, 21.88726471], [86.60169199, 21.88727011], [86.60169007, 21.88734125], [86.60166047, 21.88741531], [86.60174344, 21.8874367], [86.60182942, 21.88748423], [86.60195629, 21.88735986], [86.60191555, 21.88735842], [86.60190353, 21.8872975], [86.60195987, 21.88727827], [86.60199619, 21.88731126], [86.60213441, 21.88708026], [86.6020945, 21.88706042], [86.60209263, 21.88700609], [86.60215513, 21.88696874], [86.60220147, 21.88698164], [86.6022218, 21.88702722], [86.60213797, 21.88707859], [86.60199458, 21.88731679], [86.60200841, 21.88732237], [86.6020662, 21.88734684], [86.60207056, 21.88735261], [86.60203839, 21.88736409], [86.60195873, 21.88736935], [86.60183361, 21.88749209], [86.60192963, 21.8874966], [86.60193013, 21.88750843], [86.60191981, 21.88756999], [86.60197936, 21.88760236], [86.60201594, 21.88764464], [86.60209196, 21.88761346], [86.60207947, 21.88755236], [86.60216011, 21.88751008], [86.60220796, 21.88748601], [86.60225478, 21.88749056], [86.60224486, 21.88752387], [86.60224407, 21.8876058], [86.60224149, 21.88761711], [86.60218555, 21.88766568], [86.60217146, 21.88767034], [86.60216936, 21.88767034], [86.60210569, 21.88762526], [86.60201237, 21.88765163], [86.6020158, 21.88772192], [86.60198024, 21.88779328], [86.60192068, 21.8877276], [86.60188861, 21.88763594], [86.60182087, 21.88759364], [86.60177293, 21.88755106], [86.60172416, 21.88751904], [86.60164405, 21.8875], [86.60162802, 21.88750381], [86.60163469, 21.88742703], [86.60163501, 21.8873911], [86.60159759, 21.88738489], [86.60159365, 21.88738321]], [[86.6011203, 21.88673739], [86.6011087, 21.8866601], [86.60130253, 21.88667728], [86.60133549, 21.88674502], [86.60134318, 21.88679673], [86.60122111, 21.88682814], [86.60122323, 21.88682576], [86.60115144, 21.88682576], [86.60113673, 21.88679674], [86.6011203, 21.88673739]], [[86.60164342, 21.8862655], [86.60196314, 21.88624828], [86.60195777, 21.88616453], [86.60196039, 21.88616701], [86.60203047, 21.88606541], [86.60209572, 21.8860796], [86.60217672, 21.88604757], [86.60218329, 21.88580923], [86.60211987, 21.88586089], [86.60205636, 21.88582888], [86.60203859, 21.88573705], [86.60215775, 21.88570092], [86.60218364, 21.88580088], [86.60218159, 21.88594428], [86.60229626, 21.88596795], [86.60230006, 21.88603484], [86.60220954, 21.88604742], [86.60219322, 21.88604508], [86.60209835, 21.88608202], [86.60206196, 21.88619175], [86.60196842, 21.8862534], [86.6021644, 21.88627339], [86.60224907, 21.88618317], [86.6022575, 21.88618058], [86.60233462, 21.88621349], [86.60232649, 21.88632821], [86.60232365, 21.88632821], [86.6022035, 21.88635489], [86.60220273, 21.88635548], [86.60217826, 21.88627857], [86.6019693, 21.88625609], [86.60164284, 21.88627069], [86.60136649, 21.88633019], [86.60130917, 21.88634895], [86.60124307, 21.88641673], [86.60123972, 21.88641945], [86.60118533, 21.88640038], [86.60115975, 21.88639778], [86.60114815, 21.88639783], [86.60115132, 21.88631972], [86.60107928, 21.88624006], [86.60119319, 21.88618641], [86.60132905, 21.88622539], [86.60137261, 21.88632753], [86.60164342, 21.8862655]], [[86.60212944, 21.88659943], [86.60217746, 21.88664806], [86.60216375, 21.88669407], [86.60212235, 21.88668826], [86.60211532, 21.88664802], [86.60213688, 21.8865655], [86.60213701, 21.88656269], [86.60208201, 21.88655146], [86.60209046, 21.88644651], [86.60209288, 21.88644461], [86.60220802, 21.88646284], [86.60218483, 21.8865375], [86.60214617, 21.88655427], [86.60212944, 21.88659943]], [[86.6022121, 21.88560154], [86.60221341, 21.88559604], [86.60222695, 21.88560165], [86.6022121, 21.88560154]], [[86.60461508, 21.88429717], [86.60462035, 21.88435464], [86.60462002, 21.88437543], [86.60456423, 21.88435077], [86.60445998, 21.88435862], [86.60442209, 21.8843016], [86.60446651, 21.88425053], [86.60450081, 21.88426283], [86.60454589, 21.88425921], [86.60461508, 21.88429717]], [[86.60478614, 21.88449699], [86.60480023, 21.88443801], [86.60480017, 21.88443371], [86.60485846, 21.88441298], [86.60486055, 21.88441293], [86.60488676, 21.88445508], [86.60486218, 21.88448387], [86.60481362, 21.88448963], [86.60463448, 21.88454293], [86.60459606, 21.88453233], [86.60458786, 21.884668], [86.60459191, 21.88452574], [86.60459715, 21.88447747], [86.60462002, 21.88437544], [86.60461894, 21.88444297], [86.60465878, 21.88447067], [86.60465611, 21.88452504], [86.60478614, 21.88449699]], [[86.60464531, 21.88490428], [86.60464077, 21.88490437], [86.60456798, 21.8849059], [86.60458069, 21.88484568], [86.60458337, 21.88482589], [86.60458371, 21.88481399], [86.60464593, 21.88485173], [86.60468399, 21.88489085], [86.60465889, 21.88490903], [86.60464531, 21.88490428]], [[86.602905, 21.88504834], [86.60294738, 21.88506939], [86.60290654, 21.88505989], [86.60288231, 21.88492942], [86.60283551, 21.88491551], [86.6028123, 21.88484147], [86.60287761, 21.88475604], [86.60297798, 21.88472121], [86.60295982, 21.88477198], [86.60294312, 21.88483348], [86.60289606, 21.88492665], [86.602905, 21.88504834]], [[86.60297625, 21.88516853], [86.60296509, 21.88516854], [86.60284466, 21.88514785], [86.60283419, 21.88514194], [86.60282307, 21.88514196], [86.60267949, 21.88517977], [86.6026692, 21.88519456], [86.60256425, 21.88522652], [86.60255032, 21.88522632], [86.60248395, 21.88520451], [86.60258634, 21.88513174], [86.60298075, 21.88508597], [86.60301005, 21.88510052], [86.60311919, 21.88512043], [86.60307219, 21.88515587], [86.60297625, 21.88516853]], [[86.60189507, 21.88494451], [86.6019047, 21.88491072], [86.60185208, 21.88484867], [86.60186962, 21.88480327], [86.60195002, 21.88474709], [86.60193223, 21.88478051], [86.60192101, 21.88483626], [86.60190379, 21.88492156], [86.60189507, 21.88494451]], [[86.60186499, 21.8850501], [86.60187085, 21.88502952], [86.60199306, 21.88506365], [86.60207005, 21.88511798], [86.60193069, 21.88510034], [86.60186499, 21.8850501]], [[86.60134447, 21.88696027], [86.60137746, 21.8869688], [86.60139476, 21.88699459], [86.60138341, 21.8870324], [86.60133146, 21.88715967], [86.6012242, 21.88713862], [86.60104789, 21.88707003], [86.60117686, 21.8871162], [86.60123472, 21.88699748], [86.60130518, 21.88698022], [86.60134447, 21.88696027]]], [[[86.61051412, 21.88910568], [86.61051182, 21.88917918], [86.61071733, 21.8892166], [86.61082418, 21.88922199], [86.61094348, 21.88910708], [86.61103159, 21.88905937], [86.61107445, 21.88896888], [86.61114079, 21.88892467], [86.6112966, 21.88883822], [86.6113636, 21.88881936], [86.61140017, 21.88876352], [86.61142626, 21.88868485], [86.61143459, 21.88864419], [86.61141161, 21.88860155], [86.61144014, 21.88859874], [86.61145948, 21.88854886], [86.61141433, 21.88853523], [86.61137737, 21.88856259], [86.61135527, 21.88850826], [86.61140126, 21.88848696], [86.61142683, 21.88848961], [86.61145254, 21.88849492], [86.61148295, 21.88842166], [86.61148388, 21.88832981], [86.61145207, 21.8882716], [86.61142917, 21.8882443], [86.61139452, 21.8882443], [86.61135364, 21.88828974], [86.61130418, 21.88830248], [86.61126631, 21.88829124], [86.61122684, 21.88828532], [86.6112188, 21.88825592], [86.61118638, 21.88825258], [86.6111636, 21.88825908], [86.61113899, 21.88829124], [86.61114995, 21.88839777], [86.61118304, 21.8884274], [86.61118674, 21.88842953], [86.61123674, 21.88844016], [86.61126116, 21.8884577], [86.61126125, 21.88846204], [86.61122984, 21.88847697], [86.61114405, 21.88847464], [86.61110889, 21.8884549], [86.61112047, 21.88841266], [86.61110088, 21.88837066], [86.61108681, 21.88834085], [86.61110747, 21.88828221], [86.61110631, 21.88823434], [86.6111012, 21.88823332], [86.61110639, 21.88820537], [86.6111439, 21.88818063], [86.61113617, 21.88811899], [86.61112869, 21.88810209], [86.61112551, 21.88808301], [86.6111489, 21.88806832], [86.6111497, 21.88800479], [86.61113597, 21.88799677], [86.61111716, 21.88797293], [86.61112504, 21.88793783], [86.61114142, 21.8879263], [86.61115202, 21.88788495], [86.61116291, 21.8877635], [86.61138963, 21.88775728], [86.61140095, 21.88769901], [86.6114002, 21.8876422], [86.61131777, 21.88763925], [86.61127956, 21.8876363], [86.6112659, 21.88757529], [86.61129532, 21.88753553], [86.61136142, 21.88753272], [86.61138402, 21.88749372], [86.61137415, 21.88732389], [86.61132208, 21.88734182], [86.61122272, 21.88735731], [86.61094021, 21.88739917], [86.61067746, 21.88743219], [86.61072044, 21.88748769], [86.61067475, 21.88743087], [86.6105983, 21.887835], [86.6105717, 21.8881564], [86.6105704, 21.88827187], [86.61060224, 21.88828113], [86.61057719, 21.88827443], [86.61052912, 21.88830857], [86.61049339, 21.88833416], [86.61046892, 21.88837927], [86.61046151, 21.88842943], [86.61073743, 21.88846429], [86.6104685, 21.8884316], [86.61043205, 21.88853253], [86.61040961, 21.88861002], [86.61039867, 21.888679], [86.61036147, 21.88870254], [86.61033193, 21.88877489], [86.61034057, 21.88883407], [86.61047278, 21.88883091], [86.61051115, 21.88878309], [86.61047467, 21.88883407], [86.61054442, 21.8888335], [86.61052895, 21.88899874], [86.61051412, 21.88910568]], [[86.61056665, 21.8887055], [86.61054888, 21.88873034], [86.61049981, 21.88869663], [86.61053614, 21.88867315], [86.61057045, 21.88868486], [86.61056665, 21.8887055]], [[86.6109232, 21.88828682], [86.61091567, 21.88829435], [86.61090012, 21.88828454], [86.61089334, 21.88824655], [86.61086597, 21.88826097], [86.6108602, 21.88826839], [86.6108167, 21.88828247], [86.61081315, 21.88828238], [86.61080449, 21.88825562], [86.6108049, 21.88824999], [86.61083351, 21.88819306], [86.61090721, 21.88821873], [86.61097656, 21.8882041], [86.61107584, 21.88822829], [86.61101134, 21.8882155], [86.6110054, 21.8882343], [86.61097011, 21.88823224], [86.6109232, 21.88828682]], [[86.61076961, 21.88753387], [86.61074973, 21.88752411], [86.61074498, 21.88751821], [86.61078601, 21.88749152], [86.6107918, 21.88752162], [86.61079166, 21.887523], [86.61076961, 21.88753387]], [[86.61071065, 21.88825932], [86.6107173, 21.88826336], [86.610724, 21.8882673], [86.61073624, 21.88828861], [86.6107359, 21.88829246], [86.61069216, 21.88830473], [86.61068176, 21.88830241], [86.61066003, 21.8882966], [86.61067996, 21.88826775], [86.61068617, 21.88825845], [86.61070227, 21.88825522], [86.61071065, 21.88825932]], [[86.61086491, 21.88847979], [86.61086384, 21.88847966], [86.6108899, 21.8884338], [86.61092381, 21.88845351], [86.61091974, 21.88849602], [86.61086491, 21.88847979]]], [[[86.62545522, 21.89638721], [86.62548836, 21.89636612], [86.62549088, 21.89636379], [86.62558096, 21.89640397], [86.62558572, 21.89640279], [86.62561535, 21.89646421], [86.62562057, 21.89647159], [86.62563803, 21.89653539], [86.62615411, 21.89689323], [86.62615442, 21.89689288], [86.62636859, 21.89710874], [86.62636392, 21.89711959], [86.62656107, 21.89738268], [86.62661032, 21.89742942], [86.62661135, 21.89742504], [86.62665123, 21.89740596], [86.626688, 21.89743335], [86.62670801, 21.89748088], [86.62675232, 21.89748488], [86.62679937, 21.89748523], [86.62682247, 21.89744603], [86.6268506, 21.89744797], [86.62687921, 21.89750107], [86.6268833, 21.89750107], [86.62692421, 21.89750107], [86.62693239, 21.89750107], [86.62698197, 21.89747341], [86.62703057, 21.89745187], [86.62704694, 21.89747538], [86.62706943, 21.89750107], [86.62705719, 21.897527], [86.62708642, 21.89754913], [86.62708849, 21.89754913], [86.62714501, 21.8975694], [86.62715415, 21.89762487], [86.62715391, 21.89762902], [86.62711012, 21.89765826], [86.62704801, 21.89761865], [86.62703114, 21.8975694], [86.62701594, 21.89755317], [86.62697585, 21.89760832], [86.62692709, 21.89761659], [86.62686874, 21.89765407], [86.62693346, 21.89772408], [86.62692062, 21.89776957], [86.62694847, 21.89774773], [86.62698339, 21.89773036], [86.62700706, 21.89778716], [86.62706952, 21.89781817], [86.62704797, 21.89789476], [86.62732537, 21.8982012], [86.6273282, 21.89819858], [86.62741077, 21.8982316], [86.62756255, 21.89814957], [86.62762839, 21.89815526], [86.62765618, 21.89813626], [86.62767635, 21.89809694], [86.62772441, 21.8981398], [86.62774767, 21.8981673], [86.62780238, 21.89817581], [86.62780425, 21.89823078], [86.62777669, 21.89826983], [86.62779406, 21.89827913], [86.6277866, 21.89829525], [86.62777855, 21.89832538], [86.62780622, 21.89834354], [86.62782536, 21.89837229], [86.62782215, 21.89837203], [86.62779301, 21.89841754], [86.6277833, 21.89843865], [86.62775946, 21.89847881], [86.62773484, 21.89852028], [86.62776917, 21.89858676], [86.62782675, 21.89865853], [86.62789891, 21.89873048], [86.62791511, 21.89874954], [86.62795124, 21.8987924], [86.62793832, 21.89882036], [86.62789275, 21.89884298], [86.62857494, 21.89880329], [86.62849979, 21.89845763], [86.62846545, 21.89842131], [86.62834723, 21.8983869], [86.62834445, 21.89841697], [86.62835915, 21.898463], [86.62832589, 21.89847413], [86.62830388, 21.89844754], [86.62830241, 21.89840402], [86.62832419, 21.89837839], [86.62846528, 21.89841914], [86.6284745, 21.89838952], [86.62851096, 21.89834425], [86.62849331, 21.89825042], [86.62845937, 21.89815417], [86.62845149, 21.89806965], [86.62843738, 21.89797348], [86.62836801, 21.89799614], [86.62828588, 21.8979916], [86.62829846, 21.89792858], [86.62829581, 21.89792789], [86.62833297, 21.89790634], [86.6283328, 21.89781877], [86.62835227, 21.89778007], [86.62839121, 21.89776726], [86.6284408, 21.89777153], [86.62844683, 21.89761313], [86.62842055, 21.89757264], [86.6283736, 21.89753662], [86.62834789, 21.89751056], [86.62829918, 21.89749906], [86.62825629, 21.89750193], [86.62812992, 21.89752211], [86.62802961, 21.89751922], [86.62802674, 21.89751922], [86.62797225, 21.89751922], [86.62797137, 21.89746976], [86.62796859, 21.89746969], [86.62796105, 21.89743831], [86.62796324, 21.89741285], [86.62800764, 21.89741104], [86.62802722, 21.89742735], [86.62801291, 21.89746045], [86.62806832, 21.89743282], [86.62813333, 21.89745304], [86.62835749, 21.89746603], [86.6284001, 21.89745015], [86.62844589, 21.89741159], [86.62843106, 21.89725441], [86.62836739, 21.89718605], [86.62836674, 21.89716686], [86.62835119, 21.89708694], [86.62840168, 21.89708029], [86.6283946, 21.89699842], [86.62840414, 21.89696493], [86.62844115, 21.89689254], [86.62845762, 21.89660349], [86.62828363, 21.89661941], [86.62821236, 21.8966184], [86.62821126, 21.89661906], [86.62816797, 21.89655613], [86.62817676, 21.89640313], [86.62783186, 21.89629532], [86.62776435, 21.89637308], [86.62776468, 21.89636977], [86.6277251, 21.89633095], [86.62736625, 21.89659299], [86.62738794, 21.89661634], [86.62738476, 21.89664685], [86.62736192, 21.89666924], [86.62733542, 21.89664362], [86.62733498, 21.89664412], [86.62734582, 21.89660629], [86.62772218, 21.89633236], [86.62772646, 21.89629962], [86.62772992, 21.89629235], [86.62778819, 21.89628146], [86.62818421, 21.89640313], [86.62820109, 21.89634729], [86.62822093, 21.89615359], [86.62830032, 21.89593168], [86.62843278, 21.89581831], [86.62840181, 21.89566165], [86.62846559, 21.89550064], [86.62849715, 21.89526803], [86.6285146, 21.89507588], [86.62849904, 21.89526396], [86.62861194, 21.89521773], [86.62877439, 21.89515878], [86.6288062, 21.89515878], [86.62881512, 21.89511991], [86.6287766, 21.89508625], [86.62875539, 21.89501519], [86.62875852, 21.89492267], [86.62874056, 21.89483235], [86.62873833, 21.89474487], [86.62871951, 21.8945679], [86.62868576, 21.89449623], [86.62859062, 21.89450086], [86.62857702, 21.8945005], [86.62856287, 21.8944684], [86.62854607, 21.8944753], [86.62851271, 21.89452436], [86.62841721, 21.89455416], [86.62826445, 21.89451955], [86.6281948, 21.89454363], [86.6282278, 21.89454126], [86.62825211, 21.89457284], [86.62824805, 21.89460483], [86.6282478, 21.89460789], [86.62823899, 21.89461656], [86.62822149, 21.89462245], [86.62818754, 21.89461069], [86.62818801, 21.89454597], [86.62814052, 21.89456239], [86.62777876, 21.8946205], [86.62774277, 21.89441942], [86.62869258, 21.89431904], [86.62867375, 21.89418587], [86.6286718, 21.89403021], [86.62862616, 21.89365561], [86.62858219, 21.89365531], [86.62846481, 21.89363141], [86.62852408, 21.89358401], [86.62855984, 21.89358401], [86.62876573, 21.89349999], [86.62891519, 21.89344882], [86.62881422, 21.89305817], [86.62879409, 21.89302085], [86.6288291, 21.89282333], [86.62873057, 21.89286105], [86.62867267, 21.89288145], [86.62868717, 21.89290676], [86.62868904, 21.89292509], [86.62870098, 21.89295672], [86.62870551, 21.89298324], [86.6286987, 21.89300245], [86.62868522, 21.8930455], [86.62866231, 21.89304947], [86.62864372, 21.89304154], [86.62862329, 21.89307752], [86.62858729, 21.89307954], [86.62856282, 21.89306343], [86.62856137, 21.89303956], [86.62860117, 21.89302188], [86.62859066, 21.89299859], [86.62856699, 21.89298706], [86.62854135, 21.89300052], [86.62852447, 21.89301603], [86.62850063, 21.89303956], [86.62846515, 21.89304748], [86.62843499, 21.89305943], [86.62843006, 21.89308156], [86.62843067, 21.89311015], [86.62844227, 21.89313712], [86.628443, 21.89316666], [86.62840207, 21.89315605], [86.62840915, 21.89313503], [86.6283907, 21.8931267], [86.62838135, 21.89309988], [86.62838307, 21.89308561], [86.62835771, 21.89309784], [86.62833581, 21.89311221], [86.62833191, 21.89314551], [86.62834276, 21.89319453], [86.62832205, 21.89320973], [86.62830734, 21.89318806], [86.62828717, 21.89317092], [86.62828756, 21.89315183], [86.62829173, 21.8931267], [86.62826275, 21.89311427], [86.62827617, 21.89308764], [86.62828219, 21.89306143], [86.62823695, 21.89306945], [86.62821161, 21.89311427], [86.62818359, 21.8931267], [86.62815219, 21.89313086], [86.62811446, 21.89314551], [86.62809227, 21.89312254], [86.62810068, 21.89310809], [86.62812577, 21.89308764], [86.62811352, 21.89308156], [86.62811482, 21.89306343], [86.62821674, 21.89303561], [86.6282398, 21.89303956], [86.62827887, 21.89304947], [86.62832746, 21.89302579], [86.62836123, 21.89298898], [86.62839967, 21.89296803], [86.62849813, 21.89293989], [86.62855616, 21.89292508], [86.6285578, 21.89289586], [86.62857234, 21.89288324], [86.62859803, 21.89288504], [86.62864575, 21.89288504], [86.62872827, 21.89286184], [86.62882409, 21.89282333], [86.62890246, 21.89279636], [86.62894583, 21.89277782], [86.62898916, 21.89276204], [86.62909762, 21.89273338], [86.6291614, 21.89272821], [86.62918825, 21.89274116], [86.62918287, 21.89271641], [86.6291573, 21.89264549], [86.6291387, 21.89263475], [86.62913494, 21.89259703], [86.62913386, 21.89254151], [86.62913347, 21.89254008], [86.62913114, 21.89253151], [86.62913137, 21.89249915], [86.62910894, 21.8924459], [86.62909814, 21.89239315], [86.62912295, 21.89234502], [86.62905065, 21.892357], [86.62899953, 21.89238509], [86.62892015, 21.89237303], [86.62887214, 21.892361], [86.62886106, 21.8923291], [86.62884544, 21.8922667], [86.6286794, 21.89219727], [86.62866925, 21.89220908], [86.62865391, 21.89226427], [86.62865383, 21.89230353], [86.62866257, 21.89235871], [86.6286999, 21.89239457], [86.6287106, 21.89242841], [86.62869966, 21.89249768], [86.62862386, 21.89249768], [86.62853959, 21.89247882], [86.6285218, 21.89242579], [86.62847967, 21.89239716], [86.62852452, 21.89242317], [86.62857383, 21.89236635], [86.62862515, 21.8923689], [86.6285982, 21.89233597], [86.62859108, 21.89227158], [86.62860143, 21.8922305], [86.62863156, 21.89217386], [86.62884549, 21.89226427], [86.62883168, 21.89219229], [86.62883199, 21.89215782], [86.6288548, 21.89208598], [86.62881936, 21.89203383], [86.62881856, 21.8919532], [86.62882368, 21.89189555], [86.62879622, 21.89166616], [86.62852286, 21.89169327], [86.62837514, 21.89167969], [86.62817764, 21.89165604], [86.62800623, 21.89163254], [86.62789947, 21.89163254], [86.6276337, 21.89168647], [86.62743092, 21.8917451], [86.62748594, 21.89175113], [86.62753272, 21.89178752], [86.62755854, 21.89185828], [86.62756016, 21.89186761], [86.62756208, 21.891959], [86.62756168, 21.89199747], [86.6275996, 21.8920341], [86.62759154, 21.89209205], [86.62748207, 21.89213523], [86.62734315, 21.89215867], [86.62726976, 21.89211524], [86.6272368, 21.89207887], [86.62723328, 21.89202333], [86.62721816, 21.89195899], [86.62719034, 21.8919304], [86.62718492, 21.89188633], [86.62719519, 21.89185828], [86.62719321, 21.89181505], [86.62658519, 21.89202332], [86.62650907, 21.89205262], [86.62647445, 21.89207228], [86.62652095, 21.89209204], [86.62655503, 21.89215194], [86.62654978, 21.89220257], [86.62655567, 21.8922642], [86.62661631, 21.89224698], [86.62669162, 21.89230583], [86.62669429, 21.89235495], [86.62661373, 21.89235142], [86.62658917, 21.89237618], [86.6266412, 21.89246953], [86.62659823, 21.89250602], [86.62652329, 21.89249138], [86.62645032, 21.89255023], [86.626405, 21.89252806], [86.62632311, 21.89256136], [86.62625938, 21.89260242], [86.62621401, 21.89263254], [86.62616485, 21.89263254], [86.62616762, 21.89272425], [86.62619005, 21.89278653], [86.62618182, 21.89283848], [86.6261454, 21.89293005], [86.6261306, 21.89295485], [86.62654767, 21.89286198], [86.62660975, 21.89284889], [86.62612917, 21.89295605], [86.62612452, 21.89301538], [86.62612026, 21.89306348], [86.62612602, 21.89311937], [86.62612168, 21.89324127], [86.62615389, 21.89323321], [86.62615801, 21.89323589], [86.62620081, 21.89326836], [86.62620392, 21.89327656], [86.62618741, 21.89336033], [86.62617146, 21.89339188], [86.62623634, 21.89358176], [86.6262952, 21.89359639], [86.62631897, 21.89365545], [86.62630394, 21.89374947], [86.6262839, 21.89386517], [86.62629044, 21.89398816], [86.62635818, 21.89406533], [86.62631409, 21.89408587], [86.62626892, 21.89412725], [86.62625221, 21.89442392], [86.62623882, 21.89463788], [86.62629016, 21.89465582], [86.62634889, 21.89468147], [86.62632283, 21.89472592], [86.62626842, 21.89474463], [86.62630427, 21.894771], [86.6263248, 21.89480522], [86.62628912, 21.8948014], [86.62624948, 21.89479377], [86.62624466, 21.89485141], [86.62623984, 21.8949691], [86.62626397, 21.89498679], [86.62630663, 21.89499745], [86.62636884, 21.89503685], [86.62634696, 21.89504406], [86.62626882, 21.89503685], [86.6262245, 21.8950153], [86.62621299, 21.89493054], [86.62601698, 21.89494979], [86.62593831, 21.89496262], [86.62585698, 21.89497112], [86.62559837, 21.89497382], [86.62537227, 21.89499804], [86.62533433, 21.89570105], [86.6253072, 21.89622224], [86.6253033, 21.89622392], [86.62534676, 21.89623693], [86.62542017, 21.89634758], [86.62545522, 21.89638721]], [[86.62778983, 21.89247217], [86.62786742, 21.89247119], [86.62780562, 21.89236352], [86.62786726, 21.8924693], [86.62793984, 21.89251113], [86.62793039, 21.89257224], [86.62786947, 21.89261903], [86.62783804, 21.89261274], [86.6277874, 21.89256298], [86.62778701, 21.89247217], [86.62759154, 21.89209205], [86.62778983, 21.89247217]], [[86.62554396, 21.89607847], [86.62554478, 21.89610025], [86.6255403, 21.89610624], [86.62550649, 21.89613647], [86.62536305, 21.89619821], [86.62547515, 21.89614667], [86.6254741, 21.89611626], [86.62550756, 21.89607651], [86.62554396, 21.89607847]], [[86.62685768, 21.89267613], [86.62689703, 21.89265416], [86.62688936, 21.89264426], [86.6268843, 21.89262073], [86.62688478, 21.89260908], [86.62689577, 21.8925822], [86.62689774, 21.8925822], [86.62692516, 21.89258984], [86.62693233, 21.89261684], [86.62693982, 21.89263639], [86.62697815, 21.89262073], [86.62700599, 21.89263835], [86.62700594, 21.89264624], [86.62699757, 21.89268217], [86.62696885, 21.89269837], [86.62693086, 21.89267011], [86.62689234, 21.89272502], [86.62686116, 21.89277737], [86.62680106, 21.8928052], [86.62676349, 21.89274708], [86.62673292, 21.89278002], [86.62673254, 21.89277987], [86.62678558, 21.89272295], [86.62682508, 21.89271472], [86.62684426, 21.89270041], [86.62685768, 21.89267613]], [[86.62671582, 21.89277321], [86.62673295, 21.8927785], [86.62673191, 21.89277962], [86.62671582, 21.89277321]], [[86.6283483, 21.89238427], [86.62837417, 21.89233597], [86.62845624, 21.89238357], [86.62843583, 21.89243893], [86.62837869, 21.89245745], [86.62834316, 21.89242317], [86.6283483, 21.89238427]], [[86.62831346, 21.8949111], [86.62826242, 21.89495564], [86.62823609, 21.89501576], [86.62811468, 21.89503292], [86.62802131, 21.8950231], [86.62806918, 21.89496514], [86.62821196, 21.89496276], [86.62819324, 21.89493442], [86.62816803, 21.8949204], [86.62818603, 21.89489494], [86.62822256, 21.89487934], [86.628232, 21.89480201], [86.62822545, 21.8948826], [86.62835029, 21.8949204], [86.62834991, 21.89492175], [86.62831346, 21.8949111]], [[86.62831052, 21.89510384], [86.62831033, 21.89510569], [86.62821642, 21.89513126], [86.62830996, 21.89510345], [86.62831052, 21.89510384]], [[86.62804053, 21.89603194], [86.62811211, 21.8960802], [86.62800289, 21.89620318], [86.62796649, 21.89614742], [86.62798075, 21.89606809], [86.62804053, 21.89603194]], [[86.62826361, 21.89696515], [86.62826869, 21.8969041], [86.62824419, 21.89687528], [86.62827102, 21.89683876], [86.62830733, 21.89684533], [86.62834873, 21.8970743], [86.62832646, 21.89695982], [86.62829961, 21.89698123], [86.62825524, 21.89699566], [86.62826361, 21.89696515]], [[86.62824147, 21.89707512], [86.62827281, 21.8970842], [86.62827531, 21.89708874], [86.62833005, 21.89714893], [86.62823596, 21.89717383], [86.62822535, 21.89711614], [86.62823908, 21.89707512], [86.62824147, 21.89707512]], [[86.62758297, 21.89748761], [86.62760188, 21.89744044], [86.62760679, 21.89743644], [86.62765429, 21.89746336], [86.6276765, 21.89746407], [86.62766997, 21.89750194], [86.62764571, 21.89754242], [86.62759012, 21.89752501], [86.62758297, 21.89748761]], [[86.6276774, 21.89737898], [86.62775567, 21.89732009], [86.62763483, 21.89741363], [86.6276774, 21.89737898]], [[86.62780473, 21.89728212], [86.62778834, 21.89729481], [86.62778137, 21.89727389], [86.62779277, 21.89725756], [86.62780306, 21.89725107], [86.62780473, 21.89728212]], [[86.62801111, 21.89790676], [86.6279176, 21.89780633], [86.62792257, 21.89781791], [86.62789274, 21.89785893], [86.62784798, 21.89784713], [86.62784852, 21.89780922], [86.62786394, 21.89775215], [86.6278955, 21.89778049], [86.62801363, 21.89790676], [86.62805972, 21.89786666], [86.62808378, 21.89787544], [86.62811078, 21.89788224], [86.62810398, 21.89793751], [86.62806394, 21.89798252], [86.62802234, 21.89795994], [86.62801111, 21.89790676]], [[86.62739987, 21.89806785], [86.6273785, 21.89806785], [86.62738865, 21.89803829], [86.62743142, 21.8980109], [86.62742783, 21.89803991], [86.62749855, 21.89804469], [86.62740671, 21.89812594], [86.62745371, 21.89808246], [86.62744751, 21.89806288], [86.62743087, 21.89806123], [86.62739987, 21.89806785]], [[86.62748188, 21.89788701], [86.62751807, 21.8978797], [86.62754984, 21.89791513], [86.62756952, 21.89793924], [86.62758036, 21.89797931], [86.62755287, 21.89800611], [86.62752514, 21.89802695], [86.62750027, 21.89804317], [86.62750271, 21.89799186], [86.62747141, 21.89797723], [86.62744956, 21.89793691], [86.62748188, 21.89788701]], [[86.62671392, 21.89698941], [86.62676025, 21.89680381], [86.62671788, 21.89680696], [86.62667202, 21.89684184], [86.62662982, 21.89681959], [86.62664853, 21.89679125], [86.62668218, 21.89675084], [86.62669325, 21.89673061], [86.62672929, 21.89668033], [86.62675429, 21.89668415], [86.62678119, 21.89672082], [86.62715025, 21.89693796], [86.62678119, 21.89672277], [86.62663604, 21.89732004], [86.62669773, 21.89705762], [86.62667592, 21.89702672], [86.62668875, 21.89700292], [86.62671392, 21.89698941]], [[86.62737908, 21.89696305], [86.62739263, 21.89691889], [86.62739675, 21.89691889], [86.62743654, 21.89693422], [86.627454, 21.89698553], [86.62745541, 21.89702901], [86.62742403, 21.897057], [86.62740103, 21.89707352], [86.62734636, 21.89705231], [86.62720659, 21.89697081], [86.62730441, 21.8970267], [86.62733743, 21.897006], [86.62738979, 21.89700372], [86.62737908, 21.89696305]], [[86.62663973, 21.8961509], [86.62670263, 21.89611328], [86.62672174, 21.89607656], [86.62673541, 21.89604852], [86.62664857, 21.8957332], [86.62670636, 21.89568604], [86.62674426, 21.89565648], [86.62675182, 21.89565593], [86.62674167, 21.89565529], [86.62670183, 21.89568698], [86.62662942, 21.89572498], [86.62652234, 21.8956986], [86.62649421, 21.89573088], [86.62644389, 21.89582379], [86.62631575, 21.89579372], [86.62626969, 21.89578139], [86.62625726, 21.89572096], [86.62627508, 21.89560646], [86.62630396, 21.89551363], [86.62630809, 21.89551363], [86.62633622, 21.89542307], [86.62634788, 21.89532597], [86.62636688, 21.89523991], [86.62645613, 21.89515587], [86.62654279, 21.89512692], [86.62662106, 21.89516002], [86.62670815, 21.89520606], [86.62677528, 21.89520185], [86.62680574, 21.89516003], [86.62680722, 21.89507378], [86.62677561, 21.89489203], [86.62674766, 21.89481969], [86.62680028, 21.89480529], [86.62684785, 21.89479718], [86.62694873, 21.89476826], [86.62706212, 21.89472415], [86.62747316, 21.89461979], [86.62750658, 21.89461979], [86.62750273, 21.89464793], [86.62747062, 21.89465092], [86.62742316, 21.89466744], [86.62736602, 21.89468108], [86.62726751, 21.89471019], [86.62719319, 21.89472883], [86.62709658, 21.8947603], [86.6270394, 21.89477945], [86.62695251, 21.89480204], [86.62688773, 21.89480854], [86.62680572, 21.89485138], [86.62682457, 21.89496285], [86.6268633, 21.89503831], [86.62688624, 21.8951312], [86.62691342, 21.89520974], [86.62698957, 21.89513084], [86.62693684, 21.89504991], [86.62696568, 21.89499335], [86.62713095, 21.8949062], [86.62702699, 21.8949633], [86.62704497, 21.89499803], [86.62704399, 21.89504991], [86.62702311, 21.89509967], [86.62691284, 21.89521468], [86.62691802, 21.89527866], [86.62692207, 21.89527639], [86.62693934, 21.89537278], [86.62697492, 21.89550566], [86.62697804, 21.89556263], [86.62695453, 21.89560256], [86.62695573, 21.89560146], [86.6269787, 21.89557338], [86.62706108, 21.89554808], [86.62709402, 21.89549751], [86.62714435, 21.89549415], [86.62714896, 21.8954967], [86.62717472, 21.89554386], [86.6272526, 21.89549932], [86.62725506, 21.89549935], [86.62728884, 21.89552619], [86.6273059, 21.89550778], [86.6274012, 21.89547361], [86.62744961, 21.89550644], [86.62770174, 21.89552005], [86.62772514, 21.8958382], [86.62743952, 21.89590964], [86.62741736, 21.89594212], [86.62735297, 21.89595278], [86.62730974, 21.89598496], [86.6272517, 21.89601022], [86.62720899, 21.89598137], [86.6271514, 21.89598137], [86.62708615, 21.89599216], [86.62706278, 21.89607279], [86.62701801, 21.89605399], [86.62694147, 21.89599937], [86.62689094, 21.89599936], [86.62682024, 21.89602474], [86.62676285, 21.89605766], [86.62674162, 21.89612828], [86.62675167, 21.89621973], [86.62668591, 21.89637234], [86.6267281, 21.89627403], [86.62666579, 21.89621973], [86.6266331, 21.8961775], [86.62663973, 21.8961509]], [[86.62707489, 21.89518795], [86.62703217, 21.89521457], [86.62701443, 21.89522434], [86.62700523, 21.89514842], [86.6270438, 21.89514515], [86.6270591, 21.89514842], [86.62707489, 21.89518795]], [[86.62758415, 21.89457259], [86.62759688, 21.89461185], [86.62754569, 21.8946784], [86.62744035, 21.89473625], [86.6275469, 21.89467573], [86.6274995, 21.89455639], [86.62755365, 21.89454348], [86.62758415, 21.89457259]], [[86.62575605, 21.89562031], [86.62581637, 21.8955622], [86.62581651, 21.89556016], [86.62588563, 21.89559474], [86.62591562, 21.89568626], [86.62595948, 21.89569834], [86.62591687, 21.89568693], [86.62589569, 21.89573748], [86.62579659, 21.89572893], [86.62575605, 21.89562031]], [[86.62590976, 21.89587757], [86.62591175, 21.89591556], [86.62590748, 21.89591579], [86.6258502, 21.89593383], [86.62583757, 21.89587504], [86.6258728, 21.89579207], [86.62584646, 21.89585491], [86.62586094, 21.89585491], [86.62588265, 21.89585491], [86.62590976, 21.89587757]], [[86.62613885, 21.89590298], [86.62613996, 21.89590306], [86.62612856, 21.89590368], [86.62613885, 21.89590298]], [[86.62618842, 21.89599139], [86.62616929, 21.8959861], [86.62614135, 21.89590315], [86.62621617, 21.8959081], [86.62623043, 21.89593125], [86.62623278, 21.89597293], [86.62618842, 21.89599139]], [[86.62633959, 21.8965202], [86.62634544, 21.8965223], [86.62638148, 21.89652651], [86.62641658, 21.89654344], [86.62641243, 21.89659518], [86.626392, 21.89661839], [86.62632503, 21.89658211], [86.62629139, 21.89653495], [86.62632028, 21.89649313], [86.62633959, 21.8965202]], [[86.62596941, 21.89622687], [86.62596573, 21.89619654], [86.6259472, 21.89618491], [86.62595304, 21.89615867], [86.62598399, 21.89612176], [86.62600141, 21.89610601], [86.62605098, 21.89606433], [86.62607372, 21.89605372], [86.62610695, 21.89605523], [86.62612689, 21.89607195], [86.62611966, 21.89609508], [86.62608904, 21.89609976], [86.62608764, 21.8961313], [86.62604683, 21.89617995], [86.625938, 21.89624745], [86.62596118, 21.89625858], [86.62599716, 21.89630424], [86.62575009, 21.896362], [86.62592265, 21.89631918], [86.62591826, 21.89628077], [86.62593469, 21.89624917], [86.62596941, 21.89622687]], [[86.62637623, 21.89617131], [86.62639512, 21.89621465], [86.626378, 21.89624597], [86.62632695, 21.89622714], [86.62629502, 21.8962346], [86.62628322, 21.896196], [86.62631951, 21.89615597], [86.62632254, 21.89615597], [86.62637623, 21.89617131]], [[86.62817187, 21.89835202], [86.62819888, 21.89837491], [86.62818851, 21.89839531], [86.62816347, 21.89839972], [86.62800134, 21.89838657], [86.62815127, 21.89839777], [86.62814033, 21.89835486], [86.62817049, 21.89835202], [86.62817187, 21.89835202]], [[86.6278938, 21.89680472], [86.62804681, 21.89671652], [86.62792432, 21.89678911], [86.62792699, 21.89684381], [86.6278942, 21.89684381], [86.6278938, 21.89680472]], [[86.62785906, 21.89697931], [86.62777051, 21.89682606], [86.62772333, 21.89683738], [86.62769043, 21.89680731], [86.62770578, 21.89677787], [86.62772618, 21.89675923], [86.62776056, 21.89641146], [86.62775805, 21.89644835], [86.6277299, 21.89675306], [86.62775522, 21.89679674], [86.62785906, 21.89697931]], [[86.62799851, 21.89713958], [86.62795997, 21.89714005], [86.62793884, 21.89711738], [86.62792978, 21.8971017], [86.62797874, 21.89708673], [86.62801492, 21.89709762], [86.62804092, 21.8971218], [86.62799851, 21.89713958]], [[86.6278526, 21.89721905], [86.62781959, 21.89717206], [86.62783699, 21.89714484], [86.62788516, 21.89713861], [86.62792089, 21.89714053], [86.62790813, 21.89714069], [86.627925, 21.8971784], [86.62789322, 21.89720183], [86.6278526, 21.89721905]], [[86.62719784, 21.89685401], [86.62717339, 21.89684354], [86.62717967, 21.89681399], [86.6273026, 21.89668039], [86.62720281, 21.89679216], [86.62722452, 21.8968228], [86.6272246, 21.89685101], [86.62719784, 21.89685401]], [[86.62771542, 21.8922261], [86.6277424, 21.89224214], [86.6277478, 21.8922635], [86.62771767, 21.89228642], [86.62768983, 21.89224861], [86.62770914, 21.89222291], [86.62771542, 21.8922261]]], [[[86.62446598, 21.92077581], [86.62455391, 21.92103644], [86.62462717, 21.92134462], [86.62468144, 21.92154191], [86.62548398, 21.92117788], [86.62560954, 21.92116113], [86.62559166, 21.92107833], [86.62557584, 21.92104566], [86.62553649, 21.92097042], [86.62550843, 21.92093331], [86.6254956, 21.92086526], [86.62542072, 21.92089129], [86.62531855, 21.92092803], [86.62521702, 21.92094917], [86.625191, 21.920907], [86.62519957, 21.92086525], [86.62524174, 21.9209175], [86.62528252, 21.92089652], [86.62534369, 21.92088607], [86.62543705, 21.92084454], [86.62564853, 21.92071743], [86.62558784, 21.92067263], [86.62555222, 21.92063814], [86.62550989, 21.92058453], [86.62545272, 21.92051733], [86.62542346, 21.92046153], [86.62541963, 21.92046139], [86.62543016, 21.92036749], [86.62545871, 21.92008528], [86.62542604, 21.92043032], [86.62549705, 21.92047004], [86.62553517, 21.92051258], [86.62558087, 21.92057486], [86.62563981, 21.92063814], [86.6256831, 21.92069746], [86.62553297, 21.92078978], [86.62557029, 21.92083422], [86.62562846, 21.92104566], [86.62574778, 21.92101863], [86.62594486, 21.92098109], [86.62620437, 21.920907], [86.62625999, 21.9208913], [86.62639272, 21.92087565], [86.62655758, 21.92083423], [86.62669909, 21.92078812], [86.62683106, 21.92074758], [86.62698577, 21.92069747], [86.62697694, 21.92062345], [86.62692838, 21.92059908], [86.62688582, 21.92058938], [86.62688113, 21.920546], [86.62685699, 21.92051258], [86.62681794, 21.92045128], [86.62677679, 21.92040478], [86.626741, 21.92036797], [86.62669078, 21.9202999], [86.62668845, 21.92027301], [86.62665939, 21.920211], [86.62660308, 21.92014568], [86.6265256, 21.92009849], [86.62645441, 21.92007724], [86.62641302, 21.92002673], [86.62644842, 21.91997279], [86.6265243, 21.91996456], [86.62657454, 21.91997279], [86.62658563, 21.92001838], [86.62671859, 21.91996045], [86.62679611, 21.91993591], [86.62680795, 21.91993998], [86.62682811, 21.91998517], [86.62680602, 21.91999344], [86.62667792, 21.92001838], [86.62662293, 21.9200519], [86.62660401, 21.92010703], [86.6266926, 21.92018473], [86.62673305, 21.92028195], [86.62678844, 21.92035883], [86.62684855, 21.92043261], [86.6269048, 21.92053642], [86.62698059, 21.92058453], [86.62727302, 21.92047005], [86.62722029, 21.92038996], [86.62716163, 21.92028033], [86.62713758, 21.92023647], [86.62710333, 21.92022924], [86.6271008, 21.9201793], [86.62706977, 21.92015475], [86.62702899, 21.92011671], [86.62700971, 21.92007596], [86.62697672, 21.92002937], [86.6269361, 21.91999995], [86.6269258, 21.91998056], [86.62689829, 21.91990475], [86.62720775, 21.91976971], [86.62725333, 21.91972948], [86.62729475, 21.91971814], [86.62720073, 21.91956322], [86.62716567, 21.91947397], [86.62713845, 21.91948647], [86.62712091, 21.91951425], [86.62711207, 21.9195528], [86.6270806, 21.91958689], [86.62706724, 21.91962416], [86.62702692, 21.9196028], [86.62697233, 21.91953847], [86.62699974, 21.91946652], [86.62714234, 21.91943595], [86.62703511, 21.91917076], [86.62700601, 21.91901244], [86.6269951, 21.91894468], [86.62696441, 21.91894169], [86.62683731, 21.91886512], [86.62672657, 21.91881902], [86.62670767, 21.91881047], [86.62666225, 21.91877931], [86.62660878, 21.91870431], [86.62651601, 21.91857329], [86.62638572, 21.91862866], [86.62633026, 21.91864737], [86.62626529, 21.91865812], [86.62619145, 21.91866892], [86.62609841, 21.91864562], [86.62598126, 21.91864545], [86.62599932, 21.91873327], [86.6260446, 21.91874032], [86.6260393, 21.91877691], [86.62600548, 21.91876774], [86.62597874, 21.91864562], [86.62569255, 21.91872214], [86.62571931, 21.91884016], [86.62575327, 21.91883012], [86.62577125, 21.91886046], [86.62575781, 21.91889306], [86.62572829, 21.91887758], [86.6256921, 21.91873122], [86.62542635, 21.9187953], [86.62547478, 21.91893557], [86.62543317, 21.91896412], [86.6253542, 21.91902172], [86.62523197, 21.91905078], [86.62510955, 21.91907513], [86.6250311, 21.91910451], [86.6250305, 21.91915386], [86.62495203, 21.91962783], [86.62494253, 21.91969251], [86.62484726, 21.91973124], [86.62476237, 21.91976256], [86.62476006, 21.91976471], [86.62471304, 21.91969802], [86.62471525, 21.91961413], [86.6242774, 21.91971094], [86.62412648, 21.91976727], [86.62393386, 21.91983874], [86.62398039, 21.91998034], [86.62413701, 21.92033126], [86.62414435, 21.92043437], [86.62419132, 21.92041794], [86.62426341, 21.92042889], [86.62426324, 21.92049514], [86.62432719, 21.92056799], [86.62439563, 21.92065348], [86.62446598, 21.92077581]], [[86.62435827, 21.92038524], [86.62429128, 21.92034201], [86.6242961, 21.92027791], [86.62433406, 21.92028322], [86.62444265, 21.92030451], [86.62441514, 21.92036358], [86.62426341, 21.92042889], [86.62435827, 21.92038524]], [[86.62540808, 21.91965406], [86.62540503, 21.9195511], [86.62544436, 21.91951368], [86.62544898, 21.919676], [86.62546957, 21.9198492], [86.62546718, 21.91996984], [86.62546188, 21.92005179], [86.62546131, 21.92005779], [86.62543869, 21.92006952], [86.62543323, 21.91998729], [86.62542152, 21.91976468], [86.62540808, 21.91965406]], [[86.62489873, 21.9204846], [86.62492076, 21.92045008], [86.62495456, 21.92044324], [86.62510284, 21.92044981], [86.62498547, 21.92044551], [86.62496975, 21.92051264], [86.62492973, 21.92051264], [86.62489873, 21.9204846]], [[86.62451389, 21.92002023], [86.62455506, 21.9199556], [86.62458708, 21.91992644], [86.62465325, 21.91999526], [86.62459206, 21.92003528], [86.6245509, 21.92002524], [86.62451389, 21.92002023]]], [[[86.63902249, 21.87397406], [86.63904833, 21.8741252], [86.63903902, 21.87435105], [86.63906142, 21.87442687], [86.63910223, 21.8744865], [86.63932481, 21.87449935], [86.63928676, 21.87440571], [86.63935295, 21.87434687], [86.63943907, 21.87437622], [86.63948186, 21.87444385], [86.63948741, 21.87447367], [86.63939316, 21.87450794], [86.63910224, 21.87449078], [86.63910246, 21.87456403], [86.6390111, 21.87457271], [86.63898872, 21.87449935], [86.63898034, 21.87440149], [86.63897593, 21.87438884], [86.63897683, 21.87426793], [86.63896459, 21.8741373], [86.63894357, 21.87404119], [86.63893728, 21.87382293], [86.63889924, 21.87378481], [86.63888208, 21.87378861], [86.63879229, 21.87378861], [86.63870092, 21.87383825], [86.63868511, 21.87392713], [86.63871131, 21.87391935], [86.63873961, 21.87398979], [86.63874154, 21.87407705], [86.63874973, 21.8742638], [86.63871759, 21.87429689], [86.6386816, 21.87430519], [86.63874438, 21.87446513], [86.6387488, 21.87446939], [86.63878345, 21.87453807], [86.63878164, 21.87461627], [86.63879826, 21.87469549], [86.63880249, 21.87471323], [86.6388184, 21.8748434], [86.6388343, 21.8749949], [86.63882297, 21.87509324], [86.63880304, 21.87513585], [86.63889738, 21.87523158], [86.63884432, 21.87523641], [86.63876288, 21.87521713], [86.63868649, 21.87519791], [86.63866576, 21.87509323], [86.63873393, 21.87503686], [86.63871192, 21.87497634], [86.63873349, 21.87487523], [86.63867997, 21.8747892], [86.63867421, 21.87467779], [86.63867938, 21.87466015], [86.63868764, 21.87454239], [86.63864142, 21.8744311], [86.63851833, 21.8744566], [86.6383647, 21.87445234], [86.63835388, 21.8744057], [86.63833071, 21.87434268], [86.638327, 21.87433016], [86.63831461, 21.8743135], [86.63826789, 21.87421042], [86.63826816, 21.87420633], [86.63826977, 21.87411714], [86.6382719, 21.87402136], [86.63802428, 21.87415751], [86.63801509, 21.87416156], [86.63783509, 21.87419408], [86.63760083, 21.87422678], [86.63753444, 21.87425966], [86.63759394, 21.87435522], [86.63764586, 21.87444808], [86.63773334, 21.87451651], [86.6377662, 21.87481171], [86.63789488, 21.87513584], [86.63802021, 21.87506498], [86.63807356, 21.87517397], [86.63810337, 21.87523682], [86.63819971, 21.87529457], [86.63819512, 21.87536311], [86.63813986, 21.87538776], [86.63797654, 21.87541747], [86.63803182, 21.87550613], [86.63820872, 21.87581976], [86.63830965, 21.87573281], [86.63839775, 21.87572663], [86.63841306, 21.87580108], [86.63860248, 21.87580108], [86.63876203, 21.87576448], [86.63880725, 21.8757638], [86.63890955, 21.87582567], [86.63896426, 21.87578831], [86.63903975, 21.87567326], [86.63901558, 21.87559784], [86.63901889, 21.87554541], [86.63889754, 21.8754485], [86.63887116, 21.87553568], [86.63883344, 21.87553557], [86.6388231, 21.87547348], [86.63882154, 21.8754658], [86.63883453, 21.87540518], [86.63883708, 21.87540269], [86.63886866, 21.87538534], [86.63888017, 21.87543559], [86.63902409, 21.8755377], [86.63918541, 21.87556088], [86.63912079, 21.87568344], [86.63919222, 21.8757638], [86.63951069, 21.87570811], [86.63952405, 21.87571428], [86.63960474, 21.87572665], [86.6395968, 21.87580732], [86.63949203, 21.87597668], [86.63958527, 21.87598521], [86.63958418, 21.87598615], [86.63959323, 21.87604639], [86.63968791, 21.87614212], [86.63966664, 21.87619994], [86.63975689, 21.87625286], [86.63999768, 21.87623559], [86.63998943, 21.87617096], [86.63992757, 21.87611274], [86.63998643, 21.87603259], [86.63998898, 21.87601244], [86.6401038, 21.8759207], [86.6401123, 21.87591588], [86.64019563, 21.87580183], [86.64020349, 21.87580183], [86.64025857, 21.8758439], [86.64027203, 21.87591158], [86.64025094, 21.87600945], [86.64027282, 21.87607648], [86.64026508, 21.87615964], [86.64029537, 21.87618691], [86.64038386, 21.87631174], [86.64033885, 21.87635016], [86.64022298, 21.87633571], [86.64021541, 21.87624586], [86.64013033, 21.87626659], [86.64004849, 21.87625877], [86.63976349, 21.87626376], [86.63974826, 21.87631643], [86.63971267, 21.87642095], [86.6396622, 21.87657947], [86.63952252, 21.87658752], [86.63956114, 21.87678062], [86.63950189, 21.87693714], [86.63933828, 21.87724229], [86.63924689, 21.87742624], [86.63914185, 21.87754081], [86.63906159, 21.87754801], [86.63887244, 21.877548], [86.63869856, 21.87753361], [86.63828508, 21.87751924], [86.63828228, 21.87767097], [86.63834144, 21.87789097], [86.63831908, 21.87800989], [86.63834213, 21.87811487], [86.63884325, 21.87805478], [86.63895356, 21.87827398], [86.6388896, 21.87837347], [86.63911508, 21.87837347], [86.63931369, 21.87824352], [86.63938316, 21.87814503], [86.63942393, 21.87797261], [86.63948407, 21.8779206], [86.63947123, 21.87781722], [86.6394164, 21.87762744], [86.63953376, 21.87759127], [86.63959846, 21.87765645], [86.63969991, 21.87774389], [86.63972074, 21.87787619], [86.63983889, 21.87782458], [86.63994924, 21.87786881], [86.63989506, 21.87771818], [86.63992879, 21.87760436], [86.63992354, 21.87745492], [86.63990366, 21.87742452], [86.63996667, 21.87718274], [86.64007283, 21.87726709], [86.64008354, 21.87738434], [86.64009285, 21.87760965], [86.64007944, 21.87778594], [86.64003325, 21.87790158], [86.63999368, 21.87798007], [86.64028283, 21.87801737], [86.64037717, 21.87792541], [86.64029024, 21.87801737], [86.64056772, 21.87805217], [86.64086097, 21.87801738], [86.64108096, 21.87805217], [86.6410817, 21.8780503], [86.641141, 21.8781286], [86.64119835, 21.87814863], [86.64153513, 21.87825559], [86.64180451, 21.87842268], [86.64225219, 21.87870738], [86.64223189, 21.87848298], [86.64208642, 21.87828367], [86.64207871, 21.87825874], [86.64202832, 21.87821757], [86.64200274, 21.87815264], [86.64201217, 21.87808095], [86.6420806, 21.87804563], [86.64217232, 21.87819716], [86.6422265, 21.87814862], [86.64235068, 21.8781206], [86.64257722, 21.87797354], [86.64249164, 21.87784512], [86.64246714, 21.87774139], [86.64235924, 21.87768837], [86.64227675, 21.87760162], [86.64220016, 21.87751315], [86.64224106, 21.87734435], [86.64212596, 21.877359], [86.64213025, 21.87744056], [86.64199246, 21.87753611], [86.64198898, 21.8775501], [86.6418964, 21.87759275], [86.64185018, 21.87749743], [86.64204591, 21.87735626], [86.64215035, 21.8772845], [86.6417277, 21.87736494], [86.64174269, 21.87743805], [86.64175426, 21.87750846], [86.64178448, 21.87753785], [86.64179624, 21.87754207], [86.6418382, 21.87758451], [86.64177142, 21.87762744], [86.64168624, 21.87757172], [86.6416146, 21.87751265], [86.64165657, 21.87748345], [86.64166019, 21.87743395], [86.64167218, 21.87737702], [86.64214605, 21.8772697], [86.64218555, 21.87716044], [86.64222417, 21.8767781], [86.64218128, 21.87681921], [86.64216978, 21.87683273], [86.64204134, 21.8768722], [86.64187835, 21.87689751], [86.64189976, 21.87674771], [86.64203924, 21.87673542], [86.64220523, 21.87670363], [86.64219462, 21.87643894], [86.64221493, 21.87633204], [86.642152, 21.87621699], [86.64209682, 21.87617431], [86.64211326, 21.87607954], [86.64212415, 21.87594728], [86.6421782, 21.87587392], [86.64219693, 21.87586481], [86.64216071, 21.87574604], [86.64201406, 21.87570496], [86.64200886, 21.8757604], [86.64197684, 21.87582537], [86.64184663, 21.87579287], [86.64181494, 21.87586586], [86.64184867, 21.87577393], [86.64181644, 21.87572593], [86.64187758, 21.8756728], [86.64213267, 21.87571298], [86.64197018, 21.87531185], [86.64157437, 21.87550174], [86.64156747, 21.87550427], [86.64149658, 21.87546629], [86.6413839, 21.87547453], [86.64136493, 21.87538026], [86.64138733, 21.87529699], [86.64145861, 21.87524901], [86.64151351, 21.87518554], [86.64154836, 21.8748912], [86.6415403, 21.87481282], [86.64117478, 21.87468405], [86.64154462, 21.87480797], [86.64185348, 21.87463025], [86.64185205, 21.87462578], [86.64224029, 21.87438901], [86.64196255, 21.87279557], [86.64180648, 21.87291119], [86.64165755, 21.87296514], [86.64145846, 21.87304629], [86.64120994, 21.87314551], [86.6413239, 21.87326586], [86.64132593, 21.87330149], [86.64125442, 21.87332581], [86.64124672, 21.87332826], [86.64123072, 21.87332799], [86.64111376, 21.8733524], [86.64122373, 21.8734045], [86.641253, 21.87337901], [86.64129436, 21.87334461], [86.64137321, 21.87336521], [86.64134372, 21.87344523], [86.64128245, 21.87343439], [86.64110068, 21.87338122], [86.64108479, 21.87338131], [86.64108239, 21.87338397], [86.64104604, 21.87339225], [86.6409801, 21.87339586], [86.64087908, 21.87343516], [86.64080305, 21.87341459], [86.64081157, 21.87332868], [86.64063421, 21.87335833], [86.64029718, 21.87346821], [86.64025422, 21.87333979], [86.64027253, 21.87319578], [86.6402662, 21.87316173], [86.64024578, 21.87312093], [86.640226, 21.87297993], [86.64036593, 21.87290942], [86.6403783, 21.87293141], [86.64053405, 21.87284768], [86.64057956, 21.87283695], [86.64056596, 21.87277013], [86.6404491, 21.87259659], [86.64034384, 21.87225976], [86.64039631, 21.87210286], [86.64046828, 21.87199882], [86.64047682, 21.87192108], [86.64031626, 21.87207536], [86.64021367, 21.87216079], [86.64006325, 21.87224653], [86.64013579, 21.87236957], [86.64018903, 21.87244371], [86.64026289, 21.87251808], [86.64019899, 21.87268628], [86.64012994, 21.87272382], [86.64002178, 21.8726488], [86.64003684, 21.87257401], [86.6399775, 21.87246847], [86.63986165, 21.87247313], [86.63970869, 21.87259269], [86.63971921, 21.87271756], [86.63981332, 21.8727928], [86.63985924, 21.87288719], [86.63985896, 21.8728998], [86.63985601, 21.87303265], [86.63990184, 21.87314711], [86.63996022, 21.87333911], [86.63995727, 21.87348736], [86.63999041, 21.87359713], [86.63999415, 21.87365721], [86.63984737, 21.87370979], [86.63995209, 21.87381731], [86.63998773, 21.87379469], [86.6400221, 21.87382663], [86.64002435, 21.87382665], [86.64002778, 21.87387783], [86.64016954, 21.87393607], [86.6402253, 21.87394335], [86.64022982, 21.87403707], [86.64022779, 21.87404366], [86.64022672, 21.87411977], [86.64025688, 21.87419633], [86.64025713, 21.87420103], [86.64019855, 21.87427567], [86.64012522, 21.87434304], [86.64010331, 21.87423907], [86.64010083, 21.87423671], [86.64013518, 21.87413189], [86.64017215, 21.87394269], [86.64000253, 21.87386677], [86.63984074, 21.87371376], [86.63975725, 21.87375097], [86.63967589, 21.87367136], [86.63957766, 21.87372569], [86.63951528, 21.87372149], [86.63930394, 21.87363822], [86.63904085, 21.8737096], [86.63902249, 21.87397406]], [[86.64112005, 21.87359564], [86.64113905, 21.87362028], [86.64112525, 21.8736796], [86.64109484, 21.87377144], [86.64109861, 21.87387235], [86.64110653, 21.87392571], [86.64112667, 21.87401294], [86.6411947, 21.87406782], [86.64121854, 21.87412195], [86.6412567, 21.87421652], [86.6412168, 21.87427119], [86.64117165, 21.87425155], [86.64115471, 21.87411614], [86.6410871, 21.8740975], [86.64102098, 21.87401242], [86.64099612, 21.87384029], [86.64105834, 21.87373944], [86.64102138, 21.87371655], [86.64102082, 21.8736796], [86.64107081, 21.87363578], [86.64128245, 21.87343439], [86.64112005, 21.87359564]], [[86.64027886, 21.87772198], [86.64027153, 21.87772198], [86.64020468, 21.87763469], [86.64027691, 21.87757684], [86.64031941, 21.87749773], [86.64026709, 21.87738355], [86.6403403, 21.87727293], [86.64041085, 21.87727379], [86.64049364, 21.87730743], [86.640482, 21.87735083], [86.64043302, 21.87744285], [86.64044107, 21.87749767], [86.64043006, 21.87755789], [86.64042512, 21.87759498], [86.64041791, 21.87771468], [86.64049864, 21.87772198], [86.64050026, 21.87779518], [86.6404388, 21.8778602], [86.64034656, 21.87783194], [86.64033747, 21.87772198], [86.64027886, 21.87772198]], [[86.64053368, 21.87688071], [86.64043914, 21.87685606], [86.64038607, 21.87674665], [86.64040761, 21.87669542], [86.64043686, 21.8766681], [86.6404757, 21.87651886], [86.64044235, 21.87665904], [86.64050792, 21.87665868], [86.64055399, 21.87666837], [86.64058519, 21.87671073], [86.64057776, 21.87680104], [86.6403403, 21.87727293], [86.64053368, 21.87688071]], [[86.6410815, 21.87776883], [86.64108522, 21.8777071], [86.64112466, 21.87770129], [86.64118084, 21.8777171], [86.6412581, 21.87759153], [86.64118632, 21.87771183], [86.64121585, 21.87777242], [86.64116741, 21.87784039], [86.64113576, 21.87791368], [86.64116475, 21.87784039], [86.64109749, 21.87780988], [86.6410815, 21.87776883]], [[86.64139663, 21.87786206], [86.64140772, 21.87782486], [86.64144769, 21.87781335], [86.64144991, 21.87781335], [86.64149491, 21.87783642], [86.64151824, 21.87787146], [86.64155326, 21.87784338], [86.6415403, 21.87779052], [86.64157621, 21.87775], [86.64163895, 21.87777467], [86.64168043, 21.87781014], [86.64163233, 21.87785738], [86.64158128, 21.87787146], [86.64154005, 21.87791903], [86.64149766, 21.87795536], [86.64140573, 21.87789512], [86.64139664, 21.87786441], [86.64121585, 21.87777242], [86.64139663, 21.87786206]], [[86.63973598, 21.87580983], [86.63975066, 21.87584251], [86.63969591, 21.87588957], [86.63961475, 21.87595973], [86.63965393, 21.87590379], [86.6397062, 21.87580009], [86.63973598, 21.87580983]], [[86.6406408, 21.87737593], [86.64070358, 21.87739172], [86.6407209, 21.87743963], [86.64071358, 21.87748833], [86.64067747, 21.87750804], [86.64060717, 21.87750412], [86.64062465, 21.87750475], [86.64063094, 21.87744285], [86.6406408, 21.87737593]], [[86.64071752, 21.87614626], [86.64072301, 21.87614362], [86.64073099, 21.87614362], [86.64078177, 21.87615028], [86.64078411, 21.87614626], [86.64081786, 21.87616748], [86.64081763, 21.87617282], [86.64079528, 21.87625157], [86.64077963, 21.87627814], [86.64076275, 21.87624881], [86.64072342, 21.87622412], [86.64071752, 21.87614626]], [[86.64052906, 21.87620628], [86.6405385, 21.87625495], [86.64052068, 21.87632985], [86.64046057, 21.87626721], [86.64048866, 21.87621031], [86.64052906, 21.87620628]], [[86.64134793, 21.87728025], [86.6414101, 21.87730419], [86.64140075, 21.87735247], [86.64136981, 21.87740432], [86.64132484, 21.87736706], [86.64127963, 21.8773138], [86.64134793, 21.87728025]], [[86.64182137, 21.87780401], [86.64184866, 21.8777314], [86.64188942, 21.87777523], [86.64191088, 21.87781984], [86.64193989, 21.87789504], [86.64188934, 21.87799503], [86.64184053, 21.87798373], [86.64181861, 21.87794734], [86.64179236, 21.8779005], [86.64174074, 21.87785809], [86.64175173, 21.87784912], [86.64177775, 21.87783045], [86.64182137, 21.87780401]], [[86.64073145, 21.87469772], [86.64069216, 21.8747597], [86.64073058, 21.87485674], [86.6406436, 21.87491047], [86.64057711, 21.87487147], [86.64051443, 21.8747645], [86.64057996, 21.87466469], [86.64068492, 21.87466939], [86.64070675, 21.87460399], [86.64067973, 21.87455326], [86.64074264, 21.87451673], [86.64074695, 21.87451673], [86.64081086, 21.8745551], [86.64080637, 21.87456062], [86.64090265, 21.87459288], [86.64087739, 21.87468354], [86.64081245, 21.87466469], [86.64073145, 21.87469772]], [[86.64082166, 21.8741998], [86.64076412, 21.87423596], [86.64074259, 21.8741595], [86.64079673, 21.87412421], [86.64074482, 21.87408549], [86.64068158, 21.87403902], [86.6406272, 21.87380755], [86.64071515, 21.87379961], [86.64075988, 21.87393108], [86.64080528, 21.87411486], [86.64100113, 21.87422237], [86.64101219, 21.87414766], [86.6410668, 21.87416339], [86.64107642, 21.87416655], [86.641116, 21.8741829], [86.6410752, 21.87423038], [86.64093421, 21.87440358], [86.64105207, 21.87425305], [86.64086594, 21.8741595], [86.64082166, 21.8741998]], [[86.64017158, 21.87459645], [86.64019381, 21.87463734], [86.64025851, 21.87465671], [86.64027184, 21.87466509], [86.64030084, 21.87471421], [86.64021568, 21.87475957], [86.64011853, 21.87473339], [86.64011521, 21.87457771], [86.64012425, 21.87439493], [86.64012502, 21.87450556], [86.64016368, 21.87453338], [86.64017158, 21.87459645]], [[86.64156403, 21.87367687], [86.64158154, 21.87372939], [86.64153992, 21.8737826], [86.64153212, 21.87378642], [86.64144854, 21.87376351], [86.64142366, 21.8736918], [86.64141005, 21.87364983], [86.64149222, 21.87361767], [86.64150773, 21.87361767], [86.64156403, 21.87367687]], [[86.6416854, 21.87419687], [86.64169476, 21.87412724], [86.64170384, 21.87411866], [86.64172728, 21.87411012], [86.64174747, 21.87418221], [86.64175308, 21.8742654], [86.64174906, 21.87429272], [86.64181705, 21.87451692], [86.64174596, 21.87429577], [86.64169493, 21.87424136], [86.6416854, 21.87419687]], [[86.64098088, 21.87593035], [86.64102874, 21.8759894], [86.64100039, 21.87602525], [86.64099228, 21.87603054], [86.64085878, 21.87603118], [86.64067993, 21.87596001], [86.64056094, 21.87593916], [86.64045987, 21.87584492], [86.64060212, 21.87577016], [86.64076563, 21.87579616], [86.64115385, 21.87565631], [86.64085282, 21.87576697], [86.64090996, 21.87586745], [86.64098088, 21.87593035]], [[86.64175871, 21.87622615], [86.64178831, 21.87640452], [86.64184403, 21.87636833], [86.64185509, 21.87627335], [86.64198904, 21.87620613], [86.64203624, 21.87635366], [86.64204182, 21.87636497], [86.64206044, 21.87648166], [86.64206272, 21.87649977], [86.64195803, 21.87655479], [86.64184071, 21.8766371], [86.64182765, 21.87663736], [86.64172996, 21.87661887], [86.64162278, 21.87640836], [86.64162404, 21.87625862], [86.64170768, 21.8762134], [86.64162197, 21.87612237], [86.64154661, 21.87603516], [86.64147479, 21.87591005], [86.64150774, 21.87586071], [86.64161033, 21.87596367], [86.64170707, 21.87596612], [86.64177929, 21.87596304], [86.64178416, 21.87594978], [86.6418351, 21.87607876], [86.641804, 21.87613739], [86.64175871, 21.87622615]]], [[[86.62782281300089, 21.87854380772643], [86.62782067459173, 21.87860135757601], [86.62788140101142, 21.87856011014385], [86.62789074666424, 21.87856010957191], [86.62795297588534, 21.87856830173104], [86.62800921481511, 21.87860135700816], [86.62807951660639, 21.87867313633878], [86.62803023933861, 21.87845218603101], [86.62799682625774, 21.87832302474507], [86.62799446164377, 21.87827107879905], [86.62794226027053, 21.8782316479105], [86.62787930916853, 21.87824844010546], [86.6278495359931, 21.87824424405203], [86.62784146759824, 21.87816342701723], [86.6278837732913, 21.87810363608176], [86.6278896597082, 21.87810353102565], [86.62800786868398, 21.87807844520862], [86.62808591588279, 21.87809379859404], [86.62811098703811, 21.87804556997053], [86.62814078024205, 21.87799458110137], [86.62816164606377, 21.87795513722045], [86.62817147366023, 21.87790472395196], [86.62814380130447, 21.87789294275725], [86.62812128760875, 21.87786269481045], [86.62817936473577, 21.87783212736134], [86.62816448824974, 21.87779140120518], [86.62810159675391, 21.87778564967646], [86.6280879121301, 21.87775714003078], [86.62807939860663, 21.87772067718728], [86.62807777192626, 21.87767979121047], [86.62806028336252, 21.87766954266899], [86.62803734860032, 21.87762325831263], [86.6279965417904, 21.87761535036807], [86.62800589959966, 21.87764723279178], [86.62799568072735, 21.87767568485398], [86.627972168959, 21.87769218036889], [86.62794677232048, 21.87770466840827], [86.6279267987016, 21.87768185077611], [86.6278751634355, 21.87765936366202], [86.62787852200161, 21.87768185195328], [86.62788062888696, 21.87769841255026], [86.62789222035366, 21.87772147416025], [86.6278977825275, 21.87776428706533], [86.62789903894348, 21.87783073460042], [86.6279041747158, 21.87790472933717], [86.62790683222524, 21.87794300032941], [86.62793710363057, 21.87801970799882], [86.62788226212004, 21.87803240868942], [86.62784587203925, 21.87797968840847], [86.6278578150633, 21.87791421570826], [86.6278632103587, 21.87784892426542], [86.627852778298, 21.87779495712788], [86.62783543342381, 21.87775132256147], [86.62783681157369, 21.87770885419187], [86.62781761442804, 21.87768597596236], [86.62778367653748, 21.87768391439085], [86.62774278393445, 21.87770049798776], [86.62765659520804, 21.87776212310684], [86.62761929506226, 21.87779496074396], [86.62757333639043, 21.8777942876719], [86.627534426288, 21.87779140621442], [86.62745298769308, 21.8777942892971], [86.62741992717763, 21.87780585827307], [86.62745204000399, 21.87787970172042], [86.62744765992966, 21.87795318708152], [86.62746086667663, 21.87804232122878], [86.6274966675405, 21.87816611606967], [86.62752513677236, 21.87827551220408], [86.62754865395523, 21.87836402820028], [86.62757714342635, 21.8783791207024], [86.6276101257791, 21.87848761905013], [86.62763862803943, 21.87843661380758], [86.62773684178474, 21.87841728860132], [86.62779795881, 21.87840194507595], [86.62782281300089, 21.87854380772643]]], [[[86.64586909, 21.89357547], [86.64598772, 21.89380328], [86.64609803, 21.89394246], [86.64610581, 21.89395655], [86.64614184, 21.89398388], [86.64620304, 21.89400215], [86.64622653, 21.89404752], [86.64628422, 21.89404876], [86.64627556, 21.89408977], [86.64626336, 21.89411992], [86.64622595, 21.89410885], [86.64623039, 21.89413112], [86.64622485, 21.89425848], [86.64603224, 21.89424737], [86.64603552, 21.89411299], [86.64602394, 21.89409382], [86.64600276, 21.89410473], [86.64596366, 21.8940979], [86.64596977, 21.89404882], [86.6460133, 21.89405922], [86.64606678, 21.89401703], [86.64598608, 21.89398333], [86.64594101, 21.89393309], [86.64594697, 21.89386204], [86.64586728, 21.89381388], [86.64585433, 21.89374574], [86.64572937, 21.89361432], [86.64565213, 21.89358975], [86.64563275, 21.89356541], [86.6456853, 21.89391646], [86.6457409, 21.89391646], [86.6457468, 21.89400785], [86.64571139, 21.89404122], [86.6457341, 21.89428281], [86.64579184, 21.89427551], [86.64580122, 21.89433957], [86.64573842, 21.8943504], [86.64574042, 21.89436132], [86.6457376, 21.89442485], [86.64576315, 21.89510553], [86.64577365, 21.89526603], [86.6458023, 21.8956413], [86.64582841, 21.89569598], [86.6460768, 21.8956054], [86.64652422, 21.89563444], [86.64698527, 21.89563061], [86.64719008, 21.89563912], [86.64715725, 21.89548247], [86.64711399, 21.89542545], [86.64709863, 21.89533911], [86.64708222, 21.89532328], [86.64709567, 21.89533572], [86.64712377, 21.89523], [86.64721553, 21.89508045], [86.6472179, 21.89502622], [86.64718824, 21.89504015], [86.64717206, 21.89499507], [86.64714968, 21.89495098], [86.64721739, 21.89490409], [86.64722873, 21.89477694], [86.64717655, 21.89437491], [86.64715186, 21.89428497], [86.6471491, 21.8942789], [86.64712092, 21.89414925], [86.64712373, 21.89404036], [86.64712525, 21.89388041], [86.64714915, 21.89381723], [86.64710477, 21.89376132], [86.64716356, 21.89369953], [86.64715785, 21.89364651], [86.64714126, 21.89364908], [86.64708239, 21.89361107], [86.64700251, 21.89360667], [86.64699024, 21.89356314], [86.64702646, 21.89353313], [86.64709836, 21.89353739], [86.64716282, 21.89357612], [86.64713887, 21.89348899], [86.64717796, 21.89339646], [86.64719334, 21.89335141], [86.64718354, 21.89326328], [86.64721954, 21.89321175], [86.6472223, 21.89321234], [86.64727535, 21.89306861], [86.64724123, 21.89304567], [86.64718774, 21.89303189], [86.64716025, 21.89299781], [86.64712522, 21.89297761], [86.6471808, 21.8929576], [86.64727183, 21.89293778], [86.64724585, 21.89289221], [86.64724248, 21.89283503], [86.64720028, 21.89282254], [86.64715767, 21.89283503], [86.64712051, 21.89284413], [86.64711721, 21.89284413], [86.64704689, 21.89291039], [86.64695357, 21.89291359], [86.64694737, 21.89291481], [86.64689007, 21.89288071], [86.64688383, 21.8928514], [86.64688573, 21.89277267], [86.64691437, 21.8927611], [86.64690473, 21.89273058], [86.64692692, 21.89268397], [86.64697025, 21.89270061], [86.64701063, 21.8926511], [86.64679401, 21.89250135], [86.64675854, 21.89252449], [86.6467556, 21.89256522], [86.64670722, 21.89267235], [86.64670038, 21.89273709], [86.64666974, 21.89270741], [86.64658529, 21.8927551], [86.64667727, 21.89281887], [86.64670572, 21.89285504], [86.64673945, 21.89291412], [86.64673073, 21.89298626], [86.64664291, 21.89299785], [86.64655753, 21.89299012], [86.64653601, 21.89294423], [86.64659567, 21.89291787], [86.64660237, 21.89291787], [86.64665894, 21.89291039], [86.64664145, 21.89288258], [86.64661898, 21.89285077], [86.64658127, 21.89277937], [86.64651971, 21.8928117], [86.64630015, 21.89281887], [86.64620025, 21.89279462], [86.6461975, 21.89271828], [86.6461547, 21.89271923], [86.64609547, 21.89278549], [86.64598556, 21.89283191], [86.6459028, 21.89279469], [86.64576313, 21.89278549], [86.64571243, 21.89279162], [86.64567962, 21.89298963], [86.64569589, 21.89305181], [86.64572416, 21.89306365], [86.64573707, 21.89310878], [86.64570654, 21.89311159], [86.64565535, 21.89315228], [86.64567873, 21.89323572], [86.6456738, 21.893343], [86.64584123, 21.89338045], [86.64567319, 21.89334551], [86.64566805, 21.89346649], [86.64576788, 21.89355092], [86.64586909, 21.89357547]], [[86.6469353, 21.89335645], [86.64692694, 21.89340446], [86.64691227, 21.89347417], [86.64685829, 21.89347001], [86.64685673, 21.89337634], [86.64688582, 21.89321061], [86.64685575, 21.89313021], [86.6468953, 21.89308754], [86.64696005, 21.89315548], [86.64702955, 21.89317055], [86.64696032, 21.89315602], [86.64693437, 21.89323303], [86.64697505, 21.89328623], [86.6469353, 21.89335645]], [[86.64695217, 21.8952029], [86.64694273, 21.89519479], [86.64690787, 21.89515854], [86.64693998, 21.89519162], [86.64695217, 21.8952029]], [[86.64671877, 21.89500187], [86.64671242, 21.89499777], [86.64663463, 21.89487994], [86.64663434, 21.8948795], [86.64671877, 21.89500187]], [[86.64649277, 21.89476296], [86.64651536, 21.8947071], [86.64657333, 21.8947911], [86.64656339, 21.89479752], [86.64656332, 21.89479674], [86.64651399, 21.89479674], [86.64649277, 21.89476296]], [[86.64659398, 21.89505945], [86.64659356, 21.89506542], [86.64656053, 21.89508343], [86.64654197, 21.89502106], [86.64652681, 21.89498623], [86.64652879, 21.89493507], [86.64657085, 21.8948879], [86.6465672, 21.89484376], [86.6465715, 21.89487969], [86.64658453, 21.89494069], [86.64658325, 21.89499199], [86.64659398, 21.89505945]], [[86.64628686, 21.89404881], [86.64630497, 21.89406907], [86.64628568, 21.89404879], [86.64628686, 21.89404881]], [[86.64662822, 21.89412041], [86.64663458, 21.89411542], [86.64668338, 21.89414815], [86.64668415, 21.89414846], [86.6466171, 21.89418739], [86.64652914, 21.89417555], [86.64652944, 21.89417661], [86.646502, 21.8941825], [86.64648604, 21.8941825], [86.64646156, 21.89416348], [86.64642929, 21.89420873], [86.64642892, 21.89420634], [86.64636276, 21.89421169], [86.64632258, 21.8941116], [86.64632589, 21.89409139], [86.64642075, 21.89411298], [86.64651186, 21.89412271], [86.64655097, 21.8940979], [86.64662822, 21.89412041]], [[86.64686075, 21.8941267], [86.64686023, 21.8941269], [86.64685346, 21.89419506], [86.6468153, 21.89421017], [86.64676299, 21.89418058], [86.64672627, 21.89416538], [86.6467631, 21.89418016], [86.64674767, 21.89412971], [86.64678504, 21.89410724], [86.64686075, 21.8941267]], [[86.64704692, 21.89406127], [86.64707238, 21.89405671], [86.64707915, 21.89407105], [86.64708761, 21.89410927], [86.6470706, 21.89412619], [86.64702875, 21.8941352], [86.64700889, 21.89416403], [86.64694305, 21.89417721], [86.64690491, 21.89411049], [86.6469051, 21.89411042], [86.6469298, 21.89406709], [86.64703637, 21.89405122], [86.64704692, 21.89406127]], [[86.64669, 21.89396859], [86.64674959, 21.89399541], [86.64672788, 21.89404696], [86.64667826, 21.89408115], [86.6467041, 21.89406087], [86.64664616, 21.89405018], [86.64664498, 21.89401231], [86.64669, 21.89396859]], [[86.64655289, 21.89439845], [86.64652787, 21.89441798], [86.64650403, 21.89443236], [86.64650406, 21.89443598], [86.64650577, 21.89444874], [86.64650584, 21.89445609], [86.64650589, 21.89446163], [86.64647002, 21.8944859], [86.64643823, 21.89442875], [86.64643669, 21.89442515], [86.64644463, 21.89431375], [86.64644481, 21.89431499], [86.64648009, 21.89430188], [86.64650786, 21.89433324], [86.64655289, 21.89439845]], [[86.64692144, 21.89299012], [86.64684429, 21.89299807], [86.64682026, 21.8929896], [86.64682641, 21.89293702], [86.64689701, 21.89292471], [86.64685898, 21.89293219], [86.64690744, 21.89295777], [86.64692337, 21.89297499], [86.64692144, 21.89299012]], [[86.64614424, 21.89343324], [86.64611464, 21.89343667], [86.64611198, 21.89343674], [86.64605991, 21.89342592], [86.64608998, 21.89337162], [86.64612775, 21.89336327], [86.64613771, 21.89338542], [86.64614424, 21.89343324]]], [[[86.64394175, 21.91541779], [86.64409648, 21.91540858], [86.6441535, 21.91541844], [86.64421451, 21.91546911], [86.64427311, 21.91546546], [86.64433106, 21.91546546], [86.64435064, 21.91552433], [86.64451087, 21.91551691], [86.64453443, 21.91553549], [86.64455017, 21.91556546], [86.64458643, 21.9155095], [86.64463308, 21.91549843], [86.64465857, 21.91550212], [86.64470736, 21.91553177], [86.64472102, 21.91555794], [86.64475307, 21.91559952], [86.64490938, 21.91562243], [86.64513677, 21.91563395], [86.64524949, 21.91561477], [86.64543362, 21.91558054], [86.64549093, 21.91550949], [86.64551363, 21.91550949], [86.64554015, 21.91552803], [86.64557392, 21.91556168], [86.6455623, 21.91560332], [86.6457575, 21.91556921], [86.64577921, 21.91550579], [86.64584702, 21.91554294], [86.645856, 21.91557298], [86.64596545, 21.91556345], [86.64598001, 21.91554392], [86.64597021, 21.9155586], [86.64616842, 21.91555792], [86.64622572, 21.91552431], [86.64627973, 21.91549473], [86.64628209, 21.91553174], [86.64626212, 21.91557297], [86.64633625, 21.91556544], [86.64636855, 21.91553252], [86.64634222, 21.915422], [86.64635154, 21.91534395], [86.64634644, 21.91525764], [86.64632588, 21.91515399], [86.64628637, 21.91493849], [86.6462704, 21.91480512], [86.64620473, 21.91478042], [86.64614706, 21.91487663], [86.64607008, 21.91486223], [86.64602513, 21.91479806], [86.64608774, 21.91473497], [86.64614819, 21.91477339], [86.64620809, 21.91478042], [86.64627713, 21.91480512], [86.64627785, 21.91475025], [86.64635966, 21.9147163], [86.64640221, 21.91468832], [86.64645839, 21.91467444], [86.64650207, 21.91461851], [86.64638346, 21.91460588], [86.64638569, 21.91451245], [86.64638975, 21.91451495], [86.64642437, 21.91450559], [86.64640379, 21.91444681], [86.64643355, 21.91431494], [86.64644856, 21.91434386], [86.64656025, 21.91432196], [86.6465625, 21.91425531], [86.64648136, 21.91421367], [86.64640687, 21.91405868], [86.6464102, 21.91405145], [86.6464719, 21.91404012], [86.64655983, 21.91406754], [86.64660181, 21.91408407], [86.64657696, 21.9141613], [86.64656114, 21.91432832], [86.64663291, 21.91438131], [86.64663582, 21.91437741], [86.64666665, 21.91440696], [86.64667142, 21.91446141], [86.64668171, 21.91449819], [86.64674653, 21.91443953], [86.64688393, 21.9144468], [86.64697697, 21.91446141], [86.64709314, 21.91448711], [86.64708589, 21.91441417], [86.6471184, 21.91435334], [86.6471577, 21.91431806], [86.64720419, 21.9143286], [86.64721653, 21.91438183], [86.64722315, 21.91442139], [86.64727169, 21.91443952], [86.64743849, 21.91446872], [86.64753967, 21.91446506], [86.64763335, 21.91442863], [86.64767348, 21.91434625], [86.64771445, 21.91425548], [86.64774379, 21.91412638], [86.64772557, 21.91382939], [86.64771972, 21.91382774], [86.64776545, 21.91345038], [86.64771071, 21.913275], [86.64760842, 21.91325944], [86.64756184, 21.91322334], [86.64749412, 21.91310698], [86.6474342, 21.91303291], [86.64730967, 21.9130333], [86.64717706, 21.9130439], [86.64703316, 21.91305101], [86.64696109, 21.91301223], [86.64667737, 21.91301573], [86.64663955, 21.91304764], [86.64660917, 21.91305748], [86.64656816, 21.91302317], [86.64658411, 21.91298433], [86.64666147, 21.91296025], [86.64663083, 21.91277745], [86.64657728, 21.91281887], [86.64645501, 21.9128217], [86.64642163, 21.91279313], [86.64645336, 21.91281887], [86.64649738, 21.91272295], [86.6465602, 21.91265536], [86.64642083, 21.91253401], [86.64642081, 21.91253327], [86.64655592, 21.91265125], [86.64666902, 21.91212543], [86.64570508, 21.9118647], [86.64562633, 21.91182955], [86.64545686, 21.91187887], [86.64545251, 21.91191455], [86.64543942, 21.91199074], [86.64548932, 21.91202022], [86.64546617, 21.91208751], [86.64540826, 21.91208752], [86.64537457, 21.91204997], [86.64541876, 21.91194337], [86.64540683, 21.91188954], [86.6453131, 21.91188954], [86.64512307, 21.91186119], [86.64482998, 21.91193978], [86.64482297, 21.91197246], [86.64487235, 21.91200916], [86.64488546, 21.91205747], [86.6448569, 21.91214081], [86.64487327, 21.91217549], [86.6448804, 21.91221836], [86.6449074, 21.91226177], [86.64489355, 21.91229837], [86.64485504, 21.91232588], [86.64488922, 21.91271202], [86.64493586, 21.91292702], [86.64501571, 21.91293861], [86.64503952, 21.91315088], [86.64490722, 21.91317782], [86.6445639, 21.91324626], [86.64453326, 21.91317467], [86.64449033, 21.91307236], [86.64441389, 21.91295937], [86.64417658, 21.91330072], [86.64422776, 21.91335622], [86.64420634, 21.91343342], [86.64414354, 21.91343342], [86.64410494, 21.91337717], [86.64417797, 21.91329382], [86.6444151, 21.91295289], [86.64426194, 21.91281845], [86.64418278, 21.91279951], [86.64401677, 21.91279952], [86.64377648, 21.91281213], [86.64368582, 21.91281845], [86.64365199, 21.91292703], [86.64367426, 21.913005], [86.64377219, 21.91302466], [86.64379713, 21.91309739], [86.64372142, 21.91315761], [86.64366628, 21.91315761], [86.64370964, 21.91321448], [86.64375456, 21.91333189], [86.64363236, 21.91345699], [86.64366916, 21.9134907], [86.64368702, 21.91362196], [86.64368177, 21.91373651], [86.64367147, 21.91397356], [86.64361569, 21.91407551], [86.64360613, 21.91432958], [86.64376849, 21.91429207], [86.64385772, 21.91425807], [86.64388313, 21.91428276], [86.64389572, 21.91437708], [86.64386059, 21.91439307], [86.64381177, 21.91438987], [86.64359882, 21.91442205], [86.64355856, 21.91473362], [86.64359347, 21.91487107], [86.64357212, 21.91498926], [86.64355213, 21.91513979], [86.64355413, 21.91524899], [86.64358868, 21.91537298], [86.64364191, 21.91537533], [86.6437522, 21.91537061], [86.64393511, 21.9154165], [86.6439353, 21.91541817], [86.64394055, 21.91541786], [86.6439418, 21.91541817], [86.64394175, 21.91541779]], [[86.64629145, 21.91296026], [86.64622596, 21.91299886], [86.64618303, 21.91292205], [86.6461249, 21.91278664], [86.64594964, 21.91270497], [86.64586947, 21.912794], [86.64577957, 21.91281706], [86.64580358, 21.91269395], [86.64588364, 21.91266319], [86.64598268, 21.91235288], [86.64588386, 21.91266895], [86.64611657, 21.91277748], [86.64617283, 21.912696], [86.64621916, 21.91268259], [86.64630739, 21.91270047], [86.64637037, 21.91275156], [86.64626961, 21.91282814], [86.64622228, 21.91287481], [86.64624809, 21.91288421], [86.64629145, 21.91296026]], [[86.64590292, 21.91240116], [86.6458222, 21.91229467], [86.64591021, 21.91223214], [86.6459789, 21.91227895], [86.64598268, 21.91235288], [86.64590292, 21.91240116]], [[86.64389421, 21.9148637], [86.64387448, 21.91482708], [86.64385595, 21.91478363], [86.64385792, 21.91474427], [86.64399123, 21.91473007], [86.64404095, 21.91478003], [86.64395343, 21.91487554], [86.64391148, 21.91520248], [86.64391349, 21.91522073], [86.64391119, 21.91520468], [86.64395365, 21.91486738], [86.64392871, 21.91484168], [86.64389421, 21.9148637]], [[86.64553771, 21.91306741], [86.64557048, 21.91308762], [86.64553161, 21.91312841], [86.64547692, 21.91312158], [86.64550403, 21.91303401], [86.64570804, 21.91288466], [86.64572608, 21.91281875], [86.64577299, 21.91281875], [86.64577632, 21.91286884], [86.6457112, 21.91288466], [86.64554591, 21.91301413], [86.64553771, 21.91306741]], [[86.64697627, 21.91373036], [86.64698985, 21.91371727], [86.64704478, 21.91368493], [86.6471431, 21.91366886], [86.64717638, 21.91367808], [86.64717988, 21.91380358], [86.64714577, 21.91382863], [86.64707104, 21.91384964], [86.64697627, 21.91373036]], [[86.64618337, 21.91375405], [86.64618327, 21.91375407], [86.64627297, 21.91348562], [86.64624982, 21.91345515], [86.64614878, 21.91335486], [86.64614978, 21.91327885], [86.64621795, 21.91325744], [86.64627638, 21.91330399], [86.64655878, 21.91347814], [86.64633278, 21.91334148], [86.64626392, 21.91336218], [86.64629198, 21.91343261], [86.64618337, 21.91375405]], [[86.64681769, 21.914095], [86.64685415, 21.914128], [86.6468199, 21.91418365], [86.64677234, 21.91419435], [86.64671637, 21.91412065], [86.64678327, 21.91409135], [86.64680037, 21.91409135], [86.64681769, 21.914095]], [[86.64620238, 21.91407318], [86.64620926, 21.91406955], [86.64626043, 21.91406592], [86.64632513, 21.91410599], [86.64640742, 21.91426457], [86.64634232, 21.91414648], [86.64625967, 21.91414648], [86.64619134, 21.91411699], [86.64620238, 21.91407318]], [[86.64621019, 21.91452145], [86.64615028, 21.91454023], [86.64611971, 21.91457355], [86.64605492, 21.91460746], [86.6460252, 21.91459043], [86.64594777, 21.91457596], [86.64595739, 21.91449874], [86.64602639, 21.91442935], [86.64600813, 21.9141502], [86.64599747, 21.91415761], [86.64597954, 21.91417249], [86.64596536, 21.91417995], [86.64595116, 21.91418742], [86.64590941, 21.91419116], [86.64589797, 21.91416614], [86.64586142, 21.91411766], [86.64585318, 21.91408502], [86.64587446, 21.91405237], [86.64591243, 21.91401681], [86.64598038, 21.91404214], [86.64600672, 21.91410234], [86.64602828, 21.91443447], [86.64620743, 21.91440272], [86.64626099, 21.91443569], [86.64621444, 21.91441063], [86.64621298, 21.91445715], [86.64623267, 21.91448673], [86.64621019, 21.91452145]], [[86.6455408, 21.91419364], [86.64553317, 21.91411501], [86.64555537, 21.91407042], [86.64558725, 21.91406267], [86.6457365, 21.91407581], [86.64569375, 21.91407301], [86.64569023, 21.91418534], [86.64564006, 21.91419641], [86.6455408, 21.91419364]], [[86.64599556, 21.91526822], [86.64597298, 21.91521447], [86.64599591, 21.91526385], [86.64601948, 21.91528139], [86.64605171, 21.91529683], [86.64610094, 21.91534592], [86.64607883, 21.91539589], [86.64607099, 21.91540764], [86.64598804, 21.91538903], [86.64593945, 21.91538675], [86.64595073, 21.91533021], [86.64599556, 21.91526822]], [[86.64575764, 21.91514621], [86.64570327, 21.91509849], [86.64573179, 21.91503549], [86.6457363, 21.91503148], [86.64581341, 21.9150516], [86.64586778, 21.91508413], [86.64586979, 21.91508413], [86.64592869, 21.91511913], [86.64594393, 21.91515195], [86.64590005, 21.91518415], [86.64585802, 21.91515669], [86.64584082, 21.91516511], [86.64575764, 21.91514621]]], [[[86.65303907, 21.91977796], [86.65303484, 21.91975851], [86.65304969, 21.91970573], [86.65308019, 21.91971684], [86.65309287, 21.91972959], [86.65310856, 21.91975689], [86.6541792, 21.91946116], [86.65479449, 21.91929988], [86.65450854, 21.91861819], [86.65479718, 21.91929988], [86.65490834, 21.91926299], [86.65487906, 21.91919384], [86.65494857, 21.91916731], [86.65505804, 21.91916439], [86.65516679, 21.91912952], [86.65518048, 21.91908665], [86.65513373, 21.9190005], [86.65510963, 21.91895728], [86.65516206, 21.91893332], [86.65520378, 21.91897339], [86.65522255, 21.91900597], [86.65521747, 21.91902794], [86.65522574, 21.91914689], [86.65490854, 21.91925937], [86.65537375, 21.91924408], [86.65543414, 21.91922887], [86.6555233, 21.91922381], [86.65573159, 21.91918858], [86.65589048, 21.91914345], [86.65610222, 21.91911619], [86.65614856, 21.91907538], [86.65607711, 21.91903214], [86.65601423, 21.91901993], [86.65602792, 21.91898363], [86.65608857, 21.91896866], [86.65605425, 21.91890967], [86.65601983, 21.91884638], [86.65601309, 21.91877091], [86.65601345, 21.91869243], [86.65599423, 21.9186372], [86.65599903, 21.91839576], [86.65593161, 21.91816647], [86.65590168, 21.91806557], [86.65582333, 21.91803838], [86.65580115, 21.9180601], [86.65572823, 21.9180303], [86.6556842, 21.91806283], [86.655608, 21.91801155], [86.65559301, 21.91797457], [86.65560039, 21.91791015], [86.65552914, 21.91801155], [86.65549267, 21.91802224], [86.65545612, 21.91803569], [86.65542555, 21.91800889], [86.65545627, 21.91797827], [86.65544377, 21.9178639], [86.65537579, 21.917821], [86.65531735, 21.9177871], [86.65533625, 21.91769574], [86.6553884, 21.91767535], [86.65550517, 21.91765106], [86.65552687, 21.91756903], [86.65558388, 21.91739354], [86.65551545, 21.91739216], [86.65544423, 21.9174117], [86.65536157, 21.91742158], [86.6552933, 21.91742584], [86.65522817, 21.91743441], [86.65517797, 21.91743727], [86.65509936, 21.91742727], [86.65509866, 21.91743004], [86.65499277, 21.91742017], [86.65491384, 21.91742727], [86.65484014, 21.91743728], [86.65472155, 21.91762772], [86.65483869, 21.91743727], [86.65477526, 21.91743584], [86.65467669, 21.9174117], [86.65444807, 21.91741472], [86.65432457, 21.91738509], [86.65419236, 21.91735096], [86.65403289, 21.91729493], [86.65386068, 21.91727632], [86.65376838, 21.91724539], [86.653676, 21.91723303], [86.65355008, 21.91724538], [86.65342497, 21.91722686], [86.65332824, 21.91715924], [86.65300702, 21.91712864], [86.65288618, 21.9171715], [86.6528865, 21.91728252], [86.6527524, 21.91730735], [86.65262057, 21.91729492], [86.65254612, 21.91713475], [86.65242527, 21.91716536], [86.65261409, 21.91738846], [86.65270178, 21.91789527], [86.65277069, 21.9189385], [86.65276938, 21.91893861], [86.65279421, 21.91937594], [86.65283642, 21.91983054], [86.65303907, 21.91977796]], [[86.65442581, 21.91857739], [86.65436126, 21.91858413], [86.65431961, 21.91856396], [86.6543208, 21.91852639], [86.65438468, 21.91851765], [86.6543527, 21.91847024], [86.65436663, 21.91843644], [86.65441624, 21.91845327], [86.65442459, 21.91849381], [86.65444312, 21.91851983], [86.6545113, 21.91855728], [86.65450854, 21.91861819], [86.65442581, 21.91857739]], [[86.65300072, 21.91887553], [86.6530181, 21.91884813], [86.65304397, 21.91884425], [86.65305883, 21.91885331], [86.6530526, 21.9188954], [86.65328391, 21.91895272], [86.6530448, 21.9188954], [86.65303314, 21.91891551], [86.65279154, 21.91893667], [86.65298974, 21.91891821], [86.65299256, 21.91891551], [86.65299888, 21.91890074], [86.65300072, 21.91887553]], [[86.65336384, 21.91893725], [86.65341232, 21.91899355], [86.65338341, 21.91896204], [86.65335988, 21.91897179], [86.65330834, 21.91896225], [86.65321835, 21.91912], [86.65323423, 21.91913268], [86.65324803, 21.91915188], [86.65322916, 21.91917001], [86.65321206, 21.91916481], [86.65320787, 21.91913523], [86.6533092, 21.91895899], [86.65331032, 21.91895927], [86.65331486, 21.9189277], [86.65333837, 21.91892363], [86.65336384, 21.91893725]], [[86.65350045, 21.91894822], [86.65351895, 21.91896343], [86.65352173, 21.91896482], [86.65352392, 21.91899004], [86.65350082, 21.91898581], [86.65347261, 21.9190028], [86.6534914, 21.91901996], [86.65354661, 21.91912932], [86.65349554, 21.91903182], [86.65347496, 21.91905482], [86.65345781, 21.91904312], [86.65343858, 21.91902217], [86.65347117, 21.91900138], [86.65347624, 21.91896066], [86.65349781, 21.91894822], [86.65350045, 21.91894822]], [[86.65362424, 21.91923128], [86.65359523, 21.91922216], [86.65357997, 21.919193], [86.65360983, 21.91917716], [86.6536243, 21.91919317], [86.65363178, 21.91921609], [86.65362424, 21.91923128]], [[86.65302694, 21.91932625], [86.65302875, 21.91932626], [86.65302094, 21.91937966], [86.65299897, 21.91937966], [86.65293148, 21.91937843], [86.65294648, 21.9193081], [86.65298639, 21.91930448], [86.65299, 21.91930448], [86.65302694, 21.91932625]], [[86.65508247, 21.91770522], [86.65504803, 21.91772107], [86.6550234, 21.91770347], [86.6550201, 21.91769997], [86.65501715, 21.91765532], [86.65504345, 21.91764689], [86.65506536, 21.91756221], [86.65504487, 21.91764353], [86.65506861, 21.91765025], [86.65509837, 21.91767747], [86.65508247, 21.91770522]], [[86.65455677, 21.91795121], [86.65455794, 21.91794036], [86.65453121, 21.91789196], [86.65452611, 21.91785461], [86.65451346, 21.91783723], [86.6545216, 21.91780309], [86.65455383, 21.91782196], [86.65458448, 21.91784786], [86.6545839, 21.91784879], [86.65459731, 21.91789396], [86.65461542, 21.91791605], [86.65455677, 21.91795121]], [[86.65458226, 21.91839997], [86.65453999, 21.91839997], [86.6545375, 21.91839997], [86.6545169, 21.91832038], [86.6545312, 21.91818802], [86.65452108, 21.91828807], [86.65454508, 21.91829611], [86.65458423, 21.91835306], [86.65458226, 21.91839997]]], [[[86.65804692, 21.91963134], [86.65803351, 21.9196698], [86.65808699, 21.91974327], [86.65809805, 21.91975487], [86.65810671, 21.91969487], [86.65813752, 21.91971463], [86.65814701, 21.91980506], [86.65815954, 21.91982616], [86.65819337, 21.91985744], [86.65820544, 21.91989725], [86.65820463, 21.92000652], [86.65821173, 21.92003082], [86.65822178, 21.92008565], [86.65822689, 21.9201346], [86.65824596, 21.92016898], [86.65825476, 21.92020417], [86.65828599, 21.92023166], [86.6583046, 21.9202625], [86.65838854, 21.92024735], [86.65843385, 21.92022888], [86.65851811, 21.92018751], [86.65858175, 21.92016423], [86.65863561, 21.92019141], [86.65866964, 21.9201451], [86.65874867, 21.9201451], [86.65885099, 21.92009328], [86.65889258, 21.92007302], [86.65889456, 21.92007302], [86.65891527, 21.92008059], [86.65893941, 21.92008312], [86.65894316, 21.92005053], [86.65898486, 21.92002592], [86.65901412, 21.92002592], [86.65900749, 21.9199826], [86.65898636, 21.91995671], [86.65895713, 21.91996607], [86.65891371, 21.91997078], [86.65886877, 21.91997663], [86.65881202, 21.92000497], [86.6587686, 21.92000497], [86.65872046, 21.91999075], [86.65867818, 21.91998368], [86.658649, 21.91993262], [86.65862202, 21.9200654], [86.65850619, 21.92011821], [86.65844892, 21.92009924], [86.65841251, 21.92008415], [86.6583555, 21.92011061], [86.65827586, 21.92012202], [86.6582759, 21.92008059], [86.65836286, 21.9200654], [86.65843089, 21.92000983], [86.65848987, 21.92000983], [86.65855532, 21.91995671], [86.65865058, 21.91993055], [86.6587898, 21.91988295], [86.65874651, 21.91991047], [86.65875105, 21.91993868], [86.65878596, 21.919951], [86.65884506, 21.91991979], [86.65884777, 21.91989859], [86.65883841, 21.91988814], [86.65878867, 21.91988165], [86.65882573, 21.91985737], [86.65886976, 21.91984088], [86.65890123, 21.9198319], [86.65902928, 21.91977061], [86.65912813, 21.91971496], [86.6593436, 21.91966581], [86.65927103, 21.91964646], [86.6592488, 21.91961637], [86.65930016, 21.91958935], [86.65916082, 21.91938905], [86.65910331, 21.91938905], [86.65908083, 21.9193695], [86.65909571, 21.91933091], [86.6591379, 21.91935253], [86.6593029, 21.91959204], [86.65934208, 21.91954414], [86.6593894, 21.9195547], [86.65937737, 21.91961094], [86.65930685, 21.91973342], [86.65926697, 21.91978239], [86.65928465, 21.91983006], [86.65929981, 21.9199031], [86.65936381, 21.91991666], [86.6594806, 21.91991894], [86.65957839, 21.91992345], [86.65967578, 21.91994055], [86.65973444, 21.91987269], [86.65974891, 21.91985594], [86.65972162, 21.91977757], [86.65969395, 21.91962639], [86.6596012, 21.91959932], [86.6595382, 21.91951575], [86.65957345, 21.91948221], [86.6595251, 21.91944904], [86.65950807, 21.91943076], [86.65954322, 21.9193766], [86.65949253, 21.91934102], [86.65947251, 21.91929643], [86.6594821, 21.9192658], [86.65949194, 21.91922813], [86.6595107, 21.91907521], [86.65948463, 21.91900324], [86.65943797, 21.91892088], [86.65941222, 21.91887011], [86.65938054, 21.91885904], [86.65936295, 21.91885354], [86.65935037, 21.91881735], [86.65930799, 21.91883773], [86.65927949, 21.91882533], [86.65925671, 21.91884398], [86.65923492, 21.91884869], [86.65921224, 21.91883715], [86.65921314, 21.9188661], [86.65919106, 21.91888538], [86.65916247, 21.91888377], [86.65914071, 21.91886133], [86.65912419, 21.91883173], [86.65912454, 21.91887731], [86.65908578, 21.91889514], [86.659046, 21.91889351], [86.65901022, 21.91890332], [86.65895673, 21.91889351], [86.65894828, 21.91888215], [86.65893836, 21.91885499], [86.6589122, 21.91891516], [86.65888386, 21.91895176], [86.65884532, 21.91898922], [86.65881257, 21.91897531], [86.65876324, 21.91900525], [86.6587153, 21.9190476], [86.65870251, 21.91917303], [86.65869775, 21.91926169], [86.65870657, 21.91927986], [86.65871172, 21.91927986], [86.6587487, 21.91926687], [86.658758, 21.91931928], [86.65871841, 21.91932725], [86.65870279, 21.91932725], [86.6586885, 21.91931134], [86.65871305, 21.91904525], [86.65865628, 21.91904008], [86.65862778, 21.91907147], [86.65858384, 21.91906056], [86.65853281, 21.91906473], [86.65849405, 21.91908575], [86.65845358, 21.91909849], [86.65839359, 21.91912426], [86.65837775, 21.91908787], [86.65838619, 21.91906473], [86.65840335, 21.91906891], [86.65842826, 21.91905432], [86.65829777, 21.91873474], [86.65824039, 21.91877002], [86.65823567, 21.91880094], [86.65819618, 21.91882014], [86.65816734, 21.91880615], [86.65810691, 21.91884281], [86.65810851, 21.91887198], [86.65810704, 21.91888293], [86.65808311, 21.9189079], [86.65805123, 21.9189079], [86.6580153, 21.91890464], [86.65801324, 21.9188789], [86.65798583, 21.9189014], [86.65798641, 21.91892595], [86.65794658, 21.91893758], [86.65776713, 21.91899036], [86.6578398, 21.91915482], [86.6578739, 21.9192357], [86.65788738, 21.91926939], [86.65792018, 21.91926939], [86.6579635, 21.91924615], [86.65796712, 21.91924615], [86.65803483, 21.91920482], [86.65807418, 21.9192176], [86.65820258, 21.91914717], [86.65825921, 21.91913428], [86.65836474, 21.91907956], [86.65838386, 21.91913428], [86.65835221, 21.91917324], [86.65830589, 21.91917762], [86.65829856, 21.9191975], [86.65828627, 21.91923229], [86.65828629, 21.91922326], [86.6582497, 21.91922887], [86.65822456, 21.91919085], [86.65817041, 21.91920864], [86.65811143, 21.9192426], [86.65806772, 21.91928349], [86.65803039, 21.91927831], [86.65798579, 21.91930967], [86.6580168, 21.91939682], [86.65805642, 21.91951158], [86.6580519, 21.91958826], [86.65804692, 21.91963134]], [[86.65834808, 21.91945022], [86.65833974, 21.919487], [86.65831188, 21.91949271], [86.65828584, 21.919487], [86.65828616, 21.91929606], [86.65828686, 21.9193087], [86.65828839, 21.91943857], [86.65830934, 21.91944182], [86.65834808, 21.91945022]]], [[[86.63413067, 21.92178714], [86.63414944, 21.92171009], [86.63423012, 21.92173834], [86.63427629, 21.9217845], [86.63426717, 21.9218158], [86.6341922, 21.9218035], [86.63348975, 21.92163813], [86.63354221, 21.92190782], [86.63358475, 21.92210573], [86.63375485, 21.92215706], [86.63375277, 21.92230549], [86.63408075, 21.92233486], [86.63407884, 21.92229573], [86.63411609, 21.92223647], [86.63415985, 21.92224606], [86.63427877, 21.92211577], [86.63415933, 21.92224991], [86.63416243, 21.92228099], [86.6341568, 21.92234077], [86.63437262, 21.92235949], [86.63376038, 21.92231037], [86.63367917, 21.92234473], [86.63354368, 21.92238435], [86.63345383, 21.92239433], [86.63329032, 21.92238437], [86.6332873, 21.9223794], [86.63319125, 21.92237941], [86.63335523, 21.9228645], [86.6333644, 21.92348634], [86.63399578, 21.92343051], [86.634057, 21.9237411], [86.6349903, 21.92364418], [86.63499259, 21.92364327], [86.63514112, 21.92400386], [86.63508223, 21.92411742], [86.6349629, 21.92426907], [86.63495879, 21.92443108], [86.63501735, 21.92444327], [86.63513082, 21.92444936], [86.63513624, 21.92444936], [86.63520518, 21.92439465], [86.63554269, 21.92432849], [86.63575832, 21.92428679], [86.63583376, 21.92424541], [86.63598832, 21.92426309], [86.63601031, 21.92418996], [86.63599901, 21.924269], [86.63612726, 21.92427491], [86.63632608, 21.92431053], [86.63643499, 21.92435239], [86.63645883, 21.92440668], [86.63665989, 21.92451228], [86.6373942, 21.9244741], [86.6374467, 21.9243757], [86.6387409, 21.9240594], [86.63921601, 21.9240927], [86.63919121, 21.92402852], [86.63922653, 21.92396517], [86.63902224, 21.92364365], [86.63900106, 21.9237101], [86.63897059, 21.9237188], [86.6387565, 21.92368214], [86.63876229, 21.92371664], [86.63877444, 21.92375178], [86.63870151, 21.92375622], [86.63867607, 21.9237058], [86.63874022, 21.92367787], [86.63892081, 21.92371011], [86.63888258, 21.92365666], [86.63881889, 21.92362681], [86.63882442, 21.92362936], [86.63877473, 21.92353773], [86.63879025, 21.92350902], [86.63882576, 21.92344789], [86.63882616, 21.92345212], [86.63892954, 21.92346911], [86.63897988, 21.92357048], [86.63901135, 21.92355869], [86.63898257, 21.92357327], [86.63923227, 21.92397147], [86.63932179, 21.92399965], [86.63940337, 21.92408228], [86.63941677, 21.92424687], [86.63988397, 21.92419128], [86.63988585, 21.92418516], [86.64054527, 21.92418508], [86.64057318, 21.9244072], [86.641197, 21.92433685], [86.64124097, 21.92420837], [86.64126228, 21.92412081], [86.64124085, 21.92421167], [86.64132531, 21.92429073], [86.64144086, 21.92433894], [86.64158526, 21.92423819], [86.64175877, 21.92425246], [86.6417731, 21.92457155], [86.64178826, 21.92474102], [86.64180648, 21.92505203], [86.64185109, 21.92545157], [86.64186324, 21.9257296], [86.64191416, 21.92573579], [86.64200401, 21.92576685], [86.64196194, 21.92581687], [86.64190786, 21.92599526], [86.64192501, 21.92600173], [86.64206398, 21.92602117], [86.6421627, 21.92603417], [86.64214291, 21.92611933], [86.64203983, 21.92621236], [86.64203439, 21.92636825], [86.64189663, 21.92649998], [86.64192051, 21.92664879], [86.64231355, 21.92655626], [86.6424959, 21.9265351], [86.64270769, 21.92649998], [86.64268712, 21.92635453], [86.64263403, 21.926112], [86.64249506, 21.92619874], [86.64239884, 21.92627968], [86.6422837, 21.92627968], [86.64235004, 21.92621889], [86.6423868, 21.92610537], [86.64231755, 21.92601311], [86.64236428, 21.92596089], [86.64242319, 21.92590903], [86.64249237, 21.92591549], [86.64261435, 21.92595439], [86.64258587, 21.92574198], [86.64257978, 21.92574599], [86.64256252, 21.9256619], [86.64257176, 21.9254044], [86.64268439, 21.92520284], [86.64270935, 21.92505424], [86.64276061, 21.92494922], [86.64294983, 21.92487328], [86.64297655, 21.92469067], [86.64296014, 21.92448093], [86.64292655, 21.92426565], [86.64282364, 21.92425943], [86.64273303, 21.92427811], [86.64266385, 21.92425322], [86.64262114, 21.92424964], [86.64261052, 21.92422286], [86.64261019, 21.92422286], [86.64263968, 21.92417976], [86.64269805, 21.92418161], [86.64273901, 21.92417421], [86.64281552, 21.92419761], [86.64290655, 21.92420376], [86.64291858, 21.92409999], [86.64288725, 21.92390944], [86.64293267, 21.92382219], [86.64288917, 21.92360133], [86.64286132, 21.9234641], [86.64291007, 21.92348039], [86.64294641, 21.92356257], [86.64298737, 21.9237192], [86.64309777, 21.92374193], [86.64320515, 21.92364595], [86.6432741, 21.92356257], [86.64345716, 21.92363538], [86.64353651, 21.92360146], [86.64359925, 21.92360146], [86.64401064, 21.92359303], [86.64395488, 21.92339513], [86.64392064, 21.92319037], [86.64389409, 21.9231066], [86.64373406, 21.92310659], [86.64361616, 21.92304669], [86.64347492, 21.92304669], [86.6434339, 21.9230005], [86.642838, 21.92304242], [86.64337189, 21.92300261], [86.64330566, 21.92282234], [86.64322803, 21.92249765], [86.64321085, 21.92226441], [86.64318159, 21.92223395], [86.64313738, 21.92218571], [86.64313338, 21.92210862], [86.64304788, 21.92197602], [86.64261057, 21.92202862], [86.64257696, 21.92202862], [86.64254334, 21.92202863], [86.64252523, 21.92196978], [86.6425149, 21.92183957], [86.64250548, 21.92180392], [86.64246346, 21.92168441], [86.64245538, 21.92166358], [86.64241496, 21.92146621], [86.64243453, 21.92138658], [86.64250703, 21.92141961], [86.64253006, 21.92162215], [86.64262362, 21.92194786], [86.64275044, 21.92194786], [86.6428973, 21.92194785], [86.64289191, 21.92178263], [86.64289646, 21.9215947], [86.64279933, 21.92153345], [86.64282822, 21.92144617], [86.64284216, 21.92128865], [86.64281802, 21.92118614], [86.64277515, 21.92107937], [86.64273816, 21.92107937], [86.64263952, 21.92107937], [86.6426274, 21.92101756], [86.6426782, 21.92097472], [86.64257261, 21.92063287], [86.64251738, 21.92041538], [86.64234736, 21.92045923], [86.64221243, 21.92053132], [86.64224454, 21.92067295], [86.64230006, 21.92079506], [86.64229427, 21.92089011], [86.64233893, 21.92101143], [86.64238315, 21.92102987], [86.64240156, 21.92102987], [86.64254432, 21.92104838], [86.64260511, 21.92117348], [86.64254219, 21.92123716], [86.64243444, 21.92130162], [86.64237915, 21.92132111], [86.64230513, 21.9213472], [86.64209707, 21.92136031], [86.64174939, 21.9213998], [86.64156508, 21.92141303], [86.64149512, 21.92141303], [86.64142204, 21.92142899], [86.64140795, 21.92131379], [86.64140466, 21.92126801], [86.64137789, 21.92127391], [86.64135704, 21.9212641], [86.64132184, 21.92127194], [86.64126958, 21.92128379], [86.64129158, 21.92133822], [86.64123528, 21.92139887], [86.64120893, 21.9213756], [86.64121107, 21.92133413], [86.64114127, 21.92134646], [86.64110381, 21.92132597], [86.64108354, 21.92127391], [86.64111833, 21.92123696], [86.64107264, 21.9212466], [86.6410364, 21.92122166], [86.64104443, 21.92116747], [86.6410559, 21.92109933], [86.64111186, 21.92108364], [86.64115978, 21.921046], [86.64118796, 21.92103926], [86.64119118, 21.92103926], [86.64121646, 21.92105957], [86.64121668, 21.92112228], [86.64123715, 21.92117482], [86.64126551, 21.92112763], [86.64131281, 21.92110283], [86.64136911, 21.92109811], [86.64133003, 21.92095046], [86.64135037, 21.92087219], [86.64133622, 21.92073077], [86.64128816, 21.92074241], [86.64118572, 21.92076577], [86.64105347, 21.92075486], [86.64106855, 21.92077683], [86.64105554, 21.92081193], [86.64102795, 21.92081907], [86.640991, 21.92082194], [86.64093432, 21.920781], [86.6408128, 21.92079217], [86.64079775, 21.92083056], [86.64074798, 21.92084163], [86.64070715, 21.92084389], [86.6406976, 21.92085747], [86.64067373, 21.92088492], [86.640653, 21.92089845], [86.6406526, 21.92089647], [86.64061287, 21.92086886], [86.64059318, 21.92081922], [86.64045608, 21.9207658], [86.64039803, 21.92080103], [86.64022677, 21.92082466], [86.64021065, 21.92089559], [86.6402506, 21.92095771], [86.64025596, 21.92097029], [86.64028656, 21.92103394], [86.64028336, 21.92112861], [86.64027845, 21.92114189], [86.64023497, 21.92115523], [86.64018972, 21.9212709], [86.64020095, 21.92139083], [86.64020013, 21.92139802], [86.64016005, 21.92155277], [86.64010568, 21.92164889], [86.64021572, 21.92174694], [86.64034228, 21.9218023], [86.64046251, 21.92181904], [86.64060994, 21.92183022], [86.64076911, 21.92184705], [86.64077455, 21.92184705], [86.64081223, 21.92173046], [86.64079897, 21.92164888], [86.64074466, 21.92163811], [86.64061515, 21.92161665], [86.64049927, 21.92163274], [86.64034228, 21.92157931], [86.64037414, 21.9213817], [86.64042596, 21.9213817], [86.64058027, 21.92136645], [86.64060534, 21.9214226], [86.6405977, 21.9214587], [86.6405314, 21.92155811], [86.640674, 21.92155811], [86.64079071, 21.9215634], [86.64082555, 21.92148986], [86.64093218, 21.92150552], [86.64097691, 21.921574], [86.64094176, 21.92163811], [86.64087111, 21.92167592], [86.64087964, 21.92175796], [86.64087685, 21.92183583], [86.64087085, 21.92193782], [86.64086487, 21.92202563], [86.64081752, 21.92201284], [86.64081425, 21.92192067], [86.64076436, 21.92191497], [86.64067616, 21.92190928], [86.64054112, 21.92192273], [86.64044194, 21.9219014], [86.64035122, 21.92189081], [86.64032673, 21.92193783], [86.64024661, 21.92185268], [86.64017988, 21.92198964], [86.6400739, 21.92193783], [86.6399533, 21.92198386], [86.63992078, 21.92194513], [86.63991636, 21.9219456], [86.63992521, 21.92189742], [86.63999061, 21.92185831], [86.64005047, 21.92185268], [86.64009238, 21.92177454], [86.64005346, 21.9217427], [86.6400458, 21.92174271], [86.6399301, 21.92167173], [86.63983299, 21.92159453], [86.63982925, 21.92159453], [86.6397441, 21.92156793], [86.63968586, 21.92152963], [86.63970026, 21.92142658], [86.63962712, 21.92136742], [86.63953175, 21.92133387], [86.63953622, 21.92130081], [86.63955152, 21.92124774], [86.63952915, 21.92118741], [86.63951536, 21.92113146], [86.63953154, 21.92109315], [86.63955653, 21.92104754], [86.63954132, 21.92098221], [86.63954266, 21.9209314], [86.6395479, 21.92087448], [86.63952865, 21.92087448], [86.63950246, 21.92087692], [86.63946468, 21.92088426], [86.63942102, 21.92085505], [86.63936116, 21.92085506], [86.63932349, 21.92086475], [86.63929768, 21.92087449], [86.63926285, 21.92089904], [86.6392215, 21.92089411], [86.63917527, 21.92088428], [86.63917623, 21.92091641], [86.63917558, 21.92097709], [86.63917779, 21.92105287], [86.6392524, 21.92109045], [86.63926877, 21.92116487], [86.6392343, 21.92114255], [86.63918912, 21.92109316], [86.63912727, 21.92103696], [86.6390971, 21.9210238], [86.63906211, 21.92099255], [86.63900268, 21.92099255], [86.63896682, 21.92094361], [86.63883699, 21.92089358], [86.63870703, 21.92076588], [86.63860175, 21.92071513], [86.63840811, 21.92081103], [86.63859944, 21.92071513], [86.63858357, 21.92067503], [86.63849651, 21.92059907], [86.63843279, 21.92056693], [86.63830628, 21.92055896], [86.63820566, 21.92053914], [86.63810997, 21.9205352], [86.63802319, 21.92050384], [86.63794263, 21.92041951], [86.63788692, 21.9203452], [86.63782346, 21.92029088], [86.63776768, 21.92022723], [86.6377254, 21.92017202], [86.63768267, 21.92016861], [86.63766005, 21.92020638], [86.63761075, 21.92020639], [86.63759058, 21.9202305], [86.63756424, 21.92022786], [86.63749491, 21.92023424], [86.63746259, 21.92020986], [86.63746757, 21.92014151], [86.63743081, 21.92014489], [86.63740991, 21.92010474], [86.63743467, 21.92002321], [86.63744377, 21.91994753], [86.63746048, 21.91988329], [86.63749922, 21.91982375], [86.63735564, 21.91981204], [86.63730734, 21.9198385], [86.63724939, 21.91982376], [86.63723448, 21.91978589], [86.63709209, 21.91975772], [86.63711551, 21.91953772], [86.63675728, 21.91947393], [86.63671877, 21.91951222], [86.63655326, 21.91948131], [86.63649998, 21.91946379], [86.63643725, 21.91950779], [86.63635394, 21.91952113], [86.63626192, 21.91955519], [86.63622544, 21.91968505], [86.63617292, 21.91986619], [86.63620563, 21.91987302], [86.63623855, 21.9198577], [86.6362652, 21.91986619], [86.63627321, 21.91988682], [86.63628179, 21.91991793], [86.63625122, 21.91994745], [86.63618878, 21.91995324], [86.63615487, 21.91992749], [86.63626062, 21.91955701], [86.63616577, 21.91948571], [86.63619602, 21.91940763], [86.63619216, 21.91934841], [86.63615094, 21.91931101], [86.63611102, 21.91931101], [86.6360448, 21.91929455], [86.63600412, 21.91930277], [86.63593137, 21.91931101], [86.6358928, 21.91933173], [86.63581397, 21.91929456], [86.6358245, 21.91919395], [86.6358149, 21.9191978], [86.63562174, 21.91919396], [86.63554426, 21.91918729], [86.63554422, 21.91928848], [86.63552133, 21.91933648], [86.63546556, 21.91937803], [86.63546048, 21.91944811], [86.6354486, 21.91951927], [86.63536605, 21.91962808], [86.63535898, 21.91962808], [86.63530711, 21.91959882], [86.63526161, 21.91950496], [86.63533548, 21.91942698], [86.63538058, 21.91936414], [86.63478221, 21.91938502], [86.63475409, 21.91957702], [86.63492446, 21.91962077], [86.63495613, 21.9196946], [86.63481498, 21.91972447], [86.63476235, 21.91961345], [86.63468319, 21.91968718], [86.63457121, 21.91970207], [86.63446705, 21.91970953], [86.63438057, 21.91969463], [86.6344172, 21.91960616], [86.63440978, 21.91942702], [86.63421144, 21.91942001], [86.63413284, 21.91932277], [86.63376533, 21.91934345], [86.63367028, 21.91937811], [86.63358991, 21.91935729], [86.63351059, 21.91935729], [86.6331505, 21.9193161], [86.6331709, 21.9190965], [86.63278787, 21.91900336], [86.63259731, 21.91899166], [86.63246034, 21.91892189], [86.6317415, 21.9190338], [86.63238869, 21.92014801], [86.63262993, 21.92061934], [86.6327499, 21.92051741], [86.63287475, 21.92039207], [86.6328852, 21.92038379], [86.63301095, 21.92037552], [86.63301919, 21.92037552], [86.63301641, 21.92048376], [86.63292773, 21.92060224], [86.6326408, 21.92067085], [86.63268748, 21.92087188], [86.63314844, 21.92094312], [86.63323594, 21.92089849], [86.63375072, 21.92084529], [86.6337721, 21.92116601], [86.63378047, 21.92124435], [86.63375893, 21.92137423], [86.63376038, 21.92137466], [86.63368327, 21.92141461], [86.63357053, 21.92149139], [86.63348635, 21.92163416], [86.63413067, 21.92178714]], [[86.63421712, 21.92206425], [86.63418725, 21.9220175], [86.63418771, 21.92201408], [86.63419454, 21.92198864], [86.63422899, 21.9219702], [86.6342723, 21.92198864], [86.6342753, 21.92199201], [86.63429589, 21.92202092], [86.63433879, 21.92209072], [86.63435867, 21.92204332], [86.63438251, 21.922066], [86.63440249, 21.92209784], [86.63443639, 21.92208539], [86.63444159, 21.92208539], [86.63448129, 21.92211937], [86.63448304, 21.92211937], [86.63449571, 21.92214479], [86.634466, 21.92217055], [86.6344445, 21.92217425], [86.63439244, 21.92215947], [86.63436171, 21.9221266], [86.63430433, 21.92203813], [86.63431244, 21.92207656], [86.6343119, 21.92208186], [86.63427877, 21.92211577], [86.63421712, 21.92206425]], [[86.6343135, 21.92228599], [86.63435646, 21.9221948], [86.6344246, 21.92222814], [86.63443984, 21.92231033], [86.63445255, 21.92233621], [86.63449948, 21.9223181], [86.63454906, 21.92234075], [86.63460012, 21.92234986], [86.63465425, 21.92234758], [86.63466302, 21.9223453], [86.63471806, 21.92232261], [86.63472879, 21.9223226], [86.63474912, 21.92234985], [86.63469789, 21.92237973], [86.63467101, 21.92239365], [86.63467396, 21.92239826], [86.63462073, 21.92239598], [86.63456424, 21.92239365], [86.63445231, 21.92233848], [86.6344236, 21.9223694], [86.63437262, 21.92235949], [86.6343135, 21.92228599]], [[86.63663603, 21.92436183], [86.63665587, 21.92430731], [86.63670133, 21.92429333], [86.63674321, 21.92431238], [86.63677033, 21.92432977], [86.63677747, 21.92432829], [86.63679981, 21.92439311], [86.63679835, 21.92443239], [86.6367987, 21.92443958], [86.63676735, 21.92449031], [86.63665989, 21.92451228], [86.63663603, 21.92436183]], [[86.63868576, 21.92379663], [86.63875912, 21.92382633], [86.63879297, 21.92387293], [86.6387495, 21.92391825], [86.63869567, 21.92390144], [86.63866321, 21.92384021], [86.63870151, 21.92375622], [86.63868576, 21.92379663]], [[86.63935935, 21.92383], [86.639228, 21.92382615], [86.63927007, 21.92373122], [86.6393306, 21.92374624], [86.6393695, 21.9237651], [86.63936317, 21.92382615], [86.63932179, 21.92399965], [86.63935935, 21.92383]], [[86.63440641, 21.92136776], [86.6344561, 21.92137635], [86.63448027, 21.92139363], [86.63448168, 21.92145032], [86.63456843, 21.92149247], [86.63448033, 21.92145032], [86.63443461, 21.92149527], [86.63438512, 21.92149978], [86.63434733, 21.92147507], [86.63432928, 21.92149528], [86.63433328, 21.92155916], [86.63432254, 21.92161211], [86.63428852, 21.92160811], [86.634293, 21.92155916], [86.63426385, 21.921523], [86.63429133, 21.92145059], [86.63432189, 21.92144616], [86.63435171, 21.92142195], [86.63440641, 21.92136776]], [[86.63484805, 21.92160171], [86.63485409, 21.92163755], [86.63498687, 21.92163261], [86.63485402, 21.92163926], [86.6348495, 21.92163613], [86.63483956, 21.92168245], [86.63483813, 21.92168403], [86.63480861, 21.92170226], [86.63475335, 21.92166218], [86.63476284, 21.92158694], [86.63476303, 21.92158703], [86.63479429, 21.92157685], [86.63479572, 21.92157685], [86.63484805, 21.92160171]], [[86.63506728, 21.92146707], [86.63513281, 21.92149611], [86.63514393, 21.92152578], [86.63514546, 21.92157399], [86.63514693, 21.92159706], [86.63513832, 21.92163924], [86.63505884, 21.92162901], [86.63503777, 21.92163006], [86.63503269, 21.92161211], [86.63502362, 21.92155936], [86.63503808, 21.92151165], [86.63506728, 21.92146707]], [[86.63522903, 21.92037077], [86.63512713, 21.92003364], [86.63506929, 21.9199781], [86.63513217, 21.91991538], [86.63530253, 21.91971181], [86.63515399, 21.9199076], [86.63518065, 21.9199939], [86.63515629, 21.92009789], [86.63522903, 21.92037077]], [[86.63544516, 21.92058991], [86.63534706, 21.92059882], [86.63529527, 21.92058992], [86.63526441, 21.92048784], [86.6353084, 21.92051917], [86.63539959, 21.92049289], [86.63549021, 21.92054028], [86.63544516, 21.92058991]], [[86.63555108, 21.92057213], [86.63557141, 21.92058675], [86.63553753, 21.92056504], [86.63555108, 21.92057213]], [[86.63577676, 21.92053674], [86.63579568, 21.92064358], [86.63571245, 21.92065259], [86.63566008, 21.92064359], [86.63564086, 21.92063127], [86.63570109, 21.92056325], [86.63576311, 21.92015259], [86.63572698, 21.92047542], [86.63577676, 21.92053674]], [[86.6355481, 21.92036345], [86.63545562, 21.92032102], [86.63550362, 21.92025387], [86.63561371, 21.9202289], [86.63560361, 21.9201466], [86.6355462, 21.92014661], [86.63557808, 21.92008979], [86.63565812, 21.92005761], [86.63571738, 21.9200018], [86.6357816, 21.91998596], [86.6358369, 21.92002563], [86.63584923, 21.92008978], [86.63577104, 21.92008172], [86.63576813, 21.92010769], [86.6356659, 21.92019582], [86.63563169, 21.92030414], [86.63559942, 21.92036344], [86.6355481, 21.92036345]], [[86.63640139, 21.91988854], [86.636399, 21.91992404], [86.63640336, 21.91994638], [86.63643799, 21.9199371], [86.63644846, 21.91995441], [86.63645289, 21.9199944], [86.63645353, 21.91999459], [86.63643468, 21.92001297], [86.63640307, 21.92002901], [86.636376, 21.92002607], [86.63636624, 21.91999299], [86.63636987, 21.91993843], [86.63635085, 21.91990863], [86.6363754, 21.91988854], [86.63640139, 21.91988854]], [[86.63652811, 21.91993316], [86.63655879, 21.91993974], [86.63658554, 21.91995981], [86.63659296, 21.91998596], [86.63659363, 21.92003491], [86.63666137, 21.92017604], [86.6366839, 21.92014699], [86.63670462, 21.92015036], [86.63671105, 21.9201743], [86.63670227, 21.92019179], [86.63669965, 21.92021684], [86.63667271, 21.92021141], [86.6366616, 21.92017777], [86.63659411, 21.92003936], [86.63656787, 21.92003788], [86.63654805, 21.92002753], [86.63654675, 21.92002606], [86.63648428, 21.92000351], [86.63650696, 21.92001008], [86.63651034, 21.91998877], [86.63651632, 21.91995711], [86.63652811, 21.91993316]], [[86.63963953, 21.92173212], [86.63957274, 21.92184123], [86.63903783, 21.92193914], [86.63900143, 21.92197843], [86.6389838, 21.92203085], [86.63898073, 21.92202192], [86.63895718, 21.92199744], [86.63892831, 21.92195974], [86.6394979, 21.92185052], [86.63945317, 21.92179773], [86.63953385, 21.92170622], [86.63954293, 21.92165519], [86.63954517, 21.92164259], [86.63954872, 21.92162257], [86.63957008, 21.92154408], [86.63961259, 21.92153878], [86.63964443, 21.92157321], [86.63964248, 21.92163255], [86.63964554, 21.9216451], [86.63963953, 21.92173212]], [[86.63880149, 21.92213073], [86.63878543, 21.92215074], [86.63870694, 21.92219456], [86.63865104, 21.92218779], [86.63863107, 21.92211748], [86.63864177, 21.9220585], [86.63869836, 21.92200384], [86.63876402, 21.92199124], [86.63873489, 21.92199747], [86.6387702, 21.922052], [86.63880283, 21.92212408], [86.63880149, 21.92213073]], [[86.63915873, 21.92218623], [86.63924282, 21.92219906], [86.63924909, 21.92219906], [86.63926949, 21.92227403], [86.63926489, 21.92234096], [86.63927897, 21.92245155], [86.6392446, 21.92251575], [86.63915948, 21.92257039], [86.63912175, 21.92251576], [86.63912517, 21.922441], [86.63904799, 21.92221707], [86.63912533, 21.92243749], [86.63916744, 21.92236478], [86.63912949, 21.92227734], [86.63915873, 21.92218623]], [[86.64055235, 21.92228016], [86.64051546, 21.92228513], [86.64044174, 21.9222926], [86.64042089, 21.92226039], [86.64041607, 21.92221645], [86.64038981, 21.92219477], [86.64037616, 21.9222092], [86.64032441, 21.92225792], [86.64027638, 21.92225547], [86.64024826, 21.92218281], [86.64033087, 21.92215197], [86.64035543, 21.92214491], [86.64041216, 21.92214491], [86.64042344, 21.92212851], [86.64042547, 21.92210359], [86.64045765, 21.92211686], [86.6404895, 21.92215197], [86.64053808, 21.92219237], [86.64055235, 21.92228016]], [[86.6422511, 21.92426123], [86.64222933, 21.92426123], [86.642171, 21.92424194], [86.64206603, 21.92421573], [86.64249468, 21.92422286], [86.64234429, 21.92422286], [86.64235444, 21.92424578], [86.64228601, 21.92427682], [86.6422511, 21.92426123]], [[86.64200954, 21.92421717], [86.64203883, 21.92421528], [86.64206435, 21.9242157], [86.64207475, 21.92425156], [86.64203351, 21.92427486], [86.64198986, 21.92425735], [86.64200954, 21.92421717]], [[86.64134912, 21.92375354], [86.64135925, 21.92379514], [86.64133036, 21.9238375], [86.64122708, 21.92384033], [86.64123005, 21.92377009], [86.64130398, 21.92373164], [86.64134912, 21.92375354]], [[86.63996761, 21.92342568], [86.63996161, 21.92352632], [86.64002853, 21.9236384], [86.64002559, 21.92371411], [86.63991467, 21.92369832], [86.6398645, 21.92364383], [86.63995686, 21.92352632], [86.63996761, 21.92342568]], [[86.63996181, 21.92257219], [86.64007716, 21.92270815], [86.64005432, 21.92288377], [86.64013728, 21.92299416], [86.64008043, 21.92304316], [86.64002791, 21.92298929], [86.64003974, 21.92293138], [86.64006236, 21.92279032], [86.6400041, 21.9228129], [86.6399278, 21.92277778], [86.63985054, 21.92271329], [86.63987314, 21.92261938], [86.63996181, 21.92257219]], [[86.63972968, 21.92245154], [86.63980095, 21.92236838], [86.63985843, 21.92233726], [86.6399347, 21.92232218], [86.63994081, 21.92232218], [86.63998401, 21.9224035], [86.63997497, 21.92246585], [86.6399162, 21.92248608], [86.6398143, 21.92254183], [86.63972737, 21.92246534], [86.63972968, 21.92245154]], [[86.63976756, 21.92283504], [86.63979729, 21.92278654], [86.63984963, 21.92271707], [86.63985021, 21.92271463], [86.63987465, 21.92286622], [86.63989412, 21.92290668], [86.6398407, 21.92291574], [86.63976756, 21.92283504]], [[86.63910036, 21.92342299], [86.63914456, 21.92339632], [86.63918795, 21.92342032], [86.63921503, 21.92346608], [86.63920099, 21.92350146], [86.63915681, 21.923496], [86.63911822, 21.92349054], [86.63912047, 21.92351791], [86.63906466, 21.92353167], [86.63903763, 21.92354537], [86.63901558, 21.9235042], [86.63902278, 21.92345256], [86.63908087, 21.9234364], [86.63910036, 21.92342299]], [[86.63865945, 21.92316178], [86.63876358, 21.92317456], [86.63903379, 21.92306474], [86.63875743, 21.9231803], [86.63880984, 21.92328007], [86.63881588, 21.92334372], [86.63880986, 21.92328552], [86.63870368, 21.92326919], [86.63862442, 21.92316709], [86.63865945, 21.92316178]], [[86.63917622, 21.92290857], [86.63921881, 21.92290344], [86.63925653, 21.92295265], [86.63921355, 21.92298957], [86.63917188, 21.923007], [86.63914609, 21.92297105], [86.63916547, 21.92291887], [86.63916549, 21.92291629], [86.63917622, 21.92290857]], [[86.63850641, 21.92374737], [86.63846654, 21.9237518], [86.63846446, 21.9237518], [86.63842644, 21.92373636], [86.63840741, 21.92368004], [86.63845307, 21.92356417], [86.63838054, 21.92355817], [86.63834116, 21.92347993], [86.63843965, 21.92345216], [86.63848429, 21.92347272], [86.63842774, 21.92363991], [86.63846496, 21.92367577], [86.63851023, 21.92369718], [86.63850641, 21.92374737]], [[86.63700836, 21.92409065], [86.63700172, 21.9240874], [86.6369815, 21.92403262], [86.6369805, 21.92401986], [86.63699559, 21.92397243], [86.63705225, 21.92397557], [86.63707002, 21.92386436], [86.63712887, 21.92386739], [86.63717638, 21.92390715], [86.63715005, 21.92398185], [86.63721198, 21.9240464], [86.63726077, 21.92412531], [86.63725298, 21.92406826], [86.637262, 21.92399707], [86.63729801, 21.92396669], [86.63734265, 21.92399706], [86.63737173, 21.92404639], [86.6374458, 21.92403936], [86.63737206, 21.9240495], [86.63739763, 21.9240903], [86.63737348, 21.92418029], [86.63733982, 21.92418356], [86.63730552, 21.9241803], [86.63725825, 21.92413172], [86.63718156, 21.92410041], [86.63714591, 21.9241266], [86.6371731, 21.92420306], [86.63711995, 21.92425727], [86.63706113, 21.92421991], [86.63703709, 21.92416629], [86.63704512, 21.92411022], [86.63700836, 21.92409065]], [[86.63760376, 21.92386883], [86.63764985, 21.92388342], [86.63768252, 21.92390398], [86.63766174, 21.92399399], [86.63765661, 21.92403705], [86.63762968, 21.92407766], [86.63760453, 21.92403086], [86.63755258, 21.92402468], [86.63750191, 21.92403165], [86.63747505, 21.92395763], [86.6374672, 21.92391879], [86.63751432, 21.92385432], [86.63760376, 21.92386883]], [[86.63606637, 21.9240035], [86.63610368, 21.92407723], [86.6360263, 21.92411959], [86.63595678, 21.92406014], [86.63599917, 21.92387339], [86.6359771, 21.92398353], [86.63606637, 21.9240035]], [[86.63580575, 21.92340246], [86.635871, 21.92328822], [86.63595868, 21.92325884], [86.63602201, 21.92332271], [86.63602694, 21.92333261], [86.63608646, 21.92341753], [86.63619415, 21.92342021], [86.63607665, 21.92342257], [86.63606289, 21.92355539], [86.63602211, 21.92375891], [86.63606196, 21.92355403], [86.63597798, 21.92349367], [86.63592353, 21.92346308], [86.63580575, 21.92340246]], [[86.63607878, 21.92313366], [86.63616698, 21.92323934], [86.63621451, 21.92320058], [86.6362741, 21.92325882], [86.6362938, 21.92330636], [86.63631034, 21.92332458], [86.63633378, 21.92323735], [86.63634338, 21.9232686], [86.6363652, 21.92328438], [86.63639007, 21.92336738], [86.63644425, 21.92337237], [86.63644916, 21.92337237], [86.63650996, 21.92341238], [86.63650133, 21.92346285], [86.63645309, 21.92345797], [86.63637237, 21.92341751], [86.636328, 21.92341752], [86.63628608, 21.92341836], [86.63623225, 21.92333259], [86.63620693, 21.92329312], [86.63607755, 21.92313547], [86.63607878, 21.92313366]], [[86.63678453, 21.92327625], [86.63681196, 21.92300228], [86.63676889, 21.92300016], [86.63672811, 21.92296451], [86.63676573, 21.92289716], [86.63680664, 21.92288717], [86.63677785, 21.922811], [86.63680786, 21.92278064], [86.63683705, 21.92279007], [86.63685273, 21.92280526], [86.63685632, 21.92284186], [86.6368328, 21.92287722], [86.63686301, 21.92293155], [86.6368638, 21.92293974], [86.63685911, 21.92297911], [86.63681213, 21.9230044], [86.63678613, 21.92327625], [86.63680525, 21.92328442], [86.63684524, 21.92329421], [86.63684776, 21.92329667], [86.63686513, 21.92338964], [86.63686535, 21.92339221], [86.63684209, 21.92342592], [86.63679204, 21.92342592], [86.63666415, 21.92341765], [86.63676311, 21.9234207], [86.63674372, 21.92337428], [86.63673944, 21.92330159], [86.63678453, 21.92327625]], [[86.6363568, 21.92298573], [86.63631928, 21.92295859], [86.63633258, 21.92293198], [86.63633119, 21.92289078], [86.6363687, 21.92288478], [86.63637165, 21.92288627], [86.6364071, 21.92291657], [86.63643424, 21.92293819], [86.63640809, 21.92296493], [86.63638184, 21.92305846], [86.63640654, 21.92296651], [86.63639114, 21.92296811], [86.63638647, 21.92297129], [86.6363568, 21.92298573]], [[86.63595054, 21.92307826], [86.63595434, 21.92307668], [86.63600825, 21.92307289], [86.63603929, 21.92308634], [86.63607497, 21.9231291], [86.63604523, 21.92313348], [86.63600707, 21.92320542], [86.63591565, 21.92316214], [86.63595054, 21.92307826]], [[86.63531192, 21.92406587], [86.6352397, 21.92404881], [86.63520505, 21.92403035], [86.6352403, 21.92396427], [86.63530746, 21.92396986], [86.63531716, 21.92398107], [86.63531192, 21.92406587]], [[86.63548652, 21.92328824], [86.63554535, 21.92327843], [86.63552877, 21.92321512], [86.63547513, 21.92322481], [86.63543558, 21.9231526], [86.63547091, 21.92311925], [86.63548048, 21.92311925], [86.63556203, 21.9231145], [86.63564069, 21.92305322], [86.63568773, 21.92301018], [86.63570516, 21.92301511], [86.63570786, 21.92301676], [86.63572309, 21.92301841], [86.63573769, 21.92303094], [86.63573541, 21.92303168], [86.63572678, 21.92307227], [86.63567285, 21.92309476], [86.63560598, 21.92309084], [86.63554492, 21.92328824], [86.63557681, 21.92334255], [86.63557562, 21.92337242], [86.63554358, 21.9234327], [86.63519439, 21.92356297], [86.6354836, 21.92344788], [86.63544828, 21.92336744], [86.63547654, 21.92329316], [86.63548652, 21.92328824]], [[86.6360433, 21.92298092], [86.63607737, 21.92295703], [86.63606686, 21.92295545], [86.63602734, 21.92293355], [86.63603409, 21.92288929], [86.63602909, 21.92284501], [86.63607522, 21.92284066], [86.63608103, 21.92286254], [86.63607021, 21.92290895], [86.63610559, 21.92287882], [86.63612799, 21.92289079], [86.63609322, 21.9229289], [86.63612513, 21.92294133], [86.63612401, 21.92297771], [86.63611636, 21.9230036], [86.6360991, 21.92304338], [86.63606844, 21.92306029], [86.63603433, 21.92305714], [86.63605118, 21.92305859], [86.63605173, 21.92303166], [86.63602767, 21.92301344], [86.6360433, 21.92298092]], [[86.63458546, 21.92327964], [86.63459901, 21.9233818], [86.63455095, 21.92338754], [86.63431752, 21.92340207], [86.63448172, 21.92338755], [86.63446036, 21.92324609], [86.63452872, 21.92324051], [86.63458546, 21.92327964]], [[86.63490383, 21.92267419], [86.6349294, 21.92262264], [86.63499756, 21.92258968], [86.63499983, 21.92258968], [86.63502987, 21.92262518], [86.63503681, 21.9226303], [86.63506277, 21.92267322], [86.63505922, 21.92267439], [86.63502261, 21.9227589], [86.63498992, 21.9227751], [86.63489841, 21.92275622], [86.63489375, 21.92275353], [86.63486883, 21.92270289], [86.63488243, 21.92272416], [86.63490585, 21.92270827], [86.63490381, 21.9226768], [86.63490383, 21.92267419]], [[86.63634075, 21.92219657], [86.63633889, 21.92219809], [86.6363098, 21.92228337], [86.63622115, 21.92229202], [86.63618369, 21.92230434], [86.6361722, 21.92226187], [86.63619087, 21.92217709], [86.63626671, 21.92218548], [86.63634075, 21.92219657]], [[86.63639715, 21.92201387], [86.6363984, 21.92202133], [86.6363729, 21.92206166], [86.63639341, 21.922082], [86.63642212, 21.92210655], [86.6364004, 21.92214787], [86.63634614, 21.92219217], [86.63628447, 21.92211479], [86.63632215, 21.92206572], [86.63631763, 21.92206365], [86.63639715, 21.92201387]], [[86.63639697, 21.92201278], [86.63631096, 21.92196959], [86.63634495, 21.92194988], [86.6363877, 21.92195775], [86.63639697, 21.92201278]], [[86.63609895, 21.92208609], [86.63611266, 21.9220056], [86.63611415, 21.92200933], [86.63615743, 21.92196974], [86.63629084, 21.92205136], [86.63624289, 21.92202937], [86.63619331, 21.92209018], [86.63614636, 21.92211068], [86.63609895, 21.92208609]], [[86.63610859, 21.92178446], [86.63613582, 21.92180403], [86.63615383, 21.92183383], [86.6361487, 21.92186011], [86.63614872, 21.9218604], [86.63611185, 21.92186624], [86.6360906, 21.92183383], [86.63608917, 21.92178252], [86.63610859, 21.92178446]], [[86.63595676, 21.92188761], [86.63598021, 21.92184542], [86.63604183, 21.92182728], [86.63608923, 21.92194659], [86.63607019, 21.92190768], [86.63602106, 21.92198148], [86.63597096, 21.92196566], [86.63595676, 21.92188761]], [[86.63592615, 21.92153605], [86.6359557, 21.92161045], [86.63590213, 21.92162768], [86.63588128, 21.92158507], [86.63590078, 21.92153605], [86.63592615, 21.92153605]], [[86.64234634, 21.92577307], [86.64238115, 21.92570489], [86.64251753, 21.92574198], [86.64257693, 21.92574786], [86.64250055, 21.92579806], [86.642449, 21.92582315], [86.64236306, 21.92581687], [86.64234634, 21.92577307]], [[86.64284717, 21.92321971], [86.64285523, 21.92328536], [86.64279576, 21.92330191], [86.64272367, 21.92330606], [86.64266533, 21.92321203], [86.64257926, 21.92316879], [86.64259851, 21.92309379], [86.64267958, 21.92299449], [86.6426569, 21.92297289], [86.64262669, 21.92290801], [86.64264854, 21.92289291], [86.64269562, 21.92286755], [86.6426968, 21.92286755], [86.64270268, 21.92286755], [86.64274538, 21.92287329], [86.64277381, 21.9228929], [86.64276854, 21.92293729], [86.64274558, 21.92298967], [86.64272844, 21.92300535], [86.64267964, 21.92299569], [86.64263027, 21.9230579], [86.64265742, 21.92305588], [86.64267708, 21.92312875], [86.64272002, 21.92316811], [86.64281072, 21.92316415], [86.64284717, 21.92321971]], [[86.64204972, 21.92272207], [86.64200576, 21.92272489], [86.64200452, 21.92270973], [86.64197413, 21.92275616], [86.64190557, 21.92274056], [86.64188261, 21.9226983], [86.64191937, 21.92265141], [86.64197666, 21.92265697], [86.64203862, 21.92267526], [86.64209291, 21.9226456], [86.64246271, 21.9230466], [86.64241559, 21.92299691], [86.6421621, 21.92272207], [86.64210179, 21.92276629], [86.64204972, 21.92272207]], [[86.64211778, 21.92319573], [86.64208063, 21.92321629], [86.64208045, 21.92321501], [86.64204279, 21.92317629], [86.64202795, 21.92299531], [86.64203594, 21.92308402], [86.64207013, 21.92308634], [86.64212024, 21.92315463], [86.64211778, 21.92319573]], [[86.642233, 21.92370141], [86.64223471, 21.9237393], [86.64223411, 21.92379523], [86.6421725, 21.92382001], [86.64215211, 21.92377064], [86.64218762, 21.92372202], [86.64214619, 21.92368094], [86.64210096, 21.92336034], [86.64210819, 21.92340459], [86.64214512, 21.92364711], [86.64219141, 21.9236606], [86.642233, 21.92370141]], [[86.64236627, 21.92362364], [86.64239982, 21.92366736], [86.64241484, 21.92370484], [86.64239189, 21.92372892], [86.64228417, 21.92373603], [86.64233625, 21.92372892], [86.64234051, 21.92369799], [86.64233818, 21.9236606], [86.64236627, 21.92362364]], [[86.64308385, 21.92322413], [86.64301373, 21.92323222], [86.64295512, 21.92322655], [86.64297539, 21.92312485], [86.6430341, 21.92313267], [86.64308039, 21.92317605], [86.64308385, 21.92322413]], [[86.64060162, 21.92107287], [86.64061587, 21.92106783], [86.64062197, 21.92104283], [86.64062391, 21.92100587], [86.64067565, 21.92100831], [86.64073849, 21.92109473], [86.64069584, 21.92103786], [86.64065391, 21.92107287], [86.64060162, 21.92107287]], [[86.64085066, 21.92130981], [86.64084308, 21.92137542], [86.64081738, 21.92138412], [86.64078471, 21.92132675], [86.64079295, 21.9212708], [86.64081276, 21.92119758], [86.6408282, 21.92122163], [86.64082306, 21.92126253], [86.6408506, 21.92127357], [86.64085066, 21.92130981]], [[86.64040182, 21.92114989], [86.64043524, 21.92113167], [86.64045095, 21.92112612], [86.64045309, 21.92117619], [86.64041368, 21.92120281], [86.64039095, 21.92118414], [86.64040182, 21.92114989]], [[86.63972279, 21.9220728], [86.6396785, 21.92203636], [86.63962137, 21.92206593], [86.63961314, 21.92202958], [86.6396359, 21.9219649], [86.63969856, 21.92196711], [86.63978938, 21.92195885], [86.63973134, 21.9219649], [86.63973356, 21.92199593], [86.63976456, 21.92202057], [86.63972279, 21.9220728]], [[86.63821267, 21.92090899], [86.63824558, 21.9208925], [86.63825829, 21.92092393], [86.63824006, 21.92096689], [86.63819457, 21.9209491], [86.63821267, 21.92090899]], [[86.63563113, 21.91940765], [86.63562682, 21.91934007], [86.63560602, 21.91927821], [86.63573671, 21.91922917], [86.63566507, 21.9192579], [86.6357032, 21.91929047], [86.63572249, 21.91934424], [86.63563113, 21.91940765]]]]}, "properties": {"site_id": "FCF_Soova_EMU_Mayurbhanj_2", "name": "FCF_Soova_EMU_Mayurbhanj_2", "n_member_parcels": 14}}]}