{"type": "FeatureCollection", "features": [{"type": "Feature", "geometry": {"type": "Polygon", "coordinates": [[[77.95628494639853, 16.457456698654976], [77.95628836842076, 16.457682396745636], [77.95652225876168, 16.457679094427633], [77.95651883646966, 16.457453396384757], [77.95628494639853, 16.457456698654976]]]}, "properties": {"name": "SFV-T0461", "emu_id": "EMU_ANCHOR_Fruit_Forest", "typicality_percentile": 14.1, "is_medoid": false, "in_position_pool": false, "pool_rank": null, "selection_rationale": "pool position never used this baseline"}}, {"type": "Feature", "geometry": {"type": "Polygon", "coordinates": [[[77.95628836842076, 16.457682396745636], [77.95629179049656, 16.45790809483075], [77.95652568110727, 16.457904792464962], [77.95652225876168, 16.457679094427633], [77.95628836842076, 16.457682396745636]]]}, "properties": {"name": "SFV-T0462", "emu_id": "EMU_ANCHOR_Fruit_Forest", "typicality_percentile": 8.1, "is_medoid": false, "in_position_pool": false, "pool_rank": null, "selection_rationale": "pool position never used this baseline"}}, {"type": "Feature", "geometry": {"type": "Polygon", "coordinates": [[[77.95629179049656, 16.45790809483075], [77.95629521262592, 16.458133792910317], [77.9565291035064, 16.458130490496742], [77.95652568110727, 16.457904792464962], [77.95629179049656, 16.45790809483075]]]}, "properties": {"name": "SFV-T0463", "emu_id": "EMU_ANCHOR_Fruit_Forest", "typicality_percentile": 18.8, "is_medoid": false, "in_position_pool": false, "pool_rank": null, "selection_rationale": "pool position never used this baseline"}}, {"type": "Feature", "geometry": {"type": "Polygon", "coordinates": [[[77.95651541423118, 16.457227698336332], [77.95651883646966, 16.457453396384757], [77.95675272648724, 16.45745009385415], [77.956749303979, 16.457224395853515], [77.95651541423118, 16.457227698336332]]]}, "properties": {"name": "SFV-T0473", "emu_id": "EMU_ANCHOR_Fruit_Forest", "typicality_percentile": 20.8, "is_medoid": false, "in_position_pool": false, "pool_rank": null, "selection_rationale": "pool position never used this baseline"}}, {"type": "Feature", "geometry": {"type": "Polygon", "coordinates": [[[77.95651883646966, 16.457453396384757], [77.95652225876168, 16.457679094427633], [77.95675614904906, 16.457675791849237], [77.95675272648724, 16.45745009385415], [77.95651883646966, 16.457453396384757]]]}, "properties": {"name": "SFV-T0474", "emu_id": "EMU_ANCHOR_Fruit_Forest", "typicality_percentile": 29.5, "is_medoid": false, "in_position_pool": false, "pool_rank": null, "selection_rationale": "pool position never used this baseline"}}, {"type": "Feature", "geometry": {"type": "Polygon", "coordinates": [[[77.95652225876168, 16.457679094427633], [77.95652568110727, 16.457904792464962], [77.9567595716644, 16.45790148983878], [77.95675614904906, 16.457675791849237], [77.95652225876168, 16.457679094427633]]]}, "properties": {"name": "SFV-T0475", "emu_id": "EMU_ANCHOR_Fruit_Forest", "typicality_percentile": 22.8, "is_medoid": false, "in_position_pool": false, "pool_rank": null, "selection_rationale": "pool position never used this baseline"}}, {"type": "Feature", "geometry": {"type": "Polygon", "coordinates": [[[77.95652568110727, 16.457904792464962], [77.9565291035064, 16.458130490496742], [77.95676299433333, 16.45812718782278], [77.9567595716644, 16.45790148983878], [77.95652568110727, 16.457904792464962]]]}, "properties": {"name": "SFV-T0476", "emu_id": "EMU_ANCHOR_Fruit_Forest", "typicality_percentile": 20.1, "is_medoid": false, "in_position_pool": false, "pool_rank": null, "selection_rationale": "pool position never used this baseline"}}, {"type": "Feature", "geometry": {"type": "Polygon", "coordinates": [[[77.9565291035064, 16.458130490496742], [77.95653252595908, 16.45835618852298], [77.95676641705579, 16.458352885801233], [77.95676299433333, 16.45812718782278], [77.9565291035064, 16.458130490496742]]]}, "properties": {"name": "SFV-T0477", "emu_id": "EMU_ANCHOR_Fruit_Forest", "typicality_percentile": 16.1, "is_medoid": false, "in_position_pool": false, "pool_rank": null, "selection_rationale": "pool position never used this baseline"}}, {"type": "Feature", "geometry": {"type": "Polygon", "coordinates": [[[77.95674588152431, 16.456998697847332], [77.956749303979, 16.457224395853515], [77.95698319367327, 16.457221093110324], [77.9569797709488, 16.45699539515193], [77.95674588152431, 16.456998697847332]]]}, "properties": {"name": "SFV-T0485", "emu_id": "EMU_ANCHOR_Fruit_Forest", "typicality_percentile": 91.3, "is_medoid": false, "in_position_pool": false, "pool_rank": null, "selection_rationale": "pool position never used this baseline"}}, {"type": "Feature", "geometry": {"type": "Polygon", "coordinates": [[[77.956749303979, 16.457224395853515], [77.95675272648724, 16.45745009385415], [77.95698661645127, 16.457446791063166], [77.95698319367327, 16.457221093110324], [77.956749303979, 16.457224395853515]]]}, "properties": {"name": "SFV-T0486", "emu_id": "EMU_ANCHOR_Fruit_Forest", "typicality_percentile": 30.9, "is_medoid": false, "in_position_pool": false, "pool_rank": null, "selection_rationale": "pool position never used this baseline"}}, {"type": "Feature", "geometry": {"type": "Polygon", "coordinates": [[[77.95675272648724, 16.45745009385415], [77.95675614904906, 16.457675791849237], [77.95699003928286, 16.457672489010463], [77.95698661645127, 16.457446791063166], [77.95675272648724, 16.45745009385415]]]}, "properties": {"name": "SFV-T0487", "emu_id": "EMU_ANCHOR_Fruit_Forest", "typicality_percentile": 36.2, "is_medoid": false, "in_position_pool": false, "pool_rank": null, "selection_rationale": "pool position never used this baseline"}}, {"type": "Feature", "geometry": {"type": "Polygon", "coordinates": [[[77.95675614904906, 16.457675791849237], [77.9567595716644, 16.45790148983878], [77.956993462168, 16.45789818695221], [77.95699003928286, 16.457672489010463], [77.95675614904906, 16.457675791849237]]]}, "properties": {"name": "SFV-T0488", "emu_id": "EMU_ANCHOR_Fruit_Forest", "typicality_percentile": 40.3, "is_medoid": false, "in_position_pool": false, "pool_rank": null, "selection_rationale": "pool position never used this baseline"}}, {"type": "Feature", "geometry": {"type": "Polygon", "coordinates": [[[77.9567595716644, 16.45790148983878], [77.95676299433333, 16.45812718782278], [77.95699688510669, 16.45812388488842], [77.956993462168, 16.45789818695221], [77.9567595716644, 16.45790148983878]]]}, "properties": {"name": "SFV-T0489", "emu_id": "EMU_ANCHOR_Fruit_Forest", "typicality_percentile": 96.0, "is_medoid": false, "in_position_pool": true, "pool_rank": 3, "selection_rationale": "best-scoring position in its spatial region \u2014 extends coverage of the EMU"}}, {"type": "Feature", "geometry": {"type": "Polygon", "coordinates": [[[77.95676299433333, 16.45812718782278], [77.95676641705579, 16.458352885801233], [77.95700030809896, 16.458349582819086], [77.95699688510669, 16.45812388488842], [77.95676299433333, 16.45812718782278]]]}, "properties": {"name": "SFV-T0490", "emu_id": "EMU_ANCHOR_Fruit_Forest", "typicality_percentile": 19.5, "is_medoid": false, "in_position_pool": false, "pool_rank": null, "selection_rationale": "pool position never used this baseline"}}, {"type": "Feature", "geometry": {"type": "Polygon", "coordinates": [[[77.9569763482779, 16.456769697187987], [77.9569797709488, 16.45699539515193], [77.95721366031974, 16.456992092196153], [77.95721023737907, 16.456766394280006], [77.9569763482779, 16.456769697187987]]]}, "properties": {"name": "SFV-T0496", "emu_id": "EMU_ANCHOR_Fruit_Forest", "typicality_percentile": 55.0, "is_medoid": false, "in_position_pool": false, "pool_rank": null, "selection_rationale": "pool position never used this baseline"}}, {"type": "Feature", "geometry": {"type": "Polygon", "coordinates": [[[77.9569797709488, 16.45699539515193], [77.95698319367327, 16.457221093110324], [77.95721708331396, 16.45721779010675], [77.95721366031974, 16.456992092196153], [77.9569797709488, 16.45699539515193]]]}, "properties": {"name": "SFV-T0497", "emu_id": "EMU_ANCHOR_Fruit_Forest", "typicality_percentile": 87.2, "is_medoid": false, "in_position_pool": false, "pool_rank": null, "selection_rationale": "pool position never used this baseline"}}, {"type": "Feature", "geometry": {"type": "Polygon", "coordinates": [[[77.95698319367327, 16.457221093110324], [77.95698661645127, 16.457446791063166], [77.95722050636176, 16.457443488011798], [77.95721708331396, 16.45721779010675], [77.95698319367327, 16.457221093110324]]]}, "properties": {"name": "SFV-T0498", "emu_id": "EMU_ANCHOR_Fruit_Forest", "typicality_percentile": 69.1, "is_medoid": false, "in_position_pool": false, "pool_rank": null, "selection_rationale": "pool position never used this baseline"}}, {"type": "Feature", "geometry": {"type": "Polygon", "coordinates": [[[77.95698661645127, 16.457446791063166], [77.95699003928286, 16.457672489010463], [77.95722392946311, 16.4576691859113], [77.95722050636176, 16.457443488011798], [77.95698661645127, 16.457446791063166]]]}, "properties": {"name": "SFV-T0499", "emu_id": "EMU_ANCHOR_Fruit_Forest", "typicality_percentile": 38.3, "is_medoid": false, "in_position_pool": false, "pool_rank": null, "selection_rationale": "pool position never used this baseline"}}, {"type": "Feature", "geometry": {"type": "Polygon", "coordinates": [[[77.95699003928286, 16.457672489010463], [77.956993462168, 16.45789818695221], [77.95722735261803, 16.457894883805256], [77.95722392946311, 16.4576691859113], [77.95699003928286, 16.457672489010463]]]}, "properties": {"name": "SFV-T0500", "emu_id": "EMU_ANCHOR_Fruit_Forest", "typicality_percentile": 43.0, "is_medoid": false, "in_position_pool": false, "pool_rank": null, "selection_rationale": "pool position never used this baseline"}}, {"type": "Feature", "geometry": {"type": "Polygon", "coordinates": [[[77.956993462168, 16.45789818695221], [77.95699688510669, 16.45812388488842], [77.9572307758265, 16.458120581693674], [77.95722735261803, 16.457894883805256], [77.956993462168, 16.45789818695221]]]}, "properties": {"name": "SFV-T0501", "emu_id": "EMU_ANCHOR_Fruit_Forest", "typicality_percentile": 74.5, "is_medoid": false, "in_position_pool": false, "pool_rank": null, "selection_rationale": "pool position never used this baseline"}}, {"type": "Feature", "geometry": {"type": "Polygon", "coordinates": [[[77.95699688510669, 16.45812388488842], [77.95700030809896, 16.458349582819086], [77.95723419908855, 16.45834627957654], [77.9572307758265, 16.458120581693674], [77.95699688510669, 16.45812388488842]]]}, "properties": {"name": "SFV-T0502", "emu_id": "EMU_ANCHOR_Fruit_Forest", "typicality_percentile": 28.9, "is_medoid": false, "in_position_pool": false, "pool_rank": null, "selection_rationale": "pool position never used this baseline"}}, {"type": "Feature", "geometry": {"type": "Polygon", "coordinates": [[[77.95720681449197, 16.456540696358317], [77.95721023737907, 16.456766394280006], [77.9574441264267, 16.45676309111165], [77.95744070326984, 16.456537393237767], [77.95720681449197, 16.456540696358317]]]}, "properties": {"name": "SFV-T0508", "emu_id": "EMU_ANCHOR_Fruit_Forest", "typicality_percentile": 51.0, "is_medoid": false, "in_position_pool": false, "pool_rank": null, "selection_rationale": "pool position never used this baseline"}}, {"type": "Feature", "geometry": {"type": "Polygon", "coordinates": [[[77.95721023737907, 16.456766394280006], [77.95721366031974, 16.456992092196153], [77.95744754963712, 16.456988788979995], [77.9574441264267, 16.45676309111165], [77.95721023737907, 16.456766394280006]]]}, "properties": {"name": "SFV-T0509", "emu_id": "EMU_ANCHOR_Fruit_Forest", "typicality_percentile": 57.7, "is_medoid": false, "in_position_pool": false, "pool_rank": null, "selection_rationale": "pool position never used this baseline"}}, {"type": "Feature", "geometry": {"type": "Polygon", "coordinates": [[[77.95721366031974, 16.456992092196153], [77.95721708331396, 16.45721779010675], [77.95745097290111, 16.4572144868428], [77.95744754963712, 16.456988788979995], [77.95721366031974, 16.456992092196153]]]}, "properties": {"name": "SFV-T0510", "emu_id": "EMU_ANCHOR_Fruit_Forest", "typicality_percentile": 65.8, "is_medoid": false, "in_position_pool": true, "pool_rank": 6, "selection_rationale": "best-scoring position in its spatial region \u2014 extends coverage of the EMU"}}, {"type": "Feature", "geometry": {"type": "Polygon", "coordinates": [[[77.95721708331396, 16.45721779010675], [77.95722050636176, 16.457443488011798], [77.95745439621868, 16.45744018470005], [77.95745097290111, 16.4572144868428], [77.95721708331396, 16.45721779010675]]]}, "properties": {"name": "SFV-T0511", "emu_id": "EMU_ANCHOR_Fruit_Forest", "typicality_percentile": 76.5, "is_medoid": false, "in_position_pool": false, "pool_rank": null, "selection_rationale": "pool position never used this baseline"}}, {"type": "Feature", "geometry": {"type": "Polygon", "coordinates": [[[77.95722050636176, 16.457443488011798], [77.95722392946311, 16.4576691859113], [77.9574578195898, 16.45766588255176], [77.95745439621868, 16.45744018470005], [77.95722050636176, 16.457443488011798]]]}, "properties": {"name": "SFV-T0512", "emu_id": "EMU_ANCHOR_Fruit_Forest", "typicality_percentile": 40.9, "is_medoid": false, "in_position_pool": false, "pool_rank": null, "selection_rationale": "pool position never used this baseline"}}, {"type": "Feature", "geometry": {"type": "Polygon", "coordinates": [[[77.95722392946311, 16.4576691859113], [77.95722735261803, 16.457894883805256], [77.9574612430145, 16.457891580397913], [77.9574578195898, 16.45766588255176], [77.95722392946311, 16.4576691859113]]]}, "properties": {"name": "SFV-T0513", "emu_id": "EMU_ANCHOR_Fruit_Forest", "typicality_percentile": 44.3, "is_medoid": false, "in_position_pool": false, "pool_rank": null, "selection_rationale": "pool position never used this baseline"}}, {"type": "Feature", "geometry": {"type": "Polygon", "coordinates": [[[77.95722735261803, 16.457894883805256], [77.9572307758265, 16.458120581693674], [77.95746466649275, 16.458117278238532], [77.9574612430145, 16.457891580397913], [77.95722735261803, 16.457894883805256]]]}, "properties": {"name": "SFV-T0514", "emu_id": "EMU_ANCHOR_Fruit_Forest", "typicality_percentile": 47.7, "is_medoid": false, "in_position_pool": false, "pool_rank": null, "selection_rationale": "pool position never used this baseline"}}, {"type": "Feature", "geometry": {"type": "Polygon", "coordinates": [[[77.9572307758265, 16.458120581693674], [77.95723419908855, 16.45834627957654], [77.95746809002459, 16.4583429760736], [77.95746466649275, 16.458117278238532], [77.9572307758265, 16.458120581693674]]]}, "properties": {"name": "SFV-T0515", "emu_id": "EMU_ANCHOR_Fruit_Forest", "typicality_percentile": 49.0, "is_medoid": false, "in_position_pool": false, "pool_rank": null, "selection_rationale": "pool position never used this baseline"}}, {"type": "Feature", "geometry": {"type": "Polygon", "coordinates": [[[77.9574441264267, 16.45676309111165], [77.95744754963712, 16.456988788979995], [77.95768143890092, 16.456985485503477], [77.95767801542074, 16.45675978768293], [77.9574441264267, 16.45676309111165]]]}, "properties": {"name": "SFV-T0522", "emu_id": "EMU_ANCHOR_Fruit_Forest", "typicality_percentile": 60.4, "is_medoid": false, "in_position_pool": false, "pool_rank": null, "selection_rationale": "pool position never used this baseline"}}, {"type": "Feature", "geometry": {"type": "Polygon", "coordinates": [[[77.95744754963712, 16.456988788979995], [77.95745097290111, 16.4572144868428], [77.95768486243469, 16.457211183318474], [77.95768143890092, 16.456985485503477], [77.95744754963712, 16.456988788979995]]]}, "properties": {"name": "SFV-T0523", "emu_id": "EMU_ANCHOR_Fruit_Forest", "typicality_percentile": 68.5, "is_medoid": false, "in_position_pool": false, "pool_rank": null, "selection_rationale": "pool position never used this baseline"}}, {"type": "Feature", "geometry": {"type": "Polygon", "coordinates": [[[77.95745097290111, 16.4572144868428], [77.95745439621868, 16.45744018470005], [77.95768828602202, 16.457436881127926], [77.95768486243469, 16.457211183318474], [77.95745097290111, 16.4572144868428]]]}, "properties": {"name": "SFV-T0524", "emu_id": "EMU_ANCHOR_Fruit_Forest", "typicality_percentile": 81.2, "is_medoid": false, "in_position_pool": false, "pool_rank": null, "selection_rationale": "pool position never used this baseline"}}, {"type": "Feature", "geometry": {"type": "Polygon", "coordinates": [[[77.95745439621868, 16.45744018470005], [77.9574578195898, 16.45766588255176], [77.95769170966292, 16.45766257893183], [77.95768828602202, 16.457436881127926], [77.95745439621868, 16.45744018470005]]]}, "properties": {"name": "SFV-T0525", "emu_id": "EMU_ANCHOR_Fruit_Forest", "typicality_percentile": 43.6, "is_medoid": false, "in_position_pool": false, "pool_rank": null, "selection_rationale": "pool position never used this baseline"}}, {"type": "Feature", "geometry": {"type": "Polygon", "coordinates": [[[77.9574578195898, 16.45766588255176], [77.9574612430145, 16.457891580397913], [77.95769513335739, 16.457888276730184], [77.95769170966292, 16.45766257893183], [77.9574578195898, 16.45766588255176]]]}, "properties": {"name": "SFV-T0526", "emu_id": "EMU_ANCHOR_Fruit_Forest", "typicality_percentile": 45.0, "is_medoid": false, "in_position_pool": false, "pool_rank": null, "selection_rationale": "pool position never used this baseline"}}, {"type": "Feature", "geometry": {"type": "Polygon", "coordinates": [[[77.9574612430145, 16.457891580397913], [77.95746466649275, 16.458117278238532], [77.95769855710545, 16.458113974523], [77.95769513335739, 16.457888276730184], [77.9574612430145, 16.457891580397913]]]}, "properties": {"name": "SFV-T0527", "emu_id": "EMU_ANCHOR_Fruit_Forest", "typicality_percentile": 91.9, "is_medoid": false, "in_position_pool": false, "pool_rank": null, "selection_rationale": "pool position never used this baseline"}}, {"type": "Feature", "geometry": {"type": "Polygon", "coordinates": [[[77.95746466649275, 16.458117278238532], [77.95746809002459, 16.4583429760736], [77.95770198090706, 16.458339672310263], [77.95769855710545, 16.458113974523], [77.95746466649275, 16.458117278238532]]]}, "properties": {"name": "SFV-T0528", "emu_id": "EMU_ANCHOR_Fruit_Forest", "typicality_percentile": 85.2, "is_medoid": false, "in_position_pool": false, "pool_rank": null, "selection_rationale": "pool position never used this baseline"}}, {"type": "Feature", "geometry": {"type": "Polygon", "coordinates": [[[77.95767801542074, 16.45675978768293], [77.95768143890092, 16.456985485503477], [77.95791532811116, 16.456982181766584], [77.95791190436121, 16.45675648399384], [77.95767801542074, 16.45675978768293]]]}, "properties": {"name": "SFV-T0537", "emu_id": "EMU_ANCHOR_Fruit_Forest", "typicality_percentile": 61.1, "is_medoid": false, "in_position_pool": false, "pool_rank": null, "selection_rationale": "pool position never used this baseline"}}, {"type": "Feature", "geometry": {"type": "Polygon", "coordinates": [[[77.95768143890092, 16.456985485503477], [77.95768486243469, 16.457211183318474], [77.95791875191469, 16.457207879533772], [77.95791532811116, 16.456982181766584], [77.95768143890092, 16.456985485503477]]]}, "properties": {"name": "SFV-T0538", "emu_id": "EMU_ANCHOR_Fruit_Forest", "typicality_percentile": 69.8, "is_medoid": false, "in_position_pool": false, "pool_rank": null, "selection_rationale": "pool position never used this baseline"}}, {"type": "Feature", "geometry": {"type": "Polygon", "coordinates": [[[77.95768486243469, 16.457211183318474], [77.95768828602202, 16.457436881127926], [77.95792217577178, 16.45743357729541], [77.95791875191469, 16.457207879533772], [77.95768486243469, 16.457211183318474]]]}, "properties": {"name": "SFV-T0539", "emu_id": "EMU_ANCHOR_Fruit_Forest", "typicality_percentile": 77.2, "is_medoid": false, "in_position_pool": false, "pool_rank": null, "selection_rationale": "pool position never used this baseline"}}, {"type": "Feature", "geometry": {"type": "Polygon", "coordinates": [[[77.95768828602202, 16.457436881127926], [77.95769170966292, 16.45766257893183], [77.95792559968247, 16.457659275051515], [77.95792217577178, 16.45743357729541], [77.95768828602202, 16.457436881127926]]]}, "properties": {"name": "SFV-T0540", "emu_id": "EMU_ANCHOR_Fruit_Forest", "typicality_percentile": 89.9, "is_medoid": false, "in_position_pool": false, "pool_rank": null, "selection_rationale": "pool position never used this baseline"}}, {"type": "Feature", "geometry": {"type": "Polygon", "coordinates": [[[77.95769170966292, 16.45766257893183], [77.95769513335739, 16.457888276730184], [77.95792902364671, 16.457884972802066], [77.95792559968247, 16.457659275051515], [77.95769170966292, 16.45766257893183]]]}, "properties": {"name": "SFV-T0541", "emu_id": "EMU_ANCHOR_Fruit_Forest", "typicality_percentile": 70.5, "is_medoid": false, "in_position_pool": false, "pool_rank": null, "selection_rationale": "pool position never used this baseline"}}, {"type": "Feature", "geometry": {"type": "Polygon", "coordinates": [[[77.95769513335739, 16.457888276730184], [77.95769855710545, 16.458113974523], [77.95793244766455, 16.458110670547075], [77.95792902364671, 16.457884972802066], [77.95769513335739, 16.457888276730184]]]}, "properties": {"name": "SFV-T0542", "emu_id": "EMU_ANCHOR_Fruit_Forest", "typicality_percentile": 97.3, "is_medoid": false, "in_position_pool": false, "pool_rank": null, "selection_rationale": "pool position never used this baseline"}}, {"type": "Feature", "geometry": {"type": "Polygon", "coordinates": [[[77.95769855710545, 16.458113974523], [77.95770198090706, 16.458339672310263], [77.95793587173596, 16.458336368286528], [77.95793244766455, 16.458110670547075], [77.95769855710545, 16.458113974523]]]}, "properties": {"name": "SFV-T0543", "emu_id": "EMU_ANCHOR_Fruit_Forest", "typicality_percentile": 51.7, "is_medoid": false, "in_position_pool": false, "pool_rank": null, "selection_rationale": "pool position never used this baseline"}}, {"type": "Feature", "geometry": {"type": "Polygon", "coordinates": [[[77.95770198090706, 16.458339672310263], [77.95770540476225, 16.45856537009198], [77.95793929586094, 16.45856206602044], [77.95793587173596, 16.458336368286528], [77.95770198090706, 16.458339672310263]]]}, "properties": {"name": "SFV-T0544", "emu_id": "EMU_ANCHOR_Fruit_Forest", "typicality_percentile": 16.8, "is_medoid": false, "in_position_pool": false, "pool_rank": null, "selection_rationale": "pool position never used this baseline"}}, {"type": "Feature", "geometry": {"type": "Polygon", "coordinates": [[[77.95770540476225, 16.45856537009198], [77.95770882867102, 16.458791067868145], [77.9579427200395, 16.45878776374881], [77.95793929586094, 16.45856206602044], [77.95770540476225, 16.45856537009198]]]}, "properties": {"name": "SFV-T0545", "emu_id": "EMU_ANCHOR_Fruit_Forest", "typicality_percentile": 10.7, "is_medoid": false, "in_position_pool": false, "pool_rank": null, "selection_rationale": "pool position never used this baseline"}}, {"type": "Feature", "geometry": {"type": "Polygon", "coordinates": [[[77.95770882867102, 16.458791067868145], [77.95771225263336, 16.459016765638772], [77.95794614427163, 16.459013461471624], [77.9579427200395, 16.45878776374881], [77.95770882867102, 16.458791067868145]]]}, "properties": {"name": "SFV-T0546", "emu_id": "EMU_ANCHOR_Fruit_Forest", "typicality_percentile": 6.7, "is_medoid": false, "in_position_pool": false, "pool_rank": null, "selection_rationale": "pool position never used this baseline"}}, {"type": "Feature", "geometry": {"type": "Polygon", "coordinates": [[[77.95791532811116, 16.456982181766584], [77.95791875191469, 16.457207879533772], [77.95815264134112, 16.457204575488692], [77.95814921726783, 16.45697887776931], [77.95791532811116, 16.456982181766584]]]}, "properties": {"name": "SFV-T0556", "emu_id": "EMU_ANCHOR_Fruit_Forest", "typicality_percentile": 71.1, "is_medoid": false, "in_position_pool": false, "pool_rank": null, "selection_rationale": "pool position never used this baseline"}}, {"type": "Feature", "geometry": {"type": "Polygon", "coordinates": [[[77.95791875191469, 16.457207879533772], [77.95792217577178, 16.45743357729541], [77.95815606546799, 16.45743027320253], [77.95815264134112, 16.457204575488692], [77.95791875191469, 16.457207879533772]]]}, "properties": {"name": "SFV-T0557", "emu_id": "EMU_ANCHOR_Fruit_Forest", "typicality_percentile": 77.9, "is_medoid": false, "in_position_pool": false, "pool_rank": null, "selection_rationale": "pool position never used this baseline"}}, {"type": "Feature", "geometry": {"type": "Polygon", "coordinates": [[[77.95792217577178, 16.45743357729541], [77.95792559968247, 16.457659275051515], [77.95815948964844, 16.457655970910817], [77.95815606546799, 16.45743027320253], [77.95792217577178, 16.45743357729541]]]}, "properties": {"name": "SFV-T0558", "emu_id": "EMU_ANCHOR_Fruit_Forest", "typicality_percentile": 93.3, "is_medoid": false, "in_position_pool": false, "pool_rank": null, "selection_rationale": "pool position never used this baseline"}}, {"type": "Feature", "geometry": {"type": "Polygon", "coordinates": [[[77.95792559968247, 16.457659275051515], [77.95792902364671, 16.457884972802066], [77.95816291388246, 16.45788166861356], [77.95815948964844, 16.457655970910817], [77.95792559968247, 16.457659275051515]]]}, "properties": {"name": "SFV-T0559", "emu_id": "EMU_ANCHOR_Fruit_Forest", "typicality_percentile": 99.3, "is_medoid": false, "in_position_pool": false, "pool_rank": null, "selection_rationale": "pool position never used this baseline"}}, {"type": "Feature", "geometry": {"type": "Polygon", "coordinates": [[[77.95792902364671, 16.457884972802066], [77.95793244766455, 16.458110670547075], [77.95816633817009, 16.458107366310756], [77.95816291388246, 16.45788166861356], [77.95792902364671, 16.457884972802066]]]}, "properties": {"name": "SFV-T0560", "emu_id": "EMU_ANCHOR_Fruit_Forest", "typicality_percentile": 82.6, "is_medoid": false, "in_position_pool": false, "pool_rank": null, "selection_rationale": "pool position never used this baseline"}}, {"type": "Feature", "geometry": {"type": "Polygon", "coordinates": [[[77.95793244766455, 16.458110670547075], [77.95793587173596, 16.458336368286528], [77.95816976251126, 16.458333064002407], [77.95816633817009, 16.458107366310756], [77.95793244766455, 16.458110670547075]]]}, "properties": {"name": "SFV-T0561", "emu_id": "EMU_ANCHOR_Fruit_Forest", "typicality_percentile": 80.5, "is_medoid": false, "in_position_pool": false, "pool_rank": null, "selection_rationale": "pool position never used this baseline"}}, {"type": "Feature", "geometry": {"type": "Polygon", "coordinates": [[[77.95793587173596, 16.458336368286528], [77.95793929586094, 16.45856206602044], [77.95817318690605, 16.4585587616885], [77.95816976251126, 16.458333064002407], [77.95793587173596, 16.458336368286528]]]}, "properties": {"name": "SFV-T0562", "emu_id": "EMU_ANCHOR_Fruit_Forest", "typicality_percentile": 8.7, "is_medoid": false, "in_position_pool": false, "pool_rank": null, "selection_rationale": "pool position never used this baseline"}}, {"type": "Feature", "geometry": {"type": "Polygon", "coordinates": [[[77.95793929586094, 16.45856206602044], [77.9579427200395, 16.45878776374881], [77.9581766113544, 16.45878445936906], [77.95817318690605, 16.4585587616885], [77.95793929586094, 16.45856206602044]]]}, "properties": {"name": "SFV-T0563", "emu_id": "EMU_ANCHOR_Fruit_Forest", "typicality_percentile": 15.4, "is_medoid": false, "in_position_pool": true, "pool_rank": 7, "selection_rationale": "best-scoring position in its spatial region \u2014 extends coverage of the EMU"}}, {"type": "Feature", "geometry": {"type": "Polygon", "coordinates": [[[77.9579427200395, 16.45878776374881], [77.95794614427163, 16.459013461471624], [77.95818003585633, 16.45901015704407], [77.9581766113544, 16.45878445936906], [77.9579427200395, 16.45878776374881]]]}, "properties": {"name": "SFV-T0564", "emu_id": "EMU_ANCHOR_Fruit_Forest", "typicality_percentile": 6.0, "is_medoid": false, "in_position_pool": false, "pool_rank": null, "selection_rationale": "pool position never used this baseline"}}, {"type": "Feature", "geometry": {"type": "Polygon", "coordinates": [[[77.95814579324812, 16.45675318004438], [77.95814921726783, 16.45697887776931], [77.9583831063709, 16.456975573511667], [77.95837968208144, 16.45674987583455], [77.95814579324812, 16.45675318004438]]]}, "properties": {"name": "SFV-T0574", "emu_id": "EMU_ANCHOR_Fruit_Forest", "typicality_percentile": 64.4, "is_medoid": false, "in_position_pool": false, "pool_rank": null, "selection_rationale": "pool position never used this baseline"}}, {"type": "Feature", "geometry": {"type": "Polygon", "coordinates": [[[77.95814921726783, 16.45697887776931], [77.95815264134112, 16.457204575488692], [77.95838653071397, 16.457201271183237], [77.9583831063709, 16.456975573511667], [77.95814921726783, 16.45697887776931]]]}, "properties": {"name": "SFV-T0575", "emu_id": "EMU_ANCHOR_Fruit_Forest", "typicality_percentile": 72.5, "is_medoid": false, "in_position_pool": false, "pool_rank": null, "selection_rationale": "pool position never used this baseline"}}, {"type": "Feature", "geometry": {"type": "Polygon", "coordinates": [[[77.95815264134112, 16.457204575488692], [77.95815606546799, 16.45743027320253], [77.9583899551106, 16.457426968849266], [77.95838653071397, 16.457201271183237], [77.95815264134112, 16.457204575488692]]]}, "properties": {"name": "SFV-T0576", "emu_id": "EMU_ANCHOR_Fruit_Forest", "typicality_percentile": 81.9, "is_medoid": false, "in_position_pool": false, "pool_rank": null, "selection_rationale": "pool position never used this baseline"}}, {"type": "Feature", "geometry": {"type": "Polygon", "coordinates": [[[77.95815606546799, 16.45743027320253], [77.95815948964844, 16.457655970910817], [77.95839337956082, 16.45765266650974], [77.9583899551106, 16.457426968849266], [77.95815606546799, 16.45743027320253]]]}, "properties": {"name": "SFV-T0577", "emu_id": "EMU_ANCHOR_Fruit_Forest", "typicality_percentile": 100.0, "is_medoid": true, "in_position_pool": true, "pool_rank": 1, "selection_rationale": "stratum medoid \u2014 most representative position within this EMU"}}, {"type": "Feature", "geometry": {"type": "Polygon", "coordinates": [[[77.95815948964844, 16.457655970910817], [77.95816291388246, 16.45788166861356], [77.95839680406463, 16.457878364164667], [77.95839337956082, 16.45765266650974], [77.95815948964844, 16.457655970910817]]]}, "properties": {"name": "SFV-T0578", "emu_id": "EMU_ANCHOR_Fruit_Forest", "typicality_percentile": 94.0, "is_medoid": false, "in_position_pool": false, "pool_rank": null, "selection_rationale": "pool position never used this baseline"}}, {"type": "Feature", "geometry": {"type": "Polygon", "coordinates": [[[77.95816291388246, 16.45788166861356], [77.95816633817009, 16.458107366310756], [77.95840022862203, 16.458104061814048], [77.95839680406463, 16.457878364164667], [77.95816291388246, 16.45788166861356]]]}, "properties": {"name": "SFV-T0579", "emu_id": "EMU_ANCHOR_Fruit_Forest", "typicality_percentile": 79.9, "is_medoid": false, "in_position_pool": false, "pool_rank": null, "selection_rationale": "pool position never used this baseline"}}, {"type": "Feature", "geometry": {"type": "Polygon", "coordinates": [[[77.95816633817009, 16.458107366310756], [77.95816976251126, 16.458333064002407], [77.958403653233, 16.458329759457882], [77.95840022862203, 16.458104061814048], [77.95816633817009, 16.458107366310756]]]}, "properties": {"name": "SFV-T0580", "emu_id": "EMU_ANCHOR_Fruit_Forest", "typicality_percentile": 42.3, "is_medoid": false, "in_position_pool": false, "pool_rank": null, "selection_rationale": "pool position never used this baseline"}}, {"type": "Feature", "geometry": {"type": "Polygon", "coordinates": [[[77.95816976251126, 16.458333064002407], [77.95817318690605, 16.4585587616885], [77.95840707789758, 16.45855545709617], [77.958403653233, 16.458329759457882], [77.95816976251126, 16.458333064002407]]]}, "properties": {"name": "SFV-T0581", "emu_id": "EMU_ANCHOR_Fruit_Forest", "typicality_percentile": 17.4, "is_medoid": false, "in_position_pool": false, "pool_rank": null, "selection_rationale": "pool position never used this baseline"}}, {"type": "Feature", "geometry": {"type": "Polygon", "coordinates": [[[77.95817318690605, 16.4585587616885], [77.9581766113544, 16.45878445936906], [77.9584105026157, 16.458781154728914], [77.95840707789758, 16.45855545709617], [77.95817318690605, 16.4585587616885]]]}, "properties": {"name": "SFV-T0582", "emu_id": "EMU_ANCHOR_Fruit_Forest", "typicality_percentile": 4.7, "is_medoid": false, "in_position_pool": false, "pool_rank": null, "selection_rationale": "pool position never used this baseline"}}, {"type": "Feature", "geometry": {"type": "Polygon", "coordinates": [[[77.9581766113544, 16.45878445936906], [77.95818003585633, 16.45901015704407], [77.95841392738745, 16.4590068523561], [77.9584105026157, 16.458781154728914], [77.9581766113544, 16.45878445936906]]]}, "properties": {"name": "SFV-T0583", "emu_id": "EMU_ANCHOR_Fruit_Forest", "typicality_percentile": 5.4, "is_medoid": false, "in_position_pool": false, "pool_rank": null, "selection_rationale": "pool position never used this baseline"}}, {"type": "Feature", "geometry": {"type": "Polygon", "coordinates": [[[77.95837968208144, 16.45674987583455], [77.9583831063709, 16.456975573511667], [77.95861699542041, 16.456972268993653], [77.95861357086117, 16.456746571364352], [77.95837968208144, 16.45674987583455]]]}, "properties": {"name": "SFV-T0593", "emu_id": "EMU_ANCHOR_Fruit_Forest", "typicality_percentile": 66.4, "is_medoid": false, "in_position_pool": false, "pool_rank": null, "selection_rationale": "pool position never used this baseline"}}, {"type": "Feature", "geometry": {"type": "Polygon", "coordinates": [[[77.9583831063709, 16.456975573511667], [77.95838653071397, 16.457201271183237], [77.95862042003323, 16.45719796661741], [77.95861699542041, 16.456972268993653], [77.9583831063709, 16.456975573511667]]]}, "properties": {"name": "SFV-T0594", "emu_id": "EMU_ANCHOR_Fruit_Forest", "typicality_percentile": 73.8, "is_medoid": false, "in_position_pool": false, "pool_rank": null, "selection_rationale": "pool position never used this baseline"}}, {"type": "Feature", "geometry": {"type": "Polygon", "coordinates": [[[77.95838653071397, 16.457201271183237], [77.9583899551106, 16.457426968849266], [77.95862384469963, 16.457423664235616], [77.95862042003323, 16.45719796661741], [77.95838653071397, 16.457201271183237]]]}, "properties": {"name": "SFV-T0595", "emu_id": "EMU_ANCHOR_Fruit_Forest", "typicality_percentile": 83.9, "is_medoid": false, "in_position_pool": false, "pool_rank": null, "selection_rationale": "pool position never used this baseline"}}, {"type": "Feature", "geometry": {"type": "Polygon", "coordinates": [[[77.9583899551106, 16.457426968849266], [77.95839337956082, 16.45765266650974], [77.95862726941964, 16.457649361848276], [77.95862384469963, 16.457423664235616], [77.9583899551106, 16.457426968849266]]]}, "properties": {"name": "SFV-T0596", "emu_id": "EMU_ANCHOR_Fruit_Forest", "typicality_percentile": 86.6, "is_medoid": false, "in_position_pool": false, "pool_rank": null, "selection_rationale": "pool position never used this baseline"}}, {"type": "Feature", "geometry": {"type": "Polygon", "coordinates": [[[77.95839337956082, 16.45765266650974], [77.95839680406463, 16.457878364164667], [77.95863069419322, 16.457875059455386], [77.95862726941964, 16.457649361848276], [77.95839337956082, 16.45765266650974]]]}, "properties": {"name": "SFV-T0597", "emu_id": "EMU_ANCHOR_Fruit_Forest", "typicality_percentile": 84.6, "is_medoid": false, "in_position_pool": false, "pool_rank": null, "selection_rationale": "pool position never used this baseline"}}, {"type": "Feature", "geometry": {"type": "Polygon", "coordinates": [[[77.95839680406463, 16.457878364164667], [77.95840022862203, 16.458104061814048], [77.95863411902039, 16.45810075705695], [77.95863069419322, 16.457875059455386], [77.95839680406463, 16.457878364164667]]]}, "properties": {"name": "SFV-T0598", "emu_id": "EMU_ANCHOR_Fruit_Forest", "typicality_percentile": 78.5, "is_medoid": false, "in_position_pool": false, "pool_rank": null, "selection_rationale": "pool position never used this baseline"}}, {"type": "Feature", "geometry": {"type": "Polygon", "coordinates": [[[77.95840022862203, 16.458104061814048], [77.958403653233, 16.458329759457882], [77.95863754390115, 16.45832645465297], [77.95863411902039, 16.45810075705695], [77.95840022862203, 16.458104061814048]]]}, "properties": {"name": "SFV-T0599", "emu_id": "EMU_ANCHOR_Fruit_Forest", "typicality_percentile": 38.9, "is_medoid": false, "in_position_pool": false, "pool_rank": null, "selection_rationale": "pool position never used this baseline"}}, {"type": "Feature", "geometry": {"type": "Polygon", "coordinates": [[[77.958403653233, 16.458329759457882], [77.95840707789758, 16.45855545709617], [77.95864096883551, 16.45855215224344], [77.95863754390115, 16.45832645465297], [77.958403653233, 16.458329759457882]]]}, "properties": {"name": "SFV-T0600", "emu_id": "EMU_ANCHOR_Fruit_Forest", "typicality_percentile": 18.1, "is_medoid": false, "in_position_pool": false, "pool_rank": null, "selection_rationale": "pool position never used this baseline"}}, {"type": "Feature", "geometry": {"type": "Polygon", "coordinates": [[[77.95840707789758, 16.45855545709617], [77.9584105026157, 16.458781154728914], [77.95864439382345, 16.458777849828362], [77.95864096883551, 16.45855215224344], [77.95840707789758, 16.45855545709617]]]}, "properties": {"name": "SFV-T0601", "emu_id": "EMU_ANCHOR_Fruit_Forest", "typicality_percentile": 14.8, "is_medoid": false, "in_position_pool": false, "pool_rank": null, "selection_rationale": "pool position never used this baseline"}}, {"type": "Feature", "geometry": {"type": "Polygon", "coordinates": [[[77.9584105026157, 16.458781154728914], [77.95841392738745, 16.4590068523561], [77.95864781886499, 16.459003547407736], [77.95864439382345, 16.458777849828362], [77.9584105026157, 16.458781154728914]]]}, "properties": {"name": "SFV-T0602", "emu_id": "EMU_ANCHOR_Fruit_Forest", "typicality_percentile": 2.0, "is_medoid": false, "in_position_pool": false, "pool_rank": null, "selection_rationale": "pool position never used this baseline"}}, {"type": "Feature", "geometry": {"type": "Polygon", "coordinates": [[[77.95861014635554, 16.456520873729513], [77.95861357086117, 16.456746571364352], [77.95884745958733, 16.45674326663379], [77.95884403481193, 16.456517569046767], [77.95861014635554, 16.456520873729513]]]}, "properties": {"name": "SFV-T0611", "emu_id": "EMU_ANCHOR_Fruit_Forest", "typicality_percentile": 58.4, "is_medoid": false, "in_position_pool": false, "pool_rank": null, "selection_rationale": "pool position never used this baseline"}}, {"type": "Feature", "geometry": {"type": "Polygon", "coordinates": [[[77.95861357086117, 16.456746571364352], [77.95861699542041, 16.456972268993653], [77.95885088441632, 16.45696896421527], [77.95884745958733, 16.45674326663379], [77.95861357086117, 16.456746571364352]]]}, "properties": {"name": "SFV-T0612", "emu_id": "EMU_ANCHOR_Fruit_Forest", "typicality_percentile": 67.1, "is_medoid": false, "in_position_pool": false, "pool_rank": null, "selection_rationale": "pool position never used this baseline"}}, {"type": "Feature", "geometry": {"type": "Polygon", "coordinates": [[[77.95861699542041, 16.456972268993653], [77.95862042003323, 16.45719796661741], [77.9588543092989, 16.457194661791206], [77.95885088441632, 16.45696896421527], [77.95861699542041, 16.456972268993653]]]}, "properties": {"name": "SFV-T0613", "emu_id": "EMU_ANCHOR_Fruit_Forest", "typicality_percentile": 73.2, "is_medoid": false, "in_position_pool": false, "pool_rank": null, "selection_rationale": "pool position never used this baseline"}}, {"type": "Feature", "geometry": {"type": "Polygon", "coordinates": [[[77.95862042003323, 16.45719796661741], [77.95862384469963, 16.457423664235616], [77.95885773423508, 16.45742035936159], [77.9588543092989, 16.457194661791206], [77.95862042003323, 16.45719796661741]]]}, "properties": {"name": "SFV-T0614", "emu_id": "EMU_ANCHOR_Fruit_Forest", "typicality_percentile": 83.2, "is_medoid": false, "in_position_pool": false, "pool_rank": null, "selection_rationale": "pool position never used this baseline"}}, {"type": "Feature", "geometry": {"type": "Polygon", "coordinates": [[[77.95862384469963, 16.457423664235616], [77.95862726941964, 16.457649361848276], [77.95886115922485, 16.457646056926425], [77.95885773423508, 16.45742035936159], [77.95862384469963, 16.457423664235616]]]}, "properties": {"name": "SFV-T0615", "emu_id": "EMU_ANCHOR_Fruit_Forest", "typicality_percentile": 95.3, "is_medoid": false, "in_position_pool": false, "pool_rank": null, "selection_rationale": "pool position never used this baseline"}}, {"type": "Feature", "geometry": {"type": "Polygon", "coordinates": [[[77.95862726941964, 16.457649361848276], [77.95863069419322, 16.457875059455386], [77.95886458426821, 16.457871754485716], [77.95886115922485, 16.457646056926425], [77.95862726941964, 16.457649361848276]]]}, "properties": {"name": "SFV-T0616", "emu_id": "EMU_ANCHOR_Fruit_Forest", "typicality_percentile": 87.9, "is_medoid": false, "in_position_pool": false, "pool_rank": null, "selection_rationale": "pool position never used this baseline"}}, {"type": "Feature", "geometry": {"type": "Polygon", "coordinates": [[[77.95863069419322, 16.457875059455386], [77.95863411902039, 16.45810075705695], [77.95886800936516, 16.458097452039464], [77.95886458426821, 16.457871754485716], [77.95863069419322, 16.457875059455386]]]}, "properties": {"name": "SFV-T0617", "emu_id": "EMU_ANCHOR_Fruit_Forest", "typicality_percentile": 75.2, "is_medoid": false, "in_position_pool": false, "pool_rank": null, "selection_rationale": "pool position never used this baseline"}}, {"type": "Feature", "geometry": {"type": "Polygon", "coordinates": [[[77.95863411902039, 16.45810075705695], [77.95863754390115, 16.45832645465297], [77.95887143451571, 16.458323149587656], [77.95886800936516, 16.458097452039464], [77.95863411902039, 16.45810075705695]]]}, "properties": {"name": "SFV-T0618", "emu_id": "EMU_ANCHOR_Fruit_Forest", "typicality_percentile": 35.6, "is_medoid": false, "in_position_pool": false, "pool_rank": null, "selection_rationale": "pool position never used this baseline"}}, {"type": "Feature", "geometry": {"type": "Polygon", "coordinates": [[[77.95863754390115, 16.45832645465297], [77.95864096883551, 16.45855215224344], [77.95887485971986, 16.458548847130306], [77.95887143451571, 16.458323149587656], [77.95863754390115, 16.45832645465297]]]}, "properties": {"name": "SFV-T0619", "emu_id": "EMU_ANCHOR_Fruit_Forest", "typicality_percentile": 10.1, "is_medoid": false, "in_position_pool": false, "pool_rank": null, "selection_rationale": "pool position never used this baseline"}}, {"type": "Feature", "geometry": {"type": "Polygon", "coordinates": [[[77.95864096883551, 16.45855215224344], [77.95864439382345, 16.458777849828362], [77.9588782849776, 16.45877454466741], [77.95887485971986, 16.458548847130306], [77.95864096883551, 16.45855215224344]]]}, "properties": {"name": "SFV-T0620", "emu_id": "EMU_ANCHOR_Fruit_Forest", "typicality_percentile": 9.4, "is_medoid": false, "in_position_pool": false, "pool_rank": null, "selection_rationale": "pool position never used this baseline"}}, {"type": "Feature", "geometry": {"type": "Polygon", "coordinates": [[[77.95864439382345, 16.458777849828362], [77.95864781886499, 16.459003547407736], [77.95888171028892, 16.459000242198957], [77.9588782849776, 16.45877454466741], [77.95864439382345, 16.458777849828362]]]}, "properties": {"name": "SFV-T0621", "emu_id": "EMU_ANCHOR_Fruit_Forest", "typicality_percentile": 13.4, "is_medoid": false, "in_position_pool": false, "pool_rank": null, "selection_rationale": "pool position never used this baseline"}}, {"type": "Feature", "geometry": {"type": "Polygon", "coordinates": [[[77.95883376080728, 16.45584047625241], [77.9588371854219, 16.456066173856073], [77.95907107328522, 16.456062869008612], [77.95906764840083, 16.455837171452767], [77.95883376080728, 16.45584047625241]]]}, "properties": {"name": "SFV-T0627", "emu_id": "EMU_ANCHOR_Fruit_Forest", "typicality_percentile": 23.5, "is_medoid": false, "in_position_pool": false, "pool_rank": null, "selection_rationale": "pool position never used this baseline"}}, {"type": "Feature", "geometry": {"type": "Polygon", "coordinates": [[[77.9588371854219, 16.456066173856073], [77.95884061009012, 16.45629187145419], [77.95907449822317, 16.456288566558907], [77.95907107328522, 16.456062869008612], [77.9588371854219, 16.456066173856073]]]}, "properties": {"name": "SFV-T0628", "emu_id": "EMU_ANCHOR_Fruit_Forest", "typicality_percentile": 34.2, "is_medoid": false, "in_position_pool": false, "pool_rank": null, "selection_rationale": "pool position never used this baseline"}}, {"type": "Feature", "geometry": {"type": "Polygon", "coordinates": [[[77.95884061009012, 16.45629187145419], [77.95884403481193, 16.456517569046767], [77.95907792321474, 16.45651426410366], [77.95907449822317, 16.456288566558907], [77.95884061009012, 16.45629187145419]]]}, "properties": {"name": "SFV-T0629", "emu_id": "EMU_ANCHOR_Fruit_Forest", "typicality_percentile": 54.4, "is_medoid": false, "in_position_pool": false, "pool_rank": null, "selection_rationale": "pool position never used this baseline"}}, {"type": "Feature", "geometry": {"type": "Polygon", "coordinates": [[[77.95884403481193, 16.456517569046767], [77.95884745958733, 16.45674326663379], [77.95908134825989, 16.456739961642857], [77.95907792321474, 16.45651426410366], [77.95884403481193, 16.456517569046767]]]}, "properties": {"name": "SFV-T0630", "emu_id": "EMU_ANCHOR_Fruit_Forest", "typicality_percentile": 59.7, "is_medoid": false, "in_position_pool": false, "pool_rank": null, "selection_rationale": "pool position never used this baseline"}}, {"type": "Feature", "geometry": {"type": "Polygon", "coordinates": [[[77.95884745958733, 16.45674326663379], [77.95885088441632, 16.45696896421527], [77.95908477335864, 16.456965659176515], [77.95908134825989, 16.456739961642857], [77.95884745958733, 16.45674326663379]]]}, "properties": {"name": "SFV-T0631", "emu_id": "EMU_ANCHOR_Fruit_Forest", "typicality_percentile": 67.8, "is_medoid": false, "in_position_pool": false, "pool_rank": null, "selection_rationale": "pool position never used this baseline"}}, {"type": "Feature", "geometry": {"type": "Polygon", "coordinates": [[[77.95885088441632, 16.45696896421527], [77.9588543092989, 16.457194661791206], [77.95908819851098, 16.457191356704623], [77.95908477335864, 16.456965659176515], [77.95885088441632, 16.45696896421527]]]}, "properties": {"name": "SFV-T0632", "emu_id": "EMU_ANCHOR_Fruit_Forest", "typicality_percentile": 98.7, "is_medoid": false, "in_position_pool": false, "pool_rank": null, "selection_rationale": "pool position never used this baseline"}}, {"type": "Feature", "geometry": {"type": "Polygon", "coordinates": [[[77.9588543092989, 16.457194661791206], [77.95885773423508, 16.45742035936159], [77.95909162371693, 16.457417054227186], [77.95908819851098, 16.457191356704623], [77.9588543092989, 16.457194661791206]]]}, "properties": {"name": "SFV-T0633", "emu_id": "EMU_ANCHOR_Fruit_Forest", "typicality_percentile": 96.6, "is_medoid": false, "in_position_pool": false, "pool_rank": null, "selection_rationale": "pool position never used this baseline"}}, {"type": "Feature", "geometry": {"type": "Polygon", "coordinates": [[[77.95885773423508, 16.45742035936159], [77.95886115922485, 16.457646056926425], [77.95909504897647, 16.4576427517442], [77.95909162371693, 16.457417054227186], [77.95885773423508, 16.45742035936159]]]}, "properties": {"name": "SFV-T0634", "emu_id": "EMU_ANCHOR_Fruit_Forest", "typicality_percentile": 47.0, "is_medoid": false, "in_position_pool": false, "pool_rank": null, "selection_rationale": "pool position never used this baseline"}}, {"type": "Feature", "geometry": {"type": "Polygon", "coordinates": [[[77.95886115922485, 16.457646056926425], [77.95886458426821, 16.457871754485716], [77.95909847428962, 16.457868449255663], [77.95909504897647, 16.4576427517442], [77.95886115922485, 16.457646056926425]]]}, "properties": {"name": "SFV-T0635", "emu_id": "EMU_ANCHOR_Fruit_Forest", "typicality_percentile": 90.6, "is_medoid": false, "in_position_pool": false, "pool_rank": null, "selection_rationale": "pool position never used this baseline"}}, {"type": "Feature", "geometry": {"type": "Polygon", "coordinates": [[[77.95886458426821, 16.457871754485716], [77.95886800936516, 16.458097452039464], [77.95910189965635, 16.45809414676158], [77.95909847428962, 16.457868449255663], [77.95886458426821, 16.457871754485716]]]}, "properties": {"name": "SFV-T0636", "emu_id": "EMU_ANCHOR_Fruit_Forest", "typicality_percentile": 71.8, "is_medoid": false, "in_position_pool": false, "pool_rank": null, "selection_rationale": "pool position never used this baseline"}}, {"type": "Feature", "geometry": {"type": "Polygon", "coordinates": [[[77.95886800936516, 16.458097452039464], [77.95887143451571, 16.458323149587656], [77.95910532507668, 16.458319844261958], [77.95910189965635, 16.45809414676158], [77.95886800936516, 16.458097452039464]]]}, "properties": {"name": "SFV-T0637", "emu_id": "EMU_ANCHOR_Fruit_Forest", "typicality_percentile": 56.4, "is_medoid": false, "in_position_pool": true, "pool_rank": 4, "selection_rationale": "best-scoring position in its spatial region \u2014 extends coverage of the EMU"}}, {"type": "Feature", "geometry": {"type": "Polygon", "coordinates": [[[77.95887143451571, 16.458323149587656], [77.95887485971986, 16.458548847130306], [77.95910875055061, 16.458545541756774], [77.95910532507668, 16.458319844261958], [77.95887143451571, 16.458323149587656]]]}, "properties": {"name": "SFV-T0638", "emu_id": "EMU_ANCHOR_Fruit_Forest", "typicality_percentile": 12.8, "is_medoid": false, "in_position_pool": false, "pool_rank": null, "selection_rationale": "pool position never used this baseline"}}, {"type": "Feature", "geometry": {"type": "Polygon", "coordinates": [[[77.95887485971986, 16.458548847130306], [77.9588782849776, 16.45877454466741], [77.95911217607814, 16.458771239246055], [77.95910875055061, 16.458545541756774], [77.95887485971986, 16.458548847130306]]]}, "properties": {"name": "SFV-T0639", "emu_id": "EMU_ANCHOR_Fruit_Forest", "typicality_percentile": 11.4, "is_medoid": false, "in_position_pool": false, "pool_rank": null, "selection_rationale": "pool position never used this baseline"}}, {"type": "Feature", "geometry": {"type": "Polygon", "coordinates": [[[77.9588782849776, 16.45877454466741], [77.95888171028892, 16.459000242198957], [77.95911560165926, 16.458996936729783], [77.95911217607814, 16.458771239246055], [77.9588782849776, 16.45877454466741]]]}, "properties": {"name": "SFV-T0640", "emu_id": "EMU_ANCHOR_Fruit_Forest", "typicality_percentile": 2.7, "is_medoid": false, "in_position_pool": false, "pool_rank": null, "selection_rationale": "pool position never used this baseline"}}, {"type": "Feature", "geometry": {"type": "Polygon", "coordinates": [[[77.95906764840083, 16.455837171452767], [77.95907107328522, 16.456062869008612], [77.95930496109492, 16.4560595639008], [77.95930153594081, 16.455833866392783], [77.95906764840083, 16.455837171452767]]]}, "properties": {"name": "SFV-T0646", "emu_id": "EMU_ANCHOR_Fruit_Forest", "typicality_percentile": 24.8, "is_medoid": false, "in_position_pool": false, "pool_rank": null, "selection_rationale": "pool position never used this baseline"}}, {"type": "Feature", "geometry": {"type": "Polygon", "coordinates": [[[77.95907107328522, 16.456062869008612], [77.95907449822317, 16.456288566558907], [77.95930838630262, 16.456285261403266], [77.95930496109492, 16.4560595639008], [77.95907107328522, 16.456062869008612]]]}, "properties": {"name": "SFV-T0647", "emu_id": "EMU_ANCHOR_Fruit_Forest", "typicality_percentile": 37.6, "is_medoid": false, "in_position_pool": false, "pool_rank": null, "selection_rationale": "pool position never used this baseline"}}, {"type": "Feature", "geometry": {"type": "Polygon", "coordinates": [[[77.95907449822317, 16.456288566558907], [77.95907792321474, 16.45651426410366], [77.95931181156394, 16.456510958900186], [77.95930838630262, 16.456285261403266], [77.95907449822317, 16.456288566558907]]]}, "properties": {"name": "SFV-T0648", "emu_id": "EMU_ANCHOR_Fruit_Forest", "typicality_percentile": 59.1, "is_medoid": false, "in_position_pool": false, "pool_rank": null, "selection_rationale": "pool position never used this baseline"}}, {"type": "Feature", "geometry": {"type": "Polygon", "coordinates": [[[77.95907792321474, 16.45651426410366], [77.95908134825989, 16.456739961642857], [77.95931523687885, 16.45673665639156], [77.95931181156394, 16.456510958900186], [77.95907792321474, 16.45651426410366]]]}, "properties": {"name": "SFV-T0649", "emu_id": "EMU_ANCHOR_Fruit_Forest", "typicality_percentile": 62.4, "is_medoid": false, "in_position_pool": false, "pool_rank": null, "selection_rationale": "pool position never used this baseline"}}, {"type": "Feature", "geometry": {"type": "Polygon", "coordinates": [[[77.95908134825989, 16.456739961642857], [77.95908477335864, 16.456965659176515], [77.95931866224736, 16.456962353877387], [77.95931523687885, 16.45673665639156], [77.95908134825989, 16.456739961642857]]]}, "properties": {"name": "SFV-T0650", "emu_id": "EMU_ANCHOR_Fruit_Forest", "typicality_percentile": 98.0, "is_medoid": false, "in_position_pool": false, "pool_rank": null, "selection_rationale": "pool position never used this baseline"}}, {"type": "Feature", "geometry": {"type": "Polygon", "coordinates": [[[77.95908477335864, 16.456965659176515], [77.95908819851098, 16.457191356704623], [77.95932208766948, 16.45718805135767], [77.95931866224736, 16.456962353877387], [77.95908477335864, 16.456965659176515]]]}, "properties": {"name": "SFV-T0651", "emu_id": "EMU_ANCHOR_Fruit_Forest", "typicality_percentile": 52.3, "is_medoid": false, "in_position_pool": false, "pool_rank": null, "selection_rationale": "pool position never used this baseline"}}, {"type": "Feature", "geometry": {"type": "Polygon", "coordinates": [[[77.95908819851098, 16.457191356704623], [77.95909162371693, 16.457417054227186], [77.95932551314519, 16.4574137488324], [77.95932208766948, 16.45718805135767], [77.95908819851098, 16.457191356704623]]]}, "properties": {"name": "SFV-T0652", "emu_id": "EMU_ANCHOR_Fruit_Forest", "typicality_percentile": 94.6, "is_medoid": false, "in_position_pool": true, "pool_rank": 2, "selection_rationale": "best-scoring position in its spatial region \u2014 extends coverage of the EMU"}}, {"type": "Feature", "geometry": {"type": "Polygon", "coordinates": [[[77.95909162371693, 16.457417054227186], [77.95909504897647, 16.4576427517442], [77.95932893867449, 16.45763944630159], [77.95932551314519, 16.4574137488324], [77.95909162371693, 16.457417054227186]]]}, "properties": {"name": "SFV-T0653", "emu_id": "EMU_ANCHOR_Fruit_Forest", "typicality_percentile": 61.7, "is_medoid": false, "in_position_pool": false, "pool_rank": null, "selection_rationale": "pool position never used this baseline"}}, {"type": "Feature", "geometry": {"type": "Polygon", "coordinates": [[[77.95909504897647, 16.4576427517442], [77.95909847428962, 16.457868449255663], [77.9593323642574, 16.45786514376522], [77.95932893867449, 16.45763944630159], [77.95909504897647, 16.4576427517442]]]}, "properties": {"name": "SFV-T0654", "emu_id": "EMU_ANCHOR_Fruit_Forest", "typicality_percentile": 92.6, "is_medoid": false, "in_position_pool": false, "pool_rank": null, "selection_rationale": "pool position never used this baseline"}}, {"type": "Feature", "geometry": {"type": "Polygon", "coordinates": [[[77.95909847428962, 16.457868449255663], [77.95910189965635, 16.45809414676158], [77.95933578989393, 16.458090841223317], [77.9593323642574, 16.45786514376522], [77.95909847428962, 16.457868449255663]]]}, "properties": {"name": "SFV-T0655", "emu_id": "EMU_ANCHOR_Fruit_Forest", "typicality_percentile": 89.3, "is_medoid": false, "in_position_pool": false, "pool_rank": null, "selection_rationale": "pool position never used this baseline"}}, {"type": "Feature", "geometry": {"type": "Polygon", "coordinates": [[[77.95910189965635, 16.45809414676158], [77.95910532507668, 16.458319844261958], [77.95933921558404, 16.458316538675856], [77.95933578989393, 16.458090841223317], [77.95910189965635, 16.45809414676158]]]}, "properties": {"name": "SFV-T0656", "emu_id": "EMU_ANCHOR_Fruit_Forest", "typicality_percentile": 24.2, "is_medoid": false, "in_position_pool": false, "pool_rank": null, "selection_rationale": "pool position never used this baseline"}}, {"type": "Feature", "geometry": {"type": "Polygon", "coordinates": [[[77.95910532507668, 16.458319844261958], [77.95910875055061, 16.458545541756774], [77.95934264132777, 16.458542236122852], [77.95933921558404, 16.458316538675856], [77.95910532507668, 16.458319844261958]]]}, "properties": {"name": "SFV-T0657", "emu_id": "EMU_ANCHOR_Fruit_Forest", "typicality_percentile": 3.4, "is_medoid": false, "in_position_pool": false, "pool_rank": null, "selection_rationale": "pool position never used this baseline"}}, {"type": "Feature", "geometry": {"type": "Polygon", "coordinates": [[[77.95910875055061, 16.458545541756774], [77.95911217607814, 16.458771239246055], [77.9593460671251, 16.4587679335643], [77.95934264132777, 16.458542236122852], [77.95910875055061, 16.458545541756774]]]}, "properties": {"name": "SFV-T0658", "emu_id": "EMU_ANCHOR_Fruit_Forest", "typicality_percentile": 0.7, "is_medoid": false, "in_position_pool": false, "pool_rank": null, "selection_rationale": "pool position never used this baseline"}}, {"type": "Feature", "geometry": {"type": "Polygon", "coordinates": [[[77.95911217607814, 16.458771239246055], [77.95911560165926, 16.458996936729783], [77.95934949297602, 16.458993631000197], [77.9593460671251, 16.4587679335643], [77.95911217607814, 16.458771239246055]]]}, "properties": {"name": "SFV-T0659", "emu_id": "EMU_ANCHOR_Fruit_Forest", "typicality_percentile": 0.0, "is_medoid": false, "in_position_pool": false, "pool_rank": null, "selection_rationale": "pool position never used this baseline"}}, {"type": "Feature", "geometry": {"type": "Polygon", "coordinates": [[[77.95930153594081, 16.455833866392783], [77.95930496109492, 16.4560595639008], [77.95953884885103, 16.45605625853263], [77.95953542342717, 16.455830561072446], [77.95930153594081, 16.455833866392783]]]}, "properties": {"name": "SFV-T0665", "emu_id": "EMU_ANCHOR_Fruit_Forest", "typicality_percentile": 25.5, "is_medoid": false, "in_position_pool": false, "pool_rank": null, "selection_rationale": "pool position never used this baseline"}}, {"type": "Feature", "geometry": {"type": "Polygon", "coordinates": [[[77.95930496109492, 16.4560595639008], [77.95930838630262, 16.456285261403266], [77.95954227432848, 16.45628195598726], [77.95953884885103, 16.45605625853263], [77.95930496109492, 16.4560595639008]]]}, "properties": {"name": "SFV-T0666", "emu_id": "EMU_ANCHOR_Fruit_Forest", "typicality_percentile": 30.2, "is_medoid": false, "in_position_pool": false, "pool_rank": null, "selection_rationale": "pool position never used this baseline"}}, {"type": "Feature", "geometry": {"type": "Polygon", "coordinates": [[[77.95930838630262, 16.456285261403266], [77.95931181156394, 16.456510958900186], [77.95954569985955, 16.45650765343635], [77.95954227432848, 16.45628195598726], [77.95930838630262, 16.456285261403266]]]}, "properties": {"name": "SFV-T0667", "emu_id": "EMU_ANCHOR_Fruit_Forest", "typicality_percentile": 48.3, "is_medoid": false, "in_position_pool": true, "pool_rank": 5, "selection_rationale": "best-scoring position in its spatial region \u2014 extends coverage of the EMU"}}, {"type": "Feature", "geometry": {"type": "Polygon", "coordinates": [[[77.95931181156394, 16.456510958900186], [77.95931523687885, 16.45673665639156], [77.95954912544421, 16.456733350879894], [77.95954569985955, 16.45650765343635], [77.95931181156394, 16.456510958900186]]]}, "properties": {"name": "SFV-T0668", "emu_id": "EMU_ANCHOR_Fruit_Forest", "typicality_percentile": 53.0, "is_medoid": false, "in_position_pool": false, "pool_rank": null, "selection_rationale": "pool position never used this baseline"}}, {"type": "Feature", "geometry": {"type": "Polygon", "coordinates": [[[77.95931523687885, 16.45673665639156], [77.95931866224736, 16.456962353877387], [77.95955255108248, 16.45695904831789], [77.95954912544421, 16.456733350879894], [77.95931523687885, 16.45673665639156]]]}, "properties": {"name": "SFV-T0669", "emu_id": "EMU_ANCHOR_Fruit_Forest", "typicality_percentile": 85.9, "is_medoid": false, "in_position_pool": false, "pool_rank": null, "selection_rationale": "pool position never used this baseline"}}, {"type": "Feature", "geometry": {"type": "Polygon", "coordinates": [[[77.95931866224736, 16.456962353877387], [77.95932208766948, 16.45718805135767], [77.95955597677435, 16.45718474575034], [77.95955255108248, 16.45695904831789], [77.95931866224736, 16.456962353877387]]]}, "properties": {"name": "SFV-T0670", "emu_id": "EMU_ANCHOR_Fruit_Forest", "typicality_percentile": 32.2, "is_medoid": false, "in_position_pool": false, "pool_rank": null, "selection_rationale": "pool position never used this baseline"}}, {"type": "Feature", "geometry": {"type": "Polygon", "coordinates": [[[77.95932208766948, 16.45718805135767], [77.95932551314519, 16.4574137488324], [77.95955940251983, 16.45741044317724], [77.95955597677435, 16.45718474575034], [77.95932208766948, 16.45718805135767]]]}, "properties": {"name": "SFV-T0671", "emu_id": "EMU_ANCHOR_Fruit_Forest", "typicality_percentile": 55.7, "is_medoid": false, "in_position_pool": false, "pool_rank": null, "selection_rationale": "pool position never used this baseline"}}, {"type": "Feature", "geometry": {"type": "Polygon", "coordinates": [[[77.95932551314519, 16.4574137488324], [77.95932893867449, 16.45763944630159], [77.95956282831891, 16.45763614059859], [77.95955940251983, 16.45741044317724], [77.95932551314519, 16.4574137488324]]]}, "properties": {"name": "SFV-T0672", "emu_id": "EMU_ANCHOR_Fruit_Forest", "typicality_percentile": 57.0, "is_medoid": false, "in_position_pool": false, "pool_rank": null, "selection_rationale": "pool position never used this baseline"}}, {"type": "Feature", "geometry": {"type": "Polygon", "coordinates": [[[77.95932893867449, 16.45763944630159], [77.9593323642574, 16.45786514376522], [77.9595662541716, 16.4578618380144], [77.95956282831891, 16.45763614059859], [77.95932893867449, 16.45763944630159]]]}, "properties": {"name": "SFV-T0673", "emu_id": "EMU_ANCHOR_Fruit_Forest", "typicality_percentile": 63.8, "is_medoid": false, "in_position_pool": false, "pool_rank": null, "selection_rationale": "pool position never used this baseline"}}, {"type": "Feature", "geometry": {"type": "Polygon", "coordinates": [[[77.9593323642574, 16.45786514376522], [77.95933578989393, 16.458090841223317], [77.9595696800779, 16.458087535424657], [77.9595662541716, 16.4578618380144], [77.9593323642574, 16.45786514376522]]]}, "properties": {"name": "SFV-T0674", "emu_id": "EMU_ANCHOR_Fruit_Forest", "typicality_percentile": 63.1, "is_medoid": false, "in_position_pool": false, "pool_rank": null, "selection_rationale": "pool position never used this baseline"}}, {"type": "Feature", "geometry": {"type": "Polygon", "coordinates": [[[77.95933578989393, 16.458090841223317], [77.95933921558404, 16.458316538675856], [77.95957310603781, 16.458313232829365], [77.9595696800779, 16.458087535424657], [77.95933578989393, 16.458090841223317]]]}, "properties": {"name": "SFV-T0675", "emu_id": "EMU_ANCHOR_Fruit_Forest", "typicality_percentile": 88.6, "is_medoid": false, "in_position_pool": false, "pool_rank": null, "selection_rationale": "pool position never used this baseline"}}, {"type": "Feature", "geometry": {"type": "Polygon", "coordinates": [[[77.95933921558404, 16.458316538675856], [77.95934264132777, 16.458542236122852], [77.95957653205132, 16.45853893022853], [77.95957310603781, 16.458313232829365], [77.95933921558404, 16.458316538675856]]]}, "properties": {"name": "SFV-T0676", "emu_id": "EMU_ANCHOR_Fruit_Forest", "typicality_percentile": 12.1, "is_medoid": false, "in_position_pool": false, "pool_rank": null, "selection_rationale": "pool position never used this baseline"}}, {"type": "Feature", "geometry": {"type": "Polygon", "coordinates": [[[77.95934264132777, 16.458542236122852], [77.9593460671251, 16.4587679335643], [77.95957995811844, 16.458764627622145], [77.95957653205132, 16.45853893022853], [77.95934264132777, 16.458542236122852]]]}, "properties": {"name": "SFV-T0677", "emu_id": "EMU_ANCHOR_Fruit_Forest", "typicality_percentile": 4.0, "is_medoid": false, "in_position_pool": false, "pool_rank": null, "selection_rationale": "pool position never used this baseline"}}, {"type": "Feature", "geometry": {"type": "Polygon", "coordinates": [[[77.95953542342717, 16.455830561072446], [77.95953884885103, 16.45605625853263], [77.95977273655355, 16.4560529529041], [77.95976931085994, 16.45582725549175], [77.95953542342717, 16.455830561072446]]]}, "properties": {"name": "SFV-T0681", "emu_id": "EMU_ANCHOR_Fruit_Forest", "typicality_percentile": 22.1, "is_medoid": false, "in_position_pool": false, "pool_rank": null, "selection_rationale": "pool position never used this baseline"}}, {"type": "Feature", "geometry": {"type": "Polygon", "coordinates": [[[77.95953884885103, 16.45605625853263], [77.95954227432848, 16.45628195598726], [77.95977616230074, 16.4562786503109], [77.95977273655355, 16.4560529529041], [77.95953884885103, 16.45605625853263]]]}, "properties": {"name": "SFV-T0682", "emu_id": "EMU_ANCHOR_Fruit_Forest", "typicality_percentile": 39.6, "is_medoid": false, "in_position_pool": false, "pool_rank": null, "selection_rationale": "pool position never used this baseline"}}, {"type": "Feature", "geometry": {"type": "Polygon", "coordinates": [[[77.95954227432848, 16.45628195598726], [77.95954569985955, 16.45650765343635], [77.95977958810154, 16.456504347712155], [77.95977616230074, 16.4562786503109], [77.95954227432848, 16.45628195598726]]]}, "properties": {"name": "SFV-T0683", "emu_id": "EMU_ANCHOR_Fruit_Forest", "typicality_percentile": 49.7, "is_medoid": false, "in_position_pool": false, "pool_rank": null, "selection_rationale": "pool position never used this baseline"}}, {"type": "Feature", "geometry": {"type": "Polygon", "coordinates": [[[77.95954569985955, 16.45650765343635], [77.95954912544421, 16.456733350879894], [77.95978301395596, 16.45673004510786], [77.95977958810154, 16.456504347712155], [77.95954569985955, 16.45650765343635]]]}, "properties": {"name": "SFV-T0684", "emu_id": "EMU_ANCHOR_Fruit_Forest", "typicality_percentile": 50.3, "is_medoid": false, "in_position_pool": false, "pool_rank": null, "selection_rationale": "pool position never used this baseline"}}, {"type": "Feature", "geometry": {"type": "Polygon", "coordinates": [[[77.95954912544421, 16.456733350879894], [77.95955255108248, 16.45695904831789], [77.959786439864, 16.45695574249802], [77.95978301395596, 16.45673004510786], [77.95954912544421, 16.456733350879894]]]}, "properties": {"name": "SFV-T0685", "emu_id": "EMU_ANCHOR_Fruit_Forest", "typicality_percentile": 79.2, "is_medoid": false, "in_position_pool": false, "pool_rank": null, "selection_rationale": "pool position never used this baseline"}}, {"type": "Feature", "geometry": {"type": "Polygon", "coordinates": [[[77.95955255108248, 16.45695904831789], [77.95955597677435, 16.45718474575034], [77.95978986582564, 16.457181439882632], [77.959786439864, 16.45695574249802], [77.95955255108248, 16.45695904831789]]]}, "properties": {"name": "SFV-T0686", "emu_id": "EMU_ANCHOR_Fruit_Forest", "typicality_percentile": 28.2, "is_medoid": false, "in_position_pool": false, "pool_rank": null, "selection_rationale": "pool position never used this baseline"}}, {"type": "Feature", "geometry": {"type": "Polygon", "coordinates": [[[77.95955597677435, 16.45718474575034], [77.95955940251983, 16.45741044317724], [77.95979329184088, 16.4574071372617], [77.95978986582564, 16.457181439882632], [77.95955597677435, 16.45718474575034]]]}, "properties": {"name": "SFV-T0687", "emu_id": "EMU_ANCHOR_Fruit_Forest", "typicality_percentile": 65.1, "is_medoid": false, "in_position_pool": false, "pool_rank": null, "selection_rationale": "pool position never used this baseline"}}, {"type": "Feature", "geometry": {"type": "Polygon", "coordinates": [[[77.95955940251983, 16.45741044317724], [77.95956282831891, 16.45763614059859], [77.95979671790973, 16.45763283463522], [77.95979329184088, 16.4574071372617], [77.95955940251983, 16.45741044317724]]]}, "properties": {"name": "SFV-T0688", "emu_id": "EMU_ANCHOR_Fruit_Forest", "typicality_percentile": 45.6, "is_medoid": false, "in_position_pool": false, "pool_rank": null, "selection_rationale": "pool position never used this baseline"}}, {"type": "Feature", "geometry": {"type": "Polygon", "coordinates": [[[77.95956282831891, 16.45763614059859], [77.9595662541716, 16.4578618380144], [77.9598001440322, 16.457858532003186], [77.95979671790973, 16.45763283463522], [77.95956282831891, 16.45763614059859]]]}, "properties": {"name": "SFV-T0689", "emu_id": "EMU_ANCHOR_Fruit_Forest", "typicality_percentile": 34.9, "is_medoid": false, "in_position_pool": false, "pool_rank": null, "selection_rationale": "pool position never used this baseline"}}, {"type": "Feature", "geometry": {"type": "Polygon", "coordinates": [[[77.9595662541716, 16.4578618380144], [77.9595696800779, 16.458087535424657], [77.95980357020828, 16.45808422936561], [77.9598001440322, 16.457858532003186], [77.9595662541716, 16.4578618380144]]]}, "properties": {"name": "SFV-T0690", "emu_id": "EMU_ANCHOR_Fruit_Forest", "typicality_percentile": 32.9, "is_medoid": false, "in_position_pool": false, "pool_rank": null, "selection_rationale": "pool position never used this baseline"}}, {"type": "Feature", "geometry": {"type": "Polygon", "coordinates": [[[77.9595696800779, 16.458087535424657], [77.95957310603781, 16.458313232829365], [77.95980699643796, 16.458309926722478], [77.95980357020828, 16.45808422936561], [77.9595696800779, 16.458087535424657]]]}, "properties": {"name": "SFV-T0691", "emu_id": "EMU_ANCHOR_Fruit_Forest", "typicality_percentile": 46.3, "is_medoid": false, "in_position_pool": false, "pool_rank": null, "selection_rationale": "pool position never used this baseline"}}, {"type": "Feature", "geometry": {"type": "Polygon", "coordinates": [[[77.95980699643796, 16.458309926722478], [77.95957310603781, 16.458313232829365], [77.95957653205132, 16.45853893022853], [77.95976954689422, 16.458536201891693], [77.959788, 16.4584707], [77.95980855302037, 16.458412462910264], [77.95980699643796, 16.458309926722478]]]}, "properties": {"name": "SFV-T0692", "emu_id": "EMU_ANCHOR_Fruit_Forest", "typicality_percentile": 7.4, "is_medoid": false, "in_position_pool": false, "pool_rank": null, "selection_rationale": "pool position never used this baseline"}}, {"type": "Feature", "geometry": {"type": "Polygon", "coordinates": [[[77.95957653205132, 16.45853893022853], [77.95957995811844, 16.458764627622145], [77.95970569574622, 16.458762850270382], [77.95976954689422, 16.458536201891693], [77.95957653205132, 16.45853893022853]]]}, "properties": {"name": "SFV-T0693", "emu_id": "EMU_ANCHOR_Fruit_Forest", "typicality_percentile": 1.3, "is_medoid": false, "in_position_pool": false, "pool_rank": null, "selection_rationale": "pool position never used this baseline"}}, {"type": "Feature", "geometry": {"type": "Polygon", "coordinates": [[[77.95976931085994, 16.45582725549175], [77.95977273655355, 16.4560529529041], [77.96000662420242, 16.45604964701522], [77.9600031982391, 16.455823949650707], [77.95976931085994, 16.45582725549175]]]}, "properties": {"name": "SFV-T0695", "emu_id": "EMU_ANCHOR_Fruit_Forest", "typicality_percentile": 21.5, "is_medoid": false, "in_position_pool": false, "pool_rank": null, "selection_rationale": "pool position never used this baseline"}}, {"type": "Feature", "geometry": {"type": "Polygon", "coordinates": [[[77.95977273655355, 16.4560529529041], [77.95977616230074, 16.4562786503109], [77.96001005021938, 16.456275344374184], [77.96000662420242, 16.45604964701522], [77.95977273655355, 16.4560529529041]]]}, "properties": {"name": "SFV-T0696", "emu_id": "EMU_ANCHOR_Fruit_Forest", "typicality_percentile": 26.8, "is_medoid": false, "in_position_pool": false, "pool_rank": null, "selection_rationale": "pool position never used this baseline"}}, {"type": "Feature", "geometry": {"type": "Polygon", "coordinates": [[[77.95977616230074, 16.4562786503109], [77.95977958810154, 16.456504347712155], [77.96001347628994, 16.4565010417276], [77.96001005021938, 16.456275344374184], [77.95977616230074, 16.4562786503109]]]}, "properties": {"name": "SFV-T0697", "emu_id": "EMU_ANCHOR_Fruit_Forest", "typicality_percentile": 36.9, "is_medoid": false, "in_position_pool": false, "pool_rank": null, "selection_rationale": "pool position never used this baseline"}}, {"type": "Feature", "geometry": {"type": "Polygon", "coordinates": [[[77.96001347628994, 16.4565010417276], [77.95977958810154, 16.456504347712155], [77.95978301395596, 16.45673004510786], [77.96001370831577, 16.456726784226056], [77.9600141, 16.456659299999995], [77.96001529119575, 16.456620599839024], [77.96001347628994, 16.4565010417276]]]}, "properties": {"name": "SFV-T0698", "emu_id": "EMU_ANCHOR_Fruit_Forest", "typicality_percentile": 75.8, "is_medoid": false, "in_position_pool": false, "pool_rank": null, "selection_rationale": "pool position never used this baseline"}}, {"type": "Feature", "geometry": {"type": "Polygon", "coordinates": [[[77.95978301395596, 16.45673004510786], [77.959786439864, 16.45695574249802], [77.96001239798815, 16.456952548523287], [77.96001370831577, 16.456726784226056], [77.95978301395596, 16.45673004510786]]]}, "properties": {"name": "SFV-T0699", "emu_id": "EMU_ANCHOR_Fruit_Forest", "typicality_percentile": 53.7, "is_medoid": false, "in_position_pool": false, "pool_rank": null, "selection_rationale": "pool position never used this baseline"}}, {"type": "Feature", "geometry": {"type": "Polygon", "coordinates": [[[77.959786439864, 16.45695574249802], [77.95978986582564, 16.457181439882632], [77.9600110877032, 16.457178312816794], [77.96001239798815, 16.456952548523287], [77.959786439864, 16.45695574249802]]]}, "properties": {"name": "SFV-T0700", "emu_id": "EMU_ANCHOR_Fruit_Forest", "typicality_percentile": 27.5, "is_medoid": false, "in_position_pool": false, "pool_rank": null, "selection_rationale": "pool position never used this baseline"}}, {"type": "Feature", "geometry": {"type": "Polygon", "coordinates": [[[77.95978986582564, 16.457181439882632], [77.95979329184088, 16.4574071372617], [77.96000977746091, 16.457404077106574], [77.9600110877032, 16.457178312816794], [77.95978986582564, 16.457181439882632]]]}, "properties": {"name": "SFV-T0701", "emu_id": "EMU_ANCHOR_Fruit_Forest", "typicality_percentile": 26.2, "is_medoid": false, "in_position_pool": false, "pool_rank": null, "selection_rationale": "pool position never used this baseline"}}, {"type": "Feature", "geometry": {"type": "Polygon", "coordinates": [[[77.95979329184088, 16.4574071372617], [77.95979671790973, 16.45763283463522], [77.96000791491723, 16.457629849200746], [77.9600085, 16.4576242], [77.96000977746091, 16.457404077106574], [77.95979329184088, 16.4574071372617]]]}, "properties": {"name": "SFV-T0702", "emu_id": "EMU_ANCHOR_Fruit_Forest", "typicality_percentile": 41.6, "is_medoid": false, "in_position_pool": false, "pool_rank": null, "selection_rationale": "pool position never used this baseline"}}, {"type": "Feature", "geometry": {"type": "Polygon", "coordinates": [[[77.95979671790973, 16.45763283463522], [77.9598001440322, 16.457858532003186], [77.95998450034038, 16.457855925960043], [77.96000791491723, 16.457629849200746], [77.95979671790973, 16.45763283463522]]]}, "properties": {"name": "SFV-T0703", "emu_id": "EMU_ANCHOR_Fruit_Forest", "typicality_percentile": 33.6, "is_medoid": false, "in_position_pool": false, "pool_rank": null, "selection_rationale": "pool position never used this baseline"}}, {"type": "Feature", "geometry": {"type": "Polygon", "coordinates": [[[77.9598001440322, 16.457858532003186], [77.95980357020828, 16.45808422936561], [77.95992499873347, 16.458082512858972], [77.95997600000001, 16.457938], [77.95998450034038, 16.457855925960043], [77.9598001440322, 16.457858532003186]]]}, "properties": {"name": "SFV-T0704", "emu_id": "EMU_ANCHOR_Fruit_Forest", "typicality_percentile": 31.5, "is_medoid": false, "in_position_pool": false, "pool_rank": null, "selection_rationale": "pool position never used this baseline"}}, {"type": "Feature", "geometry": {"type": "Polygon", "coordinates": [[[77.95771910071875, 16.459468161163375], [77.95772252484181, 16.459693858917362], [77.95795641728952, 16.459690554606787], [77.95795299289665, 16.45946485690061], [77.95771910071875, 16.459468161163375]]]}, "properties": {"name": "SFV-T0549", "emu_id": "EMU_ANCHOR_Wetland", "typicality_percentile": 29.6, "is_medoid": false, "in_position_pool": true, "pool_rank": 2, "selection_rationale": "best-scoring position in its spatial region \u2014 extends coverage of the EMU"}}, {"type": "Feature", "geometry": {"type": "Polygon", "coordinates": [[[77.95795984173597, 16.45991625230742], [77.95795641728952, 16.459690554606787], [77.95772252484181, 16.459693858917362], [77.95772458102343, 16.459829388436173], [77.95775586191589, 16.459919134080916], [77.95795984173597, 16.45991625230742]]]}, "properties": {"name": "SFV-T0550", "emu_id": "EMU_ANCHOR_Wetland", "typicality_percentile": 37.0, "is_medoid": false, "in_position_pool": false, "pool_rank": null, "selection_rationale": "pool position never used this baseline"}}, {"type": "Feature", "geometry": {"type": "Polygon", "coordinates": [[[77.95796326623599, 16.460141950002498], [77.95795984173597, 16.45991625230742], [77.95775586191589, 16.459919134080916], [77.9578341604575, 16.460143774022498], [77.95796326623599, 16.460141950002498]]]}, "properties": {"name": "SFV-T0551", "emu_id": "EMU_ANCHOR_Wetland", "typicality_percentile": 40.7, "is_medoid": false, "in_position_pool": false, "pool_rank": null, "selection_rationale": "pool position never used this baseline"}}, {"type": "Feature", "geometry": {"type": "Polygon", "coordinates": [[[77.95795299289665, 16.45946485690061], [77.95795641728952, 16.459690554606787], [77.95819030968364, 16.459687250035806], [77.95818688502095, 16.45946155237744], [77.95795299289665, 16.45946485690061]]]}, "properties": {"name": "SFV-T0567", "emu_id": "EMU_ANCHOR_Wetland", "typicality_percentile": 48.1, "is_medoid": false, "in_position_pool": false, "pool_rank": null, "selection_rationale": "pool position never used this baseline"}}, {"type": "Feature", "geometry": {"type": "Polygon", "coordinates": [[[77.95795641728952, 16.459690554606787], [77.95795984173597, 16.45991625230742], [77.95819373439991, 16.459912947688622], [77.95819030968364, 16.459687250035806], [77.95795641728952, 16.459690554606787]]]}, "properties": {"name": "SFV-T0568", "emu_id": "EMU_ANCHOR_Wetland", "typicality_percentile": 85.2, "is_medoid": false, "in_position_pool": false, "pool_rank": null, "selection_rationale": "pool position never used this baseline"}}, {"type": "Feature", "geometry": {"type": "Polygon", "coordinates": [[[77.95795984173597, 16.45991625230742], [77.95796326623599, 16.460141950002498], [77.95819715916976, 16.460138645335885], [77.95819373439991, 16.459912947688622], [77.95795984173597, 16.45991625230742]]]}, "properties": {"name": "SFV-T0569", "emu_id": "EMU_ANCHOR_Wetland", "typicality_percentile": 96.3, "is_medoid": false, "in_position_pool": false, "pool_rank": null, "selection_rationale": "pool position never used this baseline"}}, {"type": "Feature", "geometry": {"type": "Polygon", "coordinates": [[[77.95818688502095, 16.45946155237744], [77.95819030968364, 16.459687250035806], [77.95842420202418, 16.4596839452044], [77.95842077709169, 16.459458247593844], [77.95818688502095, 16.45946155237744]]]}, "properties": {"name": "SFV-T0586", "emu_id": "EMU_ANCHOR_Wetland", "typicality_percentile": 88.9, "is_medoid": false, "in_position_pool": false, "pool_rank": null, "selection_rationale": "pool position never used this baseline"}}, {"type": "Feature", "geometry": {"type": "Polygon", "coordinates": [[[77.95819030968364, 16.459687250035806], [77.95819373439991, 16.459912947688622], [77.95842762701027, 16.4599096428094], [77.95842420202418, 16.4596839452044], [77.95819030968364, 16.459687250035806]]]}, "properties": {"name": "SFV-T0587", "emu_id": "EMU_ANCHOR_Wetland", "typicality_percentile": 63.0, "is_medoid": false, "in_position_pool": false, "pool_rank": null, "selection_rationale": "pool position never used this baseline"}}, {"type": "Feature", "geometry": {"type": "Polygon", "coordinates": [[[77.95819373439991, 16.459912947688622], [77.95819715916976, 16.460138645335885], [77.95843105204993, 16.460135340408854], [77.95842762701027, 16.4599096428094], [77.95819373439991, 16.459912947688622]]]}, "properties": {"name": "SFV-T0588", "emu_id": "EMU_ANCHOR_Wetland", "typicality_percentile": 100.0, "is_medoid": true, "in_position_pool": false, "pool_rank": null, "selection_rationale": "stratum medoid \u2014 most representative position within this EMU"}}, {"type": "Feature", "geometry": {"type": "Polygon", "coordinates": [[[77.95841735221278, 16.459232549977752], [77.95842077709169, 16.459458247593844], [77.95865466910882, 16.459454942549844], [77.95865124396012, 16.459229244981564], [77.95841735221278, 16.459232549977752]]]}, "properties": {"name": "SFV-T0604", "emu_id": "EMU_ANCHOR_Wetland", "typicality_percentile": 92.6, "is_medoid": false, "in_position_pool": false, "pool_rank": null, "selection_rationale": "pool position never used this baseline"}}, {"type": "Feature", "geometry": {"type": "Polygon", "coordinates": [[[77.95842077709169, 16.459458247593844], [77.95842420202418, 16.4596839452044], [77.95865809431115, 16.459680640112573], [77.95865466910882, 16.459454942549844], [77.95842077709169, 16.459458247593844]]]}, "properties": {"name": "SFV-T0605", "emu_id": "EMU_ANCHOR_Wetland", "typicality_percentile": 11.1, "is_medoid": false, "in_position_pool": false, "pool_rank": null, "selection_rationale": "pool position never used this baseline"}}, {"type": "Feature", "geometry": {"type": "Polygon", "coordinates": [[[77.95842420202418, 16.4596839452044], [77.95842762701027, 16.4599096428094], [77.95866151956703, 16.459906337669764], [77.95865809431115, 16.459680640112573], [77.95842420202418, 16.4596839452044]]]}, "properties": {"name": "SFV-T0606", "emu_id": "EMU_ANCHOR_Wetland", "typicality_percentile": 74.1, "is_medoid": false, "in_position_pool": false, "pool_rank": null, "selection_rationale": "pool position never used this baseline"}}, {"type": "Feature", "geometry": {"type": "Polygon", "coordinates": [[[77.95866151956703, 16.459906337669764], [77.95842762701027, 16.4599096428094], [77.95843105204993, 16.460135340408854], [77.95859547799161, 16.46013301689945], [77.9586042, 16.460131199999996], [77.95866478212119, 16.4601213111665], [77.95866151956703, 16.459906337669764]]]}, "properties": {"name": "SFV-T0607", "emu_id": "EMU_ANCHOR_Wetland", "typicality_percentile": 59.3, "is_medoid": false, "in_position_pool": false, "pool_rank": null, "selection_rationale": "pool position never used this baseline"}}, {"type": "Feature", "geometry": {"type": "Polygon", "coordinates": [[[77.95865124396012, 16.459229244981564], [77.95865466910882, 16.459454942549844], [77.95888856107238, 16.459451637245422], [77.95888513565386, 16.459225939724966], [77.95865124396012, 16.459229244981564]]]}, "properties": {"name": "SFV-T0623", "emu_id": "EMU_ANCHOR_Wetland", "typicality_percentile": 81.5, "is_medoid": false, "in_position_pool": false, "pool_rank": null, "selection_rationale": "pool position never used this baseline"}}, {"type": "Feature", "geometry": {"type": "Polygon", "coordinates": [[[77.95865466910882, 16.459454942549844], [77.95865809431115, 16.459680640112573], [77.95889198654449, 16.45967733476034], [77.95888856107238, 16.459451637245422], [77.95865466910882, 16.459454942549844]]]}, "properties": {"name": "SFV-T0624", "emu_id": "EMU_ANCHOR_Wetland", "typicality_percentile": 77.8, "is_medoid": false, "in_position_pool": false, "pool_rank": null, "selection_rationale": "pool position never used this baseline"}}, {"type": "Feature", "geometry": {"type": "Polygon", "coordinates": [[[77.95865809431115, 16.459680640112573], [77.95866151956703, 16.459906337669764], [77.95889541207022, 16.459903032269704], [77.95889198654449, 16.45967733476034], [77.95865809431115, 16.459680640112573]]]}, "properties": {"name": "SFV-T0625", "emu_id": "EMU_ANCHOR_Wetland", "typicality_percentile": 25.9, "is_medoid": false, "in_position_pool": true, "pool_rank": 1, "selection_rationale": "best-scoring position in its spatial region \u2014 extends coverage of the EMU"}}, {"type": "Feature", "geometry": {"type": "Polygon", "coordinates": [[[77.95889541207022, 16.459903032269704], [77.95866151956703, 16.459906337669764], [77.95866478212119, 16.4601213111665], [77.95889814689141, 16.460083218812933], [77.95889541207022, 16.459903032269704]]]}, "properties": {"name": "SFV-T0626", "emu_id": "EMU_ANCHOR_Wetland", "typicality_percentile": 51.9, "is_medoid": false, "in_position_pool": false, "pool_rank": null, "selection_rationale": "pool position never used this baseline"}}, {"type": "Feature", "geometry": {"type": "Polygon", "coordinates": [[[77.95888513565386, 16.459225939724966], [77.95888856107238, 16.459451637245422], [77.95912245298233, 16.459448331680594], [77.95911902729401, 16.459222634207965], [77.95888513565386, 16.459225939724966]]]}, "properties": {"name": "SFV-T0642", "emu_id": "EMU_ANCHOR_Wetland", "typicality_percentile": 7.4, "is_medoid": false, "in_position_pool": false, "pool_rank": null, "selection_rationale": "pool position never used this baseline"}}, {"type": "Feature", "geometry": {"type": "Polygon", "coordinates": [[[77.95888856107238, 16.459451637245422], [77.95889198654449, 16.45967733476034], [77.95912587872425, 16.459674029147685], [77.95912245298233, 16.459448331680594], [77.95888856107238, 16.459451637245422]]]}, "properties": {"name": "SFV-T0643", "emu_id": "EMU_ANCHOR_Wetland", "typicality_percentile": 70.4, "is_medoid": false, "in_position_pool": false, "pool_rank": null, "selection_rationale": "pool position never used this baseline"}}, {"type": "Feature", "geometry": {"type": "Polygon", "coordinates": [[[77.95889198654449, 16.45967733476034], [77.95889541207022, 16.459903032269704], [77.95912930451979, 16.459899726609223], [77.95912587872425, 16.459674029147685], [77.95889198654449, 16.45967733476034]]]}, "properties": {"name": "SFV-T0644", "emu_id": "EMU_ANCHOR_Wetland", "typicality_percentile": 55.6, "is_medoid": false, "in_position_pool": false, "pool_rank": null, "selection_rationale": "pool position never used this baseline"}}, {"type": "Feature", "geometry": {"type": "Polygon", "coordinates": [[[77.95912930451979, 16.459899726609223], [77.95889541207022, 16.459903032269704], [77.95889814689141, 16.460083218812933], [77.95913151152614, 16.460045126213565], [77.95912930451979, 16.459899726609223]]]}, "properties": {"name": "SFV-T0645", "emu_id": "EMU_ANCHOR_Wetland", "typicality_percentile": 33.3, "is_medoid": false, "in_position_pool": false, "pool_rank": null, "selection_rationale": "pool position never used this baseline"}}, {"type": "Feature", "geometry": {"type": "Polygon", "coordinates": [[[77.95911560165926, 16.458996936729783], [77.95911902729401, 16.459222634207965], [77.95935291888054, 16.459219328430557], [77.95934949297602, 16.458993631000197], [77.95911560165926, 16.458996936729783]]]}, "properties": {"name": "SFV-T0660", "emu_id": "EMU_ANCHOR_Wetland", "typicality_percentile": 0.0, "is_medoid": false, "in_position_pool": false, "pool_rank": null, "selection_rationale": "pool position never used this baseline"}}, {"type": "Feature", "geometry": {"type": "Polygon", "coordinates": [[[77.95911902729401, 16.459222634207965], [77.95912245298233, 16.459448331680594], [77.95935634483868, 16.45944502585536], [77.95935291888054, 16.459219328430557], [77.95911902729401, 16.459222634207965]]]}, "properties": {"name": "SFV-T0661", "emu_id": "EMU_ANCHOR_Wetland", "typicality_percentile": 66.7, "is_medoid": false, "in_position_pool": false, "pool_rank": null, "selection_rationale": "pool position never used this baseline"}}, {"type": "Feature", "geometry": {"type": "Polygon", "coordinates": [[[77.95912245298233, 16.459448331680594], [77.95912587872425, 16.459674029147685], [77.95935977085043, 16.459670723274613], [77.95935634483868, 16.45944502585536], [77.95912245298233, 16.459448331680594]]]}, "properties": {"name": "SFV-T0662", "emu_id": "EMU_ANCHOR_Wetland", "typicality_percentile": 44.4, "is_medoid": false, "in_position_pool": false, "pool_rank": null, "selection_rationale": "pool position never used this baseline"}}, {"type": "Feature", "geometry": {"type": "Polygon", "coordinates": [[[77.95935977085043, 16.459670723274613], [77.95912587872425, 16.459674029147685], [77.95912930451979, 16.459899726609223], [77.95935316243595, 16.459896562524705], [77.95936252575402, 16.45985220713687], [77.95935977085043, 16.459670723274613]]]}, "properties": {"name": "SFV-T0663", "emu_id": "EMU_ANCHOR_Wetland", "typicality_percentile": 22.2, "is_medoid": false, "in_position_pool": false, "pool_rank": null, "selection_rationale": "pool position never used this baseline"}}, {"type": "Feature", "geometry": {"type": "Polygon", "coordinates": [[[77.95912930451979, 16.459899726609223], [77.95913151152614, 16.460045126213565], [77.9593369, 16.4600116], [77.9593369, 16.4599736], [77.95935316243595, 16.459896562524705], [77.95912930451979, 16.459899726609223]]]}, "properties": {"name": "SFV-T0664", "emu_id": "EMU_ANCHOR_Wetland", "typicality_percentile": 18.5, "is_medoid": false, "in_position_pool": false, "pool_rank": null, "selection_rationale": "pool position never used this baseline"}}, {"type": "Feature", "geometry": {"type": "Polygon", "coordinates": [[[77.95958338423917, 16.45899032501021], [77.95934949297602, 16.458993631000197], [77.95935291888054, 16.459219328430557], [77.95949655325751, 16.459217298201246], [77.9595062, 16.459171599999994], [77.95958437722764, 16.459055737954156], [77.95958338423917, 16.45899032501021]]]}, "properties": {"name": "SFV-T0679", "emu_id": "EMU_ANCHOR_Wetland", "typicality_percentile": 3.7, "is_medoid": false, "in_position_pool": true, "pool_rank": 3, "selection_rationale": "best-scoring position in its spatial region \u2014 extends coverage of the EMU"}}, {"type": "Feature", "geometry": {"type": "Polygon", "coordinates": [[[77.95935291888054, 16.459219328430557], [77.95935634483868, 16.45944502585536], [77.95944875638413, 16.459443719639484], [77.95949655325751, 16.459217298201246], [77.95935291888054, 16.459219328430557]]]}, "properties": {"name": "SFV-T0680", "emu_id": "EMU_ANCHOR_Wetland", "typicality_percentile": 14.8, "is_medoid": false, "in_position_pool": false, "pool_rank": null, "selection_rationale": "pool position never used this baseline"}}, {"type": "Feature", "geometry": {"type": "Polygon", "coordinates": [[[77.95790163343283, 16.456079390642348], [77.95790505702205, 16.456305088431723], [77.95813894536944, 16.456301784577878], [77.95813552151047, 16.456076086836315], [77.95790163343283, 16.456079390642348]]]}, "properties": {"name": "SFV-T0552", "emu_id": "EMU_ANCHOR_Rock_Guild", "typicality_percentile": 0.0, "is_medoid": false, "in_position_pool": false, "pool_rank": null, "selection_rationale": "pool position never used this baseline"}}, {"type": "Feature", "geometry": {"type": "Polygon", "coordinates": [[[77.95813552151047, 16.456076086836315], [77.95836940953453, 16.456072782769926], [77.95836620979105, 16.45586187198621], [77.9583583, 16.455864], [77.9583248, 16.455889400000004], [77.9582859, 16.455894200000003], [77.9582105, 16.4559434], [77.95813374304447, 16.455958850542064], [77.95813552151047, 16.456076086836315]]]}, "properties": {"name": "SFV-T0570", "emu_id": "EMU_ANCHOR_Rock_Guild", "typicality_percentile": 50.0, "is_medoid": false, "in_position_pool": false, "pool_rank": null, "selection_rationale": "pool position never used this baseline"}}, {"type": "Feature", "geometry": {"type": "Polygon", "coordinates": [[[77.95813552151047, 16.456076086836315], [77.95813894536944, 16.456301784577878], [77.95837283366325, 16.45629848046368], [77.95836940953453, 16.456072782769926], [77.95813552151047, 16.456076086836315]]]}, "properties": {"name": "SFV-T0571", "emu_id": "EMU_ANCHOR_Rock_Guild", "typicality_percentile": 100.0, "is_medoid": true, "in_position_pool": true, "pool_rank": 1, "selection_rationale": "stratum medoid \u2014 most representative position within this EMU"}}, {"type": "Feature", "geometry": {"type": "Polygon", "coordinates": [[[77.95117009800201, 16.459560574791656], [77.95117351457021, 16.459786273882695], [77.95140740851643, 16.45978297686393], [77.95140399167839, 16.459557277820583], [77.95117009800201, 16.459560574791656]]]}, "properties": {"name": "SFV-T0020", "emu_id": "SEG02", "typicality_percentile": 56.9, "is_medoid": false, "in_position_pool": false, "pool_rank": null, "selection_rationale": "pool position never used this baseline"}}, {"type": "Feature", "geometry": {"type": "Polygon", "coordinates": [[[77.95141424235287, 16.46023437493397], [77.9514108254079, 16.460008675901722], [77.9511769311919, 16.460011972968196], [77.95117934227406, 16.46017124485167], [77.9512681, 16.460208299999998], [77.95126711540921, 16.460236448952337], [77.95141424235287, 16.46023437493397]]]}, "properties": {"name": "SFV-T0022", "emu_id": "SEG02", "typicality_percentile": 75.8, "is_medoid": false, "in_position_pool": false, "pool_rank": null, "selection_rationale": "pool position never used this baseline"}}, {"type": "Feature", "geometry": {"type": "Polygon", "coordinates": [[[77.95141765935128, 16.46046007396068], [77.95141424235287, 16.46023437493397], [77.95126711540921, 16.460236448952337], [77.95125921536906, 16.46046230753847], [77.95141765935128, 16.46046007396068]]]}, "properties": {"name": "SFV-T0023", "emu_id": "SEG02", "typicality_percentile": 54.9, "is_medoid": false, "in_position_pool": false, "pool_rank": null, "selection_rationale": "pool position never used this baseline"}}, {"type": "Feature", "geometry": {"type": "Polygon", "coordinates": [[[77.95141765935128, 16.46046007396068], [77.95125921536906, 16.46046230753847], [77.95125131535613, 16.460688166123063], [77.95140285429981, 16.460686029867535], [77.9514210497285, 16.460684011112217], [77.95141765935128, 16.46046007396068]]]}, "properties": {"name": "SFV-T0024", "emu_id": "SEG02", "typicality_percentile": 79.1, "is_medoid": false, "in_position_pool": false, "pool_rank": null, "selection_rationale": "pool position never used this baseline"}}, {"type": "Feature", "geometry": {"type": "Polygon", "coordinates": [[[77.95140057489382, 16.459331578771707], [77.95140399167839, 16.459557277820583], [77.95163788530131, 16.4595539805891], [77.95163446824694, 16.459328281587922], [77.95140057489382, 16.459331578771707]]]}, "properties": {"name": "SFV-T0043", "emu_id": "SEG02", "typicality_percentile": 67.3, "is_medoid": false, "in_position_pool": false, "pool_rank": null, "selection_rationale": "pool position never used this baseline"}}, {"type": "Feature", "geometry": {"type": "Polygon", "coordinates": [[[77.95140399167839, 16.459557277820583], [77.95140740851643, 16.45978297686393], [77.95164130240916, 16.45977967958473], [77.95163788530131, 16.4595539805891], [77.95140399167839, 16.459557277820583]]]}, "properties": {"name": "SFV-T0044", "emu_id": "SEG02", "typicality_percentile": 60.8, "is_medoid": false, "in_position_pool": false, "pool_rank": null, "selection_rationale": "pool position never used this baseline"}}, {"type": "Feature", "geometry": {"type": "Polygon", "coordinates": [[[77.95140740851643, 16.45978297686393], [77.9514108254079, 16.460008675901722], [77.95164471957048, 16.460005378574824], [77.95164130240916, 16.45977967958473], [77.95140740851643, 16.45978297686393]]]}, "properties": {"name": "SFV-T0045", "emu_id": "SEG02", "typicality_percentile": 77.1, "is_medoid": false, "in_position_pool": false, "pool_rank": null, "selection_rationale": "pool position never used this baseline"}}, {"type": "Feature", "geometry": {"type": "Polygon", "coordinates": [[[77.95141424235287, 16.46023437493397], [77.95141765935128, 16.46046007396068], [77.9516515540535, 16.460456776538365], [77.95164813678527, 16.460231077559367], [77.95141424235287, 16.46023437493397]]]}, "properties": {"name": "SFV-T0047", "emu_id": "SEG02", "typicality_percentile": 68.6, "is_medoid": false, "in_position_pool": true, "pool_rank": 5, "selection_rationale": "best-scoring position in its spatial region \u2014 extends coverage of the EMU"}}, {"type": "Feature", "geometry": {"type": "Polygon", "coordinates": [[[77.95163788530131, 16.4595539805891], [77.95164130240916, 16.45977967958473], [77.95187519624844, 16.45977638204511], [77.95187177887077, 16.459550683097184], [77.95163788530131, 16.4595539805891]]]}, "properties": {"name": "SFV-T0068", "emu_id": "SEG02", "typicality_percentile": 71.2, "is_medoid": false, "in_position_pool": false, "pool_rank": null, "selection_rationale": "pool position never used this baseline"}}, {"type": "Feature", "geometry": {"type": "Polygon", "coordinates": [[[77.95164130240916, 16.45977967958473], [77.95164471957048, 16.460005378574824], [77.95187861367957, 16.460002080987493], [77.95187519624844, 16.45977638204511], [77.95164130240916, 16.45977967958473]]]}, "properties": {"name": "SFV-T0069", "emu_id": "SEG02", "typicality_percentile": 88.2, "is_medoid": false, "in_position_pool": false, "pool_rank": null, "selection_rationale": "pool position never used this baseline"}}, {"type": "Feature", "geometry": {"type": "Polygon", "coordinates": [[[77.95164471957048, 16.460005378574824], [77.95164813678527, 16.460231077559367], [77.95188203116419, 16.460227779924328], [77.95187861367957, 16.460002080987493], [77.95164471957048, 16.460005378574824]]]}, "properties": {"name": "SFV-T0070", "emu_id": "SEG02", "typicality_percentile": 81.0, "is_medoid": false, "in_position_pool": false, "pool_rank": null, "selection_rationale": "pool position never used this baseline"}}, {"type": "Feature", "geometry": {"type": "Polygon", "coordinates": [[[77.95164813678527, 16.460231077559367], [77.9516515540535, 16.460456776538365], [77.95188544870227, 16.460453478855623], [77.95188203116419, 16.460227779924328], [77.95164813678527, 16.460231077559367]]]}, "properties": {"name": "SFV-T0071", "emu_id": "SEG02", "typicality_percentile": 66.0, "is_medoid": false, "in_position_pool": false, "pool_rank": null, "selection_rationale": "pool position never used this baseline"}}, {"type": "Feature", "geometry": {"type": "Polygon", "coordinates": [[[77.95188544870227, 16.460453478855623], [77.9516515540535, 16.460456776538365], [77.95165418768269, 16.460630716401603], [77.9516953, 16.460617499999998], [77.95188741637728, 16.460583425224378], [77.95188544870227, 16.460453478855623]]]}, "properties": {"name": "SFV-T0072", "emu_id": "SEG02", "typicality_percentile": 84.3, "is_medoid": false, "in_position_pool": false, "pool_rank": null, "selection_rationale": "pool position never used this baseline"}}, {"type": "Feature", "geometry": {"type": "Polygon", "coordinates": [[[77.95187177887077, 16.459550683097184], [77.95187519624844, 16.45977638204511], [77.95210909003424, 16.459773084245064], [77.95210567238675, 16.45954738534486], [77.95187177887077, 16.459550683097184]]]}, "properties": {"name": "SFV-T0092", "emu_id": "SEG02", "typicality_percentile": 75.2, "is_medoid": false, "in_position_pool": false, "pool_rank": null, "selection_rationale": "pool position never used this baseline"}}, {"type": "Feature", "geometry": {"type": "Polygon", "coordinates": [[[77.95187519624844, 16.45977638204511], [77.95187861367957, 16.460002080987493], [77.95211250773521, 16.459998783139742], [77.95210909003424, 16.459773084245064], [77.95187519624844, 16.45977638204511]]]}, "properties": {"name": "SFV-T0093", "emu_id": "SEG02", "typicality_percentile": 64.1, "is_medoid": false, "in_position_pool": false, "pool_rank": null, "selection_rationale": "pool position never used this baseline"}}, {"type": "Feature", "geometry": {"type": "Polygon", "coordinates": [[[77.95187861367957, 16.460002080987493], [77.95188203116419, 16.460227779924328], [77.95211592548965, 16.46022448202886], [77.95211250773521, 16.459998783139742], [77.95187861367957, 16.460002080987493]]]}, "properties": {"name": "SFV-T0094", "emu_id": "SEG02", "typicality_percentile": 78.4, "is_medoid": false, "in_position_pool": false, "pool_rank": null, "selection_rationale": "pool position never used this baseline"}}, {"type": "Feature", "geometry": {"type": "Polygon", "coordinates": [[[77.95188203116419, 16.460227779924328], [77.95188544870227, 16.460453478855623], [77.95211934329755, 16.460450180912435], [77.95211592548965, 16.46022448202886], [77.95188203116419, 16.460227779924328]]]}, "properties": {"name": "SFV-T0095", "emu_id": "SEG02", "typicality_percentile": 53.6, "is_medoid": false, "in_position_pool": false, "pool_rank": null, "selection_rationale": "pool position never used this baseline"}}, {"type": "Feature", "geometry": {"type": "Polygon", "coordinates": [[[77.95210567238675, 16.45954738534486], [77.95210909003424, 16.459773084245064], [77.95234298376657, 16.4597697861846], [77.95233956584926, 16.459544087332105], [77.95210567238675, 16.45954738534486]]]}, "properties": {"name": "SFV-T0115", "emu_id": "SEG02", "typicality_percentile": 87.6, "is_medoid": false, "in_position_pool": false, "pool_rank": null, "selection_rationale": "pool position never used this baseline"}}, {"type": "Feature", "geometry": {"type": "Polygon", "coordinates": [[[77.95210909003424, 16.459773084245064], [77.95211250773521, 16.459998783139742], [77.95234640173736, 16.459995485031552], [77.95234298376657, 16.4597697861846], [77.95210909003424, 16.459773084245064]]]}, "properties": {"name": "SFV-T0116", "emu_id": "SEG02", "typicality_percentile": 81.7, "is_medoid": false, "in_position_pool": false, "pool_rank": null, "selection_rationale": "pool position never used this baseline"}}, {"type": "Feature", "geometry": {"type": "Polygon", "coordinates": [[[77.95211250773521, 16.459998783139742], [77.95211592548965, 16.46022448202886], [77.95234981976162, 16.460221183872957], [77.95234640173736, 16.459995485031552], [77.95211250773521, 16.459998783139742]]]}, "properties": {"name": "SFV-T0117", "emu_id": "SEG02", "typicality_percentile": 68.0, "is_medoid": false, "in_position_pool": false, "pool_rank": null, "selection_rationale": "pool position never used this baseline"}}, {"type": "Feature", "geometry": {"type": "Polygon", "coordinates": [[[77.95211592548965, 16.46022448202886], [77.95211934329755, 16.460450180912435], [77.95235323783936, 16.46044688270882], [77.95234981976162, 16.460221183872957], [77.95211592548965, 16.46022448202886]]]}, "properties": {"name": "SFV-T0118", "emu_id": "SEG02", "typicality_percentile": 56.2, "is_medoid": false, "in_position_pool": false, "pool_rank": null, "selection_rationale": "pool position never used this baseline"}}, {"type": "Feature", "geometry": {"type": "Polygon", "coordinates": [[[77.95233956584926, 16.459544087332105], [77.95234298376657, 16.4597697861846], [77.95257687744542, 16.459766487863707], [77.9525734592583, 16.459540789058934], [77.95233956584926, 16.459544087332105]]]}, "properties": {"name": "SFV-T0138", "emu_id": "SEG02", "typicality_percentile": 98.7, "is_medoid": false, "in_position_pool": true, "pool_rank": 3, "selection_rationale": "best-scoring position in its spatial region \u2014 extends coverage of the EMU"}}, {"type": "Feature", "geometry": {"type": "Polygon", "coordinates": [[[77.95234298376657, 16.4597697861846], [77.95234640173736, 16.459995485031552], [77.95258029568603, 16.459992186662944], [77.95257687744542, 16.459766487863707], [77.95234298376657, 16.4597697861846]]]}, "properties": {"name": "SFV-T0139", "emu_id": "SEG02", "typicality_percentile": 96.7, "is_medoid": false, "in_position_pool": false, "pool_rank": null, "selection_rationale": "pool position never used this baseline"}}, {"type": "Feature", "geometry": {"type": "Polygon", "coordinates": [[[77.95234640173736, 16.459995485031552], [77.95234981976162, 16.460221183872957], [77.95258371398013, 16.460217885456625], [77.95258029568603, 16.459992186662944], [77.95234640173736, 16.459995485031552]]]}, "properties": {"name": "SFV-T0140", "emu_id": "SEG02", "typicality_percentile": 86.3, "is_medoid": false, "in_position_pool": false, "pool_rank": null, "selection_rationale": "pool position never used this baseline"}}, {"type": "Feature", "geometry": {"type": "Polygon", "coordinates": [[[77.95234981976162, 16.460221183872957], [77.95235323783936, 16.46044688270882], [77.95258713232771, 16.460443584244768], [77.95258371398013, 16.460217885456625], [77.95234981976162, 16.460221183872957]]]}, "properties": {"name": "SFV-T0141", "emu_id": "SEG02", "typicality_percentile": 73.9, "is_medoid": false, "in_position_pool": false, "pool_rank": null, "selection_rationale": "pool position never used this baseline"}}, {"type": "Feature", "geometry": {"type": "Polygon", "coordinates": [[[77.95259055072877, 16.460669283027364], [77.95258713232771, 16.460443584244768], [77.95235323783936, 16.46044688270882], [77.95235405226487, 16.4605006594562], [77.9523978, 16.460492900000002], [77.95247940000002, 16.4606039], [77.95251212346307, 16.460670389080654], [77.95259055072877, 16.460669283027364]]]}, "properties": {"name": "SFV-T0142", "emu_id": "SEG02", "typicality_percentile": 49.7, "is_medoid": false, "in_position_pool": false, "pool_rank": null, "selection_rationale": "pool position never used this baseline"}}, {"type": "Feature", "geometry": {"type": "Polygon", "coordinates": [[[77.9525734592583, 16.459540789058934], [77.95257687744542, 16.459766487863707], [77.9528107710708, 16.45976318928239], [77.95280735261385, 16.459537490525342], [77.9525734592583, 16.459540789058934]]]}, "properties": {"name": "SFV-T0162", "emu_id": "SEG02", "typicality_percentile": 95.4, "is_medoid": false, "in_position_pool": false, "pool_rank": null, "selection_rationale": "pool position never used this baseline"}}, {"type": "Feature", "geometry": {"type": "Polygon", "coordinates": [[[77.95257687744542, 16.459766487863707], [77.95258029568603, 16.459992186662944], [77.95281418958123, 16.459988888033905], [77.9528107710708, 16.45976318928239], [77.95257687744542, 16.459766487863707]]]}, "properties": {"name": "SFV-T0163", "emu_id": "SEG02", "typicality_percentile": 64.7, "is_medoid": false, "in_position_pool": false, "pool_rank": null, "selection_rationale": "pool position never used this baseline"}}, {"type": "Feature", "geometry": {"type": "Polygon", "coordinates": [[[77.95258371398013, 16.460217885456625], [77.95258713232771, 16.460443584244768], [77.95282102676255, 16.46044028552028], [77.95281760814515, 16.460214586779863], [77.95258371398013, 16.460217885456625]]]}, "properties": {"name": "SFV-T0165", "emu_id": "SEG02", "typicality_percentile": 52.3, "is_medoid": false, "in_position_pool": false, "pool_rank": null, "selection_rationale": "pool position never used this baseline"}}, {"type": "Feature", "geometry": {"type": "Polygon", "coordinates": [[[77.95258713232771, 16.460443584244768], [77.95259055072877, 16.460669283027364], [77.95282444543345, 16.46066598425515], [77.95282102676255, 16.46044028552028], [77.95258713232771, 16.460443584244768]]]}, "properties": {"name": "SFV-T0166", "emu_id": "SEG02", "typicality_percentile": 44.4, "is_medoid": false, "in_position_pool": false, "pool_rank": null, "selection_rationale": "pool position never used this baseline"}}, {"type": "Feature", "geometry": {"type": "Polygon", "coordinates": [[[77.9514108254079, 16.460008675901722], [77.95141424235287, 16.46023437493397], [77.95164813678527, 16.460231077559367], [77.95164471957048, 16.460005378574824], [77.9514108254079, 16.460008675901722]]]}, "properties": {"name": "SFV-T0046", "emu_id": "SEG02", "typicality_percentile": 35.3, "is_medoid": false, "in_position_pool": false, "pool_rank": null, "selection_rationale": "pool position never used this baseline"}}, {"type": "Feature", "geometry": {"type": "Polygon", "coordinates": [[[77.9516515540535, 16.460456776538365], [77.95141765935128, 16.46046007396068], [77.9514210497285, 16.460684011112217], [77.9515239, 16.4606726], [77.95165418768269, 16.460630716401603], [77.9516515540535, 16.460456776538365]]]}, "properties": {"name": "SFV-T0048", "emu_id": "SEG02", "typicality_percentile": 41.8, "is_medoid": false, "in_position_pool": false, "pool_rank": null, "selection_rationale": "pool position never used this baseline"}}, {"type": "Feature", "geometry": {"type": "Polygon", "coordinates": [[[77.9525666230445, 16.459089391432745], [77.95257004112466, 16.459315090248612], [77.9528039342104, 16.459311791762744], [77.95280051586043, 16.4590860929946], [77.9525666230445, 16.459089391432745]]]}, "properties": {"name": "SFV-T0160", "emu_id": "SEG02", "typicality_percentile": 45.1, "is_medoid": false, "in_position_pool": false, "pool_rank": null, "selection_rationale": "pool position never used this baseline"}}, {"type": "Feature", "geometry": {"type": "Polygon", "coordinates": [[[77.95257004112466, 16.459315090248612], [77.9525734592583, 16.459540789058934], [77.95280735261385, 16.459537490525342], [77.9528039342104, 16.459311791762744], [77.95257004112466, 16.459315090248612]]]}, "properties": {"name": "SFV-T0161", "emu_id": "SEG02", "typicality_percentile": 43.1, "is_medoid": false, "in_position_pool": false, "pool_rank": null, "selection_rationale": "pool position never used this baseline"}}, {"type": "Feature", "geometry": {"type": "Polygon", "coordinates": [[[77.95282786415784, 16.460891682984474], [77.95282444543345, 16.46066598425515], [77.95259055072877, 16.460669283027364], [77.95259305820191, 16.46083483585165], [77.95262246213044, 16.460894579958097], [77.95282786415784, 16.460891682984474]]]}, "properties": {"name": "SFV-T0167", "emu_id": "SEG02", "typicality_percentile": 39.9, "is_medoid": false, "in_position_pool": true, "pool_rank": 6, "selection_rationale": "best-scoring position in its spatial region \u2014 extends coverage of the EMU"}}, {"type": "Feature", "geometry": {"type": "Polygon", "coordinates": [[[77.95283128293569, 16.46111738170826], [77.95282786415784, 16.460891682984474], [77.95262246213044, 16.460894579958097], [77.9527118, 16.461076100000003], [77.95272618607483, 16.461118864030805], [77.95283128293569, 16.46111738170826]]]}, "properties": {"name": "SFV-T0168", "emu_id": "SEG02", "typicality_percentile": 34.0, "is_medoid": false, "in_position_pool": false, "pool_rank": null, "selection_rationale": "pool position never used this baseline"}}, {"type": "Feature", "geometry": {"type": "Polygon", "coordinates": [[[77.95282444543345, 16.46066598425515], [77.95282786415784, 16.460891682984474], [77.95306175907886, 16.4608883839041], [77.95305834008464, 16.460662685222502], [77.95282444543345, 16.46066598425515]]]}, "properties": {"name": "SFV-T0193", "emu_id": "SEG02", "typicality_percentile": 39.2, "is_medoid": false, "in_position_pool": false, "pool_rank": null, "selection_rationale": "pool position never used this baseline"}}, {"type": "Feature", "geometry": {"type": "Polygon", "coordinates": [[[77.95282786415784, 16.460891682984474], [77.95283128293569, 16.46111738170826], [77.95306517812658, 16.461114082580153], [77.95306175907886, 16.4608883839041], [77.95282786415784, 16.460891682984474]]]}, "properties": {"name": "SFV-T0194", "emu_id": "SEG02", "typicality_percentile": 35.9, "is_medoid": false, "in_position_pool": false, "pool_rank": null, "selection_rationale": "pool position never used this baseline"}}, {"type": "Feature", "geometry": {"type": "Polygon", "coordinates": [[[77.95305834008464, 16.460662685222502], [77.95306175907886, 16.4608883839041], [77.95329565394641, 16.46088508456328], [77.95329223468235, 16.460659385929414], [77.95305834008464, 16.460662685222502]]]}, "properties": {"name": "SFV-T0222", "emu_id": "SEG02", "typicality_percentile": 38.6, "is_medoid": false, "in_position_pool": false, "pool_rank": null, "selection_rationale": "pool position never used this baseline"}}, {"type": "Feature", "geometry": {"type": "Polygon", "coordinates": [[[77.95306175907886, 16.4608883839041], [77.95306517812658, 16.461114082580153], [77.95329907326396, 16.4611107831916], [77.95329565394641, 16.46088508456328], [77.95306175907886, 16.4608883839041]]]}, "properties": {"name": "SFV-T0223", "emu_id": "SEG02", "typicality_percentile": 37.9, "is_medoid": false, "in_position_pool": false, "pool_rank": null, "selection_rationale": "pool position never used this baseline"}}, {"type": "Feature", "geometry": {"type": "Polygon", "coordinates": [[[77.95329223468235, 16.460659385929414], [77.95329565394641, 16.46088508456328], [77.95352954876046, 16.46088178496202], [77.95352612922657, 16.460656086375884], [77.95329223468235, 16.460659385929414]]]}, "properties": {"name": "SFV-T0253", "emu_id": "SEG02", "typicality_percentile": 5.2, "is_medoid": false, "in_position_pool": false, "pool_rank": null, "selection_rationale": "pool position never used this baseline"}}, {"type": "Feature", "geometry": {"type": "Polygon", "coordinates": [[[77.95329565394641, 16.46088508456328], [77.95329907326396, 16.4611107831916], [77.95353296834786, 16.4611074835426], [77.95352954876046, 16.46088178496202], [77.95329565394641, 16.46088508456328]]]}, "properties": {"name": "SFV-T0254", "emu_id": "SEG02", "typicality_percentile": 7.8, "is_medoid": false, "in_position_pool": false, "pool_rank": null, "selection_rationale": "pool position never used this baseline"}}, {"type": "Feature", "geometry": {"type": "Polygon", "coordinates": [[[77.95352612922657, 16.460656086375884], [77.95352954876046, 16.46088178496202], [77.95376344352101, 16.460878485100313], [77.9537600237173, 16.460652786561916], [77.95352612922657, 16.460656086375884]]]}, "properties": {"name": "SFV-T0285", "emu_id": "SEG02", "typicality_percentile": 2.6, "is_medoid": false, "in_position_pool": false, "pool_rank": null, "selection_rationale": "pool position never used this baseline"}}, {"type": "Feature", "geometry": {"type": "Polygon", "coordinates": [[[77.95092253961313, 16.458661074891914], [77.95115643226373, 16.458657778372057], [77.95115301596279, 16.458432079253292], [77.9511060464738, 16.458432741260815], [77.95091976930748, 16.45847803945506], [77.95092253961313, 16.458661074891914]]]}, "properties": {"name": "SFV-T0008", "emu_id": "SEG02", "typicality_percentile": 62.1, "is_medoid": false, "in_position_pool": false, "pool_rank": null, "selection_rationale": "pool position never used this baseline"}}, {"type": "Feature", "geometry": {"type": "Polygon", "coordinates": [[[77.95092253961313, 16.458661074891914], [77.95092595569771, 16.45888677405283], [77.9511598486181, 16.458883477485276], [77.95115643226373, 16.458657778372057], [77.95092253961313, 16.458661074891914]]]}, "properties": {"name": "SFV-T0009", "emu_id": "SEG02", "typicality_percentile": 57.5, "is_medoid": false, "in_position_pool": false, "pool_rank": null, "selection_rationale": "pool position never used this baseline"}}, {"type": "Feature", "geometry": {"type": "Polygon", "coordinates": [[[77.95092595569771, 16.45888677405283], [77.95092937183574, 16.459112473208194], [77.95116326502595, 16.45910917659294], [77.9511598486181, 16.458883477485276], [77.95092595569771, 16.45888677405283]]]}, "properties": {"name": "SFV-T0010", "emu_id": "SEG02", "typicality_percentile": 65.4, "is_medoid": false, "in_position_pool": false, "pool_rank": null, "selection_rationale": "pool position never used this baseline"}}, {"type": "Feature", "geometry": {"type": "Polygon", "coordinates": [[[77.95115301596279, 16.458432079253292], [77.95115643226373, 16.458657778372057], [77.95139032486087, 16.458654481591786], [77.95138690829013, 16.45842878252073], [77.95115301596279, 16.458432079253292]]]}, "properties": {"name": "SFV-T0015", "emu_id": "SEG02", "typicality_percentile": 88.9, "is_medoid": false, "in_position_pool": false, "pool_rank": null, "selection_rationale": "pool position never used this baseline"}}, {"type": "Feature", "geometry": {"type": "Polygon", "coordinates": [[[77.95115643226373, 16.458657778372057], [77.9511598486181, 16.458883477485276], [77.95139374148505, 16.45888018065731], [77.95139032486087, 16.458654481591786], [77.95115643226373, 16.458657778372057]]]}, "properties": {"name": "SFV-T0016", "emu_id": "SEG02", "typicality_percentile": 89.5, "is_medoid": false, "in_position_pool": false, "pool_rank": null, "selection_rationale": "pool position never used this baseline"}}, {"type": "Feature", "geometry": {"type": "Polygon", "coordinates": [[[77.9511598486181, 16.458883477485276], [77.95116326502595, 16.45910917659294], [77.9513971581627, 16.459105879717278], [77.95139374148505, 16.45888018065731], [77.9511598486181, 16.458883477485276]]]}, "properties": {"name": "SFV-T0017", "emu_id": "SEG02", "typicality_percentile": 85.6, "is_medoid": false, "in_position_pool": false, "pool_rank": null, "selection_rationale": "pool position never used this baseline"}}, {"type": "Feature", "geometry": {"type": "Polygon", "coordinates": [[[77.95139374148505, 16.45888018065731], [77.9513971581627, 16.459105879717278], [77.951631051246, 16.459102582581195], [77.95162763429855, 16.458876883568934], [77.95139374148505, 16.45888018065731]]]}, "properties": {"name": "SFV-T0041", "emu_id": "SEG02", "typicality_percentile": 90.8, "is_medoid": false, "in_position_pool": false, "pool_rank": null, "selection_rationale": "pool position never used this baseline"}}, {"type": "Feature", "geometry": {"type": "Polygon", "coordinates": [[[77.9513971581627, 16.459105879717278], [77.95140057489382, 16.459331578771707], [77.95163446824694, 16.459328281587922], [77.951631051246, 16.459102582581195], [77.9513971581627, 16.459105879717278]]]}, "properties": {"name": "SFV-T0042", "emu_id": "SEG02", "typicality_percentile": 92.2, "is_medoid": false, "in_position_pool": true, "pool_rank": 2, "selection_rationale": "best-scoring position in its spatial region \u2014 extends coverage of the EMU"}}, {"type": "Feature", "geometry": {"type": "Polygon", "coordinates": [[[77.951631051246, 16.459102582581195], [77.95163446824694, 16.459328281587922], [77.95186836154657, 16.459324984143716], [77.95186494427584, 16.459099285184703], [77.951631051246, 16.459102582581195]]]}, "properties": {"name": "SFV-T0066", "emu_id": "SEG02", "typicality_percentile": 32.7, "is_medoid": false, "in_position_pool": false, "pool_rank": null, "selection_rationale": "pool position never used this baseline"}}, {"type": "Feature", "geometry": {"type": "Polygon", "coordinates": [[[77.95163446824694, 16.459328281587922], [77.95163788530131, 16.4595539805891], [77.95187177887077, 16.459550683097184], [77.95186836154657, 16.459324984143716], [77.95163446824694, 16.459328281587922]]]}, "properties": {"name": "SFV-T0067", "emu_id": "SEG02", "typicality_percentile": 58.2, "is_medoid": false, "in_position_pool": false, "pool_rank": null, "selection_rationale": "pool position never used this baseline"}}, {"type": "Feature", "geometry": {"type": "Polygon", "coordinates": [[[77.95186836154657, 16.459324984143716], [77.95187177887077, 16.459550683097184], [77.95210567238675, 16.45954738534486], [77.95210225479273, 16.459321686439097], [77.95186836154657, 16.459324984143716]]]}, "properties": {"name": "SFV-T0091", "emu_id": "SEG02", "typicality_percentile": 69.9, "is_medoid": false, "in_position_pool": false, "pool_rank": null, "selection_rationale": "pool position never used this baseline"}}, {"type": "Feature", "geometry": {"type": "Polygon", "coordinates": [[[77.95162763429855, 16.458876883568934], [77.951631051246, 16.459102582581195], [77.95186494427584, 16.459099285184703], [77.95186152705857, 16.458873586220147], [77.95162763429855, 16.458876883568934]]]}, "properties": {"name": "SFV-T0065", "emu_id": "SEG02", "typicality_percentile": 82.4, "is_medoid": false, "in_position_pool": false, "pool_rank": null, "selection_rationale": "pool position never used this baseline"}}, {"type": "Feature", "geometry": {"type": "Polygon", "coordinates": [[[77.95069547859208, 16.45911576956303], [77.95069889451376, 16.459341468760552], [77.95093278802723, 16.45933817235802], [77.95092937183574, 16.459112473208194], [77.95069547859208, 16.45911576956303]]]}, "properties": {"name": "SFV-T0005", "emu_id": "SEG02", "typicality_percentile": 33.3, "is_medoid": false, "in_position_pool": false, "pool_rank": null, "selection_rationale": "pool position never used this baseline"}}, {"type": "Feature", "geometry": {"type": "Polygon", "coordinates": [[[77.95093620427218, 16.4595638715023], [77.95093278802723, 16.45933817235802], [77.95069889451376, 16.459341468760552], [77.95069961418902, 16.45938901920253], [77.95075433583663, 16.459566434740704], [77.95093620427218, 16.4595638715023]]]}, "properties": {"name": "SFV-T0006", "emu_id": "SEG02", "typicality_percentile": 63.4, "is_medoid": false, "in_position_pool": false, "pool_rank": null, "selection_rationale": "pool position never used this baseline"}}, {"type": "Feature", "geometry": {"type": "Polygon", "coordinates": [[[77.95093278802723, 16.45933817235802], [77.95093620427218, 16.4595638715023], [77.95117009800201, 16.459560574791656], [77.95116668148725, 16.459334875695074], [77.95093278802723, 16.45933817235802]]]}, "properties": {"name": "SFV-T0012", "emu_id": "SEG02", "typicality_percentile": 58.8, "is_medoid": false, "in_position_pool": false, "pool_rank": null, "selection_rationale": "pool position never used this baseline"}}, {"type": "Feature", "geometry": {"type": "Polygon", "coordinates": [[[77.95116668148725, 16.459334875695074], [77.95117009800201, 16.459560574791656], [77.95140399167839, 16.459557277820583], [77.95140057489382, 16.459331578771707], [77.95116668148725, 16.459334875695074]]]}, "properties": {"name": "SFV-T0019", "emu_id": "SEG02", "typicality_percentile": 61.4, "is_medoid": false, "in_position_pool": false, "pool_rank": null, "selection_rationale": "pool position never used this baseline"}}, {"type": "Feature", "geometry": {"type": "Polygon", "coordinates": [[[77.95092937183574, 16.459112473208194], [77.95093278802723, 16.45933817235802], [77.95116668148725, 16.459334875695074], [77.95116326502595, 16.45910917659294], [77.95092937183574, 16.459112473208194]]]}, "properties": {"name": "SFV-T0011", "emu_id": "SEG02", "typicality_percentile": 73.2, "is_medoid": false, "in_position_pool": false, "pool_rank": null, "selection_rationale": "pool position never used this baseline"}}, {"type": "Feature", "geometry": {"type": "Polygon", "coordinates": [[[77.95116326502595, 16.45910917659294], [77.95116668148725, 16.459334875695074], [77.95140057489382, 16.459331578771707], [77.9513971581627, 16.459105879717278], [77.95116326502595, 16.45910917659294]]]}, "properties": {"name": "SFV-T0018", "emu_id": "SEG02", "typicality_percentile": 66.7, "is_medoid": false, "in_position_pool": false, "pool_rank": null, "selection_rationale": "pool position never used this baseline"}}, {"type": "Feature", "geometry": {"type": "Polygon", "coordinates": [[[77.95093962057057, 16.459789570641043], [77.95093620427218, 16.4595638715023], [77.95075433583663, 16.459566434740704], [77.95082366365232, 16.459791204968084], [77.95093962057057, 16.459789570641043]]]}, "properties": {"name": "SFV-T0007", "emu_id": "SEG02", "typicality_percentile": 62.7, "is_medoid": false, "in_position_pool": false, "pool_rank": null, "selection_rationale": "pool position never used this baseline"}}, {"type": "Feature", "geometry": {"type": "Polygon", "coordinates": [[[77.95093620427218, 16.4595638715023], [77.95093962057057, 16.459789570641043], [77.95117351457021, 16.459786273882695], [77.95117009800201, 16.459560574791656], [77.95093620427218, 16.4595638715023]]]}, "properties": {"name": "SFV-T0013", "emu_id": "SEG02", "typicality_percentile": 69.3, "is_medoid": false, "in_position_pool": false, "pool_rank": null, "selection_rationale": "pool position never used this baseline"}}, {"type": "Feature", "geometry": {"type": "Polygon", "coordinates": [[[77.95093962057057, 16.459789570641043], [77.95094303692241, 16.460015269774235], [77.9511769311919, 16.460011972968196], [77.95117351457021, 16.459786273882695], [77.95093962057057, 16.459789570641043]]]}, "properties": {"name": "SFV-T0014", "emu_id": "SEG02", "typicality_percentile": 51.0, "is_medoid": false, "in_position_pool": false, "pool_rank": null, "selection_rationale": "pool position never used this baseline"}}, {"type": "Feature", "geometry": {"type": "Polygon", "coordinates": [[[77.95117351457021, 16.459786273882695], [77.9511769311919, 16.460011972968196], [77.9514108254079, 16.460008675901722], [77.95140740851643, 16.45978297686393], [77.95117351457021, 16.459786273882695]]]}, "properties": {"name": "SFV-T0021", "emu_id": "SEG02", "typicality_percentile": 79.7, "is_medoid": false, "in_position_pool": false, "pool_rank": null, "selection_rationale": "pool position never used this baseline"}}, {"type": "Feature", "geometry": {"type": "Polygon", "coordinates": [[[77.95069206272386, 16.45889007035997], [77.95068864690909, 16.45866437115136], [77.95047702658668, 16.45866735330019], [77.95054635359728, 16.45889212373997], [77.95069206272386, 16.45889007035997]]]}, "properties": {"name": "SFV-T0001", "emu_id": "SEG02", "typicality_percentile": 50.3, "is_medoid": false, "in_position_pool": false, "pool_rank": null, "selection_rationale": "pool position never used this baseline"}}, {"type": "Feature", "geometry": {"type": "Polygon", "coordinates": [[[77.95068864690909, 16.45866437115136], [77.95092253961313, 16.458661074891914], [77.95091976930748, 16.45847803945506], [77.95068668474279, 16.458534719846615], [77.95068864690909, 16.45866437115136]]]}, "properties": {"name": "SFV-T0002", "emu_id": "SEG02", "typicality_percentile": 51.6, "is_medoid": false, "in_position_pool": false, "pool_rank": null, "selection_rationale": "pool position never used this baseline"}}, {"type": "Feature", "geometry": {"type": "Polygon", "coordinates": [[[77.95068864690909, 16.45866437115136], [77.95069206272386, 16.45889007035997], [77.95092595569771, 16.45888677405283], [77.95092253961313, 16.458661074891914], [77.95068864690909, 16.45866437115136]]]}, "properties": {"name": "SFV-T0003", "emu_id": "SEG02", "typicality_percentile": 52.9, "is_medoid": false, "in_position_pool": false, "pool_rank": null, "selection_rationale": "pool position never used this baseline"}}, {"type": "Feature", "geometry": {"type": "Polygon", "coordinates": [[[77.95069206272386, 16.45889007035997], [77.95069547859208, 16.45911576956303], [77.95092937183574, 16.459112473208194], [77.95092595569771, 16.45888677405283], [77.95069206272386, 16.45889007035997]]]}, "properties": {"name": "SFV-T0004", "emu_id": "SEG02", "typicality_percentile": 60.1, "is_medoid": false, "in_position_pool": false, "pool_rank": null, "selection_rationale": "pool position never used this baseline"}}, {"type": "Feature", "geometry": {"type": "Polygon", "coordinates": [[[77.95186494427584, 16.459099285184703], [77.95186836154657, 16.459324984143716], [77.95210225479273, 16.459321686439097], [77.9520988372522, 16.4590959875278], [77.95186494427584, 16.459099285184703]]]}, "properties": {"name": "SFV-T0090", "emu_id": "SEG02", "typicality_percentile": 71.9, "is_medoid": false, "in_position_pool": false, "pool_rank": null, "selection_rationale": "pool position never used this baseline"}}, {"type": "Feature", "geometry": {"type": "Polygon", "coordinates": [[[77.9520988372522, 16.4590959875278], [77.95210225479273, 16.459321686439097], [77.95233614798543, 16.459318388474067], [77.95233273017509, 16.459092689610475], [77.9520988372522, 16.4590959875278]]]}, "properties": {"name": "SFV-T0113", "emu_id": "SEG02", "typicality_percentile": 70.6, "is_medoid": false, "in_position_pool": false, "pool_rank": null, "selection_rationale": "pool position never used this baseline"}}, {"type": "Feature", "geometry": {"type": "Polygon", "coordinates": [[[77.95210225479273, 16.459321686439097], [77.95210567238675, 16.45954738534486], [77.95233956584926, 16.459544087332105], [77.95233614798543, 16.459318388474067], [77.95210225479273, 16.459321686439097]]]}, "properties": {"name": "SFV-T0114", "emu_id": "SEG02", "typicality_percentile": 80.4, "is_medoid": false, "in_position_pool": false, "pool_rank": null, "selection_rationale": "pool position never used this baseline"}}, {"type": "Feature", "geometry": {"type": "Polygon", "coordinates": [[[77.95233273017509, 16.459092689610475], [77.95233614798543, 16.459318388474067], [77.95257004112466, 16.459315090248612], [77.9525666230445, 16.459089391432745], [77.95233273017509, 16.459092689610475]]]}, "properties": {"name": "SFV-T0136", "emu_id": "SEG02", "typicality_percentile": 72.5, "is_medoid": false, "in_position_pool": false, "pool_rank": null, "selection_rationale": "pool position never used this baseline"}}, {"type": "Feature", "geometry": {"type": "Polygon", "coordinates": [[[77.95233614798543, 16.459318388474067], [77.95233956584926, 16.459544087332105], [77.9525734592583, 16.459540789058934], [77.95257004112466, 16.459315090248612], [77.95233614798543, 16.459318388474067]]]}, "properties": {"name": "SFV-T0137", "emu_id": "SEG02", "typicality_percentile": 83.7, "is_medoid": false, "in_position_pool": false, "pool_rank": null, "selection_rationale": "pool position never used this baseline"}}, {"type": "Feature", "geometry": {"type": "Polygon", "coordinates": [[[77.95185810989477, 16.458647887250045], [77.95186152705857, 16.458873586220147], [77.95209541976512, 16.45887028861095], [77.95209200233153, 16.45864458968856], [77.95185810989477, 16.458647887250045]]]}, "properties": {"name": "SFV-T0088", "emu_id": "SEG02", "typicality_percentile": 74.5, "is_medoid": false, "in_position_pool": false, "pool_rank": null, "selection_rationale": "pool position never used this baseline"}}, {"type": "Feature", "geometry": {"type": "Polygon", "coordinates": [[[77.95186152705857, 16.458873586220147], [77.95186494427584, 16.459099285184703], [77.9520988372522, 16.4590959875278], [77.95209541976512, 16.45887028861095], [77.95186152705857, 16.458873586220147]]]}, "properties": {"name": "SFV-T0089", "emu_id": "SEG02", "typicality_percentile": 54.2, "is_medoid": false, "in_position_pool": false, "pool_rank": null, "selection_rationale": "pool position never used this baseline"}}, {"type": "Feature", "geometry": {"type": "Polygon", "coordinates": [[[77.95209200233153, 16.45864458968856], [77.95209541976512, 16.45887028861095], [77.9523293124182, 16.45886699074135], [77.9523258947148, 16.458641291866673], [77.95209200233153, 16.45864458968856]]]}, "properties": {"name": "SFV-T0111", "emu_id": "SEG02", "typicality_percentile": 91.5, "is_medoid": false, "in_position_pool": false, "pool_rank": null, "selection_rationale": "pool position never used this baseline"}}, {"type": "Feature", "geometry": {"type": "Polygon", "coordinates": [[[77.95209541976512, 16.45887028861095], [77.9520988372522, 16.4590959875278], [77.95233273017509, 16.459092689610475], [77.9523293124182, 16.45886699074135], [77.95209541976512, 16.45887028861095]]]}, "properties": {"name": "SFV-T0112", "emu_id": "SEG02", "typicality_percentile": 77.8, "is_medoid": false, "in_position_pool": false, "pool_rank": null, "selection_rationale": "pool position never used this baseline"}}, {"type": "Feature", "geometry": {"type": "Polygon", "coordinates": [[[77.9523293124182, 16.45886699074135], [77.95233273017509, 16.459092689610475], [77.9525666230445, 16.459089391432745], [77.95256320501781, 16.458863692611335], [77.9523293124182, 16.45886699074135]]]}, "properties": {"name": "SFV-T0135", "emu_id": "SEG02", "typicality_percentile": 90.2, "is_medoid": false, "in_position_pool": false, "pool_rank": null, "selection_rationale": "pool position never used this baseline"}}, {"type": "Feature", "geometry": {"type": "Polygon", "coordinates": [[[77.95232247706488, 16.458415592986455], [77.9523258947148, 16.458641291866673], [77.9525597870446, 16.458637993784382], [77.95255636912489, 16.458412294951877], [77.95232247706488, 16.458415592986455]]]}, "properties": {"name": "SFV-T0133", "emu_id": "SEG02", "typicality_percentile": 40.5, "is_medoid": false, "in_position_pool": false, "pool_rank": null, "selection_rationale": "pool position never used this baseline"}}, {"type": "Feature", "geometry": {"type": "Polygon", "coordinates": [[[77.9523258947148, 16.458641291866673], [77.9523293124182, 16.45886699074135], [77.95256320501781, 16.458863692611335], [77.9525597870446, 16.458637993784382], [77.9523258947148, 16.458641291866673]]]}, "properties": {"name": "SFV-T0134", "emu_id": "SEG02", "typicality_percentile": 45.8, "is_medoid": false, "in_position_pool": false, "pool_rank": null, "selection_rationale": "pool position never used this baseline"}}, {"type": "Feature", "geometry": {"type": "Polygon", "coordinates": [[[77.9525597870446, 16.458637993784382], [77.95256320501781, 16.458863692611335], [77.95279709756393, 16.458860394220913], [77.95279367932093, 16.45863469544168], [77.9525597870446, 16.458637993784382]]]}, "properties": {"name": "SFV-T0158", "emu_id": "SEG02", "typicality_percentile": 30.7, "is_medoid": false, "in_position_pool": false, "pool_rank": null, "selection_rationale": "pool position never used this baseline"}}, {"type": "Feature", "geometry": {"type": "Polygon", "coordinates": [[[77.95256320501781, 16.458863692611335], [77.9525666230445, 16.459089391432745], [77.95280051586043, 16.4590860929946], [77.95279709756393, 16.458860394220913], [77.95256320501781, 16.458863692611335]]]}, "properties": {"name": "SFV-T0159", "emu_id": "SEG02", "typicality_percentile": 37.3, "is_medoid": false, "in_position_pool": false, "pool_rank": null, "selection_rationale": "pool position never used this baseline"}}, {"type": "Feature", "geometry": {"type": "Polygon", "coordinates": [[[77.95279709756393, 16.458860394220913], [77.95280051586043, 16.4590860929946], [77.95303440862287, 16.45908279429604], [77.95303099005658, 16.45885709557009], [77.95279709756393, 16.458860394220913]]]}, "properties": {"name": "SFV-T0185", "emu_id": "SEG02", "typicality_percentile": 31.4, "is_medoid": false, "in_position_pool": false, "pool_rank": null, "selection_rationale": "pool position never used this baseline"}}, {"type": "Feature", "geometry": {"type": "Polygon", "coordinates": [[[77.95280051586043, 16.4590860929946], [77.9528039342104, 16.459311791762744], [77.95303782724265, 16.459308493016458], [77.95303440862287, 16.45908279429604], [77.95280051586043, 16.4590860929946]]]}, "properties": {"name": "SFV-T0186", "emu_id": "SEG02", "typicality_percentile": 26.8, "is_medoid": false, "in_position_pool": false, "pool_rank": null, "selection_rationale": "pool position never used this baseline"}}, {"type": "Feature", "geometry": {"type": "Polygon", "coordinates": [[[77.9528039342104, 16.459311791762744], [77.95280735261385, 16.459537490525342], [77.95304124591593, 16.45953419173133], [77.95303782724265, 16.459308493016458], [77.9528039342104, 16.459311791762744]]]}, "properties": {"name": "SFV-T0187", "emu_id": "SEG02", "typicality_percentile": 29.4, "is_medoid": false, "in_position_pool": false, "pool_rank": null, "selection_rationale": "pool position never used this baseline"}}, {"type": "Feature", "geometry": {"type": "Polygon", "coordinates": [[[77.9513766588987, 16.457751685274285], [77.95138007530905, 16.45797738436198], [77.95161396704336, 16.45797408746442], [77.95161055036321, 16.457748388424438], [77.9513766588987, 16.457751685274285]]]}, "properties": {"name": "SFV-T0036", "emu_id": "SEG02", "typicality_percentile": 32.0, "is_medoid": false, "in_position_pool": false, "pool_rank": null, "selection_rationale": "pool position never used this baseline"}}, {"type": "Feature", "geometry": {"type": "Polygon", "coordinates": [[[77.95161055036321, 16.457748388424438], [77.95161396704336, 16.45797408746442], [77.9518478587242, 16.45797079030647], [77.95184444177426, 16.45774509131419], [77.95161055036321, 16.457748388424438]]]}, "properties": {"name": "SFV-T0060", "emu_id": "SEG02", "typicality_percentile": 47.1, "is_medoid": false, "in_position_pool": false, "pool_rank": null, "selection_rationale": "pool position never used this baseline"}}, {"type": "Feature", "geometry": {"type": "Polygon", "coordinates": [[[77.95184102487781, 16.457519392316367], [77.95184444177426, 16.45774509131419], [77.95207833313184, 16.45774179394355], [77.95207491596561, 16.45751609499344], [77.95184102487781, 16.457519392316367]]]}, "properties": {"name": "SFV-T0083", "emu_id": "SEG02", "typicality_percentile": 41.2, "is_medoid": false, "in_position_pool": false, "pool_rank": null, "selection_rationale": "pool position never used this baseline"}}, {"type": "Feature", "geometry": {"type": "Polygon", "coordinates": [[[77.95184444177426, 16.45774509131419], [77.9518478587242, 16.45797079030647], [77.95208175035155, 16.457967492888123], [77.95207833313184, 16.45774179394355], [77.95184444177426, 16.45774509131419]]]}, "properties": {"name": "SFV-T0084", "emu_id": "SEG02", "typicality_percentile": 46.4, "is_medoid": false, "in_position_pool": false, "pool_rank": null, "selection_rationale": "pool position never used this baseline"}}, {"type": "Feature", "geometry": {"type": "Polygon", "coordinates": [[[77.95207491596561, 16.45751609499344], [77.95207833313184, 16.45774179394355], [77.95231222443596, 16.45773849631253], [77.95230880699994, 16.457512797410132], [77.95207491596561, 16.45751609499344]]]}, "properties": {"name": "SFV-T0106", "emu_id": "SEG02", "typicality_percentile": 15.7, "is_medoid": false, "in_position_pool": false, "pool_rank": null, "selection_rationale": "pool position never used this baseline"}}, {"type": "Feature", "geometry": {"type": "Polygon", "coordinates": [[[77.95207833313184, 16.45774179394355], [77.95208175035155, 16.457967492888123], [77.95231564192545, 16.45796419520938], [77.95231222443596, 16.45773849631253], [77.95207833313184, 16.45774179394355]]]}, "properties": {"name": "SFV-T0107", "emu_id": "SEG02", "typicality_percentile": 36.6, "is_medoid": false, "in_position_pool": false, "pool_rank": null, "selection_rationale": "pool position never used this baseline"}}, {"type": "Feature", "geometry": {"type": "Polygon", "coordinates": [[[77.95208175035155, 16.457967492888123], [77.95208516762474, 16.458193191827146], [77.95231905946842, 16.458189894100695], [77.95231564192545, 16.45796419520938], [77.95208175035155, 16.457967492888123]]]}, "properties": {"name": "SFV-T0108", "emu_id": "SEG02", "typicality_percentile": 42.5, "is_medoid": false, "in_position_pool": false, "pool_rank": null, "selection_rationale": "pool position never used this baseline"}}, {"type": "Feature", "geometry": {"type": "Polygon", "coordinates": [[[77.95231564192545, 16.45796419520938], [77.95231905946842, 16.458189894100695], [77.95255295125864, 16.458186596113837], [77.95254953344588, 16.457960897270247], [77.95231564192545, 16.45796419520938]]]}, "properties": {"name": "SFV-T0131", "emu_id": "SEG02", "typicality_percentile": 0.7, "is_medoid": false, "in_position_pool": false, "pool_rank": null, "selection_rationale": "pool position never used this baseline"}}, {"type": "Feature", "geometry": {"type": "Polygon", "coordinates": [[[77.95231905946842, 16.458189894100695], [77.95232247706488, 16.458415592986455], [77.95255636912489, 16.458412294951877], [77.95255295125864, 16.458186596113837], [77.95231905946842, 16.458189894100695]]]}, "properties": {"name": "SFV-T0132", "emu_id": "SEG02", "typicality_percentile": 96.1, "is_medoid": false, "in_position_pool": false, "pool_rank": null, "selection_rationale": "pool position never used this baseline"}}, {"type": "Feature", "geometry": {"type": "Polygon", "coordinates": [[[77.95254953344588, 16.457960897270247], [77.95255295125864, 16.458186596113837], [77.95278684299538, 16.458183297866583], [77.95278342491282, 16.45795759907072], [77.95254953344588, 16.457960897270247]]]}, "properties": {"name": "SFV-T0155", "emu_id": "SEG02", "typicality_percentile": 1.3, "is_medoid": false, "in_position_pool": false, "pool_rank": null, "selection_rationale": "pool position never used this baseline"}}, {"type": "Feature", "geometry": {"type": "Polygon", "coordinates": [[[77.95255295125864, 16.458186596113837], [77.95255636912489, 16.458412294951877], [77.95279026113141, 16.45840899665691], [77.95278684299538, 16.458183297866583], [77.95255295125864, 16.458186596113837]]]}, "properties": {"name": "SFV-T0156", "emu_id": "SEG02", "typicality_percentile": 92.8, "is_medoid": false, "in_position_pool": false, "pool_rank": null, "selection_rationale": "pool position never used this baseline"}}, {"type": "Feature", "geometry": {"type": "Polygon", "coordinates": [[[77.95255636912489, 16.458412294951877], [77.9525597870446, 16.458637993784382], [77.95279367932093, 16.45863469544168], [77.95279026113141, 16.45840899665691], [77.95255636912489, 16.458412294951877]]]}, "properties": {"name": "SFV-T0157", "emu_id": "SEG02", "typicality_percentile": 30.1, "is_medoid": false, "in_position_pool": false, "pool_rank": null, "selection_rationale": "pool position never used this baseline"}}, {"type": "Feature", "geometry": {"type": "Polygon", "coordinates": [[[77.95138007530905, 16.45797738436198], [77.95138349177286, 16.458203083444126], [77.95161738377695, 16.458199786498867], [77.95161396704336, 16.45797408746442], [77.95138007530905, 16.45797738436198]]]}, "properties": {"name": "SFV-T0037", "emu_id": "SEG02", "typicality_percentile": 47.7, "is_medoid": false, "in_position_pool": false, "pool_rank": null, "selection_rationale": "pool position never used this baseline"}}, {"type": "Feature", "geometry": {"type": "Polygon", "coordinates": [[[77.95138349177286, 16.458203083444126], [77.95138690829013, 16.45842878252073], [77.95162080056403, 16.458425485527766], [77.95161738377695, 16.458199786498867], [77.95138349177286, 16.458203083444126]]]}, "properties": {"name": "SFV-T0038", "emu_id": "SEG02", "typicality_percentile": 34.6, "is_medoid": false, "in_position_pool": false, "pool_rank": null, "selection_rationale": "pool position never used this baseline"}}, {"type": "Feature", "geometry": {"type": "Polygon", "coordinates": [[[77.95138690829013, 16.45842878252073], [77.95139032486087, 16.458654481591786], [77.95162421740454, 16.45865118455112], [77.95162080056403, 16.458425485527766], [77.95138690829013, 16.45842878252073]]]}, "properties": {"name": "SFV-T0039", "emu_id": "SEG02", "typicality_percentile": 48.4, "is_medoid": false, "in_position_pool": false, "pool_rank": null, "selection_rationale": "pool position never used this baseline"}}, {"type": "Feature", "geometry": {"type": "Polygon", "coordinates": [[[77.95139032486087, 16.458654481591786], [77.95139374148505, 16.45888018065731], [77.95162763429855, 16.458876883568934], [77.95162421740454, 16.45865118455112], [77.95139032486087, 16.458654481591786]]]}, "properties": {"name": "SFV-T0040", "emu_id": "SEG02", "typicality_percentile": 55.6, "is_medoid": false, "in_position_pool": false, "pool_rank": null, "selection_rationale": "pool position never used this baseline"}}, {"type": "Feature", "geometry": {"type": "Polygon", "coordinates": [[[77.95161396704336, 16.45797408746442], [77.95161738377695, 16.458199786498867], [77.95185127572758, 16.458196489293204], [77.9518478587242, 16.45797079030647], [77.95161396704336, 16.45797408746442]]]}, "properties": {"name": "SFV-T0061", "emu_id": "SEG02", "typicality_percentile": 43.8, "is_medoid": false, "in_position_pool": false, "pool_rank": null, "selection_rationale": "pool position never used this baseline"}}, {"type": "Feature", "geometry": {"type": "Polygon", "coordinates": [[[77.95161738377695, 16.458199786498867], [77.95162080056403, 16.458425485527766], [77.95185469278444, 16.458422188274394], [77.95185127572758, 16.458196489293204], [77.95161738377695, 16.458199786498867]]]}, "properties": {"name": "SFV-T0062", "emu_id": "SEG02", "typicality_percentile": 94.8, "is_medoid": false, "in_position_pool": false, "pool_rank": null, "selection_rationale": "pool position never used this baseline"}}, {"type": "Feature", "geometry": {"type": "Polygon", "coordinates": [[[77.95162080056403, 16.458425485527766], [77.95162421740454, 16.45865118455112], [77.95185810989477, 16.458647887250045], [77.95185469278444, 16.458422188274394], [77.95162080056403, 16.458425485527766]]]}, "properties": {"name": "SFV-T0063", "emu_id": "SEG02", "typicality_percentile": 86.9, "is_medoid": false, "in_position_pool": false, "pool_rank": null, "selection_rationale": "pool position never used this baseline"}}, {"type": "Feature", "geometry": {"type": "Polygon", "coordinates": [[[77.95162421740454, 16.45865118455112], [77.95162763429855, 16.458876883568934], [77.95186152705857, 16.458873586220147], [77.95185810989477, 16.458647887250045], [77.95162421740454, 16.45865118455112]]]}, "properties": {"name": "SFV-T0064", "emu_id": "SEG02", "typicality_percentile": 76.5, "is_medoid": false, "in_position_pool": false, "pool_rank": null, "selection_rationale": "pool position never used this baseline"}}, {"type": "Feature", "geometry": {"type": "Polygon", "coordinates": [[[77.9518478587242, 16.45797079030647], [77.95185127572758, 16.458196489293204], [77.95208516762474, 16.458193191827146], [77.95208175035155, 16.457967492888123], [77.9518478587242, 16.45797079030647]]]}, "properties": {"name": "SFV-T0085", "emu_id": "SEG02", "typicality_percentile": 49.0, "is_medoid": false, "in_position_pool": false, "pool_rank": null, "selection_rationale": "pool position never used this baseline"}}, {"type": "Feature", "geometry": {"type": "Polygon", "coordinates": [[[77.95185127572758, 16.458196489293204], [77.95185469278444, 16.458422188274394], [77.9520885849514, 16.458418890760626], [77.95208516762474, 16.458193191827146], [77.95185127572758, 16.458196489293204]]]}, "properties": {"name": "SFV-T0086", "emu_id": "SEG02", "typicality_percentile": 99.3, "is_medoid": false, "in_position_pool": false, "pool_rank": null, "selection_rationale": "pool position never used this baseline"}}, {"type": "Feature", "geometry": {"type": "Polygon", "coordinates": [[[77.95185469278444, 16.458422188274394], [77.95185810989477, 16.458647887250045], [77.95209200233153, 16.45864458968856], [77.9520885849514, 16.458418890760626], [77.95185469278444, 16.458422188274394]]]}, "properties": {"name": "SFV-T0087", "emu_id": "SEG02", "typicality_percentile": 59.5, "is_medoid": false, "in_position_pool": false, "pool_rank": null, "selection_rationale": "pool position never used this baseline"}}, {"type": "Feature", "geometry": {"type": "Polygon", "coordinates": [[[77.95208516762474, 16.458193191827146], [77.9520885849514, 16.458418890760626], [77.95232247706488, 16.458415592986455], [77.95231905946842, 16.458189894100695], [77.95208516762474, 16.458193191827146]]]}, "properties": {"name": "SFV-T0109", "emu_id": "SEG02", "typicality_percentile": 100.0, "is_medoid": true, "in_position_pool": true, "pool_rank": 1, "selection_rationale": "stratum medoid \u2014 most representative position within this EMU"}}, {"type": "Feature", "geometry": {"type": "Polygon", "coordinates": [[[77.9520885849514, 16.458418890760626], [77.95209200233153, 16.45864458968856], [77.9523258947148, 16.458641291866673], [77.95232247706488, 16.458415592986455], [77.9520885849514, 16.458418890760626]]]}, "properties": {"name": "SFV-T0110", "emu_id": "SEG02", "typicality_percentile": 83.0, "is_medoid": false, "in_position_pool": false, "pool_rank": null, "selection_rationale": "pool position never used this baseline"}}, {"type": "Feature", "geometry": {"type": "Polygon", "coordinates": [[[77.95207149885283, 16.45729039603779], [77.95207491596561, 16.45751609499344], [77.95230880699994, 16.457512797410132], [77.9523053896174, 16.457287098502192], [77.95207149885283, 16.45729039603779]]]}, "properties": {"name": "SFV-T0105", "emu_id": "SEG02", "typicality_percentile": 11.8, "is_medoid": false, "in_position_pool": false, "pool_rank": null, "selection_rationale": "pool position never used this baseline"}}, {"type": "Feature", "geometry": {"type": "Polygon", "coordinates": [[[77.9523053896174, 16.457287098502192], [77.95230880699994, 16.457512797410132], [77.9525426979808, 16.457509499566434], [77.95253928032848, 16.457283800706218], [77.9523053896174, 16.457287098502192]]]}, "properties": {"name": "SFV-T0128", "emu_id": "SEG02", "typicality_percentile": 7.2, "is_medoid": false, "in_position_pool": false, "pool_rank": null, "selection_rationale": "pool position never used this baseline"}}, {"type": "Feature", "geometry": {"type": "Polygon", "coordinates": [[[77.95230880699994, 16.457512797410132], [77.95231222443596, 16.45773849631253], [77.9525461156866, 16.457735198421116], [77.9525426979808, 16.457509499566434], [77.95230880699994, 16.457512797410132]]]}, "properties": {"name": "SFV-T0129", "emu_id": "SEG02", "typicality_percentile": 10.5, "is_medoid": false, "in_position_pool": false, "pool_rank": null, "selection_rationale": "pool position never used this baseline"}}, {"type": "Feature", "geometry": {"type": "Polygon", "coordinates": [[[77.95231222443596, 16.45773849631253], [77.95231564192545, 16.45796419520938], [77.95254953344588, 16.457960897270247], [77.9525461156866, 16.457735198421116], [77.95231222443596, 16.45773849631253]]]}, "properties": {"name": "SFV-T0130", "emu_id": "SEG02", "typicality_percentile": 20.9, "is_medoid": false, "in_position_pool": false, "pool_rank": null, "selection_rationale": "pool position never used this baseline"}}, {"type": "Feature", "geometry": {"type": "Polygon", "coordinates": [[[77.95253586272963, 16.45705810184045], [77.95253928032848, 16.457283800706218], [77.95277317098608, 16.45728050264986], [77.95276975311745, 16.457054803831813], [77.95253586272963, 16.45705810184045]]]}, "properties": {"name": "SFV-T0151", "emu_id": "SEG02", "typicality_percentile": 9.2, "is_medoid": false, "in_position_pool": false, "pool_rank": null, "selection_rationale": "pool position never used this baseline"}}, {"type": "Feature", "geometry": {"type": "Polygon", "coordinates": [[[77.95253928032848, 16.457283800706218], [77.9525426979808, 16.457509499566434], [77.95277658890818, 16.457506201462355], [77.95277317098608, 16.45728050264986], [77.95253928032848, 16.457283800706218]]]}, "properties": {"name": "SFV-T0152", "emu_id": "SEG02", "typicality_percentile": 9.8, "is_medoid": false, "in_position_pool": false, "pool_rank": null, "selection_rationale": "pool position never used this baseline"}}, {"type": "Feature", "geometry": {"type": "Polygon", "coordinates": [[[77.9525426979808, 16.457509499566434], [77.9525461156866, 16.457735198421116], [77.95278000688376, 16.457731900269312], [77.95277658890818, 16.457506201462355], [77.9525426979808, 16.457509499566434]]]}, "properties": {"name": "SFV-T0153", "emu_id": "SEG02", "typicality_percentile": 13.1, "is_medoid": false, "in_position_pool": false, "pool_rank": null, "selection_rationale": "pool position never used this baseline"}}, {"type": "Feature", "geometry": {"type": "Polygon", "coordinates": [[[77.9525461156866, 16.457735198421116], [77.95254953344588, 16.457960897270247], [77.95278342491282, 16.45795759907072], [77.95278000688376, 16.457731900269312], [77.9525461156866, 16.457735198421116]]]}, "properties": {"name": "SFV-T0154", "emu_id": "SEG02", "typicality_percentile": 20.3, "is_medoid": false, "in_position_pool": false, "pool_rank": null, "selection_rationale": "pool position never used this baseline"}}, {"type": "Feature", "geometry": {"type": "Polygon", "coordinates": [[[77.95276975311745, 16.457054803831813], [77.95277317098608, 16.45728050264986], [77.9530070615902, 16.457277204333117], [77.95300364345181, 16.4570515055628], [77.95276975311745, 16.457054803831813]]]}, "properties": {"name": "SFV-T0177", "emu_id": "SEG02", "typicality_percentile": 11.1, "is_medoid": false, "in_position_pool": false, "pool_rank": null, "selection_rationale": "pool position never used this baseline"}}, {"type": "Feature", "geometry": {"type": "Polygon", "coordinates": [[[77.95277317098608, 16.45728050264986], [77.95277658890818, 16.457506201462355], [77.95301047978208, 16.457502903097886], [77.9530070615902, 16.457277204333117], [77.95277317098608, 16.45728050264986]]]}, "properties": {"name": "SFV-T0178", "emu_id": "SEG02", "typicality_percentile": 12.4, "is_medoid": false, "in_position_pool": false, "pool_rank": null, "selection_rationale": "pool position never used this baseline"}}, {"type": "Feature", "geometry": {"type": "Polygon", "coordinates": [[[77.95277658890818, 16.457506201462355], [77.95278000688376, 16.457731900269312], [77.95301389802744, 16.457728601857117], [77.95301047978208, 16.457502903097886], [77.95277658890818, 16.457506201462355]]]}, "properties": {"name": "SFV-T0179", "emu_id": "SEG02", "typicality_percentile": 14.4, "is_medoid": false, "in_position_pool": false, "pool_rank": null, "selection_rationale": "pool position never used this baseline"}}, {"type": "Feature", "geometry": {"type": "Polygon", "coordinates": [[[77.95278000688376, 16.457731900269312], [77.95278342491282, 16.45795759907072], [77.95301731632628, 16.457954300610794], [77.95301389802744, 16.457728601857117], [77.95278000688376, 16.457731900269312]]]}, "properties": {"name": "SFV-T0180", "emu_id": "SEG02", "typicality_percentile": 17.0, "is_medoid": false, "in_position_pool": false, "pool_rank": null, "selection_rationale": "pool position never used this baseline"}}, {"type": "Feature", "geometry": {"type": "Polygon", "coordinates": [[[77.95300364345181, 16.4570515055628], [77.9530070615902, 16.457277204333117], [77.95324095214083, 16.457273905755994], [77.95323753373268, 16.457048207033406], [77.95300364345181, 16.4570515055628]]]}, "properties": {"name": "SFV-T0206", "emu_id": "SEG02", "typicality_percentile": 17.6, "is_medoid": false, "in_position_pool": false, "pool_rank": null, "selection_rationale": "pool position never used this baseline"}}, {"type": "Feature", "geometry": {"type": "Polygon", "coordinates": [[[77.9530070615902, 16.457277204333117], [77.95301047978208, 16.457502903097886], [77.95324437060248, 16.45749960447303], [77.95324095214083, 16.457273905755994], [77.9530070615902, 16.457277204333117]]]}, "properties": {"name": "SFV-T0207", "emu_id": "SEG02", "typicality_percentile": 16.3, "is_medoid": false, "in_position_pool": true, "pool_rank": 7, "selection_rationale": "best-scoring position in its spatial region \u2014 extends coverage of the EMU"}}, {"type": "Feature", "geometry": {"type": "Polygon", "coordinates": [[[77.95301047978208, 16.457502903097886], [77.95301389802744, 16.457728601857117], [77.95324778911763, 16.457725303184528], [77.95324437060248, 16.45749960447303], [77.95301047978208, 16.457502903097886]]]}, "properties": {"name": "SFV-T0208", "emu_id": "SEG02", "typicality_percentile": 15.0, "is_medoid": false, "in_position_pool": false, "pool_rank": null, "selection_rationale": "pool position never used this baseline"}}, {"type": "Feature", "geometry": {"type": "Polygon", "coordinates": [[[77.95323753373268, 16.457048207033406], [77.95324095214083, 16.457273905755994], [77.95347484263797, 16.457270606918485], [77.95347142396005, 16.45704490824363], [77.95323753373268, 16.457048207033406]]]}, "properties": {"name": "SFV-T0237", "emu_id": "SEG02", "typicality_percentile": 21.6, "is_medoid": false, "in_position_pool": false, "pool_rank": null, "selection_rationale": "pool position never used this baseline"}}, {"type": "Feature", "geometry": {"type": "Polygon", "coordinates": [[[77.95324095214083, 16.457273905755994], [77.95324437060248, 16.45749960447303], [77.9534782613694, 16.457496305587792], [77.95347484263797, 16.457270606918485], [77.95324095214083, 16.457273905755994]]]}, "properties": {"name": "SFV-T0238", "emu_id": "SEG02", "typicality_percentile": 19.6, "is_medoid": false, "in_position_pool": false, "pool_rank": null, "selection_rationale": "pool position never used this baseline"}}, {"type": "Feature", "geometry": {"type": "Polygon", "coordinates": [[[77.95324437060248, 16.45749960447303], [77.95324778911763, 16.457725303184528], [77.95348168015433, 16.457722004251558], [77.9534782613694, 16.457496305587792], [77.95324437060248, 16.45749960447303]]]}, "properties": {"name": "SFV-T0239", "emu_id": "SEG02", "typicality_percentile": 18.3, "is_medoid": false, "in_position_pool": false, "pool_rank": null, "selection_rationale": "pool position never used this baseline"}}, {"type": "Feature", "geometry": {"type": "Polygon", "coordinates": [[[77.95347484263797, 16.457270606918485], [77.9534782613694, 16.457496305587792], [77.95371215208282, 16.45749300644217], [77.95370873308163, 16.4572673078206], [77.95347484263797, 16.457270606918485]]]}, "properties": {"name": "SFV-T0270", "emu_id": "SEG02", "typicality_percentile": 23.5, "is_medoid": false, "in_position_pool": false, "pool_rank": null, "selection_rationale": "pool position never used this baseline"}}, {"type": "Feature", "geometry": {"type": "Polygon", "coordinates": [[[77.9534782613694, 16.457496305587792], [77.95348168015433, 16.457722004251558], [77.95371557113752, 16.457718705058195], [77.95371215208282, 16.45749300644217], [77.9534782613694, 16.457496305587792]]]}, "properties": {"name": "SFV-T0271", "emu_id": "SEG02", "typicality_percentile": 19.0, "is_medoid": false, "in_position_pool": false, "pool_rank": null, "selection_rationale": "pool position never used this baseline"}}, {"type": "Feature", "geometry": {"type": "Polygon", "coordinates": [[[77.95371215208282, 16.45749300644217], [77.95371557113752, 16.457718705058195], [77.95394946206721, 16.45771540560445], [77.95394604274274, 16.457489707036164], [77.95371215208282, 16.45749300644217]]]}, "properties": {"name": "SFV-T0307", "emu_id": "SEG02", "typicality_percentile": 26.1, "is_medoid": false, "in_position_pool": false, "pool_rank": null, "selection_rationale": "pool position never used this baseline"}}, {"type": "Feature", "geometry": {"type": "Polygon", "coordinates": [[[77.95278342491282, 16.45795759907072], [77.95278684299538, 16.458183297866583], [77.95302073467862, 16.458179999358936], [77.95301731632628, 16.457954300610794], [77.95278342491282, 16.45795759907072]]]}, "properties": {"name": "SFV-T0181", "emu_id": "SEG02", "typicality_percentile": 22.9, "is_medoid": false, "in_position_pool": false, "pool_rank": null, "selection_rationale": "pool position never used this baseline"}}, {"type": "Feature", "geometry": {"type": "Polygon", "coordinates": [[[77.95278684299538, 16.458183297866583], [77.95279026113141, 16.45840899665691], [77.95302415308446, 16.458405698101533], [77.95302073467862, 16.458179999358936], [77.95278684299538, 16.458183297866583]]]}, "properties": {"name": "SFV-T0182", "emu_id": "SEG02", "typicality_percentile": 97.4, "is_medoid": false, "in_position_pool": false, "pool_rank": null, "selection_rationale": "pool position never used this baseline"}}, {"type": "Feature", "geometry": {"type": "Polygon", "coordinates": [[[77.95301389802744, 16.457728601857117], [77.95301731632628, 16.457954300610794], [77.95325120768625, 16.457951001890482], [77.95324778911763, 16.457725303184528], [77.95301389802744, 16.457728601857117]]]}, "properties": {"name": "SFV-T0209", "emu_id": "SEG02", "typicality_percentile": 22.2, "is_medoid": false, "in_position_pool": false, "pool_rank": null, "selection_rationale": "pool position never used this baseline"}}, {"type": "Feature", "geometry": {"type": "Polygon", "coordinates": [[[77.95301731632628, 16.457954300610794], [77.95302073467862, 16.458179999358936], [77.9532546263084, 16.458176700590894], [77.95325120768625, 16.457951001890482], [77.95301731632628, 16.457954300610794]]]}, "properties": {"name": "SFV-T0210", "emu_id": "SEG02", "typicality_percentile": 24.8, "is_medoid": false, "in_position_pool": false, "pool_rank": null, "selection_rationale": "pool position never used this baseline"}}, {"type": "Feature", "geometry": {"type": "Polygon", "coordinates": [[[77.95302073467862, 16.458179999358936], [77.95302415308446, 16.458405698101533], [77.953258044984, 16.45840239928576], [77.9532546263084, 16.458176700590894], [77.95302073467862, 16.458179999358936]]]}, "properties": {"name": "SFV-T0211", "emu_id": "SEG02", "typicality_percentile": 94.1, "is_medoid": false, "in_position_pool": false, "pool_rank": null, "selection_rationale": "pool position never used this baseline"}}, {"type": "Feature", "geometry": {"type": "Polygon", "coordinates": [[[77.95324778911763, 16.457725303184528], [77.95325120768625, 16.457951001890482], [77.95348509899274, 16.457947702909774], [77.95348168015433, 16.457722004251558], [77.95324778911763, 16.457725303184528]]]}, "properties": {"name": "SFV-T0240", "emu_id": "SEG02", "typicality_percentile": 4.6, "is_medoid": false, "in_position_pool": false, "pool_rank": null, "selection_rationale": "pool position never used this baseline"}}, {"type": "Feature", "geometry": {"type": "Polygon", "coordinates": [[[77.95325120768625, 16.457951001890482], [77.9532546263084, 16.458176700590894], [77.95348851788465, 16.458173401562448], [77.95348509899274, 16.457947702909774], [77.95325120768625, 16.457951001890482]]]}, "properties": {"name": "SFV-T0241", "emu_id": "SEG02", "typicality_percentile": 2.0, "is_medoid": false, "in_position_pool": false, "pool_rank": null, "selection_rationale": "pool position never used this baseline"}}, {"type": "Feature", "geometry": {"type": "Polygon", "coordinates": [[[77.9532546263084, 16.458176700590894], [77.953258044984, 16.45840239928576], [77.95349193683006, 16.458399100209583], [77.95348851788465, 16.458173401562448], [77.9532546263084, 16.458176700590894]]]}, "properties": {"name": "SFV-T0242", "emu_id": "SEG02", "typicality_percentile": 98.0, "is_medoid": false, "in_position_pool": false, "pool_rank": null, "selection_rationale": "pool position never used this baseline"}}, {"type": "Feature", "geometry": {"type": "Polygon", "coordinates": [[[77.953258044984, 16.45840239928576], [77.95326146371312, 16.458628097975073], [77.95349535582898, 16.45862479885116], [77.95349193683006, 16.458399100209583], [77.953258044984, 16.45840239928576]]]}, "properties": {"name": "SFV-T0243", "emu_id": "SEG02", "typicality_percentile": 24.2, "is_medoid": false, "in_position_pool": false, "pool_rank": null, "selection_rationale": "pool position never used this baseline"}}, {"type": "Feature", "geometry": {"type": "Polygon", "coordinates": [[[77.95348168015433, 16.457722004251558], [77.95348509899274, 16.457947702909774], [77.95371899024572, 16.457944403668677], [77.95371557113752, 16.457718705058195], [77.95348168015433, 16.457722004251558]]]}, "properties": {"name": "SFV-T0272", "emu_id": "SEG02", "typicality_percentile": 8.5, "is_medoid": false, "in_position_pool": false, "pool_rank": null, "selection_rationale": "pool position never used this baseline"}}, {"type": "Feature", "geometry": {"type": "Polygon", "coordinates": [[[77.95348509899274, 16.457947702909774], [77.95348851788465, 16.458173401562448], [77.95372240940743, 16.458170102273613], [77.95371899024572, 16.457944403668677], [77.95348509899274, 16.457947702909774]]]}, "properties": {"name": "SFV-T0273", "emu_id": "SEG02", "typicality_percentile": 3.3, "is_medoid": false, "in_position_pool": false, "pool_rank": null, "selection_rationale": "pool position never used this baseline"}}, {"type": "Feature", "geometry": {"type": "Polygon", "coordinates": [[[77.95348851788465, 16.458173401562448], [77.95349193683006, 16.458399100209583], [77.95372582862262, 16.458395800873003], [77.95372240940743, 16.458170102273613], [77.95348851788465, 16.458173401562448]]]}, "properties": {"name": "SFV-T0274", "emu_id": "SEG02", "typicality_percentile": 93.5, "is_medoid": false, "in_position_pool": true, "pool_rank": 4, "selection_rationale": "best-scoring position in its spatial region \u2014 extends coverage of the EMU"}}, {"type": "Feature", "geometry": {"type": "Polygon", "coordinates": [[[77.95349193683006, 16.458399100209583], [77.95349535582898, 16.45862479885116], [77.95372924789133, 16.458621499466847], [77.95372582862262, 16.458395800873003], [77.95349193683006, 16.458399100209583]]]}, "properties": {"name": "SFV-T0275", "emu_id": "SEG02", "typicality_percentile": 27.5, "is_medoid": false, "in_position_pool": false, "pool_rank": null, "selection_rationale": "pool position never used this baseline"}}, {"type": "Feature", "geometry": {"type": "Polygon", "coordinates": [[[77.95349535582898, 16.45862479885116], [77.95349877488138, 16.458850497487198], [77.95373266721354, 16.45884719805515], [77.95372924789133, 16.458621499466847], [77.95349535582898, 16.45862479885116]]]}, "properties": {"name": "SFV-T0276", "emu_id": "SEG02", "typicality_percentile": 25.5, "is_medoid": false, "in_position_pool": false, "pool_rank": null, "selection_rationale": "pool position never used this baseline"}}, {"type": "Feature", "geometry": {"type": "Polygon", "coordinates": [[[77.95349877488138, 16.458850497487198], [77.95350219398729, 16.459076196117696], [77.95373608658926, 16.459072896637906], [77.95373266721354, 16.45884719805515], [77.95349877488138, 16.458850497487198]]]}, "properties": {"name": "SFV-T0277", "emu_id": "SEG02", "typicality_percentile": 28.8, "is_medoid": false, "in_position_pool": false, "pool_rank": null, "selection_rationale": "pool position never used this baseline"}}, {"type": "Feature", "geometry": {"type": "Polygon", "coordinates": [[[77.95371557113752, 16.457718705058195], [77.95371899024572, 16.457944403668677], [77.95395288144522, 16.457941104167187], [77.95394946206721, 16.45771540560445], [77.95371557113752, 16.457718705058195]]]}, "properties": {"name": "SFV-T0308", "emu_id": "SEG02", "typicality_percentile": 3.9, "is_medoid": false, "in_position_pool": false, "pool_rank": null, "selection_rationale": "pool position never used this baseline"}}, {"type": "Feature", "geometry": {"type": "Polygon", "coordinates": [[[77.95371899024572, 16.457944403668677], [77.95372240940743, 16.458170102273613], [77.9539563008767, 16.458166802724378], [77.95395288144522, 16.457941104167187], [77.95371899024572, 16.457944403668677]]]}, "properties": {"name": "SFV-T0309", "emu_id": "SEG02", "typicality_percentile": 5.9, "is_medoid": false, "in_position_pool": false, "pool_rank": null, "selection_rationale": "pool position never used this baseline"}}, {"type": "Feature", "geometry": {"type": "Polygon", "coordinates": [[[77.95372240940743, 16.458170102273613], [77.95372582862262, 16.458395800873003], [77.9539597203617, 16.458392501276027], [77.9539563008767, 16.458166802724378], [77.95372240940743, 16.458170102273613]]]}, "properties": {"name": "SFV-T0310", "emu_id": "SEG02", "typicality_percentile": 85.0, "is_medoid": false, "in_position_pool": false, "pool_rank": null, "selection_rationale": "pool position never used this baseline"}}, {"type": "Feature", "geometry": {"type": "Polygon", "coordinates": [[[77.95372582862262, 16.458395800873003], [77.95372924789133, 16.458621499466847], [77.9539631399002, 16.45861819982213], [77.9539597203617, 16.458392501276027], [77.95372582862262, 16.458395800873003]]]}, "properties": {"name": "SFV-T0311", "emu_id": "SEG02", "typicality_percentile": 28.1, "is_medoid": false, "in_position_pool": false, "pool_rank": null, "selection_rationale": "pool position never used this baseline"}}, {"type": "Feature", "geometry": {"type": "Polygon", "coordinates": [[[77.95394604274274, 16.457489707036164], [77.95394946206721, 16.45771540560445], [77.95418335294342, 16.457712105890305], [77.95417993334917, 16.45748640736977], [77.95394604274274, 16.457489707036164]]]}, "properties": {"name": "SFV-T0340", "emu_id": "SEG02", "typicality_percentile": 6.5, "is_medoid": false, "in_position_pool": false, "pool_rank": null, "selection_rationale": "pool position never used this baseline"}}, {"type": "Feature", "geometry": {"type": "Polygon", "coordinates": [[[77.95394946206721, 16.45771540560445], [77.95395288144522, 16.457941104167187], [77.95418677259119, 16.4579378044053], [77.95418335294342, 16.457712105890305], [77.95394946206721, 16.45771540560445]]]}, "properties": {"name": "SFV-T0341", "emu_id": "SEG02", "typicality_percentile": 0.0, "is_medoid": false, "in_position_pool": false, "pool_rank": null, "selection_rationale": "pool position never used this baseline"}}, {"type": "Feature", "geometry": {"type": "Polygon", "coordinates": [[[77.95395288144522, 16.457941104167187], [77.9539563008767, 16.458166802724378], [77.95419019229246, 16.458163502914747], [77.95418677259119, 16.4579378044053], [77.95395288144522, 16.457941104167187]]]}, "properties": {"name": "SFV-T0342", "emu_id": "SEG02", "typicality_percentile": 13.7, "is_medoid": false, "in_position_pool": false, "pool_rank": null, "selection_rationale": "pool position never used this baseline"}}, {"type": "Feature", "geometry": {"type": "Polygon", "coordinates": [[[77.95136299379186, 16.456848888868084], [77.95136640998838, 16.45707458797795], [77.95160030064356, 16.45707129127121], [77.95159688417726, 16.456845592209042], [77.95136299379186, 16.456848888868084]]]}, "properties": {"name": "SFV-T0032", "emu_id": "SEG01", "typicality_percentile": 47.5, "is_medoid": false, "in_position_pool": false, "pool_rank": null, "selection_rationale": "pool position never used this baseline"}}, {"type": "Feature", "geometry": {"type": "Polygon", "coordinates": [[[77.95136982623835, 16.457300287082273], [77.95137324254179, 16.457525986181047], [77.95160713373653, 16.457522689378905], [77.95160371716331, 16.457296990327826], [77.95136982623835, 16.457300287082273]]]}, "properties": {"name": "SFV-T0034", "emu_id": "SEG01", "typicality_percentile": 38.4, "is_medoid": false, "in_position_pool": false, "pool_rank": null, "selection_rationale": "pool position never used this baseline"}}, {"type": "Feature", "geometry": {"type": "Polygon", "coordinates": [[[77.95137324254179, 16.457525986181047], [77.9513766588987, 16.457751685274285], [77.95161055036321, 16.457748388424438], [77.95160713373653, 16.457522689378905], [77.95137324254179, 16.457525986181047]]]}, "properties": {"name": "SFV-T0035", "emu_id": "SEG01", "typicality_percentile": 40.0, "is_medoid": false, "in_position_pool": false, "pool_rank": null, "selection_rationale": "pool position never used this baseline"}}, {"type": "Feature", "geometry": {"type": "Polygon", "coordinates": [[[77.95159688417726, 16.456845592209042], [77.95160030064356, 16.45707129127121], [77.95183419124528, 16.457067994304087], [77.95183077450922, 16.456842295289633], [77.95159688417726, 16.456845592209042]]]}, "properties": {"name": "SFV-T0056", "emu_id": "SEG01", "typicality_percentile": 43.5, "is_medoid": false, "in_position_pool": false, "pool_rank": null, "selection_rationale": "pool position never used this baseline"}}, {"type": "Feature", "geometry": {"type": "Polygon", "coordinates": [[[77.95160030064356, 16.45707129127121], [77.95160371716331, 16.457296990327826], [77.95183760803481, 16.457293693313], [77.95183419124528, 16.457067994304087], [77.95160030064356, 16.45707129127121]]]}, "properties": {"name": "SFV-T0057", "emu_id": "SEG01", "typicality_percentile": 50.6, "is_medoid": false, "in_position_pool": false, "pool_rank": null, "selection_rationale": "pool position never used this baseline"}}, {"type": "Feature", "geometry": {"type": "Polygon", "coordinates": [[[77.95160371716331, 16.457296990327826], [77.95160713373653, 16.457522689378905], [77.95184102487781, 16.457519392316367], [77.95183760803481, 16.457293693313], [77.95160371716331, 16.457296990327826]]]}, "properties": {"name": "SFV-T0058", "emu_id": "SEG01", "typicality_percentile": 40.4, "is_medoid": false, "in_position_pool": false, "pool_rank": null, "selection_rationale": "pool position never used this baseline"}}, {"type": "Feature", "geometry": {"type": "Polygon", "coordinates": [[[77.95160713373653, 16.457522689378905], [77.95161055036321, 16.457748388424438], [77.95184444177426, 16.45774509131419], [77.95184102487781, 16.457519392316367], [77.95160713373653, 16.457522689378905]]]}, "properties": {"name": "SFV-T0059", "emu_id": "SEG01", "typicality_percentile": 32.2, "is_medoid": false, "in_position_pool": false, "pool_rank": null, "selection_rationale": "pool position never used this baseline"}}, {"type": "Feature", "geometry": {"type": "Polygon", "coordinates": [[[77.95182735782662, 16.456616596269637], [77.95183077450922, 16.456842295289633], [77.9520646647877, 16.456838998109838], [77.95206124783535, 16.456613299137555], [77.95182735782662, 16.456616596269637]]]}, "properties": {"name": "SFV-T0079", "emu_id": "SEG01", "typicality_percentile": 33.7, "is_medoid": false, "in_position_pool": false, "pool_rank": null, "selection_rationale": "pool position never used this baseline"}}, {"type": "Feature", "geometry": {"type": "Polygon", "coordinates": [[[77.95183077450922, 16.456842295289633], [77.95183419124528, 16.457067994304087], [77.95206808179353, 16.457064697076586], [77.9520646647877, 16.456838998109838], [77.95183077450922, 16.456842295289633]]]}, "properties": {"name": "SFV-T0080", "emu_id": "SEG01", "typicality_percentile": 31.4, "is_medoid": false, "in_position_pool": false, "pool_rank": null, "selection_rationale": "pool position never used this baseline"}}, {"type": "Feature", "geometry": {"type": "Polygon", "coordinates": [[[77.95183419124528, 16.457067994304087], [77.95183760803481, 16.457293693313], [77.95207149885283, 16.45729039603779], [77.95206808179353, 16.457064697076586], [77.95183419124528, 16.457067994304087]]]}, "properties": {"name": "SFV-T0081", "emu_id": "SEG01", "typicality_percentile": 32.5, "is_medoid": false, "in_position_pool": false, "pool_rank": null, "selection_rationale": "pool position never used this baseline"}}, {"type": "Feature", "geometry": {"type": "Polygon", "coordinates": [[[77.95183760803481, 16.457293693313], [77.95184102487781, 16.457519392316367], [77.95207491596561, 16.45751609499344], [77.95207149885283, 16.45729039603779], [77.95183760803481, 16.457293693313]]]}, "properties": {"name": "SFV-T0082", "emu_id": "SEG01", "typicality_percentile": 37.3, "is_medoid": false, "in_position_pool": false, "pool_rank": null, "selection_rationale": "pool position never used this baseline"}}, {"type": "Feature", "geometry": {"type": "Polygon", "coordinates": [[[77.9520646647877, 16.456838998109838], [77.95206808179353, 16.457064697076586], [77.95230197228831, 16.457061399588707], [77.95229855501272, 16.45683570066968], [77.9520646647877, 16.456838998109838]]]}, "properties": {"name": "SFV-T0103", "emu_id": "SEG01", "typicality_percentile": 45.5, "is_medoid": false, "in_position_pool": false, "pool_rank": null, "selection_rationale": "pool position never used this baseline"}}, {"type": "Feature", "geometry": {"type": "Polygon", "coordinates": [[[77.95206808179353, 16.457064697076586], [77.95207149885283, 16.45729039603779], [77.9523053896174, 16.457287098502192], [77.95230197228831, 16.457061399588707], [77.95206808179353, 16.457064697076586]]]}, "properties": {"name": "SFV-T0104", "emu_id": "SEG01", "typicality_percentile": 44.3, "is_medoid": false, "in_position_pool": false, "pool_rank": null, "selection_rationale": "pool position never used this baseline"}}, {"type": "Feature", "geometry": {"type": "Polygon", "coordinates": [[[77.95229855501272, 16.45683570066968], [77.95230197228831, 16.457061399588707], [77.95253586272963, 16.45705810184045], [77.95253244518426, 16.45683240296914], [77.95229855501272, 16.45683570066968]]]}, "properties": {"name": "SFV-T0126", "emu_id": "SEG01", "typicality_percentile": 48.2, "is_medoid": false, "in_position_pool": false, "pool_rank": null, "selection_rationale": "pool position never used this baseline"}}, {"type": "Feature", "geometry": {"type": "Polygon", "coordinates": [[[77.95230197228831, 16.457061399588707], [77.9523053896174, 16.457287098502192], [77.95253928032848, 16.457283800706218], [77.95253586272963, 16.45705810184045], [77.95230197228831, 16.457061399588707]]]}, "properties": {"name": "SFV-T0127", "emu_id": "SEG01", "typicality_percentile": 43.1, "is_medoid": false, "in_position_pool": false, "pool_rank": null, "selection_rationale": "pool position never used this baseline"}}, {"type": "Feature", "geometry": {"type": "Polygon", "coordinates": [[[77.95253244518426, 16.45683240296914], [77.95253586272963, 16.45705810184045], [77.95276975311745, 16.457054803831813], [77.95276633530233, 16.45682910500822], [77.95253244518426, 16.45683240296914]]]}, "properties": {"name": "SFV-T0150", "emu_id": "SEG01", "typicality_percentile": 52.2, "is_medoid": false, "in_position_pool": false, "pool_rank": null, "selection_rationale": "pool position never used this baseline"}}, {"type": "Feature", "geometry": {"type": "Polygon", "coordinates": [[[77.95276633530233, 16.45682910500822], [77.95276975311745, 16.457054803831813], [77.95300364345181, 16.4570515055628], [77.9530002253669, 16.456825806786934], [77.95276633530233, 16.45682910500822]]]}, "properties": {"name": "SFV-T0176", "emu_id": "SEG01", "typicality_percentile": 56.5, "is_medoid": false, "in_position_pool": false, "pool_rank": null, "selection_rationale": "pool position never used this baseline"}}, {"type": "Feature", "geometry": {"type": "Polygon", "coordinates": [[[77.9530002253669, 16.456825806786934], [77.95300364345181, 16.4570515055628], [77.95323753373268, 16.457048207033406], [77.95323411537801, 16.456822508305272], [77.9530002253669, 16.456825806786934]]]}, "properties": {"name": "SFV-T0205", "emu_id": "SEG01", "typicality_percentile": 59.2, "is_medoid": false, "in_position_pool": false, "pool_rank": null, "selection_rationale": "pool position never used this baseline"}}, {"type": "Feature", "geometry": {"type": "Polygon", "coordinates": [[[77.95323411537801, 16.456822508305272], [77.95323753373268, 16.457048207033406], [77.95347142396005, 16.45704490824363], [77.95346800533561, 16.45681920956324], [77.95323411537801, 16.456822508305272]]]}, "properties": {"name": "SFV-T0236", "emu_id": "SEG01", "typicality_percentile": 81.2, "is_medoid": false, "in_position_pool": false, "pool_rank": null, "selection_rationale": "pool position never used this baseline"}}, {"type": "Feature", "geometry": {"type": "Polygon", "coordinates": [[[77.95346800533561, 16.45681920956324], [77.95347142396005, 16.45704490824363], [77.95370531413391, 16.457041609193485], [77.95370189523972, 16.45681591056082], [77.95346800533561, 16.45681920956324]]]}, "properties": {"name": "SFV-T0268", "emu_id": "SEG01", "typicality_percentile": 67.5, "is_medoid": false, "in_position_pool": false, "pool_rank": null, "selection_rationale": "pool position never used this baseline"}}, {"type": "Feature", "geometry": {"type": "Polygon", "coordinates": [[[77.95347142396005, 16.45704490824363], [77.95347484263797, 16.457270606918485], [77.95370873308163, 16.4572673078206], [77.95370531413391, 16.457041609193485], [77.95347142396005, 16.45704490824363]]]}, "properties": {"name": "SFV-T0269", "emu_id": "SEG01", "typicality_percentile": 56.9, "is_medoid": false, "in_position_pool": false, "pool_rank": null, "selection_rationale": "pool position never used this baseline"}}, {"type": "Feature", "geometry": {"type": "Polygon", "coordinates": [[[77.95370531413391, 16.457041609193485], [77.95370873308163, 16.4572673078206], [77.95394262347178, 16.457264008462335], [77.9539392042543, 16.457038309882957], [77.95370531413391, 16.457041609193485]]]}, "properties": {"name": "SFV-T0305", "emu_id": "SEG01", "typicality_percentile": 63.9, "is_medoid": false, "in_position_pool": false, "pool_rank": null, "selection_rationale": "pool position never used this baseline"}}, {"type": "Feature", "geometry": {"type": "Polygon", "coordinates": [[[77.95370873308163, 16.4572673078206], [77.95371215208282, 16.45749300644217], [77.95394604274274, 16.457489707036164], [77.95394262347178, 16.457264008462335], [77.95370873308163, 16.4572673078206]]]}, "properties": {"name": "SFV-T0306", "emu_id": "SEG01", "typicality_percentile": 56.1, "is_medoid": false, "in_position_pool": false, "pool_rank": null, "selection_rationale": "pool position never used this baseline"}}, {"type": "Feature", "geometry": {"type": "Polygon", "coordinates": [[[77.95370189523972, 16.45681591056082], [77.95370531413391, 16.457041609193485], [77.9539392042543, 16.457038309882957], [77.95393578509032, 16.45681261129804], [77.95370189523972, 16.45681591056082]]]}, "properties": {"name": "SFV-T0304", "emu_id": "SEG01", "typicality_percentile": 72.9, "is_medoid": false, "in_position_pool": false, "pool_rank": null, "selection_rationale": "pool position never used this baseline"}}, {"type": "Feature", "geometry": {"type": "Polygon", "coordinates": [[[77.95136640998838, 16.45707458797795], [77.95136982623835, 16.457300287082273], [77.95160371716331, 16.457296990327826], [77.95160030064356, 16.45707129127121], [77.95136640998838, 16.45707458797795]]]}, "properties": {"name": "SFV-T0033", "emu_id": "SEG01", "typicality_percentile": 26.7, "is_medoid": false, "in_position_pool": false, "pool_rank": null, "selection_rationale": "pool position never used this baseline"}}, {"type": "Feature", "geometry": {"type": "Polygon", "coordinates": [[[77.95206124783535, 16.456613299137555], [77.9520646647877, 16.456838998109838], [77.95229855501272, 16.45683570066968], [77.9522951377906, 16.456610001745112], [77.95206124783535, 16.456613299137555]]]}, "properties": {"name": "SFV-T0102", "emu_id": "SEG01", "typicality_percentile": 51.0, "is_medoid": false, "in_position_pool": false, "pool_rank": null, "selection_rationale": "pool position never used this baseline"}}, {"type": "Feature", "geometry": {"type": "Polygon", "coordinates": [[[77.9522951377906, 16.456610001745112], [77.95229855501272, 16.45683570066968], [77.95253244518426, 16.45683240296914], [77.95252902769238, 16.45660670409229], [77.9522951377906, 16.456610001745112]]]}, "properties": {"name": "SFV-T0125", "emu_id": "SEG01", "typicality_percentile": 52.9, "is_medoid": false, "in_position_pool": false, "pool_rank": null, "selection_rationale": "pool position never used this baseline"}}, {"type": "Feature", "geometry": {"type": "Polygon", "coordinates": [[[77.95252902769238, 16.45660670409229], [77.95253244518426, 16.45683240296914], [77.95276633530233, 16.45682910500822], [77.95276291754068, 16.456603406179095], [77.95252902769238, 16.45660670409229]]]}, "properties": {"name": "SFV-T0149", "emu_id": "SEG01", "typicality_percentile": 55.3, "is_medoid": false, "in_position_pool": false, "pool_rank": null, "selection_rationale": "pool position never used this baseline"}}, {"type": "Feature", "geometry": {"type": "Polygon", "coordinates": [[[77.95276291754068, 16.456603406179095], [77.95276633530233, 16.45682910500822], [77.9530002253669, 16.456825806786934], [77.9529968073355, 16.45660010800553], [77.95276291754068, 16.456603406179095]]]}, "properties": {"name": "SFV-T0175", "emu_id": "SEG01", "typicality_percentile": 57.3, "is_medoid": false, "in_position_pool": false, "pool_rank": null, "selection_rationale": "pool position never used this baseline"}}, {"type": "Feature", "geometry": {"type": "Polygon", "coordinates": [[[77.9529968073355, 16.45660010800553], [77.9530002253669, 16.456825806786934], [77.95323411537801, 16.456822508305272], [77.95323069707682, 16.4565968095716], [77.9529968073355, 16.45660010800553]]]}, "properties": {"name": "SFV-T0204", "emu_id": "SEG01", "typicality_percentile": 62.4, "is_medoid": false, "in_position_pool": false, "pool_rank": null, "selection_rationale": "pool position never used this baseline"}}, {"type": "Feature", "geometry": {"type": "Polygon", "coordinates": [[[77.95275949983251, 16.456377707344416], [77.95276291754068, 16.456603406179095], [77.9529968073355, 16.45660010800553], [77.95299338935756, 16.45637440921858], [77.95275949983251, 16.456377707344416]]]}, "properties": {"name": "SFV-T0174", "emu_id": "SEG01", "typicality_percentile": 49.0, "is_medoid": false, "in_position_pool": false, "pool_rank": null, "selection_rationale": "pool position never used this baseline"}}, {"type": "Feature", "geometry": {"type": "Polygon", "coordinates": [[[77.95323069707682, 16.4565968095716], [77.95323411537801, 16.456822508305272], [77.95346800533561, 16.45681920956324], [77.95346458676468, 16.456593510877294], [77.95323069707682, 16.4565968095716]]]}, "properties": {"name": "SFV-T0235", "emu_id": "SEG01", "typicality_percentile": 67.1, "is_medoid": false, "in_position_pool": false, "pool_rank": null, "selection_rationale": "pool position never used this baseline"}}, {"type": "Feature", "geometry": {"type": "Polygon", "coordinates": [[[77.95346458676468, 16.456593510877294], [77.95346800533561, 16.45681920956324], [77.95370189523972, 16.45681591056082], [77.95369847639901, 16.45659021192262], [77.95346458676468, 16.456593510877294]]]}, "properties": {"name": "SFV-T0267", "emu_id": "SEG01", "typicality_percentile": 74.1, "is_medoid": false, "in_position_pool": false, "pool_rank": null, "selection_rationale": "pool position never used this baseline"}}, {"type": "Feature", "geometry": {"type": "Polygon", "coordinates": [[[77.95369847639901, 16.45659021192262], [77.95370189523972, 16.45681591056082], [77.95393578509032, 16.45681261129804], [77.95393236597987, 16.45658691270758], [77.95369847639901, 16.45659021192262]]]}, "properties": {"name": "SFV-T0303", "emu_id": "SEG01", "typicality_percentile": 75.7, "is_medoid": false, "in_position_pool": false, "pool_rank": null, "selection_rationale": "pool position never used this baseline"}}, {"type": "Feature", "geometry": {"type": "Polygon", "coordinates": [[[77.95275608217781, 16.4561520085042], [77.95275949983251, 16.456377707344416], [77.95299338935756, 16.45637440921858], [77.95298997143313, 16.45614871042609], [77.95275608217781, 16.4561520085042]]]}, "properties": {"name": "SFV-T0173", "emu_id": "SEG01", "typicality_percentile": 22.7, "is_medoid": false, "in_position_pool": false, "pool_rank": null, "selection_rationale": "pool position never used this baseline"}}, {"type": "Feature", "geometry": {"type": "Polygon", "coordinates": [[[77.95298997143313, 16.45614871042609], [77.95299338935756, 16.45637440921858], [77.95322727882913, 16.456371110832382], [77.95322386063495, 16.45614541208761], [77.95298997143313, 16.45614871042609]]]}, "properties": {"name": "SFV-T0202", "emu_id": "SEG01", "typicality_percentile": 20.4, "is_medoid": false, "in_position_pool": false, "pool_rank": null, "selection_rationale": "pool position never used this baseline"}}, {"type": "Feature", "geometry": {"type": "Polygon", "coordinates": [[[77.95299338935756, 16.45637440921858], [77.9529968073355, 16.45660010800553], [77.95323069707682, 16.4565968095716], [77.95322727882913, 16.456371110832382], [77.95299338935756, 16.45637440921858]]]}, "properties": {"name": "SFV-T0203", "emu_id": "SEG01", "typicality_percentile": 34.5, "is_medoid": false, "in_position_pool": false, "pool_rank": null, "selection_rationale": "pool position never used this baseline"}}, {"type": "Feature", "geometry": {"type": "Polygon", "coordinates": [[[77.95322386063495, 16.45614541208761], [77.95322727882913, 16.456371110832382], [77.95346116824723, 16.45636781218581], [77.95345774978328, 16.456142113488777], [77.95322386063495, 16.45614541208761]]]}, "properties": {"name": "SFV-T0233", "emu_id": "SEG01", "typicality_percentile": 28.6, "is_medoid": false, "in_position_pool": false, "pool_rank": null, "selection_rationale": "pool position never used this baseline"}}, {"type": "Feature", "geometry": {"type": "Polygon", "coordinates": [[[77.95322727882913, 16.456371110832382], [77.95323069707682, 16.4565968095716], [77.95346458676468, 16.456593510877294], [77.95346116824723, 16.45636781218581], [77.95322727882913, 16.456371110832382]]]}, "properties": {"name": "SFV-T0234", "emu_id": "SEG01", "typicality_percentile": 64.7, "is_medoid": false, "in_position_pool": false, "pool_rank": null, "selection_rationale": "pool position never used this baseline"}}, {"type": "Feature", "geometry": {"type": "Polygon", "coordinates": [[[77.95345774978328, 16.456142113488777], [77.95346116824723, 16.45636781218581], [77.95369505761181, 16.456364513278867], [77.95369163887811, 16.456138814629583], [77.95345774978328, 16.456142113488777]]]}, "properties": {"name": "SFV-T0265", "emu_id": "SEG01", "typicality_percentile": 73.7, "is_medoid": false, "in_position_pool": false, "pool_rank": null, "selection_rationale": "pool position never used this baseline"}}, {"type": "Feature", "geometry": {"type": "Polygon", "coordinates": [[[77.95346116824723, 16.45636781218581], [77.95346458676468, 16.456593510877294], [77.95369847639901, 16.45659021192262], [77.95369505761181, 16.456364513278867], [77.95346116824723, 16.45636781218581]]]}, "properties": {"name": "SFV-T0266", "emu_id": "SEG01", "typicality_percentile": 66.3, "is_medoid": false, "in_position_pool": false, "pool_rank": null, "selection_rationale": "pool position never used this baseline"}}, {"type": "Feature", "geometry": {"type": "Polygon", "coordinates": [[[77.95369163887811, 16.456138814629583], [77.95369505761181, 16.456364513278867], [77.9539289469229, 16.45636121411157], [77.95392552791944, 16.456135515510024], [77.95369163887811, 16.456138814629583]]]}, "properties": {"name": "SFV-T0301", "emu_id": "SEG01", "typicality_percentile": 72.5, "is_medoid": false, "in_position_pool": false, "pool_rank": null, "selection_rationale": "pool position never used this baseline"}}, {"type": "Feature", "geometry": {"type": "Polygon", "coordinates": [[[77.95369505761181, 16.456364513278867], [77.95369847639901, 16.45659021192262], [77.95393236597987, 16.45658691270758], [77.9539289469229, 16.45636121411157], [77.95369505761181, 16.456364513278867]]]}, "properties": {"name": "SFV-T0302", "emu_id": "SEG01", "typicality_percentile": 70.6, "is_medoid": false, "in_position_pool": false, "pool_rank": null, "selection_rationale": "pool position never used this baseline"}}, {"type": "Feature", "geometry": {"type": "Polygon", "coordinates": [[[77.95345433137281, 16.455916414786206], [77.95345774978328, 16.456142113488777], [77.95369163887811, 16.456138814629583], [77.9536882201979, 16.455913115974745], [77.95345433137281, 16.455916414786206]]]}, "properties": {"name": "SFV-T0264", "emu_id": "SEG01", "typicality_percentile": 38.8, "is_medoid": false, "in_position_pool": false, "pool_rank": null, "selection_rationale": "pool position never used this baseline"}}, {"type": "Feature", "geometry": {"type": "Polygon", "coordinates": [[[77.95368138299798, 16.455461718648436], [77.95368480157119, 16.455687417314365], [77.95391869007304, 16.455684118290282], [77.95391527123009, 16.455458419672095], [77.95368138299798, 16.455461718648436]]]}, "properties": {"name": "SFV-T0298", "emu_id": "SEG01", "typicality_percentile": 29.0, "is_medoid": false, "in_position_pool": false, "pool_rank": null, "selection_rationale": "pool position never used this baseline"}}, {"type": "Feature", "geometry": {"type": "Polygon", "coordinates": [[[77.95368480157119, 16.455687417314365], [77.9536882201979, 16.455913115974745], [77.9539221089695, 16.455909816902924], [77.95391869007304, 16.455684118290282], [77.95368480157119, 16.455687417314365]]]}, "properties": {"name": "SFV-T0299", "emu_id": "SEG01", "typicality_percentile": 23.1, "is_medoid": false, "in_position_pool": false, "pool_rank": null, "selection_rationale": "pool position never used this baseline"}}, {"type": "Feature", "geometry": {"type": "Polygon", "coordinates": [[[77.9536882201979, 16.455913115974745], [77.95369163887811, 16.456138814629583], [77.95392552791944, 16.456135515510024], [77.9539221089695, 16.455909816902924], [77.9536882201979, 16.455913115974745]]]}, "properties": {"name": "SFV-T0300", "emu_id": "SEG01", "typicality_percentile": 29.4, "is_medoid": false, "in_position_pool": false, "pool_rank": null, "selection_rationale": "pool position never used this baseline"}}, {"type": "Feature", "geometry": {"type": "Polygon", "coordinates": [[[77.95391527123009, 16.455458419672095], [77.95391869007304, 16.455684118290282], [77.95415257852137, 16.455680819005853], [77.95414915940869, 16.45545512043541], [77.95391527123009, 16.455458419672095]]]}, "properties": {"name": "SFV-T0331", "emu_id": "SEG01", "typicality_percentile": 24.3, "is_medoid": false, "in_position_pool": false, "pool_rank": null, "selection_rationale": "pool position never used this baseline"}}, {"type": "Feature", "geometry": {"type": "Polygon", "coordinates": [[[77.95391869007304, 16.455684118290282], [77.9539221089695, 16.455909816902924], [77.95415599768758, 16.45590651757075], [77.95415257852137, 16.455680819005853], [77.95391869007304, 16.455684118290282]]]}, "properties": {"name": "SFV-T0332", "emu_id": "SEG01", "typicality_percentile": 21.2, "is_medoid": false, "in_position_pool": false, "pool_rank": null, "selection_rationale": "pool position never used this baseline"}}, {"type": "Feature", "geometry": {"type": "Polygon", "coordinates": [[[77.9539221089695, 16.455909816902924], [77.95392552791944, 16.456135515510024], [77.95415941690727, 16.456132216130097], [77.95415599768758, 16.45590651757075], [77.9539221089695, 16.455909816902924]]]}, "properties": {"name": "SFV-T0333", "emu_id": "SEG01", "typicality_percentile": 25.1, "is_medoid": false, "in_position_pool": false, "pool_rank": null, "selection_rationale": "pool position never used this baseline"}}, {"type": "Feature", "geometry": {"type": "Polygon", "coordinates": [[[77.95392552791944, 16.456135515510024], [77.9539289469229, 16.45636121411157], [77.95416283618049, 16.4563579146839], [77.95415941690727, 16.456132216130097], [77.95392552791944, 16.456135515510024]]]}, "properties": {"name": "SFV-T0334", "emu_id": "SEG01", "typicality_percentile": 74.5, "is_medoid": false, "in_position_pool": false, "pool_rank": null, "selection_rationale": "pool position never used this baseline"}}, {"type": "Feature", "geometry": {"type": "Polygon", "coordinates": [[[77.9539289469229, 16.45636121411157], [77.95393236597987, 16.45658691270758], [77.9541662555072, 16.456583613232166], [77.95416283618049, 16.4563579146839], [77.9539289469229, 16.45636121411157]]]}, "properties": {"name": "SFV-T0335", "emu_id": "SEG01", "typicality_percentile": 80.4, "is_medoid": false, "in_position_pool": false, "pool_rank": null, "selection_rationale": "pool position never used this baseline"}}, {"type": "Feature", "geometry": {"type": "Polygon", "coordinates": [[[77.95393236597987, 16.45658691270758], [77.95393578509032, 16.45681261129804], [77.95416967488744, 16.456809311774883], [77.9541662555072, 16.456583613232166], [77.95393236597987, 16.45658691270758]]]}, "properties": {"name": "SFV-T0336", "emu_id": "SEG01", "typicality_percentile": 83.9, "is_medoid": false, "in_position_pool": false, "pool_rank": null, "selection_rationale": "pool position never used this baseline"}}, {"type": "Feature", "geometry": {"type": "Polygon", "coordinates": [[[77.95416283618049, 16.4563579146839], [77.9541662555072, 16.456583613232166], [77.95440014498105, 16.456580313496385], [77.95439827927484, 16.45645717452462], [77.9542412, 16.456476], [77.9542321, 16.4564317], [77.9542343176966, 16.456356906256755], [77.95416283618049, 16.4563579146839]]]}, "properties": {"name": "SFV-T0357", "emu_id": "SEG01", "typicality_percentile": 78.0, "is_medoid": false, "in_position_pool": false, "pool_rank": null, "selection_rationale": "pool position never used this baseline"}}, {"type": "Feature", "geometry": {"type": "Polygon", "coordinates": [[[77.9541662555072, 16.456583613232166], [77.95416967488744, 16.456809311774883], [77.95440356463102, 16.45680601199135], [77.95440014498105, 16.456580313496385], [77.9541662555072, 16.456583613232166]]]}, "properties": {"name": "SFV-T0358", "emu_id": "SEG01", "typicality_percentile": 85.5, "is_medoid": false, "in_position_pool": false, "pool_rank": null, "selection_rationale": "pool position never used this baseline"}}, {"type": "Feature", "geometry": {"type": "Polygon", "coordinates": [[[77.95440014498105, 16.456580313496385], [77.95463403440138, 16.456577013500237], [77.95463179449202, 16.456429188212756], [77.95439827927484, 16.45645717452462], [77.95440014498105, 16.456580313496385]]]}, "properties": {"name": "SFV-T0375", "emu_id": "SEG01", "typicality_percentile": 82.4, "is_medoid": false, "in_position_pool": false, "pool_rank": null, "selection_rationale": "pool position never used this baseline"}}, {"type": "Feature", "geometry": {"type": "Polygon", "coordinates": [[[77.95440014498105, 16.456580313496385], [77.95440356463102, 16.45680601199135], [77.95463745432112, 16.45680271194745], [77.95463403440138, 16.456577013500237], [77.95440014498105, 16.456580313496385]]]}, "properties": {"name": "SFV-T0376", "emu_id": "SEG01", "typicality_percentile": 96.1, "is_medoid": false, "in_position_pool": false, "pool_rank": null, "selection_rationale": "pool position never used this baseline"}}, {"type": "Feature", "geometry": {"type": "Polygon", "coordinates": [[[77.95463403440138, 16.456577013500237], [77.95486792376818, 16.456573713243717], [77.95486510627933, 16.45638778442015], [77.95468760000001, 16.45642249999999], [77.95463179449202, 16.456429188212756], [77.95463403440138, 16.456577013500237]]]}, "properties": {"name": "SFV-T0387", "emu_id": "SEG01", "typicality_percentile": 79.2, "is_medoid": false, "in_position_pool": false, "pool_rank": null, "selection_rationale": "pool position never used this baseline"}}, {"type": "Feature", "geometry": {"type": "Polygon", "coordinates": [[[77.95463403440138, 16.456577013500237], [77.95463745432112, 16.45680271194745], [77.95487134395769, 16.45679941164317], [77.95486792376818, 16.456573713243717], [77.95463403440138, 16.456577013500237]]]}, "properties": {"name": "SFV-T0388", "emu_id": "SEG01", "typicality_percentile": 94.1, "is_medoid": false, "in_position_pool": false, "pool_rank": null, "selection_rationale": "pool position never used this baseline"}}, {"type": "Feature", "geometry": {"type": "Polygon", "coordinates": [[[77.95486792376818, 16.456573713243717], [77.95487134395769, 16.45679941164317], [77.95510523354075, 16.456796111078532], [77.95510181308147, 16.45657041272683], [77.95486792376818, 16.456573713243717]]]}, "properties": {"name": "SFV-T0399", "emu_id": "SEG01", "typicality_percentile": 92.5, "is_medoid": false, "in_position_pool": false, "pool_rank": null, "selection_rationale": "pool position never used this baseline"}}, {"type": "Feature", "geometry": {"type": "Polygon", "coordinates": [[[77.95393578509032, 16.45681261129804], [77.9539392042543, 16.457038309882957], [77.95417309432116, 16.457035010312058], [77.95416967488744, 16.456809311774883], [77.95393578509032, 16.45681261129804]]]}, "properties": {"name": "SFV-T0337", "emu_id": "SEG01", "typicality_percentile": 85.9, "is_medoid": false, "in_position_pool": true, "pool_rank": 2, "selection_rationale": "best-scoring position in its spatial region \u2014 extends coverage of the EMU"}}, {"type": "Feature", "geometry": {"type": "Polygon", "coordinates": [[[77.9539392042543, 16.457038309882957], [77.95394262347178, 16.457264008462335], [77.9541765138084, 16.457260708843688], [77.95417309432116, 16.457035010312058], [77.9539392042543, 16.457038309882957]]]}, "properties": {"name": "SFV-T0338", "emu_id": "SEG01", "typicality_percentile": 77.6, "is_medoid": false, "in_position_pool": false, "pool_rank": null, "selection_rationale": "pool position never used this baseline"}}, {"type": "Feature", "geometry": {"type": "Polygon", "coordinates": [[[77.95394262347178, 16.457264008462335], [77.95394604274274, 16.457489707036164], [77.95417993334917, 16.45748640736977], [77.9541765138084, 16.457260708843688], [77.95394262347178, 16.457264008462335]]]}, "properties": {"name": "SFV-T0339", "emu_id": "SEG01", "typicality_percentile": 87.1, "is_medoid": false, "in_position_pool": false, "pool_rank": null, "selection_rationale": "pool position never used this baseline"}}, {"type": "Feature", "geometry": {"type": "Polygon", "coordinates": [[[77.95416967488744, 16.456809311774883], [77.95417309432116, 16.457035010312058], [77.95440698433453, 16.457031710480774], [77.95440356463102, 16.45680601199135], [77.95416967488744, 16.456809311774883]]]}, "properties": {"name": "SFV-T0359", "emu_id": "SEG01", "typicality_percentile": 85.1, "is_medoid": false, "in_position_pool": false, "pool_rank": null, "selection_rationale": "pool position never used this baseline"}}, {"type": "Feature", "geometry": {"type": "Polygon", "coordinates": [[[77.95417309432116, 16.457035010312058], [77.9541765138084, 16.457260708843688], [77.95441040409153, 16.457257408964665], [77.95440698433453, 16.457031710480774], [77.95417309432116, 16.457035010312058]]]}, "properties": {"name": "SFV-T0360", "emu_id": "SEG01", "typicality_percentile": 80.0, "is_medoid": false, "in_position_pool": false, "pool_rank": null, "selection_rationale": "pool position never used this baseline"}}, {"type": "Feature", "geometry": {"type": "Polygon", "coordinates": [[[77.9541765138084, 16.457260708843688], [77.95417993334917, 16.45748640736977], [77.95441382390207, 16.45748310744299], [77.95441040409153, 16.457257408964665], [77.9541765138084, 16.457260708843688]]]}, "properties": {"name": "SFV-T0361", "emu_id": "SEG01", "typicality_percentile": 75.3, "is_medoid": false, "in_position_pool": false, "pool_rank": null, "selection_rationale": "pool position never used this baseline"}}, {"type": "Feature", "geometry": {"type": "Polygon", "coordinates": [[[77.95417993334917, 16.45748640736977], [77.95418335294342, 16.457712105890305], [77.9544172437661, 16.45770880591578], [77.95441382390207, 16.45748310744299], [77.95417993334917, 16.45748640736977]]]}, "properties": {"name": "SFV-T0362", "emu_id": "SEG01", "typicality_percentile": 65.5, "is_medoid": false, "in_position_pool": false, "pool_rank": null, "selection_rationale": "pool position never used this baseline"}}, {"type": "Feature", "geometry": {"type": "Polygon", "coordinates": [[[77.95418335294342, 16.457712105890305], [77.95418677259119, 16.4579378044053], [77.95442066368365, 16.457934504383022], [77.9544172437661, 16.45770880591578], [77.95418335294342, 16.457712105890305]]]}, "properties": {"name": "SFV-T0363", "emu_id": "SEG01", "typicality_percentile": 61.2, "is_medoid": false, "in_position_pool": false, "pool_rank": null, "selection_rationale": "pool position never used this baseline"}}, {"type": "Feature", "geometry": {"type": "Polygon", "coordinates": [[[77.95440698433453, 16.457031710480774], [77.95441040409153, 16.457257408964665], [77.95464429432117, 16.45725410882525], [77.95464087429438, 16.457028410389125], [77.95440698433453, 16.457031710480774]]]}, "properties": {"name": "SFV-T0378", "emu_id": "SEG01", "typicality_percentile": 83.1, "is_medoid": false, "in_position_pool": false, "pool_rank": null, "selection_rationale": "pool position never used this baseline"}}, {"type": "Feature", "geometry": {"type": "Polygon", "coordinates": [[[77.95441040409153, 16.457257408964665], [77.95441382390207, 16.45748310744299], [77.95464771440146, 16.45747980725583], [77.95464429432117, 16.45725410882525], [77.95441040409153, 16.457257408964665]]]}, "properties": {"name": "SFV-T0379", "emu_id": "SEG01", "typicality_percentile": 78.4, "is_medoid": false, "in_position_pool": false, "pool_rank": null, "selection_rationale": "pool position never used this baseline"}}, {"type": "Feature", "geometry": {"type": "Polygon", "coordinates": [[[77.95441382390207, 16.45748310744299], [77.9544172437661, 16.45770880591578], [77.95465113453528, 16.457705505680867], [77.95464771440146, 16.45747980725583], [77.95441382390207, 16.45748310744299]]]}, "properties": {"name": "SFV-T0380", "emu_id": "SEG01", "typicality_percentile": 92.2, "is_medoid": false, "in_position_pool": false, "pool_rank": null, "selection_rationale": "pool position never used this baseline"}}, {"type": "Feature", "geometry": {"type": "Polygon", "coordinates": [[[77.9544172437661, 16.45770880591578], [77.95442066368365, 16.457934504383022], [77.95465455472261, 16.457931204100355], [77.95465113453528, 16.457705505680867], [77.9544172437661, 16.45770880591578]]]}, "properties": {"name": "SFV-T0381", "emu_id": "SEG01", "typicality_percentile": 87.8, "is_medoid": false, "in_position_pool": false, "pool_rank": null, "selection_rationale": "pool position never used this baseline"}}, {"type": "Feature", "geometry": {"type": "Polygon", "coordinates": [[[77.95464429432117, 16.45725410882525], [77.95464771440146, 16.45747980725583], [77.95488160484734, 16.457476506808284], [77.95487818449728, 16.457250808425464], [77.95464429432117, 16.45725410882525]]]}, "properties": {"name": "SFV-T0391", "emu_id": "SEG01", "typicality_percentile": 95.7, "is_medoid": false, "in_position_pool": false, "pool_rank": null, "selection_rationale": "pool position never used this baseline"}}, {"type": "Feature", "geometry": {"type": "Polygon", "coordinates": [[[77.95464771440146, 16.45747980725583], [77.95465113453528, 16.457705505680867], [77.95488502525093, 16.45770220518557], [77.95488160484734, 16.457476506808284], [77.95464771440146, 16.45747980725583]]]}, "properties": {"name": "SFV-T0392", "emu_id": "SEG01", "typicality_percentile": 94.5, "is_medoid": false, "in_position_pool": false, "pool_rank": null, "selection_rationale": "pool position never used this baseline"}}, {"type": "Feature", "geometry": {"type": "Polygon", "coordinates": [[[77.95440356463102, 16.45680601199135], [77.95440698433453, 16.457031710480774], [77.95464087429438, 16.457028410389125], [77.95463745432112, 16.45680271194745], [77.95440356463102, 16.45680601199135]]]}, "properties": {"name": "SFV-T0377", "emu_id": "SEG01", "typicality_percentile": 98.0, "is_medoid": false, "in_position_pool": false, "pool_rank": null, "selection_rationale": "pool position never used this baseline"}}, {"type": "Feature", "geometry": {"type": "Polygon", "coordinates": [[[77.95463745432112, 16.45680271194745], [77.95464087429438, 16.457028410389125], [77.95487476420072, 16.457025110037094], [77.95487134395769, 16.45679941164317], [77.95463745432112, 16.45680271194745]]]}, "properties": {"name": "SFV-T0389", "emu_id": "SEG01", "typicality_percentile": 97.6, "is_medoid": false, "in_position_pool": false, "pool_rank": null, "selection_rationale": "pool position never used this baseline"}}, {"type": "Feature", "geometry": {"type": "Polygon", "coordinates": [[[77.95464087429438, 16.457028410389125], [77.95464429432117, 16.45725410882525], [77.95487818449728, 16.457250808425464], [77.95487476420072, 16.457025110037094], [77.95464087429438, 16.457028410389125]]]}, "properties": {"name": "SFV-T0390", "emu_id": "SEG01", "typicality_percentile": 95.3, "is_medoid": false, "in_position_pool": false, "pool_rank": null, "selection_rationale": "pool position never used this baseline"}}, {"type": "Feature", "geometry": {"type": "Polygon", "coordinates": [[[77.95487134395769, 16.45679941164317], [77.95487476420072, 16.457025110037094], [77.95510865405353, 16.457021809424685], [77.95510523354075, 16.456796111078532], [77.95487134395769, 16.45679941164317]]]}, "properties": {"name": "SFV-T0400", "emu_id": "SEG01", "typicality_percentile": 98.4, "is_medoid": false, "in_position_pool": false, "pool_rank": null, "selection_rationale": "pool position never used this baseline"}}, {"type": "Feature", "geometry": {"type": "Polygon", "coordinates": [[[77.95487476420072, 16.457025110037094], [77.95487818449728, 16.457250808425464], [77.95511207461985, 16.457247507765295], [77.95510865405353, 16.457021809424685], [77.95487476420072, 16.457025110037094]]]}, "properties": {"name": "SFV-T0401", "emu_id": "SEG01", "typicality_percentile": 96.5, "is_medoid": false, "in_position_pool": false, "pool_rank": null, "selection_rationale": "pool position never used this baseline"}}, {"type": "Feature", "geometry": {"type": "Polygon", "coordinates": [[[77.95487818449728, 16.457250808425464], [77.95488160484734, 16.457476506808284], [77.9551154952397, 16.457473206100357], [77.95511207461985, 16.457247507765295], [77.95487818449728, 16.457250808425464]]]}, "properties": {"name": "SFV-T0402", "emu_id": "SEG01", "typicality_percentile": 81.6, "is_medoid": false, "in_position_pool": false, "pool_rank": null, "selection_rationale": "pool position never used this baseline"}}, {"type": "Feature", "geometry": {"type": "Polygon", "coordinates": [[[77.95488160484734, 16.457476506808284], [77.95488502525093, 16.45770220518557], [77.95511891591306, 16.457698904429876], [77.9551154952397, 16.457473206100357], [77.95488160484734, 16.457476506808284]]]}, "properties": {"name": "SFV-T0403", "emu_id": "SEG01", "typicality_percentile": 93.3, "is_medoid": false, "in_position_pool": false, "pool_rank": null, "selection_rationale": "pool position never used this baseline"}}, {"type": "Feature", "geometry": {"type": "Polygon", "coordinates": [[[77.95510865405353, 16.457021809424685], [77.95511207461985, 16.457247507765295], [77.95534596468892, 16.457244206844752], [77.95534254385284, 16.4570185085519], [77.95510865405353, 16.457021809424685]]]}, "properties": {"name": "SFV-T0411", "emu_id": "SEG01", "typicality_percentile": 90.6, "is_medoid": false, "in_position_pool": false, "pool_rank": null, "selection_rationale": "pool position never used this baseline"}}, {"type": "Feature", "geometry": {"type": "Polygon", "coordinates": [[[77.95511207461985, 16.457247507765295], [77.9551154952397, 16.457473206100357], [77.95534938557853, 16.457469905132047], [77.95534596468892, 16.457244206844752], [77.95511207461985, 16.457247507765295]]]}, "properties": {"name": "SFV-T0412", "emu_id": "SEG01", "typicality_percentile": 89.8, "is_medoid": false, "in_position_pool": false, "pool_rank": null, "selection_rationale": "pool position never used this baseline"}}, {"type": "Feature", "geometry": {"type": "Polygon", "coordinates": [[[77.9551154952397, 16.457473206100357], [77.95511891591306, 16.457698904429876], [77.95535280652167, 16.457695603413804], [77.95534938557853, 16.457469905132047], [77.9551154952397, 16.457473206100357]]]}, "properties": {"name": "SFV-T0413", "emu_id": "SEG01", "typicality_percentile": 89.0, "is_medoid": false, "in_position_pool": false, "pool_rank": null, "selection_rationale": "pool position never used this baseline"}}, {"type": "Feature", "geometry": {"type": "Polygon", "coordinates": [[[77.95511891591306, 16.457698904429876], [77.95512233663997, 16.45792460275385], [77.95535622751835, 16.457921301690007], [77.95535280652167, 16.457695603413804], [77.95511891591306, 16.457698904429876]]]}, "properties": {"name": "SFV-T0414", "emu_id": "SEG01", "typicality_percentile": 84.3, "is_medoid": false, "in_position_pool": false, "pool_rank": null, "selection_rationale": "pool position never used this baseline"}}, {"type": "Feature", "geometry": {"type": "Polygon", "coordinates": [[[77.95534938557853, 16.457469905132047], [77.95535280652167, 16.457695603413804], [77.95558669707675, 16.457692302137342], [77.95558327586383, 16.457466603903356], [77.95534938557853, 16.457469905132047]]]}, "properties": {"name": "SFV-T0423", "emu_id": "SEG01", "typicality_percentile": 69.4, "is_medoid": false, "in_position_pool": false, "pool_rank": null, "selection_rationale": "pool position never used this baseline"}}, {"type": "Feature", "geometry": {"type": "Polygon", "coordinates": [[[77.95535280652167, 16.457695603413804], [77.95535622751835, 16.457921301690007], [77.95559011834321, 16.45791800036578], [77.95558669707675, 16.457692302137342], [77.95535280652167, 16.457695603413804]]]}, "properties": {"name": "SFV-T0424", "emu_id": "SEG01", "typicality_percentile": 90.2, "is_medoid": false, "in_position_pool": false, "pool_rank": null, "selection_rationale": "pool position never used this baseline"}}, {"type": "Feature", "geometry": {"type": "Polygon", "coordinates": [[[77.95134249773531, 16.45549469409248], [77.95157638650218, 16.455491397719662], [77.95157338464509, 16.455293067056413], [77.95133953206447, 16.455298738734147], [77.95134249773531, 16.45549469409248]]]}, "properties": {"name": "SFV-T0025", "emu_id": "SEG01", "typicality_percentile": 27.1, "is_medoid": false, "in_position_pool": false, "pool_rank": null, "selection_rationale": "pool position never used this baseline"}}, {"type": "Feature", "geometry": {"type": "Polygon", "coordinates": [[[77.95134249773531, 16.45549469409248], [77.95134591361109, 16.4557203932356], [77.95157980264771, 16.455717096815086], [77.95157638650218, 16.455491397719662], [77.95134249773531, 16.45549469409248]]]}, "properties": {"name": "SFV-T0026", "emu_id": "SEG01", "typicality_percentile": 27.8, "is_medoid": false, "in_position_pool": false, "pool_rank": null, "selection_rationale": "pool position never used this baseline"}}, {"type": "Feature", "geometry": {"type": "Polygon", "coordinates": [[[77.95134591361109, 16.4557203932356], [77.95134932954032, 16.45594609237319], [77.95158321884671, 16.455942795904964], [77.95157980264771, 16.455717096815086], [77.95134591361109, 16.4557203932356]]]}, "properties": {"name": "SFV-T0027", "emu_id": "SEG01", "typicality_percentile": 27.5, "is_medoid": false, "in_position_pool": false, "pool_rank": null, "selection_rationale": "pool position never used this baseline"}}, {"type": "Feature", "geometry": {"type": "Polygon", "coordinates": [[[77.95134932954032, 16.45594609237319], [77.95135274552302, 16.45617179150523], [77.95158663509916, 16.456168494989296], [77.95158321884671, 16.455942795904964], [77.95134932954032, 16.45594609237319]]]}, "properties": {"name": "SFV-T0028", "emu_id": "SEG01", "typicality_percentile": 42.0, "is_medoid": false, "in_position_pool": false, "pool_rank": null, "selection_rationale": "pool position never used this baseline"}}, {"type": "Feature", "geometry": {"type": "Polygon", "coordinates": [[[77.95135274552302, 16.45617179150523], [77.95135616155918, 16.456397490631723], [77.95159005140506, 16.45639419406809], [77.95158663509916, 16.456168494989296], [77.95135274552302, 16.45617179150523]]]}, "properties": {"name": "SFV-T0029", "emu_id": "SEG01", "typicality_percentile": 58.8, "is_medoid": false, "in_position_pool": false, "pool_rank": null, "selection_rationale": "pool position never used this baseline"}}, {"type": "Feature", "geometry": {"type": "Polygon", "coordinates": [[[77.95135616155918, 16.456397490631723], [77.95135957764879, 16.456623189752673], [77.95159346776443, 16.45661989314134], [77.95159005140506, 16.45639419406809], [77.95135616155918, 16.456397490631723]]]}, "properties": {"name": "SFV-T0030", "emu_id": "SEG01", "typicality_percentile": 42.7, "is_medoid": false, "in_position_pool": false, "pool_rank": null, "selection_rationale": "pool position never used this baseline"}}, {"type": "Feature", "geometry": {"type": "Polygon", "coordinates": [[[77.95157638650218, 16.455491397719662], [77.95181027521562, 16.455488101086488], [77.95180723716656, 16.455287395119328], [77.95157338464509, 16.455293067056413], [77.95157638650218, 16.455491397719662]]]}, "properties": {"name": "SFV-T0049", "emu_id": "SEG01", "typicality_percentile": 29.8, "is_medoid": false, "in_position_pool": false, "pool_rank": null, "selection_rationale": "pool position never used this baseline"}}, {"type": "Feature", "geometry": {"type": "Polygon", "coordinates": [[[77.95157638650218, 16.455491397719662], [77.95157980264771, 16.455717096815086], [77.95181369163089, 16.455713800134205], [77.95181027521562, 16.455488101086488], [77.95157638650218, 16.455491397719662]]]}, "properties": {"name": "SFV-T0050", "emu_id": "SEG01", "typicality_percentile": 30.2, "is_medoid": false, "in_position_pool": false, "pool_rank": null, "selection_rationale": "pool position never used this baseline"}}, {"type": "Feature", "geometry": {"type": "Polygon", "coordinates": [[[77.95157980264771, 16.455717096815086], [77.95158321884671, 16.455942795904964], [77.95181710809963, 16.45593949917638], [77.95181369163089, 16.455713800134205], [77.95157980264771, 16.455717096815086]]]}, "properties": {"name": "SFV-T0051", "emu_id": "SEG01", "typicality_percentile": 35.7, "is_medoid": false, "in_position_pool": false, "pool_rank": null, "selection_rationale": "pool position never used this baseline"}}, {"type": "Feature", "geometry": {"type": "Polygon", "coordinates": [[[77.95158321884671, 16.455942795904964], [77.95158663509916, 16.456168494989296], [77.95182052462182, 16.456165198213007], [77.95181710809963, 16.45593949917638], [77.95158321884671, 16.455942795904964]]]}, "properties": {"name": "SFV-T0052", "emu_id": "SEG01", "typicality_percentile": 34.1, "is_medoid": false, "in_position_pool": false, "pool_rank": null, "selection_rationale": "pool position never used this baseline"}}, {"type": "Feature", "geometry": {"type": "Polygon", "coordinates": [[[77.95158663509916, 16.456168494989296], [77.95159005140506, 16.45639419406809], [77.95182394119749, 16.45639089724409], [77.95182052462182, 16.456165198213007], [77.95158663509916, 16.456168494989296]]]}, "properties": {"name": "SFV-T0053", "emu_id": "SEG01", "typicality_percentile": 44.7, "is_medoid": false, "in_position_pool": false, "pool_rank": null, "selection_rationale": "pool position never used this baseline"}}, {"type": "Feature", "geometry": {"type": "Polygon", "coordinates": [[[77.95159005140506, 16.45639419406809], [77.95159346776443, 16.45661989314134], [77.95182735782662, 16.456616596269637], [77.95182394119749, 16.45639089724409], [77.95159005140506, 16.45639419406809]]]}, "properties": {"name": "SFV-T0054", "emu_id": "SEG01", "typicality_percentile": 36.9, "is_medoid": false, "in_position_pool": false, "pool_rank": null, "selection_rationale": "pool position never used this baseline"}}, {"type": "Feature", "geometry": {"type": "Polygon", "coordinates": [[[77.95159346776443, 16.45661989314134], [77.95159688417726, 16.456845592209042], [77.95183077450922, 16.456842295289633], [77.95182735782662, 16.456616596269637], [77.95159346776443, 16.45661989314134]]]}, "properties": {"name": "SFV-T0055", "emu_id": "SEG01", "typicality_percentile": 40.8, "is_medoid": false, "in_position_pool": false, "pool_rank": null, "selection_rationale": "pool position never used this baseline"}}, {"type": "Feature", "geometry": {"type": "Polygon", "coordinates": [[[77.95181027521562, 16.455488101086488], [77.95181369163089, 16.455713800134205], [77.95204758056059, 16.455710503192975], [77.95204416387557, 16.455484804192967], [77.95181027521562, 16.455488101086488]]]}, "properties": {"name": "SFV-T0074", "emu_id": "SEG01", "typicality_percentile": 36.1, "is_medoid": false, "in_position_pool": false, "pool_rank": null, "selection_rationale": "pool position never used this baseline"}}, {"type": "Feature", "geometry": {"type": "Polygon", "coordinates": [[[77.95181369163089, 16.455713800134205], [77.95181710809963, 16.45593949917638], [77.95205099729908, 16.45593620218743], [77.95204758056059, 16.455710503192975], [77.95181369163089, 16.455713800134205]]]}, "properties": {"name": "SFV-T0075", "emu_id": "SEG01", "typicality_percentile": 39.2, "is_medoid": false, "in_position_pool": false, "pool_rank": null, "selection_rationale": "pool position never used this baseline"}}, {"type": "Feature", "geometry": {"type": "Polygon", "coordinates": [[[77.95182394119749, 16.45639089724409], [77.95182735782662, 16.456616596269637], [77.95206124783535, 16.456613299137555], [77.95205783093645, 16.456387600159722], [77.95182394119749, 16.45639089724409]]]}, "properties": {"name": "SFV-T0078", "emu_id": "SEG01", "typicality_percentile": 34.9, "is_medoid": false, "in_position_pool": false, "pool_rank": null, "selection_rationale": "pool position never used this baseline"}}, {"type": "Feature", "geometry": {"type": "Polygon", "coordinates": [[[77.95204758056059, 16.455710503192975], [77.95205099729908, 16.45593620218743], [77.95228488644507, 16.455932904938127], [77.95228146943683, 16.455707205991377], [77.95204758056059, 16.455710503192975]]]}, "properties": {"name": "SFV-T0098", "emu_id": "SEG01", "typicality_percentile": 38.0, "is_medoid": false, "in_position_pool": false, "pool_rank": null, "selection_rationale": "pool position never used this baseline"}}, {"type": "Feature", "geometry": {"type": "Polygon", "coordinates": [[[77.95135957764879, 16.456623189752673], [77.95136299379186, 16.456848888868084], [77.95159688417726, 16.456845592209042], [77.95159346776443, 16.45661989314134], [77.95135957764879, 16.456623189752673]]]}, "properties": {"name": "SFV-T0031", "emu_id": "SEG01", "typicality_percentile": 43.9, "is_medoid": false, "in_position_pool": false, "pool_rank": null, "selection_rationale": "pool position never used this baseline"}}, {"type": "Feature", "geometry": {"type": "Polygon", "coordinates": [[[77.95181027521562, 16.455488101086488], [77.95204416387557, 16.455484804192967], [77.95204108962889, 16.455281722922894], [77.95180723716656, 16.455287395119328], [77.95181027521562, 16.455488101086488]]]}, "properties": {"name": "SFV-T0073", "emu_id": "SEG01", "typicality_percentile": 37.6, "is_medoid": false, "in_position_pool": false, "pool_rank": null, "selection_rationale": "pool position never used this baseline"}}, {"type": "Feature", "geometry": {"type": "Polygon", "coordinates": [[[77.95204416387557, 16.455484804192967], [77.95227805248207, 16.45548150703909], [77.9522749420321, 16.455276050467123], [77.95204108962889, 16.455281722922894], [77.95204416387557, 16.455484804192967]]]}, "properties": {"name": "SFV-T0096", "emu_id": "SEG01", "typicality_percentile": 42.4, "is_medoid": false, "in_position_pool": false, "pool_rank": null, "selection_rationale": "pool position never used this baseline"}}, {"type": "Feature", "geometry": {"type": "Polygon", "coordinates": [[[77.95204416387557, 16.455484804192967], [77.95204758056059, 16.455710503192975], [77.95228146943683, 16.455707205991377], [77.95227805248207, 16.45548150703909], [77.95204416387557, 16.455484804192967]]]}, "properties": {"name": "SFV-T0097", "emu_id": "SEG01", "typicality_percentile": 45.1, "is_medoid": false, "in_position_pool": false, "pool_rank": null, "selection_rationale": "pool position never used this baseline"}}, {"type": "Feature", "geometry": {"type": "Polygon", "coordinates": [[[77.95227805248207, 16.45548150703909], [77.9525119410351, 16.455478209624857], [77.95250879437616, 16.455270377751997], [77.9522749420321, 16.455276050467123], [77.95227805248207, 16.45548150703909]]]}, "properties": {"name": "SFV-T0119", "emu_id": "SEG01", "typicality_percentile": 60.4, "is_medoid": false, "in_position_pool": false, "pool_rank": null, "selection_rationale": "pool position never used this baseline"}}, {"type": "Feature", "geometry": {"type": "Polygon", "coordinates": [[[77.95227805248207, 16.45548150703909], [77.95228146943683, 16.455707205991377], [77.95251535825959, 16.455703908529433], [77.9525119410351, 16.455478209624857], [77.95227805248207, 16.45548150703909]]]}, "properties": {"name": "SFV-T0120", "emu_id": "SEG01", "typicality_percentile": 47.8, "is_medoid": false, "in_position_pool": false, "pool_rank": null, "selection_rationale": "pool position never used this baseline"}}, {"type": "Feature", "geometry": {"type": "Polygon", "coordinates": [[[77.95228146943683, 16.455707205991377], [77.95228488644507, 16.455932904938127], [77.95251877553758, 16.455929607428462], [77.95251535825959, 16.455703908529433], [77.95228146943683, 16.455707205991377]]]}, "properties": {"name": "SFV-T0121", "emu_id": "SEG01", "typicality_percentile": 60.8, "is_medoid": false, "in_position_pool": false, "pool_rank": null, "selection_rationale": "pool position never used this baseline"}}, {"type": "Feature", "geometry": {"type": "Polygon", "coordinates": [[[77.9525119410351, 16.455478209624857], [77.95274582953463, 16.455474911950276], [77.95274264666106, 16.455264704777534], [77.95250879437616, 16.455270377751997], [77.9525119410351, 16.455478209624857]]]}, "properties": {"name": "SFV-T0143", "emu_id": "SEG01", "typicality_percentile": 61.6, "is_medoid": false, "in_position_pool": false, "pool_rank": null, "selection_rationale": "pool position never used this baseline"}}, {"type": "Feature", "geometry": {"type": "Polygon", "coordinates": [[[77.9525119410351, 16.455478209624857], [77.95251535825959, 16.455703908529433], [77.95274924702889, 16.45570061080713], [77.95274582953463, 16.455474911950276], [77.9525119410351, 16.455478209624857]]]}, "properties": {"name": "SFV-T0144", "emu_id": "SEG01", "typicality_percentile": 47.1, "is_medoid": false, "in_position_pool": false, "pool_rank": null, "selection_rationale": "pool position never used this baseline"}}, {"type": "Feature", "geometry": {"type": "Polygon", "coordinates": [[[77.95181710809963, 16.45593949917638], [77.95182052462182, 16.456165198213007], [77.95205441409104, 16.45616190117635], [77.95205099729908, 16.45593620218743], [77.95181710809963, 16.45593949917638]]]}, "properties": {"name": "SFV-T0076", "emu_id": "SEG01", "typicality_percentile": 36.5, "is_medoid": false, "in_position_pool": false, "pool_rank": null, "selection_rationale": "pool position never used this baseline"}}, {"type": "Feature", "geometry": {"type": "Polygon", "coordinates": [[[77.95182052462182, 16.456165198213007], [77.95182394119749, 16.45639089724409], [77.95205783093645, 16.456387600159722], [77.95205441409104, 16.45616190117635], [77.95182052462182, 16.456165198213007]]]}, "properties": {"name": "SFV-T0077", "emu_id": "SEG01", "typicality_percentile": 48.6, "is_medoid": false, "in_position_pool": false, "pool_rank": null, "selection_rationale": "pool position never used this baseline"}}, {"type": "Feature", "geometry": {"type": "Polygon", "coordinates": [[[77.95205099729908, 16.45593620218743], [77.95205441409104, 16.45616190117635], [77.95228830350678, 16.456158603879334], [77.95228488644507, 16.455932904938127], [77.95205099729908, 16.45593620218743]]]}, "properties": {"name": "SFV-T0099", "emu_id": "SEG01", "typicality_percentile": 46.3, "is_medoid": false, "in_position_pool": false, "pool_rank": null, "selection_rationale": "pool position never used this baseline"}}, {"type": "Feature", "geometry": {"type": "Polygon", "coordinates": [[[77.95205441409104, 16.45616190117635], [77.95205783093645, 16.456387600159722], [77.95229172062194, 16.45638430281499], [77.95228830350678, 16.456158603879334], [77.95205441409104, 16.45616190117635]]]}, "properties": {"name": "SFV-T0100", "emu_id": "SEG01", "typicality_percentile": 55.7, "is_medoid": false, "in_position_pool": true, "pool_rank": 3, "selection_rationale": "best-scoring position in its spatial region \u2014 extends coverage of the EMU"}}, {"type": "Feature", "geometry": {"type": "Polygon", "coordinates": [[[77.95205783093645, 16.456387600159722], [77.95206124783535, 16.456613299137555], [77.9522951377906, 16.456610001745112], [77.95229172062194, 16.45638430281499], [77.95205783093645, 16.456387600159722]]]}, "properties": {"name": "SFV-T0101", "emu_id": "SEG01", "typicality_percentile": 54.5, "is_medoid": false, "in_position_pool": false, "pool_rank": null, "selection_rationale": "pool position never used this baseline"}}, {"type": "Feature", "geometry": {"type": "Polygon", "coordinates": [[[77.95228488644507, 16.455932904938127], [77.95228830350678, 16.456158603879334], [77.95252219286904, 16.456155306321946], [77.95251877553758, 16.455929607428462], [77.95228488644507, 16.455932904938127]]]}, "properties": {"name": "SFV-T0122", "emu_id": "SEG01", "typicality_percentile": 49.8, "is_medoid": false, "in_position_pool": false, "pool_rank": null, "selection_rationale": "pool position never used this baseline"}}, {"type": "Feature", "geometry": {"type": "Polygon", "coordinates": [[[77.95228830350678, 16.456158603879334], [77.95229172062194, 16.45638430281499], [77.95252561025396, 16.456381005209884], [77.95252219286904, 16.456155306321946], [77.95228830350678, 16.456158603879334]]]}, "properties": {"name": "SFV-T0123", "emu_id": "SEG01", "typicality_percentile": 51.8, "is_medoid": false, "in_position_pool": false, "pool_rank": null, "selection_rationale": "pool position never used this baseline"}}, {"type": "Feature", "geometry": {"type": "Polygon", "coordinates": [[[77.95229172062194, 16.45638430281499], [77.9522951377906, 16.456610001745112], [77.95252902769238, 16.45660670409229], [77.95252561025396, 16.456381005209884], [77.95229172062194, 16.45638430281499]]]}, "properties": {"name": "SFV-T0124", "emu_id": "SEG01", "typicality_percentile": 52.5, "is_medoid": false, "in_position_pool": false, "pool_rank": null, "selection_rationale": "pool position never used this baseline"}}, {"type": "Feature", "geometry": {"type": "Polygon", "coordinates": [[[77.95251535825959, 16.455703908529433], [77.95251877553758, 16.455929607428462], [77.95275266457661, 16.455926309658434], [77.95274924702889, 16.45570061080713], [77.95251535825959, 16.455703908529433]]]}, "properties": {"name": "SFV-T0145", "emu_id": "SEG01", "typicality_percentile": 49.4, "is_medoid": false, "in_position_pool": false, "pool_rank": null, "selection_rationale": "pool position never used this baseline"}}, {"type": "Feature", "geometry": {"type": "Polygon", "coordinates": [[[77.95251877553758, 16.455929607428462], [77.95252219286904, 16.456155306321946], [77.95275608217781, 16.4561520085042], [77.95275266457661, 16.455926309658434], [77.95251877553758, 16.455929607428462]]]}, "properties": {"name": "SFV-T0146", "emu_id": "SEG01", "typicality_percentile": 46.7, "is_medoid": false, "in_position_pool": false, "pool_rank": null, "selection_rationale": "pool position never used this baseline"}}, {"type": "Feature", "geometry": {"type": "Polygon", "coordinates": [[[77.95252219286904, 16.456155306321946], [77.95252561025396, 16.456381005209884], [77.95275949983251, 16.456377707344416], [77.95275608217781, 16.4561520085042], [77.95252219286904, 16.456155306321946]]]}, "properties": {"name": "SFV-T0147", "emu_id": "SEG01", "typicality_percentile": 53.3, "is_medoid": false, "in_position_pool": false, "pool_rank": null, "selection_rationale": "pool position never used this baseline"}}, {"type": "Feature", "geometry": {"type": "Polygon", "coordinates": [[[77.95252561025396, 16.456381005209884], [77.95252902769238, 16.45660670409229], [77.95276291754068, 16.456603406179095], [77.95275949983251, 16.456377707344416], [77.95252561025396, 16.456381005209884]]]}, "properties": {"name": "SFV-T0148", "emu_id": "SEG01", "typicality_percentile": 50.2, "is_medoid": false, "in_position_pool": false, "pool_rank": null, "selection_rationale": "pool position never used this baseline"}}, {"type": "Feature", "geometry": {"type": "Polygon", "coordinates": [[[77.95274582953463, 16.455474911950276], [77.95297971798071, 16.455471614015345], [77.95297649888681, 16.455259031543726], [77.95274264666106, 16.455264704777534], [77.95274582953463, 16.455474911950276]]]}, "properties": {"name": "SFV-T0169", "emu_id": "SEG01", "typicality_percentile": 58.4, "is_medoid": false, "in_position_pool": false, "pool_rank": null, "selection_rationale": "pool position never used this baseline"}}, {"type": "Feature", "geometry": {"type": "Polygon", "coordinates": [[[77.95274582953463, 16.455474911950276], [77.95274924702889, 16.45570061080713], [77.9529831357447, 16.45569731282447], [77.95297971798071, 16.455471614015345], [77.95274582953463, 16.455474911950276]]]}, "properties": {"name": "SFV-T0170", "emu_id": "SEG01", "typicality_percentile": 54.1, "is_medoid": false, "in_position_pool": false, "pool_rank": null, "selection_rationale": "pool position never used this baseline"}}, {"type": "Feature", "geometry": {"type": "Polygon", "coordinates": [[[77.95274924702889, 16.45570061080713], [77.95275266457661, 16.455926309658434], [77.95298655356217, 16.455923011628048], [77.9529831357447, 16.45569731282447], [77.95274924702889, 16.45570061080713]]]}, "properties": {"name": "SFV-T0171", "emu_id": "SEG01", "typicality_percentile": 25.9, "is_medoid": false, "in_position_pool": false, "pool_rank": null, "selection_rationale": "pool position never used this baseline"}}, {"type": "Feature", "geometry": {"type": "Polygon", "coordinates": [[[77.95275266457661, 16.455926309658434], [77.95275608217781, 16.4561520085042], [77.95298997143313, 16.45614871042609], [77.95298655356217, 16.455923011628048], [77.95275266457661, 16.455926309658434]]]}, "properties": {"name": "SFV-T0172", "emu_id": "SEG01", "typicality_percentile": 41.2, "is_medoid": false, "in_position_pool": false, "pool_rank": null, "selection_rationale": "pool position never used this baseline"}}, {"type": "Feature", "geometry": {"type": "Polygon", "coordinates": [[[77.95297971798071, 16.455471614015345], [77.9532136063733, 16.45546831582006], [77.95321035105341, 16.45525335805057], [77.95297649888681, 16.455259031543726], [77.95297971798071, 16.455471614015345]]]}, "properties": {"name": "SFV-T0198", "emu_id": "SEG01", "typicality_percentile": 51.4, "is_medoid": false, "in_position_pool": false, "pool_rank": null, "selection_rationale": "pool position never used this baseline"}}, {"type": "Feature", "geometry": {"type": "Polygon", "coordinates": [[[77.95297971798071, 16.455471614015345], [77.9529831357447, 16.45569731282447], [77.95321702440702, 16.455694014581457], [77.9532136063733, 16.45546831582006], [77.95297971798071, 16.455471614015345]]]}, "properties": {"name": "SFV-T0199", "emu_id": "SEG01", "typicality_percentile": 23.5, "is_medoid": false, "in_position_pool": false, "pool_rank": null, "selection_rationale": "pool position never used this baseline"}}, {"type": "Feature", "geometry": {"type": "Polygon", "coordinates": [[[77.9529831357447, 16.45569731282447], [77.95298655356217, 16.455923011628048], [77.95322044249423, 16.455919713337305], [77.95321702440702, 16.455694014581457], [77.9529831357447, 16.45569731282447]]]}, "properties": {"name": "SFV-T0200", "emu_id": "SEG01", "typicality_percentile": 20.0, "is_medoid": false, "in_position_pool": false, "pool_rank": null, "selection_rationale": "pool position never used this baseline"}}, {"type": "Feature", "geometry": {"type": "Polygon", "coordinates": [[[77.95298655356217, 16.455923011628048], [77.95298997143313, 16.45614871042609], [77.95322386063495, 16.45614541208761], [77.95322044249423, 16.455919713337305], [77.95298655356217, 16.455923011628048]]]}, "properties": {"name": "SFV-T0201", "emu_id": "SEG01", "typicality_percentile": 30.6, "is_medoid": false, "in_position_pool": false, "pool_rank": null, "selection_rationale": "pool position never used this baseline"}}, {"type": "Feature", "geometry": {"type": "Polygon", "coordinates": [[[77.9532136063733, 16.45546831582006], [77.95344749471238, 16.455465017364425], [77.95344420316086, 16.455247684298072], [77.95321035105341, 16.45525335805057], [77.9532136063733, 16.45546831582006]]]}, "properties": {"name": "SFV-T0229", "emu_id": "SEG01", "typicality_percentile": 53.7, "is_medoid": false, "in_position_pool": false, "pool_rank": null, "selection_rationale": "pool position never used this baseline"}}, {"type": "Feature", "geometry": {"type": "Polygon", "coordinates": [[[77.9532136063733, 16.45546831582006], [77.95321702440702, 16.455694014581457], [77.95345091301586, 16.455690716078088], [77.95344749471238, 16.455465017364425], [77.9532136063733, 16.45546831582006]]]}, "properties": {"name": "SFV-T0230", "emu_id": "SEG01", "typicality_percentile": 31.0, "is_medoid": false, "in_position_pool": false, "pool_rank": null, "selection_rationale": "pool position never used this baseline"}}, {"type": "Feature", "geometry": {"type": "Polygon", "coordinates": [[[77.95321702440702, 16.455694014581457], [77.95322044249423, 16.455919713337305], [77.95345433137281, 16.455916414786206], [77.95345091301586, 16.455690716078088], [77.95321702440702, 16.455694014581457]]]}, "properties": {"name": "SFV-T0231", "emu_id": "SEG01", "typicality_percentile": 20.8, "is_medoid": false, "in_position_pool": false, "pool_rank": null, "selection_rationale": "pool position never used this baseline"}}, {"type": "Feature", "geometry": {"type": "Polygon", "coordinates": [[[77.95322044249423, 16.455919713337305], [77.95322386063495, 16.45614541208761], [77.95345774978328, 16.456142113488777], [77.95345433137281, 16.455916414786206], [77.95322044249423, 16.455919713337305]]]}, "properties": {"name": "SFV-T0232", "emu_id": "SEG01", "typicality_percentile": 41.6, "is_medoid": false, "in_position_pool": false, "pool_rank": null, "selection_rationale": "pool position never used this baseline"}}, {"type": "Feature", "geometry": {"type": "Polygon", "coordinates": [[[77.95344749471238, 16.455465017364425], [77.95368138299798, 16.455461718648436], [77.95367805520912, 16.455242010286227], [77.95344420316086, 16.455247684298072], [77.95344749471238, 16.455465017364425]]]}, "properties": {"name": "SFV-T0261", "emu_id": "SEG01", "typicality_percentile": 63.1, "is_medoid": false, "in_position_pool": false, "pool_rank": null, "selection_rationale": "pool position never used this baseline"}}, {"type": "Feature", "geometry": {"type": "Polygon", "coordinates": [[[77.95344749471238, 16.455465017364425], [77.95345091301586, 16.455690716078088], [77.95368480157119, 16.455687417314365], [77.95368138299798, 16.455461718648436], [77.95344749471238, 16.455465017364425]]]}, "properties": {"name": "SFV-T0262", "emu_id": "SEG01", "typicality_percentile": 57.6, "is_medoid": false, "in_position_pool": false, "pool_rank": null, "selection_rationale": "pool position never used this baseline"}}, {"type": "Feature", "geometry": {"type": "Polygon", "coordinates": [[[77.95345091301586, 16.455690716078088], [77.95345433137281, 16.455916414786206], [77.9536882201979, 16.455913115974745], [77.95368480157119, 16.455687417314365], [77.95345091301586, 16.455690716078088]]]}, "properties": {"name": "SFV-T0263", "emu_id": "SEG01", "typicality_percentile": 60.0, "is_medoid": false, "in_position_pool": false, "pool_rank": null, "selection_rationale": "pool position never used this baseline"}}, {"type": "Feature", "geometry": {"type": "Polygon", "coordinates": [[[77.95368138299798, 16.455461718648436], [77.95391527123009, 16.455458419672095], [77.95391190719823, 16.455236336015044], [77.95367805520912, 16.455242010286227], [77.95368138299798, 16.455461718648436]]]}, "properties": {"name": "SFV-T0297", "emu_id": "SEG01", "typicality_percentile": 68.6, "is_medoid": false, "in_position_pool": true, "pool_rank": 5, "selection_rationale": "best-scoring position in its spatial region \u2014 extends coverage of the EMU"}}, {"type": "Feature", "geometry": {"type": "Polygon", "coordinates": [[[77.95391527123009, 16.455458419672095], [77.95414915940869, 16.45545512043541], [77.95414575912817, 16.45523066148452], [77.95391190719823, 16.455236336015044], [77.95391527123009, 16.455458419672095]]]}, "properties": {"name": "SFV-T0330", "emu_id": "SEG01", "typicality_percentile": 63.5, "is_medoid": false, "in_position_pool": false, "pool_rank": null, "selection_rationale": "pool position never used this baseline"}}, {"type": "Feature", "geometry": {"type": "Polygon", "coordinates": [[[77.95535622751835, 16.457921301690007], [77.95535964856856, 16.458146999960675], [77.9555935396632, 16.45814369858867], [77.95559011834321, 16.45791800036578], [77.95535622751835, 16.457921301690007]]]}, "properties": {"name": "SFV-T0425", "emu_id": "SEG01", "typicality_percentile": 68.2, "is_medoid": false, "in_position_pool": false, "pool_rank": null, "selection_rationale": "pool position never used this baseline"}}, {"type": "Feature", "geometry": {"type": "Polygon", "coordinates": [[[77.95535964856856, 16.458146999960675], [77.9553630696723, 16.458372698225794], [77.95559696103673, 16.458369396806024], [77.9555935396632, 16.45814369858867], [77.95535964856856, 16.458146999960675]]]}, "properties": {"name": "SFV-T0426", "emu_id": "SEG01", "typicality_percentile": 96.9, "is_medoid": false, "in_position_pool": false, "pool_rank": null, "selection_rationale": "pool position never used this baseline"}}, {"type": "Feature", "geometry": {"type": "Polygon", "coordinates": [[[77.95559011834321, 16.45791800036578], [77.9555935396632, 16.45814369858867], [77.95582743070432, 16.45814039695628], [77.95582400911454, 16.45791469878116], [77.95559011834321, 16.45791800036578]]]}, "properties": {"name": "SFV-T0434", "emu_id": "SEG01", "typicality_percentile": 64.3, "is_medoid": false, "in_position_pool": false, "pool_rank": null, "selection_rationale": "pool position never used this baseline"}}, {"type": "Feature", "geometry": {"type": "Polygon", "coordinates": [[[77.95582743070432, 16.45814039695628], [77.9555935396632, 16.45814369858867], [77.95559696103673, 16.458369396806024], [77.95561033739857, 16.458369207988312], [77.955778, 16.458313700000005], [77.95583009751027, 16.458316304906845], [77.95582743070432, 16.45814039695628]]]}, "properties": {"name": "SFV-T0435", "emu_id": "SEG01", "typicality_percentile": 97.3, "is_medoid": false, "in_position_pool": false, "pool_rank": null, "selection_rationale": "pool position never used this baseline"}}, {"type": "Feature", "geometry": {"type": "Polygon", "coordinates": [[[77.95582400911454, 16.45791469878116], [77.95582743070432, 16.45814039695628], [77.95606132169188, 16.458137095063496], [77.95605789983232, 16.457911396936147], [77.95582400911454, 16.45791469878116]]]}, "properties": {"name": "SFV-T0443", "emu_id": "SEG01", "typicality_percentile": 62.0, "is_medoid": false, "in_position_pool": false, "pool_rank": null, "selection_rationale": "pool position never used this baseline"}}, {"type": "Feature", "geometry": {"type": "Polygon", "coordinates": [[[77.95606132169188, 16.458137095063496], [77.95582743070432, 16.45814039695628], [77.95583009751027, 16.458316304906845], [77.95606421625008, 16.45832801082207], [77.95606132169188, 16.458137095063496]]]}, "properties": {"name": "SFV-T0444", "emu_id": "SEG01", "typicality_percentile": 88.6, "is_medoid": false, "in_position_pool": false, "pool_rank": null, "selection_rationale": "pool position never used this baseline"}}, {"type": "Feature", "geometry": {"type": "Polygon", "coordinates": [[[77.9560544780263, 16.45768569880326], [77.95605789983232, 16.457911396936147], [77.95629179049656, 16.45790809483075], [77.95628836842076, 16.457682396745636], [77.9560544780263, 16.45768569880326]]]}, "properties": {"name": "SFV-T0451", "emu_id": "SEG01", "typicality_percentile": 65.9, "is_medoid": false, "in_position_pool": false, "pool_rank": null, "selection_rationale": "pool position never used this baseline"}}, {"type": "Feature", "geometry": {"type": "Polygon", "coordinates": [[[77.95605789983232, 16.457911396936147], [77.95606132169188, 16.458137095063496], [77.95629521262592, 16.458133792910317], [77.95629179049656, 16.45790809483075], [77.95605789983232, 16.457911396936147]]]}, "properties": {"name": "SFV-T0452", "emu_id": "SEG01", "typicality_percentile": 58.0, "is_medoid": false, "in_position_pool": false, "pool_rank": null, "selection_rationale": "pool position never used this baseline"}}, {"type": "Feature", "geometry": {"type": "Polygon", "coordinates": [[[77.9562986348088, 16.45835949098434], [77.95629521262592, 16.458133792910317], [77.95606132169188, 16.458137095063496], [77.95606421625008, 16.45832801082207], [77.956078, 16.458328699999996], [77.95609596162558, 16.458362352447708], [77.9562986348088, 16.45835949098434]]]}, "properties": {"name": "SFV-T0453", "emu_id": "SEG01", "typicality_percentile": 98.8, "is_medoid": false, "in_position_pool": false, "pool_rank": null, "selection_rationale": "pool position never used this baseline"}}, {"type": "Feature", "geometry": {"type": "Polygon", "coordinates": [[[77.95630205704525, 16.458585189052812], [77.9562986348088, 16.45835949098434], [77.95609596162558, 16.458362352447708], [77.9562093, 16.4585747], [77.9562060457162, 16.458586544641697], [77.95630205704525, 16.458585189052812]]]}, "properties": {"name": "SFV-T0454", "emu_id": "SEG01", "typicality_percentile": 13.3, "is_medoid": false, "in_position_pool": false, "pool_rank": null, "selection_rationale": "pool position never used this baseline"}}, {"type": "Feature", "geometry": {"type": "Polygon", "coordinates": [[[77.95630547933524, 16.458810887115742], [77.95630205704525, 16.458585189052812], [77.9562060457162, 16.458586544641697], [77.9561685, 16.458723199999998], [77.95619280343615, 16.458812478009246], [77.95630547933524, 16.458810887115742]]]}, "properties": {"name": "SFV-T0455", "emu_id": "SEG01", "typicality_percentile": 12.9, "is_medoid": false, "in_position_pool": false, "pool_rank": null, "selection_rationale": "pool position never used this baseline"}}, {"type": "Feature", "geometry": {"type": "Polygon", "coordinates": [[[77.95629521262592, 16.458133792910317], [77.9562986348088, 16.45835949098434], [77.95653252595908, 16.45835618852298], [77.9565291035064, 16.458130490496742], [77.95629521262592, 16.458133792910317]]]}, "properties": {"name": "SFV-T0464", "emu_id": "SEG01", "typicality_percentile": 69.8, "is_medoid": false, "in_position_pool": false, "pool_rank": null, "selection_rationale": "pool position never used this baseline"}}, {"type": "Feature", "geometry": {"type": "Polygon", "coordinates": [[[77.9562986348088, 16.45835949098434], [77.95630205704525, 16.458585189052812], [77.95653594846532, 16.458581886543673], [77.95653252595908, 16.45835618852298], [77.9562986348088, 16.45835949098434]]]}, "properties": {"name": "SFV-T0465", "emu_id": "SEG01", "typicality_percentile": 12.5, "is_medoid": false, "in_position_pool": false, "pool_rank": null, "selection_rationale": "pool position never used this baseline"}}, {"type": "Feature", "geometry": {"type": "Polygon", "coordinates": [[[77.95630205704525, 16.458585189052812], [77.95630547933524, 16.458810887115742], [77.9565393710251, 16.45880758455882], [77.95653594846532, 16.458581886543673], [77.95630205704525, 16.458585189052812]]]}, "properties": {"name": "SFV-T0466", "emu_id": "SEG01", "typicality_percentile": 11.0, "is_medoid": false, "in_position_pool": false, "pool_rank": null, "selection_rationale": "pool position never used this baseline"}}, {"type": "Feature", "geometry": {"type": "Polygon", "coordinates": [[[77.95630547933524, 16.458810887115742], [77.95630890167877, 16.459036585173127], [77.95654279363845, 16.459033282568416], [77.9565393710251, 16.45880758455882], [77.95630547933524, 16.458810887115742]]]}, "properties": {"name": "SFV-T0467", "emu_id": "SEG01", "typicality_percentile": 9.4, "is_medoid": false, "in_position_pool": false, "pool_rank": null, "selection_rationale": "pool position never used this baseline"}}, {"type": "Feature", "geometry": {"type": "Polygon", "coordinates": [[[77.95653252595908, 16.45835618852298], [77.95653594846532, 16.458581886543673], [77.95676983983182, 16.458578583774134], [77.95676641705579, 16.458352885801233], [77.95653252595908, 16.45835618852298]]]}, "properties": {"name": "SFV-T0478", "emu_id": "SEG01", "typicality_percentile": 11.4, "is_medoid": false, "in_position_pool": false, "pool_rank": null, "selection_rationale": "pool position never used this baseline"}}, {"type": "Feature", "geometry": {"type": "Polygon", "coordinates": [[[77.95653594846532, 16.458581886543673], [77.9565393710251, 16.45880758455882], [77.9567732626614, 16.458804281741493], [77.95676983983182, 16.458578583774134], [77.95653594846532, 16.458581886543673]]]}, "properties": {"name": "SFV-T0479", "emu_id": "SEG01", "typicality_percentile": 9.8, "is_medoid": false, "in_position_pool": false, "pool_rank": null, "selection_rationale": "pool position never used this baseline"}}, {"type": "Feature", "geometry": {"type": "Polygon", "coordinates": [[[77.9565393710251, 16.45880758455882], [77.95654279363845, 16.459033282568416], [77.95677668554454, 16.459029979703303], [77.9567732626614, 16.458804281741493], [77.9565393710251, 16.45880758455882]]]}, "properties": {"name": "SFV-T0480", "emu_id": "SEG01", "typicality_percentile": 7.5, "is_medoid": false, "in_position_pool": false, "pool_rank": null, "selection_rationale": "pool position never used this baseline"}}, {"type": "Feature", "geometry": {"type": "Polygon", "coordinates": [[[77.95654279363845, 16.459033282568416], [77.95630890167877, 16.459036585173127], [77.9563093820797, 16.459068266559196], [77.956344, 16.459122699999995], [77.95654592966653, 16.45924007913007], [77.95654279363845, 16.459033282568416]]]}, "properties": {"name": "SFV-T0468", "emu_id": "SEG01", "typicality_percentile": 8.6, "is_medoid": false, "in_position_pool": false, "pool_rank": null, "selection_rationale": "pool position never used this baseline"}}, {"type": "Feature", "geometry": {"type": "Polygon", "coordinates": [[[77.95677668554454, 16.459029979703303], [77.95654279363845, 16.459033282568416], [77.95654592966653, 16.45924007913007], [77.95657768186969, 16.459258536246097], [77.95658290440065, 16.45925846249809], [77.95677846455705, 16.459147282777526], [77.95677668554454, 16.459029979703303]]]}, "properties": {"name": "SFV-T0481", "emu_id": "SEG01", "typicality_percentile": 6.7, "is_medoid": false, "in_position_pool": false, "pool_rank": null, "selection_rationale": "pool position never used this baseline"}}, {"type": "Feature", "geometry": {"type": "Polygon", "coordinates": [[[77.95700715424415, 16.458800978663763], [77.9567732626614, 16.458804281741493], [77.95677668554454, 16.459029979703303], [77.95699052927334, 16.459026959716603], [77.95701041289838, 16.459015830805033], [77.95700715424415, 16.458800978663763]]]}, "properties": {"name": "SFV-T0493", "emu_id": "SEG01", "typicality_percentile": 7.1, "is_medoid": false, "in_position_pool": false, "pool_rank": null, "selection_rationale": "pool position never used this baseline"}}, {"type": "Feature", "geometry": {"type": "Polygon", "coordinates": [[[77.95724104577334, 16.458797675325627], [77.95700715424415, 16.458800978663763], [77.95701041289838, 16.459015830805033], [77.95724238541487, 16.458885995027227], [77.95724104577334, 16.458797675325627]]]}, "properties": {"name": "SFV-T0505", "emu_id": "SEG01", "typicality_percentile": 3.1, "is_medoid": false, "in_position_pool": false, "pool_rank": null, "selection_rationale": "pool position never used this baseline"}}, {"type": "Feature", "geometry": {"type": "Polygon", "coordinates": [[[77.95676641705579, 16.458352885801233], [77.95676983983182, 16.458578583774134], [77.95700373114477, 16.458575280744196], [77.95700030809896, 16.458349582819086], [77.95676641705579, 16.458352885801233]]]}, "properties": {"name": "SFV-T0491", "emu_id": "SEG01", "typicality_percentile": 10.2, "is_medoid": false, "in_position_pool": false, "pool_rank": null, "selection_rationale": "pool position never used this baseline"}}, {"type": "Feature", "geometry": {"type": "Polygon", "coordinates": [[[77.95676983983182, 16.458578583774134], [77.9567732626614, 16.458804281741493], [77.95700715424415, 16.458800978663763], [77.95700373114477, 16.458575280744196], [77.95676983983182, 16.458578583774134]]]}, "properties": {"name": "SFV-T0492", "emu_id": "SEG01", "typicality_percentile": 7.8, "is_medoid": false, "in_position_pool": true, "pool_rank": 6, "selection_rationale": "best-scoring position in its spatial region \u2014 extends coverage of the EMU"}}, {"type": "Feature", "geometry": {"type": "Polygon", "coordinates": [[[77.95700030809896, 16.458349582819086], [77.95700373114477, 16.458575280744196], [77.95723762240416, 16.458571977453854], [77.95723419908855, 16.45834627957654], [77.95700030809896, 16.458349582819086]]]}, "properties": {"name": "SFV-T0503", "emu_id": "SEG01", "typicality_percentile": 10.6, "is_medoid": false, "in_position_pool": false, "pool_rank": null, "selection_rationale": "pool position never used this baseline"}}, {"type": "Feature", "geometry": {"type": "Polygon", "coordinates": [[[77.95700373114477, 16.458575280744196], [77.95700715424415, 16.458800978663763], [77.95724104577334, 16.458797675325627], [77.95723762240416, 16.458571977453854], [77.95700373114477, 16.458575280744196]]]}, "properties": {"name": "SFV-T0504", "emu_id": "SEG01", "typicality_percentile": 8.2, "is_medoid": false, "in_position_pool": false, "pool_rank": null, "selection_rationale": "pool position never used this baseline"}}, {"type": "Feature", "geometry": {"type": "Polygon", "coordinates": [[[77.95723419908855, 16.45834627957654], [77.95723762240416, 16.458571977453854], [77.95747151360999, 16.458568673903116], [77.95746809002459, 16.4583429760736], [77.95723419908855, 16.45834627957654]]]}, "properties": {"name": "SFV-T0516", "emu_id": "SEG01", "typicality_percentile": 3.9, "is_medoid": false, "in_position_pool": false, "pool_rank": null, "selection_rationale": "pool position never used this baseline"}}, {"type": "Feature", "geometry": {"type": "Polygon", "coordinates": [[[77.95723762240416, 16.458571977453854], [77.95724104577334, 16.458797675325627], [77.95747493724896, 16.45879437172709], [77.95747151360999, 16.458568673903116], [77.95723762240416, 16.458571977453854]]]}, "properties": {"name": "SFV-T0517", "emu_id": "SEG01", "typicality_percentile": 5.5, "is_medoid": false, "in_position_pool": false, "pool_rank": null, "selection_rationale": "pool position never used this baseline"}}, {"type": "Feature", "geometry": {"type": "Polygon", "coordinates": [[[77.95747151360999, 16.458568673903116], [77.95747493724896, 16.45879437172709], [77.95770882867102, 16.458791067868145], [77.95770540476225, 16.45856537009198], [77.95747151360999, 16.458568673903116]]]}, "properties": {"name": "SFV-T0530", "emu_id": "SEG01", "typicality_percentile": 1.2, "is_medoid": false, "in_position_pool": false, "pool_rank": null, "selection_rationale": "pool position never used this baseline"}}, {"type": "Feature", "geometry": {"type": "Polygon", "coordinates": [[[77.95747836094151, 16.459020069545517], [77.95747493724896, 16.45879437172709], [77.95724104577334, 16.458797675325627], [77.95724238541487, 16.458885995027227], [77.957341, 16.4588308], [77.9573956, 16.4589327], [77.95742756997336, 16.459020786973944], [77.95747836094151, 16.459020069545517]]]}, "properties": {"name": "SFV-T0518", "emu_id": "SEG01", "typicality_percentile": 6.3, "is_medoid": false, "in_position_pool": false, "pool_rank": null, "selection_rationale": "pool position never used this baseline"}}, {"type": "Feature", "geometry": {"type": "Polygon", "coordinates": [[[77.95747493724896, 16.45879437172709], [77.95747836094151, 16.459020069545517], [77.95771225263336, 16.459016765638772], [77.95770882867102, 16.458791067868145], [77.95747493724896, 16.45879437172709]]]}, "properties": {"name": "SFV-T0531", "emu_id": "SEG01", "typicality_percentile": 5.9, "is_medoid": false, "in_position_pool": false, "pool_rank": null, "selection_rationale": "pool position never used this baseline"}}, {"type": "Feature", "geometry": {"type": "Polygon", "coordinates": [[[77.95771567664926, 16.45924246340385], [77.95771225263336, 16.459016765638772], [77.95747836094151, 16.459020069545517], [77.95748055571863, 16.4591647525263], [77.95751074908775, 16.459245358221857], [77.95771567664926, 16.45924246340385]]]}, "properties": {"name": "SFV-T0532", "emu_id": "SEG01", "typicality_percentile": 5.1, "is_medoid": false, "in_position_pool": false, "pool_rank": null, "selection_rationale": "pool position never used this baseline"}}, {"type": "Feature", "geometry": {"type": "Polygon", "coordinates": [[[77.95771910071875, 16.459468161163375], [77.95771567664926, 16.45924246340385], [77.95751074908775, 16.459245358221857], [77.95759486442799, 16.459469916179355], [77.95771910071875, 16.459468161163375]]]}, "properties": {"name": "SFV-T0533", "emu_id": "SEG01", "typicality_percentile": 4.3, "is_medoid": false, "in_position_pool": false, "pool_rank": null, "selection_rationale": "pool position never used this baseline"}}, {"type": "Feature", "geometry": {"type": "Polygon", "coordinates": [[[77.95771225263336, 16.459016765638772], [77.95771567664926, 16.45924246340385], [77.95794956855735, 16.45923915918889], [77.95794614427163, 16.459013461471624], [77.95771225263336, 16.459016765638772]]]}, "properties": {"name": "SFV-T0547", "emu_id": "SEG01", "typicality_percentile": 4.7, "is_medoid": false, "in_position_pool": false, "pool_rank": null, "selection_rationale": "pool position never used this baseline"}}, {"type": "Feature", "geometry": {"type": "Polygon", "coordinates": [[[77.95771567664926, 16.45924246340385], [77.95771910071875, 16.459468161163375], [77.95795299289665, 16.45946485690061], [77.95794956855735, 16.45923915918889], [77.95771567664926, 16.45924246340385]]]}, "properties": {"name": "SFV-T0548", "emu_id": "SEG01", "typicality_percentile": 3.5, "is_medoid": false, "in_position_pool": false, "pool_rank": null, "selection_rationale": "pool position never used this baseline"}}, {"type": "Feature", "geometry": {"type": "Polygon", "coordinates": [[[77.95794614427163, 16.459013461471624], [77.95794956855735, 16.45923915918889], [77.95818346041186, 16.459235854713526], [77.95818003585633, 16.45901015704407], [77.95794614427163, 16.459013461471624]]]}, "properties": {"name": "SFV-T0565", "emu_id": "SEG01", "typicality_percentile": 2.0, "is_medoid": false, "in_position_pool": false, "pool_rank": null, "selection_rationale": "pool position never used this baseline"}}, {"type": "Feature", "geometry": {"type": "Polygon", "coordinates": [[[77.95794956855735, 16.45923915918889], [77.95795299289665, 16.45946485690061], [77.95818688502095, 16.45946155237744], [77.95818346041186, 16.459235854713526], [77.95794956855735, 16.45923915918889]]]}, "properties": {"name": "SFV-T0566", "emu_id": "SEG01", "typicality_percentile": 2.7, "is_medoid": false, "in_position_pool": false, "pool_rank": null, "selection_rationale": "pool position never used this baseline"}}, {"type": "Feature", "geometry": {"type": "Polygon", "coordinates": [[[77.95818003585633, 16.45901015704407], [77.95818346041186, 16.459235854713526], [77.95841735221278, 16.459232549977752], [77.95841392738745, 16.4590068523561], [77.95818003585633, 16.45901015704407]]]}, "properties": {"name": "SFV-T0584", "emu_id": "SEG01", "typicality_percentile": 1.6, "is_medoid": false, "in_position_pool": false, "pool_rank": null, "selection_rationale": "pool position never used this baseline"}}, {"type": "Feature", "geometry": {"type": "Polygon", "coordinates": [[[77.95818346041186, 16.459235854713526], [77.95818688502095, 16.45946155237744], [77.95842077709169, 16.459458247593844], [77.95841735221278, 16.459232549977752], [77.95818346041186, 16.459235854713526]]]}, "properties": {"name": "SFV-T0585", "emu_id": "SEG01", "typicality_percentile": 2.4, "is_medoid": false, "in_position_pool": false, "pool_rank": null, "selection_rationale": "pool position never used this baseline"}}, {"type": "Feature", "geometry": {"type": "Polygon", "coordinates": [[[77.95841392738745, 16.4590068523561], [77.95841735221278, 16.459232549977752], [77.95865124396012, 16.459229244981564], [77.95864781886499, 16.459003547407736], [77.95841392738745, 16.4590068523561]]]}, "properties": {"name": "SFV-T0603", "emu_id": "SEG01", "typicality_percentile": 0.8, "is_medoid": false, "in_position_pool": false, "pool_rank": null, "selection_rationale": "pool position never used this baseline"}}, {"type": "Feature", "geometry": {"type": "Polygon", "coordinates": [[[77.95864781886499, 16.459003547407736], [77.95865124396012, 16.459229244981564], [77.95888513565386, 16.459225939724966], [77.95888171028892, 16.459000242198957], [77.95864781886499, 16.459003547407736]]]}, "properties": {"name": "SFV-T0622", "emu_id": "SEG01", "typicality_percentile": 0.4, "is_medoid": false, "in_position_pool": false, "pool_rank": null, "selection_rationale": "pool position never used this baseline"}}, {"type": "Feature", "geometry": {"type": "Polygon", "coordinates": [[[77.95888171028892, 16.459000242198957], [77.95888513565386, 16.459225939724966], [77.95911902729401, 16.459222634207965], [77.95911560165926, 16.458996936729783], [77.95888171028892, 16.459000242198957]]]}, "properties": {"name": "SFV-T0641", "emu_id": "SEG01", "typicality_percentile": 0.0, "is_medoid": false, "in_position_pool": false, "pool_rank": null, "selection_rationale": "pool position never used this baseline"}}, {"type": "Feature", "geometry": {"type": "Polygon", "coordinates": [[[77.95350561314669, 16.459301894742644], [77.95350903235958, 16.459527593362047], [77.95374292550117, 16.459524293786775], [77.95373950601847, 16.459298595215113], [77.95350561314669, 16.459301894742644]]]}, "properties": {"name": "SFV-T0279", "emu_id": "SEG01", "typicality_percentile": 13.7, "is_medoid": false, "in_position_pool": false, "pool_rank": null, "selection_rationale": "pool position never used this baseline"}}, {"type": "Feature", "geometry": {"type": "Polygon", "coordinates": [[[77.95373950601847, 16.459298595215113], [77.95374292550117, 16.459524293786775], [77.95397681858925, 16.459520993951088], [77.95397339883674, 16.459295295427165], [77.95373950601847, 16.459298595215113]]]}, "properties": {"name": "SFV-T0315", "emu_id": "SEG01", "typicality_percentile": 17.6, "is_medoid": false, "in_position_pool": false, "pool_rank": null, "selection_rationale": "pool position never used this baseline"}}, {"type": "Feature", "geometry": {"type": "Polygon", "coordinates": [[[77.95374292550117, 16.459524293786775], [77.95374634503739, 16.4597499923529], [77.95398023839527, 16.459746692469473], [77.95397681858925, 16.459520993951088], [77.95374292550117, 16.459524293786775]]]}, "properties": {"name": "SFV-T0316", "emu_id": "SEG01", "typicality_percentile": 14.9, "is_medoid": false, "in_position_pool": false, "pool_rank": null, "selection_rationale": "pool position never used this baseline"}}, {"type": "Feature", "geometry": {"type": "Polygon", "coordinates": [[[77.9539563008767, 16.458166802724378], [77.9539597203617, 16.458392501276027], [77.95419361204725, 16.458389201418655], [77.95419019229246, 16.458163502914747], [77.9539563008767, 16.458166802724378]]]}, "properties": {"name": "SFV-T0343", "emu_id": "SEG01", "typicality_percentile": 62.7, "is_medoid": false, "in_position_pool": false, "pool_rank": null, "selection_rationale": "pool position never used this baseline"}}, {"type": "Feature", "geometry": {"type": "Polygon", "coordinates": [[[77.9539597203617, 16.458392501276027], [77.9539631399002, 16.45861819982213], [77.95419703185554, 16.45861489991701], [77.95419361204725, 16.458389201418655], [77.9539597203617, 16.458392501276027]]]}, "properties": {"name": "SFV-T0344", "emu_id": "SEG01", "typicality_percentile": 14.1, "is_medoid": false, "in_position_pool": false, "pool_rank": null, "selection_rationale": "pool position never used this baseline"}}, {"type": "Feature", "geometry": {"type": "Polygon", "coordinates": [[[77.9539665594922, 16.45884389836269], [77.95396997913771, 16.4590695968977], [77.95420387163267, 16.45906629689709], [77.95420045171736, 16.45884059840982], [77.9539665594922, 16.45884389836269]]]}, "properties": {"name": "SFV-T0346", "emu_id": "SEG01", "typicality_percentile": 15.3, "is_medoid": false, "in_position_pool": false, "pool_rank": null, "selection_rationale": "pool position never used this baseline"}}, {"type": "Feature", "geometry": {"type": "Polygon", "coordinates": [[[77.95397339883674, 16.459295295427165], [77.95397681858925, 16.459520993951088], [77.95421071162383, 16.459517693854984], [77.95420729160149, 16.45929199537881], [77.95397339883674, 16.459295295427165]]]}, "properties": {"name": "SFV-T0348", "emu_id": "SEG01", "typicality_percentile": 19.6, "is_medoid": false, "in_position_pool": false, "pool_rank": null, "selection_rationale": "pool position never used this baseline"}}, {"type": "Feature", "geometry": {"type": "Polygon", "coordinates": [[[77.95421071162383, 16.459517693854984], [77.95397681858925, 16.459520993951088], [77.95398023839527, 16.459746692469473], [77.95419785355351, 16.459743622012407], [77.9542127621963, 16.459653016152995], [77.95421071162383, 16.459517693854984]]]}, "properties": {"name": "SFV-T0349", "emu_id": "SEG01", "typicality_percentile": 19.2, "is_medoid": false, "in_position_pool": true, "pool_rank": 7, "selection_rationale": "best-scoring position in its spatial region \u2014 extends coverage of the EMU"}}, {"type": "Feature", "geometry": {"type": "Polygon", "coordinates": [[[77.95418677259119, 16.4579378044053], [77.95419019229246, 16.458163502914747], [77.95442408365471, 16.458160202844724], [77.95442066368365, 16.457934504383022], [77.95418677259119, 16.4579378044053]]]}, "properties": {"name": "SFV-T0364", "emu_id": "SEG01", "typicality_percentile": 59.6, "is_medoid": false, "in_position_pool": false, "pool_rank": null, "selection_rationale": "pool position never used this baseline"}}, {"type": "Feature", "geometry": {"type": "Polygon", "coordinates": [[[77.95419019229246, 16.458163502914747], [77.95419361204725, 16.458389201418655], [77.95442750367928, 16.45838590130088], [77.95442408365471, 16.458160202844724], [77.95419019229246, 16.458163502914747]]]}, "properties": {"name": "SFV-T0365", "emu_id": "SEG01", "typicality_percentile": 89.4, "is_medoid": false, "in_position_pool": false, "pool_rank": null, "selection_rationale": "pool position never used this baseline"}}, {"type": "Feature", "geometry": {"type": "Polygon", "coordinates": [[[77.95419361204725, 16.458389201418655], [77.95419703185554, 16.45861489991701], [77.95443092375739, 16.458611599751485], [77.95442750367928, 16.45838590130088], [77.95419361204725, 16.458389201418655]]]}, "properties": {"name": "SFV-T0366", "emu_id": "SEG01", "typicality_percentile": 14.5, "is_medoid": false, "in_position_pool": false, "pool_rank": null, "selection_rationale": "pool position never used this baseline"}}, {"type": "Feature", "geometry": {"type": "Polygon", "coordinates": [[[77.95419703185554, 16.45861489991701], [77.95420045171736, 16.45884059840982], [77.95443434388899, 16.45883729819655], [77.95443092375739, 16.458611599751485], [77.95419703185554, 16.45861489991701]]]}, "properties": {"name": "SFV-T0367", "emu_id": "SEG01", "typicality_percentile": 16.1, "is_medoid": false, "in_position_pool": false, "pool_rank": null, "selection_rationale": "pool position never used this baseline"}}, {"type": "Feature", "geometry": {"type": "Polygon", "coordinates": [[[77.95420045171736, 16.45884059840982], [77.95420387163267, 16.45906629689709], [77.95443776407411, 16.45906299663606], [77.95443434388899, 16.45883729819655], [77.95420045171736, 16.45884059840982]]]}, "properties": {"name": "SFV-T0368", "emu_id": "SEG01", "typicality_percentile": 16.9, "is_medoid": false, "in_position_pool": false, "pool_rank": null, "selection_rationale": "pool position never used this baseline"}}, {"type": "Feature", "geometry": {"type": "Polygon", "coordinates": [[[77.95420387163267, 16.45906629689709], [77.95420729160149, 16.45929199537881], [77.95444118431274, 16.459288695070036], [77.95443776407411, 16.45906299663606], [77.95420387163267, 16.45906629689709]]]}, "properties": {"name": "SFV-T0369", "emu_id": "SEG01", "typicality_percentile": 18.8, "is_medoid": false, "in_position_pool": false, "pool_rank": null, "selection_rationale": "pool position never used this baseline"}}, {"type": "Feature", "geometry": {"type": "Polygon", "coordinates": [[[77.95444118431274, 16.459288695070036], [77.95420729160149, 16.45929199537881], [77.95421071162383, 16.459517693854984], [77.9543433770565, 16.459515821906], [77.95444326050463, 16.459425699357116], [77.95444118431274, 16.459288695070036]]]}, "properties": {"name": "SFV-T0370", "emu_id": "SEG01", "typicality_percentile": 18.4, "is_medoid": false, "in_position_pool": false, "pool_rank": null, "selection_rationale": "pool position never used this baseline"}}, {"type": "Feature", "geometry": {"type": "Polygon", "coordinates": [[[77.95442408365471, 16.458160202844724], [77.95442750367928, 16.45838590130088], [77.95466139525783, 16.45838260092271], [77.95465797496345, 16.458156902514304], [77.95442408365471, 16.458160202844724]]]}, "properties": {"name": "SFV-T0383", "emu_id": "SEG01", "typicality_percentile": 93.7, "is_medoid": false, "in_position_pool": false, "pool_rank": null, "selection_rationale": "pool position never used this baseline"}}, {"type": "Feature", "geometry": {"type": "Polygon", "coordinates": [[[77.95442750367928, 16.45838590130088], [77.95443092375739, 16.458611599751485], [77.95466481560571, 16.45860829932556], [77.95466139525783, 16.45838260092271], [77.95442750367928, 16.45838590130088]]]}, "properties": {"name": "SFV-T0384", "emu_id": "SEG01", "typicality_percentile": 17.3, "is_medoid": false, "in_position_pool": false, "pool_rank": null, "selection_rationale": "pool position never used this baseline"}}, {"type": "Feature", "geometry": {"type": "Polygon", "coordinates": [[[77.95443092375739, 16.458611599751485], [77.95443434388899, 16.45883729819655], [77.95466823600711, 16.458833997722866], [77.95466481560571, 16.45860829932556], [77.95443092375739, 16.458611599751485]]]}, "properties": {"name": "SFV-T0385", "emu_id": "SEG01", "typicality_percentile": 16.5, "is_medoid": false, "in_position_pool": false, "pool_rank": null, "selection_rationale": "pool position never used this baseline"}}, {"type": "Feature", "geometry": {"type": "Polygon", "coordinates": [[[77.95466823600711, 16.458833997722866], [77.95443434388899, 16.45883729819655], [77.95443776407411, 16.45906299663606], [77.95451816605846, 16.45906186209045], [77.95449150000002, 16.45895429999999], [77.95466866568024, 16.458862349857135], [77.95466823600711, 16.458833997722866]]]}, "properties": {"name": "SFV-T0386", "emu_id": "SEG01", "typicality_percentile": 18.0, "is_medoid": false, "in_position_pool": false, "pool_rank": null, "selection_rationale": "pool position never used this baseline"}}, {"type": "Feature", "geometry": {"type": "Polygon", "coordinates": [[[77.95442066368365, 16.457934504383022], [77.95442408365471, 16.458160202844724], [77.95465797496345, 16.458156902514304], [77.95465455472261, 16.457931204100355], [77.95442066368365, 16.457934504383022]]]}, "properties": {"name": "SFV-T0382", "emu_id": "SEG01", "typicality_percentile": 77.3, "is_medoid": false, "in_position_pool": false, "pool_rank": null, "selection_rationale": "pool position never used this baseline"}}, {"type": "Feature", "geometry": {"type": "Polygon", "coordinates": [[[77.95465797496345, 16.458156902514304], [77.95466139525783, 16.45838260092271], [77.95489528678284, 16.45837930028413], [77.95489186621869, 16.45815360192349], [77.95465797496345, 16.458156902514304]]]}, "properties": {"name": "SFV-T0395", "emu_id": "SEG01", "typicality_percentile": 99.6, "is_medoid": false, "in_position_pool": false, "pool_rank": null, "selection_rationale": "pool position never used this baseline"}}, {"type": "Feature", "geometry": {"type": "Polygon", "coordinates": [[[77.95489186621869, 16.45815360192349], [77.95489528678284, 16.45837930028413], [77.95512917825432, 16.45837599938516], [77.95512575742038, 16.45815030107228], [77.95489186621869, 16.45815360192349]]]}, "properties": {"name": "SFV-T0406", "emu_id": "SEG01", "typicality_percentile": 35.3, "is_medoid": false, "in_position_pool": false, "pool_rank": null, "selection_rationale": "pool position never used this baseline"}}, {"type": "Feature", "geometry": {"type": "Polygon", "coordinates": [[[77.95465113453528, 16.457705505680867], [77.95465455472261, 16.457931204100355], [77.95488844570805, 16.457927903557298], [77.95488502525093, 16.45770220518557], [77.95465113453528, 16.457705505680867]]]}, "properties": {"name": "SFV-T0393", "emu_id": "SEG01", "typicality_percentile": 25.5, "is_medoid": false, "in_position_pool": false, "pool_rank": null, "selection_rationale": "pool position never used this baseline"}}, {"type": "Feature", "geometry": {"type": "Polygon", "coordinates": [[[77.95465455472261, 16.457931204100355], [77.95465797496345, 16.458156902514304], [77.95489186621869, 16.45815360192349], [77.95488844570805, 16.457927903557298], [77.95465455472261, 16.457931204100355]]]}, "properties": {"name": "SFV-T0394", "emu_id": "SEG01", "typicality_percentile": 39.6, "is_medoid": false, "in_position_pool": false, "pool_rank": null, "selection_rationale": "pool position never used this baseline"}}, {"type": "Feature", "geometry": {"type": "Polygon", "coordinates": [[[77.95466139525783, 16.45838260092271], [77.95466481560571, 16.45860829932556], [77.95489870740052, 16.458604998639224], [77.95489528678284, 16.45837930028413], [77.95466139525783, 16.45838260092271]]]}, "properties": {"name": "SFV-T0396", "emu_id": "SEG01", "typicality_percentile": 11.8, "is_medoid": false, "in_position_pool": false, "pool_rank": null, "selection_rationale": "pool position never used this baseline"}}, {"type": "Feature", "geometry": {"type": "Polygon", "coordinates": [[[77.95489870740052, 16.458604998639224], [77.95466481560571, 16.45860829932556], [77.95466823600711, 16.458833997722866], [77.95470736689072, 16.458833445517786], [77.954854, 16.4586877], [77.954899757494, 16.45867428493926], [77.95489870740052, 16.458604998639224]]]}, "properties": {"name": "SFV-T0397", "emu_id": "SEG01", "typicality_percentile": 9.0, "is_medoid": false, "in_position_pool": false, "pool_rank": null, "selection_rationale": "pool position never used this baseline"}}, {"type": "Feature", "geometry": {"type": "Polygon", "coordinates": [[[77.95489528678284, 16.45837930028413], [77.95489870740052, 16.458604998639224], [77.9551325991418, 16.458601697692494], [77.95512917825432, 16.45837599938516], [77.95489528678284, 16.45837930028413]]]}, "properties": {"name": "SFV-T0407", "emu_id": "SEG01", "typicality_percentile": 15.7, "is_medoid": false, "in_position_pool": false, "pool_rank": null, "selection_rationale": "pool position never used this baseline"}}, {"type": "Feature", "geometry": {"type": "Polygon", "coordinates": [[[77.95488502525093, 16.45770220518557], [77.95488844570805, 16.457927903557298], [77.95512233663997, 16.45792460275385], [77.95511891591306, 16.457698904429876], [77.95488502525093, 16.45770220518557]]]}, "properties": {"name": "SFV-T0404", "emu_id": "SEG01", "typicality_percentile": 87.5, "is_medoid": false, "in_position_pool": false, "pool_rank": null, "selection_rationale": "pool position never used this baseline"}}, {"type": "Feature", "geometry": {"type": "Polygon", "coordinates": [[[77.95488844570805, 16.457927903557298], [77.95489186621869, 16.45815360192349], [77.95512575742038, 16.45815030107228], [77.95512233663997, 16.45792460275385], [77.95488844570805, 16.457927903557298]]]}, "properties": {"name": "SFV-T0405", "emu_id": "SEG01", "typicality_percentile": 92.9, "is_medoid": false, "in_position_pool": false, "pool_rank": null, "selection_rationale": "pool position never used this baseline"}}, {"type": "Feature", "geometry": {"type": "Polygon", "coordinates": [[[77.95512233663997, 16.45792460275385], [77.95512575742038, 16.45815030107228], [77.95535964856856, 16.458146999960675], [77.95535622751835, 16.457921301690007], [77.95512233663997, 16.45792460275385]]]}, "properties": {"name": "SFV-T0415", "emu_id": "SEG01", "typicality_percentile": 76.1, "is_medoid": false, "in_position_pool": false, "pool_rank": null, "selection_rationale": "pool position never used this baseline"}}, {"type": "Feature", "geometry": {"type": "Polygon", "coordinates": [[[77.95512575742038, 16.45815030107228], [77.95512917825432, 16.45837599938516], [77.9553630696723, 16.458372698225794], [77.95535964856856, 16.458146999960675], [77.95512575742038, 16.45815030107228]]]}, "properties": {"name": "SFV-T0416", "emu_id": "SEG01", "typicality_percentile": 100.0, "is_medoid": true, "in_position_pool": true, "pool_rank": 1, "selection_rationale": "stratum medoid \u2014 most representative position within this EMU"}}, {"type": "Feature", "geometry": {"type": "Polygon", "coordinates": [[[77.9553630696723, 16.458372698225794], [77.95512917825432, 16.45837599938516], [77.9551325991418, 16.458601697692494], [77.95514809078003, 16.458601479047626], [77.9551545, 16.4585996], [77.9552594, 16.458497300000005], [77.95536432661552, 16.45845562084037], [77.9553630696723, 16.458372698225794]]]}, "properties": {"name": "SFV-T0417", "emu_id": "SEG01", "typicality_percentile": 12.2, "is_medoid": false, "in_position_pool": false, "pool_rank": null, "selection_rationale": "pool position never used this baseline"}}, {"type": "Feature", "geometry": {"type": "Polygon", "coordinates": [[[77.95486792376818, 16.456573713243717], [77.95510181308147, 16.45657041272683], [77.95509885682476, 16.456375341842556], [77.9548819, 16.4563845], [77.95486510627933, 16.45638778442015], [77.95486792376818, 16.456573713243717]]]}, "properties": {"name": "SFV-T0398", "emu_id": "SEG01", "typicality_percentile": 71.0, "is_medoid": false, "in_position_pool": false, "pool_rank": null, "selection_rationale": "pool position never used this baseline"}}, {"type": "Feature", "geometry": {"type": "Polygon", "coordinates": [[[77.95510181308147, 16.45657041272683], [77.95533570234124, 16.456567111949575], [77.9553326463044, 16.456365472895815], [77.95509885682476, 16.456375341842556], [77.95510181308147, 16.45657041272683]]]}, "properties": {"name": "SFV-T0408", "emu_id": "SEG01", "typicality_percentile": 67.8, "is_medoid": false, "in_position_pool": false, "pool_rank": null, "selection_rationale": "pool position never used this baseline"}}, {"type": "Feature", "geometry": {"type": "Polygon", "coordinates": [[[77.95510181308147, 16.45657041272683], [77.95510523354075, 16.456796111078532], [77.95533912307027, 16.45679281025351], [77.95533570234124, 16.456567111949575], [77.95510181308147, 16.45657041272683]]]}, "properties": {"name": "SFV-T0409", "emu_id": "SEG01", "typicality_percentile": 94.9, "is_medoid": false, "in_position_pool": false, "pool_rank": null, "selection_rationale": "pool position never used this baseline"}}, {"type": "Feature", "geometry": {"type": "Polygon", "coordinates": [[[77.95533570234124, 16.456567111949575], [77.95556959154747, 16.456563810911952], [77.95556632105617, 16.456348038985766], [77.9553628, 16.456364199999996], [77.9553326463044, 16.456365472895815], [77.95533570234124, 16.456567111949575]]]}, "properties": {"name": "SFV-T0418", "emu_id": "SEG01", "typicality_percentile": 88.2, "is_medoid": false, "in_position_pool": false, "pool_rank": null, "selection_rationale": "pool position never used this baseline"}}, {"type": "Feature", "geometry": {"type": "Polygon", "coordinates": [[[77.95533570234124, 16.456567111949575], [77.95533912307027, 16.45679281025351], [77.95557301254625, 16.456789509168118], [77.95556959154747, 16.456563810911952], [77.95533570234124, 16.456567111949575]]]}, "properties": {"name": "SFV-T0419", "emu_id": "SEG01", "typicality_percentile": 74.9, "is_medoid": false, "in_position_pool": false, "pool_rank": null, "selection_rationale": "pool position never used this baseline"}}, {"type": "Feature", "geometry": {"type": "Polygon", "coordinates": [[[77.95556959154747, 16.456563810911952], [77.95580348070017, 16.45656050961396], [77.95580010309996, 16.456337688699055], [77.9557003, 16.456337399999995], [77.95556632105617, 16.456348038985766], [77.95556959154747, 16.456563810911952]]]}, "properties": {"name": "SFV-T0427", "emu_id": "SEG01", "typicality_percentile": 78.8, "is_medoid": false, "in_position_pool": false, "pool_rank": null, "selection_rationale": "pool position never used this baseline"}}, {"type": "Feature", "geometry": {"type": "Polygon", "coordinates": [[[77.95556959154747, 16.456563810911952], [77.95557301254625, 16.456789509168118], [77.95580690196873, 16.456786207822358], [77.95580348070017, 16.45656050961396], [77.95556959154747, 16.456563810911952]]]}, "properties": {"name": "SFV-T0428", "emu_id": "SEG01", "typicality_percentile": 84.7, "is_medoid": false, "in_position_pool": false, "pool_rank": null, "selection_rationale": "pool position never used this baseline"}}, {"type": "Feature", "geometry": {"type": "Polygon", "coordinates": [[[77.95580348070017, 16.45656050961396], [77.95603736979935, 16.456557208055607], [77.9560341102158, 16.456342189779868], [77.9559769, 16.456338199999998], [77.95580010309996, 16.456337688699055], [77.95580348070017, 16.45656050961396]]]}, "properties": {"name": "SFV-T0436", "emu_id": "SEG01", "typicality_percentile": 65.1, "is_medoid": false, "in_position_pool": false, "pool_rank": null, "selection_rationale": "pool position never used this baseline"}}, {"type": "Feature", "geometry": {"type": "Polygon", "coordinates": [[[77.95580348070017, 16.45656050961396], [77.95580690196873, 16.456786207822358], [77.95604079133766, 16.456782906216226], [77.95603736979935, 16.456557208055607], [77.95580348070017, 16.45656050961396]]]}, "properties": {"name": "SFV-T0437", "emu_id": "SEG01", "typicality_percentile": 70.2, "is_medoid": false, "in_position_pool": false, "pool_rank": null, "selection_rationale": "pool position never used this baseline"}}, {"type": "Feature", "geometry": {"type": "Polygon", "coordinates": [[[77.95603736979935, 16.456557208055607], [77.95627125884496, 16.45655390623688], [77.95626829666158, 16.45635852152772], [77.9560341102158, 16.456342189779868], [77.95603736979935, 16.456557208055607]]]}, "properties": {"name": "SFV-T0445", "emu_id": "SEG01", "typicality_percentile": 66.7, "is_medoid": false, "in_position_pool": false, "pool_rank": null, "selection_rationale": "pool position never used this baseline"}}, {"type": "Feature", "geometry": {"type": "Polygon", "coordinates": [[[77.95603736979935, 16.456557208055607], [77.95604079133766, 16.456782906216226], [77.95627468065304, 16.45677960434972], [77.95627125884496, 16.45655390623688], [77.95603736979935, 16.456557208055607]]]}, "properties": {"name": "SFV-T0446", "emu_id": "SEG01", "typicality_percentile": 91.0, "is_medoid": false, "in_position_pool": false, "pool_rank": null, "selection_rationale": "pool position never used this baseline"}}, {"type": "Feature", "geometry": {"type": "Polygon", "coordinates": [[[77.95627125884496, 16.45655390623688], [77.95650514783705, 16.456550604157783], [77.95650248310116, 16.45637485300685], [77.95626829666158, 16.45635852152772], [77.95627125884496, 16.45655390623688]]]}, "properties": {"name": "SFV-T0456", "emu_id": "SEG01", "typicality_percentile": 72.2, "is_medoid": false, "in_position_pool": false, "pool_rank": null, "selection_rationale": "pool position never used this baseline"}}, {"type": "Feature", "geometry": {"type": "Polygon", "coordinates": [[[77.95627125884496, 16.45655390623688], [77.95627468065304, 16.45677960434972], [77.95650856991487, 16.456776302222845], [77.95650514783705, 16.456550604157783], [77.95627125884496, 16.45655390623688]]]}, "properties": {"name": "SFV-T0457", "emu_id": "SEG01", "typicality_percentile": 71.8, "is_medoid": false, "in_position_pool": false, "pool_rank": null, "selection_rationale": "pool position never used this baseline"}}, {"type": "Feature", "geometry": {"type": "Polygon", "coordinates": [[[77.95650514783705, 16.456550604157783], [77.95673903677557, 16.456547301818333], [77.95673666953452, 16.456391184217264], [77.95650248310116, 16.45637485300685], [77.95650514783705, 16.456550604157783]]]}, "properties": {"name": "SFV-T0469", "emu_id": "SEG01", "typicality_percentile": 45.9, "is_medoid": false, "in_position_pool": false, "pool_rank": null, "selection_rationale": "pool position never used this baseline"}}, {"type": "Feature", "geometry": {"type": "Polygon", "coordinates": [[[77.95650514783705, 16.456550604157783], [77.95650856991487, 16.456776302222845], [77.95674245912316, 16.456772999835604], [77.95673903677557, 16.456547301818333], [77.95650514783705, 16.456550604157783]]]}, "properties": {"name": "SFV-T0470", "emu_id": "SEG01", "typicality_percentile": 76.9, "is_medoid": false, "in_position_pool": false, "pool_rank": null, "selection_rationale": "pool position never used this baseline"}}, {"type": "Feature", "geometry": {"type": "Polygon", "coordinates": [[[77.95650856991487, 16.456776302222845], [77.95651199204626, 16.457002000282362], [77.95674588152431, 16.456998697847332], [77.95674245912316, 16.456772999835604], [77.95650856991487, 16.456776302222845]]]}, "properties": {"name": "SFV-T0471", "emu_id": "SEG01", "typicality_percentile": 71.4, "is_medoid": false, "in_position_pool": false, "pool_rank": null, "selection_rationale": "pool position never used this baseline"}}, {"type": "Feature", "geometry": {"type": "Polygon", "coordinates": [[[77.95651199204626, 16.457002000282362], [77.95651541423118, 16.457227698336332], [77.956749303979, 16.457224395853515], [77.95674588152431, 16.456998697847332], [77.95651199204626, 16.457002000282362]]]}, "properties": {"name": "SFV-T0472", "emu_id": "SEG01", "typicality_percentile": 86.3, "is_medoid": false, "in_position_pool": false, "pool_rank": null, "selection_rationale": "pool position never used this baseline"}}, {"type": "Feature", "geometry": {"type": "Polygon", "coordinates": [[[77.95673903677557, 16.456547301818333], [77.95674245912316, 16.456772999835604], [77.9569763482779, 16.456769697187987], [77.95697292566055, 16.456543999218507], [77.95673903677557, 16.456547301818333]]]}, "properties": {"name": "SFV-T0483", "emu_id": "SEG01", "typicality_percentile": 33.3, "is_medoid": false, "in_position_pool": false, "pool_rank": null, "selection_rationale": "pool position never used this baseline"}}, {"type": "Feature", "geometry": {"type": "Polygon", "coordinates": [[[77.95674245912316, 16.456772999835604], [77.95674588152431, 16.456998697847332], [77.9569797709488, 16.45699539515193], [77.9569763482779, 16.456769697187987], [77.95674245912316, 16.456772999835604]]]}, "properties": {"name": "SFV-T0484", "emu_id": "SEG01", "typicality_percentile": 24.7, "is_medoid": false, "in_position_pool": false, "pool_rank": null, "selection_rationale": "pool position never used this baseline"}}, {"type": "Feature", "geometry": {"type": "Polygon", "coordinates": [[[77.95510523354075, 16.456796111078532], [77.95510865405353, 16.457021809424685], [77.95534254385284, 16.4570185085519], [77.95533912307027, 16.45679281025351], [77.95510523354075, 16.456796111078532]]]}, "properties": {"name": "SFV-T0410", "emu_id": "SEG01", "typicality_percentile": 99.2, "is_medoid": false, "in_position_pool": false, "pool_rank": null, "selection_rationale": "pool position never used this baseline"}}, {"type": "Feature", "geometry": {"type": "Polygon", "coordinates": [[[77.95533912307027, 16.45679281025351], [77.95534254385284, 16.4570185085519], [77.95557643359858, 16.457015207418742], [77.95557301254625, 16.456789509168118], [77.95533912307027, 16.45679281025351]]]}, "properties": {"name": "SFV-T0420", "emu_id": "SEG01", "typicality_percentile": 82.7, "is_medoid": false, "in_position_pool": false, "pool_rank": null, "selection_rationale": "pool position never used this baseline"}}, {"type": "Feature", "geometry": {"type": "Polygon", "coordinates": [[[77.95534254385284, 16.4570185085519], [77.95534596468892, 16.457244206844752], [77.95557985470444, 16.457240905663824], [77.95557643359858, 16.457015207418742], [77.95534254385284, 16.4570185085519]]]}, "properties": {"name": "SFV-T0421", "emu_id": "SEG01", "typicality_percentile": 91.8, "is_medoid": false, "in_position_pool": false, "pool_rank": null, "selection_rationale": "pool position never used this baseline"}}, {"type": "Feature", "geometry": {"type": "Polygon", "coordinates": [[[77.95534596468892, 16.457244206844752], [77.95534938557853, 16.457469905132047], [77.95558327586383, 16.457466603903356], [77.95557985470444, 16.457240905663824], [77.95534596468892, 16.457244206844752]]]}, "properties": {"name": "SFV-T0422", "emu_id": "SEG01", "typicality_percentile": 31.8, "is_medoid": false, "in_position_pool": false, "pool_rank": null, "selection_rationale": "pool position never used this baseline"}}, {"type": "Feature", "geometry": {"type": "Polygon", "coordinates": [[[77.95557301254625, 16.456789509168118], [77.95557643359858, 16.457015207418742], [77.9558103232908, 16.457011906025212], [77.95580690196873, 16.456786207822358], [77.95557301254625, 16.456789509168118]]]}, "properties": {"name": "SFV-T0429", "emu_id": "SEG01", "typicality_percentile": 79.6, "is_medoid": false, "in_position_pool": false, "pool_rank": null, "selection_rationale": "pool position never used this baseline"}}, {"type": "Feature", "geometry": {"type": "Polygon", "coordinates": [[[77.95557643359858, 16.457015207418742], [77.95557985470444, 16.457240905663824], [77.95581374466644, 16.457237604222517], [77.9558103232908, 16.457011906025212], [77.95557643359858, 16.457015207418742]]]}, "properties": {"name": "SFV-T0430", "emu_id": "SEG01", "typicality_percentile": 86.7, "is_medoid": false, "in_position_pool": false, "pool_rank": null, "selection_rationale": "pool position never used this baseline"}}, {"type": "Feature", "geometry": {"type": "Polygon", "coordinates": [[[77.95557985470444, 16.457240905663824], [77.95558327586383, 16.457466603903356], [77.9558171660956, 16.457463302414272], [77.95581374466644, 16.457237604222517], [77.95557985470444, 16.457240905663824]]]}, "properties": {"name": "SFV-T0431", "emu_id": "SEG01", "typicality_percentile": 80.8, "is_medoid": false, "in_position_pool": false, "pool_rank": null, "selection_rationale": "pool position never used this baseline"}}, {"type": "Feature", "geometry": {"type": "Polygon", "coordinates": [[[77.95558327586383, 16.457466603903356], [77.95558669707675, 16.457692302137342], [77.9558205875783, 16.457689000600492], [77.9558171660956, 16.457463302414272], [77.95558327586383, 16.457466603903356]]]}, "properties": {"name": "SFV-T0432", "emu_id": "SEG01", "typicality_percentile": 22.4, "is_medoid": false, "in_position_pool": false, "pool_rank": null, "selection_rationale": "pool position never used this baseline"}}, {"type": "Feature", "geometry": {"type": "Polygon", "coordinates": [[[77.95558669707675, 16.457692302137342], [77.95559011834321, 16.45791800036578], [77.95582400911454, 16.45791469878116], [77.9558205875783, 16.457689000600492], [77.95558669707675, 16.457692302137342]]]}, "properties": {"name": "SFV-T0433", "emu_id": "SEG01", "typicality_percentile": 23.9, "is_medoid": false, "in_position_pool": false, "pool_rank": null, "selection_rationale": "pool position never used this baseline"}}, {"type": "Feature", "geometry": {"type": "Polygon", "coordinates": [[[77.95580690196873, 16.456786207822358], [77.9558103232908, 16.457011906025212], [77.9560442129295, 16.457008604371303], [77.95604079133766, 16.456782906216226], [77.95580690196873, 16.456786207822358]]]}, "properties": {"name": "SFV-T0438", "emu_id": "SEG01", "typicality_percentile": 76.5, "is_medoid": false, "in_position_pool": false, "pool_rank": null, "selection_rationale": "pool position never used this baseline"}}, {"type": "Feature", "geometry": {"type": "Polygon", "coordinates": [[[77.9558103232908, 16.457011906025212], [77.95581374466644, 16.457237604222517], [77.9560476345749, 16.45723430252083], [77.9560442129295, 16.457008604371303], [77.9558103232908, 16.457011906025212]]]}, "properties": {"name": "SFV-T0439", "emu_id": "SEG01", "typicality_percentile": 82.0, "is_medoid": false, "in_position_pool": false, "pool_rank": null, "selection_rationale": "pool position never used this baseline"}}, {"type": "Feature", "geometry": {"type": "Polygon", "coordinates": [[[77.95581374466644, 16.457237604222517], [77.9558171660956, 16.457463302414272], [77.95605105627382, 16.45746000066482], [77.9560476345749, 16.45723430252083], [77.95581374466644, 16.457237604222517]]]}, "properties": {"name": "SFV-T0440", "emu_id": "SEG01", "typicality_percentile": 83.5, "is_medoid": false, "in_position_pool": false, "pool_rank": null, "selection_rationale": "pool position never used this baseline"}}, {"type": "Feature", "geometry": {"type": "Polygon", "coordinates": [[[77.9558171660956, 16.457463302414272], [77.9558205875783, 16.457689000600492], [77.9560544780263, 16.45768569880326], [77.95605105627382, 16.45746000066482], [77.9558171660956, 16.457463302414272]]]}, "properties": {"name": "SFV-T0441", "emu_id": "SEG01", "typicality_percentile": 22.0, "is_medoid": false, "in_position_pool": false, "pool_rank": null, "selection_rationale": "pool position never used this baseline"}}, {"type": "Feature", "geometry": {"type": "Polygon", "coordinates": [[[77.9558205875783, 16.457689000600492], [77.95582400911454, 16.45791469878116], [77.95605789983232, 16.457911396936147], [77.9560544780263, 16.45768569880326], [77.9558205875783, 16.457689000600492]]]}, "properties": {"name": "SFV-T0442", "emu_id": "SEG01", "typicality_percentile": 26.3, "is_medoid": false, "in_position_pool": false, "pool_rank": null, "selection_rationale": "pool position never used this baseline"}}, {"type": "Feature", "geometry": {"type": "Polygon", "coordinates": [[[77.95604079133766, 16.456782906216226], [77.9560442129295, 16.457008604371303], [77.95627810251464, 16.45700530245702], [77.95627468065304, 16.45677960434972], [77.95604079133766, 16.456782906216226]]]}, "properties": {"name": "SFV-T0447", "emu_id": "SEG01", "typicality_percentile": 73.3, "is_medoid": false, "in_position_pool": true, "pool_rank": 4, "selection_rationale": "best-scoring position in its spatial region \u2014 extends coverage of the EMU"}}, {"type": "Feature", "geometry": {"type": "Polygon", "coordinates": [[[77.9560442129295, 16.457008604371303], [77.9560476345749, 16.45723430252083], [77.9562815244298, 16.457231000558767], [77.95627810251464, 16.45700530245702], [77.9560442129295, 16.457008604371303]]]}, "properties": {"name": "SFV-T0448", "emu_id": "SEG01", "typicality_percentile": 91.4, "is_medoid": false, "in_position_pool": false, "pool_rank": null, "selection_rationale": "pool position never used this baseline"}}, {"type": "Feature", "geometry": {"type": "Polygon", "coordinates": [[[77.9560476345749, 16.45723430252083], [77.95605105627382, 16.45746000066482], [77.95628494639853, 16.457456698654976], [77.9562815244298, 16.457231000558767], [77.9560476345749, 16.45723430252083]]]}, "properties": {"name": "SFV-T0449", "emu_id": "SEG01", "typicality_percentile": 32.9, "is_medoid": false, "in_position_pool": false, "pool_rank": null, "selection_rationale": "pool position never used this baseline"}}, {"type": "Feature", "geometry": {"type": "Polygon", "coordinates": [[[77.95605105627382, 16.45746000066482], [77.9560544780263, 16.45768569880326], [77.95628836842076, 16.457682396745636], [77.95628494639853, 16.457456698654976], [77.95605105627382, 16.45746000066482]]]}, "properties": {"name": "SFV-T0450", "emu_id": "SEG01", "typicality_percentile": 21.6, "is_medoid": false, "in_position_pool": false, "pool_rank": null, "selection_rationale": "pool position never used this baseline"}}, {"type": "Feature", "geometry": {"type": "Polygon", "coordinates": [[[77.95627468065304, 16.45677960434972], [77.95627810251464, 16.45700530245702], [77.95651199204626, 16.457002000282362], [77.95650856991487, 16.456776302222845], [77.95627468065304, 16.45677960434972]]]}, "properties": {"name": "SFV-T0458", "emu_id": "SEG01", "typicality_percentile": 69.0, "is_medoid": false, "in_position_pool": false, "pool_rank": null, "selection_rationale": "pool position never used this baseline"}}, {"type": "Feature", "geometry": {"type": "Polygon", "coordinates": [[[77.95627810251464, 16.45700530245702], [77.9562815244298, 16.457231000558767], [77.95651541423118, 16.457227698336332], [77.95651199204626, 16.457002000282362], [77.95627810251464, 16.45700530245702]]]}, "properties": {"name": "SFV-T0459", "emu_id": "SEG01", "typicality_percentile": 54.9, "is_medoid": false, "in_position_pool": false, "pool_rank": null, "selection_rationale": "pool position never used this baseline"}}, {"type": "Feature", "geometry": {"type": "Polygon", "coordinates": [[[77.9562815244298, 16.457231000558767], [77.95628494639853, 16.457456698654976], [77.95651883646966, 16.457453396384757], [77.95651541423118, 16.457227698336332], [77.9562815244298, 16.457231000558767]]]}, "properties": {"name": "SFV-T0460", "emu_id": "SEG01", "typicality_percentile": 28.2, "is_medoid": false, "in_position_pool": false, "pool_rank": null, "selection_rationale": "pool position never used this baseline"}}, {"type": "Feature", "geometry": {"type": "Polygon", "coordinates": [[[77.95258029568603, 16.459992186662944], [77.95258371398013, 16.460217885456625], [77.95281760814515, 16.460214586779863], [77.95281418958123, 16.459988888033905], [77.95258029568603, 16.459992186662944]]]}, "properties": {"name": "SFV-T0164", "emu_id": "SEG03", "typicality_percentile": 13.0, "is_medoid": false, "in_position_pool": false, "pool_rank": null, "selection_rationale": "pool position never used this baseline"}}, {"type": "Feature", "geometry": {"type": "Polygon", "coordinates": [[[77.95279026113141, 16.45840899665691], [77.95279367932093, 16.45863469544168], [77.95302757154376, 16.458631396838577], [77.95302415308446, 16.458405698101533], [77.95279026113141, 16.45840899665691]]]}, "properties": {"name": "SFV-T0183", "emu_id": "SEG03", "typicality_percentile": 18.5, "is_medoid": false, "in_position_pool": false, "pool_rank": null, "selection_rationale": "pool position never used this baseline"}}, {"type": "Feature", "geometry": {"type": "Polygon", "coordinates": [[[77.95279367932093, 16.45863469544168], [77.95279709756393, 16.458860394220913], [77.95303099005658, 16.45885709557009], [77.95302757154376, 16.458631396838577], [77.95279367932093, 16.45863469544168]]]}, "properties": {"name": "SFV-T0184", "emu_id": "SEG03", "typicality_percentile": 22.2, "is_medoid": false, "in_position_pool": false, "pool_rank": null, "selection_rationale": "pool position never used this baseline"}}, {"type": "Feature", "geometry": {"type": "Polygon", "coordinates": [[[77.95280735261385, 16.459537490525342], [77.9528107710708, 16.45976318928239], [77.95304466464269, 16.459759890440655], [77.95304124591593, 16.45953419173133], [77.95280735261385, 16.459537490525342]]]}, "properties": {"name": "SFV-T0188", "emu_id": "SEG03", "typicality_percentile": 90.7, "is_medoid": false, "in_position_pool": false, "pool_rank": null, "selection_rationale": "pool position never used this baseline"}}, {"type": "Feature", "geometry": {"type": "Polygon", "coordinates": [[[77.9528107710708, 16.45976318928239], [77.95281418958123, 16.459988888033905], [77.95304808342294, 16.45998558914443], [77.95304466464269, 16.459759890440655], [77.9528107710708, 16.45976318928239]]]}, "properties": {"name": "SFV-T0189", "emu_id": "SEG03", "typicality_percentile": 75.9, "is_medoid": false, "in_position_pool": false, "pool_rank": null, "selection_rationale": "pool position never used this baseline"}}, {"type": "Feature", "geometry": {"type": "Polygon", "coordinates": [[[77.95281418958123, 16.459988888033905], [77.95281760814515, 16.460214586779863], [77.95305150225668, 16.460211287842665], [77.95304808342294, 16.45998558914443], [77.95281418958123, 16.459988888033905]]]}, "properties": {"name": "SFV-T0190", "emu_id": "SEG03", "typicality_percentile": 51.9, "is_medoid": false, "in_position_pool": false, "pool_rank": null, "selection_rationale": "pool position never used this baseline"}}, {"type": "Feature", "geometry": {"type": "Polygon", "coordinates": [[[77.95281760814515, 16.460214586779863], [77.95282102676255, 16.46044028552028], [77.95305492114393, 16.46043698653536], [77.95305150225668, 16.460211287842665], [77.95281760814515, 16.460214586779863]]]}, "properties": {"name": "SFV-T0191", "emu_id": "SEG03", "typicality_percentile": 33.3, "is_medoid": false, "in_position_pool": false, "pool_rank": null, "selection_rationale": "pool position never used this baseline"}}, {"type": "Feature", "geometry": {"type": "Polygon", "coordinates": [[[77.95282102676255, 16.46044028552028], [77.95282444543345, 16.46066598425515], [77.95305834008464, 16.460662685222502], [77.95305492114393, 16.46043698653536], [77.95282102676255, 16.46044028552028]]]}, "properties": {"name": "SFV-T0192", "emu_id": "SEG03", "typicality_percentile": 25.9, "is_medoid": false, "in_position_pool": false, "pool_rank": null, "selection_rationale": "pool position never used this baseline"}}, {"type": "Feature", "geometry": {"type": "Polygon", "coordinates": [[[77.95302415308446, 16.458405698101533], [77.95302757154376, 16.458631396838577], [77.95326146371312, 16.458628097975073], [77.953258044984, 16.45840239928576], [77.95302415308446, 16.458405698101533]]]}, "properties": {"name": "SFV-T0212", "emu_id": "SEG03", "typicality_percentile": 9.3, "is_medoid": false, "in_position_pool": false, "pool_rank": null, "selection_rationale": "pool position never used this baseline"}}, {"type": "Feature", "geometry": {"type": "Polygon", "coordinates": [[[77.95302757154376, 16.458631396838577], [77.95303099005658, 16.45885709557009], [77.95326488249573, 16.458853796658847], [77.95326146371312, 16.458628097975073], [77.95302757154376, 16.458631396838577]]]}, "properties": {"name": "SFV-T0213", "emu_id": "SEG03", "typicality_percentile": 11.1, "is_medoid": false, "in_position_pool": true, "pool_rank": 5, "selection_rationale": "best-scoring position in its spatial region \u2014 extends coverage of the EMU"}}, {"type": "Feature", "geometry": {"type": "Polygon", "coordinates": [[[77.95303099005658, 16.45885709557009], [77.95303440862287, 16.45908279429604], [77.95326830133183, 16.459079495337075], [77.95326488249573, 16.458853796658847], [77.95303099005658, 16.45885709557009]]]}, "properties": {"name": "SFV-T0214", "emu_id": "SEG03", "typicality_percentile": 37.0, "is_medoid": false, "in_position_pool": false, "pool_rank": null, "selection_rationale": "pool position never used this baseline"}}, {"type": "Feature", "geometry": {"type": "Polygon", "coordinates": [[[77.95303440862287, 16.45908279429604], [77.95303782724265, 16.459308493016458], [77.95327172022141, 16.459305194009758], [77.95326830133183, 16.459079495337075], [77.95303440862287, 16.45908279429604]]]}, "properties": {"name": "SFV-T0215", "emu_id": "SEG03", "typicality_percentile": 48.1, "is_medoid": false, "in_position_pool": false, "pool_rank": null, "selection_rationale": "pool position never used this baseline"}}, {"type": "Feature", "geometry": {"type": "Polygon", "coordinates": [[[77.95303782724265, 16.459308493016458], [77.95304124591593, 16.45953419173133], [77.9532751391645, 16.4595308926769], [77.95327172022141, 16.459305194009758], [77.95303782724265, 16.459308493016458]]]}, "properties": {"name": "SFV-T0216", "emu_id": "SEG03", "typicality_percentile": 85.2, "is_medoid": false, "in_position_pool": false, "pool_rank": null, "selection_rationale": "pool position never used this baseline"}}, {"type": "Feature", "geometry": {"type": "Polygon", "coordinates": [[[77.95304124591593, 16.45953419173133], [77.95304466464269, 16.459759890440655], [77.95327855816109, 16.45975659133849], [77.9532751391645, 16.4595308926769], [77.95304124591593, 16.45953419173133]]]}, "properties": {"name": "SFV-T0217", "emu_id": "SEG03", "typicality_percentile": 44.4, "is_medoid": false, "in_position_pool": false, "pool_rank": null, "selection_rationale": "pool position never used this baseline"}}, {"type": "Feature", "geometry": {"type": "Polygon", "coordinates": [[[77.95304466464269, 16.459759890440655], [77.95304808342294, 16.45998558914443], [77.95328197721116, 16.45998228999454], [77.95327855816109, 16.45975659133849], [77.95304466464269, 16.459759890440655]]]}, "properties": {"name": "SFV-T0218", "emu_id": "SEG03", "typicality_percentile": 72.2, "is_medoid": false, "in_position_pool": false, "pool_rank": null, "selection_rationale": "pool position never used this baseline"}}, {"type": "Feature", "geometry": {"type": "Polygon", "coordinates": [[[77.95304808342294, 16.45998558914443], [77.95305150225668, 16.460211287842665], [77.95328539631473, 16.460207988645042], [77.95328197721116, 16.45998228999454], [77.95304808342294, 16.45998558914443]]]}, "properties": {"name": "SFV-T0219", "emu_id": "SEG03", "typicality_percentile": 92.6, "is_medoid": false, "in_position_pool": false, "pool_rank": null, "selection_rationale": "pool position never used this baseline"}}, {"type": "Feature", "geometry": {"type": "Polygon", "coordinates": [[[77.95305150225668, 16.460211287842665], [77.95305492114393, 16.46043698653536], [77.95328881547181, 16.46043368729], [77.95328539631473, 16.460207988645042], [77.95305150225668, 16.460211287842665]]]}, "properties": {"name": "SFV-T0220", "emu_id": "SEG03", "typicality_percentile": 59.3, "is_medoid": false, "in_position_pool": false, "pool_rank": null, "selection_rationale": "pool position never used this baseline"}}, {"type": "Feature", "geometry": {"type": "Polygon", "coordinates": [[[77.95305492114393, 16.46043698653536], [77.95305834008464, 16.460662685222502], [77.95329223468235, 16.460659385929414], [77.95328881547181, 16.46043368729], [77.95305492114393, 16.46043698653536]]]}, "properties": {"name": "SFV-T0221", "emu_id": "SEG03", "typicality_percentile": 46.3, "is_medoid": false, "in_position_pool": true, "pool_rank": 4, "selection_rationale": "best-scoring position in its spatial region \u2014 extends coverage of the EMU"}}, {"type": "Feature", "geometry": {"type": "Polygon", "coordinates": [[[77.95326146371312, 16.458628097975073], [77.95326488249573, 16.458853796658847], [77.95349877488138, 16.458850497487198], [77.95349535582898, 16.45862479885116], [77.95326146371312, 16.458628097975073]]]}, "properties": {"name": "SFV-T0244", "emu_id": "SEG03", "typicality_percentile": 20.4, "is_medoid": false, "in_position_pool": false, "pool_rank": null, "selection_rationale": "pool position never used this baseline"}}, {"type": "Feature", "geometry": {"type": "Polygon", "coordinates": [[[77.95326488249573, 16.458853796658847], [77.95326830133183, 16.459079495337075], [77.95350219398729, 16.459076196117696], [77.95349877488138, 16.458850497487198], [77.95326488249573, 16.458853796658847]]]}, "properties": {"name": "SFV-T0245", "emu_id": "SEG03", "typicality_percentile": 50.0, "is_medoid": false, "in_position_pool": false, "pool_rank": null, "selection_rationale": "pool position never used this baseline"}}, {"type": "Feature", "geometry": {"type": "Polygon", "coordinates": [[[77.95326830133183, 16.459079495337075], [77.95327172022141, 16.459305194009758], [77.95350561314669, 16.459301894742644], [77.95350219398729, 16.459076196117696], [77.95326830133183, 16.459079495337075]]]}, "properties": {"name": "SFV-T0246", "emu_id": "SEG03", "typicality_percentile": 81.5, "is_medoid": false, "in_position_pool": false, "pool_rank": null, "selection_rationale": "pool position never used this baseline"}}, {"type": "Feature", "geometry": {"type": "Polygon", "coordinates": [[[77.95327172022141, 16.459305194009758], [77.9532751391645, 16.4595308926769], [77.95350903235958, 16.459527593362047], [77.95350561314669, 16.459301894742644], [77.95327172022141, 16.459305194009758]]]}, "properties": {"name": "SFV-T0247", "emu_id": "SEG03", "typicality_percentile": 87.0, "is_medoid": false, "in_position_pool": false, "pool_rank": null, "selection_rationale": "pool position never used this baseline"}}, {"type": "Feature", "geometry": {"type": "Polygon", "coordinates": [[[77.9532751391645, 16.4595308926769], [77.95327855816109, 16.45975659133849], [77.95351245162598, 16.459753291975908], [77.95350903235958, 16.459527593362047], [77.9532751391645, 16.4595308926769]]]}, "properties": {"name": "SFV-T0248", "emu_id": "SEG03", "typicality_percentile": 100.0, "is_medoid": true, "in_position_pool": true, "pool_rank": 1, "selection_rationale": "stratum medoid \u2014 most representative position within this EMU"}}, {"type": "Feature", "geometry": {"type": "Polygon", "coordinates": [[[77.95328197721116, 16.45998228999454], [77.95328539631473, 16.460207988645042], [77.95351929031928, 16.460204689186984], [77.95351587094588, 16.459978990584222], [77.95328197721116, 16.45998228999454]]]}, "properties": {"name": "SFV-T0250", "emu_id": "SEG03", "typicality_percentile": 96.3, "is_medoid": false, "in_position_pool": false, "pool_rank": null, "selection_rationale": "pool position never used this baseline"}}, {"type": "Feature", "geometry": {"type": "Polygon", "coordinates": [[[77.95328539631473, 16.460207988645042], [77.95328881547181, 16.46043368729], [77.95352270974618, 16.460430387784207], [77.95351929031928, 16.460204689186984], [77.95328539631473, 16.460207988645042]]]}, "properties": {"name": "SFV-T0251", "emu_id": "SEG03", "typicality_percentile": 31.5, "is_medoid": false, "in_position_pool": false, "pool_rank": null, "selection_rationale": "pool position never used this baseline"}}, {"type": "Feature", "geometry": {"type": "Polygon", "coordinates": [[[77.95328881547181, 16.46043368729], [77.95329223468235, 16.460659385929414], [77.95352612922657, 16.460656086375884], [77.95352270974618, 16.460430387784207], [77.95328881547181, 16.46043368729]]]}, "properties": {"name": "SFV-T0252", "emu_id": "SEG03", "typicality_percentile": 68.5, "is_medoid": false, "in_position_pool": false, "pool_rank": null, "selection_rationale": "pool position never used this baseline"}}, {"type": "Feature", "geometry": {"type": "Polygon", "coordinates": [[[77.95352270974618, 16.460430387784207], [77.95352612922657, 16.460656086375884], [77.9537600237173, 16.460652786561916], [77.95375660396705, 16.460427088017987], [77.95352270974618, 16.460430387784207]]]}, "properties": {"name": "SFV-T0284", "emu_id": "SEG03", "typicality_percentile": 77.8, "is_medoid": false, "in_position_pool": false, "pool_rank": null, "selection_rationale": "pool position never used this baseline"}}, {"type": "Feature", "geometry": {"type": "Polygon", "coordinates": [[[77.95327855816109, 16.45975659133849], [77.95328197721116, 16.45998228999454], [77.95351587094588, 16.459978990584222], [77.95351245162598, 16.459753291975908], [77.95327855816109, 16.45975659133849]]]}, "properties": {"name": "SFV-T0249", "emu_id": "SEG03", "typicality_percentile": 55.6, "is_medoid": false, "in_position_pool": false, "pool_rank": null, "selection_rationale": "pool position never used this baseline"}}, {"type": "Feature", "geometry": {"type": "Polygon", "coordinates": [[[77.95399049813443, 16.460423787991328], [77.95375660396705, 16.460427088017987], [77.9537600237173, 16.460652786561916], [77.9539939181545, 16.460649486487515], [77.95399349554557, 16.460621597311093], [77.9539415, 16.4605753], [77.95399186723321, 16.460514139796864], [77.95399049813443, 16.460423787991328]]]}, "properties": {"name": "SFV-T0320", "emu_id": "SEG03", "typicality_percentile": 24.1, "is_medoid": false, "in_position_pool": false, "pool_rank": null, "selection_rationale": "pool position never used this baseline"}}, {"type": "Feature", "geometry": {"type": "Polygon", "coordinates": [[[77.95351587094588, 16.459978990584222], [77.95351929031928, 16.460204689186984], [77.95375318427033, 16.4602013894685], [77.9537497646271, 16.459975690913474], [77.95351587094588, 16.459978990584222]]]}, "properties": {"name": "SFV-T0282", "emu_id": "SEG03", "typicality_percentile": 70.4, "is_medoid": false, "in_position_pool": false, "pool_rank": null, "selection_rationale": "pool position never used this baseline"}}, {"type": "Feature", "geometry": {"type": "Polygon", "coordinates": [[[77.95351929031928, 16.460204689186984], [77.95352270974618, 16.460430387784207], [77.95375660396705, 16.460427088017987], [77.95375318427033, 16.4602013894685], [77.95351929031928, 16.460204689186984]]]}, "properties": {"name": "SFV-T0283", "emu_id": "SEG03", "typicality_percentile": 35.2, "is_medoid": false, "in_position_pool": false, "pool_rank": null, "selection_rationale": "pool position never used this baseline"}}, {"type": "Feature", "geometry": {"type": "Polygon", "coordinates": [[[77.9537600237173, 16.460652786561916], [77.95376344352101, 16.460878485100313], [77.95399733822806, 16.460875184978164], [77.9539939181545, 16.460649486487515], [77.9537600237173, 16.460652786561916]]]}, "properties": {"name": "SFV-T0321", "emu_id": "SEG03", "typicality_percentile": 42.6, "is_medoid": false, "in_position_pool": false, "pool_rank": null, "selection_rationale": "pool position never used this baseline"}}, {"type": "Feature", "geometry": {"type": "Polygon", "coordinates": [[[77.95376344352101, 16.460878485100313], [77.95376686337825, 16.461104183633157], [77.95400075835515, 16.46110088346327], [77.95399733822806, 16.460875184978164], [77.95376344352101, 16.460878485100313]]]}, "properties": {"name": "SFV-T0322", "emu_id": "SEG03", "typicality_percentile": 16.7, "is_medoid": false, "in_position_pool": false, "pool_rank": null, "selection_rationale": "pool position never used this baseline"}}, {"type": "Feature", "geometry": {"type": "Polygon", "coordinates": [[[77.9539939181545, 16.460649486487515], [77.95399733822806, 16.460875184978164], [77.9542312328816, 16.46087188459558], [77.95423063984775, 16.46083275228207], [77.95402433531339, 16.460649057305115], [77.9539939181545, 16.460649486487515]]]}, "properties": {"name": "SFV-T0352", "emu_id": "SEG03", "typicality_percentile": 64.8, "is_medoid": false, "in_position_pool": false, "pool_rank": null, "selection_rationale": "pool position never used this baseline"}}, {"type": "Feature", "geometry": {"type": "Polygon", "coordinates": [[[77.95350219398729, 16.459076196117696], [77.95350561314669, 16.459301894742644], [77.95373950601847, 16.459298595215113], [77.95373608658926, 16.459072896637906], [77.95350219398729, 16.459076196117696]]]}, "properties": {"name": "SFV-T0278", "emu_id": "SEG03", "typicality_percentile": 79.6, "is_medoid": false, "in_position_pool": false, "pool_rank": null, "selection_rationale": "pool position never used this baseline"}}, {"type": "Feature", "geometry": {"type": "Polygon", "coordinates": [[[77.95372924789133, 16.458621499466847], [77.95373266721354, 16.45884719805515], [77.9539665594922, 16.45884389836269], [77.9539631399002, 16.45861819982213], [77.95372924789133, 16.458621499466847]]]}, "properties": {"name": "SFV-T0312", "emu_id": "SEG03", "typicality_percentile": 27.8, "is_medoid": false, "in_position_pool": false, "pool_rank": null, "selection_rationale": "pool position never used this baseline"}}, {"type": "Feature", "geometry": {"type": "Polygon", "coordinates": [[[77.95373266721354, 16.45884719805515], [77.95373608658926, 16.459072896637906], [77.95396997913771, 16.4590695968977], [77.9539665594922, 16.45884389836269], [77.95373266721354, 16.45884719805515]]]}, "properties": {"name": "SFV-T0313", "emu_id": "SEG03", "typicality_percentile": 38.9, "is_medoid": false, "in_position_pool": false, "pool_rank": null, "selection_rationale": "pool position never used this baseline"}}, {"type": "Feature", "geometry": {"type": "Polygon", "coordinates": [[[77.95373608658926, 16.459072896637906], [77.95373950601847, 16.459298595215113], [77.95397339883674, 16.459295295427165], [77.95396997913771, 16.4590695968977], [77.95373608658926, 16.459072896637906]]]}, "properties": {"name": "SFV-T0314", "emu_id": "SEG03", "typicality_percentile": 40.7, "is_medoid": false, "in_position_pool": false, "pool_rank": null, "selection_rationale": "pool position never used this baseline"}}, {"type": "Feature", "geometry": {"type": "Polygon", "coordinates": [[[77.9539631399002, 16.45861819982213], [77.9539665594922, 16.45884389836269], [77.95420045171736, 16.45884059840982], [77.95419703185554, 16.45861489991701], [77.9539631399002, 16.45861819982213]]]}, "properties": {"name": "SFV-T0345", "emu_id": "SEG03", "typicality_percentile": 63.0, "is_medoid": false, "in_position_pool": true, "pool_rank": 3, "selection_rationale": "best-scoring position in its spatial region \u2014 extends coverage of the EMU"}}, {"type": "Feature", "geometry": {"type": "Polygon", "coordinates": [[[77.95396997913771, 16.4590695968977], [77.95397339883674, 16.459295295427165], [77.95420729160149, 16.45929199537881], [77.95420387163267, 16.45906629689709], [77.95396997913771, 16.4590695968977]]]}, "properties": {"name": "SFV-T0347", "emu_id": "SEG03", "typicality_percentile": 83.3, "is_medoid": false, "in_position_pool": false, "pool_rank": null, "selection_rationale": "pool position never used this baseline"}}, {"type": "Feature", "geometry": {"type": "Polygon", "coordinates": [[[77.95350903235958, 16.459527593362047], [77.95351245162598, 16.459753291975908], [77.95374634503739, 16.4597499923529], [77.95374292550117, 16.459524293786775], [77.95350903235958, 16.459527593362047]]]}, "properties": {"name": "SFV-T0280", "emu_id": "SEG03", "typicality_percentile": 94.4, "is_medoid": false, "in_position_pool": false, "pool_rank": null, "selection_rationale": "pool position never used this baseline"}}, {"type": "Feature", "geometry": {"type": "Polygon", "coordinates": [[[77.95351245162598, 16.459753291975908], [77.95351587094588, 16.459978990584222], [77.9537497646271, 16.459975690913474], [77.95374634503739, 16.4597499923529], [77.95351245162598, 16.459753291975908]]]}, "properties": {"name": "SFV-T0281", "emu_id": "SEG03", "typicality_percentile": 98.1, "is_medoid": false, "in_position_pool": false, "pool_rank": null, "selection_rationale": "pool position never used this baseline"}}, {"type": "Feature", "geometry": {"type": "Polygon", "coordinates": [[[77.95374634503739, 16.4597499923529], [77.9537497646271, 16.459975690913474], [77.95398365825481, 16.4599723909823], [77.95398023839527, 16.459746692469473], [77.95374634503739, 16.4597499923529]]]}, "properties": {"name": "SFV-T0317", "emu_id": "SEG03", "typicality_percentile": 88.9, "is_medoid": false, "in_position_pool": false, "pool_rank": null, "selection_rationale": "pool position never used this baseline"}}, {"type": "Feature", "geometry": {"type": "Polygon", "coordinates": [[[77.9537497646271, 16.459975690913474], [77.95375318427033, 16.4602013894685], [77.95398707816787, 16.460198089489584], [77.95398365825481, 16.4599723909823], [77.9537497646271, 16.459975690913474]]]}, "properties": {"name": "SFV-T0318", "emu_id": "SEG03", "typicality_percentile": 29.6, "is_medoid": false, "in_position_pool": false, "pool_rank": null, "selection_rationale": "pool position never used this baseline"}}, {"type": "Feature", "geometry": {"type": "Polygon", "coordinates": [[[77.95375318427033, 16.4602013894685], [77.95375660396705, 16.460427088017987], [77.95399049813443, 16.460423787991328], [77.95398707816787, 16.460198089489584], [77.95375318427033, 16.4602013894685]]]}, "properties": {"name": "SFV-T0319", "emu_id": "SEG03", "typicality_percentile": 66.7, "is_medoid": false, "in_position_pool": false, "pool_rank": null, "selection_rationale": "pool position never used this baseline"}}, {"type": "Feature", "geometry": {"type": "Polygon", "coordinates": [[[77.95398023839527, 16.459746692469473], [77.95398365825481, 16.4599723909823], [77.95416062183182, 16.459969894085635], [77.95419785355351, 16.459743622012407], [77.95398023839527, 16.459746692469473]]]}, "properties": {"name": "SFV-T0350", "emu_id": "SEG03", "typicality_percentile": 74.1, "is_medoid": false, "in_position_pool": false, "pool_rank": null, "selection_rationale": "pool position never used this baseline"}}, {"type": "Feature", "geometry": {"type": "Polygon", "coordinates": [[[77.95398365825481, 16.4599723909823], [77.95398707816787, 16.460198089489584], [77.95412339006823, 16.460196166162053], [77.95416062183182, 16.459969894085635], [77.95398365825481, 16.4599723909823]]]}, "properties": {"name": "SFV-T0351", "emu_id": "SEG03", "typicality_percentile": 53.7, "is_medoid": false, "in_position_pool": false, "pool_rank": null, "selection_rationale": "pool position never used this baseline"}}, {"type": "Feature", "geometry": {"type": "Polygon", "coordinates": [[[77.95399733822806, 16.460875184978164], [77.95400075835515, 16.46110088346327], [77.95423465327852, 16.46109758303294], [77.9542312328816, 16.46087188459558], [77.95399733822806, 16.460875184978164]]]}, "properties": {"name": "SFV-T0353", "emu_id": "SEG03", "typicality_percentile": 61.1, "is_medoid": false, "in_position_pool": true, "pool_rank": 2, "selection_rationale": "best-scoring position in its spatial region \u2014 extends coverage of the EMU"}}, {"type": "Feature", "geometry": {"type": "Polygon", "coordinates": [[[77.95400075835515, 16.46110088346327], [77.95400417853574, 16.46132658194282], [77.95423807372896, 16.46132328146474], [77.95423465327852, 16.46109758303294], [77.95400075835515, 16.46110088346327]]]}, "properties": {"name": "SFV-T0354", "emu_id": "SEG03", "typicality_percentile": 3.7, "is_medoid": false, "in_position_pool": false, "pool_rank": null, "selection_rationale": "pool position never used this baseline"}}, {"type": "Feature", "geometry": {"type": "Polygon", "coordinates": [[[77.95400417853574, 16.46132658194282], [77.95400759876983, 16.461552280416832], [77.9542414942329, 16.461548979891006], [77.95423807372896, 16.46132328146474], [77.95400417853574, 16.46132658194282]]]}, "properties": {"name": "SFV-T0355", "emu_id": "SEG03", "typicality_percentile": 5.6, "is_medoid": false, "in_position_pool": false, "pool_rank": null, "selection_rationale": "pool position never used this baseline"}}, {"type": "Feature", "geometry": {"type": "Polygon", "coordinates": [[[77.9542414942329, 16.461548979891006], [77.95400759876983, 16.461552280416832], [77.95401101905745, 16.461777978885298], [77.95406265530276, 16.461777250253057], [77.9541565, 16.4617356], [77.95424405714368, 16.461718088597976], [77.9542414942329, 16.461548979891006]]]}, "properties": {"name": "SFV-T0356", "emu_id": "SEG03", "typicality_percentile": 7.4, "is_medoid": false, "in_position_pool": false, "pool_rank": null, "selection_rationale": "pool position never used this baseline"}}, {"type": "Feature", "geometry": {"type": "Polygon", "coordinates": [[[77.9542312328816, 16.46087188459558], [77.95423465327852, 16.46109758303294], [77.95446854814838, 16.46109428234216], [77.95446778465751, 16.461043906896847], [77.95427391234816, 16.460871282336587], [77.9542312328816, 16.46087188459558]]]}, "properties": {"name": "SFV-T0371", "emu_id": "SEG03", "typicality_percentile": 0.0, "is_medoid": false, "in_position_pool": false, "pool_rank": null, "selection_rationale": "pool position never used this baseline"}}, {"type": "Feature", "geometry": {"type": "Polygon", "coordinates": [[[77.95423465327852, 16.46109758303294], [77.95423807372896, 16.46132328146474], [77.95447196886866, 16.461319980726213], [77.95446854814838, 16.46109428234216], [77.95423465327852, 16.46109758303294]]]}, "properties": {"name": "SFV-T0372", "emu_id": "SEG03", "typicality_percentile": 1.9, "is_medoid": false, "in_position_pool": false, "pool_rank": null, "selection_rationale": "pool position never used this baseline"}}, {"type": "Feature", "geometry": {"type": "Polygon", "coordinates": [[[77.95423807372896, 16.46132328146474], [77.9542414942329, 16.461548979891006], [77.95447538964247, 16.461545679104727], [77.95447196886866, 16.461319980726213], [77.95423807372896, 16.46132328146474]]]}, "properties": {"name": "SFV-T0373", "emu_id": "SEG03", "typicality_percentile": 57.4, "is_medoid": false, "in_position_pool": false, "pool_rank": null, "selection_rationale": "pool position never used this baseline"}}, {"type": "Feature", "geometry": {"type": "Polygon", "coordinates": [[[77.95447538964247, 16.461545679104727], [77.9542414942329, 16.461548979891006], [77.95424405714368, 16.461718088597976], [77.9543655, 16.4616938], [77.95447669618383, 16.46163188213638], [77.95447538964247, 16.461545679104727]]]}, "properties": {"name": "SFV-T0374", "emu_id": "SEG03", "typicality_percentile": 14.8, "is_medoid": false, "in_position_pool": false, "pool_rank": null, "selection_rationale": "pool position never used this baseline"}}, {"type": "Feature", "geometry": {"type": "Polygon", "coordinates": [[[77.95283128293569, 16.46111738170826], [77.95283470176705, 16.461343080426488], [77.95306859722778, 16.46133978125066], [77.95306517812658, 16.461114082580153], [77.95283128293569, 16.46111738170826]]]}, "properties": {"name": "SFV-T0195", "emu_id": "SEG04", "typicality_percentile": 6.9, "is_medoid": false, "in_position_pool": false, "pool_rank": null, "selection_rationale": "pool position never used this baseline"}}, {"type": "Feature", "geometry": {"type": "Polygon", "coordinates": [[[77.95307543559066, 16.461791178575034], [77.95307201638248, 16.46156547991562], [77.95287647059436, 16.461568238210766], [77.9529418, 16.4617671], [77.9529524685104, 16.4617929131467], [77.95307543559066, 16.461791178575034]]]}, "properties": {"name": "SFV-T0197", "emu_id": "SEG04", "typicality_percentile": 86.2, "is_medoid": false, "in_position_pool": false, "pool_rank": null, "selection_rationale": "pool position never used this baseline"}}, {"type": "Feature", "geometry": {"type": "Polygon", "coordinates": [[[77.95306517812658, 16.461114082580153], [77.95306859722778, 16.46133978125066], [77.953302492635, 16.461336481814374], [77.95329907326396, 16.4611107831916], [77.95306517812658, 16.461114082580153]]]}, "properties": {"name": "SFV-T0224", "emu_id": "SEG04", "typicality_percentile": 3.4, "is_medoid": false, "in_position_pool": false, "pool_rank": null, "selection_rationale": "pool position never used this baseline"}}, {"type": "Feature", "geometry": {"type": "Polygon", "coordinates": [[[77.95306859722778, 16.46133978125066], [77.95307201638248, 16.46156547991562], [77.95330591205956, 16.461562180431603], [77.953302492635, 16.461336481814374], [77.95306859722778, 16.46133978125066]]]}, "properties": {"name": "SFV-T0225", "emu_id": "SEG04", "typicality_percentile": 79.3, "is_medoid": false, "in_position_pool": false, "pool_rank": null, "selection_rationale": "pool position never used this baseline"}}, {"type": "Feature", "geometry": {"type": "Polygon", "coordinates": [[[77.95307201638248, 16.46156547991562], [77.95307543559066, 16.461791178575034], [77.9533093315376, 16.461787879043282], [77.95330591205956, 16.461562180431603], [77.95307201638248, 16.46156547991562]]]}, "properties": {"name": "SFV-T0226", "emu_id": "SEG04", "typicality_percentile": 100.0, "is_medoid": true, "in_position_pool": true, "pool_rank": 1, "selection_rationale": "stratum medoid \u2014 most representative position within this EMU"}}, {"type": "Feature", "geometry": {"type": "Polygon", "coordinates": [[[77.95307543559066, 16.461791178575034], [77.95307885485235, 16.4620168772289], [77.95331275106915, 16.462013577649422], [77.9533093315376, 16.461787879043282], [77.95307543559066, 16.461791178575034]]]}, "properties": {"name": "SFV-T0227", "emu_id": "SEG04", "typicality_percentile": 65.5, "is_medoid": false, "in_position_pool": false, "pool_rank": null, "selection_rationale": "pool position never used this baseline"}}, {"type": "Feature", "geometry": {"type": "Polygon", "coordinates": [[[77.95331275106915, 16.462013577649422], [77.95307885485235, 16.4620168772289], [77.9530801418158, 16.46210182620865], [77.9531003, 16.4621506], [77.9533102, 16.462147599999998], [77.95331480734855, 16.462149296114493], [77.95331275106915, 16.462013577649422]]]}, "properties": {"name": "SFV-T0228", "emu_id": "SEG04", "typicality_percentile": 72.4, "is_medoid": false, "in_position_pool": false, "pool_rank": null, "selection_rationale": "pool position never used this baseline"}}, {"type": "Feature", "geometry": {"type": "Polygon", "coordinates": [[[77.95329907326396, 16.4611107831916], [77.953302492635, 16.461336481814374], [77.95353638798875, 16.461333182117638], [77.95353296834786, 16.4611074835426], [77.95329907326396, 16.4611107831916]]]}, "properties": {"name": "SFV-T0255", "emu_id": "SEG04", "typicality_percentile": 0.0, "is_medoid": false, "in_position_pool": false, "pool_rank": null, "selection_rationale": "pool position never used this baseline"}}, {"type": "Feature", "geometry": {"type": "Polygon", "coordinates": [[[77.953302492635, 16.461336481814374], [77.95330591205956, 16.461562180431603], [77.95353980768316, 16.46155888068713], [77.95353638798875, 16.461333182117638], [77.953302492635, 16.461336481814374]]]}, "properties": {"name": "SFV-T0256", "emu_id": "SEG04", "typicality_percentile": 96.6, "is_medoid": false, "in_position_pool": false, "pool_rank": null, "selection_rationale": "pool position never used this baseline"}}, {"type": "Feature", "geometry": {"type": "Polygon", "coordinates": [[[77.95330591205956, 16.461562180431603], [77.9533093315376, 16.461787879043282], [77.95354322743104, 16.461784579251077], [77.95353980768316, 16.46155888068713], [77.95330591205956, 16.461562180431603]]]}, "properties": {"name": "SFV-T0257", "emu_id": "SEG04", "typicality_percentile": 58.6, "is_medoid": false, "in_position_pool": false, "pool_rank": null, "selection_rationale": "pool position never used this baseline"}}, {"type": "Feature", "geometry": {"type": "Polygon", "coordinates": [[[77.9533093315376, 16.461787879043282], [77.95331275106915, 16.462013577649422], [77.95354664723246, 16.46201027780948], [77.95354322743104, 16.461784579251077], [77.9533093315376, 16.461787879043282]]]}, "properties": {"name": "SFV-T0258", "emu_id": "SEG04", "typicality_percentile": 51.7, "is_medoid": false, "in_position_pool": false, "pool_rank": null, "selection_rationale": "pool position never used this baseline"}}, {"type": "Feature", "geometry": {"type": "Polygon", "coordinates": [[[77.95355006708735, 16.462235976362333], [77.95354664723246, 16.46201027780948], [77.95331275106915, 16.462013577649422], [77.95331480734855, 16.462149296114493], [77.9534922, 16.4622146], [77.95348292252321, 16.462236923686625], [77.95355006708735, 16.462235976362333]]]}, "properties": {"name": "SFV-T0259", "emu_id": "SEG04", "typicality_percentile": 75.9, "is_medoid": false, "in_position_pool": false, "pool_rank": null, "selection_rationale": "pool position never used this baseline"}}, {"type": "Feature", "geometry": {"type": "Polygon", "coordinates": [[[77.95352954876046, 16.46088178496202], [77.95353296834786, 16.4611074835426], [77.95376686337825, 16.461104183633157], [77.95376344352101, 16.460878485100313], [77.95352954876046, 16.46088178496202]]]}, "properties": {"name": "SFV-T0286", "emu_id": "SEG04", "typicality_percentile": 10.3, "is_medoid": false, "in_position_pool": false, "pool_rank": null, "selection_rationale": "pool position never used this baseline"}}, {"type": "Feature", "geometry": {"type": "Polygon", "coordinates": [[[77.95353296834786, 16.4611074835426], [77.95353638798875, 16.461333182117638], [77.953770283289, 16.461329882160452], [77.95376686337825, 16.461104183633157], [77.95353296834786, 16.4611074835426]]]}, "properties": {"name": "SFV-T0287", "emu_id": "SEG04", "typicality_percentile": 13.8, "is_medoid": false, "in_position_pool": false, "pool_rank": null, "selection_rationale": "pool position never used this baseline"}}, {"type": "Feature", "geometry": {"type": "Polygon", "coordinates": [[[77.95353638798875, 16.461333182117638], [77.95353980768316, 16.46155888068713], [77.95377370325325, 16.46155558068221], [77.953770283289, 16.461329882160452], [77.95353638798875, 16.461333182117638]]]}, "properties": {"name": "SFV-T0288", "emu_id": "SEG04", "typicality_percentile": 31.0, "is_medoid": false, "in_position_pool": false, "pool_rank": null, "selection_rationale": "pool position never used this baseline"}}, {"type": "Feature", "geometry": {"type": "Polygon", "coordinates": [[[77.95353980768316, 16.46155888068713], [77.95354322743104, 16.461784579251077], [77.953777123271, 16.461781279198412], [77.95377370325325, 16.46155558068221], [77.95353980768316, 16.46155888068713]]]}, "properties": {"name": "SFV-T0289", "emu_id": "SEG04", "typicality_percentile": 55.2, "is_medoid": false, "in_position_pool": false, "pool_rank": null, "selection_rationale": "pool position never used this baseline"}}, {"type": "Feature", "geometry": {"type": "Polygon", "coordinates": [[[77.953777123271, 16.461781279198412], [77.95354322743104, 16.461784579251077], [77.95354664723246, 16.46201027780948], [77.95375581441938, 16.462007326628164], [77.9537379, 16.461956599999997], [77.9537699, 16.461908599999994], [77.95377898510644, 16.46190414651711], [77.953777123271, 16.461781279198412]]]}, "properties": {"name": "SFV-T0290", "emu_id": "SEG04", "typicality_percentile": 62.1, "is_medoid": false, "in_position_pool": false, "pool_rank": null, "selection_rationale": "pool position never used this baseline"}}, {"type": "Feature", "geometry": {"type": "Polygon", "coordinates": [[[77.95354664723246, 16.46201027780948], [77.95355006708735, 16.462235976362333], [77.95378396346703, 16.46223267621419], [77.9537816575196, 16.462080504116493], [77.95375581441938, 16.462007326628164], [77.95354664723246, 16.46201027780948]]]}, "properties": {"name": "SFV-T0291", "emu_id": "SEG04", "typicality_percentile": 27.6, "is_medoid": false, "in_position_pool": false, "pool_rank": null, "selection_rationale": "pool position never used this baseline"}}, {"type": "Feature", "geometry": {"type": "Polygon", "coordinates": [[[77.95355006708735, 16.462235976362333], [77.95355348699576, 16.462461674909648], [77.95378738364529, 16.462458374713762], [77.95378396346703, 16.46223267621419], [77.95355006708735, 16.462235976362333]]]}, "properties": {"name": "SFV-T0292", "emu_id": "SEG04", "typicality_percentile": 89.7, "is_medoid": false, "in_position_pool": false, "pool_rank": null, "selection_rationale": "pool position never used this baseline"}}, {"type": "Feature", "geometry": {"type": "Polygon", "coordinates": [[[77.95376686337825, 16.461104183633157], [77.953770283289, 16.461329882160452], [77.95400417853574, 16.46132658194282], [77.95400075835515, 16.46110088346327], [77.95376686337825, 16.461104183633157]]]}, "properties": {"name": "SFV-T0323", "emu_id": "SEG04", "typicality_percentile": 17.2, "is_medoid": false, "in_position_pool": false, "pool_rank": null, "selection_rationale": "pool position never used this baseline"}}, {"type": "Feature", "geometry": {"type": "Polygon", "coordinates": [[[77.953770283289, 16.461329882160452], [77.95377370325325, 16.46155558068221], [77.95400759876983, 16.461552280416832], [77.95400417853574, 16.46132658194282], [77.953770283289, 16.461329882160452]]]}, "properties": {"name": "SFV-T0324", "emu_id": "SEG04", "typicality_percentile": 20.7, "is_medoid": false, "in_position_pool": false, "pool_rank": null, "selection_rationale": "pool position never used this baseline"}}, {"type": "Feature", "geometry": {"type": "Polygon", "coordinates": [[[77.95377370325325, 16.46155558068221], [77.953777123271, 16.461781279198412], [77.95401101905745, 16.461777978885298], [77.95400759876983, 16.461552280416832], [77.95377370325325, 16.46155558068221]]]}, "properties": {"name": "SFV-T0325", "emu_id": "SEG04", "typicality_percentile": 24.1, "is_medoid": false, "in_position_pool": false, "pool_rank": null, "selection_rationale": "pool position never used this baseline"}}, {"type": "Feature", "geometry": {"type": "Polygon", "coordinates": [[[77.95307201638248, 16.46156547991562], [77.95306859722778, 16.46133978125066], [77.95283470176705, 16.461343080426488], [77.95283626191527, 16.46144607451985], [77.9528395, 16.4614557], [77.95287647059436, 16.461568238210766], [77.95307201638248, 16.46156547991562]]]}, "properties": {"name": "SFV-T0196", "emu_id": "SEG04", "typicality_percentile": 48.3, "is_medoid": false, "in_position_pool": false, "pool_rank": null, "selection_rationale": "pool position never used this baseline"}}, {"type": "Feature", "geometry": {"type": "Polygon", "coordinates": [[[77.95355690695766, 16.46268737345141], [77.95355348699576, 16.462461674909648], [77.95338855121678, 16.462464001935903], [77.9533829, 16.4624776], [77.95343010451677, 16.46268916250193], [77.95355690695766, 16.46268737345141]]]}, "properties": {"name": "SFV-T0260", "emu_id": "SEG04", "typicality_percentile": 82.8, "is_medoid": false, "in_position_pool": false, "pool_rank": null, "selection_rationale": "pool position never used this baseline"}}, {"type": "Feature", "geometry": {"type": "Polygon", "coordinates": [[[77.95355348699576, 16.462461674909648], [77.95355690695766, 16.46268737345141], [77.95379080387707, 16.46268407320779], [77.95378738364529, 16.462458374713762], [77.95355348699576, 16.462461674909648]]]}, "properties": {"name": "SFV-T0293", "emu_id": "SEG04", "typicality_percentile": 44.8, "is_medoid": false, "in_position_pool": false, "pool_rank": null, "selection_rationale": "pool position never used this baseline"}}, {"type": "Feature", "geometry": {"type": "Polygon", "coordinates": [[[77.95355690695766, 16.46268737345141], [77.95356032697308, 16.462913071987625], [77.95379422416235, 16.46290977169626], [77.95379080387707, 16.46268407320779], [77.95355690695766, 16.46268737345141]]]}, "properties": {"name": "SFV-T0294", "emu_id": "SEG04", "typicality_percentile": 93.1, "is_medoid": false, "in_position_pool": true, "pool_rank": 2, "selection_rationale": "best-scoring position in its spatial region \u2014 extends coverage of the EMU"}}, {"type": "Feature", "geometry": {"type": "Polygon", "coordinates": [[[77.95356032697308, 16.462913071987625], [77.95356374704198, 16.463138770518295], [77.95379764450115, 16.463135470179193], [77.95379422416235, 16.46290977169626], [77.95356032697308, 16.462913071987625]]]}, "properties": {"name": "SFV-T0295", "emu_id": "SEG04", "typicality_percentile": 69.0, "is_medoid": false, "in_position_pool": false, "pool_rank": null, "selection_rationale": "pool position never used this baseline"}}, {"type": "Feature", "geometry": {"type": "Polygon", "coordinates": [[[77.95378738364529, 16.462458374713762], [77.95379080387707, 16.46268407320779], [77.95400105957088, 16.462681106314665], [77.95391697571841, 16.46245654610471], [77.95378738364529, 16.462458374713762]]]}, "properties": {"name": "SFV-T0326", "emu_id": "SEG04", "typicality_percentile": 41.4, "is_medoid": false, "in_position_pool": false, "pool_rank": null, "selection_rationale": "pool position never used this baseline"}}, {"type": "Feature", "geometry": {"type": "Polygon", "coordinates": [[[77.95379080387707, 16.46268407320779], [77.95379422416235, 16.46290977169626], [77.95402812129814, 16.46290647114442], [77.95402653993732, 16.462802128676582], [77.9540142, 16.4627162], [77.95400105957088, 16.462681106314665], [77.95379080387707, 16.46268407320779]]]}, "properties": {"name": "SFV-T0327", "emu_id": "SEG04", "typicality_percentile": 37.9, "is_medoid": false, "in_position_pool": false, "pool_rank": null, "selection_rationale": "pool position never used this baseline"}}, {"type": "Feature", "geometry": {"type": "Polygon", "coordinates": [[[77.95379422416235, 16.46290977169626], [77.95379764450115, 16.463135470179193], [77.95403154190682, 16.463132169579612], [77.95402812129814, 16.46290647114442], [77.95379422416235, 16.46290977169626]]]}, "properties": {"name": "SFV-T0328", "emu_id": "SEG04", "typicality_percentile": 34.5, "is_medoid": false, "in_position_pool": false, "pool_rank": null, "selection_rationale": "pool position never used this baseline"}}]}