{"type": "FeatureCollection", "features": [{"type": "Feature", "geometry": {"type": "Polygon", "coordinates": [[[73.80775145369734, 18.635473037600345, 0.0], [73.80775302958797, 18.635247135812634, 0.0], [73.80754379804893, 18.635245809233115, 0.0], [73.8075849588741, 18.635471981988736, 0.0], [73.80775145369734, 18.635473037600345, 0.0]]]}, "properties": {"name": "PMP-T0045", "emu_id": "EMU_Deccan_forest", "typicality_percentile": 0.9, "is_medoid": false, "in_position_pool": false, "pool_rank": null, "selection_rationale": "pool position never used this baseline"}}, {"type": "Feature", "geometry": {"type": "Polygon", "coordinates": [[[73.8077498777841, 18.63569893938251, 0.0], [73.80775145369734, 18.635473037600345, 0.0], [73.8075849588741, 18.635471981988736, 0.0], [73.80758865705494, 18.63549230293036, 0.0], [73.80768129903679, 18.635698504591854, 0.0], [73.8077498777841, 18.63569893938251, 0.0]]]}, "properties": {"name": "PMP-T0046", "emu_id": "EMU_Deccan_forest", "typicality_percentile": 20.4, "is_medoid": false, "in_position_pool": false, "pool_rank": null, "selection_rationale": "pool position never used this baseline"}}, {"type": "Feature", "geometry": {"type": "Polygon", "coordinates": [[[73.80775302958797, 18.635247135812634, 0.0], [73.80775145369734, 18.635473037600345, 0.0], [73.8079884207113, 18.63547453976603, 0.0], [73.80798999628891, 18.635248637958806, 0.0], [73.80775302958797, 18.635247135812634, 0.0]]]}, "properties": {"name": "PMP-T0056", "emu_id": "EMU_Deccan_forest", "typicality_percentile": 4.2, "is_medoid": false, "in_position_pool": false, "pool_rank": null, "selection_rationale": "pool position never used this baseline"}}, {"type": "Feature", "geometry": {"type": "Polygon", "coordinates": [[[73.80775145369734, 18.635473037600345, 0.0], [73.8077498777841, 18.63569893938251, 0.0], [73.80798684511112, 18.63570044156771, 0.0], [73.8079884207113, 18.63547453976603, 0.0], [73.80775145369734, 18.635473037600345, 0.0]]]}, "properties": {"name": "PMP-T0057", "emu_id": "EMU_Deccan_forest", "typicality_percentile": 37.3, "is_medoid": false, "in_position_pool": false, "pool_rank": null, "selection_rationale": "pool position never used this baseline"}}, {"type": "Feature", "geometry": {"type": "Polygon", "coordinates": [[[73.80798526948834, 18.63592634336384, 0.0], [73.80798684511112, 18.63570044156771, 0.0], [73.8077498777841, 18.63569893938251, 0.0], [73.80774928578234, 18.635783799977798, 0.0], [73.80786318090553, 18.635925569447167, 0.0], [73.80798526948834, 18.63592634336384, 0.0]]]}, "properties": {"name": "PMP-T0058", "emu_id": "EMU_Deccan_forest", "typicality_percentile": 30.5, "is_medoid": false, "in_position_pool": false, "pool_rank": null, "selection_rationale": "pool position never used this baseline"}}, {"type": "Feature", "geometry": {"type": "Polygon", "coordinates": [[[73.80798999628891, 18.635248637958806, 0.0], [73.80822696301243, 18.635250139806548, 0.0], [73.80822795364325, 18.63510807609464, 0.0], [73.80799072713076, 18.635143850845342, 0.0], [73.80798999628891, 18.635248637958806, 0.0]]]}, "properties": {"name": "PMP-T0072", "emu_id": "EMU_Deccan_forest", "typicality_percentile": 3.2, "is_medoid": false, "in_position_pool": false, "pool_rank": null, "selection_rationale": "pool position never used this baseline"}}, {"type": "Feature", "geometry": {"type": "Polygon", "coordinates": [[[73.80798999628891, 18.635248637958806, 0.0], [73.8079884207113, 18.63547453976603, 0.0], [73.80822538774787, 18.63547604163328, 0.0], [73.80822696301243, 18.635250139806548, 0.0], [73.80798999628891, 18.635248637958806, 0.0]]]}, "properties": {"name": "PMP-T0073", "emu_id": "EMU_Deccan_forest", "typicality_percentile": 6.8, "is_medoid": false, "in_position_pool": false, "pool_rank": null, "selection_rationale": "pool position never used this baseline"}}, {"type": "Feature", "geometry": {"type": "Polygon", "coordinates": [[[73.8079884207113, 18.63547453976603, 0.0], [73.80798684511112, 18.63570044156771, 0.0], [73.80822381246072, 18.635701943454468, 0.0], [73.80822538774787, 18.63547604163328, 0.0], [73.8079884207113, 18.63547453976603, 0.0]]]}, "properties": {"name": "PMP-T0074", "emu_id": "EMU_Deccan_forest", "typicality_percentile": 26.4, "is_medoid": false, "in_position_pool": false, "pool_rank": null, "selection_rationale": "pool position never used this baseline"}}, {"type": "Feature", "geometry": {"type": "Polygon", "coordinates": [[[73.80798684511112, 18.63570044156771, 0.0], [73.80798526948834, 18.63592634336384, 0.0], [73.808222237151, 18.635927845270107, 0.0], [73.80822381246072, 18.635701943454468, 0.0], [73.80798684511112, 18.63570044156771, 0.0]]]}, "properties": {"name": "PMP-T0075", "emu_id": "EMU_Deccan_forest", "typicality_percentile": 28.6, "is_medoid": false, "in_position_pool": false, "pool_rank": null, "selection_rationale": "pool position never used this baseline"}}, {"type": "Feature", "geometry": {"type": "Polygon", "coordinates": [[[73.80822066181868, 18.6361537470802, 0.0], [73.808222237151, 18.635927845270107, 0.0], [73.80798526948834, 18.63592634336384, 0.0], [73.80798422400314, 18.636076235944405, 0.0], [73.80802168014924, 18.63612285882795, 0.0], [73.80805232087569, 18.636152680149852, 0.0], [73.80822066181868, 18.6361537470802, 0.0]]]}, "properties": {"name": "PMP-T0076", "emu_id": "EMU_Deccan_forest", "typicality_percentile": 34.0, "is_medoid": false, "in_position_pool": false, "pool_rank": null, "selection_rationale": "pool position never used this baseline"}}, {"type": "Feature", "geometry": {"type": "Polygon", "coordinates": [[[73.80822696301243, 18.635250139806548, 0.0], [73.80846392975853, 18.63525164135586, 0.0], [73.80846513586431, 18.63507864239401, 0.0], [73.808348261098, 18.63508993310581, 0.0], [73.80822795364325, 18.63510807609464, 0.0], [73.80822696301243, 18.635250139806548, 0.0]]]}, "properties": {"name": "PMP-T0089", "emu_id": "EMU_Deccan_forest", "typicality_percentile": 2.3, "is_medoid": false, "in_position_pool": false, "pool_rank": null, "selection_rationale": "pool position never used this baseline"}}, {"type": "Feature", "geometry": {"type": "Polygon", "coordinates": [[[73.80822696301243, 18.635250139806548, 0.0], [73.80822538774787, 18.63547604163328, 0.0], [73.808462354807, 18.635477543202096, 0.0], [73.80846392975853, 18.63525164135586, 0.0], [73.80822696301243, 18.635250139806548, 0.0]]]}, "properties": {"name": "PMP-T0090", "emu_id": "EMU_Deccan_forest", "typicality_percentile": 8.7, "is_medoid": false, "in_position_pool": false, "pool_rank": null, "selection_rationale": "pool position never used this baseline"}}, {"type": "Feature", "geometry": {"type": "Polygon", "coordinates": [[[73.80822538774787, 18.63547604163328, 0.0], [73.80822381246072, 18.635701943454468, 0.0], [73.8084607798329, 18.635703445042793, 0.0], [73.808462354807, 18.635477543202096, 0.0], [73.80822538774787, 18.63547604163328, 0.0]]]}, "properties": {"name": "PMP-T0091", "emu_id": "EMU_Deccan_forest", "typicality_percentile": 45.2, "is_medoid": false, "in_position_pool": false, "pool_rank": null, "selection_rationale": "pool position never used this baseline"}}, {"type": "Feature", "geometry": {"type": "Polygon", "coordinates": [[[73.80822381246072, 18.635701943454468, 0.0], [73.808222237151, 18.635927845270107, 0.0], [73.80845920483623, 18.63592934687793, 0.0], [73.8084607798329, 18.635703445042793, 0.0], [73.80822381246072, 18.635701943454468, 0.0]]]}, "properties": {"name": "PMP-T0092", "emu_id": "EMU_Deccan_forest", "typicality_percentile": 38.3, "is_medoid": false, "in_position_pool": false, "pool_rank": null, "selection_rationale": "pool position never used this baseline"}}, {"type": "Feature", "geometry": {"type": "Polygon", "coordinates": [[[73.808222237151, 18.635927845270107, 0.0], [73.80822066181868, 18.6361537470802, 0.0], [73.80845762981696, 18.636155248707528, 0.0], [73.80845920483623, 18.63592934687793, 0.0], [73.808222237151, 18.635927845270107, 0.0]]]}, "properties": {"name": "PMP-T0093", "emu_id": "EMU_Deccan_forest", "typicality_percentile": 37.4, "is_medoid": false, "in_position_pool": false, "pool_rank": null, "selection_rationale": "pool position never used this baseline"}}, {"type": "Feature", "geometry": {"type": "Polygon", "coordinates": [[[73.80845605477512, 18.63638115053157, 0.0], [73.80845762981696, 18.636155248707528, 0.0], [73.80822066181868, 18.6361537470802, 0.0], [73.80821953436255, 18.636315421695542, 0.0], [73.8082297474507, 18.636325361631506, 0.0], [73.80827175738825, 18.636379982681447, 0.0], [73.80845605477512, 18.63638115053157, 0.0]]]}, "properties": {"name": "PMP-T0094", "emu_id": "EMU_Deccan_forest", "typicality_percentile": 33.4, "is_medoid": false, "in_position_pool": false, "pool_rank": null, "selection_rationale": "pool position never used this baseline"}}, {"type": "Feature", "geometry": {"type": "Polygon", "coordinates": [[[73.80846392975853, 18.63525164135586, 0.0], [73.80870089652721, 18.635253142606736, 0.0], [73.80870227253955, 18.635055733525565, 0.0], [73.80846513586431, 18.63507864239401, 0.0], [73.80846392975853, 18.63525164135586, 0.0]]]}, "properties": {"name": "PMP-T0112", "emu_id": "EMU_Deccan_forest", "typicality_percentile": 2.5, "is_medoid": false, "in_position_pool": false, "pool_rank": null, "selection_rationale": "pool position never used this baseline"}}, {"type": "Feature", "geometry": {"type": "Polygon", "coordinates": [[[73.80846392975853, 18.63525164135586, 0.0], [73.808462354807, 18.635477543202096, 0.0], [73.80869932188872, 18.635479044472476, 0.0], [73.80870089652721, 18.635253142606736, 0.0], [73.80846392975853, 18.63525164135586, 0.0]]]}, "properties": {"name": "PMP-T0113", "emu_id": "EMU_Deccan_forest", "typicality_percentile": 5.5, "is_medoid": false, "in_position_pool": false, "pool_rank": null, "selection_rationale": "pool position never used this baseline"}}, {"type": "Feature", "geometry": {"type": "Polygon", "coordinates": [[[73.808462354807, 18.635477543202096, 0.0], [73.8084607798329, 18.635703445042793, 0.0], [73.80869774722767, 18.635704946332666, 0.0], [73.80869932188872, 18.635479044472476, 0.0], [73.808462354807, 18.635477543202096, 0.0]]]}, "properties": {"name": "PMP-T0114", "emu_id": "EMU_Deccan_forest", "typicality_percentile": 47.1, "is_medoid": false, "in_position_pool": false, "pool_rank": null, "selection_rationale": "pool position never used this baseline"}}, {"type": "Feature", "geometry": {"type": "Polygon", "coordinates": [[[73.8084607798329, 18.635703445042793, 0.0], [73.80845920483623, 18.63592934687793, 0.0], [73.80869617254402, 18.63593084818731, 0.0], [73.80869774722767, 18.635704946332666, 0.0], [73.8084607798329, 18.635703445042793, 0.0]]]}, "properties": {"name": "PMP-T0115", "emu_id": "EMU_Deccan_forest", "typicality_percentile": 38.6, "is_medoid": false, "in_position_pool": false, "pool_rank": null, "selection_rationale": "pool position never used this baseline"}}, {"type": "Feature", "geometry": {"type": "Polygon", "coordinates": [[[73.80845920483623, 18.63592934687793, 0.0], [73.80845762981696, 18.636155248707528, 0.0], [73.80869459783781, 18.636156750036406, 0.0], [73.80869617254402, 18.63593084818731, 0.0], [73.80845920483623, 18.63592934687793, 0.0]]]}, "properties": {"name": "PMP-T0116", "emu_id": "EMU_Deccan_forest", "typicality_percentile": 28.8, "is_medoid": false, "in_position_pool": false, "pool_rank": null, "selection_rationale": "pool position never used this baseline"}}, {"type": "Feature", "geometry": {"type": "Polygon", "coordinates": [[[73.80845762981696, 18.636155248707528, 0.0], [73.80845605477512, 18.63638115053157, 0.0], [73.80869302310903, 18.636382651879952, 0.0], [73.80869459783781, 18.636156750036406, 0.0], [73.80845762981696, 18.636155248707528, 0.0]]]}, "properties": {"name": "PMP-T0117", "emu_id": "EMU_Deccan_forest", "typicality_percentile": 37.7, "is_medoid": false, "in_position_pool": false, "pool_rank": null, "selection_rationale": "pool position never used this baseline"}}, {"type": "Feature", "geometry": {"type": "Polygon", "coordinates": [[[73.80870089652721, 18.635253142606736, 0.0], [73.80893786331845, 18.635254643559186, 0.0], [73.80893938162946, 18.635036776182623, 0.0], [73.80884515649522, 18.63504192990409, 0.0], [73.80870227253955, 18.635055733525565, 0.0], [73.80870089652721, 18.635253142606736, 0.0]]]}, "properties": {"name": "PMP-T0132", "emu_id": "EMU_Deccan_forest", "typicality_percentile": 0.0, "is_medoid": false, "in_position_pool": false, "pool_rank": null, "selection_rationale": "pool position never used this baseline"}}, {"type": "Feature", "geometry": {"type": "Polygon", "coordinates": [[[73.80870089652721, 18.635253142606736, 0.0], [73.80869932188872, 18.635479044472476, 0.0], [73.808936288993, 18.63548054544442, 0.0], [73.80893786331845, 18.635254643559186, 0.0], [73.80870089652721, 18.635253142606736, 0.0]]]}, "properties": {"name": "PMP-T0133", "emu_id": "EMU_Deccan_forest", "typicality_percentile": 9.8, "is_medoid": false, "in_position_pool": false, "pool_rank": null, "selection_rationale": "pool position never used this baseline"}}, {"type": "Feature", "geometry": {"type": "Polygon", "coordinates": [[[73.80869932188872, 18.635479044472476, 0.0], [73.80869774722767, 18.635704946332666, 0.0], [73.80893471464499, 18.635706447324104, 0.0], [73.808936288993, 18.63548054544442, 0.0], [73.80869932188872, 18.635479044472476, 0.0]]]}, "properties": {"name": "PMP-T0134", "emu_id": "EMU_Deccan_forest", "typicality_percentile": 47.4, "is_medoid": false, "in_position_pool": false, "pool_rank": null, "selection_rationale": "pool position never used this baseline"}}, {"type": "Feature", "geometry": {"type": "Polygon", "coordinates": [[[73.80869774722767, 18.635704946332666, 0.0], [73.80869617254402, 18.63593084818731, 0.0], [73.8089331402744, 18.635932349198246, 0.0], [73.80893471464499, 18.635706447324104, 0.0], [73.80869774722767, 18.635704946332666, 0.0]]]}, "properties": {"name": "PMP-T0135", "emu_id": "EMU_Deccan_forest", "typicality_percentile": 32.4, "is_medoid": false, "in_position_pool": false, "pool_rank": null, "selection_rationale": "pool position never used this baseline"}}, {"type": "Feature", "geometry": {"type": "Polygon", "coordinates": [[[73.80869617254402, 18.63593084818731, 0.0], [73.80869459783781, 18.636156750036406, 0.0], [73.80893156588125, 18.636158251066835, 0.0], [73.8089331402744, 18.635932349198246, 0.0], [73.80869617254402, 18.63593084818731, 0.0]]]}, "properties": {"name": "PMP-T0136", "emu_id": "EMU_Deccan_forest", "typicality_percentile": 31.2, "is_medoid": false, "in_position_pool": false, "pool_rank": null, "selection_rationale": "pool position never used this baseline"}}, {"type": "Feature", "geometry": {"type": "Polygon", "coordinates": [[[73.80869459783781, 18.636156750036406, 0.0], [73.80869302310903, 18.636382651879952, 0.0], [73.80892999146552, 18.636384152929878, 0.0], [73.80893156588125, 18.636158251066835, 0.0], [73.80869459783781, 18.636156750036406, 0.0]]]}, "properties": {"name": "PMP-T0137", "emu_id": "EMU_Deccan_forest", "typicality_percentile": 44.8, "is_medoid": false, "in_position_pool": false, "pool_rank": null, "selection_rationale": "pool position never used this baseline"}}, {"type": "Feature", "geometry": {"type": "Polygon", "coordinates": [[[73.80893786331845, 18.635254643559186, 0.0], [73.80917483013226, 18.635256144213198, 0.0], [73.80917640412211, 18.635030242302918, 0.0], [73.80907103734017, 18.635029575085003, 0.0], [73.80893938162946, 18.635036776182623, 0.0], [73.80893786331845, 18.635254643559186, 0.0]]]}, "properties": {"name": "PMP-T0147", "emu_id": "EMU_Deccan_forest", "typicality_percentile": 0.7, "is_medoid": false, "in_position_pool": false, "pool_rank": null, "selection_rationale": "pool position never used this baseline"}}, {"type": "Feature", "geometry": {"type": "Polygon", "coordinates": [[[73.80893786331845, 18.635254643559186, 0.0], [73.808936288993, 18.63548054544442, 0.0], [73.80917325611986, 18.635482046117925, 0.0], [73.80917483013226, 18.635256144213198, 0.0], [73.80893786331845, 18.635254643559186, 0.0]]]}, "properties": {"name": "PMP-T0148", "emu_id": "EMU_Deccan_forest", "typicality_percentile": 4.9, "is_medoid": false, "in_position_pool": false, "pool_rank": null, "selection_rationale": "pool position never used this baseline"}}, {"type": "Feature", "geometry": {"type": "Polygon", "coordinates": [[[73.808936288993, 18.63548054544442, 0.0], [73.80893471464499, 18.635706447324104, 0.0], [73.80917168208488, 18.63570794801711, 0.0], [73.80917325611986, 18.635482046117925, 0.0], [73.808936288993, 18.63548054544442, 0.0]]]}, "properties": {"name": "PMP-T0149", "emu_id": "EMU_Deccan_forest", "typicality_percentile": 4.3, "is_medoid": false, "in_position_pool": false, "pool_rank": null, "selection_rationale": "pool position never used this baseline"}}, {"type": "Feature", "geometry": {"type": "Polygon", "coordinates": [[[73.80893471464499, 18.635706447324104, 0.0], [73.8089331402744, 18.635932349198246, 0.0], [73.80917010802735, 18.635933849910735, 0.0], [73.80917168208488, 18.63570794801711, 0.0], [73.80893471464499, 18.635706447324104, 0.0]]]}, "properties": {"name": "PMP-T0150", "emu_id": "EMU_Deccan_forest", "typicality_percentile": 52.6, "is_medoid": false, "in_position_pool": false, "pool_rank": null, "selection_rationale": "pool position never used this baseline"}}, {"type": "Feature", "geometry": {"type": "Polygon", "coordinates": [[[73.8089331402744, 18.635932349198246, 0.0], [73.80893156588125, 18.636158251066835, 0.0], [73.80916853394724, 18.63615975179882, 0.0], [73.80917010802735, 18.635933849910735, 0.0], [73.8089331402744, 18.635932349198246, 0.0]]]}, "properties": {"name": "PMP-T0151", "emu_id": "EMU_Deccan_forest", "typicality_percentile": 50.3, "is_medoid": false, "in_position_pool": false, "pool_rank": null, "selection_rationale": "pool position never used this baseline"}}, {"type": "Feature", "geometry": {"type": "Polygon", "coordinates": [[[73.80893156588125, 18.636158251066835, 0.0], [73.80892999146552, 18.636384152929878, 0.0], [73.80916695984457, 18.636385653681355, 0.0], [73.80916853394724, 18.63615975179882, 0.0], [73.80893156588125, 18.636158251066835, 0.0]]]}, "properties": {"name": "PMP-T0152", "emu_id": "EMU_Deccan_forest", "typicality_percentile": 53.9, "is_medoid": false, "in_position_pool": false, "pool_rank": null, "selection_rationale": "pool position never used this baseline"}}, {"type": "Feature", "geometry": {"type": "Polygon", "coordinates": [[[73.80916538571935, 18.636611555558346, 0.0], [73.80916695984457, 18.636385653681355, 0.0], [73.80892999146552, 18.636384152929878, 0.0], [73.80892939563657, 18.63646964339885, 0.0], [73.80909875022408, 18.636474570451234, 0.0], [73.80910990292644, 18.636611204201294, 0.0], [73.80916538571935, 18.636611555558346, 0.0]]]}, "properties": {"name": "PMP-T0153", "emu_id": "EMU_Deccan_forest", "typicality_percentile": 53.6, "is_medoid": false, "in_position_pool": false, "pool_rank": null, "selection_rationale": "pool position never used this baseline"}}, {"type": "Feature", "geometry": {"type": "Polygon", "coordinates": [[[73.80917640412211, 18.635030242302918, 0.0], [73.80917483013226, 18.635256144213198, 0.0], [73.80941179696865, 18.635257644568775, 0.0], [73.80941337064546, 18.635031742639015, 0.0], [73.80917640412211, 18.635030242302918, 0.0]]]}, "properties": {"name": "PMP-T0167", "emu_id": "EMU_Deccan_forest", "typicality_percentile": 16.5, "is_medoid": false, "in_position_pool": false, "pool_rank": null, "selection_rationale": "pool position never used this baseline"}}, {"type": "Feature", "geometry": {"type": "Polygon", "coordinates": [[[73.80917483013226, 18.635256144213198, 0.0], [73.80917325611986, 18.635482046117925, 0.0], [73.80941022326927, 18.635483546492996, 0.0], [73.80941179696865, 18.635257644568775, 0.0], [73.80917483013226, 18.635256144213198, 0.0]]]}, "properties": {"name": "PMP-T0168", "emu_id": "EMU_Deccan_forest", "typicality_percentile": 10.4, "is_medoid": false, "in_position_pool": false, "pool_rank": null, "selection_rationale": "pool position never used this baseline"}}, {"type": "Feature", "geometry": {"type": "Polygon", "coordinates": [[[73.80917325611986, 18.635482046117925, 0.0], [73.80917168208488, 18.63570794801711, 0.0], [73.80940864954735, 18.635709448411664, 0.0], [73.80941022326927, 18.635483546492996, 0.0], [73.80917325611986, 18.635482046117925, 0.0]]]}, "properties": {"name": "PMP-T0169", "emu_id": "EMU_Deccan_forest", "typicality_percentile": 0.1, "is_medoid": false, "in_position_pool": false, "pool_rank": null, "selection_rationale": "pool position never used this baseline"}}, {"type": "Feature", "geometry": {"type": "Polygon", "coordinates": [[[73.80917168208488, 18.63570794801711, 0.0], [73.80917010802735, 18.635933849910735, 0.0], [73.80940707580285, 18.635935350324782, 0.0], [73.80940864954735, 18.635709448411664, 0.0], [73.80917168208488, 18.63570794801711, 0.0]]]}, "properties": {"name": "PMP-T0170", "emu_id": "EMU_Deccan_forest", "typicality_percentile": 43.8, "is_medoid": false, "in_position_pool": false, "pool_rank": null, "selection_rationale": "pool position never used this baseline"}}, {"type": "Feature", "geometry": {"type": "Polygon", "coordinates": [[[73.80917010802735, 18.635933849910735, 0.0], [73.80916853394724, 18.63615975179882, 0.0], [73.8094055020358, 18.63616125223236, 0.0], [73.80940707580285, 18.635935350324782, 0.0], [73.80917010802735, 18.635933849910735, 0.0]]]}, "properties": {"name": "PMP-T0171", "emu_id": "EMU_Deccan_forest", "typicality_percentile": 74.0, "is_medoid": false, "in_position_pool": true, "pool_rank": 6, "selection_rationale": "best-scoring position in its spatial region \u2014 extends coverage of the EMU"}}, {"type": "Feature", "geometry": {"type": "Polygon", "coordinates": [[[73.80916853394724, 18.63615975179882, 0.0], [73.80916695984457, 18.636385653681355, 0.0], [73.80940392824618, 18.636387154134386, 0.0], [73.8094055020358, 18.63616125223236, 0.0], [73.80916853394724, 18.63615975179882, 0.0]]]}, "properties": {"name": "PMP-T0172", "emu_id": "EMU_Deccan_forest", "typicality_percentile": 75.6, "is_medoid": false, "in_position_pool": false, "pool_rank": null, "selection_rationale": "pool position never used this baseline"}}, {"type": "Feature", "geometry": {"type": "Polygon", "coordinates": [[[73.80916695984457, 18.636385653681355, 0.0], [73.80916538571935, 18.636611555558346, 0.0], [73.80940235443401, 18.636613056030853, 0.0], [73.80940392824618, 18.636387154134386, 0.0], [73.80916695984457, 18.636385653681355, 0.0]]]}, "properties": {"name": "PMP-T0173", "emu_id": "EMU_Deccan_forest", "typicality_percentile": 75.1, "is_medoid": false, "in_position_pool": false, "pool_rank": null, "selection_rationale": "pool position never used this baseline"}}, {"type": "Feature", "geometry": {"type": "Polygon", "coordinates": [[[73.80916538571935, 18.636611555558346, 0.0], [73.80916381157155, 18.636837457429785, 0.0], [73.80940078059929, 18.63683895792179, 0.0], [73.80940235443401, 18.636613056030853, 0.0], [73.80916538571935, 18.636611555558346, 0.0]]]}, "properties": {"name": "PMP-T0174", "emu_id": "EMU_Deccan_forest", "typicality_percentile": 73.1, "is_medoid": false, "in_position_pool": false, "pool_rank": null, "selection_rationale": "pool position never used this baseline"}}, {"type": "Feature", "geometry": {"type": "Polygon", "coordinates": [[[73.80916381157155, 18.636837457429785, 0.0], [73.8091622374012, 18.637063359295674, 0.0], [73.809399206742, 18.637064859807165, 0.0], [73.80940078059929, 18.63683895792179, 0.0], [73.80916381157155, 18.636837457429785, 0.0]]]}, "properties": {"name": "PMP-T0175", "emu_id": "EMU_Deccan_forest", "typicality_percentile": 58.5, "is_medoid": false, "in_position_pool": false, "pool_rank": null, "selection_rationale": "pool position never used this baseline"}}, {"type": "Feature", "geometry": {"type": "Polygon", "coordinates": [[[73.80939763286214, 18.637290761686998, 0.0], [73.809399206742, 18.637064859807165, 0.0], [73.8091622374012, 18.637063359295674, 0.0], [73.80916134384525, 18.63719158790941, 0.0], [73.80917291919214, 18.637289338770252, 0.0], [73.80939763286214, 18.637290761686998, 0.0]]]}, "properties": {"name": "PMP-T0176", "emu_id": "EMU_Deccan_forest", "typicality_percentile": 47.7, "is_medoid": false, "in_position_pool": false, "pool_rank": null, "selection_rationale": "pool position never used this baseline"}}, {"type": "Feature", "geometry": {"type": "Polygon", "coordinates": [[[73.80939763286214, 18.637290761686998, 0.0], [73.80917291919214, 18.637289338770252, 0.0], [73.80919969106827, 18.637515420134054, 0.0], [73.80938937483221, 18.63751662123988, 0.0], [73.80939609644547, 18.6375112832807, 0.0], [73.80939763286214, 18.637290761686998, 0.0]]]}, "properties": {"name": "PMP-T0177", "emu_id": "EMU_Deccan_forest", "typicality_percentile": 42.8, "is_medoid": false, "in_position_pool": false, "pool_rank": null, "selection_rationale": "pool position never used this baseline"}}, {"type": "Feature", "geometry": {"type": "Polygon", "coordinates": [[[73.80941337064546, 18.635031742639015, 0.0], [73.80941179696865, 18.635257644568775, 0.0], [73.8096487638276, 18.63525914462593, 0.0], [73.80965033719137, 18.635033242676677, 0.0], [73.80941337064546, 18.635031742639015, 0.0]]]}, "properties": {"name": "PMP-T0188", "emu_id": "EMU_Deccan_forest", "typicality_percentile": 35.3, "is_medoid": false, "in_position_pool": false, "pool_rank": null, "selection_rationale": "pool position never used this baseline"}}, {"type": "Feature", "geometry": {"type": "Polygon", "coordinates": [[[73.80941179696865, 18.635257644568775, 0.0], [73.80941022326927, 18.635483546492996, 0.0], [73.80964719044125, 18.635485046569627, 0.0], [73.8096487638276, 18.63525914462593, 0.0], [73.80941179696865, 18.635257644568775, 0.0]]]}, "properties": {"name": "PMP-T0189", "emu_id": "EMU_Deccan_forest", "typicality_percentile": 1.3, "is_medoid": false, "in_position_pool": false, "pool_rank": null, "selection_rationale": "pool position never used this baseline"}}, {"type": "Feature", "geometry": {"type": "Polygon", "coordinates": [[[73.80941022326927, 18.635483546492996, 0.0], [73.80940864954735, 18.635709448411664, 0.0], [73.80964561703236, 18.635710948507782, 0.0], [73.80964719044125, 18.635485046569627, 0.0], [73.80941022326927, 18.635483546492996, 0.0]]]}, "properties": {"name": "PMP-T0190", "emu_id": "EMU_Deccan_forest", "typicality_percentile": 0.3, "is_medoid": false, "in_position_pool": false, "pool_rank": null, "selection_rationale": "pool position never used this baseline"}}, {"type": "Feature", "geometry": {"type": "Polygon", "coordinates": [[[73.80940864954735, 18.635709448411664, 0.0], [73.80940707580285, 18.635935350324782, 0.0], [73.80964404360093, 18.63593685044039, 0.0], [73.80964561703236, 18.635710948507782, 0.0], [73.80940864954735, 18.635709448411664, 0.0]]]}, "properties": {"name": "PMP-T0191", "emu_id": "EMU_Deccan_forest", "typicality_percentile": 46.0, "is_medoid": false, "in_position_pool": false, "pool_rank": null, "selection_rationale": "pool position never used this baseline"}}, {"type": "Feature", "geometry": {"type": "Polygon", "coordinates": [[[73.80940707580285, 18.635935350324782, 0.0], [73.8094055020358, 18.63616125223236, 0.0], [73.80964247014693, 18.636162752367447, 0.0], [73.80964404360093, 18.63593685044039, 0.0], [73.80940707580285, 18.635935350324782, 0.0]]]}, "properties": {"name": "PMP-T0192", "emu_id": "EMU_Deccan_forest", "typicality_percentile": 78.5, "is_medoid": false, "in_position_pool": false, "pool_rank": null, "selection_rationale": "pool position never used this baseline"}}, {"type": "Feature", "geometry": {"type": "Polygon", "coordinates": [[[73.8094055020358, 18.63616125223236, 0.0], [73.80940392824618, 18.636387154134386, 0.0], [73.80964089667036, 18.636388654288957, 0.0], [73.80964247014693, 18.636162752367447, 0.0], [73.8094055020358, 18.63616125223236, 0.0]]]}, "properties": {"name": "PMP-T0193", "emu_id": "EMU_Deccan_forest", "typicality_percentile": 77.7, "is_medoid": false, "in_position_pool": false, "pool_rank": null, "selection_rationale": "pool position never used this baseline"}}, {"type": "Feature", "geometry": {"type": "Polygon", "coordinates": [[[73.80940392824618, 18.636387154134386, 0.0], [73.80940235443401, 18.636613056030853, 0.0], [73.80963932317127, 18.636614556204915, 0.0], [73.80964089667036, 18.636388654288957, 0.0], [73.80940392824618, 18.636387154134386, 0.0]]]}, "properties": {"name": "PMP-T0194", "emu_id": "EMU_Deccan_forest", "typicality_percentile": 79.3, "is_medoid": false, "in_position_pool": false, "pool_rank": null, "selection_rationale": "pool position never used this baseline"}}, {"type": "Feature", "geometry": {"type": "Polygon", "coordinates": [[[73.80940235443401, 18.636613056030853, 0.0], [73.80940078059929, 18.63683895792179, 0.0], [73.8096377496496, 18.63684045811533, 0.0], [73.80963932317127, 18.636614556204915, 0.0], [73.80940235443401, 18.636613056030853, 0.0]]]}, "properties": {"name": "PMP-T0195", "emu_id": "EMU_Deccan_forest", "typicality_percentile": 80.2, "is_medoid": false, "in_position_pool": false, "pool_rank": null, "selection_rationale": "pool position never used this baseline"}}, {"type": "Feature", "geometry": {"type": "Polygon", "coordinates": [[[73.80940078059929, 18.63683895792179, 0.0], [73.809399206742, 18.637064859807165, 0.0], [73.80963617610539, 18.637066360020196, 0.0], [73.8096377496496, 18.63684045811533, 0.0], [73.80940078059929, 18.63683895792179, 0.0]]]}, "properties": {"name": "PMP-T0196", "emu_id": "EMU_Deccan_forest", "typicality_percentile": 35.7, "is_medoid": false, "in_position_pool": false, "pool_rank": null, "selection_rationale": "pool position never used this baseline"}}, {"type": "Feature", "geometry": {"type": "Polygon", "coordinates": [[[73.809399206742, 18.637064859807165, 0.0], [73.80939763286214, 18.637290761686998, 0.0], [73.8096346025386, 18.637292261919516, 0.0], [73.80963617610539, 18.637066360020196, 0.0], [73.809399206742, 18.637064859807165, 0.0]]]}, "properties": {"name": "PMP-T0197", "emu_id": "EMU_Deccan_forest", "typicality_percentile": 31.4, "is_medoid": false, "in_position_pool": false, "pool_rank": null, "selection_rationale": "pool position never used this baseline"}}, {"type": "Feature", "geometry": {"type": "Polygon", "coordinates": [[[73.8096346025386, 18.637292261919516, 0.0], [73.80939763286214, 18.637290761686998, 0.0], [73.80939609644547, 18.6375112832807, 0.0], [73.80945511546582, 18.637464413387768, 0.0], [73.80945563050928, 18.637464010180214, 0.0], [73.80947804856275, 18.637446710104104, 0.0], [73.80948047799593, 18.637444955505057, 0.0], [73.80950401614268, 18.637429064832673, 0.0], [73.80950655885535, 18.6374274627214, 0.0], [73.80953111975039, 18.6374130471705, 0.0], [73.80953376522669, 18.6374116041728, 0.0], [73.80955924729595, 18.637398723360224, 0.0], [73.8095619845952, 18.637397445443753, 0.0], [73.80958828245453, 18.63738615263954, 0.0], [73.80959110025658, 18.63738504508917, 0.0], [73.80961810514835, 18.637375386996002, 0.0], [73.80962099179963, 18.637374454392216, 0.0], [73.80963405632755, 18.63737067544502, 0.0], [73.8096346025386, 18.637292261919516, 0.0]]]}, "properties": {"name": "PMP-T0198", "emu_id": "EMU_Deccan_forest", "typicality_percentile": 73.0, "is_medoid": false, "in_position_pool": false, "pool_rank": null, "selection_rationale": "pool position never used this baseline"}}, {"type": "Feature", "geometry": {"type": "Polygon", "coordinates": [[[73.80939448503477, 18.63774256543001, 0.0], [73.80963145533738, 18.6377440657015, 0.0], [73.80963302894926, 18.637518163813276, 0.0], [73.80958551841465, 18.63751786304902, 0.0], [73.80957807205107, 18.63752195587643, 0.0], [73.80956374988158, 18.637531097427576, 0.0], [73.80955010168653, 18.637541132338505, 0.0], [73.80953599901535, 18.63755301826727, 0.0], [73.80953494874817, 18.637553877728575, 0.0], [73.80945006661452, 18.637621311881137, 0.0], [73.80944808952725, 18.637622799513526, 0.0], [73.80939505634215, 18.63766056735639, 0.0], [73.80939448503477, 18.63774256543001, 0.0]]]}, "properties": {"name": "PMP-T0199", "emu_id": "EMU_Deccan_forest", "typicality_percentile": 71.0, "is_medoid": false, "in_position_pool": false, "pool_rank": null, "selection_rationale": "pool position never used this baseline"}}, {"type": "Feature", "geometry": {"type": "Polygon", "coordinates": [[[73.80939448503477, 18.63774256543001, 0.0], [73.80939291108724, 18.637968467293195, 0.0], [73.80962988170295, 18.637969967584166, 0.0], [73.80963145533738, 18.6377440657015, 0.0], [73.80939448503477, 18.63774256543001, 0.0]]]}, "properties": {"name": "PMP-T0200", "emu_id": "EMU_Deccan_forest", "typicality_percentile": 68.9, "is_medoid": false, "in_position_pool": false, "pool_rank": null, "selection_rationale": "pool position never used this baseline"}}, {"type": "Feature", "geometry": {"type": "Polygon", "coordinates": [[[73.80962988170295, 18.637969967584166, 0.0], [73.80939291108724, 18.637968467293195, 0.0], [73.80939275840315, 18.637990381205835, 0.0], [73.80942833332729, 18.638151440191155, 0.0], [73.8094286700597, 18.638153122163104, 0.0], [73.8094361318456, 18.638194652778132, 0.0], [73.80961636699732, 18.638195793867254, 0.0], [73.80962835760985, 18.638188754502966, 0.0], [73.80962988170295, 18.637969967584166, 0.0]]]}, "properties": {"name": "PMP-T0201", "emu_id": "EMU_Deccan_forest", "typicality_percentile": 68.8, "is_medoid": false, "in_position_pool": false, "pool_rank": null, "selection_rationale": "pool position never used this baseline"}}, {"type": "Feature", "geometry": {"type": "Polygon", "coordinates": [[[73.80965033719137, 18.635033242676677, 0.0], [73.8096487638276, 18.63525914462593, 0.0], [73.80988573070908, 18.63526064438464, 0.0], [73.80988730375982, 18.63503474241591, 0.0], [73.80965033719137, 18.635033242676677, 0.0]]]}, "properties": {"name": "PMP-T0213", "emu_id": "EMU_Deccan_forest", "typicality_percentile": 16.6, "is_medoid": false, "in_position_pool": false, "pool_rank": null, "selection_rationale": "pool position never used this baseline"}}, {"type": "Feature", "geometry": {"type": "Polygon", "coordinates": [[[73.8096487638276, 18.63525914462593, 0.0], [73.80964719044125, 18.635485046569627, 0.0], [73.80988415763578, 18.635486546347824, 0.0], [73.80988573070908, 18.63526064438464, 0.0], [73.8096487638276, 18.63525914462593, 0.0]]]}, "properties": {"name": "PMP-T0214", "emu_id": "EMU_Deccan_forest", "typicality_percentile": 10.5, "is_medoid": false, "in_position_pool": false, "pool_rank": null, "selection_rationale": "pool position never used this baseline"}}, {"type": "Feature", "geometry": {"type": "Polygon", "coordinates": [[[73.80964719044125, 18.635485046569627, 0.0], [73.80964561703236, 18.635710948507782, 0.0], [73.80988258453993, 18.63571244830546, 0.0], [73.80988415763578, 18.635486546347824, 0.0], [73.80964719044125, 18.635485046569627, 0.0]]]}, "properties": {"name": "PMP-T0215", "emu_id": "EMU_Deccan_forest", "typicality_percentile": 0.6, "is_medoid": false, "in_position_pool": false, "pool_rank": null, "selection_rationale": "pool position never used this baseline"}}, {"type": "Feature", "geometry": {"type": "Polygon", "coordinates": [[[73.80964561703236, 18.635710948507782, 0.0], [73.80964404360093, 18.63593685044039, 0.0], [73.80988101142154, 18.63593835025755, 0.0], [73.80988258453993, 18.63571244830546, 0.0], [73.80964561703236, 18.635710948507782, 0.0]]]}, "properties": {"name": "PMP-T0216", "emu_id": "EMU_Deccan_forest", "typicality_percentile": 63.0, "is_medoid": false, "in_position_pool": false, "pool_rank": null, "selection_rationale": "pool position never used this baseline"}}, {"type": "Feature", "geometry": {"type": "Polygon", "coordinates": [[[73.80988101142154, 18.63593835025755, 0.0], [73.80964404360093, 18.63593685044039, 0.0], [73.80964247014693, 18.636162752367447, 0.0], [73.80983193616316, 18.63616395157402, 0.0], [73.809879599252, 18.636141136971677, 0.0], [73.80988101142154, 18.63593835025755, 0.0]]]}, "properties": {"name": "PMP-T0217", "emu_id": "EMU_Deccan_forest", "typicality_percentile": 79.6, "is_medoid": false, "in_position_pool": false, "pool_rank": null, "selection_rationale": "pool position never used this baseline"}}, {"type": "Feature", "geometry": {"type": "Polygon", "coordinates": [[[73.80964247014693, 18.636162752367447, 0.0], [73.80964089667036, 18.636388654288957, 0.0], [73.80978570519964, 18.636389570868232, 0.0], [73.80982290149709, 18.63616827614086, 0.0], [73.80983193616316, 18.63616395157402, 0.0], [73.80964247014693, 18.636162752367447, 0.0]]]}, "properties": {"name": "PMP-T0218", "emu_id": "EMU_Deccan_forest", "typicality_percentile": 79.5, "is_medoid": false, "in_position_pool": false, "pool_rank": null, "selection_rationale": "pool position never used this baseline"}}, {"type": "Feature", "geometry": {"type": "Polygon", "coordinates": [[[73.80964089667036, 18.636388654288957, 0.0], [73.80963932317127, 18.636614556204915, 0.0], [73.80975406020661, 18.63661528246148, 0.0], [73.80977165037365, 18.636473188120146, 0.0], [73.80978570519964, 18.636389570868232, 0.0], [73.80964089667036, 18.636388654288957, 0.0]]]}, "properties": {"name": "PMP-T0219", "emu_id": "EMU_Deccan_forest", "typicality_percentile": 81.4, "is_medoid": false, "in_position_pool": false, "pool_rank": null, "selection_rationale": "pool position never used this baseline"}}, {"type": "Feature", "geometry": {"type": "Polygon", "coordinates": [[[73.80963302894926, 18.637518163813276, 0.0], [73.80963145533738, 18.6377440657015, 0.0], [73.80986842566256, 18.637745565674507, 0.0], [73.80986999896136, 18.637519663766803, 0.0], [73.80963302894926, 18.637518163813276, 0.0]]]}, "properties": {"name": "PMP-T0220", "emu_id": "EMU_Deccan_forest", "typicality_percentile": 83.1, "is_medoid": false, "in_position_pool": false, "pool_rank": null, "selection_rationale": "pool position never used this baseline"}}, {"type": "Feature", "geometry": {"type": "Polygon", "coordinates": [[[73.80963145533738, 18.6377440657015, 0.0], [73.80962988170295, 18.637969967584166, 0.0], [73.80986685234119, 18.63797146757666, 0.0], [73.80986842566256, 18.637745565674507, 0.0], [73.80963145533738, 18.6377440657015, 0.0]]]}, "properties": {"name": "PMP-T0221", "emu_id": "EMU_Deccan_forest", "typicality_percentile": 80.9, "is_medoid": false, "in_position_pool": false, "pool_rank": null, "selection_rationale": "pool position never used this baseline"}}, {"type": "Feature", "geometry": {"type": "Polygon", "coordinates": [[[73.80986685234119, 18.63797146757666, 0.0], [73.80962988170295, 18.637969967584166, 0.0], [73.80962835760985, 18.638188754502966, 0.0], [73.80965820709874, 18.63817123066939, 0.0], [73.80970013021451, 18.63814354033353, 0.0], [73.80970037078262, 18.63814338248111, 0.0], [73.80972114473023, 18.638129841069073, 0.0], [73.80972379392118, 18.63812823431868, 0.0], [73.80974546283103, 18.638116033879818, 0.0], [73.8097482178087, 18.638114597873116, 0.0], [73.80977068657603, 18.63810379195492, 0.0], [73.80977353524933, 18.638102532994296, 0.0], [73.80979670525922, 18.63809316902377, 0.0], [73.80979963512497, 18.63809209263495, 0.0], [73.80982340468472, 18.638084211710286, 0.0], [73.80982640288427, 18.638083322617373, 0.0], [73.80985066766956, 18.638076959328043, 0.0], [73.80985372104321, 18.638076261433426, 0.0], [73.80986613938563, 18.638073834673484, 0.0], [73.80986685234119, 18.63797146757666, 0.0]]]}, "properties": {"name": "PMP-T0222", "emu_id": "EMU_Deccan_forest", "typicality_percentile": 76.3, "is_medoid": false, "in_position_pool": false, "pool_rank": null, "selection_rationale": "pool position never used this baseline"}}, {"type": "Feature", "geometry": {"type": "Polygon", "coordinates": [[[73.80988730375982, 18.63503474241591, 0.0], [73.80988573070908, 18.63526064438464, 0.0], [73.81012269761314, 18.635262143844926, 0.0], [73.81012427035084, 18.635036241856717, 0.0], [73.80988730375982, 18.63503474241591, 0.0]]]}, "properties": {"name": "PMP-T0242", "emu_id": "EMU_Deccan_forest", "typicality_percentile": 15.2, "is_medoid": false, "in_position_pool": false, "pool_rank": null, "selection_rationale": "pool position never used this baseline"}}, {"type": "Feature", "geometry": {"type": "Polygon", "coordinates": [[[73.80988573070908, 18.63526064438464, 0.0], [73.80988415763578, 18.635486546347824, 0.0], [73.81012112485287, 18.635488045827582, 0.0], [73.81012269761314, 18.635262143844926, 0.0], [73.80988573070908, 18.63526064438464, 0.0]]]}, "properties": {"name": "PMP-T0243", "emu_id": "EMU_Deccan_forest", "typicality_percentile": 3.8, "is_medoid": false, "in_position_pool": false, "pool_rank": null, "selection_rationale": "pool position never used this baseline"}}, {"type": "Feature", "geometry": {"type": "Polygon", "coordinates": [[[73.80988415763578, 18.635486546347824, 0.0], [73.80988258453993, 18.63571244830546, 0.0], [73.81011955207006, 18.635713947804696, 0.0], [73.81012112485287, 18.635488045827582, 0.0], [73.80988415763578, 18.635486546347824, 0.0]]]}, "properties": {"name": "PMP-T0244", "emu_id": "EMU_Deccan_forest", "typicality_percentile": 1.4, "is_medoid": false, "in_position_pool": false, "pool_rank": null, "selection_rationale": "pool position never used this baseline"}}, {"type": "Feature", "geometry": {"type": "Polygon", "coordinates": [[[73.80988258453993, 18.63571244830546, 0.0], [73.80988101142154, 18.63593835025755, 0.0], [73.81011797926472, 18.63593984977626, 0.0], [73.81011955207006, 18.635713947804696, 0.0], [73.80988258453993, 18.63571244830546, 0.0]]]}, "properties": {"name": "PMP-T0245", "emu_id": "EMU_Deccan_forest", "typicality_percentile": 57.5, "is_medoid": false, "in_position_pool": false, "pool_rank": null, "selection_rationale": "pool position never used this baseline"}}, {"type": "Feature", "geometry": {"type": "Polygon", "coordinates": [[[73.81011797926472, 18.63593984977626, 0.0], [73.80988101142154, 18.63593835025755, 0.0], [73.809879599252, 18.636141136971677, 0.0], [73.81001896975597, 18.636074425228646, 0.0], [73.8101173194062, 18.636034624263754, 0.0], [73.81011797926472, 18.63593984977626, 0.0]]]}, "properties": {"name": "PMP-T0246", "emu_id": "EMU_Deccan_forest", "typicality_percentile": 78.0, "is_medoid": false, "in_position_pool": false, "pool_rank": null, "selection_rationale": "pool position never used this baseline"}}, {"type": "Feature", "geometry": {"type": "Polygon", "coordinates": [[[73.80986999896136, 18.637519663766803, 0.0], [73.80986842566256, 18.637745565674507, 0.0], [73.81010539601026, 18.63774706534904, 0.0], [73.81010696899598, 18.63752116342186, 0.0], [73.80986999896136, 18.637519663766803, 0.0]]]}, "properties": {"name": "PMP-T0247", "emu_id": "EMU_Deccan_forest", "typicality_percentile": 81.6, "is_medoid": false, "in_position_pool": false, "pool_rank": null, "selection_rationale": "pool position never used this baseline"}}, {"type": "Feature", "geometry": {"type": "Polygon", "coordinates": [[[73.80986842566256, 18.637745565674507, 0.0], [73.80986685234119, 18.63797146757666, 0.0], [73.810103823002, 18.63797296727067, 0.0], [73.81010539601026, 18.63774706534904, 0.0], [73.80986842566256, 18.637745565674507, 0.0]]]}, "properties": {"name": "PMP-T0248", "emu_id": "EMU_Deccan_forest", "typicality_percentile": 94.8, "is_medoid": false, "in_position_pool": false, "pool_rank": null, "selection_rationale": "pool position never used this baseline"}}, {"type": "Feature", "geometry": {"type": "Polygon", "coordinates": [[[73.81012427035084, 18.635036241856717, 0.0], [73.8103612369644, 18.63503774099909, 0.0], [73.8103623640154, 18.63487582149446, 0.0], [73.8101251438462, 18.6349107749473, 0.0], [73.81012427035084, 18.635036241856717, 0.0]]]}, "properties": {"name": "PMP-T0274", "emu_id": "EMU_Deccan_forest", "typicality_percentile": 4.0, "is_medoid": false, "in_position_pool": false, "pool_rank": null, "selection_rationale": "pool position never used this baseline"}}, {"type": "Feature", "geometry": {"type": "Polygon", "coordinates": [[[73.81012427035084, 18.635036241856717, 0.0], [73.81012269761314, 18.635262143844926, 0.0], [73.81035966453972, 18.635263643006777, 0.0], [73.8103612369644, 18.63503774099909, 0.0], [73.81012427035084, 18.635036241856717, 0.0]]]}, "properties": {"name": "PMP-T0275", "emu_id": "EMU_Deccan_forest", "typicality_percentile": 9.7, "is_medoid": false, "in_position_pool": false, "pool_rank": null, "selection_rationale": "pool position never used this baseline"}}, {"type": "Feature", "geometry": {"type": "Polygon", "coordinates": [[[73.81012269761314, 18.635262143844926, 0.0], [73.81012112485287, 18.635488045827582, 0.0], [73.8103580920925, 18.635489545008905, 0.0], [73.81035966453972, 18.635263643006777, 0.0], [73.81012269761314, 18.635262143844926, 0.0]]]}, "properties": {"name": "PMP-T0276", "emu_id": "EMU_Deccan_forest", "typicality_percentile": 1.7, "is_medoid": false, "in_position_pool": false, "pool_rank": null, "selection_rationale": "pool position never used this baseline"}}, {"type": "Feature", "geometry": {"type": "Polygon", "coordinates": [[[73.81012112485287, 18.635488045827582, 0.0], [73.81011955207006, 18.635713947804696, 0.0], [73.81035651962274, 18.63571544700549, 0.0], [73.8103580920925, 18.635489545008905, 0.0], [73.81012112485287, 18.635488045827582, 0.0]]]}, "properties": {"name": "PMP-T0277", "emu_id": "EMU_Deccan_forest", "typicality_percentile": 1.6, "is_medoid": false, "in_position_pool": false, "pool_rank": null, "selection_rationale": "pool position never used this baseline"}}, {"type": "Feature", "geometry": {"type": "Polygon", "coordinates": [[[73.81011955207006, 18.635713947804696, 0.0], [73.81011797926472, 18.63593984977626, 0.0], [73.81035494713043, 18.635941348996532, 0.0], [73.81035651962274, 18.63571544700549, 0.0], [73.81011955207006, 18.635713947804696, 0.0]]]}, "properties": {"name": "PMP-T0278", "emu_id": "EMU_Deccan_forest", "typicality_percentile": 62.9, "is_medoid": false, "in_position_pool": false, "pool_rank": null, "selection_rationale": "pool position never used this baseline"}}, {"type": "Feature", "geometry": {"type": "Polygon", "coordinates": [[[73.81010696899598, 18.63752116342186, 0.0], [73.81010539601026, 18.63774706534904, 0.0], [73.81034236638052, 18.6377485647251, 0.0], [73.81034393905317, 18.637522662778444, 0.0], [73.81010696899598, 18.63752116342186, 0.0]]]}, "properties": {"name": "PMP-T0279", "emu_id": "EMU_Deccan_forest", "typicality_percentile": 79.0, "is_medoid": false, "in_position_pool": false, "pool_rank": null, "selection_rationale": "pool position never used this baseline"}}, {"type": "Feature", "geometry": {"type": "Polygon", "coordinates": [[[73.81010539601026, 18.63774706534904, 0.0], [73.810103823002, 18.63797296727067, 0.0], [73.81034079368534, 18.6379744666662, 0.0], [73.81034236638052, 18.6377485647251, 0.0], [73.81010539601026, 18.63774706534904, 0.0]]]}, "properties": {"name": "PMP-T0280", "emu_id": "EMU_Deccan_forest", "typicality_percentile": 98.0, "is_medoid": false, "in_position_pool": false, "pool_rank": null, "selection_rationale": "pool position never used this baseline"}}, {"type": "Feature", "geometry": {"type": "Polygon", "coordinates": [[[73.8103612369644, 18.63503774099909, 0.0], [73.81059820360049, 18.635039239843042, 0.0], [73.81059953448568, 18.63484799792364, 0.0], [73.81036773783053, 18.634875029680405, 0.0], [73.8103623640154, 18.63487582149446, 0.0], [73.8103612369644, 18.63503774099909, 0.0]]]}, "properties": {"name": "PMP-T0312", "emu_id": "EMU_Deccan_forest", "typicality_percentile": 7.1, "is_medoid": false, "in_position_pool": false, "pool_rank": null, "selection_rationale": "pool position never used this baseline"}}, {"type": "Feature", "geometry": {"type": "Polygon", "coordinates": [[[73.8103612369644, 18.63503774099909, 0.0], [73.81035966453972, 18.635263643006777, 0.0], [73.81059663148885, 18.63526514187019, 0.0], [73.81059820360049, 18.635039239843042, 0.0], [73.8103612369644, 18.63503774099909, 0.0]]]}, "properties": {"name": "PMP-T0313", "emu_id": "EMU_Deccan_forest", "typicality_percentile": 14.3, "is_medoid": false, "in_position_pool": false, "pool_rank": null, "selection_rationale": "pool position never used this baseline"}}, {"type": "Feature", "geometry": {"type": "Polygon", "coordinates": [[[73.81035966453972, 18.635263643006777, 0.0], [73.8103580920925, 18.635489545008905, 0.0], [73.81059505935465, 18.635491043891797, 0.0], [73.81059663148885, 18.63526514187019, 0.0], [73.81035966453972, 18.635263643006777, 0.0]]]}, "properties": {"name": "PMP-T0314", "emu_id": "EMU_Deccan_forest", "typicality_percentile": 1.0, "is_medoid": false, "in_position_pool": false, "pool_rank": null, "selection_rationale": "pool position never used this baseline"}}, {"type": "Feature", "geometry": {"type": "Polygon", "coordinates": [[[73.8103580920925, 18.635489545008905, 0.0], [73.81035651962274, 18.63571544700549, 0.0], [73.81059348719795, 18.63571694590785, 0.0], [73.81059505935465, 18.635491043891797, 0.0], [73.8103580920925, 18.635489545008905, 0.0]]]}, "properties": {"name": "PMP-T0315", "emu_id": "EMU_Deccan_forest", "typicality_percentile": 2.2, "is_medoid": false, "in_position_pool": false, "pool_rank": null, "selection_rationale": "pool position never used this baseline"}}, {"type": "Feature", "geometry": {"type": "Polygon", "coordinates": [[[73.81059348719795, 18.63571694590785, 0.0], [73.81035651962274, 18.63571544700549, 0.0], [73.81035494713043, 18.635941348996532, 0.0], [73.81039272917903, 18.63594158800393, 0.0], [73.81043306310207, 18.63593268927398, 0.0], [73.81053454025268, 18.63591468719104, 0.0], [73.81059219197536, 18.6359030530313, 0.0], [73.81059348719795, 18.63571694590785, 0.0]]]}, "properties": {"name": "PMP-T0316", "emu_id": "EMU_Deccan_forest", "typicality_percentile": 73.6, "is_medoid": false, "in_position_pool": false, "pool_rank": null, "selection_rationale": "pool position never used this baseline"}}, {"type": "Feature", "geometry": {"type": "Polygon", "coordinates": [[[73.81034393905317, 18.637522662778444, 0.0], [73.81034236638052, 18.6377485647251, 0.0], [73.81057933677334, 18.63775006380268, 0.0], [73.81058090913288, 18.637524161836556, 0.0], [73.81034393905317, 18.637522662778444, 0.0]]]}, "properties": {"name": "PMP-T0317", "emu_id": "EMU_Deccan_forest", "typicality_percentile": 77.5, "is_medoid": false, "in_position_pool": false, "pool_rank": null, "selection_rationale": "pool position never used this baseline"}}, {"type": "Feature", "geometry": {"type": "Polygon", "coordinates": [[[73.81034236638052, 18.6377485647251, 0.0], [73.81034079368534, 18.6379744666662, 0.0], [73.81057776439125, 18.637975965763253, 0.0], [73.81057933677334, 18.63775006380268, 0.0], [73.81034236638052, 18.6377485647251, 0.0]]]}, "properties": {"name": "PMP-T0318", "emu_id": "EMU_Deccan_forest", "typicality_percentile": 98.6, "is_medoid": false, "in_position_pool": false, "pool_rank": null, "selection_rationale": "pool position never used this baseline"}}, {"type": "Feature", "geometry": {"type": "Polygon", "coordinates": [[[73.81059820360049, 18.635039239843042, 0.0], [73.81083517025912, 18.635040738388557, 0.0], [73.81083672450423, 18.634817355976615, 0.0], [73.81067393154441, 18.634839321794285, 0.0], [73.81059953448568, 18.63484799792364, 0.0], [73.81059820360049, 18.635039239843042, 0.0]]]}, "properties": {"name": "PMP-T0352", "emu_id": "EMU_Deccan_forest", "typicality_percentile": 21.1, "is_medoid": false, "in_position_pool": true, "pool_rank": 18, "selection_rationale": "best-scoring position in its spatial region \u2014 extends coverage of the EMU"}}, {"type": "Feature", "geometry": {"type": "Polygon", "coordinates": [[[73.81059820360049, 18.635039239843042, 0.0], [73.81059663148885, 18.63526514187019, 0.0], [73.8108335984605, 18.63526664043518, 0.0], [73.81083517025912, 18.635040738388557, 0.0], [73.81059820360049, 18.635039239843042, 0.0]]]}, "properties": {"name": "PMP-T0353", "emu_id": "EMU_Deccan_forest", "typicality_percentile": 14.5, "is_medoid": false, "in_position_pool": false, "pool_rank": null, "selection_rationale": "pool position never used this baseline"}}, {"type": "Feature", "geometry": {"type": "Polygon", "coordinates": [[[73.81059663148885, 18.63526514187019, 0.0], [73.81059505935465, 18.635491043891797, 0.0], [73.81083202663937, 18.635492542476243, 0.0], [73.8108335984605, 18.63526664043518, 0.0], [73.81059663148885, 18.63526514187019, 0.0]]]}, "properties": {"name": "PMP-T0354", "emu_id": "EMU_Deccan_forest", "typicality_percentile": 10.8, "is_medoid": false, "in_position_pool": false, "pool_rank": null, "selection_rationale": "pool position never used this baseline"}}, {"type": "Feature", "geometry": {"type": "Polygon", "coordinates": [[[73.81059505935465, 18.635491043891797, 0.0], [73.81059348719795, 18.63571694590785, 0.0], [73.81083045479569, 18.635718444511767, 0.0], [73.81083202663937, 18.635492542476243, 0.0], [73.81059505935465, 18.635491043891797, 0.0]]]}, "properties": {"name": "PMP-T0355", "emu_id": "EMU_Deccan_forest", "typicality_percentile": 1.9, "is_medoid": false, "in_position_pool": false, "pool_rank": null, "selection_rationale": "pool position never used this baseline"}}, {"type": "Feature", "geometry": {"type": "Polygon", "coordinates": [[[73.81083045479569, 18.635718444511767, 0.0], [73.81059348719795, 18.63571694590785, 0.0], [73.81059219197536, 18.6359030530313, 0.0], [73.81082950348569, 18.63585516318981, 0.0], [73.81083045479569, 18.635718444511767, 0.0]]]}, "properties": {"name": "PMP-T0356", "emu_id": "EMU_Deccan_forest", "typicality_percentile": 69.4, "is_medoid": false, "in_position_pool": false, "pool_rank": null, "selection_rationale": "pool position never used this baseline"}}, {"type": "Feature", "geometry": {"type": "Polygon", "coordinates": [[[73.81058090913288, 18.637524161836556, 0.0], [73.81057933677334, 18.63775006380268, 0.0], [73.81081630718867, 18.637751562581784, 0.0], [73.81081787432966, 18.63752636551644, 0.0], [73.81079383812158, 18.637525508557502, 0.0], [73.81058090913288, 18.637524161836556, 0.0]]]}, "properties": {"name": "PMP-T0357", "emu_id": "EMU_Deccan_forest", "typicality_percentile": 83.5, "is_medoid": false, "in_position_pool": false, "pool_rank": null, "selection_rationale": "pool position never used this baseline"}}, {"type": "Feature", "geometry": {"type": "Polygon", "coordinates": [[[73.81057933677334, 18.63775006380268, 0.0], [73.81057776439125, 18.637975965763253, 0.0], [73.81081473511968, 18.637977464561825, 0.0], [73.81081630718867, 18.637751562581784, 0.0], [73.81057933677334, 18.63775006380268, 0.0]]]}, "properties": {"name": "PMP-T0358", "emu_id": "EMU_Deccan_forest", "typicality_percentile": 98.8, "is_medoid": false, "in_position_pool": false, "pool_rank": null, "selection_rationale": "pool position never used this baseline"}}, {"type": "Feature", "geometry": {"type": "Polygon", "coordinates": [[[73.81083517025912, 18.635040738388557, 0.0], [73.81107213694028, 18.63504223663565, 0.0], [73.81107370840334, 18.63481633456402, 0.0], [73.81085456286587, 18.63481494901956, 0.0], [73.81083672450423, 18.634817355976615, 0.0], [73.81083517025912, 18.635040738388557, 0.0]]]}, "properties": {"name": "PMP-T0382", "emu_id": "EMU_Deccan_forest", "typicality_percentile": 31.8, "is_medoid": false, "in_position_pool": false, "pool_rank": null, "selection_rationale": "pool position never used this baseline"}}, {"type": "Feature", "geometry": {"type": "Polygon", "coordinates": [[[73.81083517025912, 18.635040738388557, 0.0], [73.8108335984605, 18.63526664043518, 0.0], [73.81107056545471, 18.635268138701726, 0.0], [73.81107213694028, 18.63504223663565, 0.0], [73.81083517025912, 18.635040738388557, 0.0]]]}, "properties": {"name": "PMP-T0383", "emu_id": "EMU_Deccan_forest", "typicality_percentile": 15.5, "is_medoid": false, "in_position_pool": false, "pool_rank": null, "selection_rationale": "pool position never used this baseline"}}, {"type": "Feature", "geometry": {"type": "Polygon", "coordinates": [[[73.8108335984605, 18.63526664043518, 0.0], [73.81083202663937, 18.635492542476243, 0.0], [73.8110689939466, 18.635494040762254, 0.0], [73.81107056545471, 18.635268138701726, 0.0], [73.8108335984605, 18.63526664043518, 0.0]]]}, "properties": {"name": "PMP-T0384", "emu_id": "EMU_Deccan_forest", "typicality_percentile": 12.4, "is_medoid": false, "in_position_pool": false, "pool_rank": null, "selection_rationale": "pool position never used this baseline"}}, {"type": "Feature", "geometry": {"type": "Polygon", "coordinates": [[[73.81083202663937, 18.635492542476243, 0.0], [73.81083045479569, 18.635718444511767, 0.0], [73.81106742241597, 18.63571994281724, 0.0], [73.8110689939466, 18.635494040762254, 0.0], [73.81083202663937, 18.635492542476243, 0.0]]]}, "properties": {"name": "PMP-T0385", "emu_id": "EMU_Deccan_forest", "typicality_percentile": 15.9, "is_medoid": false, "in_position_pool": false, "pool_rank": null, "selection_rationale": "pool position never used this baseline"}}, {"type": "Feature", "geometry": {"type": "Polygon", "coordinates": [[[73.81081630718867, 18.637751562581784, 0.0], [73.81105327762656, 18.637753061062416, 0.0], [73.81105479611229, 18.637534812284844, 0.0], [73.81081787432966, 18.63752636551644, 0.0], [73.81081630718867, 18.637751562581784, 0.0]]]}, "properties": {"name": "PMP-T0386", "emu_id": "EMU_Deccan_forest", "typicality_percentile": 67.3, "is_medoid": false, "in_position_pool": false, "pool_rank": null, "selection_rationale": "pool position never used this baseline"}}, {"type": "Feature", "geometry": {"type": "Polygon", "coordinates": [[[73.81081630718867, 18.637751562581784, 0.0], [73.81081473511968, 18.637977464561825, 0.0], [73.81105170587064, 18.63797896306191, 0.0], [73.81105327762656, 18.637753061062416, 0.0], [73.81081630718867, 18.637751562581784, 0.0]]]}, "properties": {"name": "PMP-T0387", "emu_id": "EMU_Deccan_forest", "typicality_percentile": 99.4, "is_medoid": false, "in_position_pool": false, "pool_rank": null, "selection_rationale": "pool position never used this baseline"}}, {"type": "Feature", "geometry": {"type": "Polygon", "coordinates": [[[73.81081473511968, 18.637977464561825, 0.0], [73.81081316302814, 18.638203366536313, 0.0], [73.8110501340922, 18.638204865055876, 0.0], [73.81105170587064, 18.63797896306191, 0.0], [73.81081473511968, 18.637977464561825, 0.0]]]}, "properties": {"name": "PMP-T0388", "emu_id": "EMU_Deccan_forest", "typicality_percentile": 99.6, "is_medoid": false, "in_position_pool": false, "pool_rank": null, "selection_rationale": "pool position never used this baseline"}}, {"type": "Feature", "geometry": {"type": "Polygon", "coordinates": [[[73.81107370840334, 18.63481633456402, 0.0], [73.81107213694028, 18.63504223663565, 0.0], [73.81130910364398, 18.635043734584308, 0.0], [73.81131067479399, 18.63481783249322, 0.0], [73.81107370840334, 18.63481633456402, 0.0]]]}, "properties": {"name": "PMP-T0403", "emu_id": "EMU_Deccan_forest", "typicality_percentile": 32.8, "is_medoid": false, "in_position_pool": false, "pool_rank": null, "selection_rationale": "pool position never used this baseline"}}, {"type": "Feature", "geometry": {"type": "Polygon", "coordinates": [[[73.81107213694028, 18.63504223663565, 0.0], [73.81107056545471, 18.635268138701726, 0.0], [73.81130753247143, 18.635269636669843, 0.0], [73.81130910364398, 18.635043734584308, 0.0], [73.81107213694028, 18.63504223663565, 0.0]]]}, "properties": {"name": "PMP-T0404", "emu_id": "EMU_Deccan_forest", "typicality_percentile": 11.1, "is_medoid": false, "in_position_pool": false, "pool_rank": null, "selection_rationale": "pool position never used this baseline"}}, {"type": "Feature", "geometry": {"type": "Polygon", "coordinates": [[[73.81107056545471, 18.635268138701726, 0.0], [73.8110689939466, 18.635494040762254, 0.0], [73.81130596127636, 18.63549553874983, 0.0], [73.81130753247143, 18.635269636669843, 0.0], [73.81107056545471, 18.635268138701726, 0.0]]]}, "properties": {"name": "PMP-T0405", "emu_id": "EMU_Deccan_forest", "typicality_percentile": 16.2, "is_medoid": false, "in_position_pool": false, "pool_rank": null, "selection_rationale": "pool position never used this baseline"}}, {"type": "Feature", "geometry": {"type": "Polygon", "coordinates": [[[73.8110689939466, 18.635494040762254, 0.0], [73.81106742241597, 18.63571994281724, 0.0], [73.8113043900588, 18.635721440824266, 0.0], [73.81130596127636, 18.63549553874983, 0.0], [73.8110689939466, 18.635494040762254, 0.0]]]}, "properties": {"name": "PMP-T0406", "emu_id": "EMU_Deccan_forest", "typicality_percentile": 21.7, "is_medoid": false, "in_position_pool": false, "pool_rank": null, "selection_rationale": "pool position never used this baseline"}}, {"type": "Feature", "geometry": {"type": "Polygon", "coordinates": [[[73.81105327762656, 18.637753061062416, 0.0], [73.81129024808696, 18.63775455924457, 0.0], [73.81129171793668, 18.63754325875598, 0.0], [73.81105479611229, 18.637534812284844, 0.0], [73.81105327762656, 18.637753061062416, 0.0]]]}, "properties": {"name": "PMP-T0407", "emu_id": "EMU_Deccan_forest", "typicality_percentile": 73.7, "is_medoid": false, "in_position_pool": false, "pool_rank": null, "selection_rationale": "pool position never used this baseline"}}, {"type": "Feature", "geometry": {"type": "Polygon", "coordinates": [[[73.81105327762656, 18.637753061062416, 0.0], [73.81105170587064, 18.63797896306191, 0.0], [73.81128867664414, 18.63798046126353, 0.0], [73.81129024808696, 18.63775455924457, 0.0], [73.81105327762656, 18.637753061062416, 0.0]]]}, "properties": {"name": "PMP-T0408", "emu_id": "EMU_Deccan_forest", "typicality_percentile": 99.7, "is_medoid": false, "in_position_pool": true, "pool_rank": 5, "selection_rationale": "best-scoring position in its spatial region \u2014 extends coverage of the EMU"}}, {"type": "Feature", "geometry": {"type": "Polygon", "coordinates": [[[73.81105170587064, 18.63797896306191, 0.0], [73.8110501340922, 18.638204865055876, 0.0], [73.81128710517878, 18.63820636327694, 0.0], [73.81128867664414, 18.63798046126353, 0.0], [73.81105170587064, 18.63797896306191, 0.0]]]}, "properties": {"name": "PMP-T0409", "emu_id": "EMU_Deccan_forest", "typicality_percentile": 99.9, "is_medoid": false, "in_position_pool": false, "pool_rank": null, "selection_rationale": "pool position never used this baseline"}}, {"type": "Feature", "geometry": {"type": "Polygon", "coordinates": [[[73.8110391310123, 18.63978617885818, 0.0], [73.81103755905362, 18.64001208080774, 0.0], [73.81127453264511, 18.64001357918448, 0.0], [73.8112753964663, 18.639889417425742, 0.0], [73.81127377637091, 18.639886598805667, 0.0], [73.81126934273296, 18.6398782075503, 0.0], [73.81126513205008, 18.639869499494157, 0.0], [73.8112613188646, 18.639860835606044, 0.0], [73.81125775112007, 18.63985187040081, 0.0], [73.81125457670774, 18.639842975506706, 0.0], [73.81125166904405, 18.639833796229105, 0.0], [73.81124914865798, 18.639824713069203, 0.0], [73.81124691504597, 18.639815363824887, 0.0], [73.8112450607961, 18.639806136043003, 0.0], [73.81124351196776, 18.63979666175399, 0.0], [73.81124234921174, 18.63978746380386, 0.0], [73.8110391310123, 18.63978617885818, 0.0]]]}, "properties": {"name": "PMP-T0413", "emu_id": "EMU_Deccan_forest", "typicality_percentile": 87.1, "is_medoid": false, "in_position_pool": false, "pool_rank": null, "selection_rationale": "pool position never used this baseline"}}, {"type": "Feature", "geometry": {"type": "Polygon", "coordinates": [[[73.81131067479399, 18.63481783249322, 0.0], [73.81130910364398, 18.635043734584308, 0.0], [73.81154607037018, 18.635045232234535, 0.0], [73.81154764120717, 18.634819330123996, 0.0], [73.81131067479399, 18.63481783249322, 0.0]]]}, "properties": {"name": "PMP-T0428", "emu_id": "EMU_Deccan_forest", "typicality_percentile": 36.8, "is_medoid": false, "in_position_pool": false, "pool_rank": null, "selection_rationale": "pool position never used this baseline"}}, {"type": "Feature", "geometry": {"type": "Polygon", "coordinates": [[[73.81130910364398, 18.635043734584308, 0.0], [73.81130753247143, 18.635269636669843, 0.0], [73.81154449951067, 18.635271134339526, 0.0], [73.81154607037018, 18.635045232234535, 0.0], [73.81130910364398, 18.635043734584308, 0.0]]]}, "properties": {"name": "PMP-T0429", "emu_id": "EMU_Deccan_forest", "typicality_percentile": 2.0, "is_medoid": false, "in_position_pool": false, "pool_rank": null, "selection_rationale": "pool position never used this baseline"}}, {"type": "Feature", "geometry": {"type": "Polygon", "coordinates": [[[73.81130753247143, 18.635269636669843, 0.0], [73.81130596127636, 18.63549553874983, 0.0], [73.81154292862865, 18.635497036438963, 0.0], [73.81154449951067, 18.635271134339526, 0.0], [73.81130753247143, 18.635269636669843, 0.0]]]}, "properties": {"name": "PMP-T0430", "emu_id": "EMU_Deccan_forest", "typicality_percentile": 17.9, "is_medoid": false, "in_position_pool": false, "pool_rank": null, "selection_rationale": "pool position never used this baseline"}}, {"type": "Feature", "geometry": {"type": "Polygon", "coordinates": [[[73.81130596127636, 18.63549553874983, 0.0], [73.8113043900588, 18.635721440824266, 0.0], [73.81154135772411, 18.635722938532858, 0.0], [73.81154292862865, 18.635497036438963, 0.0], [73.81130596127636, 18.63549553874983, 0.0]]]}, "properties": {"name": "PMP-T0431", "emu_id": "EMU_Deccan_forest", "typicality_percentile": 22.1, "is_medoid": false, "in_position_pool": false, "pool_rank": null, "selection_rationale": "pool position never used this baseline"}}, {"type": "Feature", "geometry": {"type": "Polygon", "coordinates": [[[73.81129024808696, 18.63775455924457, 0.0], [73.81144877177753, 18.637755561301372, 0.0], [73.8114434175722, 18.637548666824326, 0.0], [73.81129171793668, 18.63754325875598, 0.0], [73.81129024808696, 18.63775455924457, 0.0]]]}, "properties": {"name": "PMP-T0432", "emu_id": "EMU_Deccan_forest", "typicality_percentile": 74.9, "is_medoid": false, "in_position_pool": false, "pool_rank": null, "selection_rationale": "pool position never used this baseline"}}, {"type": "Feature", "geometry": {"type": "Polygon", "coordinates": [[[73.81129024808696, 18.63775455924457, 0.0], [73.81128867664414, 18.63798046126353, 0.0], [73.81145461908866, 18.637981510224574, 0.0], [73.81144877177753, 18.637755561301372, 0.0], [73.81129024808696, 18.63775455924457, 0.0]]]}, "properties": {"name": "PMP-T0433", "emu_id": "EMU_Deccan_forest", "typicality_percentile": 99.1, "is_medoid": false, "in_position_pool": false, "pool_rank": null, "selection_rationale": "pool position never used this baseline"}}, {"type": "Feature", "geometry": {"type": "Polygon", "coordinates": [[[73.81128867664414, 18.63798046126353, 0.0], [73.81128710517878, 18.63820636327694, 0.0], [73.81152407628791, 18.638207861199525, 0.0], [73.81152417343678, 18.638193893118753, 0.0], [73.81152386052507, 18.638193813729625, 0.0], [73.81152124905113, 18.638192881541407, 0.0], [73.81151860113708, 18.638192047989747, 0.0], [73.81151689577682, 18.63819132760239, 0.0], [73.81151514893338, 18.638190704051436, 0.0], [73.81151264588205, 18.638189532339137, 0.0], [73.81151009642426, 18.638188455383506, 0.0], [73.81150847334602, 18.638187579118306, 0.0], [73.81150679902764, 18.63818679534706, 0.0], [73.81150442850469, 18.638185395394913, 0.0], [73.81150200205585, 18.638184085406994, 0.0], [73.81150047689077, 18.638183061702847, 0.0], [73.81149889122209, 18.638182125259505, 0.0], [73.81149667605698, 18.638180510549844, 0.0], [73.81149439598514, 18.638178980145536, 0.0], [73.81149298342143, 18.638177818861326, 0.0], [73.81149150167329, 18.638176738764315, 0.0], [73.81148946319924, 18.638174924847686, 0.0], [73.81148735146276, 18.63817318876568, 0.0], [73.81148606510416, 18.63817190108519, 0.0], [73.81148470154663, 18.638170687736473, 0.0], [73.81148285939527, 18.638168692081905, 0.0], [73.81148093633135, 18.638166767041625, 0.0], [73.81147978856622, 18.63816536536596, 0.0], [73.81147855633108, 18.63816403045075, 0.0], [73.81147692824334, 18.638161872277504, 0.0], [73.81147521237209, 18.63815977681815, 0.0], [73.811474214254, 18.6381582746462, 0.0], [73.81147312520838, 18.63815683102048, 0.0], [73.81147172686363, 18.638154531112978, 0.0], [73.81147023470982, 18.638152285414986, 0.0], [73.8114693958512, 18.638150697213522, 0.0], [73.81146846048317, 18.63814915878022, 0.0], [73.81146730534819, 18.638146739287826, 0.0], [73.81146605128208, 18.638144364978515, 0.0], [73.8114653797616, 18.638142706042792, 0.0], [73.8114646070792, 18.63814108761785, 0.0], [73.81146370627857, 18.63813857184163, 0.0], [73.81146270237744, 18.63813609178692, 0.0], [73.81146220466215, 18.638134378093394, 0.0], [73.81146160210679, 18.638132695263142, 0.0], [73.81146096431567, 18.638130107431387, 0.0], [73.81146022024762, 18.638127545515573, 0.0], [73.81145990113077, 18.63812579356807, 0.0], [73.81145947450534, 18.63812406253909, 0.0], [73.81145910586596, 18.638121427574056, 0.0], [73.81145862879673, 18.638118808469788, 0.0], [73.81145849135159, 18.638117035140514, 0.0], [73.81145824476468, 18.638115272583555, 0.0], [73.8114581488272, 18.63811261586141, 0.0], [73.8114579433512, 18.6381099647921, 0.0], [73.81145461908866, 18.637981510224574, 0.0], [73.81128867664414, 18.63798046126353, 0.0]]]}, "properties": {"name": "PMP-T0434", "emu_id": "EMU_Deccan_forest", "typicality_percentile": 99.3, "is_medoid": false, "in_position_pool": false, "pool_rank": null, "selection_rationale": "pool position never used this baseline"}}, {"type": "Feature", "geometry": {"type": "Polygon", "coordinates": [[[73.81127453264511, 18.64001357918448, 0.0], [73.81127296097704, 18.640239481147955, 0.0], [73.8115099349042, 18.64024097924563, 0.0], [73.8115114448479, 18.640023905959357, 0.0], [73.81147882770367, 18.64001487069614, 0.0], [73.81127453264511, 18.64001357918448, 0.0]]]}, "properties": {"name": "PMP-T0435", "emu_id": "EMU_Deccan_forest", "typicality_percentile": 100.0, "is_medoid": true, "in_position_pool": true, "pool_rank": 1, "selection_rationale": "stratum medoid \u2014 most representative position within this EMU"}}, {"type": "Feature", "geometry": {"type": "Polygon", "coordinates": [[[73.81150522070425, 18.640918685161115, 0.0], [73.81150607897933, 18.640795303067797, 0.0], [73.81148093211532, 18.640779869208572, 0.0], [73.811440552143, 18.640758556712363, 0.0], [73.81139877830041, 18.640739844109927, 0.0], [73.81135579453999, 18.640723813802328, 0.0], [73.81131179014135, 18.640710536379128, 0.0], [73.81126975191282, 18.640700722354893, 0.0], [73.81126974840505, 18.640701226520278, 0.0], [73.81132175031279, 18.640784759599388, 0.0], [73.81132285039503, 18.640786626103633, 0.0], [73.81139603632805, 18.640917994934163, 0.0], [73.81150522070425, 18.640918685161115, 0.0]]]}, "properties": {"name": "PMP-T0436", "emu_id": "EMU_Deccan_forest", "typicality_percentile": 89.3, "is_medoid": false, "in_position_pool": false, "pool_rank": null, "selection_rationale": "pool position never used this baseline"}}, {"type": "Feature", "geometry": {"type": "Polygon", "coordinates": [[[73.81154764120717, 18.634819330123996, 0.0], [73.81178460764286, 18.63482082745635, 0.0], [73.81178561589685, 18.634675799800025, 0.0], [73.8116200372983, 18.634700353261053, 0.0], [73.811548389787, 18.634711675695407, 0.0], [73.81154764120717, 18.634819330123996, 0.0]]]}, "properties": {"name": "PMP-T0451", "emu_id": "EMU_Deccan_forest", "typicality_percentile": 43.5, "is_medoid": false, "in_position_pool": false, "pool_rank": null, "selection_rationale": "pool position never used this baseline"}}, {"type": "Feature", "geometry": {"type": "Polygon", "coordinates": [[[73.81154764120717, 18.634819330123996, 0.0], [73.81154607037018, 18.635045232234535, 0.0], [73.81178303711891, 18.635046729586335, 0.0], [73.81178460764286, 18.63482082745635, 0.0], [73.81154764120717, 18.634819330123996, 0.0]]]}, "properties": {"name": "PMP-T0452", "emu_id": "EMU_Deccan_forest", "typicality_percentile": 6.6, "is_medoid": false, "in_position_pool": false, "pool_rank": null, "selection_rationale": "pool position never used this baseline"}}, {"type": "Feature", "geometry": {"type": "Polygon", "coordinates": [[[73.81154607037018, 18.635045232234535, 0.0], [73.81154449951067, 18.635271134339526, 0.0], [73.81178146657244, 18.635272631710773, 0.0], [73.81178303711891, 18.635046729586335, 0.0], [73.81154607037018, 18.635045232234535, 0.0]]]}, "properties": {"name": "PMP-T0453", "emu_id": "EMU_Deccan_forest", "typicality_percentile": 2.7, "is_medoid": false, "in_position_pool": false, "pool_rank": null, "selection_rationale": "pool position never used this baseline"}}, {"type": "Feature", "geometry": {"type": "Polygon", "coordinates": [[[73.81154449951067, 18.635271134339526, 0.0], [73.81154292862865, 18.635497036438963, 0.0], [73.81177989600346, 18.63549853382966, 0.0], [73.81178146657244, 18.635272631710773, 0.0], [73.81154449951067, 18.635271134339526, 0.0]]]}, "properties": {"name": "PMP-T0454", "emu_id": "EMU_Deccan_forest", "typicality_percentile": 13.7, "is_medoid": false, "in_position_pool": false, "pool_rank": null, "selection_rationale": "pool position never used this baseline"}}, {"type": "Feature", "geometry": {"type": "Polygon", "coordinates": [[[73.81154292862865, 18.635497036438963, 0.0], [73.81154135772411, 18.635722938532858, 0.0], [73.81177832541196, 18.635724435943008, 0.0], [73.81177989600346, 18.63549853382966, 0.0], [73.81154292862865, 18.635497036438963, 0.0]]]}, "properties": {"name": "PMP-T0455", "emu_id": "EMU_Deccan_forest", "typicality_percentile": 16.0, "is_medoid": false, "in_position_pool": false, "pool_rank": null, "selection_rationale": "pool position never used this baseline"}}, {"type": "Feature", "geometry": {"type": "Polygon", "coordinates": [[[73.8115099349042, 18.64024097924563, 0.0], [73.81174690885386, 18.64024247704479, 0.0], [73.81174820262218, 18.640056444768415, 0.0], [73.8115954319636, 18.64004435780798, 0.0], [73.81159481895243, 18.640044280282932, 0.0], [73.81159418274223, 18.64004425368175, 0.0], [73.8115868119239, 18.64004326766601, 0.0], [73.81158159955348, 18.64004260847816, 0.0], [73.8115811740101, 18.640042513465733, 0.0], [73.81158072865934, 18.64004245388986, 0.0], [73.81157270719787, 18.640040623053395, 0.0], [73.81156801361864, 18.64003957510272, 0.0], [73.81156777170776, 18.64003949656582, 0.0], [73.81156751618401, 18.64003943824449, 0.0], [73.8115114448479, 18.640023905959357, 0.0], [73.8115099349042, 18.64024097924563, 0.0]]]}, "properties": {"name": "PMP-T0458", "emu_id": "EMU_Deccan_forest", "typicality_percentile": 98.7, "is_medoid": false, "in_position_pool": false, "pool_rank": null, "selection_rationale": "pool position never used this baseline"}}, {"type": "Feature", "geometry": {"type": "Polygon", "coordinates": [[[73.81174690885386, 18.64024247704479, 0.0], [73.8115099349042, 18.64024097924563, 0.0], [73.81150905168958, 18.64036795099933, 0.0], [73.81152971106393, 18.640371746731425, 0.0], [73.81153648786787, 18.64037315607241, 0.0], [73.81159989285491, 18.64038789524895, 0.0], [73.81165337311859, 18.640398690506604, 0.0], [73.81170506048892, 18.640405827965044, 0.0], [73.81174575144233, 18.640408900575846, 0.0], [73.81174690885386, 18.64024247704479, 0.0]]]}, "properties": {"name": "PMP-T0459", "emu_id": "EMU_Deccan_forest", "typicality_percentile": 93.9, "is_medoid": false, "in_position_pool": false, "pool_rank": null, "selection_rationale": "pool position never used this baseline"}}, {"type": "Feature", "geometry": {"type": "Polygon", "coordinates": [[[73.81174062446146, 18.641146084998812, 0.0], [73.8117420135491, 18.64094635804478, 0.0], [73.81173445114784, 18.640942824173493, 0.0], [73.81173165565345, 18.640941405525467, 0.0], [73.81169243430725, 18.640919868515073, 0.0], [73.81150522070425, 18.640918685161115, 0.0], [73.81150377559511, 18.641126425915925, 0.0], [73.8115127920052, 18.64114464491702, 0.0], [73.81174062446146, 18.641146084998812, 0.0]]]}, "properties": {"name": "PMP-T0460", "emu_id": "EMU_Deccan_forest", "typicality_percentile": 84.1, "is_medoid": false, "in_position_pool": false, "pool_rank": null, "selection_rationale": "pool position never used this baseline"}}, {"type": "Feature", "geometry": {"type": "Polygon", "coordinates": [[[73.81178460764286, 18.63482082745635, 0.0], [73.8120215741011, 18.634822324490266, 0.0], [73.81202283706874, 18.63464062227486, 0.0], [73.81178561589685, 18.634675799800025, 0.0], [73.81178460764286, 18.63482082745635, 0.0]]]}, "properties": {"name": "PMP-T0475", "emu_id": "EMU_Deccan_forest", "typicality_percentile": 46.2, "is_medoid": false, "in_position_pool": false, "pool_rank": null, "selection_rationale": "pool position never used this baseline"}}, {"type": "Feature", "geometry": {"type": "Polygon", "coordinates": [[[73.81178460764286, 18.63482082745635, 0.0], [73.81178303711891, 18.635046729586335, 0.0], [73.81202000389015, 18.635048226639704, 0.0], [73.8120215741011, 18.634822324490266, 0.0], [73.81178460764286, 18.63482082745635, 0.0]]]}, "properties": {"name": "PMP-T0476", "emu_id": "EMU_Deccan_forest", "typicality_percentile": 6.1, "is_medoid": false, "in_position_pool": false, "pool_rank": null, "selection_rationale": "pool position never used this baseline"}}, {"type": "Feature", "geometry": {"type": "Polygon", "coordinates": [[[73.81178303711891, 18.635046729586335, 0.0], [73.81178146657244, 18.635272631710773, 0.0], [73.81201843365673, 18.63527412878359, 0.0], [73.81202000389015, 18.635048226639704, 0.0], [73.81178303711891, 18.635046729586335, 0.0]]]}, "properties": {"name": "PMP-T0477", "emu_id": "EMU_Deccan_forest", "typicality_percentile": 10.0, "is_medoid": false, "in_position_pool": false, "pool_rank": null, "selection_rationale": "pool position never used this baseline"}}, {"type": "Feature", "geometry": {"type": "Polygon", "coordinates": [[[73.81178146657244, 18.635272631710773, 0.0], [73.81177989600346, 18.63549853382966, 0.0], [73.81201686340079, 18.635500030921925, 0.0], [73.81201843365673, 18.63527412878359, 0.0], [73.81178146657244, 18.635272631710773, 0.0]]]}, "properties": {"name": "PMP-T0478", "emu_id": "EMU_Deccan_forest", "typicality_percentile": 11.8, "is_medoid": false, "in_position_pool": false, "pool_rank": null, "selection_rationale": "pool position never used this baseline"}}, {"type": "Feature", "geometry": {"type": "Polygon", "coordinates": [[[73.81201686340079, 18.635500030921925, 0.0], [73.81177989600346, 18.63549853382966, 0.0], [73.81177832541196, 18.635724435943008, 0.0], [73.81194748885083, 18.635725504712212, 0.0], [73.8120153129336, 18.63572308300205, 0.0], [73.81201686340079, 18.635500030921925, 0.0]]]}, "properties": {"name": "PMP-T0479", "emu_id": "EMU_Deccan_forest", "typicality_percentile": 14.7, "is_medoid": false, "in_position_pool": false, "pool_rank": null, "selection_rationale": "pool position never used this baseline"}}, {"type": "Feature", "geometry": {"type": "Polygon", "coordinates": [[[73.81174690885386, 18.64024247704479, 0.0], [73.81198388282606, 18.640243974545427, 0.0], [73.81198519050966, 18.640055903862184, 0.0], [73.81192145772992, 18.640062620409317, 0.0], [73.81191971710885, 18.640062722170676, 0.0], [73.81191800002681, 18.640062944091575, 0.0], [73.81191284479945, 18.640063123944067, 0.0], [73.81190759685268, 18.640063430752758, 0.0], [73.81190582061086, 18.640063368999545, 0.0], [73.81190405575578, 18.64006343057066, 0.0], [73.81185260073391, 18.640062817075492, 0.0], [73.81184709073014, 18.640062649494627, 0.0], [73.81179569933198, 18.640060135025784, 0.0], [73.81179122719196, 18.640059848778204, 0.0], [73.81174820262218, 18.640056444768415, 0.0], [73.81174690885386, 18.64024247704479, 0.0]]]}, "properties": {"name": "PMP-T0486", "emu_id": "EMU_Deccan_forest", "typicality_percentile": 98.4, "is_medoid": false, "in_position_pool": false, "pool_rank": null, "selection_rationale": "pool position never used this baseline"}}, {"type": "Feature", "geometry": {"type": "Polygon", "coordinates": [[[73.81198388282606, 18.640243974545427, 0.0], [73.81174690885386, 18.64024247704479, 0.0], [73.81174575144233, 18.640408900575846, 0.0], [73.81175712425816, 18.64040975934589, 0.0], [73.81180934581826, 18.640410468141756, 0.0], [73.8118615058987, 18.640407951376282, 0.0], [73.81191338548739, 18.64040221961675, 0.0], [73.81196883006731, 18.640392591308, 0.0], [73.81198286705823, 18.640390060432285, 0.0], [73.81198388282606, 18.640243974545427, 0.0]]]}, "properties": {"name": "PMP-T0487", "emu_id": "EMU_Deccan_forest", "typicality_percentile": 94.7, "is_medoid": false, "in_position_pool": false, "pool_rank": null, "selection_rationale": "pool position never used this baseline"}}, {"type": "Feature", "geometry": {"type": "Polygon", "coordinates": [[[73.81174062446146, 18.641146084998812, 0.0], [73.81197759968626, 18.641147582577243, 0.0], [73.81197839921188, 18.641032601898175, 0.0], [73.81197270439587, 18.64103149046423, 0.0], [73.81196965851355, 18.641030795320177, 0.0], [73.8119500717025, 18.641025667297427, 0.0], [73.81194708063163, 18.64102478190688, 0.0], [73.81192816081554, 18.64101852092488, 0.0], [73.81186405141575, 18.64099812497708, 0.0], [73.81186108253178, 18.640997074117216, 0.0], [73.81179828166823, 18.6409725395064, 0.0], [73.81179539303051, 18.64097130198985, 0.0], [73.8117420135491, 18.64094635804478, 0.0], [73.81174062446146, 18.641146084998812, 0.0]]]}, "properties": {"name": "PMP-T0488", "emu_id": "EMU_Deccan_forest", "typicality_percentile": 87.7, "is_medoid": false, "in_position_pool": false, "pool_rank": null, "selection_rationale": "pool position never used this baseline"}}, {"type": "Feature", "geometry": {"type": "Polygon", "coordinates": [[[73.8120215741011, 18.634822324490266, 0.0], [73.81225854058181, 18.63482382122577, 0.0], [73.8122600581609, 18.6346054444448, 0.0], [73.81202283706874, 18.63464062227486, 0.0], [73.8120215741011, 18.634822324490266, 0.0]]]}, "properties": {"name": "PMP-T0502", "emu_id": "EMU_Deccan_forest", "typicality_percentile": 48.4, "is_medoid": false, "in_position_pool": false, "pool_rank": null, "selection_rationale": "pool position never used this baseline"}}, {"type": "Feature", "geometry": {"type": "Polygon", "coordinates": [[[73.8120215741011, 18.634822324490266, 0.0], [73.81202000389015, 18.635048226639704, 0.0], [73.81225697068392, 18.63504972339464, 0.0], [73.81225854058181, 18.63482382122577, 0.0], [73.8120215741011, 18.634822324490266, 0.0]]]}, "properties": {"name": "PMP-T0503", "emu_id": "EMU_Deccan_forest", "typicality_percentile": 4.6, "is_medoid": false, "in_position_pool": false, "pool_rank": null, "selection_rationale": "pool position never used this baseline"}}, {"type": "Feature", "geometry": {"type": "Polygon", "coordinates": [[[73.81202000389015, 18.635048226639704, 0.0], [73.81201843365673, 18.63527412878359, 0.0], [73.81225540076352, 18.63527562555797, 0.0], [73.81225697068392, 18.63504972339464, 0.0], [73.81202000389015, 18.635048226639704, 0.0]]]}, "properties": {"name": "PMP-T0504", "emu_id": "EMU_Deccan_forest", "typicality_percentile": 7.2, "is_medoid": false, "in_position_pool": false, "pool_rank": null, "selection_rationale": "pool position never used this baseline"}}, {"type": "Feature", "geometry": {"type": "Polygon", "coordinates": [[[73.81201843365673, 18.63527412878359, 0.0], [73.81201686340079, 18.635500030921925, 0.0], [73.81225383082062, 18.635501527715746, 0.0], [73.81225540076352, 18.63527562555797, 0.0], [73.81201843365673, 18.63527412878359, 0.0]]]}, "properties": {"name": "PMP-T0505", "emu_id": "EMU_Deccan_forest", "typicality_percentile": 10.1, "is_medoid": false, "in_position_pool": false, "pool_rank": null, "selection_rationale": "pool position never used this baseline"}}, {"type": "Feature", "geometry": {"type": "Polygon", "coordinates": [[[73.81225383082062, 18.635501527715746, 0.0], [73.81201686340079, 18.635500030921925, 0.0], [73.8120153129336, 18.63572308300205, 0.0], [73.81208839735105, 18.63572047344013, 0.0], [73.81225230123606, 18.635721619512154, 0.0], [73.81225383082062, 18.635501527715746, 0.0]]]}, "properties": {"name": "PMP-T0506", "emu_id": "EMU_Deccan_forest", "typicality_percentile": 12.3, "is_medoid": false, "in_position_pool": false, "pool_rank": null, "selection_rationale": "pool position never used this baseline"}}, {"type": "Feature", "geometry": {"type": "Polygon", "coordinates": [[[73.81198388282606, 18.640243974545427, 0.0], [73.81222085682077, 18.640245471747548, 0.0], [73.81222155448849, 18.64014511363794, 0.0], [73.81215585021911, 18.6400333516261, 0.0], [73.81212929792746, 18.64003955920068, 0.0], [73.81212693981348, 18.64003999481379, 0.0], [73.81212453444374, 18.640040590482332, 0.0], [73.81211991023214, 18.64004129338435, 0.0], [73.81211559915941, 18.640042089766215, 0.0], [73.81211335505742, 18.640042289801688, 0.0], [73.81211105474917, 18.64004263945929, 0.0], [73.81198519050966, 18.640055903862184, 0.0], [73.81198388282606, 18.640243974545427, 0.0]]]}, "properties": {"name": "PMP-T0508", "emu_id": "EMU_Deccan_forest", "typicality_percentile": 99.0, "is_medoid": false, "in_position_pool": false, "pool_rank": null, "selection_rationale": "pool position never used this baseline"}}, {"type": "Feature", "geometry": {"type": "Polygon", "coordinates": [[[73.81222085682077, 18.640245471747548, 0.0], [73.81198388282606, 18.640243974545427, 0.0], [73.81198286705823, 18.640390060432285, 0.0], [73.81204665200212, 18.6403785599642, 0.0], [73.8120549560396, 18.640377303916505, 0.0], [73.81213398697228, 18.640367623761072, 0.0], [73.81214235437066, 18.640366837797078, 0.0], [73.81222004850584, 18.640361745435, 0.0], [73.81222085682077, 18.640245471747548, 0.0]]]}, "properties": {"name": "PMP-T0509", "emu_id": "EMU_Deccan_forest", "typicality_percentile": 95.8, "is_medoid": false, "in_position_pool": false, "pool_rank": null, "selection_rationale": "pool position never used this baseline"}}, {"type": "Feature", "geometry": {"type": "Polygon", "coordinates": [[[73.81225697068392, 18.63504972339464, 0.0], [73.81225540076352, 18.63527562555797, 0.0], [73.81249236789282, 18.635277122033916, 0.0], [73.81249302697618, 18.6351822653488, 0.0], [73.81239357271632, 18.635193007521977, 0.0], [73.81234390479621, 18.635104290538173, 0.0], [73.81233890008485, 18.635050240816405, 0.0], [73.81225697068392, 18.63504972339464, 0.0]]]}, "properties": {"name": "PMP-T0529", "emu_id": "EMU_Deccan_forest", "typicality_percentile": 78.6, "is_medoid": false, "in_position_pool": false, "pool_rank": null, "selection_rationale": "pool position never used this baseline"}}, {"type": "Feature", "geometry": {"type": "Polygon", "coordinates": [[[73.81225540076352, 18.63527562555797, 0.0], [73.81225383082062, 18.635501527715746, 0.0], [73.81249079826294, 18.635503024211133, 0.0], [73.81249236789282, 18.635277122033916, 0.0], [73.81225540076352, 18.63527562555797, 0.0]]]}, "properties": {"name": "PMP-T0530", "emu_id": "EMU_Deccan_forest", "typicality_percentile": 8.2, "is_medoid": false, "in_position_pool": false, "pool_rank": null, "selection_rationale": "pool position never used this baseline"}}, {"type": "Feature", "geometry": {"type": "Polygon", "coordinates": [[[73.81249079826294, 18.635503024211133, 0.0], [73.81225383082062, 18.635501527715746, 0.0], [73.81225230123606, 18.635721619512154, 0.0], [73.81237423659584, 18.635722472033233, 0.0], [73.81248945435172, 18.635696438233975, 0.0], [73.81249079826294, 18.635503024211133, 0.0]]]}, "properties": {"name": "PMP-T0531", "emu_id": "EMU_Deccan_forest", "typicality_percentile": 12.0, "is_medoid": false, "in_position_pool": false, "pool_rank": null, "selection_rationale": "pool position never used this baseline"}}, {"type": "Feature", "geometry": {"type": "Polygon", "coordinates": [[[73.81249236789282, 18.635277122033916, 0.0], [73.81249079826294, 18.635503024211133, 0.0], [73.81272776572779, 18.635504520408084, 0.0], [73.81272933504461, 18.635278618211427, 0.0], [73.81249236789282, 18.635277122033916, 0.0]]]}, "properties": {"name": "PMP-T0553", "emu_id": "EMU_Deccan_forest", "typicality_percentile": 82.2, "is_medoid": false, "in_position_pool": true, "pool_rank": 12, "selection_rationale": "best-scoring position in its spatial region \u2014 extends coverage of the EMU"}}, {"type": "Feature", "geometry": {"type": "Polygon", "coordinates": [[[73.81272776572779, 18.635504520408084, 0.0], [73.81249079826294, 18.635503024211133, 0.0], [73.81248945435172, 18.635696438233975, 0.0], [73.8126214947046, 18.635666603220283, 0.0], [73.81272667165389, 18.635662009755904, 0.0], [73.81272776572779, 18.635504520408084, 0.0]]]}, "properties": {"name": "PMP-T0554", "emu_id": "EMU_Deccan_forest", "typicality_percentile": 10.3, "is_medoid": false, "in_position_pool": false, "pool_rank": null, "selection_rationale": "pool position never used this baseline"}}, {"type": "Feature", "geometry": {"type": "Polygon", "coordinates": [[[73.81272933504461, 18.635278618211427, 0.0], [73.8129663022189, 18.63528011409051, 0.0], [73.81296733764408, 18.635131033740702, 0.0], [73.81273018233661, 18.635156649696338, 0.0], [73.81272933504461, 18.635278618211427, 0.0]]]}, "properties": {"name": "PMP-T0571", "emu_id": "EMU_Deccan_forest", "typicality_percentile": 85.8, "is_medoid": false, "in_position_pool": false, "pool_rank": null, "selection_rationale": "pool position never used this baseline"}}, {"type": "Feature", "geometry": {"type": "Polygon", "coordinates": [[[73.81272933504461, 18.635278618211427, 0.0], [73.81272776572779, 18.635504520408084, 0.0], [73.81296473321511, 18.63550601630659, 0.0], [73.8129663022189, 18.63528011409051, 0.0], [73.81272933504461, 18.635278618211427, 0.0]]]}, "properties": {"name": "PMP-T0572", "emu_id": "EMU_Deccan_forest", "typicality_percentile": 26.7, "is_medoid": false, "in_position_pool": false, "pool_rank": null, "selection_rationale": "pool position never used this baseline"}}, {"type": "Feature", "geometry": {"type": "Polygon", "coordinates": [[[73.81296473321511, 18.63550601630659, 0.0], [73.81272776572779, 18.635504520408084, 0.0], [73.81272667165389, 18.635662009755904, 0.0], [73.81291527360519, 18.63565377266636, 0.0], [73.81296375152014, 18.63564735725192, 0.0], [73.81296473321511, 18.63550601630659, 0.0]]]}, "properties": {"name": "PMP-T0573", "emu_id": "EMU_Deccan_forest", "typicality_percentile": 8.8, "is_medoid": false, "in_position_pool": false, "pool_rank": null, "selection_rationale": "pool position never used this baseline"}}, {"type": "Feature", "geometry": {"type": "Polygon", "coordinates": [[[73.81294904194023, 18.637765038162303, 0.0], [73.81295019807604, 18.637598604114277, 0.0], [73.81274050965945, 18.637592240365084, 0.0], [73.812713954814, 18.63776355396192, 0.0], [73.81294904194023, 18.637765038162303, 0.0]]]}, "properties": {"name": "PMP-T0574", "emu_id": "EMU_Deccan_forest", "typicality_percentile": 8.5, "is_medoid": false, "in_position_pool": false, "pool_rank": null, "selection_rationale": "pool position never used this baseline"}}, {"type": "Feature", "geometry": {"type": "Polygon", "coordinates": [[[73.81271050175796, 18.637989444205115, 0.0], [73.81294747268902, 18.637990940317355, 0.0], [73.81294904194023, 18.637765038162303, 0.0], [73.812713954814, 18.63776355396192, 0.0], [73.81271198284978, 18.637776275701896, 0.0], [73.81271050175796, 18.637989444205115, 0.0]]]}, "properties": {"name": "PMP-T0575", "emu_id": "EMU_Deccan_forest", "typicality_percentile": 32.9, "is_medoid": false, "in_position_pool": false, "pool_rank": null, "selection_rationale": "pool position never used this baseline"}}, {"type": "Feature", "geometry": {"type": "Polygon", "coordinates": [[[73.81294590341534, 18.638216842466875, 0.0], [73.81294747268902, 18.637990940317355, 0.0], [73.81271050175796, 18.637989444205115, 0.0], [73.8127100157279, 18.63805939622727, 0.0], [73.81271311735328, 18.638062472383783, 0.0], [73.81271646616, 18.63806558538971, 0.0], [73.81271794947547, 18.638067264826876, 0.0], [73.81271954541296, 18.638068847659206, 0.0], [73.81272244060513, 18.638072349766553, 0.0], [73.81272545320797, 18.63807576069075, 0.0], [73.81272675670157, 18.638077570640068, 0.0], [73.81272818220778, 18.638079294973007, 0.0], [73.81273070337298, 18.638083050739823, 0.0], [73.81273335075898, 18.638086726733277, 0.0], [73.81273446187733, 18.63808864976402, 0.0], [73.81273570322382, 18.638090498991296, 0.0], [73.81273782608181, 18.63809447224754, 0.0], [73.81274008275508, 18.638098377908474, 0.0], [73.81274099079748, 18.638100395500768, 0.0], [73.81274203602942, 18.638102351813366, 0.0], [73.81274374013587, 18.638106504294473, 0.0], [73.81274558436336, 18.63811060200926, 0.0], [73.81274628058483, 18.638112694732634, 0.0], [73.81274711963599, 18.6381147392902, 0.0], [73.81274838857934, 18.638119031005502, 0.0], [73.81274980260005, 18.638123281310957, 0.0], [73.81275028029553, 18.638125429011346, 0.0], [73.81275090508538, 18.638127542123666, 0.0], [73.81275172664492, 18.63813193174165, 0.0], [73.81275269684097, 18.63813629370502, 0.0], [73.81275295140998, 18.63813847569891, 0.0], [73.81275335592139, 18.638140637015596, 0.0], [73.81275372218492, 18.638145082261833, 0.0], [73.8127542392127, 18.63814951387505, 0.0], [73.81275426820353, 18.63815170914864, 0.0], [73.81275444854076, 18.638153897855016, 0.0], [73.8127543559809, 18.638158355919373, 0.0], [73.81275441486103, 18.63816281450357, 0.0], [73.81275421799442, 18.638165001915176, 0.0], [73.81275417242071, 18.63816719693282, 0.0], [73.81275362192874, 18.638171624881696, 0.0], [73.81275322209407, 18.638176067498257, 0.0], [73.81275280126593, 18.6381782259819, 0.0], [73.81275253022008, 18.63818040617158, 0.0], [73.81274630804695, 18.638215582329785, 0.0], [73.81294590341534, 18.638216842466875, 0.0]]]}, "properties": {"name": "PMP-T0576", "emu_id": "EMU_Deccan_forest", "typicality_percentile": 93.6, "is_medoid": false, "in_position_pool": false, "pool_rank": null, "selection_rationale": "pool position never used this baseline"}}, {"type": "Feature", "geometry": {"type": "Polygon", "coordinates": [[[73.81294590341534, 18.638216842466875, 0.0], [73.81274630804695, 18.638215582329785, 0.0], [73.81274555683768, 18.638219829181846, 0.0], [73.81274373305604, 18.638228431081604, 0.0], [73.81273409816762, 18.638267341283527, 0.0], [73.81273169429208, 18.638275812647503, 0.0], [73.81271943828449, 18.638314046931058, 0.0], [73.81271646439173, 18.63832235224696, 0.0], [73.81270804104248, 18.638343600221106, 0.0], [73.81270775078845, 18.638385374216174, 0.0], [73.81277865997932, 18.638380164927494, 0.0], [73.81286666829284, 18.6383680901837, 0.0], [73.8129449626852, 18.638352262135662, 0.0], [73.81294590341534, 18.638216842466875, 0.0]]]}, "properties": {"name": "PMP-T0577", "emu_id": "EMU_Deccan_forest", "typicality_percentile": 96.5, "is_medoid": false, "in_position_pool": false, "pool_rank": null, "selection_rationale": "pool position never used this baseline"}}, {"type": "Feature", "geometry": {"type": "Polygon", "coordinates": [[[73.81270422327583, 18.638893052692143, 0.0], [73.81270265359906, 18.63911895480003, 0.0], [73.81293962609564, 18.63912045100943, 0.0], [73.81294018885937, 18.639039444330116, 0.0], [73.8129397733407, 18.63903930806538, 0.0], [73.81292733167206, 18.63903390414259, 0.0], [73.81291549198157, 18.639027386055957, 0.0], [73.81290436374101, 18.639019814072892, 0.0], [73.81289404984396, 18.639011258205258, 0.0], [73.81288464565435, 18.63900179756215, 0.0], [73.81287623812482, 18.638991519618273, 0.0], [73.81283004430172, 18.638929074985487, 0.0], [73.81280014859512, 18.638893658379374, 0.0], [73.81270422327583, 18.638893052692143, 0.0]]]}, "properties": {"name": "PMP-T0578", "emu_id": "EMU_Deccan_forest", "typicality_percentile": 98.3, "is_medoid": false, "in_position_pool": false, "pool_rank": null, "selection_rationale": "pool position never used this baseline"}}, {"type": "Feature", "geometry": {"type": "Polygon", "coordinates": [[[73.81291922232103, 18.64205717815964, 0.0], [73.81292079197712, 18.641831276104455, 0.0], [73.81268381572283, 18.641829779661872, 0.0], [73.81268299120065, 18.641948420120723, 0.0], [73.81269875790382, 18.641971822290575, 0.0], [73.81269879914323, 18.641971883609976, 0.0], [73.81275536636694, 18.64205614347227, 0.0], [73.81291922232103, 18.64205717815964, 0.0]]]}, "properties": {"name": "PMP-T0587", "emu_id": "EMU_Deccan_forest", "typicality_percentile": 36.7, "is_medoid": false, "in_position_pool": false, "pool_rank": null, "selection_rationale": "pool position never used this baseline"}}, {"type": "Feature", "geometry": {"type": "Polygon", "coordinates": [[[73.81290666426243, 18.643864394401348, 0.0], [73.81290823409849, 18.643638492390558, 0.0], [73.81269496507494, 18.64363714554067, 0.0], [73.8126937715518, 18.643643553058613, 0.0], [73.81269279809288, 18.643651757790895, 0.0], [73.81269236939602, 18.64366000471375, 0.0], [73.81269248716815, 18.643668260992243, 0.0], [73.81269315094046, 18.643676493754022, 0.0], [73.81269435807033, 18.643684670220992, 0.0], [73.81269610375152, 18.64369275783888, 0.0], [73.81269839504095, 18.64370077340758, 0.0], [73.81274498420528, 18.643831756581754, 0.0], [73.81275398682965, 18.643854059972558, 0.0], [73.81275853650116, 18.64386345895039, 0.0], [73.81290666426243, 18.643864394401348, 0.0]]]}, "properties": {"name": "PMP-T0592", "emu_id": "EMU_Deccan_forest", "typicality_percentile": 33.5, "is_medoid": false, "in_position_pool": false, "pool_rank": null, "selection_rationale": "pool position never used this baseline"}}, {"type": "Feature", "geometry": {"type": "Polygon", "coordinates": [[[73.8129663022189, 18.63528011409051, 0.0], [73.81320326941567, 18.635281609671154, 0.0], [73.81320454616164, 18.63509774709346, 0.0], [73.81303694796236, 18.635123514833577, 0.0], [73.81296733764408, 18.635131033740702, 0.0], [73.8129663022189, 18.63528011409051, 0.0]]]}, "properties": {"name": "PMP-T0603", "emu_id": "EMU_Deccan_forest", "typicality_percentile": 96.0, "is_medoid": false, "in_position_pool": false, "pool_rank": null, "selection_rationale": "pool position never used this baseline"}}, {"type": "Feature", "geometry": {"type": "Polygon", "coordinates": [[[73.8129663022189, 18.63528011409051, 0.0], [73.81296473321511, 18.63550601630659, 0.0], [73.81320170072493, 18.63550751190666, 0.0], [73.81320326941567, 18.635281609671154, 0.0], [73.8129663022189, 18.63528011409051, 0.0]]]}, "properties": {"name": "PMP-T0604", "emu_id": "EMU_Deccan_forest", "typicality_percentile": 80.6, "is_medoid": false, "in_position_pool": false, "pool_rank": null, "selection_rationale": "pool position never used this baseline"}}, {"type": "Feature", "geometry": {"type": "Polygon", "coordinates": [[[73.81320170072493, 18.63550751190666, 0.0], [73.81296473321511, 18.63550601630659, 0.0], [73.81296375152014, 18.63564735725192, 0.0], [73.8131517776872, 18.63562247433789, 0.0], [73.81320093961426, 18.635617115897965, 0.0], [73.81320170072493, 18.63550751190666, 0.0]]]}, "properties": {"name": "PMP-T0605", "emu_id": "EMU_Deccan_forest", "typicality_percentile": 9.5, "is_medoid": false, "in_position_pool": false, "pool_rank": null, "selection_rationale": "pool position never used this baseline"}}, {"type": "Feature", "geometry": {"type": "Polygon", "coordinates": [[[73.81294904194023, 18.637765038162303, 0.0], [73.8131860125807, 18.637766533956636, 0.0], [73.81318712893734, 18.637605794351956, 0.0], [73.81295019807604, 18.637598604114277, 0.0], [73.81294904194023, 18.637765038162303, 0.0]]]}, "properties": {"name": "PMP-T0606", "emu_id": "EMU_Deccan_forest", "typicality_percentile": 11.0, "is_medoid": false, "in_position_pool": false, "pool_rank": null, "selection_rationale": "pool position never used this baseline"}}, {"type": "Feature", "geometry": {"type": "Polygon", "coordinates": [[[73.81294904194023, 18.637765038162303, 0.0], [73.81294747268902, 18.637990940317355, 0.0], [73.8131844436426, 18.637992436131128, 0.0], [73.8131860125807, 18.637766533956636, 0.0], [73.81294904194023, 18.637765038162303, 0.0]]]}, "properties": {"name": "PMP-T0607", "emu_id": "EMU_Deccan_forest", "typicality_percentile": 32.7, "is_medoid": false, "in_position_pool": false, "pool_rank": null, "selection_rationale": "pool position never used this baseline"}}, {"type": "Feature", "geometry": {"type": "Polygon", "coordinates": [[[73.81294747268902, 18.637990940317355, 0.0], [73.81294590341534, 18.638216842466875, 0.0], [73.813182874682, 18.638218338300064, 0.0], [73.8131844436426, 18.637992436131128, 0.0], [73.81294747268902, 18.637990940317355, 0.0]]]}, "properties": {"name": "PMP-T0608", "emu_id": "EMU_Deccan_forest", "typicality_percentile": 92.3, "is_medoid": false, "in_position_pool": false, "pool_rank": null, "selection_rationale": "pool position never used this baseline"}}, {"type": "Feature", "geometry": {"type": "Polygon", "coordinates": [[[73.81292079197712, 18.641831276104455, 0.0], [73.81291922232103, 18.64205717815964, 0.0], [73.81315619891097, 18.64205867432311, 0.0], [73.8131577682539, 18.64183277224849, 0.0], [73.81292079197712, 18.641831276104455, 0.0]]]}, "properties": {"name": "PMP-T0617", "emu_id": "EMU_Deccan_forest", "typicality_percentile": 21.2, "is_medoid": false, "in_position_pool": false, "pool_rank": null, "selection_rationale": "pool position never used this baseline"}}, {"type": "Feature", "geometry": {"type": "Polygon", "coordinates": [[[73.81291922232103, 18.64205717815964, 0.0], [73.81291765264244, 18.642283080209282, 0.0], [73.81315462954556, 18.642284576392175, 0.0], [73.81315619891097, 18.64205867432311, 0.0], [73.81291922232103, 18.64205717815964, 0.0]]]}, "properties": {"name": "PMP-T0618", "emu_id": "EMU_Deccan_forest", "typicality_percentile": 65.9, "is_medoid": false, "in_position_pool": false, "pool_rank": null, "selection_rationale": "pool position never used this baseline"}}, {"type": "Feature", "geometry": {"type": "Polygon", "coordinates": [[[73.81315306015766, 18.642510478455684, 0.0], [73.81315462954556, 18.642284576392175, 0.0], [73.81291765264244, 18.642283080209282, 0.0], [73.8129171415366, 18.642356635877128, 0.0], [73.81295872515608, 18.64245758731879, 0.0], [73.81295975781187, 18.642460355646662, 0.0], [73.81297617594136, 18.64250936169062, 0.0], [73.81315306015766, 18.642510478455684, 0.0]]]}, "properties": {"name": "PMP-T0619", "emu_id": "EMU_Deccan_forest", "typicality_percentile": 51.3, "is_medoid": false, "in_position_pool": false, "pool_rank": null, "selection_rationale": "pool position never used this baseline"}}, {"type": "Feature", "geometry": {"type": "Polygon", "coordinates": [[[73.81315149074726, 18.64273638051365, 0.0], [73.81315306015766, 18.642510478455684, 0.0], [73.81297617594136, 18.64250936169062, 0.0], [73.81300267238254, 18.64258845016593, 0.0], [73.8130035062543, 18.642591246612035, 0.0], [73.8130138716558, 18.6426308054844, 0.0], [73.81301450930553, 18.64263361683888, 0.0], [73.81302221319893, 18.64267372426759, 0.0], [73.81302266190217, 18.64267656860209, 0.0], [73.81302767306323, 18.642717062040468, 0.0], [73.81302793100134, 18.642719927827596, 0.0], [73.8130288159333, 18.642735606010316, 0.0], [73.81315149074726, 18.64273638051365, 0.0]]]}, "properties": {"name": "PMP-T0620", "emu_id": "EMU_Deccan_forest", "typicality_percentile": 50.1, "is_medoid": false, "in_position_pool": false, "pool_rank": null, "selection_rationale": "pool position never used this baseline"}}, {"type": "Feature", "geometry": {"type": "Polygon", "coordinates": [[[73.81314992131438, 18.642962282566067, 0.0], [73.81315149074726, 18.64273638051365, 0.0], [73.8130288159333, 18.642735606010316, 0.0], [73.81303022911878, 18.642760643164454, 0.0], [73.81303029524621, 18.642763518789817, 0.0], [73.81302987100402, 18.64280429101456, 0.0], [73.81302974505266, 18.642807164823495, 0.0], [73.81302660016836, 18.64284782869471, 0.0], [73.81302628264852, 18.642850689040706, 0.0], [73.81302042986545, 18.64289107975624, 0.0], [73.81301992206382, 18.64289391504665, 0.0], [73.81301138510015, 18.642933868911012, 0.0], [73.81301068907459, 18.642936667655057, 0.0], [73.81300367058991, 18.642961359197066, 0.0], [73.81314992131438, 18.642962282566067, 0.0]]]}, "properties": {"name": "PMP-T0621", "emu_id": "EMU_Deccan_forest", "typicality_percentile": 49.3, "is_medoid": false, "in_position_pool": false, "pool_rank": null, "selection_rationale": "pool position never used this baseline"}}, {"type": "Feature", "geometry": {"type": "Polygon", "coordinates": [[[73.813148351859, 18.64318818461294, 0.0], [73.81314992131438, 18.642962282566067, 0.0], [73.81300367058991, 18.642961359197066, 0.0], [73.81299951105574, 18.642975992738325, 0.0], [73.81299584896443, 18.64298894682907, 0.0], [73.81299339848609, 18.64300066240233, 0.0], [73.81299176916681, 18.643012507189326, 0.0], [73.812990968193, 18.64302442894773, 0.0], [73.81299099909755, 18.64303637509536, 0.0], [73.81299186174445, 18.643048292942616, 0.0], [73.81299355232903, 18.643060129925125, 0.0], [73.81299606339498, 18.643071833834632, 0.0], [73.81299938386718, 18.643083353049906, 0.0], [73.81300366986072, 18.643095104978197, 0.0], [73.81304228673288, 18.643187514963376, 0.0], [73.813148351859, 18.64318818461294, 0.0]]]}, "properties": {"name": "PMP-T0622", "emu_id": "EMU_Deccan_forest", "typicality_percentile": 45.7, "is_medoid": false, "in_position_pool": false, "pool_rank": null, "selection_rationale": "pool position never used this baseline"}}, {"type": "Feature", "geometry": {"type": "Polygon", "coordinates": [[[73.81290823409849, 18.643638492390558, 0.0], [73.81314521288076, 18.643639988690026, 0.0], [73.81314619532587, 18.64349858333614, 0.0], [73.81314422078303, 18.643496620881912, 0.0], [73.8131377645069, 18.643490843035178, 0.0], [73.81313116691803, 18.643485671325003, 0.0], [73.81312422766443, 18.643480923296686, 0.0], [73.81311697663642, 18.643476619402122, 0.0], [73.81310944506637, 18.643472778179454, 0.0], [73.8131016653962, 18.643469416174483, 0.0], [73.81309367113586, 18.643466547868712, 0.0], [73.81308549671999, 18.64346418561705, 0.0], [73.81307717735899, 18.643462339594723, 0.0], [73.81306874888737, 18.643461017753154, 0.0], [73.81306024761012, 18.643460225786047, 0.0], [73.81305171014544, 18.643459967104768, 0.0], [73.81304317326753, 18.6434602428235, 0.0], [73.8130346344242, 18.6434610554972, 0.0], [73.81301309709244, 18.64346444222607, 0.0], [73.81299178429855, 18.643469109281572, 0.0], [73.81297081773998, 18.643475032420316, 0.0], [73.81295027879762, 18.64348218865188, 0.0], [73.81293024719258, 18.643490550199576, 0.0], [73.81291074331929, 18.643500112730106, 0.0], [73.81290918961933, 18.64350098977075, 0.0], [73.81290823409849, 18.643638492390558, 0.0]]]}, "properties": {"name": "PMP-T0623", "emu_id": "EMU_Deccan_forest", "typicality_percentile": 40.6, "is_medoid": false, "in_position_pool": false, "pool_rank": null, "selection_rationale": "pool position never used this baseline"}}, {"type": "Feature", "geometry": {"type": "Polygon", "coordinates": [[[73.81290823409849, 18.643638492390558, 0.0], [73.81290666426243, 18.643864394401348, 0.0], [73.8131436433579, 18.643865890720242, 0.0], [73.81314521288076, 18.643639988690026, 0.0], [73.81290823409849, 18.643638492390558, 0.0]]]}, "properties": {"name": "PMP-T0624", "emu_id": "EMU_Deccan_forest", "typicality_percentile": 37.9, "is_medoid": false, "in_position_pool": false, "pool_rank": null, "selection_rationale": "pool position never used this baseline"}}, {"type": "Feature", "geometry": {"type": "Polygon", "coordinates": [[[73.81314207381256, 18.64409179274491, 0.0], [73.8131436433579, 18.643865890720242, 0.0], [73.81290666426243, 18.643864394401348, 0.0], [73.81290551079634, 18.644030378015504, 0.0], [73.81291267414987, 18.644033840447502, 0.0], [73.81291525049694, 18.644035182934406, 0.0], [73.8129297620794, 18.64404331101347, 0.0], [73.81293224628293, 18.644044802990376, 0.0], [73.8129462020679, 18.64405377200285, 0.0], [73.81294858459498, 18.644055407744517, 0.0], [73.81296193102656, 18.644065183271746, 0.0], [73.81296420273331, 18.64406695650036, 0.0], [73.81297688859394, 18.64407750102816, 0.0], [73.81297904076327, 18.644079404939433, 0.0], [73.81299101737046, 18.644090678003035, 0.0], [73.81299117852207, 18.644090839994544, 0.0], [73.81314207381256, 18.64409179274491, 0.0]]]}, "properties": {"name": "PMP-T0625", "emu_id": "EMU_Deccan_forest", "typicality_percentile": 27.6, "is_medoid": false, "in_position_pool": false, "pool_rank": null, "selection_rationale": "pool position never used this baseline"}}, {"type": "Feature", "geometry": {"type": "Polygon", "coordinates": [[[73.81320326941567, 18.635281609671154, 0.0], [73.81344023663495, 18.635283104953356, 0.0], [73.81344177672962, 18.635061273306068, 0.0], [73.81320454616164, 18.63509774709346, 0.0], [73.81320326941567, 18.635281609671154, 0.0]]]}, "properties": {"name": "PMP-T0638", "emu_id": "EMU_Deccan_forest", "typicality_percentile": 95.7, "is_medoid": false, "in_position_pool": false, "pool_rank": null, "selection_rationale": "pool position never used this baseline"}}, {"type": "Feature", "geometry": {"type": "Polygon", "coordinates": [[[73.81320326941567, 18.635281609671154, 0.0], [73.81320170072493, 18.63550751190666, 0.0], [73.81343866825725, 18.635509007208288, 0.0], [73.81344023663495, 18.635283104953356, 0.0], [73.81320326941567, 18.635281609671154, 0.0]]]}, "properties": {"name": "PMP-T0639", "emu_id": "EMU_Deccan_forest", "typicality_percentile": 82.1, "is_medoid": false, "in_position_pool": false, "pool_rank": null, "selection_rationale": "pool position never used this baseline"}}, {"type": "Feature", "geometry": {"type": "Polygon", "coordinates": [[[73.8131860125807, 18.637766533956636, 0.0], [73.81342298324367, 18.637768029452502, 0.0], [73.8134240598369, 18.63761298429213, 0.0], [73.81318712893734, 18.637605794351956, 0.0], [73.8131860125807, 18.637766533956636, 0.0]]]}, "properties": {"name": "PMP-T0640", "emu_id": "EMU_Deccan_forest", "typicality_percentile": 9.2, "is_medoid": false, "in_position_pool": false, "pool_rank": null, "selection_rationale": "pool position never used this baseline"}}, {"type": "Feature", "geometry": {"type": "Polygon", "coordinates": [[[73.8131860125807, 18.637766533956636, 0.0], [73.8131844436426, 18.637992436131128, 0.0], [73.81342141461865, 18.637993931646417, 0.0], [73.81342298324367, 18.637768029452502, 0.0], [73.8131860125807, 18.637766533956636, 0.0]]]}, "properties": {"name": "PMP-T0641", "emu_id": "EMU_Deccan_forest", "typicality_percentile": 11.6, "is_medoid": false, "in_position_pool": false, "pool_rank": null, "selection_rationale": "pool position never used this baseline"}}, {"type": "Feature", "geometry": {"type": "Polygon", "coordinates": [[[73.81341984597114, 18.638219833834775, 0.0], [73.81342141461865, 18.637993931646417, 0.0], [73.8131844436426, 18.637992436131128, 0.0], [73.813182874682, 18.638218338300064, 0.0], [73.81330186361491, 18.63821908928102, 0.0], [73.81331336989817, 18.6382153454004, 0.0], [73.81332666178636, 18.63821234098002, 0.0], [73.81334019477221, 18.638210566378955, 0.0], [73.81335384394265, 18.638210037977228, 0.0], [73.81336748331225, 18.638210760652175, 0.0], [73.81338098698599, 18.638212727733308, 0.0], [73.81339423032135, 18.638215921063978, 0.0], [73.81340542616445, 18.638219742839368, 0.0], [73.81341984597114, 18.638219833834775, 0.0]]]}, "properties": {"name": "PMP-T0642", "emu_id": "EMU_Deccan_forest", "typicality_percentile": 90.9, "is_medoid": false, "in_position_pool": false, "pool_rank": null, "selection_rationale": "pool position never used this baseline"}}, {"type": "Feature", "geometry": {"type": "Polygon", "coordinates": [[[73.81317973669333, 18.638670142621297, 0.0], [73.81317816766528, 18.638896044773592, 0.0], [73.81341513989373, 18.638897540366568, 0.0], [73.81341670860868, 18.638671638194854, 0.0], [73.81317973669333, 18.638670142621297, 0.0]]]}, "properties": {"name": "PMP-T0643", "emu_id": "EMU_Deccan_forest", "typicality_percentile": 95.1, "is_medoid": false, "in_position_pool": false, "pool_rank": null, "selection_rationale": "pool position never used this baseline"}}, {"type": "Feature", "geometry": {"type": "Polygon", "coordinates": [[[73.81317816766528, 18.638896044773592, 0.0], [73.81317659861473, 18.639121946920334, 0.0], [73.8134135711563, 18.639123442532743, 0.0], [73.81341513989373, 18.638897540366568, 0.0], [73.81317816766528, 18.638896044773592, 0.0]]]}, "properties": {"name": "PMP-T0644", "emu_id": "EMU_Deccan_forest", "typicality_percentile": 97.8, "is_medoid": false, "in_position_pool": false, "pool_rank": null, "selection_rationale": "pool position never used this baseline"}}, {"type": "Feature", "geometry": {"type": "Polygon", "coordinates": [[[73.81315933757433, 18.641606870168335, 0.0], [73.8131577682539, 18.64183277224849, 0.0], [73.81339474455316, 18.641834268093984, 0.0], [73.81339631356043, 18.6416083659944, 0.0], [73.81315933757433, 18.641606870168335, 0.0]]]}, "properties": {"name": "PMP-T0649", "emu_id": "EMU_Deccan_forest", "typicality_percentile": 36.0, "is_medoid": false, "in_position_pool": false, "pool_rank": null, "selection_rationale": "pool position never used this baseline"}}, {"type": "Feature", "geometry": {"type": "Polygon", "coordinates": [[[73.8131577682539, 18.64183277224849, 0.0], [73.81315619891097, 18.64205867432311, 0.0], [73.81339317552342, 18.64206017018802, 0.0], [73.81339474455316, 18.641834268093984, 0.0], [73.8131577682539, 18.64183277224849, 0.0]]]}, "properties": {"name": "PMP-T0650", "emu_id": "EMU_Deccan_forest", "typicality_percentile": 74.6, "is_medoid": false, "in_position_pool": false, "pool_rank": null, "selection_rationale": "pool position never used this baseline"}}, {"type": "Feature", "geometry": {"type": "Polygon", "coordinates": [[[73.81315619891097, 18.64205867432311, 0.0], [73.81315462954556, 18.642284576392175, 0.0], [73.81339160647119, 18.64228607227651, 0.0], [73.81339317552342, 18.64206017018802, 0.0], [73.81315619891097, 18.64205867432311, 0.0]]]}, "properties": {"name": "PMP-T0651", "emu_id": "EMU_Deccan_forest", "typicality_percentile": 59.7, "is_medoid": false, "in_position_pool": false, "pool_rank": null, "selection_rationale": "pool position never used this baseline"}}, {"type": "Feature", "geometry": {"type": "Polygon", "coordinates": [[[73.81315462954556, 18.642284576392175, 0.0], [73.81315306015766, 18.642510478455684, 0.0], [73.81339003739645, 18.642511974359447, 0.0], [73.81339160647119, 18.64228607227651, 0.0], [73.81315462954556, 18.642284576392175, 0.0]]]}, "properties": {"name": "PMP-T0652", "emu_id": "EMU_Deccan_forest", "typicality_percentile": 48.8, "is_medoid": false, "in_position_pool": false, "pool_rank": null, "selection_rationale": "pool position never used this baseline"}}, {"type": "Feature", "geometry": {"type": "Polygon", "coordinates": [[[73.81315306015766, 18.642510478455684, 0.0], [73.81315149074726, 18.64273638051365, 0.0], [73.81338846829924, 18.642737876436836, 0.0], [73.81339003739645, 18.642511974359447, 0.0], [73.81315306015766, 18.642510478455684, 0.0]]]}, "properties": {"name": "PMP-T0653", "emu_id": "EMU_Deccan_forest", "typicality_percentile": 48.6, "is_medoid": false, "in_position_pool": false, "pool_rank": null, "selection_rationale": "pool position never used this baseline"}}, {"type": "Feature", "geometry": {"type": "Polygon", "coordinates": [[[73.81315149074726, 18.64273638051365, 0.0], [73.81314992131438, 18.642962282566067, 0.0], [73.81338689917955, 18.642963778508683, 0.0], [73.81338846829924, 18.642737876436836, 0.0], [73.81315149074726, 18.64273638051365, 0.0]]]}, "properties": {"name": "PMP-T0654", "emu_id": "EMU_Deccan_forest", "typicality_percentile": 47.5, "is_medoid": false, "in_position_pool": false, "pool_rank": null, "selection_rationale": "pool position never used this baseline"}}, {"type": "Feature", "geometry": {"type": "Polygon", "coordinates": [[[73.81314992131438, 18.642962282566067, 0.0], [73.813148351859, 18.64318818461294, 0.0], [73.81338533003736, 18.643189680574974, 0.0], [73.81338689917955, 18.642963778508683, 0.0], [73.81314992131438, 18.642962282566067, 0.0]]]}, "properties": {"name": "PMP-T0655", "emu_id": "EMU_Deccan_forest", "typicality_percentile": 46.8, "is_medoid": false, "in_position_pool": false, "pool_rank": null, "selection_rationale": "pool position never used this baseline"}}, {"type": "Feature", "geometry": {"type": "Polygon", "coordinates": [[[73.81338376087268, 18.64341558263572, 0.0], [73.81338533003736, 18.643189680574974, 0.0], [73.813148351859, 18.64318818461294, 0.0], [73.81314729052437, 18.643340947654742, 0.0], [73.81315770472642, 18.643344831569873, 0.0], [73.81316047740917, 18.643345963876776, 0.0], [73.81317345183552, 18.643351734836074, 0.0], [73.81317614334674, 18.64335303297507, 0.0], [73.81318870641309, 18.64335957896797, 0.0], [73.8131913058509, 18.643361037680965, 0.0], [73.81320340667376, 18.643368332194473, 0.0], [73.81320590351054, 18.643369945573728, 0.0], [73.81321749307848, 18.643377959063375, 0.0], [73.81321987720078, 18.643379720573915, 0.0], [73.81323090857319, 18.64338842058304, 0.0], [73.81323317032539, 18.643390323090845, 0.0], [73.81324359882227, 18.643399674382366, 0.0], [73.81324533022254, 18.64340130891777, 0.0], [73.81325889883715, 18.643414794452507, 0.0], [73.81338376087268, 18.64341558263572, 0.0]]]}, "properties": {"name": "PMP-T0656", "emu_id": "EMU_Deccan_forest", "typicality_percentile": 43.1, "is_medoid": false, "in_position_pool": false, "pool_rank": null, "selection_rationale": "pool position never used this baseline"}}, {"type": "Feature", "geometry": {"type": "Polygon", "coordinates": [[[73.81314521288076, 18.643639988690026, 0.0], [73.8131436433579, 18.643865890720242, 0.0], [73.81338062247586, 18.643867386740553, 0.0], [73.81338151869872, 18.643738367679255, 0.0], [73.81330893847502, 18.64366032991591, 0.0], [73.81328938768861, 18.643640898873, 0.0], [73.81314521288076, 18.643639988690026, 0.0]]]}, "properties": {"name": "PMP-T0657", "emu_id": "EMU_Deccan_forest", "typicality_percentile": 39.6, "is_medoid": false, "in_position_pool": false, "pool_rank": null, "selection_rationale": "pool position never used this baseline"}}, {"type": "Feature", "geometry": {"type": "Polygon", "coordinates": [[[73.8131436433579, 18.643865890720242, 0.0], [73.81314207381256, 18.64409179274491, 0.0], [73.81337905324374, 18.64409328878465, 0.0], [73.81338062247586, 18.643867386740553, 0.0], [73.8131436433579, 18.643865890720242, 0.0]]]}, "properties": {"name": "PMP-T0658", "emu_id": "EMU_Deccan_forest", "typicality_percentile": 38.0, "is_medoid": false, "in_position_pool": false, "pool_rank": null, "selection_rationale": "pool position never used this baseline"}}, {"type": "Feature", "geometry": {"type": "Polygon", "coordinates": [[[73.81337748398911, 18.644319190823193, 0.0], [73.81337905324374, 18.64409328878465, 0.0], [73.81314207381256, 18.64409179274491, 0.0], [73.81314065649393, 18.644295782247184, 0.0], [73.81315442294488, 18.6443177826414, 0.0], [73.81337748398911, 18.644319190823193, 0.0]]]}, "properties": {"name": "PMP-T0659", "emu_id": "EMU_Deccan_forest", "typicality_percentile": 30.3, "is_medoid": false, "in_position_pool": false, "pool_rank": null, "selection_rationale": "pool position never used this baseline"}}, {"type": "Feature", "geometry": {"type": "Polygon", "coordinates": [[[73.813375914712, 18.644545092856188, 0.0], [73.81337748398911, 18.644319190823193, 0.0], [73.81315442294488, 18.6443177826414, 0.0], [73.81329634518232, 18.64454459055917, 0.0], [73.813375914712, 18.644545092856188, 0.0]]]}, "properties": {"name": "PMP-T0660", "emu_id": "EMU_Deccan_forest", "typicality_percentile": 25.9, "is_medoid": false, "in_position_pool": false, "pool_rank": null, "selection_rationale": "pool position never used this baseline"}}, {"type": "Feature", "geometry": {"type": "Polygon", "coordinates": [[[73.81344023663495, 18.635283104953356, 0.0], [73.8136772038767, 18.635284599937133, 0.0], [73.81367877191889, 18.635058697657232, 0.0], [73.81346720990717, 18.635057362980355, 0.0], [73.81344177672962, 18.635061273306068, 0.0], [73.81344023663495, 18.635283104953356, 0.0]]]}, "properties": {"name": "PMP-T0671", "emu_id": "EMU_Deccan_forest", "typicality_percentile": 89.5, "is_medoid": false, "in_position_pool": false, "pool_rank": null, "selection_rationale": "pool position never used this baseline"}}, {"type": "Feature", "geometry": {"type": "Polygon", "coordinates": [[[73.81344023663495, 18.635283104953356, 0.0], [73.81343866825725, 18.635509007208288, 0.0], [73.81367563581203, 18.63551050221149, 0.0], [73.8136772038767, 18.635284599937133, 0.0], [73.81344023663495, 18.635283104953356, 0.0]]]}, "properties": {"name": "PMP-T0672", "emu_id": "EMU_Deccan_forest", "typicality_percentile": 91.9, "is_medoid": false, "in_position_pool": false, "pool_rank": null, "selection_rationale": "pool position never used this baseline"}}, {"type": "Feature", "geometry": {"type": "Polygon", "coordinates": [[[73.81342298324367, 18.637768029452502, 0.0], [73.81365995392912, 18.63776952464989, 0.0], [73.81366098586693, 18.637620880871776, 0.0], [73.81352333076974, 18.63761599669378, 0.0], [73.8134240598369, 18.63761298429213, 0.0], [73.81342298324367, 18.637768029452502, 0.0]]]}, "properties": {"name": "PMP-T0673", "emu_id": "EMU_Deccan_forest", "typicality_percentile": 9.0, "is_medoid": false, "in_position_pool": false, "pool_rank": null, "selection_rationale": "pool position never used this baseline"}}, {"type": "Feature", "geometry": {"type": "Polygon", "coordinates": [[[73.81342298324367, 18.637768029452502, 0.0], [73.81342141461865, 18.637993931646417, 0.0], [73.81365838561717, 18.637995426863217, 0.0], [73.81365995392912, 18.63776952464989, 0.0], [73.81342298324367, 18.637768029452502, 0.0]]]}, "properties": {"name": "PMP-T0674", "emu_id": "EMU_Deccan_forest", "typicality_percentile": 11.3, "is_medoid": false, "in_position_pool": false, "pool_rank": null, "selection_rationale": "pool position never used this baseline"}}, {"type": "Feature", "geometry": {"type": "Polygon", "coordinates": [[[73.81342141461865, 18.637993931646417, 0.0], [73.81341984597114, 18.638219833834775, 0.0], [73.81365681728278, 18.638221329070998, 0.0], [73.81365838561717, 18.637995426863217, 0.0], [73.81342141461865, 18.637993931646417, 0.0]]]}, "properties": {"name": "PMP-T0675", "emu_id": "EMU_Deccan_forest", "typicality_percentile": 85.1, "is_medoid": false, "in_position_pool": false, "pool_rank": null, "selection_rationale": "pool position never used this baseline"}}, {"type": "Feature", "geometry": {"type": "Polygon", "coordinates": [[[73.8136552489259, 18.638447231273233, 0.0], [73.81365681728278, 18.638221329070998, 0.0], [73.81341984597114, 18.638219833834775, 0.0], [73.81341980275762, 18.638226057003173, 0.0], [73.81343119465416, 18.63823250894166, 0.0], [73.81344221498938, 18.63824020402082, 0.0], [73.81345240983505, 18.638248871736085, 0.0], [73.8134616850899, 18.638258432082075, 0.0], [73.81346995514056, 18.6382687968142, 0.0], [73.81347714365207, 18.638279870263148, 0.0], [73.81350011964426, 18.638319387739124, 0.0], [73.81350638999086, 18.638331574382082, 0.0], [73.81351135031048, 18.63834429776087, 0.0], [73.81351495085885, 18.638357430280507, 0.0], [73.81351715552793, 18.638370840242995, 0.0], [73.8135179422081, 18.63838439316799, 0.0], [73.81351730300989, 18.638397953141432, 0.0], [73.81351524434308, 18.638411384178518, 0.0], [73.8135117868525, 18.638424551587473, 0.0], [73.81350696521095, 18.63843732332027, 0.0], [73.8135024833587, 18.638446267379468, 0.0], [73.8136552489259, 18.638447231273233, 0.0]]]}, "properties": {"name": "PMP-T0676", "emu_id": "EMU_Deccan_forest", "typicality_percentile": 91.8, "is_medoid": false, "in_position_pool": false, "pool_rank": null, "selection_rationale": "pool position never used this baseline"}}, {"type": "Feature", "geometry": {"type": "Polygon", "coordinates": [[[73.81341670860868, 18.638671638194854, 0.0], [73.81365368054652, 18.63867313346992, 0.0], [73.8136552489259, 18.638447231273233, 0.0], [73.8135024833587, 18.638446267379468, 0.0], [73.81350082777142, 18.63844957129681, 0.0], [73.81349343608244, 18.63846117268945, 0.0], [73.81348486427062, 18.638472011154697, 0.0], [73.81347519829738, 18.638481978000016, 0.0], [73.81346453509691, 18.63849097327379, 0.0], [73.81345298160402, 18.638498906767726, 0.0], [73.81344065368181, 18.638505698921485, 0.0], [73.81341778325387, 18.638516882471592, 0.0], [73.81341670860868, 18.638671638194854, 0.0]]]}, "properties": {"name": "PMP-T0677", "emu_id": "EMU_Deccan_forest", "typicality_percentile": 97.5, "is_medoid": false, "in_position_pool": false, "pool_rank": null, "selection_rationale": "pool position never used this baseline"}}, {"type": "Feature", "geometry": {"type": "Polygon", "coordinates": [[[73.81341670860868, 18.638671638194854, 0.0], [73.81341513989373, 18.638897540366568, 0.0], [73.81365211214468, 18.63889903566105, 0.0], [73.81365368054652, 18.63867313346992, 0.0], [73.81341670860868, 18.638671638194854, 0.0]]]}, "properties": {"name": "PMP-T0678", "emu_id": "EMU_Deccan_forest", "typicality_percentile": 84.2, "is_medoid": false, "in_position_pool": false, "pool_rank": null, "selection_rationale": "pool position never used this baseline"}}, {"type": "Feature", "geometry": {"type": "Polygon", "coordinates": [[[73.81341513989373, 18.638897540366568, 0.0], [73.8134135711563, 18.639123442532743, 0.0], [73.81365054372034, 18.639124937846635, 0.0], [73.81365211214468, 18.63889903566105, 0.0], [73.81341513989373, 18.638897540366568, 0.0]]]}, "properties": {"name": "PMP-T0679", "emu_id": "EMU_Deccan_forest", "typicality_percentile": 82.4, "is_medoid": false, "in_position_pool": false, "pool_rank": null, "selection_rationale": "pool position never used this baseline"}}, {"type": "Feature", "geometry": {"type": "Polygon", "coordinates": [[[73.81339631356043, 18.6416083659944, 0.0], [73.81339474455316, 18.641834268093984, 0.0], [73.81363172087492, 18.641835763640923, 0.0], [73.81363328956903, 18.64160986152192, 0.0], [73.81339631356043, 18.6416083659944, 0.0]]]}, "properties": {"name": "PMP-T0686", "emu_id": "EMU_Deccan_forest", "typicality_percentile": 78.8, "is_medoid": false, "in_position_pool": false, "pool_rank": null, "selection_rationale": "pool position never used this baseline"}}, {"type": "Feature", "geometry": {"type": "Polygon", "coordinates": [[[73.81339474455316, 18.641834268093984, 0.0], [73.81339317552342, 18.64206017018802, 0.0], [73.81363015215835, 18.642061665754387, 0.0], [73.81363172087492, 18.641835763640923, 0.0], [73.81339474455316, 18.641834268093984, 0.0]]]}, "properties": {"name": "PMP-T0687", "emu_id": "EMU_Deccan_forest", "typicality_percentile": 72.1, "is_medoid": false, "in_position_pool": false, "pool_rank": null, "selection_rationale": "pool position never used this baseline"}}, {"type": "Feature", "geometry": {"type": "Polygon", "coordinates": [[[73.81339317552342, 18.64206017018802, 0.0], [73.81339160647119, 18.64228607227651, 0.0], [73.81362858341929, 18.642287567862297, 0.0], [73.81363015215835, 18.642061665754387, 0.0], [73.81339317552342, 18.64206017018802, 0.0]]]}, "properties": {"name": "PMP-T0688", "emu_id": "EMU_Deccan_forest", "typicality_percentile": 50.4, "is_medoid": false, "in_position_pool": false, "pool_rank": null, "selection_rationale": "pool position never used this baseline"}}, {"type": "Feature", "geometry": {"type": "Polygon", "coordinates": [[[73.81339160647119, 18.64228607227651, 0.0], [73.81339003739645, 18.642511974359447, 0.0], [73.81362701465773, 18.64251346996465, 0.0], [73.81362858341929, 18.642287567862297, 0.0], [73.81339160647119, 18.64228607227651, 0.0]]]}, "properties": {"name": "PMP-T0689", "emu_id": "EMU_Deccan_forest", "typicality_percentile": 44.9, "is_medoid": false, "in_position_pool": false, "pool_rank": null, "selection_rationale": "pool position never used this baseline"}}, {"type": "Feature", "geometry": {"type": "Polygon", "coordinates": [[[73.81339003739645, 18.642511974359447, 0.0], [73.81338846829924, 18.642737876436836, 0.0], [73.81362544587371, 18.642739372061467, 0.0], [73.81362701465773, 18.64251346996465, 0.0], [73.81339003739645, 18.642511974359447, 0.0]]]}, "properties": {"name": "PMP-T0690", "emu_id": "EMU_Deccan_forest", "typicality_percentile": 44.5, "is_medoid": false, "in_position_pool": false, "pool_rank": null, "selection_rationale": "pool position never used this baseline"}}, {"type": "Feature", "geometry": {"type": "Polygon", "coordinates": [[[73.81338846829924, 18.642737876436836, 0.0], [73.81338689917955, 18.642963778508683, 0.0], [73.8136238770672, 18.642965274152726, 0.0], [73.81362544587371, 18.642739372061467, 0.0], [73.81338846829924, 18.642737876436836, 0.0]]]}, "properties": {"name": "PMP-T0691", "emu_id": "EMU_Deccan_forest", "typicality_percentile": 45.8, "is_medoid": false, "in_position_pool": false, "pool_rank": null, "selection_rationale": "pool position never used this baseline"}}, {"type": "Feature", "geometry": {"type": "Polygon", "coordinates": [[[73.81338689917955, 18.642963778508683, 0.0], [73.81338533003736, 18.643189680574974, 0.0], [73.8136223082382, 18.64319117623844, 0.0], [73.8136238770672, 18.642965274152726, 0.0], [73.81338689917955, 18.642963778508683, 0.0]]]}, "properties": {"name": "PMP-T0692", "emu_id": "EMU_Deccan_forest", "typicality_percentile": 45.5, "is_medoid": false, "in_position_pool": false, "pool_rank": null, "selection_rationale": "pool position never used this baseline"}}, {"type": "Feature", "geometry": {"type": "Polygon", "coordinates": [[[73.81338533003736, 18.643189680574974, 0.0], [73.81338376087268, 18.64341558263572, 0.0], [73.81362073938674, 18.6434170783186, 0.0], [73.8136223082382, 18.64319117623844, 0.0], [73.81338533003736, 18.643189680574974, 0.0]]]}, "properties": {"name": "PMP-T0693", "emu_id": "EMU_Deccan_forest", "typicality_percentile": 44.7, "is_medoid": false, "in_position_pool": false, "pool_rank": null, "selection_rationale": "pool position never used this baseline"}}, {"type": "Feature", "geometry": {"type": "Polygon", "coordinates": [[[73.81362073938674, 18.6434170783186, 0.0], [73.81338376087268, 18.64341558263572, 0.0], [73.81338291020366, 18.643538046365087, 0.0], [73.81341283625105, 18.64356778910578, 0.0], [73.81341409521583, 18.643569090459756, 0.0], [73.81348201262796, 18.643642114751596, 0.0], [73.81348997213067, 18.643642164988968, 0.0], [73.81361974303958, 18.64356054266499, 0.0], [73.81362073938674, 18.6434170783186, 0.0]]]}, "properties": {"name": "PMP-T0694", "emu_id": "EMU_Deccan_forest", "typicality_percentile": 42.1, "is_medoid": false, "in_position_pool": false, "pool_rank": null, "selection_rationale": "pool position never used this baseline"}}, {"type": "Feature", "geometry": {"type": "Polygon", "coordinates": [[[73.81338062247586, 18.643867386740553, 0.0], [73.81337905324374, 18.64409328878465, 0.0], [73.8136160326974, 18.64409478452579, 0.0], [73.81361699703135, 18.643955934505325, 0.0], [73.81360958363071, 18.643951500302055, 0.0], [73.81360692531038, 18.64394978807572, 0.0], [73.8135710870544, 18.643924980076182, 0.0], [73.81356855633798, 18.643923100341446, 0.0], [73.81353456076526, 18.643896038019832, 0.0], [73.81353216924776, 18.64389399938911, 0.0], [73.8135038525162, 18.643868164558736, 0.0], [73.81338062247586, 18.643867386740553, 0.0]]]}, "properties": {"name": "PMP-T0695", "emu_id": "EMU_Deccan_forest", "typicality_percentile": 41.9, "is_medoid": false, "in_position_pool": false, "pool_rank": null, "selection_rationale": "pool position never used this baseline"}}, {"type": "Feature", "geometry": {"type": "Polygon", "coordinates": [[[73.81337905324374, 18.64409328878465, 0.0], [73.81337748398911, 18.644319190823193, 0.0], [73.813614463756, 18.644320686583765, 0.0], [73.8136160326974, 18.64409478452579, 0.0], [73.81337905324374, 18.64409328878465, 0.0]]]}, "properties": {"name": "PMP-T0696", "emu_id": "EMU_Deccan_forest", "typicality_percentile": 34.8, "is_medoid": false, "in_position_pool": true, "pool_rank": 15, "selection_rationale": "best-scoring position in its spatial region \u2014 extends coverage of the EMU"}}, {"type": "Feature", "geometry": {"type": "Polygon", "coordinates": [[[73.81337748398911, 18.644319190823193, 0.0], [73.813375914712, 18.644545092856188, 0.0], [73.8136128947921, 18.64454658863618, 0.0], [73.813614463756, 18.644320686583765, 0.0], [73.81337748398911, 18.644319190823193, 0.0]]]}, "properties": {"name": "PMP-T0697", "emu_id": "EMU_Deccan_forest", "typicality_percentile": 29.5, "is_medoid": false, "in_position_pool": false, "pool_rank": null, "selection_rationale": "pool position never used this baseline"}}, {"type": "Feature", "geometry": {"type": "Polygon", "coordinates": [[[73.8136128947921, 18.64454658863618, 0.0], [73.813375914712, 18.644545092856188, 0.0], [73.81337504450187, 18.644670360754386, 0.0], [73.81343744276224, 18.64477007991112, 0.0], [73.81346286745564, 18.644746165959905, 0.0], [73.81346489507771, 18.644744367201376, 0.0], [73.81350237471754, 18.644713015264994, 0.0], [73.81350450910143, 18.644711332481357, 0.0], [73.81354384592186, 18.64468212104697, 0.0], [73.8135460797785, 18.644680559985, 0.0], [73.81358713944239, 18.644653588810513, 0.0], [73.8135894651431, 18.64465215480129, 0.0], [73.81361225304236, 18.644638987905044, 0.0], [73.8136128947921, 18.64454658863618, 0.0]]]}, "properties": {"name": "PMP-T0698", "emu_id": "EMU_Deccan_forest", "typicality_percentile": 29.3, "is_medoid": false, "in_position_pool": false, "pool_rank": null, "selection_rationale": "pool position never used this baseline"}}, {"type": "Feature", "geometry": {"type": "Polygon", "coordinates": [[[73.8136552489259, 18.638447231273233, 0.0], [73.81365368054652, 18.63867313346992, 0.0], [73.81389065250684, 18.638674628446488, 0.0], [73.81389178942055, 18.63851084020304, 0.0], [73.81376591561168, 18.63851637555467, 0.0], [73.81375655650079, 18.638516346198372, 0.0], [73.81374724604588, 18.638515437153167, 0.0], [73.81373807501089, 18.638513657280996, 0.0], [73.8137291328006, 18.63851102393313, 0.0], [73.81372050658908, 18.63850756278103, 0.0], [73.81371228046977, 18.638503307566104, 0.0], [73.81370453463585, 18.638498299770767, 0.0], [73.81369734459827, 18.638492588214014, 0.0], [73.81369078044983, 18.638486228575534, 0.0], [73.81368490618163, 18.63847928285289, 0.0], [73.81367977905951, 18.638471818757157, 0.0], [73.81367544906561, 18.63846390905278, 0.0], [73.81367195841116, 18.638455630848295, 0.0], [73.81366941929285, 18.638447320676676, 0.0], [73.8136552489259, 18.638447231273233, 0.0]]]}, "properties": {"name": "PMP-T0703", "emu_id": "EMU_Deccan_forest", "typicality_percentile": 26.0, "is_medoid": false, "in_position_pool": false, "pool_rank": null, "selection_rationale": "pool position never used this baseline"}}, {"type": "Feature", "geometry": {"type": "Polygon", "coordinates": [[[73.81365368054652, 18.63867313346992, 0.0], [73.81365211214468, 18.63889903566105, 0.0], [73.81388908441811, 18.63890053065704, 0.0], [73.81389065250684, 18.638674628446488, 0.0], [73.81365368054652, 18.63867313346992, 0.0]]]}, "properties": {"name": "PMP-T0704", "emu_id": "EMU_Deccan_forest", "typicality_percentile": 82.5, "is_medoid": false, "in_position_pool": true, "pool_rank": 8, "selection_rationale": "best-scoring position in its spatial region \u2014 extends coverage of the EMU"}}, {"type": "Feature", "geometry": {"type": "Polygon", "coordinates": [[[73.81365211214468, 18.63889903566105, 0.0], [73.81365054372034, 18.639124937846635, 0.0], [73.81388751630689, 18.639126432862042, 0.0], [73.81388908441811, 18.63890053065704, 0.0], [73.81365211214468, 18.63889903566105, 0.0]]]}, "properties": {"name": "PMP-T0705", "emu_id": "EMU_Deccan_forest", "typicality_percentile": 85.4, "is_medoid": false, "in_position_pool": false, "pool_rank": null, "selection_rationale": "pool position never used this baseline"}}, {"type": "Feature", "geometry": {"type": "Polygon", "coordinates": [[[73.8136411327023, 18.64048035084366, 0.0], [73.8136395641206, 18.640706252990405, 0.0], [73.81387653889907, 18.640707748141725, 0.0], [73.81387810716761, 18.640481845975554, 0.0], [73.8136411327023, 18.64048035084366, 0.0]]]}, "properties": {"name": "PMP-T0709", "emu_id": "EMU_Deccan_forest", "typicality_percentile": 84.0, "is_medoid": false, "in_position_pool": false, "pool_rank": null, "selection_rationale": "pool position never used this baseline"}}, {"type": "Feature", "geometry": {"type": "Polygon", "coordinates": [[[73.8136395641206, 18.640706252990405, 0.0], [73.81363799551643, 18.64093215513161, 0.0], [73.81387497060803, 18.640933650302344, 0.0], [73.81387653889907, 18.640707748141725, 0.0], [73.8136395641206, 18.640706252990405, 0.0]]]}, "properties": {"name": "PMP-T0710", "emu_id": "EMU_Deccan_forest", "typicality_percentile": 65.3, "is_medoid": false, "in_position_pool": false, "pool_rank": null, "selection_rationale": "pool position never used this baseline"}}, {"type": "Feature", "geometry": {"type": "Polygon", "coordinates": [[[73.81387340229453, 18.641159552457406, 0.0], [73.81387497060803, 18.640933650302344, 0.0], [73.81363799551643, 18.64093215513161, 0.0], [73.81363647562688, 18.641151038555027, 0.0], [73.81363769920063, 18.641151050293672, 0.0], [73.81364079922606, 18.64115117686065, 0.0], [73.81368924552936, 18.641154672228627, 0.0], [73.81368944197176, 18.641154686793335, 0.0], [73.81374250216348, 18.641158726583363, 0.0], [73.81387340229453, 18.641159552457406, 0.0]]]}, "properties": {"name": "PMP-T0711", "emu_id": "EMU_Deccan_forest", "typicality_percentile": 66.2, "is_medoid": false, "in_position_pool": false, "pool_rank": null, "selection_rationale": "pool position never used this baseline"}}, {"type": "Feature", "geometry": {"type": "Polygon", "coordinates": [[[73.81363485824065, 18.641383959397363, 0.0], [73.81363328956903, 18.64160986152192, 0.0], [73.8138702656001, 18.6416113567509, 0.0], [73.81387085499367, 18.641526462463798, 0.0], [73.81378644835591, 18.64152322249845, 0.0], [73.81377717684929, 18.641522430555995, 0.0], [73.81376803152978, 18.64152077555872, 0.0], [73.81375910058863, 18.64151827346632, 0.0], [73.8137504701498, 18.64151494840728, 0.0], [73.81374222343943, 18.64151083244624, 0.0], [73.81373443998318, 18.64150596527476, 0.0], [73.81372719483937, 18.641500393828533, 0.0], [73.81372055787521, 18.641494171834857, 0.0], [73.813714593093, 18.641487359294352, 0.0], [73.81370935801296, 18.64148002190259, 0.0], [73.81370490311853, 18.64147223041636, 0.0], [73.81370127136957, 18.641464059971433, 0.0], [73.81369849778805, 18.641455589358003, 0.0], [73.81369660912037, 18.641446900260874, 0.0], [73.81369562357939, 18.6414380764717, 0.0], [73.81369555066888, 18.64142920308104, 0.0], [73.81369749421177, 18.641384354631043, 0.0], [73.81363485824065, 18.641383959397363, 0.0]]]}, "properties": {"name": "PMP-T0712", "emu_id": "EMU_Deccan_forest", "typicality_percentile": 78.3, "is_medoid": false, "in_position_pool": false, "pool_rank": null, "selection_rationale": "pool position never used this baseline"}}, {"type": "Feature", "geometry": {"type": "Polygon", "coordinates": [[[73.81363328956903, 18.64160986152192, 0.0], [73.81363172087492, 18.641835763640923, 0.0], [73.81386869721916, 18.641837258889325, 0.0], [73.8138702656001, 18.6416113567509, 0.0], [73.81363328956903, 18.64160986152192, 0.0]]]}, "properties": {"name": "PMP-T0713", "emu_id": "EMU_Deccan_forest", "typicality_percentile": 78.9, "is_medoid": false, "in_position_pool": false, "pool_rank": null, "selection_rationale": "pool position never used this baseline"}}, {"type": "Feature", "geometry": {"type": "Polygon", "coordinates": [[[73.81363172087492, 18.641835763640923, 0.0], [73.81363015215835, 18.642061665754387, 0.0], [73.81386712881576, 18.642063161022197, 0.0], [73.81386869721916, 18.641837258889325, 0.0], [73.81363172087492, 18.641835763640923, 0.0]]]}, "properties": {"name": "PMP-T0714", "emu_id": "EMU_Deccan_forest", "typicality_percentile": 75.0, "is_medoid": false, "in_position_pool": true, "pool_rank": 7, "selection_rationale": "best-scoring position in its spatial region \u2014 extends coverage of the EMU"}}, {"type": "Feature", "geometry": {"type": "Polygon", "coordinates": [[[73.81363015215835, 18.642061665754387, 0.0], [73.81362858341929, 18.642287567862297, 0.0], [73.81386556038987, 18.642289063149523, 0.0], [73.81386712881576, 18.642063161022197, 0.0], [73.81363015215835, 18.642061665754387, 0.0]]]}, "properties": {"name": "PMP-T0715", "emu_id": "EMU_Deccan_forest", "typicality_percentile": 64.7, "is_medoid": false, "in_position_pool": false, "pool_rank": null, "selection_rationale": "pool position never used this baseline"}}, {"type": "Feature", "geometry": {"type": "Polygon", "coordinates": [[[73.81362858341929, 18.642287567862297, 0.0], [73.81362701465773, 18.64251346996465, 0.0], [73.8138639919415, 18.6425149652713, 0.0], [73.81386556038987, 18.642289063149523, 0.0], [73.81362858341929, 18.642287567862297, 0.0]]]}, "properties": {"name": "PMP-T0716", "emu_id": "EMU_Deccan_forest", "typicality_percentile": 46.1, "is_medoid": false, "in_position_pool": false, "pool_rank": null, "selection_rationale": "pool position never used this baseline"}}, {"type": "Feature", "geometry": {"type": "Polygon", "coordinates": [[[73.81362701465773, 18.64251346996465, 0.0], [73.81362544587371, 18.642739372061467, 0.0], [73.81386242347065, 18.642740867387534, 0.0], [73.8138639919415, 18.6425149652713, 0.0], [73.81362701465773, 18.64251346996465, 0.0]]]}, "properties": {"name": "PMP-T0717", "emu_id": "EMU_Deccan_forest", "typicality_percentile": 38.7, "is_medoid": false, "in_position_pool": false, "pool_rank": null, "selection_rationale": "pool position never used this baseline"}}, {"type": "Feature", "geometry": {"type": "Polygon", "coordinates": [[[73.81362544587371, 18.642739372061467, 0.0], [73.8136238770672, 18.642965274152726, 0.0], [73.81386085497735, 18.64296676949821, 0.0], [73.81386242347065, 18.642740867387534, 0.0], [73.81362544587371, 18.642739372061467, 0.0]]]}, "properties": {"name": "PMP-T0718", "emu_id": "EMU_Deccan_forest", "typicality_percentile": 38.2, "is_medoid": false, "in_position_pool": false, "pool_rank": null, "selection_rationale": "pool position never used this baseline"}}, {"type": "Feature", "geometry": {"type": "Polygon", "coordinates": [[[73.8136238770672, 18.642965274152726, 0.0], [73.8136223082382, 18.64319117623844, 0.0], [73.81385928646154, 18.643192671603334, 0.0], [73.81386085497735, 18.64296676949821, 0.0], [73.8136238770672, 18.642965274152726, 0.0]]]}, "properties": {"name": "PMP-T0719", "emu_id": "EMU_Deccan_forest", "typicality_percentile": 42.2, "is_medoid": false, "in_position_pool": false, "pool_rank": null, "selection_rationale": "pool position never used this baseline"}}, {"type": "Feature", "geometry": {"type": "Polygon", "coordinates": [[[73.81385928646154, 18.643192671603334, 0.0], [73.8136223082382, 18.64319117623844, 0.0], [73.81362073938674, 18.6434170783186, 0.0], [73.81384557986246, 18.64341849711646, 0.0], [73.81385777170027, 18.643410828749364, 0.0], [73.81385928646154, 18.643192671603334, 0.0]]]}, "properties": {"name": "PMP-T0720", "emu_id": "EMU_Deccan_forest", "typicality_percentile": 43.6, "is_medoid": false, "in_position_pool": false, "pool_rank": null, "selection_rationale": "pool position never used this baseline"}}, {"type": "Feature", "geometry": {"type": "Polygon", "coordinates": [[[73.8136160326974, 18.64409478452579, 0.0], [73.813614463756, 18.644320686583765, 0.0], [73.81385144354536, 18.644322182045745, 0.0], [73.81385301217355, 18.64409627996836, 0.0], [73.8136160326974, 18.64409478452579, 0.0]]]}, "properties": {"name": "PMP-T0721", "emu_id": "EMU_Deccan_forest", "typicality_percentile": 43.9, "is_medoid": false, "in_position_pool": false, "pool_rank": null, "selection_rationale": "pool position never used this baseline"}}, {"type": "Feature", "geometry": {"type": "Polygon", "coordinates": [[[73.813614463756, 18.644320686583765, 0.0], [73.8136128947921, 18.64454658863618, 0.0], [73.8138498748947, 18.644548084117574, 0.0], [73.81385144354536, 18.644322182045745, 0.0], [73.813614463756, 18.644320686583765, 0.0]]]}, "properties": {"name": "PMP-T0722", "emu_id": "EMU_Deccan_forest", "typicality_percentile": 40.8, "is_medoid": false, "in_position_pool": false, "pool_rank": null, "selection_rationale": "pool position never used this baseline"}}, {"type": "Feature", "geometry": {"type": "Polygon", "coordinates": [[[73.81384830622154, 18.644773986183864, 0.0], [73.81365621045151, 18.644772773957335, 0.0], [73.81362470449051, 18.644793706079124, 0.0], [73.81361110703101, 18.644803989524384, 0.0], [73.81360975679686, 18.64499839272436, 0.0], [73.81383930604298, 18.644999841351083, 0.0], [73.81383976075332, 18.64499575896881, 0.0], [73.81384066841241, 18.644989622615277, 0.0], [73.81384268188627, 18.644978727294173, 0.0], [73.8138440286183, 18.6449726646733, 0.0], [73.81384682073728, 18.644961926524157, 0.0], [73.81384700543501, 18.644961307875302, 0.0], [73.81384830622154, 18.644773986183864, 0.0]]]}, "properties": {"name": "PMP-T0723", "emu_id": "EMU_Deccan_forest", "typicality_percentile": 41.6, "is_medoid": false, "in_position_pool": false, "pool_rank": null, "selection_rationale": "pool position never used this baseline"}}, {"type": "Feature", "geometry": {"type": "Polygon", "coordinates": [[[73.8138451688078, 18.64522579029978, 0.0], [73.8138461044902, 18.64509104846075, 0.0], [73.81384369842132, 18.64508156046952, 0.0], [73.81384238847711, 18.645075490528153, 0.0], [73.81384044110992, 18.645064584293728, 0.0], [73.81383957067928, 18.645058443040945, 0.0], [73.81383841205738, 18.6450474352218, 0.0], [73.81383798523393, 18.645041251541116, 0.0], [73.81383762080628, 18.645030193909076, 0.0], [73.81383763959731, 18.645023996883566, 0.0], [73.81383807107761, 18.645012941444513, 0.0], [73.8138385353946, 18.645006760219164, 0.0], [73.81383930604298, 18.644999841351083, 0.0], [73.81360975679686, 18.64499839272436, 0.0], [73.81360947432479, 18.645039062014575, 0.0], [73.81373293684669, 18.645225082063707, 0.0], [73.8138451688078, 18.64522579029978, 0.0]]]}, "properties": {"name": "PMP-T0724", "emu_id": "EMU_Deccan_forest", "typicality_percentile": 31.6, "is_medoid": false, "in_position_pool": false, "pool_rank": null, "selection_rationale": "pool position never used this baseline"}}, {"type": "Feature", "geometry": {"type": "Polygon", "coordinates": [[[73.81415113842763, 18.635287589009376, 0.0], [73.81415270584374, 18.63506168669065, 0.0], [73.81391573887008, 18.635060192323156, 0.0], [73.8139153134845, 18.635121488677143, 0.0], [73.8139162768575, 18.635123187364112, 0.0], [73.81391810177242, 18.635127352021467, 0.0], [73.81391948171937, 18.635131669470518, 0.0], [73.8139204029277, 18.635136096627093, 0.0], [73.81392085620458, 18.6351405893122, 0.0], [73.81392787383429, 18.63528618104391, 0.0], [73.81415113842763, 18.635287589009376, 0.0]]]}, "properties": {"name": "PMP-T0730", "emu_id": "EMU_Deccan_forest", "typicality_percentile": 66.8, "is_medoid": false, "in_position_pool": false, "pool_rank": null, "selection_rationale": "pool position never used this baseline"}}, {"type": "Feature", "geometry": {"type": "Polygon", "coordinates": [[[73.81414957098904, 18.635513491322545, 0.0], [73.81415113842763, 18.635287589009376, 0.0], [73.81392787383429, 18.63528618104391, 0.0], [73.81393876628952, 18.635512161923934, 0.0], [73.81414957098904, 18.635513491322545, 0.0]]]}, "properties": {"name": "PMP-T0731", "emu_id": "EMU_Deccan_forest", "typicality_percentile": 79.8, "is_medoid": false, "in_position_pool": false, "pool_rank": null, "selection_rationale": "pool position never used this baseline"}}, {"type": "Feature", "geometry": {"type": "Polygon", "coordinates": [[[73.81389065250684, 18.638674628446488, 0.0], [73.81412762448963, 18.63867612312456, 0.0], [73.81412919224279, 18.638450220889055, 0.0], [73.81407214652083, 18.638449861110114, 0.0], [73.81407079822363, 18.638453175325708, 0.0], [73.81406648624578, 18.638461260038177, 0.0], [73.8140613458376, 18.63846889197238, 0.0], [73.81405542878383, 18.638475994243635, 0.0], [73.81404879469319, 18.638482495303155, 0.0], [73.81404151039797, 18.638488329658788, 0.0], [73.81403364928066, 18.638493438534784, 0.0], [73.81402529053469, 18.638497770463953, 0.0], [73.8140165183667, 18.638501281806082, 0.0], [73.8140074211482, 18.63850393718768, 0.0], [73.81399809052526, 18.63850570985819, 0.0], [73.81398862049532, 18.638506581959632, 0.0], [73.81389178942055, 18.63851084020304, 0.0], [73.81389065250684, 18.638674628446488, 0.0]]]}, "properties": {"name": "PMP-T0732", "emu_id": "EMU_Deccan_forest", "typicality_percentile": 81.2, "is_medoid": false, "in_position_pool": false, "pool_rank": null, "selection_rationale": "pool position never used this baseline"}}, {"type": "Feature", "geometry": {"type": "Polygon", "coordinates": [[[73.81389065250684, 18.638674628446488, 0.0], [73.81388908441811, 18.63890053065704, 0.0], [73.814126056714, 18.63890202535453, 0.0], [73.81412762448963, 18.63867612312456, 0.0], [73.81389065250684, 18.638674628446488, 0.0]]]}, "properties": {"name": "PMP-T0733", "emu_id": "EMU_Deccan_forest", "typicality_percentile": 7.8, "is_medoid": false, "in_position_pool": false, "pool_rank": null, "selection_rationale": "pool position never used this baseline"}}, {"type": "Feature", "geometry": {"type": "Polygon", "coordinates": [[[73.81388908441811, 18.63890053065704, 0.0], [73.81388751630689, 18.639126432862042, 0.0], [73.8141244889159, 18.639127927578944, 0.0], [73.814126056714, 18.63890202535453, 0.0], [73.81388908441811, 18.63890053065704, 0.0]]]}, "properties": {"name": "PMP-T0734", "emu_id": "EMU_Deccan_forest", "typicality_percentile": 12.1, "is_medoid": false, "in_position_pool": false, "pool_rank": null, "selection_rationale": "pool position never used this baseline"}}, {"type": "Feature", "geometry": {"type": "Polygon", "coordinates": [[[73.81387967541369, 18.64025594380384, 0.0], [73.81387810716761, 18.640481845975554, 0.0], [73.81411508165539, 18.64048334080893, 0.0], [73.81411664958833, 18.6402574386178, 0.0], [73.81387967541369, 18.64025594380384, 0.0]]]}, "properties": {"name": "PMP-T0737", "emu_id": "EMU_Deccan_forest", "typicality_percentile": 89.0, "is_medoid": false, "in_position_pool": false, "pool_rank": null, "selection_rationale": "pool position never used this baseline"}}, {"type": "Feature", "geometry": {"type": "Polygon", "coordinates": [[[73.81387810716761, 18.640481845975554, 0.0], [73.81387653889907, 18.640707748141725, 0.0], [73.8141135137, 18.64070924299451, 0.0], [73.81411508165539, 18.64048334080893, 0.0], [73.81387810716761, 18.640481845975554, 0.0]]]}, "properties": {"name": "PMP-T0738", "emu_id": "EMU_Deccan_forest", "typicality_percentile": 85.0, "is_medoid": false, "in_position_pool": false, "pool_rank": null, "selection_rationale": "pool position never used this baseline"}}, {"type": "Feature", "geometry": {"type": "Polygon", "coordinates": [[[73.81387653889907, 18.640707748141725, 0.0], [73.81387497060803, 18.640933650302344, 0.0], [73.8141119457221, 18.640935145174538, 0.0], [73.8141135137, 18.64070924299451, 0.0], [73.81387653889907, 18.640707748141725, 0.0]]]}, "properties": {"name": "PMP-T0739", "emu_id": "EMU_Deccan_forest", "typicality_percentile": 64.0, "is_medoid": false, "in_position_pool": false, "pool_rank": null, "selection_rationale": "pool position never used this baseline"}}, {"type": "Feature", "geometry": {"type": "Polygon", "coordinates": [[[73.8141119457221, 18.640935145174538, 0.0], [73.81387497060803, 18.640933650302344, 0.0], [73.81387340229453, 18.641159552457406, 0.0], [73.81408146168371, 18.641160864956472, 0.0], [73.81411039661205, 18.641158325841097, 0.0], [73.8141119457221, 18.640935145174538, 0.0]]]}, "properties": {"name": "PMP-T0740", "emu_id": "EMU_Deccan_forest", "typicality_percentile": 56.2, "is_medoid": false, "in_position_pool": false, "pool_rank": null, "selection_rationale": "pool position never used this baseline"}}, {"type": "Feature", "geometry": {"type": "Polygon", "coordinates": [[[73.8138702656001, 18.6416113567509, 0.0], [73.81410724165366, 18.641612851681337, 0.0], [73.81410880969894, 18.64138694951795, 0.0], [73.8140122031457, 18.641386340132136, 0.0], [73.81401015795062, 18.641440960631826, 0.0], [73.8140093667442, 18.641449822132373, 0.0], [73.81400766557366, 18.64145856657213, 0.0], [73.81400507091733, 18.641467109247536, 0.0], [73.81400160790841, 18.641475367409363, 0.0], [73.81399731009144, 18.641483261064426, 0.0], [73.81399221909743, 18.641490713750244, 0.0], [73.81398638424052, 18.641497653275902, 0.0], [73.81397986204041, 18.641504012421166, 0.0], [73.81397271567478, 18.64150972958773, 0.0], [73.81396501436738, 18.641514749395856, 0.0], [73.81395683271745, 18.6415190232208, 0.0], [73.81394824997712, 18.641522509663833, 0.0], [73.81393934928374, 18.6415251749533, 0.0], [73.81393021685449, 18.64152699327165, 0.0], [73.81392094115141, 18.64152794700564, 0.0], [73.81391161202424, 18.641528026916824, 0.0], [73.81387085499367, 18.641526462463798, 0.0], [73.8138702656001, 18.6416113567509, 0.0]]]}, "properties": {"name": "PMP-T0741", "emu_id": "EMU_Deccan_forest", "typicality_percentile": 52.0, "is_medoid": false, "in_position_pool": false, "pool_rank": null, "selection_rationale": "pool position never used this baseline"}}, {"type": "Feature", "geometry": {"type": "Polygon", "coordinates": [[[73.8138702656001, 18.6416113567509, 0.0], [73.81386869721916, 18.641837258889325, 0.0], [73.81410567358589, 18.64183875383917, 0.0], [73.81410724165366, 18.641612851681337, 0.0], [73.8138702656001, 18.6416113567509, 0.0]]]}, "properties": {"name": "PMP-T0742", "emu_id": "EMU_Deccan_forest", "typicality_percentile": 51.4, "is_medoid": false, "in_position_pool": false, "pool_rank": null, "selection_rationale": "pool position never used this baseline"}}, {"type": "Feature", "geometry": {"type": "Polygon", "coordinates": [[[73.81386869721916, 18.641837258889325, 0.0], [73.81386712881576, 18.642063161022197, 0.0], [73.81410410549564, 18.642064655991454, 0.0], [73.81410567358589, 18.64183875383917, 0.0], [73.81386869721916, 18.641837258889325, 0.0]]]}, "properties": {"name": "PMP-T0743", "emu_id": "EMU_Deccan_forest", "typicality_percentile": 67.6, "is_medoid": false, "in_position_pool": false, "pool_rank": null, "selection_rationale": "pool position never used this baseline"}}, {"type": "Feature", "geometry": {"type": "Polygon", "coordinates": [[[73.81386712881576, 18.642063161022197, 0.0], [73.81386556038987, 18.642289063149523, 0.0], [73.81410253738294, 18.6422905581382, 0.0], [73.81410410549564, 18.642064655991454, 0.0], [73.81386712881576, 18.642063161022197, 0.0]]]}, "properties": {"name": "PMP-T0744", "emu_id": "EMU_Deccan_forest", "typicality_percentile": 57.2, "is_medoid": false, "in_position_pool": false, "pool_rank": null, "selection_rationale": "pool position never used this baseline"}}, {"type": "Feature", "geometry": {"type": "Polygon", "coordinates": [[[73.81386556038987, 18.642289063149523, 0.0], [73.8138639919415, 18.6425149652713, 0.0], [73.81410096924775, 18.642516460279385, 0.0], [73.81410253738294, 18.6422905581382, 0.0], [73.81386556038987, 18.642289063149523, 0.0]]]}, "properties": {"name": "PMP-T0745", "emu_id": "EMU_Deccan_forest", "typicality_percentile": 42.6, "is_medoid": false, "in_position_pool": false, "pool_rank": null, "selection_rationale": "pool position never used this baseline"}}, {"type": "Feature", "geometry": {"type": "Polygon", "coordinates": [[[73.8138639919415, 18.6425149652713, 0.0], [73.81386242347065, 18.642740867387534, 0.0], [73.81409940109009, 18.642742362415028, 0.0], [73.81410096924775, 18.642516460279385, 0.0], [73.8138639919415, 18.6425149652713, 0.0]]]}, "properties": {"name": "PMP-T0746", "emu_id": "EMU_Deccan_forest", "typicality_percentile": 31.5, "is_medoid": false, "in_position_pool": false, "pool_rank": null, "selection_rationale": "pool position never used this baseline"}}, {"type": "Feature", "geometry": {"type": "Polygon", "coordinates": [[[73.81386242347065, 18.642740867387534, 0.0], [73.81386085497735, 18.64296676949821, 0.0], [73.81409783290995, 18.642968264545118, 0.0], [73.81409940109009, 18.642742362415028, 0.0], [73.81386242347065, 18.642740867387534, 0.0]]]}, "properties": {"name": "PMP-T0747", "emu_id": "EMU_Deccan_forest", "typicality_percentile": 34.4, "is_medoid": false, "in_position_pool": false, "pool_rank": null, "selection_rationale": "pool position never used this baseline"}}, {"type": "Feature", "geometry": {"type": "Polygon", "coordinates": [[[73.81386085497735, 18.64296676949821, 0.0], [73.81385928646154, 18.643192671603334, 0.0], [73.81409626470735, 18.643194166669662, 0.0], [73.81409783290995, 18.642968264545118, 0.0], [73.81386085497735, 18.64296676949821, 0.0]]]}, "properties": {"name": "PMP-T0748", "emu_id": "EMU_Deccan_forest", "typicality_percentile": 39.5, "is_medoid": false, "in_position_pool": false, "pool_rank": null, "selection_rationale": "pool position never used this baseline"}}, {"type": "Feature", "geometry": {"type": "Polygon", "coordinates": [[[73.81409626470735, 18.643194166669662, 0.0], [73.81385928646154, 18.643192671603334, 0.0], [73.81385777170027, 18.643410828749364, 0.0], [73.81409579995409, 18.643261114506682, 0.0], [73.81409626470735, 18.643194166669662, 0.0]]]}, "properties": {"name": "PMP-T0749", "emu_id": "EMU_Deccan_forest", "typicality_percentile": 40.2, "is_medoid": false, "in_position_pool": false, "pool_rank": null, "selection_rationale": "pool position never used this baseline"}}, {"type": "Feature", "geometry": {"type": "Polygon", "coordinates": [[[73.81385301217355, 18.64409627996836, 0.0], [73.81385144354536, 18.644322182045745, 0.0], [73.8140884233572, 18.644323677209133, 0.0], [73.8140890379554, 18.644235150084974, 0.0], [73.81408131933162, 18.644228196586567, 0.0], [73.81399747188749, 18.644161499715295, 0.0], [73.81393555467018, 18.644118433405225, 0.0], [73.81389913548809, 18.644096570991607, 0.0], [73.81385301217355, 18.64409627996836, 0.0]]]}, "properties": {"name": "PMP-T0750", "emu_id": "EMU_Deccan_forest", "typicality_percentile": 41.2, "is_medoid": false, "in_position_pool": false, "pool_rank": null, "selection_rationale": "pool position never used this baseline"}}, {"type": "Feature", "geometry": {"type": "Polygon", "coordinates": [[[73.8140884233572, 18.644323677209133, 0.0], [73.81385144354536, 18.644322182045745, 0.0], [73.8138498748947, 18.644548084117574, 0.0], [73.81385913835152, 18.64454814256927, 0.0], [73.81393527085139, 18.644522634279106, 0.0], [73.81397853515806, 18.64450557034836, 0.0], [73.81402026632088, 18.64448593361069, 0.0], [73.81406054262338, 18.644463707123798, 0.0], [73.81408757122156, 18.644446418557358, 0.0], [73.8140884233572, 18.644323677209133, 0.0]]]}, "properties": {"name": "PMP-T0751", "emu_id": "EMU_Deccan_forest", "typicality_percentile": 42.5, "is_medoid": false, "in_position_pool": false, "pool_rank": null, "selection_rationale": "pool position never used this baseline"}}, {"type": "Feature", "geometry": {"type": "Polygon", "coordinates": [[[73.81408646401701, 18.64460589852249, 0.0], [73.8140840083351, 18.644607143918726, 0.0], [73.81403757243189, 18.644628882286643, 0.0], [73.81403477054404, 18.644630088076543, 0.0], [73.81398695398427, 18.64464891117061, 0.0], [73.81398457960321, 18.64464977556801, 0.0], [73.81388821990654, 18.644682061004943, 0.0], [73.81388631084903, 18.644682657614066, 0.0], [73.81384886493048, 18.64469352779148, 0.0], [73.81384830622154, 18.644773986183864, 0.0], [73.81402586834362, 18.644775106520754, 0.0], [73.81408556607904, 18.644735234879686, 0.0], [73.81408646401701, 18.64460589852249, 0.0]]]}, "properties": {"name": "PMP-T0752", "emu_id": "EMU_Deccan_forest", "typicality_percentile": 41.5, "is_medoid": false, "in_position_pool": false, "pool_rank": null, "selection_rationale": "pool position never used this baseline"}}, {"type": "Feature", "geometry": {"type": "Polygon", "coordinates": [[[73.81408058144521, 18.645453187609874, 0.0], [73.81408179253043, 18.64527875414932, 0.0], [73.8140813025616, 18.645278723917748, 0.0], [73.81406975364936, 18.645277631192556, 0.0], [73.81406331028327, 18.64527680799921, 0.0], [73.81405186709749, 18.645274963293637, 0.0], [73.81404549807138, 18.645273721057627, 0.0], [73.81403421443157, 18.645271133047615, 0.0], [73.81402794970076, 18.64526947761144, 0.0], [73.81401687867604, 18.64526615846891, 0.0], [73.8140107477058, 18.645264097618774, 0.0], [73.81399994136511, 18.645260062954367, 0.0], [73.81399397298817, 18.64525760638201, 0.0], [73.81398348215606, 18.645252875171458, 0.0], [73.81397770444508, 18.645250034431477, 0.0], [73.81396757846156, 18.64524462892654, 0.0], [73.81396201858927, 18.645241417379136, 0.0], [73.81395230507894, 18.64523536300307, 0.0], [73.81394698919428, 18.645231795752647, 0.0], [73.81393948716386, 18.64522638544082, 0.0], [73.8138451688078, 18.64522579029978, 0.0], [73.813844011558, 18.645392437095907, 0.0], [73.81384498362375, 18.64539390169491, 0.0], [73.81384574907005, 18.645395095501577, 0.0], [73.81388093272031, 18.645451927923784, 0.0], [73.81408058144521, 18.645453187609874, 0.0]]]}, "properties": {"name": "PMP-T0753", "emu_id": "EMU_Deccan_forest", "typicality_percentile": 36.3, "is_medoid": false, "in_position_pool": false, "pool_rank": null, "selection_rationale": "pool position never used this baseline"}}, {"type": "Feature", "geometry": {"type": "Polygon", "coordinates": [[[73.81415270584374, 18.63506168669065, 0.0], [73.81415113842763, 18.635287589009376, 0.0], [73.8143881057368, 18.635289083097845, 0.0], [73.81438967283987, 18.635063180759712, 0.0], [73.81415270584374, 18.63506168669065, 0.0]]]}, "properties": {"name": "PMP-T0759", "emu_id": "EMU_Deccan_forest", "typicality_percentile": 47.3, "is_medoid": false, "in_position_pool": false, "pool_rank": null, "selection_rationale": "pool position never used this baseline"}}, {"type": "Feature", "geometry": {"type": "Polygon", "coordinates": [[[73.8143881057368, 18.635289083097845, 0.0], [73.81415113842763, 18.635287589009376, 0.0], [73.81414957098904, 18.635513491322545, 0.0], [73.81434647189896, 18.635514732826216, 0.0], [73.8143865586458, 18.63551209745753, 0.0], [73.8143881057368, 18.635289083097845, 0.0]]]}, "properties": {"name": "PMP-T0760", "emu_id": "EMU_Deccan_forest", "typicality_percentile": 67.5, "is_medoid": false, "in_position_pool": false, "pool_rank": null, "selection_rationale": "pool position never used this baseline"}}, {"type": "Feature", "geometry": {"type": "Polygon", "coordinates": [[[73.81437086612031, 18.637774008451178, 0.0], [73.81437175358708, 18.63764609820998, 0.0], [73.8141348309721, 18.637637692727868, 0.0], [73.81413432875904, 18.637710062196206, 0.0], [73.81413587549768, 18.637712291937078, 0.0], [73.8141402902363, 18.637720294153468, 0.0], [73.81414384402206, 18.63772867687844, 0.0], [73.81414650127658, 18.637737356189582, 0.0], [73.81414823539704, 18.637746245195228, 0.0], [73.81414902902239, 18.637755254904388, 0.0], [73.81414887420722, 18.637764295117652, 0.0], [73.81414829478193, 18.637772604958293, 0.0], [73.81437086612031, 18.637774008451178, 0.0]]]}, "properties": {"name": "PMP-T0761", "emu_id": "EMU_Deccan_forest", "typicality_percentile": 87.3, "is_medoid": false, "in_position_pool": false, "pool_rank": null, "selection_rationale": "pool position never used this baseline"}}, {"type": "Feature", "geometry": {"type": "Polygon", "coordinates": [[[73.81436929874765, 18.637999910722737, 0.0], [73.81437086612031, 18.637774008451178, 0.0], [73.81414829478193, 18.637772604958293, 0.0], [73.81413254936174, 18.63799841779942, 0.0], [73.81436929874765, 18.637999910722737, 0.0]]]}, "properties": {"name": "PMP-T0762", "emu_id": "EMU_Deccan_forest", "typicality_percentile": 6.9, "is_medoid": false, "in_position_pool": false, "pool_rank": null, "selection_rationale": "pool position never used this baseline"}}, {"type": "Feature", "geometry": {"type": "Polygon", "coordinates": [[[73.81413075997348, 18.63822431864799, 0.0], [73.81436773135253, 18.63822581298876, 0.0], [73.81436929874765, 18.637999910722737, 0.0], [73.81413254936174, 18.63799841779942, 0.0], [73.81413230316954, 18.638001948556415, 0.0], [73.81413075997348, 18.63822431864799, 0.0]]]}, "properties": {"name": "PMP-T0763", "emu_id": "EMU_Deccan_forest", "typicality_percentile": 11.7, "is_medoid": false, "in_position_pool": false, "pool_rank": null, "selection_rationale": "pool position never used this baseline"}}, {"type": "Feature", "geometry": {"type": "Polygon", "coordinates": [[[73.81413075997348, 18.63822431864799, 0.0], [73.81412919224279, 18.638450220889055, 0.0], [73.81436616393495, 18.63845171524923, 0.0], [73.81436773135253, 18.63822581298876, 0.0], [73.81413075997348, 18.63822431864799, 0.0]]]}, "properties": {"name": "PMP-T0764", "emu_id": "EMU_Deccan_forest", "typicality_percentile": 82.9, "is_medoid": false, "in_position_pool": false, "pool_rank": null, "selection_rationale": "pool position never used this baseline"}}, {"type": "Feature", "geometry": {"type": "Polygon", "coordinates": [[[73.81412919224279, 18.638450220889055, 0.0], [73.81412762448963, 18.63867612312456, 0.0], [73.8143645964949, 18.638677617504147, 0.0], [73.81436616393495, 18.63845171524923, 0.0], [73.81412919224279, 18.638450220889055, 0.0]]]}, "properties": {"name": "PMP-T0765", "emu_id": "EMU_Deccan_forest", "typicality_percentile": 94.4, "is_medoid": false, "in_position_pool": false, "pool_rank": null, "selection_rationale": "pool position never used this baseline"}}, {"type": "Feature", "geometry": {"type": "Polygon", "coordinates": [[[73.81412762448963, 18.63867612312456, 0.0], [73.814126056714, 18.63890202535453, 0.0], [73.81436302903238, 18.63890351975352, 0.0], [73.8143645964949, 18.638677617504147, 0.0], [73.81412762448963, 18.63867612312456, 0.0]]]}, "properties": {"name": "PMP-T0766", "emu_id": "EMU_Deccan_forest", "typicality_percentile": 97.7, "is_medoid": false, "in_position_pool": false, "pool_rank": null, "selection_rationale": "pool position never used this baseline"}}, {"type": "Feature", "geometry": {"type": "Polygon", "coordinates": [[[73.814126056714, 18.63890202535453, 0.0], [73.8141244889159, 18.639127927578944, 0.0], [73.81436146154738, 18.639129421997342, 0.0], [73.81436302903238, 18.63890351975352, 0.0], [73.814126056714, 18.63890202535453, 0.0]]]}, "properties": {"name": "PMP-T0767", "emu_id": "EMU_Deccan_forest", "typicality_percentile": 84.7, "is_medoid": false, "in_position_pool": false, "pool_rank": null, "selection_rationale": "pool position never used this baseline"}}, {"type": "Feature", "geometry": {"type": "Polygon", "coordinates": [[[73.81411664958833, 18.6402574386178, 0.0], [73.81411508165539, 18.64048334080893, 0.0], [73.81435205616565, 18.64048483534378, 0.0], [73.81435362378544, 18.640258933133243, 0.0], [73.81411664958833, 18.6402574386178, 0.0]]]}, "properties": {"name": "PMP-T0772", "emu_id": "EMU_Deccan_forest", "typicality_percentile": 82.8, "is_medoid": false, "in_position_pool": false, "pool_rank": null, "selection_rationale": "pool position never used this baseline"}}, {"type": "Feature", "geometry": {"type": "Polygon", "coordinates": [[[73.81411508165539, 18.64048334080893, 0.0], [73.8141135137, 18.64070924299451, 0.0], [73.81435048852339, 18.640710737548766, 0.0], [73.81435205616565, 18.64048483534378, 0.0], [73.81411508165539, 18.64048334080893, 0.0]]]}, "properties": {"name": "PMP-T0773", "emu_id": "EMU_Deccan_forest", "typicality_percentile": 48.1, "is_medoid": false, "in_position_pool": false, "pool_rank": null, "selection_rationale": "pool position never used this baseline"}}, {"type": "Feature", "geometry": {"type": "Polygon", "coordinates": [[[73.8141135137, 18.64070924299451, 0.0], [73.8141119457221, 18.640935145174538, 0.0], [73.81434892085866, 18.640936639748205, 0.0], [73.81435048852339, 18.640710737548766, 0.0], [73.8141135137, 18.64070924299451, 0.0]]]}, "properties": {"name": "PMP-T0774", "emu_id": "EMU_Deccan_forest", "typicality_percentile": 69.1, "is_medoid": false, "in_position_pool": false, "pool_rank": null, "selection_rationale": "pool position never used this baseline"}}, {"type": "Feature", "geometry": {"type": "Polygon", "coordinates": [[[73.81434892085866, 18.640936639748205, 0.0], [73.8141119457221, 18.640935145174538, 0.0], [73.81411039661205, 18.641158325841097, 0.0], [73.81418303727402, 18.641151951413587, 0.0], [73.81430497974627, 18.64113450639903, 0.0], [73.81434760678228, 18.64112599709112, 0.0], [73.81434892085866, 18.640936639748205, 0.0]]]}, "properties": {"name": "PMP-T0775", "emu_id": "EMU_Deccan_forest", "typicality_percentile": 59.8, "is_medoid": false, "in_position_pool": false, "pool_rank": null, "selection_rationale": "pool position never used this baseline"}}, {"type": "Feature", "geometry": {"type": "Polygon", "coordinates": [[[73.81410880969894, 18.64138694951795, 0.0], [73.81410724165366, 18.641612851681337, 0.0], [73.81434421772967, 18.64161434631323, 0.0], [73.8143457854618, 18.641388444130435, 0.0], [73.81410880969894, 18.64138694951795, 0.0]]]}, "properties": {"name": "PMP-T0776", "emu_id": "EMU_Deccan_forest", "typicality_percentile": 55.1, "is_medoid": false, "in_position_pool": false, "pool_rank": null, "selection_rationale": "pool position never used this baseline"}}, {"type": "Feature", "geometry": {"type": "Polygon", "coordinates": [[[73.81410724165366, 18.641612851681337, 0.0], [73.81410567358589, 18.64183875383917, 0.0], [73.81434264997507, 18.641840248490468, 0.0], [73.81434421772967, 18.64161434631323, 0.0], [73.81410724165366, 18.641612851681337, 0.0]]]}, "properties": {"name": "PMP-T0777", "emu_id": "EMU_Deccan_forest", "typicality_percentile": 50.6, "is_medoid": false, "in_position_pool": false, "pool_rank": null, "selection_rationale": "pool position never used this baseline"}}, {"type": "Feature", "geometry": {"type": "Polygon", "coordinates": [[[73.81410567358589, 18.64183875383917, 0.0], [73.81410410549564, 18.642064655991454, 0.0], [73.814341082198, 18.642066150662167, 0.0], [73.81434264997507, 18.641840248490468, 0.0], [73.81410567358589, 18.64183875383917, 0.0]]]}, "properties": {"name": "PMP-T0778", "emu_id": "EMU_Deccan_forest", "typicality_percentile": 47.8, "is_medoid": false, "in_position_pool": false, "pool_rank": null, "selection_rationale": "pool position never used this baseline"}}, {"type": "Feature", "geometry": {"type": "Polygon", "coordinates": [[[73.81410410549564, 18.642064655991454, 0.0], [73.81410253738294, 18.6422905581382, 0.0], [73.81433951439847, 18.642292052828317, 0.0], [73.814341082198, 18.642066150662167, 0.0], [73.81410410549564, 18.642064655991454, 0.0]]]}, "properties": {"name": "PMP-T0779", "emu_id": "EMU_Deccan_forest", "typicality_percentile": 44.4, "is_medoid": false, "in_position_pool": false, "pool_rank": null, "selection_rationale": "pool position never used this baseline"}}, {"type": "Feature", "geometry": {"type": "Polygon", "coordinates": [[[73.81410253738294, 18.6422905581382, 0.0], [73.81410096924775, 18.642516460279385, 0.0], [73.81433794657647, 18.64251795498891, 0.0], [73.81433951439847, 18.642292052828317, 0.0], [73.81410253738294, 18.6422905581382, 0.0]]]}, "properties": {"name": "PMP-T0780", "emu_id": "EMU_Deccan_forest", "typicality_percentile": 39.3, "is_medoid": false, "in_position_pool": false, "pool_rank": null, "selection_rationale": "pool position never used this baseline"}}, {"type": "Feature", "geometry": {"type": "Polygon", "coordinates": [[[73.81410096924775, 18.642516460279385, 0.0], [73.81409940109009, 18.642742362415028, 0.0], [73.814336378732, 18.642743857143962, 0.0], [73.81433794657647, 18.64251795498891, 0.0], [73.81410096924775, 18.642516460279385, 0.0]]]}, "properties": {"name": "PMP-T0781", "emu_id": "EMU_Deccan_forest", "typicality_percentile": 30.2, "is_medoid": false, "in_position_pool": false, "pool_rank": null, "selection_rationale": "pool position never used this baseline"}}, {"type": "Feature", "geometry": {"type": "Polygon", "coordinates": [[[73.81409940109009, 18.642742362415028, 0.0], [73.81409783290995, 18.642968264545118, 0.0], [73.81433481086505, 18.64296975929346, 0.0], [73.814336378732, 18.642743857143962, 0.0], [73.81409940109009, 18.642742362415028, 0.0]]]}, "properties": {"name": "PMP-T0782", "emu_id": "EMU_Deccan_forest", "typicality_percentile": 35.5, "is_medoid": false, "in_position_pool": false, "pool_rank": null, "selection_rationale": "pool position never used this baseline"}}, {"type": "Feature", "geometry": {"type": "Polygon", "coordinates": [[[73.81433481086505, 18.64296975929346, 0.0], [73.81409783290995, 18.642968264545118, 0.0], [73.81409626470735, 18.643194166669662, 0.0], [73.81420053683954, 18.64319482441496, 0.0], [73.81420467869134, 18.64319234422513, 0.0], [73.81423339441903, 18.64317644177739, 0.0], [73.81423917404994, 18.643173491043527, 0.0], [73.8142689742123, 18.643159518777647, 0.0], [73.81427495398266, 18.643156955934796, 0.0], [73.8143056960243, 18.643144980689947, 0.0], [73.81431184732828, 18.64314281799806, 0.0], [73.81433365736095, 18.643135956948562, 0.0], [73.81433481086505, 18.64296975929346, 0.0]]]}, "properties": {"name": "PMP-T0783", "emu_id": "EMU_Deccan_forest", "typicality_percentile": 39.9, "is_medoid": false, "in_position_pool": false, "pool_rank": null, "selection_rationale": "pool position never used this baseline"}}, {"type": "Feature", "geometry": {"type": "Polygon", "coordinates": [[[73.81438967283987, 18.635063180759712, 0.0], [73.8143881057368, 18.635289083097845, 0.0], [73.81462507306843, 18.63529057688788, 0.0], [73.81462663985847, 18.635064674530344, 0.0], [73.81438967283987, 18.635063180759712, 0.0]]]}, "properties": {"name": "PMP-T0793", "emu_id": "EMU_Deccan_forest", "typicality_percentile": 51.2, "is_medoid": false, "in_position_pool": false, "pool_rank": null, "selection_rationale": "pool position never used this baseline"}}, {"type": "Feature", "geometry": {"type": "Polygon", "coordinates": [[[73.81462507306843, 18.63529057688788, 0.0], [73.8143881057368, 18.635289083097845, 0.0], [73.8143865586458, 18.63551209745753, 0.0], [73.8144126749099, 18.635510380526696, 0.0], [73.81462366357482, 18.635493797216874, 0.0], [73.81462507306843, 18.63529057688788, 0.0]]]}, "properties": {"name": "PMP-T0794", "emu_id": "EMU_Deccan_forest", "typicality_percentile": 81.5, "is_medoid": false, "in_position_pool": false, "pool_rank": null, "selection_rationale": "pool position never used this baseline"}}, {"type": "Feature", "geometry": {"type": "Polygon", "coordinates": [[[73.81437086612031, 18.637774008451178, 0.0], [73.81460783689565, 18.637775502454655, 0.0], [73.8146086762437, 18.6376545033948, 0.0], [73.81437175358708, 18.63764609820998, 0.0], [73.81437086612031, 18.637774008451178, 0.0]]]}, "properties": {"name": "PMP-T0795", "emu_id": "EMU_Deccan_forest", "typicality_percentile": 85.3, "is_medoid": false, "in_position_pool": false, "pool_rank": null, "selection_rationale": "pool position never used this baseline"}}, {"type": "Feature", "geometry": {"type": "Polygon", "coordinates": [[[73.81437086612031, 18.637774008451178, 0.0], [73.81436929874765, 18.637999910722737, 0.0], [73.81460626983608, 18.638001404745623, 0.0], [73.81460783689565, 18.637775502454655, 0.0], [73.81437086612031, 18.637774008451178, 0.0]]]}, "properties": {"name": "PMP-T0796", "emu_id": "EMU_Deccan_forest", "typicality_percentile": 5.8, "is_medoid": false, "in_position_pool": false, "pool_rank": null, "selection_rationale": "pool position never used this baseline"}}, {"type": "Feature", "geometry": {"type": "Polygon", "coordinates": [[[73.81436929874765, 18.637999910722737, 0.0], [73.81436773135253, 18.63822581298876, 0.0], [73.81460470275405, 18.63822730703104, 0.0], [73.81460626983608, 18.638001404745623, 0.0], [73.81436929874765, 18.637999910722737, 0.0]]]}, "properties": {"name": "PMP-T0797", "emu_id": "EMU_Deccan_forest", "typicality_percentile": 11.4, "is_medoid": false, "in_position_pool": false, "pool_rank": null, "selection_rationale": "pool position never used this baseline"}}, {"type": "Feature", "geometry": {"type": "Polygon", "coordinates": [[[73.81436773135253, 18.63822581298876, 0.0], [73.81436616393495, 18.63845171524923, 0.0], [73.81460313564958, 18.638453209310917, 0.0], [73.81460470275405, 18.63822730703104, 0.0], [73.81436773135253, 18.63822581298876, 0.0]]]}, "properties": {"name": "PMP-T0798", "emu_id": "EMU_Deccan_forest", "typicality_percentile": 87.0, "is_medoid": false, "in_position_pool": false, "pool_rank": null, "selection_rationale": "pool position never used this baseline"}}, {"type": "Feature", "geometry": {"type": "Polygon", "coordinates": [[[73.81436616393495, 18.63845171524923, 0.0], [73.8143645964949, 18.638677617504147, 0.0], [73.81460156852262, 18.638679111585237, 0.0], [73.81460313564958, 18.638453209310917, 0.0], [73.81436616393495, 18.63845171524923, 0.0]]]}, "properties": {"name": "PMP-T0799", "emu_id": "EMU_Deccan_forest", "typicality_percentile": 95.2, "is_medoid": false, "in_position_pool": false, "pool_rank": null, "selection_rationale": "pool position never used this baseline"}}, {"type": "Feature", "geometry": {"type": "Polygon", "coordinates": [[[73.8143645964949, 18.638677617504147, 0.0], [73.81436302903238, 18.63890351975352, 0.0], [73.81460000137321, 18.638905013854014, 0.0], [73.81460156852262, 18.638679111585237, 0.0], [73.8143645964949, 18.638677617504147, 0.0]]]}, "properties": {"name": "PMP-T0800", "emu_id": "EMU_Deccan_forest", "typicality_percentile": 98.1, "is_medoid": false, "in_position_pool": false, "pool_rank": null, "selection_rationale": "pool position never used this baseline"}}, {"type": "Feature", "geometry": {"type": "Polygon", "coordinates": [[[73.81436302903238, 18.63890351975352, 0.0], [73.81436146154738, 18.639129421997342, 0.0], [73.81459843420134, 18.639130916117242, 0.0], [73.81460000137321, 18.638905013854014, 0.0], [73.81436302903238, 18.63890351975352, 0.0]]]}, "properties": {"name": "PMP-T0801", "emu_id": "EMU_Deccan_forest", "typicality_percentile": 86.4, "is_medoid": false, "in_position_pool": false, "pool_rank": null, "selection_rationale": "pool position never used this baseline"}}, {"type": "Feature", "geometry": {"type": "Polygon", "coordinates": [[[73.814596867007, 18.639356818374928, 0.0], [73.81459843420134, 18.639130916117242, 0.0], [73.81436146154738, 18.639129421997342, 0.0], [73.81436019543455, 18.639311888829983, 0.0], [73.81437020500502, 18.63931256007807, 0.0], [73.81437349341923, 18.639312890832855, 0.0], [73.81442946544, 18.639320410716216, 0.0], [73.8144327216592, 18.63932095923789, 0.0], [73.8144880074482, 18.63933218112707, 0.0], [73.81449121562346, 18.639332944745842, 0.0], [73.81454554608116, 18.639347814019622, 0.0], [73.81454861193109, 18.639348761774567, 0.0], [73.81456149363483, 18.639353210788926, 0.0], [73.81456440822329, 18.63935432283313, 0.0], [73.81456996352672, 18.639356648760703, 0.0], [73.814596867007, 18.639356818374928, 0.0]]]}, "properties": {"name": "PMP-T0802", "emu_id": "EMU_Deccan_forest", "typicality_percentile": 86.7, "is_medoid": false, "in_position_pool": false, "pool_rank": null, "selection_rationale": "pool position never used this baseline"}}, {"type": "Feature", "geometry": {"type": "Polygon", "coordinates": [[[73.81435205616565, 18.64048483534378, 0.0], [73.81435048852339, 18.640710737548766, 0.0], [73.81458746336926, 18.640712231804496, 0.0], [73.81458849890902, 18.640562977786693, 0.0], [73.81457564554029, 18.64054538544528, 0.0], [73.81457171224365, 18.640539702792, 0.0], [73.8145365387912, 18.640485998619596, 0.0], [73.81435205616565, 18.64048483534378, 0.0]]]}, "properties": {"name": "PMP-T0804", "emu_id": "EMU_Deccan_forest", "typicality_percentile": 92.5, "is_medoid": false, "in_position_pool": false, "pool_rank": null, "selection_rationale": "pool position never used this baseline"}}, {"type": "Feature", "geometry": {"type": "Polygon", "coordinates": [[[73.81435048852339, 18.640710737548766, 0.0], [73.81434892085866, 18.640936639748205, 0.0], [73.81458589601768, 18.640938134023333, 0.0], [73.81458746336926, 18.640712231804496, 0.0], [73.81435048852339, 18.640710737548766, 0.0]]]}, "properties": {"name": "PMP-T0805", "emu_id": "EMU_Deccan_forest", "typicality_percentile": 86.8, "is_medoid": false, "in_position_pool": false, "pool_rank": null, "selection_rationale": "pool position never used this baseline"}}, {"type": "Feature", "geometry": {"type": "Polygon", "coordinates": [[[73.81458589601768, 18.640938134023333, 0.0], [73.81434892085866, 18.640936639748205, 0.0], [73.81434760678228, 18.64112599709112, 0.0], [73.81458492126333, 18.641078623628715, 0.0], [73.81458589601768, 18.640938134023333, 0.0]]]}, "properties": {"name": "PMP-T0806", "emu_id": "EMU_Deccan_forest", "typicality_percentile": 48.3, "is_medoid": false, "in_position_pool": false, "pool_rank": null, "selection_rationale": "pool position never used this baseline"}}, {"type": "Feature", "geometry": {"type": "Polygon", "coordinates": [[[73.8143457854618, 18.641388444130435, 0.0], [73.81458276124712, 18.641389938444377, 0.0], [73.81458395921457, 18.641217280771386, 0.0], [73.81434664453843, 18.641264654205195, 0.0], [73.8143457854618, 18.641388444130435, 0.0]]]}, "properties": {"name": "PMP-T0807", "emu_id": "EMU_Deccan_forest", "typicality_percentile": 61.0, "is_medoid": false, "in_position_pool": false, "pool_rank": null, "selection_rationale": "pool position never used this baseline"}}, {"type": "Feature", "geometry": {"type": "Polygon", "coordinates": [[[73.8143457854618, 18.641388444130435, 0.0], [73.81434421772967, 18.64161434631323, 0.0], [73.81458119382816, 18.641615840646576, 0.0], [73.81458276124712, 18.641389938444377, 0.0], [73.8143457854618, 18.641388444130435, 0.0]]]}, "properties": {"name": "PMP-T0808", "emu_id": "EMU_Deccan_forest", "typicality_percentile": 54.9, "is_medoid": false, "in_position_pool": false, "pool_rank": null, "selection_rationale": "pool position never used this baseline"}}, {"type": "Feature", "geometry": {"type": "Polygon", "coordinates": [[[73.81434421772967, 18.64161434631323, 0.0], [73.81434264997507, 18.641840248490468, 0.0], [73.81457962638673, 18.641841742843223, 0.0], [73.81458119382816, 18.641615840646576, 0.0], [73.81434421772967, 18.64161434631323, 0.0]]]}, "properties": {"name": "PMP-T0809", "emu_id": "EMU_Deccan_forest", "typicality_percentile": 51.0, "is_medoid": false, "in_position_pool": false, "pool_rank": null, "selection_rationale": "pool position never used this baseline"}}, {"type": "Feature", "geometry": {"type": "Polygon", "coordinates": [[[73.81434264997507, 18.641840248490468, 0.0], [73.814341082198, 18.642066150662167, 0.0], [73.81457805892283, 18.642067645034327, 0.0], [73.81457962638673, 18.641841742843223, 0.0], [73.81434264997507, 18.641840248490468, 0.0]]]}, "properties": {"name": "PMP-T0810", "emu_id": "EMU_Deccan_forest", "typicality_percentile": 41.0, "is_medoid": false, "in_position_pool": false, "pool_rank": null, "selection_rationale": "pool position never used this baseline"}}, {"type": "Feature", "geometry": {"type": "Polygon", "coordinates": [[[73.814341082198, 18.642066150662167, 0.0], [73.81433951439847, 18.642292052828317, 0.0], [73.81457649143648, 18.642293547219882, 0.0], [73.81457805892283, 18.642067645034327, 0.0], [73.814341082198, 18.642066150662167, 0.0]]]}, "properties": {"name": "PMP-T0811", "emu_id": "EMU_Deccan_forest", "typicality_percentile": 33.1, "is_medoid": false, "in_position_pool": false, "pool_rank": null, "selection_rationale": "pool position never used this baseline"}}, {"type": "Feature", "geometry": {"type": "Polygon", "coordinates": [[[73.81433951439847, 18.642292052828317, 0.0], [73.81433794657647, 18.64251795498891, 0.0], [73.81457492392765, 18.642519449399884, 0.0], [73.81457649143648, 18.642293547219882, 0.0], [73.81433951439847, 18.642292052828317, 0.0]]]}, "properties": {"name": "PMP-T0812", "emu_id": "EMU_Deccan_forest", "typicality_percentile": 24.7, "is_medoid": false, "in_position_pool": false, "pool_rank": null, "selection_rationale": "pool position never used this baseline"}}, {"type": "Feature", "geometry": {"type": "Polygon", "coordinates": [[[73.81433794657647, 18.64251795498891, 0.0], [73.814336378732, 18.642743857143962, 0.0], [73.81457335639637, 18.642745351574337, 0.0], [73.81457492392765, 18.642519449399884, 0.0], [73.81433794657647, 18.64251795498891, 0.0]]]}, "properties": {"name": "PMP-T0813", "emu_id": "EMU_Deccan_forest", "typicality_percentile": 15.8, "is_medoid": false, "in_position_pool": false, "pool_rank": null, "selection_rationale": "pool position never used this baseline"}}, {"type": "Feature", "geometry": {"type": "Polygon", "coordinates": [[[73.814336378732, 18.642743857143962, 0.0], [73.81433481086505, 18.64296975929346, 0.0], [73.81457178884261, 18.64297125374324, 0.0], [73.81457335639637, 18.642745351574337, 0.0], [73.814336378732, 18.642743857143962, 0.0]]]}, "properties": {"name": "PMP-T0814", "emu_id": "EMU_Deccan_forest", "typicality_percentile": 24.1, "is_medoid": false, "in_position_pool": false, "pool_rank": null, "selection_rationale": "pool position never used this baseline"}}, {"type": "Feature", "geometry": {"type": "Polygon", "coordinates": [[[73.81457178884261, 18.64297125374324, 0.0], [73.81433481086505, 18.64296975929346, 0.0], [73.81433365736095, 18.643135956948562, 0.0], [73.81434338418828, 18.64313289706017, 0.0], [73.81434967760072, 18.643131144864597, 0.0], [73.814381858416, 18.64312332569268, 0.0], [73.81438826383034, 18.643121992375654, 0.0], [73.81442093465753, 18.643116312374243, 0.0], [73.8144274214331, 18.6431154043138, 0.0], [73.81446042598472, 18.643111890654556, 0.0], [73.81446696308991, 18.64311141219475, 0.0], [73.81450014348232, 18.643110081685958, 0.0], [73.81450669964572, 18.643110035115548, 0.0], [73.81453989715371, 18.643110894122017, 0.0], [73.81454644101265, 18.64311127966378, 0.0], [73.81457080161121, 18.643113523254716, 0.0], [73.81457178884261, 18.64297125374324, 0.0]]]}, "properties": {"name": "PMP-T0815", "emu_id": "EMU_Deccan_forest", "typicality_percentile": 40.0, "is_medoid": false, "in_position_pool": false, "pool_rank": null, "selection_rationale": "pool position never used this baseline"}}, {"type": "Feature", "geometry": {"type": "Polygon", "coordinates": [[[73.81462663985847, 18.635064674530344, 0.0], [73.81486360689954, 18.63506616800254, 0.0], [73.81486444984203, 18.634944605529597, 0.0], [73.81473558380559, 18.634952115727256, 0.0], [73.81462737798579, 18.634958248999403, 0.0], [73.81462663985847, 18.635064674530344, 0.0]]]}, "properties": {"name": "PMP-T0826", "emu_id": "EMU_Deccan_forest", "typicality_percentile": 42.9, "is_medoid": false, "in_position_pool": false, "pool_rank": null, "selection_rationale": "pool position never used this baseline"}}, {"type": "Feature", "geometry": {"type": "Polygon", "coordinates": [[[73.81462663985847, 18.635064674530344, 0.0], [73.81462507306843, 18.63529057688788, 0.0], [73.81486204042254, 18.635292070379478, 0.0], [73.81486360689954, 18.63506616800254, 0.0], [73.81462663985847, 18.635064674530344, 0.0]]]}, "properties": {"name": "PMP-T0827", "emu_id": "EMU_Deccan_forest", "typicality_percentile": 83.7, "is_medoid": false, "in_position_pool": true, "pool_rank": 10, "selection_rationale": "best-scoring position in its spatial region \u2014 extends coverage of the EMU"}}, {"type": "Feature", "geometry": {"type": "Polygon", "coordinates": [[[73.81486204042254, 18.635292070379478, 0.0], [73.81462507306843, 18.63529057688788, 0.0], [73.81462366357482, 18.635493797216874, 0.0], [73.81469385994608, 18.63548827986145, 0.0], [73.81486075879117, 18.63547689262091, 0.0], [73.81486204042254, 18.635292070379478, 0.0]]]}, "properties": {"name": "PMP-T0828", "emu_id": "EMU_Deccan_forest", "typicality_percentile": 92.6, "is_medoid": false, "in_position_pool": false, "pool_rank": null, "selection_rationale": "pool position never used this baseline"}}, {"type": "Feature", "geometry": {"type": "Polygon", "coordinates": [[[73.81460783689565, 18.637775502454655, 0.0], [73.81484480769345, 18.63777699615965, 0.0], [73.81484559894189, 18.637662908282326, 0.0], [73.8146086762437, 18.6376545033948, 0.0], [73.81460783689565, 18.637775502454655, 0.0]]]}, "properties": {"name": "PMP-T0829", "emu_id": "EMU_Deccan_forest", "typicality_percentile": 3.0, "is_medoid": false, "in_position_pool": false, "pool_rank": null, "selection_rationale": "pool position never used this baseline"}}, {"type": "Feature", "geometry": {"type": "Polygon", "coordinates": [[[73.81460783689565, 18.637775502454655, 0.0], [73.81460626983608, 18.638001404745623, 0.0], [73.81484324094698, 18.638002898470017, 0.0], [73.81484480769345, 18.63777699615965, 0.0], [73.81460783689565, 18.637775502454655, 0.0]]]}, "properties": {"name": "PMP-T0830", "emu_id": "EMU_Deccan_forest", "typicality_percentile": 5.2, "is_medoid": false, "in_position_pool": false, "pool_rank": null, "selection_rationale": "pool position never used this baseline"}}, {"type": "Feature", "geometry": {"type": "Polygon", "coordinates": [[[73.81460626983608, 18.638001404745623, 0.0], [73.81460470275405, 18.63822730703104, 0.0], [73.81484167417806, 18.638228800774836, 0.0], [73.81484324094698, 18.638002898470017, 0.0], [73.81460626983608, 18.638001404745623, 0.0]]]}, "properties": {"name": "PMP-T0831", "emu_id": "EMU_Deccan_forest", "typicality_percentile": 10.7, "is_medoid": false, "in_position_pool": false, "pool_rank": null, "selection_rationale": "pool position never used this baseline"}}, {"type": "Feature", "geometry": {"type": "Polygon", "coordinates": [[[73.81460470275405, 18.63822730703104, 0.0], [73.81460313564958, 18.638453209310917, 0.0], [73.81484010738664, 18.63845470307411, 0.0], [73.81484167417806, 18.638228800774836, 0.0], [73.81460470275405, 18.63822730703104, 0.0]]]}, "properties": {"name": "PMP-T0832", "emu_id": "EMU_Deccan_forest", "typicality_percentile": 80.8, "is_medoid": false, "in_position_pool": false, "pool_rank": null, "selection_rationale": "pool position never used this baseline"}}, {"type": "Feature", "geometry": {"type": "Polygon", "coordinates": [[[73.81460313564958, 18.638453209310917, 0.0], [73.81460156852262, 18.638679111585237, 0.0], [73.81483854057281, 18.638680605367835, 0.0], [73.81484010738664, 18.63845470307411, 0.0], [73.81460313564958, 18.638453209310917, 0.0]]]}, "properties": {"name": "PMP-T0833", "emu_id": "EMU_Deccan_forest", "typicality_percentile": 83.2, "is_medoid": false, "in_position_pool": false, "pool_rank": null, "selection_rationale": "pool position never used this baseline"}}, {"type": "Feature", "geometry": {"type": "Polygon", "coordinates": [[[73.81460156852262, 18.638679111585237, 0.0], [73.81460000137321, 18.638905013854014, 0.0], [73.81483697373652, 18.638906507656014, 0.0], [73.81483854057281, 18.638680605367835, 0.0], [73.81460156852262, 18.638679111585237, 0.0]]]}, "properties": {"name": "PMP-T0834", "emu_id": "EMU_Deccan_forest", "typicality_percentile": 89.2, "is_medoid": false, "in_position_pool": false, "pool_rank": null, "selection_rationale": "pool position never used this baseline"}}, {"type": "Feature", "geometry": {"type": "Polygon", "coordinates": [[[73.81460000137321, 18.638905013854014, 0.0], [73.81459843420134, 18.639130916117242, 0.0], [73.81483540687775, 18.639132409938636, 0.0], [73.81483697373652, 18.638906507656014, 0.0], [73.81460000137321, 18.638905013854014, 0.0]]]}, "properties": {"name": "PMP-T0835", "emu_id": "EMU_Deccan_forest", "typicality_percentile": 93.8, "is_medoid": false, "in_position_pool": false, "pool_rank": null, "selection_rationale": "pool position never used this baseline"}}, {"type": "Feature", "geometry": {"type": "Polygon", "coordinates": [[[73.81459843420134, 18.639130916117242, 0.0], [73.814596867007, 18.639356818374928, 0.0], [73.81483383999652, 18.639358312215723, 0.0], [73.81483540687775, 18.639132409938636, 0.0], [73.81459843420134, 18.639130916117242, 0.0]]]}, "properties": {"name": "PMP-T0836", "emu_id": "EMU_Deccan_forest", "typicality_percentile": 90.8, "is_medoid": false, "in_position_pool": false, "pool_rank": null, "selection_rationale": "pool position never used this baseline"}}, {"type": "Feature", "geometry": {"type": "Polygon", "coordinates": [[[73.81458746336926, 18.640712231804496, 0.0], [73.81458589601768, 18.640938134023333, 0.0], [73.81482287119915, 18.64093962799994, 0.0], [73.81482336929028, 18.64086782417671, 0.0], [73.81470411562255, 18.640720922440984, 0.0], [73.81469988795233, 18.640715435231893, 0.0], [73.81469805687762, 18.640712929054708, 0.0], [73.81458746336926, 18.640712231804496, 0.0]]]}, "properties": {"name": "PMP-T0839", "emu_id": "EMU_Deccan_forest", "typicality_percentile": 97.1, "is_medoid": false, "in_position_pool": false, "pool_rank": null, "selection_rationale": "pool position never used this baseline"}}, {"type": "Feature", "geometry": {"type": "Polygon", "coordinates": [[[73.81458276124712, 18.641389938444377, 0.0], [73.81481973705492, 18.64139143245978, 0.0], [73.81482130413826, 18.64116553023264, 0.0], [73.81479704035411, 18.641165377276973, 0.0], [73.81463754507541, 18.641206506772708, 0.0], [73.8146348831225, 18.641207115152366, 0.0], [73.81458395921457, 18.641217280771386, 0.0], [73.81458276124712, 18.641389938444377, 0.0]]]}, "properties": {"name": "PMP-T0840", "emu_id": "EMU_Deccan_forest", "typicality_percentile": 96.1, "is_medoid": false, "in_position_pool": false, "pool_rank": null, "selection_rationale": "pool position never used this baseline"}}, {"type": "Feature", "geometry": {"type": "Polygon", "coordinates": [[[73.81458276124712, 18.641389938444377, 0.0], [73.81458119382816, 18.641615840646576, 0.0], [73.81481816994912, 18.641617334681385, 0.0], [73.81481973705492, 18.64139143245978, 0.0], [73.81458276124712, 18.641389938444377, 0.0]]]}, "properties": {"name": "PMP-T0841", "emu_id": "EMU_Deccan_forest", "typicality_percentile": 47.0, "is_medoid": false, "in_position_pool": false, "pool_rank": null, "selection_rationale": "pool position never used this baseline"}}, {"type": "Feature", "geometry": {"type": "Polygon", "coordinates": [[[73.81458119382816, 18.641615840646576, 0.0], [73.81457962638673, 18.641841742843223, 0.0], [73.81481660282085, 18.641843236897433, 0.0], [73.81481816994912, 18.641617334681385, 0.0], [73.81458119382816, 18.641615840646576, 0.0]]]}, "properties": {"name": "PMP-T0842", "emu_id": "EMU_Deccan_forest", "typicality_percentile": 69.9, "is_medoid": false, "in_position_pool": false, "pool_rank": null, "selection_rationale": "pool position never used this baseline"}}, {"type": "Feature", "geometry": {"type": "Polygon", "coordinates": [[[73.81457962638673, 18.641841742843223, 0.0], [73.81457805892283, 18.642067645034327, 0.0], [73.81481503567014, 18.642069139107935, 0.0], [73.81481660282085, 18.641843236897433, 0.0], [73.81457962638673, 18.641841742843223, 0.0]]]}, "properties": {"name": "PMP-T0843", "emu_id": "EMU_Deccan_forest", "typicality_percentile": 40.9, "is_medoid": false, "in_position_pool": false, "pool_rank": null, "selection_rationale": "pool position never used this baseline"}}, {"type": "Feature", "geometry": {"type": "Polygon", "coordinates": [[[73.81457805892283, 18.642067645034327, 0.0], [73.81457649143648, 18.642293547219882, 0.0], [73.81481346849694, 18.642295041312888, 0.0], [73.81481503567014, 18.642069139107935, 0.0], [73.81457805892283, 18.642067645034327, 0.0]]]}, "properties": {"name": "PMP-T0844", "emu_id": "EMU_Deccan_forest", "typicality_percentile": 32.5, "is_medoid": false, "in_position_pool": false, "pool_rank": null, "selection_rationale": "pool position never used this baseline"}}, {"type": "Feature", "geometry": {"type": "Polygon", "coordinates": [[[73.81457649143648, 18.642293547219882, 0.0], [73.81457492392765, 18.642519449399884, 0.0], [73.8148119013013, 18.642520943512288, 0.0], [73.81481346849694, 18.642295041312888, 0.0], [73.81457649143648, 18.642293547219882, 0.0]]]}, "properties": {"name": "PMP-T0845", "emu_id": "EMU_Deccan_forest", "typicality_percentile": 25.3, "is_medoid": false, "in_position_pool": false, "pool_rank": null, "selection_rationale": "pool position never used this baseline"}}, {"type": "Feature", "geometry": {"type": "Polygon", "coordinates": [[[73.81457492392765, 18.642519449399884, 0.0], [73.81457335639637, 18.642745351574337, 0.0], [73.8148103340832, 18.64274684570615, 0.0], [73.8148119013013, 18.642520943512288, 0.0], [73.81457492392765, 18.642519449399884, 0.0]]]}, "properties": {"name": "PMP-T0846", "emu_id": "EMU_Deccan_forest", "typicality_percentile": 12.7, "is_medoid": false, "in_position_pool": false, "pool_rank": null, "selection_rationale": "pool position never used this baseline"}}, {"type": "Feature", "geometry": {"type": "Polygon", "coordinates": [[[73.81457335639637, 18.642745351574337, 0.0], [73.81457178884261, 18.64297125374324, 0.0], [73.81480876684263, 18.64297274789445, 0.0], [73.8148103340832, 18.64274684570615, 0.0], [73.81457335639637, 18.642745351574337, 0.0]]]}, "properties": {"name": "PMP-T0847", "emu_id": "EMU_Deccan_forest", "typicality_percentile": 13.6, "is_medoid": false, "in_position_pool": false, "pool_rank": null, "selection_rationale": "pool position never used this baseline"}}, {"type": "Feature", "geometry": {"type": "Polygon", "coordinates": [[[73.81480876684263, 18.64297274789445, 0.0], [73.81457178884261, 18.64297125374324, 0.0], [73.81457080161121, 18.643113523254716, 0.0], [73.81457949682951, 18.643114324076347, 0.0], [73.81458599708091, 18.643115139886074, 0.0], [73.81461875307743, 18.64312035514147, 0.0], [73.8146251786246, 18.643121597316423, 0.0], [73.81465747810579, 18.643128958466235, 0.0], [73.81466379821182, 18.643130621064365, 0.0], [73.8146954866668, 18.64314009289527, 0.0], [73.81470167109815, 18.64314216796325, 0.0], [73.81473259693843, 18.643153705164945, 0.0], [73.8147386161103, 18.643156182776227, 0.0], [73.81476863139576, 18.643169730158228, 0.0], [73.81477445651403, 18.643172598460563, 0.0], [73.81480341765995, 18.64318809121613, 0.0], [73.81480725740617, 18.64319031512824, 0.0], [73.81480876684263, 18.64297274789445, 0.0]]]}, "properties": {"name": "PMP-T0848", "emu_id": "EMU_Deccan_forest", "typicality_percentile": 15.3, "is_medoid": false, "in_position_pool": false, "pool_rank": null, "selection_rationale": "pool position never used this baseline"}}, {"type": "Feature", "geometry": {"type": "Polygon", "coordinates": [[[73.81456238304833, 18.644326666640143, 0.0], [73.81479936292759, 18.644328160907758, 0.0], [73.81480073813381, 18.64412995580984, 0.0], [73.81456267431201, 18.64428469611801, 0.0], [73.81456238304833, 18.644326666640143, 0.0]]]}, "properties": {"name": "PMP-T0849", "emu_id": "EMU_Deccan_forest", "typicality_percentile": 22.3, "is_medoid": false, "in_position_pool": false, "pool_rank": null, "selection_rationale": "pool position never used this baseline"}}, {"type": "Feature", "geometry": {"type": "Polygon", "coordinates": [[[73.81456238304833, 18.644326666640143, 0.0], [73.81456081533732, 18.644552568770205, 0.0], [73.81479779552978, 18.644554063057225, 0.0], [73.81479936292759, 18.644328160907758, 0.0], [73.81456238304833, 18.644326666640143, 0.0]]]}, "properties": {"name": "PMP-T0850", "emu_id": "EMU_Deccan_forest", "typicality_percentile": 39.2, "is_medoid": false, "in_position_pool": false, "pool_rank": null, "selection_rationale": "pool position never used this baseline"}}, {"type": "Feature", "geometry": {"type": "Polygon", "coordinates": [[[73.81486360689954, 18.63506616800254, 0.0], [73.81510057396304, 18.63506766117631, 0.0], [73.81510152287714, 18.63493078889131, 0.0], [73.81486444984203, 18.634944605529597, 0.0], [73.81486360689954, 18.63506616800254, 0.0]]]}, "properties": {"name": "PMP-T0859", "emu_id": "EMU_Deccan_forest", "typicality_percentile": 21.0, "is_medoid": false, "in_position_pool": false, "pool_rank": null, "selection_rationale": "pool position never used this baseline"}}, {"type": "Feature", "geometry": {"type": "Polygon", "coordinates": [[[73.81510057396304, 18.63506766117631, 0.0], [73.81486360689954, 18.63506616800254, 0.0], [73.81486204042254, 18.635292070379478, 0.0], [73.81501416884855, 18.63529302901463, 0.0], [73.81505610296033, 18.63520377797179, 0.0], [73.81509986003341, 18.63517063829102, 0.0], [73.81510057396304, 18.63506766117631, 0.0]]]}, "properties": {"name": "PMP-T0860", "emu_id": "EMU_Deccan_forest", "typicality_percentile": 84.4, "is_medoid": false, "in_position_pool": false, "pool_rank": null, "selection_rationale": "pool position never used this baseline"}}, {"type": "Feature", "geometry": {"type": "Polygon", "coordinates": [[[73.81484480769345, 18.63777699615965, 0.0], [73.81484324094698, 18.638002898470017, 0.0], [73.81508021208033, 18.638004391895933, 0.0], [73.81508177851371, 18.637778489566166, 0.0], [73.81484480769345, 18.63777699615965, 0.0]]]}, "properties": {"name": "PMP-T0861", "emu_id": "EMU_Deccan_forest", "typicality_percentile": 89.9, "is_medoid": false, "in_position_pool": false, "pool_rank": null, "selection_rationale": "pool position never used this baseline"}}, {"type": "Feature", "geometry": {"type": "Polygon", "coordinates": [[[73.81484324094698, 18.638002898470017, 0.0], [73.81484167417806, 18.638228800774836, 0.0], [73.81507864562448, 18.638230294220154, 0.0], [73.81508021208033, 18.638004391895933, 0.0], [73.81484324094698, 18.638002898470017, 0.0]]]}, "properties": {"name": "PMP-T0862", "emu_id": "EMU_Deccan_forest", "typicality_percentile": 3.6, "is_medoid": false, "in_position_pool": false, "pool_rank": null, "selection_rationale": "pool position never used this baseline"}}, {"type": "Feature", "geometry": {"type": "Polygon", "coordinates": [[[73.81484167417806, 18.638228800774836, 0.0], [73.81484010738664, 18.63845470307411, 0.0], [73.81507707914619, 18.638456196538822, 0.0], [73.81507864562448, 18.638230294220154, 0.0], [73.81484167417806, 18.638228800774836, 0.0]]]}, "properties": {"name": "PMP-T0863", "emu_id": "EMU_Deccan_forest", "typicality_percentile": 5.6, "is_medoid": false, "in_position_pool": false, "pool_rank": null, "selection_rationale": "pool position never used this baseline"}}, {"type": "Feature", "geometry": {"type": "Polygon", "coordinates": [[[73.81484010738664, 18.63845470307411, 0.0], [73.81483854057281, 18.638680605367835, 0.0], [73.81507551264546, 18.638682098851934, 0.0], [73.81507707914619, 18.638456196538822, 0.0], [73.81484010738664, 18.63845470307411, 0.0]]]}, "properties": {"name": "PMP-T0864", "emu_id": "EMU_Deccan_forest", "typicality_percentile": 82.7, "is_medoid": false, "in_position_pool": false, "pool_rank": null, "selection_rationale": "pool position never used this baseline"}}, {"type": "Feature", "geometry": {"type": "Polygon", "coordinates": [[[73.81483854057281, 18.638680605367835, 0.0], [73.81483697373652, 18.638906507656014, 0.0], [73.81507394612225, 18.63890800115951, 0.0], [73.81507551264546, 18.638682098851934, 0.0], [73.81483854057281, 18.638680605367835, 0.0]]]}, "properties": {"name": "PMP-T0865", "emu_id": "EMU_Deccan_forest", "typicality_percentile": 86.0, "is_medoid": false, "in_position_pool": false, "pool_rank": null, "selection_rationale": "pool position never used this baseline"}}, {"type": "Feature", "geometry": {"type": "Polygon", "coordinates": [[[73.81483697373652, 18.638906507656014, 0.0], [73.81483540687775, 18.639132409938636, 0.0], [73.81507237957662, 18.639133903461538, 0.0], [73.81507394612225, 18.63890800115951, 0.0], [73.81483697373652, 18.638906507656014, 0.0]]]}, "properties": {"name": "PMP-T0866", "emu_id": "EMU_Deccan_forest", "typicality_percentile": 88.4, "is_medoid": false, "in_position_pool": false, "pool_rank": null, "selection_rationale": "pool position never used this baseline"}}, {"type": "Feature", "geometry": {"type": "Polygon", "coordinates": [[[73.81483540687775, 18.639132409938636, 0.0], [73.81483383999652, 18.639358312215723, 0.0], [73.81507081300852, 18.639359805758016, 0.0], [73.81507237957662, 18.639133903461538, 0.0], [73.81483540687775, 18.639132409938636, 0.0]]]}, "properties": {"name": "PMP-T0867", "emu_id": "EMU_Deccan_forest", "typicality_percentile": 91.6, "is_medoid": false, "in_position_pool": false, "pool_rank": null, "selection_rationale": "pool position never used this baseline"}}, {"type": "Feature", "geometry": {"type": "Polygon", "coordinates": [[[73.81482130413826, 18.64116553023264, 0.0], [73.81481973705492, 18.64139143245978, 0.0], [73.81505671288517, 18.641392926176646, 0.0], [73.81505827965536, 18.641167023930098, 0.0], [73.81482130413826, 18.64116553023264, 0.0]]]}, "properties": {"name": "PMP-T0873", "emu_id": "EMU_Deccan_forest", "typicality_percentile": 23.6, "is_medoid": false, "in_position_pool": false, "pool_rank": null, "selection_rationale": "pool position never used this baseline"}}, {"type": "Feature", "geometry": {"type": "Polygon", "coordinates": [[[73.81481973705492, 18.64139143245978, 0.0], [73.81481816994912, 18.641617334681385, 0.0], [73.81505514609253, 18.64161882841764, 0.0], [73.81505671288517, 18.641392926176646, 0.0], [73.81481973705492, 18.64139143245978, 0.0]]]}, "properties": {"name": "PMP-T0874", "emu_id": "EMU_Deccan_forest", "typicality_percentile": 45.1, "is_medoid": false, "in_position_pool": false, "pool_rank": null, "selection_rationale": "pool position never used this baseline"}}, {"type": "Feature", "geometry": {"type": "Polygon", "coordinates": [[[73.81481816994912, 18.641617334681385, 0.0], [73.81481660282085, 18.641843236897433, 0.0], [73.81505357927743, 18.64184473065309, 0.0], [73.81505514609253, 18.64161882841764, 0.0], [73.81481816994912, 18.641617334681385, 0.0]]]}, "properties": {"name": "PMP-T0875", "emu_id": "EMU_Deccan_forest", "typicality_percentile": 74.7, "is_medoid": false, "in_position_pool": false, "pool_rank": null, "selection_rationale": "pool position never used this baseline"}}, {"type": "Feature", "geometry": {"type": "Polygon", "coordinates": [[[73.81481660282085, 18.641843236897433, 0.0], [73.81481503567014, 18.642069139107935, 0.0], [73.81505201243988, 18.64207063288299, 0.0], [73.81505357927743, 18.64184473065309, 0.0], [73.81481660282085, 18.641843236897433, 0.0]]]}, "properties": {"name": "PMP-T0876", "emu_id": "EMU_Deccan_forest", "typicality_percentile": 44.2, "is_medoid": false, "in_position_pool": false, "pool_rank": null, "selection_rationale": "pool position never used this baseline"}}, {"type": "Feature", "geometry": {"type": "Polygon", "coordinates": [[[73.81481503567014, 18.642069139107935, 0.0], [73.81481346849694, 18.642295041312888, 0.0], [73.81505044557987, 18.642296535107338, 0.0], [73.81505201243988, 18.64207063288299, 0.0], [73.81481503567014, 18.642069139107935, 0.0]]]}, "properties": {"name": "PMP-T0877", "emu_id": "EMU_Deccan_forest", "typicality_percentile": 37.0, "is_medoid": false, "in_position_pool": false, "pool_rank": null, "selection_rationale": "pool position never used this baseline"}}, {"type": "Feature", "geometry": {"type": "Polygon", "coordinates": [[[73.81481346849694, 18.642295041312888, 0.0], [73.8148119013013, 18.642520943512288, 0.0], [73.81504887869741, 18.64252243732614, 0.0], [73.81505044557987, 18.642296535107338, 0.0], [73.81481346849694, 18.642295041312888, 0.0]]]}, "properties": {"name": "PMP-T0878", "emu_id": "EMU_Deccan_forest", "typicality_percentile": 26.9, "is_medoid": false, "in_position_pool": false, "pool_rank": null, "selection_rationale": "pool position never used this baseline"}}, {"type": "Feature", "geometry": {"type": "Polygon", "coordinates": [[[73.8148119013013, 18.642520943512288, 0.0], [73.8148103340832, 18.64274684570615, 0.0], [73.8150473117925, 18.64274833953939, 0.0], [73.81504887869741, 18.64252243732614, 0.0], [73.8148119013013, 18.642520943512288, 0.0]]]}, "properties": {"name": "PMP-T0879", "emu_id": "EMU_Deccan_forest", "typicality_percentile": 13.4, "is_medoid": false, "in_position_pool": false, "pool_rank": null, "selection_rationale": "pool position never used this baseline"}}, {"type": "Feature", "geometry": {"type": "Polygon", "coordinates": [[[73.8148103340832, 18.64274684570615, 0.0], [73.81480876684263, 18.64297274789445, 0.0], [73.81504574486512, 18.642974241747094, 0.0], [73.8150473117925, 18.64274833953939, 0.0], [73.8148103340832, 18.64274684570615, 0.0]]]}, "properties": {"name": "PMP-T0880", "emu_id": "EMU_Deccan_forest", "typicality_percentile": 15.6, "is_medoid": false, "in_position_pool": false, "pool_rank": null, "selection_rationale": "pool position never used this baseline"}}, {"type": "Feature", "geometry": {"type": "Polygon", "coordinates": [[[73.81504417791528, 18.64320014394925, 0.0], [73.81504574486512, 18.642974241747094, 0.0], [73.81480876684263, 18.64297274789445, 0.0], [73.81480725740617, 18.64319031512824, 0.0], [73.81480902085909, 18.64319133648848, 0.0], [73.81482085438697, 18.643198736162955, 0.0], [73.81504417791528, 18.64320014394925, 0.0]]]}, "properties": {"name": "PMP-T0881", "emu_id": "EMU_Deccan_forest", "typicality_percentile": 16.8, "is_medoid": false, "in_position_pool": false, "pool_rank": null, "selection_rationale": "pool position never used this baseline"}}, {"type": "Feature", "geometry": {"type": "Polygon", "coordinates": [[[73.81479936292759, 18.644328160907758, 0.0], [73.8150363428293, 18.644329654876792, 0.0], [73.81503790989142, 18.644103752702378, 0.0], [73.814842941727, 18.644102523619928, 0.0], [73.81480073813381, 18.64412995580984, 0.0], [73.81479936292759, 18.644328160907758, 0.0]]]}, "properties": {"name": "PMP-T0882", "emu_id": "EMU_Deccan_forest", "typicality_percentile": 16.9, "is_medoid": false, "in_position_pool": false, "pool_rank": null, "selection_rationale": "pool position never used this baseline"}}, {"type": "Feature", "geometry": {"type": "Polygon", "coordinates": [[[73.8150363428293, 18.644329654876792, 0.0], [73.81479936292759, 18.644328160907758, 0.0], [73.81479779552978, 18.644554063057225, 0.0], [73.81486563738956, 18.644554490781477, 0.0], [73.81492557958927, 18.644510520589318, 0.0], [73.81493322157458, 18.6445054638993, 0.0], [73.81494134670932, 18.644501145588595, 0.0], [73.81494987674401, 18.644497607244844, 0.0], [73.81495872952992, 18.644494882944173, 0.0], [73.81496781980997, 18.64449299892308, 0.0], [73.81497706003992, 18.644491973325696, 0.0], [73.81498636123139, 18.64449181602906, 0.0], [73.81499563380902, 18.644492528548067, 0.0], [73.81500478847292, 18.64449410402075, 0.0], [73.81501373705879, 18.644496527274487, 0.0], [73.81502239338697, 18.644499774972072, 0.0], [73.81503067409237, 18.64450381583643, 0.0], [73.81503511579501, 18.644506537570074, 0.0], [73.8150363428293, 18.644329654876792, 0.0]]]}, "properties": {"name": "PMP-T0883", "emu_id": "EMU_Deccan_forest", "typicality_percentile": 17.3, "is_medoid": false, "in_position_pool": false, "pool_rank": null, "selection_rationale": "pool position never used this baseline"}}, {"type": "Feature", "geometry": {"type": "Polygon", "coordinates": [[[73.81533859204634, 18.634917526790783, 0.0], [73.81529059871296, 18.634919769317552, 0.0], [73.81510152287714, 18.63493078889131, 0.0], [73.81510057396304, 18.63506766117631, 0.0], [73.81528604537151, 18.635068829658028, 0.0], [73.8153268671225, 18.635052068061032, 0.0], [73.81533765718348, 18.635052399416434, 0.0], [73.81533859204634, 18.634917526790783, 0.0]]]}, "properties": {"name": "PMP-T0888", "emu_id": "EMU_Deccan_forest", "typicality_percentile": 76.0, "is_medoid": false, "in_position_pool": false, "pool_rank": null, "selection_rationale": "pool position never used this baseline"}}, {"type": "Feature", "geometry": {"type": "Polygon", "coordinates": [[[73.81508177851371, 18.637778489566166, 0.0], [73.81508021208033, 18.638004391895933, 0.0], [73.81531718323613, 18.63800588502336, 0.0], [73.81531874935642, 18.637779982674207, 0.0], [73.81508177851371, 18.637778489566166, 0.0]]]}, "properties": {"name": "PMP-T0889", "emu_id": "EMU_Deccan_forest", "typicality_percentile": 76.6, "is_medoid": false, "in_position_pool": false, "pool_rank": null, "selection_rationale": "pool position never used this baseline"}}, {"type": "Feature", "geometry": {"type": "Polygon", "coordinates": [[[73.81508021208033, 18.638004391895933, 0.0], [73.81507864562448, 18.638230294220154, 0.0], [73.81531561709338, 18.638231787366973, 0.0], [73.81531718323613, 18.63800588502336, 0.0], [73.81508021208033, 18.638004391895933, 0.0]]]}, "properties": {"name": "PMP-T0890", "emu_id": "EMU_Deccan_forest", "typicality_percentile": 76.7, "is_medoid": false, "in_position_pool": false, "pool_rank": null, "selection_rationale": "pool position never used this baseline"}}, {"type": "Feature", "geometry": {"type": "Polygon", "coordinates": [[[73.81507864562448, 18.638230294220154, 0.0], [73.81507707914619, 18.638456196538822, 0.0], [73.8153140509282, 18.638457689705035, 0.0], [73.81531561709338, 18.638231787366973, 0.0], [73.81507864562448, 18.638230294220154, 0.0]]]}, "properties": {"name": "PMP-T0891", "emu_id": "EMU_Deccan_forest", "typicality_percentile": 94.1, "is_medoid": false, "in_position_pool": false, "pool_rank": null, "selection_rationale": "pool position never used this baseline"}}, {"type": "Feature", "geometry": {"type": "Polygon", "coordinates": [[[73.81507707914619, 18.638456196538822, 0.0], [73.81507551264546, 18.638682098851934, 0.0], [73.81531248474056, 18.638683592037545, 0.0], [73.8153140509282, 18.638457689705035, 0.0], [73.81507707914619, 18.638456196538822, 0.0]]]}, "properties": {"name": "PMP-T0892", "emu_id": "EMU_Deccan_forest", "typicality_percentile": 3.5, "is_medoid": false, "in_position_pool": false, "pool_rank": null, "selection_rationale": "pool position never used this baseline"}}, {"type": "Feature", "geometry": {"type": "Polygon", "coordinates": [[[73.81507551264546, 18.638682098851934, 0.0], [73.81507394612225, 18.63890800115951, 0.0], [73.81531091853047, 18.63890949436452, 0.0], [73.81531248474056, 18.638683592037545, 0.0], [73.81507551264546, 18.638682098851934, 0.0]]]}, "properties": {"name": "PMP-T0893", "emu_id": "EMU_Deccan_forest", "typicality_percentile": 84.8, "is_medoid": false, "in_position_pool": false, "pool_rank": null, "selection_rationale": "pool position never used this baseline"}}, {"type": "Feature", "geometry": {"type": "Polygon", "coordinates": [[[73.81507394612225, 18.63890800115951, 0.0], [73.81507237957662, 18.639133903461538, 0.0], [73.81530935229793, 18.63913539668593, 0.0], [73.81531091853047, 18.63890949436452, 0.0], [73.81507394612225, 18.63890800115951, 0.0]]]}, "properties": {"name": "PMP-T0894", "emu_id": "EMU_Deccan_forest", "typicality_percentile": 89.6, "is_medoid": false, "in_position_pool": false, "pool_rank": null, "selection_rationale": "pool position never used this baseline"}}, {"type": "Feature", "geometry": {"type": "Polygon", "coordinates": [[[73.81507237957662, 18.639133903461538, 0.0], [73.81507081300852, 18.639359805758016, 0.0], [73.81530778604295, 18.639361299001806, 0.0], [73.81530935229793, 18.63913539668593, 0.0], [73.81507237957662, 18.639133903461538, 0.0]]]}, "properties": {"name": "PMP-T0895", "emu_id": "EMU_Deccan_forest", "typicality_percentile": 88.0, "is_medoid": false, "in_position_pool": false, "pool_rank": null, "selection_rationale": "pool position never used this baseline"}}, {"type": "Feature", "geometry": {"type": "Polygon", "coordinates": [[[73.81530778604295, 18.639361299001806, 0.0], [73.81507081300852, 18.639359805758016, 0.0], [73.81506924641796, 18.639585708048948, 0.0], [73.81512077763044, 18.639586032792995, 0.0], [73.81512166890542, 18.639583108974072, 0.0], [73.81512521908921, 18.639574710216227, 0.0], [73.81512963319881, 18.639566692332785, 0.0], [73.81513486691016, 18.639559135834702, 0.0], [73.81514086766931, 18.6395521165999, 0.0], [73.81514757522001, 18.63954570511147, 0.0], [73.81515492220893, 18.639539965749787, 0.0], [73.81516283486185, 18.639534956146207, 0.0], [73.81517123372453, 18.6395307266042, 0.0], [73.81518003446048, 18.63952731959436, 0.0], [73.81518914869788, 18.63952476932789, 0.0], [73.81519848491692, 18.63952310141304, 0.0], [73.8152079493688, 18.639522332598066, 0.0], [73.81521744701705, 18.63952247060296, 0.0], [73.81530662998836, 18.639528035679223, 0.0], [73.81530778604295, 18.639361299001806, 0.0]]]}, "properties": {"name": "PMP-T0896", "emu_id": "EMU_Deccan_forest", "typicality_percentile": 89.7, "is_medoid": false, "in_position_pool": false, "pool_rank": null, "selection_rationale": "pool position never used this baseline"}}, {"type": "Feature", "geometry": {"type": "Polygon", "coordinates": [[[73.81505827965536, 18.641167023930098, 0.0], [73.81505671288517, 18.641392926176646, 0.0], [73.81529368873788, 18.641394419594967, 0.0], [73.81529501506847, 18.641203146708552, 0.0], [73.81527906425092, 18.641198968024128, 0.0], [73.81526964478361, 18.64119616180037, 0.0], [73.8152373371994, 18.641185350047536, 0.0], [73.81522839727351, 18.641182031294502, 0.0], [73.81519544797582, 18.641168562268863, 0.0], [73.81519391646219, 18.64116787873784, 0.0], [73.81505827965536, 18.641167023930098, 0.0]]]}, "properties": {"name": "PMP-T0897", "emu_id": "EMU_Deccan_forest", "typicality_percentile": 92.8, "is_medoid": false, "in_position_pool": false, "pool_rank": null, "selection_rationale": "pool position never used this baseline"}}, {"type": "Feature", "geometry": {"type": "Polygon", "coordinates": [[[73.81505671288517, 18.641392926176646, 0.0], [73.81505514609253, 18.64161882841764, 0.0], [73.8152921222584, 18.641620321855356, 0.0], [73.81529368873788, 18.641394419594967, 0.0], [73.81505671288517, 18.641392926176646, 0.0]]]}, "properties": {"name": "PMP-T0898", "emu_id": "EMU_Deccan_forest", "typicality_percentile": 94.5, "is_medoid": false, "in_position_pool": false, "pool_rank": null, "selection_rationale": "pool position never used this baseline"}}, {"type": "Feature", "geometry": {"type": "Polygon", "coordinates": [[[73.81505514609253, 18.64161882841764, 0.0], [73.81505357927743, 18.64184473065309, 0.0], [73.81529055575646, 18.641846224110196, 0.0], [73.8152921222584, 18.641620321855356, 0.0], [73.81505514609253, 18.64161882841764, 0.0]]]}, "properties": {"name": "PMP-T0899", "emu_id": "EMU_Deccan_forest", "typicality_percentile": 97.4, "is_medoid": false, "in_position_pool": false, "pool_rank": null, "selection_rationale": "pool position never used this baseline"}}, {"type": "Feature", "geometry": {"type": "Polygon", "coordinates": [[[73.81505357927743, 18.64184473065309, 0.0], [73.81505201243988, 18.64207063288299, 0.0], [73.81528898923209, 18.64207212635949, 0.0], [73.81529055575646, 18.641846224110196, 0.0], [73.81505357927743, 18.64184473065309, 0.0]]]}, "properties": {"name": "PMP-T0900", "emu_id": "EMU_Deccan_forest", "typicality_percentile": 97.3, "is_medoid": false, "in_position_pool": false, "pool_rank": null, "selection_rationale": "pool position never used this baseline"}}, {"type": "Feature", "geometry": {"type": "Polygon", "coordinates": [[[73.81505201243988, 18.64207063288299, 0.0], [73.81505044557987, 18.642296535107338, 0.0], [73.81528742268526, 18.642298028603236, 0.0], [73.81528898923209, 18.64207212635949, 0.0], [73.81505201243988, 18.64207063288299, 0.0]]]}, "properties": {"name": "PMP-T0901", "emu_id": "EMU_Deccan_forest", "typicality_percentile": 46.7, "is_medoid": false, "in_position_pool": false, "pool_rank": null, "selection_rationale": "pool position never used this baseline"}}, {"type": "Feature", "geometry": {"type": "Polygon", "coordinates": [[[73.81505044557987, 18.642296535107338, 0.0], [73.81504887869741, 18.64252243732614, 0.0], [73.81528585611598, 18.642523930841424, 0.0], [73.81528742268526, 18.642298028603236, 0.0], [73.81505044557987, 18.642296535107338, 0.0]]]}, "properties": {"name": "PMP-T0902", "emu_id": "EMU_Deccan_forest", "typicality_percentile": 41.3, "is_medoid": false, "in_position_pool": false, "pool_rank": null, "selection_rationale": "pool position never used this baseline"}}, {"type": "Feature", "geometry": {"type": "Polygon", "coordinates": [[[73.81504887869741, 18.64252243732614, 0.0], [73.8150473117925, 18.64274833953939, 0.0], [73.81528428952424, 18.642749833074074, 0.0], [73.81528585611598, 18.642523930841424, 0.0], [73.81504887869741, 18.64252243732614, 0.0]]]}, "properties": {"name": "PMP-T0903", "emu_id": "EMU_Deccan_forest", "typicality_percentile": 29.2, "is_medoid": false, "in_position_pool": false, "pool_rank": null, "selection_rationale": "pool position never used this baseline"}}, {"type": "Feature", "geometry": {"type": "Polygon", "coordinates": [[[73.8150473117925, 18.64274833953939, 0.0], [73.81504574486512, 18.642974241747094, 0.0], [73.81528272291007, 18.64297573530117, 0.0], [73.81528428952424, 18.642749833074074, 0.0], [73.8150473117925, 18.64274833953939, 0.0]]]}, "properties": {"name": "PMP-T0904", "emu_id": "EMU_Deccan_forest", "typicality_percentile": 14.9, "is_medoid": false, "in_position_pool": false, "pool_rank": null, "selection_rationale": "pool position never used this baseline"}}, {"type": "Feature", "geometry": {"type": "Polygon", "coordinates": [[[73.81504574486512, 18.642974241747094, 0.0], [73.81504417791528, 18.64320014394925, 0.0], [73.81528115627341, 18.64320163752272, 0.0], [73.81528272291007, 18.64297573530117, 0.0], [73.81504574486512, 18.642974241747094, 0.0]]]}, "properties": {"name": "PMP-T0905", "emu_id": "EMU_Deccan_forest", "typicality_percentile": 17.1, "is_medoid": false, "in_position_pool": false, "pool_rank": null, "selection_rationale": "pool position never used this baseline"}}, {"type": "Feature", "geometry": {"type": "Polygon", "coordinates": [[[73.81504417791528, 18.64320014394925, 0.0], [73.81504261094301, 18.643426046145855, 0.0], [73.81527958961433, 18.643427539738717, 0.0], [73.81528115627341, 18.64320163752272, 0.0], [73.81504417791528, 18.64320014394925, 0.0]]]}, "properties": {"name": "PMP-T0906", "emu_id": "EMU_Deccan_forest", "typicality_percentile": 17.2, "is_medoid": false, "in_position_pool": false, "pool_rank": null, "selection_rationale": "pool position never used this baseline"}}, {"type": "Feature", "geometry": {"type": "Polygon", "coordinates": [[[73.8152780229328, 18.64365344194917, 0.0], [73.81527958961433, 18.643427539738717, 0.0], [73.81504261094301, 18.643426046145855, 0.0], [73.81504239427115, 18.643457282339273, 0.0], [73.81504993847662, 18.643475955118937, 0.0], [73.81505208186113, 18.643481861617794, 0.0], [73.81506184684824, 18.64351211970839, 0.0], [73.81506355681164, 18.64351815331263, 0.0], [73.81507110435426, 18.643548982467664, 0.0], [73.81507237271614, 18.64355511431372, 0.0], [73.81507766670735, 18.643586367054667, 0.0], [73.8150784873999, 18.643592567809197, 0.0], [73.81508150251318, 18.643624094630766, 0.0], [73.8150818716102, 18.643630334631563, 0.0], [73.81508237047198, 18.643652208827937, 0.0], [73.8152780229328, 18.64365344194917, 0.0]]]}, "properties": {"name": "PMP-T0907", "emu_id": "EMU_Deccan_forest", "typicality_percentile": 17.5, "is_medoid": false, "in_position_pool": false, "pool_rank": null, "selection_rationale": "pool position never used this baseline"}}, {"type": "Feature", "geometry": {"type": "Polygon", "coordinates": [[[73.81503947693106, 18.643877850522422, 0.0], [73.81527645622882, 18.643879344154072, 0.0], [73.8152780229328, 18.64365344194917, 0.0], [73.81508237047198, 18.643652208827937, 0.0], [73.81508259342041, 18.643661984717884, 0.0], [73.81508250915584, 18.64366823411385, 0.0], [73.81508093420855, 18.64369985605881, 0.0], [73.81508039698525, 18.64370608495478, 0.0], [73.81507653281301, 18.643737527486834, 0.0], [73.81507554520064, 18.643743706084788, 0.0], [73.81506941028732, 18.64377481879079, 0.0], [73.81506797701003, 18.643780917534375, 0.0], [73.81505960070209, 18.643811551578644, 0.0], [73.81505772861601, 18.643817541292886, 0.0], [73.8150471509822, 18.64384755012953, 0.0], [73.8150448490428, 18.643853402160733, 0.0], [73.81503956227671, 18.643865547122793, 0.0], [73.81503947693106, 18.643877850522422, 0.0]]]}, "properties": {"name": "PMP-T0908", "emu_id": "EMU_Deccan_forest", "typicality_percentile": 17.8, "is_medoid": false, "in_position_pool": false, "pool_rank": null, "selection_rationale": "pool position never used this baseline"}}, {"type": "Feature", "geometry": {"type": "Polygon", "coordinates": [[[73.81503947693106, 18.643877850522422, 0.0], [73.81503790989142, 18.644103752702378, 0.0], [73.81527488950236, 18.644105246353423, 0.0], [73.81527645622882, 18.643879344154072, 0.0], [73.81503947693106, 18.643877850522422, 0.0]]]}, "properties": {"name": "PMP-T0909", "emu_id": "EMU_Deccan_forest", "typicality_percentile": 18.1, "is_medoid": false, "in_position_pool": false, "pool_rank": null, "selection_rationale": "pool position never used this baseline"}}, {"type": "Feature", "geometry": {"type": "Polygon", "coordinates": [[[73.81503790989142, 18.644103752702378, 0.0], [73.8150363428293, 18.644329654876792, 0.0], [73.81527332275348, 18.644331148547227, 0.0], [73.81527488950236, 18.644105246353423, 0.0], [73.81503790989142, 18.644103752702378, 0.0]]]}, "properties": {"name": "PMP-T0910", "emu_id": "EMU_Deccan_forest", "typicality_percentile": 18.4, "is_medoid": false, "in_position_pool": false, "pool_rank": null, "selection_rationale": "pool position never used this baseline"}}, {"type": "Feature", "geometry": {"type": "Polygon", "coordinates": [[[73.81527175598212, 18.644557050735482, 0.0], [73.81527332275348, 18.644331148547227, 0.0], [73.8150363428293, 18.644329654876792, 0.0], [73.81503511579501, 18.644506537570074, 0.0], [73.81503849942736, 18.644508610951892, 0.0], [73.81504579402969, 18.64451411413894, 0.0], [73.8150524876484, 18.64452027239892, 0.0], [73.81505851582027, 18.64452702642449, 0.0], [73.81508178647373, 18.644555853378698, 0.0], [73.81527175598212, 18.644557050735482, 0.0]]]}, "properties": {"name": "PMP-T0911", "emu_id": "EMU_Deccan_forest", "typicality_percentile": 21.4, "is_medoid": false, "in_position_pool": false, "pool_rank": null, "selection_rationale": "pool position never used this baseline"}}, {"type": "Feature", "geometry": {"type": "Polygon", "coordinates": [[[73.81526862237207, 18.645008855095345, 0.0], [73.81527018918833, 18.644782952918188, 0.0], [73.81521994539455, 18.644782636252096, 0.0], [73.81521772191057, 18.644790097430036, 0.0], [73.81521431495241, 18.644798349108587, 0.0], [73.81521007592897, 18.644806242723735, 0.0], [73.81520504566431, 18.64481370225559, 0.0], [73.81519927260254, 18.644820655864734, 0.0], [73.8151928123414, 18.644827036584015, 0.0], [73.81518572709672, 18.644832782963594, 0.0], [73.81510308864893, 18.644893401868117, 0.0], [73.81511465078714, 18.64490772464839, 0.0], [73.8151199554704, 18.644915009392985, 0.0], [73.8151244855637, 18.644922754702282, 0.0], [73.81512819743973, 18.644930885984788, 0.0], [73.81513105535097, 18.644939324931848, 0.0], [73.81513303177407, 18.644947990271817, 0.0], [73.81513410767484, 18.64495679855275, 0.0], [73.81513427269165, 18.644965664946135, 0.0], [73.81513352523514, 18.644974504063725, 0.0], [73.8151318725036, 18.64498323077999, 0.0], [73.81512933041361, 18.644991761051845, 0.0], [73.81512592344674, 18.645000012728083, 0.0], [73.81512168441388, 18.645007906340496, 0.0], [73.81512166922725, 18.645007928861155, 0.0], [73.81526862237207, 18.645008855095345, 0.0]]]}, "properties": {"name": "PMP-T0912", "emu_id": "EMU_Deccan_forest", "typicality_percentile": 40.3, "is_medoid": false, "in_position_pool": false, "pool_rank": null, "selection_rationale": "pool position never used this baseline"}}, {"type": "Feature", "geometry": {"type": "Polygon", "coordinates": [[[73.81526862237207, 18.645008855095345, 0.0], [73.81512166922725, 18.645007928861155, 0.0], [73.81511665413913, 18.64501536586923, 0.0], [73.81511088106676, 18.645022319474894, 0.0], [73.81510442079454, 18.645028700190387, 0.0], [73.81509733553845, 18.64503444656588, 0.0], [73.81503111663746, 18.645083020909766, 0.0], [73.81503012839934, 18.645225473363812, 0.0], [73.8150357680846, 18.64523329941134, 0.0], [73.81521028850473, 18.645234399478248, 0.0], [73.81526730658807, 18.64519856116114, 0.0], [73.81526862237207, 18.645008855095345, 0.0]]]}, "properties": {"name": "PMP-T0913", "emu_id": "EMU_Deccan_forest", "typicality_percentile": 53.3, "is_medoid": false, "in_position_pool": false, "pool_rank": null, "selection_rationale": "pool position never used this baseline"}}, {"type": "Feature", "geometry": {"type": "Polygon", "coordinates": [[[73.81557450815743, 18.63507064662854, 0.0], [73.81557564605016, 18.634906450072368, 0.0], [73.81533859204634, 18.634917526790783, 0.0], [73.81533765718348, 18.635052399416434, 0.0], [73.81552149204317, 18.63505804476421, 0.0], [73.81553201889571, 18.635070379024803, 0.0], [73.81557450815743, 18.63507064662854, 0.0]]]}, "properties": {"name": "PMP-T0918", "emu_id": "EMU_Deccan_forest", "typicality_percentile": 75.9, "is_medoid": false, "in_position_pool": false, "pool_rank": null, "selection_rationale": "pool position never used this baseline"}}, {"type": "Feature", "geometry": {"type": "Polygon", "coordinates": [[[73.81531874935642, 18.637779982674207, 0.0], [73.81531718323613, 18.63800588502336, 0.0], [73.81555415441437, 18.638007377852315, 0.0], [73.81555572022158, 18.637781475483767, 0.0], [73.81531874935642, 18.637779982674207, 0.0]]]}, "properties": {"name": "PMP-T0919", "emu_id": "EMU_Deccan_forest", "typicality_percentile": 81.9, "is_medoid": false, "in_position_pool": false, "pool_rank": null, "selection_rationale": "pool position never used this baseline"}}, {"type": "Feature", "geometry": {"type": "Polygon", "coordinates": [[[73.81531718323613, 18.63800588502336, 0.0], [73.81531561709338, 18.638231787366973, 0.0], [73.81555258858474, 18.63823328021531, 0.0], [73.81555415441437, 18.638007377852315, 0.0], [73.81531718323613, 18.63800588502336, 0.0]]]}, "properties": {"name": "PMP-T0920", "emu_id": "EMU_Deccan_forest", "typicality_percentile": 92.2, "is_medoid": false, "in_position_pool": false, "pool_rank": null, "selection_rationale": "pool position never used this baseline"}}, {"type": "Feature", "geometry": {"type": "Polygon", "coordinates": [[[73.81531561709338, 18.638231787366973, 0.0], [73.8153140509282, 18.638457689705035, 0.0], [73.81555102273263, 18.63845918257276, 0.0], [73.81555258858474, 18.63823328021531, 0.0], [73.81531561709338, 18.638231787366973, 0.0]]]}, "properties": {"name": "PMP-T0921", "emu_id": "EMU_Deccan_forest", "typicality_percentile": 95.4, "is_medoid": false, "in_position_pool": false, "pool_rank": null, "selection_rationale": "pool position never used this baseline"}}, {"type": "Feature", "geometry": {"type": "Polygon", "coordinates": [[[73.8153140509282, 18.638457689705035, 0.0], [73.81531248474056, 18.638683592037545, 0.0], [73.81554945685811, 18.638685084924663, 0.0], [73.81555102273263, 18.63845918257276, 0.0], [73.8153140509282, 18.638457689705035, 0.0]]]}, "properties": {"name": "PMP-T0922", "emu_id": "EMU_Deccan_forest", "typicality_percentile": 3.3, "is_medoid": false, "in_position_pool": false, "pool_rank": null, "selection_rationale": "pool position never used this baseline"}}, {"type": "Feature", "geometry": {"type": "Polygon", "coordinates": [[[73.81531248474056, 18.638683592037545, 0.0], [73.81531091853047, 18.63890949436452, 0.0], [73.81554789096113, 18.638910987271018, 0.0], [73.81554945685811, 18.638685084924663, 0.0], [73.81531248474056, 18.638683592037545, 0.0]]]}, "properties": {"name": "PMP-T0923", "emu_id": "EMU_Deccan_forest", "typicality_percentile": 88.9, "is_medoid": false, "in_position_pool": false, "pool_rank": null, "selection_rationale": "pool position never used this baseline"}}, {"type": "Feature", "geometry": {"type": "Polygon", "coordinates": [[[73.81531091853047, 18.63890949436452, 0.0], [73.81530935229793, 18.63913539668593, 0.0], [73.81554632504171, 18.639136889611823, 0.0], [73.81554789096113, 18.638910987271018, 0.0], [73.81531091853047, 18.63890949436452, 0.0]]]}, "properties": {"name": "PMP-T0924", "emu_id": "EMU_Deccan_forest", "typicality_percentile": 90.5, "is_medoid": false, "in_position_pool": false, "pool_rank": null, "selection_rationale": "pool position never used this baseline"}}, {"type": "Feature", "geometry": {"type": "Polygon", "coordinates": [[[73.81530935229793, 18.63913539668593, 0.0], [73.81530778604295, 18.639361299001806, 0.0], [73.81554475909985, 18.639362791947082, 0.0], [73.81554632504171, 18.639136889611823, 0.0], [73.81530935229793, 18.63913539668593, 0.0]]]}, "properties": {"name": "PMP-T0925", "emu_id": "EMU_Deccan_forest", "typicality_percentile": 90.3, "is_medoid": false, "in_position_pool": false, "pool_rank": null, "selection_rationale": "pool position never used this baseline"}}, {"type": "Feature", "geometry": {"type": "Polygon", "coordinates": [[[73.81554475909985, 18.639362791947082, 0.0], [73.81530778604295, 18.639361299001806, 0.0], [73.81530662998836, 18.639528035679223, 0.0], [73.81553623250106, 18.63954236283192, 0.0], [73.81554350882985, 18.639543153219872, 0.0], [73.81554475909985, 18.639362791947082, 0.0]]]}, "properties": {"name": "PMP-T0926", "emu_id": "EMU_Deccan_forest", "typicality_percentile": 90.2, "is_medoid": false, "in_position_pool": false, "pool_rank": null, "selection_rationale": "pool position never used this baseline"}}, {"type": "Feature", "geometry": {"type": "Polygon", "coordinates": [[[73.81529368873788, 18.641394419594967, 0.0], [73.8152921222584, 18.641620321855356, 0.0], [73.81549662181702, 18.6416216103835, 0.0], [73.81548409215323, 18.641547112100508, 0.0], [73.81546384427928, 18.641461944512, 0.0], [73.8154432474708, 18.64139536195816, 0.0], [73.81529368873788, 18.641394419594967, 0.0]]]}, "properties": {"name": "PMP-T0929", "emu_id": "EMU_Deccan_forest", "typicality_percentile": 96.2, "is_medoid": false, "in_position_pool": false, "pool_rank": null, "selection_rationale": "pool position never used this baseline"}}, {"type": "Feature", "geometry": {"type": "Polygon", "coordinates": [[[73.8152921222584, 18.641620321855356, 0.0], [73.81529055575646, 18.641846224110196, 0.0], [73.81546125790756, 18.64184729971266, 0.0], [73.81545534026766, 18.641823191599045, 0.0], [73.81545285656463, 18.64181028558688, 0.0], [73.81545169357847, 18.641797211116575, 0.0], [73.81545186220748, 18.641784090712104, 0.0], [73.81545336087109, 18.641771047327897, 0.0], [73.81545617552469, 18.641758203196567, 0.0], [73.81546027979118, 18.64174567868343, 0.0], [73.8154656352083, 18.64173359115863, 0.0], [73.81547219158892, 18.641722053897098, 0.0], [73.81547988749153, 18.641711175017146, 0.0], [73.81548865079586, 18.641701056467223, 0.0], [73.81549839937885, 18.6416917930705, 0.0], [73.81550857030962, 18.641683840363207, 0.0], [73.81550007976733, 18.641641758128248, 0.0], [73.81549976043229, 18.641639632710636, 0.0], [73.81549931363809, 18.641637615278963, 0.0], [73.81549662181702, 18.6416216103835, 0.0], [73.8152921222584, 18.641620321855356, 0.0]]]}, "properties": {"name": "PMP-T0930", "emu_id": "EMU_Deccan_forest", "typicality_percentile": 97.0, "is_medoid": false, "in_position_pool": false, "pool_rank": null, "selection_rationale": "pool position never used this baseline"}}, {"type": "Feature", "geometry": {"type": "Polygon", "coordinates": [[[73.81529055575646, 18.641846224110196, 0.0], [73.81528898923209, 18.64207212635949, 0.0], [73.81551679685043, 18.642073561768395, 0.0], [73.81546125790756, 18.64184729971266, 0.0], [73.81529055575646, 18.641846224110196, 0.0]]]}, "properties": {"name": "PMP-T0931", "emu_id": "EMU_Deccan_forest", "typicality_percentile": 20.8, "is_medoid": false, "in_position_pool": false, "pool_rank": null, "selection_rationale": "pool position never used this baseline"}}, {"type": "Feature", "geometry": {"type": "Polygon", "coordinates": [[[73.81528898923209, 18.64207212635949, 0.0], [73.81528742268526, 18.642298028603236, 0.0], [73.81552439981309, 18.64229952180057, 0.0], [73.8155257145634, 18.642109891902837, 0.0], [73.81551679685043, 18.642073561768395, 0.0], [73.81528898923209, 18.64207212635949, 0.0]]]}, "properties": {"name": "PMP-T0932", "emu_id": "EMU_Deccan_forest", "typicality_percentile": 20.2, "is_medoid": false, "in_position_pool": false, "pool_rank": null, "selection_rationale": "pool position never used this baseline"}}, {"type": "Feature", "geometry": {"type": "Polygon", "coordinates": [[[73.81528742268526, 18.642298028603236, 0.0], [73.81528585611598, 18.642523930841424, 0.0], [73.81552283355698, 18.642525424058157, 0.0], [73.81552439981309, 18.64229952180057, 0.0], [73.81528742268526, 18.642298028603236, 0.0]]]}, "properties": {"name": "PMP-T0933", "emu_id": "EMU_Deccan_forest", "typicality_percentile": 46.4, "is_medoid": false, "in_position_pool": false, "pool_rank": null, "selection_rationale": "pool position never used this baseline"}}, {"type": "Feature", "geometry": {"type": "Polygon", "coordinates": [[[73.81528585611598, 18.642523930841424, 0.0], [73.81528428952424, 18.642749833074074, 0.0], [73.81552126727844, 18.642751326310194, 0.0], [73.81552283355698, 18.642525424058157, 0.0], [73.81528585611598, 18.642523930841424, 0.0]]]}, "properties": {"name": "PMP-T0934", "emu_id": "EMU_Deccan_forest", "typicality_percentile": 34.5, "is_medoid": false, "in_position_pool": false, "pool_rank": null, "selection_rationale": "pool position never used this baseline"}}, {"type": "Feature", "geometry": {"type": "Polygon", "coordinates": [[[73.81528428952424, 18.642749833074074, 0.0], [73.81528272291007, 18.64297573530117, 0.0], [73.81551970097745, 18.64297722855668, 0.0], [73.81552126727844, 18.642751326310194, 0.0], [73.81528428952424, 18.642749833074074, 0.0]]]}, "properties": {"name": "PMP-T0935", "emu_id": "EMU_Deccan_forest", "typicality_percentile": 16.3, "is_medoid": false, "in_position_pool": false, "pool_rank": null, "selection_rationale": "pool position never used this baseline"}}, {"type": "Feature", "geometry": {"type": "Polygon", "coordinates": [[[73.81528272291007, 18.64297573530117, 0.0], [73.81528115627341, 18.64320163752272, 0.0], [73.81551813465401, 18.64320313079762, 0.0], [73.81551970097745, 18.64297722855668, 0.0], [73.81528272291007, 18.64297573530117, 0.0]]]}, "properties": {"name": "PMP-T0936", "emu_id": "EMU_Deccan_forest", "typicality_percentile": 17.6, "is_medoid": false, "in_position_pool": false, "pool_rank": null, "selection_rationale": "pool position never used this baseline"}}, {"type": "Feature", "geometry": {"type": "Polygon", "coordinates": [[[73.81528115627341, 18.64320163752272, 0.0], [73.81527958961433, 18.643427539738717, 0.0], [73.81551656830811, 18.643429033033005, 0.0], [73.81551813465401, 18.64320313079762, 0.0], [73.81528115627341, 18.64320163752272, 0.0]]]}, "properties": {"name": "PMP-T0937", "emu_id": "EMU_Deccan_forest", "typicality_percentile": 18.2, "is_medoid": false, "in_position_pool": false, "pool_rank": null, "selection_rationale": "pool position never used this baseline"}}, {"type": "Feature", "geometry": {"type": "Polygon", "coordinates": [[[73.81527958961433, 18.643427539738717, 0.0], [73.8152780229328, 18.64365344194917, 0.0], [73.81551500193979, 18.643654935262845, 0.0], [73.81551656830811, 18.643429033033005, 0.0], [73.81527958961433, 18.643427539738717, 0.0]]]}, "properties": {"name": "PMP-T0938", "emu_id": "EMU_Deccan_forest", "typicality_percentile": 18.6, "is_medoid": false, "in_position_pool": false, "pool_rank": null, "selection_rationale": "pool position never used this baseline"}}, {"type": "Feature", "geometry": {"type": "Polygon", "coordinates": [[[73.8152780229328, 18.64365344194917, 0.0], [73.81527645622882, 18.643879344154072, 0.0], [73.81551343554901, 18.64388083748714, 0.0], [73.81551500193979, 18.643654935262845, 0.0], [73.8152780229328, 18.64365344194917, 0.0]]]}, "properties": {"name": "PMP-T0939", "emu_id": "EMU_Deccan_forest", "typicality_percentile": 18.8, "is_medoid": false, "in_position_pool": false, "pool_rank": null, "selection_rationale": "pool position never used this baseline"}}, {"type": "Feature", "geometry": {"type": "Polygon", "coordinates": [[[73.81527488950236, 18.644105246353423, 0.0], [73.81527332275348, 18.644331148547227, 0.0], [73.8155103027001, 18.64433264191908, 0.0], [73.81551186913578, 18.644106739705876, 0.0], [73.81527488950236, 18.644105246353423, 0.0]]]}, "properties": {"name": "PMP-T0941", "emu_id": "EMU_Deccan_forest", "typicality_percentile": 19.2, "is_medoid": false, "in_position_pool": false, "pool_rank": null, "selection_rationale": "pool position never used this baseline"}}, {"type": "Feature", "geometry": {"type": "Polygon", "coordinates": [[[73.81527332275348, 18.644331148547227, 0.0], [73.81527175598212, 18.644557050735482, 0.0], [73.81550873624197, 18.644558544126717, 0.0], [73.8155103027001, 18.64433264191908, 0.0], [73.81527332275348, 18.644331148547227, 0.0]]]}, "properties": {"name": "PMP-T0942", "emu_id": "EMU_Deccan_forest", "typicality_percentile": 21.5, "is_medoid": false, "in_position_pool": false, "pool_rank": null, "selection_rationale": "pool position never used this baseline"}}, {"type": "Feature", "geometry": {"type": "Polygon", "coordinates": [[[73.81527175598212, 18.644557050735482, 0.0], [73.81527018918833, 18.644782952918188, 0.0], [73.8155071697614, 18.644784446328817, 0.0], [73.81550873624197, 18.644558544126717, 0.0], [73.81527175598212, 18.644557050735482, 0.0]]]}, "properties": {"name": "PMP-T0943", "emu_id": "EMU_Deccan_forest", "typicality_percentile": 24.0, "is_medoid": false, "in_position_pool": false, "pool_rank": null, "selection_rationale": "pool position never used this baseline"}}, {"type": "Feature", "geometry": {"type": "Polygon", "coordinates": [[[73.81527018918833, 18.644782952918188, 0.0], [73.81526862237207, 18.645008855095345, 0.0], [73.81550560325837, 18.64501034852536, 0.0], [73.8155071697614, 18.644784446328817, 0.0], [73.81527018918833, 18.644782952918188, 0.0]]]}, "properties": {"name": "PMP-T0944", "emu_id": "EMU_Deccan_forest", "typicality_percentile": 24.3, "is_medoid": false, "in_position_pool": false, "pool_rank": null, "selection_rationale": "pool position never used this baseline"}}, {"type": "Feature", "geometry": {"type": "Polygon", "coordinates": [[[73.81550560325837, 18.64501034852536, 0.0], [73.81526862237207, 18.645008855095345, 0.0], [73.81526730658807, 18.64519856116114, 0.0], [73.81550533558146, 18.64504894934267, 0.0], [73.81550560325837, 18.64501034852536, 0.0]]]}, "properties": {"name": "PMP-T0945", "emu_id": "EMU_Deccan_forest", "typicality_percentile": 35.0, "is_medoid": false, "in_position_pool": false, "pool_rank": null, "selection_rationale": "pool position never used this baseline"}}, {"type": "Feature", "geometry": {"type": "Polygon", "coordinates": [[[73.81526548867222, 18.645460659433006, 0.0], [73.815502470185, 18.645462152901803, 0.0], [73.8155040367329, 18.645236250716355, 0.0], [73.81546604012576, 18.645236011282826, 0.0], [73.81526617549436, 18.645361637269644, 0.0], [73.81526548867222, 18.645460659433006, 0.0]]]}, "properties": {"name": "PMP-T0946", "emu_id": "EMU_Deccan_forest", "typicality_percentile": 61.1, "is_medoid": false, "in_position_pool": false, "pool_rank": null, "selection_rationale": "pool position never used this baseline"}}, {"type": "Feature", "geometry": {"type": "Polygon", "coordinates": [[[73.81550090361463, 18.6456880550817, 0.0], [73.815502470185, 18.645462152901803, 0.0], [73.81526548867222, 18.645460659433006, 0.0], [73.81526486064317, 18.645551204596266, 0.0], [73.81536285281652, 18.645687185105167, 0.0], [73.81550090361463, 18.6456880550817, 0.0]]]}, "properties": {"name": "PMP-T0947", "emu_id": "EMU_Deccan_forest", "typicality_percentile": 73.8, "is_medoid": false, "in_position_pool": false, "pool_rank": null, "selection_rationale": "pool position never used this baseline"}}, {"type": "Feature", "geometry": {"type": "Polygon", "coordinates": [[[73.81557450815743, 18.63507064662854, 0.0], [73.81581147528827, 18.63507213890702, 0.0], [73.81581270004153, 18.634895373053357, 0.0], [73.81557564605016, 18.634906450072368, 0.0], [73.81557450815743, 18.63507064662854, 0.0]]]}, "properties": {"name": "PMP-T0950", "emu_id": "EMU_Deccan_forest", "typicality_percentile": 80.5, "is_medoid": false, "in_position_pool": false, "pool_rank": null, "selection_rationale": "pool position never used this baseline"}}, {"type": "Feature", "geometry": {"type": "Polygon", "coordinates": [[[73.81580991006342, 18.635298041361512, 0.0], [73.81581147528827, 18.63507213890702, 0.0], [73.81557450815743, 18.63507064662854, 0.0], [73.81557416776425, 18.63511976462095, 0.0], [73.81560181024611, 18.6351521531442, 0.0], [73.81568328405423, 18.63528727552358, 0.0], [73.81578588231658, 18.635297890060848, 0.0], [73.81580991006342, 18.635298041361512, 0.0]]]}, "properties": {"name": "PMP-T0951", "emu_id": "EMU_Deccan_forest", "typicality_percentile": 77.0, "is_medoid": false, "in_position_pool": false, "pool_rank": null, "selection_rationale": "pool position never used this baseline"}}, {"type": "Feature", "geometry": {"type": "Polygon", "coordinates": [[[73.81555572022158, 18.637781475483767, 0.0], [73.81555415441437, 18.638007377852315, 0.0], [73.81579112561506, 18.638008870382777, 0.0], [73.81579269110918, 18.637782967994852, 0.0], [73.81555572022158, 18.637781475483767, 0.0]]]}, "properties": {"name": "PMP-T0952", "emu_id": "EMU_Deccan_forest", "typicality_percentile": 93.4, "is_medoid": false, "in_position_pool": false, "pool_rank": null, "selection_rationale": "pool position never used this baseline"}}, {"type": "Feature", "geometry": {"type": "Polygon", "coordinates": [[[73.81555415441437, 18.638007377852315, 0.0], [73.81555258858474, 18.63823328021531, 0.0], [73.81578956009852, 18.63823477276516, 0.0], [73.81579112561506, 18.638008870382777, 0.0], [73.81555415441437, 18.638007377852315, 0.0]]]}, "properties": {"name": "PMP-T0953", "emu_id": "EMU_Deccan_forest", "typicality_percentile": 96.8, "is_medoid": false, "in_position_pool": false, "pool_rank": null, "selection_rationale": "pool position never used this baseline"}}, {"type": "Feature", "geometry": {"type": "Polygon", "coordinates": [[[73.81555258858474, 18.63823328021531, 0.0], [73.81555102273263, 18.63845918257276, 0.0], [73.81578799455953, 18.638460675142, 0.0], [73.81578956009852, 18.63823477276516, 0.0], [73.81555258858474, 18.63823328021531, 0.0]]]}, "properties": {"name": "PMP-T0954", "emu_id": "EMU_Deccan_forest", "typicality_percentile": 2.9, "is_medoid": false, "in_position_pool": false, "pool_rank": null, "selection_rationale": "pool position never used this baseline"}}, {"type": "Feature", "geometry": {"type": "Polygon", "coordinates": [[[73.81555102273263, 18.63845918257276, 0.0], [73.81554945685811, 18.638685084924663, 0.0], [73.81578642899811, 18.638686577513283, 0.0], [73.81578799455953, 18.638460675142, 0.0], [73.81555102273263, 18.63845918257276, 0.0]]]}, "properties": {"name": "PMP-T0955", "emu_id": "EMU_Deccan_forest", "typicality_percentile": 4.8, "is_medoid": false, "in_position_pool": false, "pool_rank": null, "selection_rationale": "pool position never used this baseline"}}, {"type": "Feature", "geometry": {"type": "Polygon", "coordinates": [[[73.81554945685811, 18.638685084924663, 0.0], [73.81554789096113, 18.638910987271018, 0.0], [73.81578486341424, 18.638912479879025, 0.0], [73.81578642899811, 18.638686577513283, 0.0], [73.81554945685811, 18.638685084924663, 0.0]]]}, "properties": {"name": "PMP-T0956", "emu_id": "EMU_Deccan_forest", "typicality_percentile": 92.1, "is_medoid": false, "in_position_pool": true, "pool_rank": 2, "selection_rationale": "best-scoring position in its spatial region \u2014 extends coverage of the EMU"}}, {"type": "Feature", "geometry": {"type": "Polygon", "coordinates": [[[73.81554789096113, 18.638910987271018, 0.0], [73.81554632504171, 18.639136889611823, 0.0], [73.81578329780793, 18.639138382239214, 0.0], [73.81578486341424, 18.638912479879025, 0.0], [73.81554789096113, 18.638910987271018, 0.0]]]}, "properties": {"name": "PMP-T0957", "emu_id": "EMU_Deccan_forest", "typicality_percentile": 93.5, "is_medoid": false, "in_position_pool": false, "pool_rank": null, "selection_rationale": "pool position never used this baseline"}}, {"type": "Feature", "geometry": {"type": "Polygon", "coordinates": [[[73.81554632504171, 18.639136889611823, 0.0], [73.81554475909985, 18.639362791947082, 0.0], [73.81578173217918, 18.63936428459386, 0.0], [73.81578329780793, 18.639138382239214, 0.0], [73.81554632504171, 18.639136889611823, 0.0]]]}, "properties": {"name": "PMP-T0958", "emu_id": "EMU_Deccan_forest", "typicality_percentile": 92.9, "is_medoid": false, "in_position_pool": false, "pool_rank": null, "selection_rationale": "pool position never used this baseline"}}, {"type": "Feature", "geometry": {"type": "Polygon", "coordinates": [[[73.81578173217918, 18.63936428459386, 0.0], [73.81554475909985, 18.639362791947082, 0.0], [73.81554350882985, 18.639543153219872, 0.0], [73.81554528830581, 18.639543346514603, 0.0], [73.81555420314525, 18.639545154746546, 0.0], [73.81556289459951, 18.639547770810236, 0.0], [73.81557128231401, 18.639551170519532, 0.0], [73.81557928874224, 18.63955532244329, 0.0], [73.81558683986282, 18.63956018819599, 0.0], [73.81558795577382, 18.639561067233373, 0.0], [73.81559529754466, 18.639555331919585, 0.0], [73.81560321018668, 18.639550322296486, 0.0], [73.81561160904062, 18.639546092733994, 0.0], [73.81562040977008, 18.639542685702885, 0.0], [73.8156295240033, 18.639540135414574, 0.0], [73.8156388602205, 18.639538467477564, 0.0], [73.81564832467289, 18.639537698640293, 0.0], [73.81565782232401, 18.639537836623, 0.0], [73.81578047630877, 18.639545490013074, 0.0], [73.81578173217918, 18.63936428459386, 0.0]]]}, "properties": {"name": "PMP-T0959", "emu_id": "EMU_Deccan_forest", "typicality_percentile": 91.2, "is_medoid": false, "in_position_pool": false, "pool_rank": null, "selection_rationale": "pool position never used this baseline"}}, {"type": "Feature", "geometry": {"type": "Polygon", "coordinates": [[[73.81552439981309, 18.64229952180057, 0.0], [73.81552283355698, 18.642525424058157, 0.0], [73.81575981102046, 18.642526916976326, 0.0], [73.81576137696338, 18.64230101469936, 0.0], [73.81552439981309, 18.64229952180057, 0.0]]]}, "properties": {"name": "PMP-T0962", "emu_id": "EMU_Deccan_forest", "typicality_percentile": 96.7, "is_medoid": false, "in_position_pool": false, "pool_rank": null, "selection_rationale": "pool position never used this baseline"}}, {"type": "Feature", "geometry": {"type": "Polygon", "coordinates": [[[73.81552283355698, 18.642525424058157, 0.0], [73.81552126727844, 18.642751326310194, 0.0], [73.8157582450551, 18.642752819247747, 0.0], [73.81575981102046, 18.642526916976326, 0.0], [73.81552283355698, 18.642525424058157, 0.0]]]}, "properties": {"name": "PMP-T0963", "emu_id": "EMU_Deccan_forest", "typicality_percentile": 96.4, "is_medoid": false, "in_position_pool": true, "pool_rank": 3, "selection_rationale": "best-scoring position in its spatial region \u2014 extends coverage of the EMU"}}, {"type": "Feature", "geometry": {"type": "Polygon", "coordinates": [[[73.81552126727844, 18.642751326310194, 0.0], [73.81551970097745, 18.64297722855668, 0.0], [73.81575667906729, 18.642978721513625, 0.0], [73.8157582450551, 18.642752819247747, 0.0], [73.81552126727844, 18.642751326310194, 0.0]]]}, "properties": {"name": "PMP-T0964", "emu_id": "EMU_Deccan_forest", "typicality_percentile": 20.5, "is_medoid": false, "in_position_pool": false, "pool_rank": null, "selection_rationale": "pool position never used this baseline"}}, {"type": "Feature", "geometry": {"type": "Polygon", "coordinates": [[[73.81551970097745, 18.64297722855668, 0.0], [73.81551813465401, 18.64320313079762, 0.0], [73.81575511305704, 18.643204623773947, 0.0], [73.81575667906729, 18.642978721513625, 0.0], [73.81551970097745, 18.64297722855668, 0.0]]]}, "properties": {"name": "PMP-T0965", "emu_id": "EMU_Deccan_forest", "typicality_percentile": 20.7, "is_medoid": false, "in_position_pool": false, "pool_rank": null, "selection_rationale": "pool position never used this baseline"}}, {"type": "Feature", "geometry": {"type": "Polygon", "coordinates": [[[73.81551813465401, 18.64320313079762, 0.0], [73.81551656830811, 18.643429033033005, 0.0], [73.81575354702436, 18.643430526028723, 0.0], [73.81575511305704, 18.643204623773947, 0.0], [73.81551813465401, 18.64320313079762, 0.0]]]}, "properties": {"name": "PMP-T0966", "emu_id": "EMU_Deccan_forest", "typicality_percentile": 19.9, "is_medoid": false, "in_position_pool": false, "pool_rank": null, "selection_rationale": "pool position never used this baseline"}}, {"type": "Feature", "geometry": {"type": "Polygon", "coordinates": [[[73.8155103027001, 18.64433264191908, 0.0], [73.81550873624197, 18.644558544126717, 0.0], [73.81574571652428, 18.64456003721936, 0.0], [73.81574728266916, 18.644334134992334, 0.0], [73.8155103027001, 18.64433264191908, 0.0]]]}, "properties": {"name": "PMP-T0970", "emu_id": "EMU_Deccan_forest", "typicality_percentile": 19.7, "is_medoid": false, "in_position_pool": false, "pool_rank": null, "selection_rationale": "pool position never used this baseline"}}, {"type": "Feature", "geometry": {"type": "Polygon", "coordinates": [[[73.81550873624197, 18.644558544126717, 0.0], [73.8155071697614, 18.644784446328817, 0.0], [73.81574415035692, 18.644785939440844, 0.0], [73.81574571652428, 18.64456003721936, 0.0], [73.81550873624197, 18.644558544126717, 0.0]]]}, "properties": {"name": "PMP-T0971", "emu_id": "EMU_Deccan_forest", "typicality_percentile": 23.7, "is_medoid": false, "in_position_pool": false, "pool_rank": null, "selection_rationale": "pool position never used this baseline"}}, {"type": "Feature", "geometry": {"type": "Polygon", "coordinates": [[[73.81574415035692, 18.644785939440844, 0.0], [73.8155071697614, 18.644784446328817, 0.0], [73.81550560325837, 18.64501034852536, 0.0], [73.81556614156166, 18.64501072998383, 0.0], [73.81574336416821, 18.644899337197167, 0.0], [73.81574415035692, 18.644785939440844, 0.0]]]}, "properties": {"name": "PMP-T0972", "emu_id": "EMU_Deccan_forest", "typicality_percentile": 25.0, "is_medoid": false, "in_position_pool": false, "pool_rank": null, "selection_rationale": "pool position never used this baseline"}}, {"type": "Feature", "geometry": {"type": "Polygon", "coordinates": [[[73.8155040367329, 18.645236250716355, 0.0], [73.815502470185, 18.645462152901803, 0.0], [73.81573945172022, 18.645463646071992, 0.0], [73.81574101795489, 18.64523774386716, 0.0], [73.8155040367329, 18.645236250716355, 0.0]]]}, "properties": {"name": "PMP-T0973", "emu_id": "EMU_Deccan_forest", "typicality_percentile": 26.2, "is_medoid": false, "in_position_pool": false, "pool_rank": null, "selection_rationale": "pool position never used this baseline"}}, {"type": "Feature", "geometry": {"type": "Polygon", "coordinates": [[[73.815502470185, 18.645462152901803, 0.0], [73.81550090361463, 18.6456880550817, 0.0], [73.81573788546311, 18.645689548271275, 0.0], [73.81573945172022, 18.645463646071992, 0.0], [73.815502470185, 18.645462152901803, 0.0]]]}, "properties": {"name": "PMP-T0974", "emu_id": "EMU_Deccan_forest", "typicality_percentile": 25.7, "is_medoid": false, "in_position_pool": false, "pool_rank": null, "selection_rationale": "pool position never used this baseline"}}, {"type": "Feature", "geometry": {"type": "Polygon", "coordinates": [[[73.81573631918354, 18.645915450465008, 0.0], [73.81573788546311, 18.645689548271275, 0.0], [73.81550090361463, 18.6456880550817, 0.0], [73.81549959376233, 18.6458769355804, 0.0], [73.81552639581768, 18.645914127766847, 0.0], [73.81573631918354, 18.645915450465008, 0.0]]]}, "properties": {"name": "PMP-T0975", "emu_id": "EMU_Deccan_forest", "typicality_percentile": 31.1, "is_medoid": false, "in_position_pool": false, "pool_rank": null, "selection_rationale": "pool position never used this baseline"}}, {"type": "Feature", "geometry": {"type": "Polygon", "coordinates": [[[73.81573475288153, 18.646141352653192, 0.0], [73.81573631918354, 18.645915450465008, 0.0], [73.81552639581768, 18.645914127766847, 0.0], [73.8156899392438, 18.64614107030503, 0.0], [73.81573475288153, 18.646141352653192, 0.0]]]}, "properties": {"name": "PMP-T0976", "emu_id": "EMU_Deccan_forest", "typicality_percentile": 61.7, "is_medoid": false, "in_position_pool": false, "pool_rank": null, "selection_rationale": "pool position never used this baseline"}}, {"type": "Feature", "geometry": {"type": "Polygon", "coordinates": [[[73.81579269110918, 18.637782967994852, 0.0], [73.81579112561506, 18.638008870382777, 0.0], [73.8160280968382, 18.638010362614764, 0.0], [73.81602966201922, 18.637784460207456, 0.0], [73.81579269110918, 18.637782967994852, 0.0]]]}, "properties": {"name": "PMP-T0977", "emu_id": "EMU_Deccan_forest", "typicality_percentile": 87.4, "is_medoid": false, "in_position_pool": false, "pool_rank": null, "selection_rationale": "pool position never used this baseline"}}, {"type": "Feature", "geometry": {"type": "Polygon", "coordinates": [[[73.81579112561506, 18.638008870382777, 0.0], [73.81578956009852, 18.63823477276516, 0.0], [73.81602653163473, 18.638236265016534, 0.0], [73.8160280968382, 18.638010362614764, 0.0], [73.81579112561506, 18.638008870382777, 0.0]]]}, "properties": {"name": "PMP-T0978", "emu_id": "EMU_Deccan_forest", "typicality_percentile": 84.5, "is_medoid": false, "in_position_pool": false, "pool_rank": null, "selection_rationale": "pool position never used this baseline"}}, {"type": "Feature", "geometry": {"type": "Polygon", "coordinates": [[[73.81578956009852, 18.63823477276516, 0.0], [73.81578799455953, 18.638460675142, 0.0], [73.81602496640886, 18.638462167412747, 0.0], [73.81602653163473, 18.638236265016534, 0.0], [73.81578956009852, 18.63823477276516, 0.0]]]}, "properties": {"name": "PMP-T0979", "emu_id": "EMU_Deccan_forest", "typicality_percentile": 86.3, "is_medoid": false, "in_position_pool": false, "pool_rank": null, "selection_rationale": "pool position never used this baseline"}}, {"type": "Feature", "geometry": {"type": "Polygon", "coordinates": [[[73.81578799455953, 18.638460675142, 0.0], [73.81578642899811, 18.638686577513283, 0.0], [73.81602340116054, 18.638688069803408, 0.0], [73.81602496640886, 18.638462167412747, 0.0], [73.81578799455953, 18.638460675142, 0.0]]]}, "properties": {"name": "PMP-T0980", "emu_id": "EMU_Deccan_forest", "typicality_percentile": 83.8, "is_medoid": false, "in_position_pool": false, "pool_rank": null, "selection_rationale": "pool position never used this baseline"}}, {"type": "Feature", "geometry": {"type": "Polygon", "coordinates": [[[73.81578642899811, 18.638686577513283, 0.0], [73.81578486341424, 18.638912479879025, 0.0], [73.81602183588977, 18.63891397218853, 0.0], [73.81602340116054, 18.638688069803408, 0.0], [73.81578642899811, 18.638686577513283, 0.0]]]}, "properties": {"name": "PMP-T0981", "emu_id": "EMU_Deccan_forest", "typicality_percentile": 93.2, "is_medoid": false, "in_position_pool": false, "pool_rank": null, "selection_rationale": "pool position never used this baseline"}}, {"type": "Feature", "geometry": {"type": "Polygon", "coordinates": [[[73.81578486341424, 18.638912479879025, 0.0], [73.81578329780793, 18.639138382239214, 0.0], [73.81602027059658, 18.639139874568105, 0.0], [73.81602183588977, 18.63891397218853, 0.0], [73.81578486341424, 18.638912479879025, 0.0]]]}, "properties": {"name": "PMP-T0982", "emu_id": "EMU_Deccan_forest", "typicality_percentile": 93.1, "is_medoid": false, "in_position_pool": false, "pool_rank": null, "selection_rationale": "pool position never used this baseline"}}, {"type": "Feature", "geometry": {"type": "Polygon", "coordinates": [[[73.81578329780793, 18.639138382239214, 0.0], [73.81578173217918, 18.63936428459386, 0.0], [73.81601870528095, 18.639365776942128, 0.0], [73.81602027059658, 18.639139874568105, 0.0], [73.81578329780793, 18.639138382239214, 0.0]]]}, "properties": {"name": "PMP-T0983", "emu_id": "EMU_Deccan_forest", "typicality_percentile": 91.0, "is_medoid": false, "in_position_pool": false, "pool_rank": null, "selection_rationale": "pool position never used this baseline"}}, {"type": "Feature", "geometry": {"type": "Polygon", "coordinates": [[[73.81601870528095, 18.639365776942128, 0.0], [73.81578173217918, 18.63936428459386, 0.0], [73.81578047630877, 18.639545490013074, 0.0], [73.81597660792924, 18.639557728109562, 0.0], [73.81598566373839, 18.63955871177118, 0.0], [73.81599457858431, 18.63956051998247, 0.0], [73.81600327004712, 18.63956313602609, 0.0], [73.81601165777211, 18.6395665357161, 0.0], [73.81601729391814, 18.639569458456283, 0.0], [73.81601870528095, 18.639365776942128, 0.0]]]}, "properties": {"name": "PMP-T0984", "emu_id": "EMU_Deccan_forest", "typicality_percentile": 90.0, "is_medoid": false, "in_position_pool": false, "pool_rank": null, "selection_rationale": "pool position never used this baseline"}}, {"type": "Feature", "geometry": {"type": "Polygon", "coordinates": [[[73.81600774744335, 18.64094709340496, 0.0], [73.81600887312699, 18.640784654257022, 0.0], [73.81585952175253, 18.640720247722196, 0.0], [73.81577233793544, 18.640719698605213, 0.0], [73.81577180253043, 18.640796944037604, 0.0], [73.81577677506561, 18.6407988085586, 0.0], [73.81577971379153, 18.64080002128992, 0.0], [73.81579210277599, 18.640805614928876, 0.0], [73.8157949488898, 18.640807014058474, 0.0], [73.81580691337098, 18.640813392412518, 0.0], [73.8158096538817, 18.64081497155412, 0.0], [73.81582113924281, 18.640822105506878, 0.0], [73.81582376163924, 18.640823857451277, 0.0], [73.81583471545103, 18.640831714437, 0.0], [73.81583720776314, 18.640833631187398, 0.0], [73.8158475800224, 18.640842175339884, 0.0], [73.81584993087212, 18.64084424814583, 0.0], [73.81585967423071, 18.640853440461925, 0.0], [73.81586187288744, 18.64085565986196, 0.0], [73.8158709428676, 18.640865458379693, 0.0], [73.81587297929427, 18.640867814242135, 0.0], [73.81588133449252, 18.640878174232448, 0.0], [73.81588319939316, 18.640880655803194, 0.0], [73.81589080166864, 18.6408915299738, 0.0], [73.81589248652993, 18.640894125924493, 0.0], [73.81589930117894, 18.640905464635935, 0.0], [73.81590079830968, 18.640908163116308, 0.0], [73.81590679422392, 18.640919914608492, 0.0], [73.81590809679004, 18.640922703300745, 0.0], [73.8159132465985, 18.64093481392951, 0.0], [73.81591434865378, 18.640937680103473, 0.0], [73.81591739794453, 18.640946524413888, 0.0], [73.81600774744335, 18.64094709340496, 0.0]]]}, "properties": {"name": "PMP-T0987", "emu_id": "EMU_Deccan_forest", "typicality_percentile": 94.9, "is_medoid": false, "in_position_pool": true, "pool_rank": 16, "selection_rationale": "best-scoring position in its spatial region \u2014 extends coverage of the EMU"}}, {"type": "Feature", "geometry": {"type": "Polygon", "coordinates": [[[73.81576137696338, 18.64230101469936, 0.0], [73.81575981102046, 18.642526916976326, 0.0], [73.81599678850635, 18.64252840959594, 0.0], [73.81599794068772, 18.642362163441813, 0.0], [73.81599679821069, 18.642361197003073, 0.0], [73.8159935475391, 18.64235783879597, 0.0], [73.81599001023734, 18.642354395454078, 0.0], [73.81598863664436, 18.642352765443484, 0.0], [73.81598718319829, 18.642351263915746, 0.0], [73.81594420839897, 18.642302166289106, 0.0], [73.81576137696338, 18.64230101469936, 0.0]]]}, "properties": {"name": "PMP-T0988", "emu_id": "EMU_Deccan_forest", "typicality_percentile": 95.5, "is_medoid": false, "in_position_pool": false, "pool_rank": null, "selection_rationale": "pool position never used this baseline"}}, {"type": "Feature", "geometry": {"type": "Polygon", "coordinates": [[[73.81575981102046, 18.642526916976326, 0.0], [73.8157582450551, 18.642752819247747, 0.0], [73.81599522285418, 18.642754311886737, 0.0], [73.81599678850635, 18.64252840959594, 0.0], [73.81575981102046, 18.642526916976326, 0.0]]]}, "properties": {"name": "PMP-T0989", "emu_id": "EMU_Deccan_forest", "typicality_percentile": 20.1, "is_medoid": false, "in_position_pool": false, "pool_rank": null, "selection_rationale": "pool position never used this baseline"}}, {"type": "Feature", "geometry": {"type": "Polygon", "coordinates": [[[73.8157582450551, 18.642752819247747, 0.0], [73.81575667906729, 18.642978721513625, 0.0], [73.81599365717958, 18.642980214171992, 0.0], [73.81599522285418, 18.642754311886737, 0.0], [73.8157582450551, 18.642752819247747, 0.0]]]}, "properties": {"name": "PMP-T0990", "emu_id": "EMU_Deccan_forest", "typicality_percentile": 19.1, "is_medoid": false, "in_position_pool": false, "pool_rank": null, "selection_rationale": "pool position never used this baseline"}}, {"type": "Feature", "geometry": {"type": "Polygon", "coordinates": [[[73.81575667906729, 18.642978721513625, 0.0], [73.81575511305704, 18.643204623773947, 0.0], [73.81599209148251, 18.6432061164517, 0.0], [73.81599365717958, 18.642980214171992, 0.0], [73.81575667906729, 18.642978721513625, 0.0]]]}, "properties": {"name": "PMP-T0991", "emu_id": "EMU_Deccan_forest", "typicality_percentile": 75.7, "is_medoid": false, "in_position_pool": false, "pool_rank": null, "selection_rationale": "pool position never used this baseline"}}, {"type": "Feature", "geometry": {"type": "Polygon", "coordinates": [[[73.81575511305704, 18.643204623773947, 0.0], [73.81575354702436, 18.643430526028723, 0.0], [73.81599052576303, 18.643432018725854, 0.0], [73.81599209148251, 18.6432061164517, 0.0], [73.81575511305704, 18.643204623773947, 0.0]]]}, "properties": {"name": "PMP-T0992", "emu_id": "EMU_Deccan_forest", "typicality_percentile": 22.5, "is_medoid": false, "in_position_pool": false, "pool_rank": null, "selection_rationale": "pool position never used this baseline"}}, {"type": "Feature", "geometry": {"type": "Polygon", "coordinates": [[[73.81574728266916, 18.644334134992334, 0.0], [73.81574571652428, 18.64456003721936, 0.0], [73.81598269682901, 18.644561530013405, 0.0], [73.81598426266069, 18.644335627766996, 0.0], [73.81574728266916, 18.644334134992334, 0.0]]]}, "properties": {"name": "PMP-T0995", "emu_id": "EMU_Deccan_forest", "typicality_percentile": 3.9, "is_medoid": false, "in_position_pool": false, "pool_rank": null, "selection_rationale": "pool position never used this baseline"}}, {"type": "Feature", "geometry": {"type": "Polygon", "coordinates": [[[73.81598269682901, 18.644561530013405, 0.0], [73.81574571652428, 18.64456003721936, 0.0], [73.81574415035692, 18.644785939440844, 0.0], [73.81592199370978, 18.644787059758517, 0.0], [73.81598139234832, 18.644749724724665, 0.0], [73.81598269682901, 18.644561530013405, 0.0]]]}, "properties": {"name": "PMP-T0996", "emu_id": "EMU_Deccan_forest", "typicality_percentile": 22.4, "is_medoid": false, "in_position_pool": false, "pool_rank": null, "selection_rationale": "pool position never used this baseline"}}, {"type": "Feature", "geometry": {"type": "Polygon", "coordinates": [[[73.81574101795489, 18.64523774386716, 0.0], [73.81597799919933, 18.645239236719352, 0.0], [73.81597956509833, 18.645013334489587, 0.0], [73.81582188629848, 18.64501234124425, 0.0], [73.81574223358734, 18.64506240772408, 0.0], [73.81574101795489, 18.64523774386716, 0.0]]]}, "properties": {"name": "PMP-T0997", "emu_id": "EMU_Deccan_forest", "typicality_percentile": 24.6, "is_medoid": false, "in_position_pool": false, "pool_rank": null, "selection_rationale": "pool position never used this baseline"}}, {"type": "Feature", "geometry": {"type": "Polygon", "coordinates": [[[73.81574101795489, 18.64523774386716, 0.0], [73.81573945172022, 18.645463646071992, 0.0], [73.8159764332779, 18.645465138943567, 0.0], [73.81597799919933, 18.645239236719352, 0.0], [73.81574101795489, 18.64523774386716, 0.0]]]}, "properties": {"name": "PMP-T0998", "emu_id": "EMU_Deccan_forest", "typicality_percentile": 28.5, "is_medoid": false, "in_position_pool": false, "pool_rank": null, "selection_rationale": "pool position never used this baseline"}}, {"type": "Feature", "geometry": {"type": "Polygon", "coordinates": [[[73.81573945172022, 18.645463646071992, 0.0], [73.81573788546311, 18.645689548271275, 0.0], [73.81597486733402, 18.64569104116223, 0.0], [73.8159764332779, 18.645465138943567, 0.0], [73.81573945172022, 18.645463646071992, 0.0]]]}, "properties": {"name": "PMP-T0999", "emu_id": "EMU_Deccan_forest", "typicality_percentile": 28.3, "is_medoid": false, "in_position_pool": false, "pool_rank": null, "selection_rationale": "pool position never used this baseline"}}, {"type": "Feature", "geometry": {"type": "Polygon", "coordinates": [[[73.81573788546311, 18.645689548271275, 0.0], [73.81573631918354, 18.645915450465008, 0.0], [73.8159733013677, 18.64591694337535, 0.0], [73.81597486733402, 18.64569104116223, 0.0], [73.81573788546311, 18.645689548271275, 0.0]]]}, "properties": {"name": "PMP-T1000", "emu_id": "EMU_Deccan_forest", "typicality_percentile": 29.0, "is_medoid": false, "in_position_pool": false, "pool_rank": null, "selection_rationale": "pool position never used this baseline"}}, {"type": "Feature", "geometry": {"type": "Polygon", "coordinates": [[[73.8159733013677, 18.64591694337535, 0.0], [73.81573631918354, 18.645915450465008, 0.0], [73.81573475288153, 18.646141352653192, 0.0], [73.81594439210554, 18.64614267334246, 0.0], [73.8159718644557, 18.64612422569731, 0.0], [73.8159733013677, 18.64591694337535, 0.0]]]}, "properties": {"name": "PMP-T1001", "emu_id": "EMU_Deccan_forest", "typicality_percentile": 37.1, "is_medoid": false, "in_position_pool": false, "pool_rank": null, "selection_rationale": "pool position never used this baseline"}}, {"type": "Feature", "geometry": {"type": "Polygon", "coordinates": [[[73.81602966201922, 18.637784460207456, 0.0], [73.8160280968382, 18.638010362614764, 0.0], [73.81626506808375, 18.638011854548267, 0.0], [73.81626663295168, 18.63778595212158, 0.0], [73.81602966201922, 18.637784460207456, 0.0]]]}, "properties": {"name": "PMP-T1002", "emu_id": "EMU_Deccan_forest", "typicality_percentile": 55.2, "is_medoid": false, "in_position_pool": false, "pool_rank": null, "selection_rationale": "pool position never used this baseline"}}, {"type": "Feature", "geometry": {"type": "Polygon", "coordinates": [[[73.8160280968382, 18.638010362614764, 0.0], [73.81602653163473, 18.638236265016534, 0.0], [73.8162635031934, 18.638237756969403, 0.0], [73.81626506808375, 18.638011854548267, 0.0], [73.8160280968382, 18.638010362614764, 0.0]]]}, "properties": {"name": "PMP-T1003", "emu_id": "EMU_Deccan_forest", "typicality_percentile": 81.8, "is_medoid": false, "in_position_pool": false, "pool_rank": null, "selection_rationale": "pool position never used this baseline"}}, {"type": "Feature", "geometry": {"type": "Polygon", "coordinates": [[[73.81602653163473, 18.638236265016534, 0.0], [73.81602496640886, 18.638462167412747, 0.0], [73.81626193828062, 18.638463659385, 0.0], [73.8162635031934, 18.638237756969403, 0.0], [73.81602653163473, 18.638236265016534, 0.0]]]}, "properties": {"name": "PMP-T1004", "emu_id": "EMU_Deccan_forest", "typicality_percentile": 91.5, "is_medoid": false, "in_position_pool": false, "pool_rank": null, "selection_rationale": "pool position never used this baseline"}}, {"type": "Feature", "geometry": {"type": "Polygon", "coordinates": [[[73.81602496640886, 18.638462167412747, 0.0], [73.81602340116054, 18.638688069803408, 0.0], [73.8162603733454, 18.638689561795047, 0.0], [73.81626193828062, 18.638463659385, 0.0], [73.81602496640886, 18.638462167412747, 0.0]]]}, "properties": {"name": "PMP-T1005", "emu_id": "EMU_Deccan_forest", "typicality_percentile": 94.2, "is_medoid": false, "in_position_pool": false, "pool_rank": null, "selection_rationale": "pool position never used this baseline"}}, {"type": "Feature", "geometry": {"type": "Polygon", "coordinates": [[[73.81602340116054, 18.638688069803408, 0.0], [73.81602183588977, 18.63891397218853, 0.0], [73.81625880838776, 18.638915464199542, 0.0], [73.8162603733454, 18.638689561795047, 0.0], [73.81602340116054, 18.638688069803408, 0.0]]]}, "properties": {"name": "PMP-T1006", "emu_id": "EMU_Deccan_forest", "typicality_percentile": 90.6, "is_medoid": false, "in_position_pool": false, "pool_rank": null, "selection_rationale": "pool position never used this baseline"}}, {"type": "Feature", "geometry": {"type": "Polygon", "coordinates": [[[73.81602183588977, 18.63891397218853, 0.0], [73.81602027059658, 18.639139874568105, 0.0], [73.81625724340768, 18.639141366598487, 0.0], [73.81625880838776, 18.638915464199542, 0.0], [73.81602183588977, 18.63891397218853, 0.0]]]}, "properties": {"name": "PMP-T1007", "emu_id": "EMU_Deccan_forest", "typicality_percentile": 91.3, "is_medoid": false, "in_position_pool": false, "pool_rank": null, "selection_rationale": "pool position never used this baseline"}}, {"type": "Feature", "geometry": {"type": "Polygon", "coordinates": [[[73.81602027059658, 18.639139874568105, 0.0], [73.81601870528095, 18.639365776942128, 0.0], [73.81625567840517, 18.639367268991894, 0.0], [73.81625724340768, 18.639141366598487, 0.0], [73.81602027059658, 18.639139874568105, 0.0]]]}, "properties": {"name": "PMP-T1008", "emu_id": "EMU_Deccan_forest", "typicality_percentile": 87.6, "is_medoid": false, "in_position_pool": false, "pool_rank": null, "selection_rationale": "pool position never used this baseline"}}, {"type": "Feature", "geometry": {"type": "Polygon", "coordinates": [[[73.81625411338023, 18.639593171379747, 0.0], [73.81625567840517, 18.639367268991894, 0.0], [73.81601870528095, 18.639365776942128, 0.0], [73.81601729391814, 18.639569458456283, 0.0], [73.81601966421273, 18.639570687621525, 0.0], [73.81602721534745, 18.63957555335704, 0.0], [73.81603424136416, 18.639581087937703, 0.0], [73.81604067730557, 18.639587240194984, 0.0], [73.81604465296355, 18.639591852557707, 0.0], [73.81625411338023, 18.639593171379747, 0.0]]]}, "properties": {"name": "PMP-T1009", "emu_id": "EMU_Deccan_forest", "typicality_percentile": 85.7, "is_medoid": false, "in_position_pool": false, "pool_rank": null, "selection_rationale": "pool position never used this baseline"}}, {"type": "Feature", "geometry": {"type": "Polygon", "coordinates": [[[73.81625411338023, 18.639593171379747, 0.0], [73.81604465296355, 18.639591852557707, 0.0], [73.81604646366972, 18.63959395324976, 0.0], [73.81605154696021, 18.63960116503819, 0.0], [73.81605588018063, 18.639608808885498, 0.0], [73.81605942326921, 18.63961681412243, 0.0], [73.81606214346905, 18.63962510673857, 0.0], [73.81606401563116, 18.63963361006659, 0.0], [73.81606502244672, 18.63964224549108, 0.0], [73.81606515460739, 18.639650933175346, 0.0], [73.81606241461137, 18.639728655497887, 0.0], [73.81606163505309, 18.639737573988086, 0.0], [73.81605993389323, 18.639746375230406, 0.0], [73.81605732781775, 18.639754972896935, 0.0], [73.81605384238843, 18.639763282656542, 0.0], [73.81604951179239, 18.639771223002032, 0.0], [73.8160469923495, 18.639774900628222, 0.0], [73.81625279052821, 18.639784114963835, 0.0], [73.81625411338023, 18.639593171379747, 0.0]]]}, "properties": {"name": "PMP-T1010", "emu_id": "EMU_Deccan_forest", "typicality_percentile": 88.7, "is_medoid": false, "in_position_pool": false, "pool_rank": null, "selection_rationale": "pool position never used this baseline"}}, {"type": "Feature", "geometry": {"type": "Polygon", "coordinates": [[[73.81600774744335, 18.64094709340496, 0.0], [73.81624472275952, 18.640948585590365, 0.0], [73.81624560918118, 18.640820647119074, 0.0], [73.81612178782756, 18.640823512790945, 0.0], [73.81611327822509, 18.64082334535696, 0.0], [73.8161048186812, 18.640822450954143, 0.0], [73.81609647739928, 18.640820836793452, 0.0], [73.81608832162942, 18.64081851588876, 0.0], [73.81608041712599, 18.640815506951938, 0.0], [73.81600887312699, 18.640784654257022, 0.0], [73.81600774744335, 18.64094709340496, 0.0]]]}, "properties": {"name": "PMP-T1014", "emu_id": "EMU_Deccan_forest", "typicality_percentile": 80.3, "is_medoid": false, "in_position_pool": false, "pool_rank": null, "selection_rationale": "pool position never used this baseline"}}, {"type": "Feature", "geometry": {"type": "Polygon", "coordinates": [[[73.81600774744335, 18.64094709340496, 0.0], [73.81600618194824, 18.641172995734603, 0.0], [73.81624315757756, 18.641174487939388, 0.0], [73.81624472275952, 18.640948585590365, 0.0], [73.81600774744335, 18.64094709340496, 0.0]]]}, "properties": {"name": "PMP-T1015", "emu_id": "EMU_Deccan_forest", "typicality_percentile": 19.4, "is_medoid": false, "in_position_pool": false, "pool_rank": null, "selection_rationale": "pool position never used this baseline"}}, {"type": "Feature", "geometry": {"type": "Polygon", "coordinates": [[[73.81600618194824, 18.641172995734603, 0.0], [73.81600461643069, 18.641398898058696, 0.0], [73.81624159237316, 18.641400390282858, 0.0], [73.81624315757756, 18.641174487939388, 0.0], [73.81600618194824, 18.641172995734603, 0.0]]]}, "properties": {"name": "PMP-T1016", "emu_id": "EMU_Deccan_forest", "typicality_percentile": 18.5, "is_medoid": false, "in_position_pool": false, "pool_rank": null, "selection_rationale": "pool position never used this baseline"}}, {"type": "Feature", "geometry": {"type": "Polygon", "coordinates": [[[73.81624159237316, 18.641400390282858, 0.0], [73.81600461643069, 18.641398898058696, 0.0], [73.81600356039641, 18.641551280718463, 0.0], [73.81600512331214, 18.641560843170794, 0.0], [73.81601321546029, 18.6415962269694, 0.0], [73.81601747957343, 18.641591303377314, 0.0], [73.81602722812283, 18.641582039950837, 0.0], [73.8160378705972, 18.641573718484587, 0.0], [73.81604930726346, 18.641566416960845, 0.0], [73.81606143094598, 18.641560203803834, 0.0], [73.81607412803108, 18.641555137238395, 0.0], [73.81608727953152, 18.641551264744457, 0.0], [73.81624080719278, 18.641513712335314, 0.0], [73.81624159237316, 18.641400390282858, 0.0]]]}, "properties": {"name": "PMP-T1017", "emu_id": "EMU_Deccan_forest", "typicality_percentile": 27.9, "is_medoid": false, "in_position_pool": false, "pool_rank": null, "selection_rationale": "pool position never used this baseline"}}, {"type": "Feature", "geometry": {"type": "Polygon", "coordinates": [[[73.81599522285418, 18.642754311886737, 0.0], [73.81599365717958, 18.642980214171992, 0.0], [73.81623063531428, 18.6429817065318, 0.0], [73.81623183716708, 18.64280826360758, 0.0], [73.81622664886712, 18.642803679480696, 0.0], [73.81622038494534, 18.64279779127178, 0.0], [73.81619820597315, 18.64277561133061, 0.0], [73.81619169349244, 18.64276863209461, 0.0], [73.81618024512485, 18.64275547706866, 0.0], [73.81599522285418, 18.642754311886737, 0.0]]]}, "properties": {"name": "PMP-T1018", "emu_id": "EMU_Deccan_forest", "typicality_percentile": 76.4, "is_medoid": false, "in_position_pool": false, "pool_rank": null, "selection_rationale": "pool position never used this baseline"}}, {"type": "Feature", "geometry": {"type": "Polygon", "coordinates": [[[73.81599365717958, 18.642980214171992, 0.0], [73.81599209148251, 18.6432061164517, 0.0], [73.81622906993044, 18.643207608830885, 0.0], [73.81623063531428, 18.6429817065318, 0.0], [73.81599365717958, 18.642980214171992, 0.0]]]}, "properties": {"name": "PMP-T1019", "emu_id": "EMU_Deccan_forest", "typicality_percentile": 71.2, "is_medoid": false, "in_position_pool": false, "pool_rank": null, "selection_rationale": "pool position never used this baseline"}}, {"type": "Feature", "geometry": {"type": "Polygon", "coordinates": [[[73.81599209148251, 18.6432061164517, 0.0], [73.81599052576303, 18.643432018725854, 0.0], [73.81622750452415, 18.643433511124417, 0.0], [73.81622906993044, 18.643207608830885, 0.0], [73.81599209148251, 18.6432061164517, 0.0]]]}, "properties": {"name": "PMP-T1020", "emu_id": "EMU_Deccan_forest", "typicality_percentile": 66.9, "is_medoid": false, "in_position_pool": false, "pool_rank": null, "selection_rationale": "pool position never used this baseline"}}, {"type": "Feature", "geometry": {"type": "Polygon", "coordinates": [[[73.81597956509833, 18.645013334489587, 0.0], [73.81621654605196, 18.645014827023797, 0.0], [73.81621811161529, 18.644788924769102, 0.0], [73.81617554043152, 18.644788656675868, 0.0], [73.81606803771959, 18.644857617598294, 0.0], [73.81606766748031, 18.64485785270068, 0.0], [73.81598026202384, 18.64491279246076, 0.0], [73.81597956509833, 18.645013334489587, 0.0]]]}, "properties": {"name": "PMP-T1024", "emu_id": "EMU_Deccan_forest", "typicality_percentile": 23.8, "is_medoid": false, "in_position_pool": false, "pool_rank": null, "selection_rationale": "pool position never used this baseline"}}, {"type": "Feature", "geometry": {"type": "Polygon", "coordinates": [[[73.81597956509833, 18.645013334489587, 0.0], [73.81597799919933, 18.645239236719352, 0.0], [73.8162149804662, 18.64524072927294, 0.0], [73.81621654605196, 18.645014827023797, 0.0], [73.81597956509833, 18.645013334489587, 0.0]]]}, "properties": {"name": "PMP-T1025", "emu_id": "EMU_Deccan_forest", "typicality_percentile": 25.4, "is_medoid": false, "in_position_pool": false, "pool_rank": null, "selection_rationale": "pool position never used this baseline"}}, {"type": "Feature", "geometry": {"type": "Polygon", "coordinates": [[[73.81597799919933, 18.645239236719352, 0.0], [73.8159764332779, 18.645465138943567, 0.0], [73.816213414858, 18.645466631516534, 0.0], [73.8162149804662, 18.64524072927294, 0.0], [73.81597799919933, 18.645239236719352, 0.0]]]}, "properties": {"name": "PMP-T1026", "emu_id": "EMU_Deccan_forest", "typicality_percentile": 30.8, "is_medoid": false, "in_position_pool": true, "pool_rank": 13, "selection_rationale": "best-scoring position in its spatial region \u2014 extends coverage of the EMU"}}, {"type": "Feature", "geometry": {"type": "Polygon", "coordinates": [[[73.8159764332779, 18.645465138943567, 0.0], [73.81597486733402, 18.64569104116223, 0.0], [73.81621184922737, 18.64569253375458, 0.0], [73.816213414858, 18.645466631516534, 0.0], [73.8159764332779, 18.645465138943567, 0.0]]]}, "properties": {"name": "PMP-T1027", "emu_id": "EMU_Deccan_forest", "typicality_percentile": 30.9, "is_medoid": false, "in_position_pool": false, "pool_rank": null, "selection_rationale": "pool position never used this baseline"}}, {"type": "Feature", "geometry": {"type": "Polygon", "coordinates": [[[73.81597486733402, 18.64569104116223, 0.0], [73.8159733013677, 18.64591694337535, 0.0], [73.8162102835743, 18.645918435987078, 0.0], [73.81621184922737, 18.64569253375458, 0.0], [73.81597486733402, 18.64569104116223, 0.0]]]}, "properties": {"name": "PMP-T1028", "emu_id": "EMU_Deccan_forest", "typicality_percentile": 32.2, "is_medoid": false, "in_position_pool": false, "pool_rank": null, "selection_rationale": "pool position never used this baseline"}}, {"type": "Feature", "geometry": {"type": "Polygon", "coordinates": [[[73.8162102835743, 18.645918435987078, 0.0], [73.8159733013677, 18.64591694337535, 0.0], [73.8159718644557, 18.64612422569731, 0.0], [73.81610010507261, 18.646038112190777, 0.0], [73.8162100222052, 18.64595614764422, 0.0], [73.8162102835743, 18.645918435987078, 0.0]]]}, "properties": {"name": "PMP-T1029", "emu_id": "EMU_Deccan_forest", "typicality_percentile": 31.9, "is_medoid": false, "in_position_pool": false, "pool_rank": null, "selection_rationale": "pool position never used this baseline"}}, {"type": "Feature", "geometry": {"type": "Polygon", "coordinates": [[[73.81626663295168, 18.63778595212158, 0.0], [73.81626506808375, 18.638011854548267, 0.0], [73.81650203935176, 18.638013346183286, 0.0], [73.81650360390658, 18.637787443737224, 0.0], [73.81626663295168, 18.63778595212158, 0.0]]]}, "properties": {"name": "PMP-T1030", "emu_id": "EMU_Deccan_forest", "typicality_percentile": 32.1, "is_medoid": false, "in_position_pool": false, "pool_rank": null, "selection_rationale": "pool position never used this baseline"}}, {"type": "Feature", "geometry": {"type": "Polygon", "coordinates": [[[73.81626506808375, 18.638011854548267, 0.0], [73.8162635031934, 18.638237756969403, 0.0], [73.8165004747745, 18.638239248623798, 0.0], [73.81650203935176, 18.638013346183286, 0.0], [73.81626506808375, 18.638011854548267, 0.0]]]}, "properties": {"name": "PMP-T1031", "emu_id": "EMU_Deccan_forest", "typicality_percentile": 34.7, "is_medoid": false, "in_position_pool": false, "pool_rank": null, "selection_rationale": "pool position never used this baseline"}}, {"type": "Feature", "geometry": {"type": "Polygon", "coordinates": [[[73.8162635031934, 18.638237756969403, 0.0], [73.81626193828062, 18.638463659385, 0.0], [73.81649891017481, 18.638465151058767, 0.0], [73.8165004747745, 18.638239248623798, 0.0], [73.8162635031934, 18.638237756969403, 0.0]]]}, "properties": {"name": "PMP-T1032", "emu_id": "EMU_Deccan_forest", "typicality_percentile": 51.9, "is_medoid": false, "in_position_pool": false, "pool_rank": null, "selection_rationale": "pool position never used this baseline"}}, {"type": "Feature", "geometry": {"type": "Polygon", "coordinates": [[[73.81626193828062, 18.638463659385, 0.0], [73.8162603733454, 18.638689561795047, 0.0], [73.8164973455527, 18.638691053488184, 0.0], [73.81649891017481, 18.638465151058767, 0.0], [73.81626193828062, 18.638463659385, 0.0]]]}, "properties": {"name": "PMP-T1033", "emu_id": "EMU_Deccan_forest", "typicality_percentile": 88.2, "is_medoid": false, "in_position_pool": false, "pool_rank": null, "selection_rationale": "pool position never used this baseline"}}, {"type": "Feature", "geometry": {"type": "Polygon", "coordinates": [[[73.8162603733454, 18.638689561795047, 0.0], [73.81625880838776, 18.638915464199542, 0.0], [73.81649578090817, 18.638916955912055, 0.0], [73.8164973455527, 18.638691053488184, 0.0], [73.8162603733454, 18.638689561795047, 0.0]]]}, "properties": {"name": "PMP-T1034", "emu_id": "EMU_Deccan_forest", "typicality_percentile": 85.5, "is_medoid": false, "in_position_pool": false, "pool_rank": null, "selection_rationale": "pool position never used this baseline"}}, {"type": "Feature", "geometry": {"type": "Polygon", "coordinates": [[[73.81625880838776, 18.638915464199542, 0.0], [73.81625724340768, 18.639141366598487, 0.0], [73.8164942162412, 18.639142858330377, 0.0], [73.81649578090817, 18.638916955912055, 0.0], [73.81625880838776, 18.638915464199542, 0.0]]]}, "properties": {"name": "PMP-T1035", "emu_id": "EMU_Deccan_forest", "typicality_percentile": 88.3, "is_medoid": false, "in_position_pool": false, "pool_rank": null, "selection_rationale": "pool position never used this baseline"}}, {"type": "Feature", "geometry": {"type": "Polygon", "coordinates": [[[73.8164942162412, 18.639142858330377, 0.0], [73.81625724340768, 18.639141366598487, 0.0], [73.81625567840517, 18.639367268991894, 0.0], [73.81648907848484, 18.639368738252838, 0.0], [73.81649412347763, 18.639156251184463, 0.0], [73.8164942162412, 18.639142858330377, 0.0]]]}, "properties": {"name": "PMP-T1036", "emu_id": "EMU_Deccan_forest", "typicality_percentile": 86.6, "is_medoid": false, "in_position_pool": false, "pool_rank": null, "selection_rationale": "pool position never used this baseline"}}, {"type": "Feature", "geometry": {"type": "Polygon", "coordinates": [[[73.81625567840517, 18.639367268991894, 0.0], [73.81625411338023, 18.639593171379747, 0.0], [73.81648371551319, 18.639594616751673, 0.0], [73.81648907848484, 18.639368738252838, 0.0], [73.81625567840517, 18.639367268991894, 0.0]]]}, "properties": {"name": "PMP-T1037", "emu_id": "EMU_Deccan_forest", "typicality_percentile": 86.1, "is_medoid": false, "in_position_pool": false, "pool_rank": null, "selection_rationale": "pool position never used this baseline"}}, {"type": "Feature", "geometry": {"type": "Polygon", "coordinates": [[[73.81625411338023, 18.639593171379747, 0.0], [73.81625279052821, 18.639784114963835, 0.0], [73.81647897584185, 18.639794241845543, 0.0], [73.81648371551319, 18.639594616751673, 0.0], [73.81625411338023, 18.639593171379747, 0.0]]]}, "properties": {"name": "PMP-T1038", "emu_id": "EMU_Deccan_forest", "typicality_percentile": 87.9, "is_medoid": false, "in_position_pool": false, "pool_rank": null, "selection_rationale": "pool position never used this baseline"}}, {"type": "Feature", "geometry": {"type": "Polygon", "coordinates": [[[73.81624472275952, 18.640948585590365, 0.0], [73.81648169809812, 18.640950077477243, 0.0], [73.8164826326774, 18.640815161314013, 0.0], [73.81624560918118, 18.640820647119074, 0.0], [73.81624472275952, 18.640948585590365, 0.0]]]}, "properties": {"name": "PMP-T1042", "emu_id": "EMU_Deccan_forest", "typicality_percentile": 88.6, "is_medoid": false, "in_position_pool": false, "pool_rank": null, "selection_rationale": "pool position never used this baseline"}}, {"type": "Feature", "geometry": {"type": "Polygon", "coordinates": [[[73.81624472275952, 18.640948585590365, 0.0], [73.81624315757756, 18.641174487939388, 0.0], [73.81648013322932, 18.64117597984563, 0.0], [73.81648169809812, 18.640950077477243, 0.0], [73.81624472275952, 18.640948585590365, 0.0]]]}, "properties": {"name": "PMP-T1043", "emu_id": "EMU_Deccan_forest", "typicality_percentile": 18.9, "is_medoid": false, "in_position_pool": false, "pool_rank": null, "selection_rationale": "pool position never used this baseline"}}, {"type": "Feature", "geometry": {"type": "Polygon", "coordinates": [[[73.81624315757756, 18.641174487939388, 0.0], [73.81624159237316, 18.641400390282858, 0.0], [73.81647856833808, 18.641401882208477, 0.0], [73.81648013322932, 18.64117597984563, 0.0], [73.81624315757756, 18.641174487939388, 0.0]]]}, "properties": {"name": "PMP-T1044", "emu_id": "EMU_Deccan_forest", "typicality_percentile": 28.0, "is_medoid": false, "in_position_pool": false, "pool_rank": null, "selection_rationale": "pool position never used this baseline"}}, {"type": "Feature", "geometry": {"type": "Polygon", "coordinates": [[[73.81647230854885, 18.642305491604372, 0.0], [73.8164738735298, 18.642079589263723, 0.0], [73.81625648557542, 18.642078220621443, 0.0], [73.81625668317905, 18.64207851442891, 0.0], [73.81627196274427, 18.642093650028265, 0.0], [73.81628647078294, 18.64210651546423, 0.0], [73.81629345528941, 18.64211315459737, 0.0], [73.81630967994137, 18.64212968581755, 0.0], [73.8163161648078, 18.64213677056403, 0.0], [73.81633114817853, 18.642154334252705, 0.0], [73.81633710219867, 18.64216183051975, 0.0], [73.81635077218726, 18.64218034215989, 0.0], [73.81635616671066, 18.64218821387612, 0.0], [73.81636845753599, 18.642207584389194, 0.0], [73.81637326660339, 18.642215793675245, 0.0], [73.81638411912076, 18.64223592984949, 0.0], [73.81638831959047, 18.642244437202045, 0.0], [73.81639445917072, 18.642258081059396, 0.0], [73.81643474319667, 18.642305255113705, 0.0], [73.81647230854885, 18.642305491604372, 0.0]]]}, "properties": {"name": "PMP-T1045", "emu_id": "EMU_Deccan_forest", "typicality_percentile": 77.2, "is_medoid": false, "in_position_pool": false, "pool_rank": null, "selection_rationale": "pool position never used this baseline"}}, {"type": "Feature", "geometry": {"type": "Polygon", "coordinates": [[[73.81623063531428, 18.6429817065318, 0.0], [73.81622906993044, 18.643207608830885, 0.0], [73.81635622953367, 18.643208409499316, 0.0], [73.8163590572408, 18.642982515138662, 0.0], [73.81623063531428, 18.6429817065318, 0.0]]]}, "properties": {"name": "PMP-T1046", "emu_id": "EMU_Deccan_forest", "typicality_percentile": 72.8, "is_medoid": false, "in_position_pool": false, "pool_rank": null, "selection_rationale": "pool position never used this baseline"}}, {"type": "Feature", "geometry": {"type": "Polygon", "coordinates": [[[73.81622906993044, 18.643207608830885, 0.0], [73.81622750452415, 18.643433511124417, 0.0], [73.81635317098996, 18.643434302400937, 0.0], [73.81635395792622, 18.643389877754696, 0.0], [73.81635622953367, 18.643208409499316, 0.0], [73.81622906993044, 18.643207608830885, 0.0]]]}, "properties": {"name": "PMP-T1047", "emu_id": "EMU_Deccan_forest", "typicality_percentile": 60.7, "is_medoid": false, "in_position_pool": false, "pool_rank": null, "selection_rationale": "pool position never used this baseline"}}, {"type": "Feature", "geometry": {"type": "Polygon", "coordinates": [[[73.81621811161529, 18.644788924769102, 0.0], [73.81645509227812, 18.644790416985334, 0.0], [73.8164566575058, 18.644564514705714, 0.0], [73.81639531434072, 18.644564128474173, 0.0], [73.81638120063049, 18.64458563575551, 0.0], [73.81637948683067, 18.644588068185396, 0.0], [73.81634909226608, 18.644628323233253, 0.0], [73.81634721667142, 18.64463064465483, 0.0], [73.81631414878609, 18.644668937015194, 0.0], [73.81631211928497, 18.644671137664876, 0.0], [73.81627651715675, 18.644707306284655, 0.0], [73.81627434228496, 18.644709376906736, 0.0], [73.81623635565043, 18.644743269665312, 0.0], [73.81623404455515, 18.644745201550993, 0.0], [73.81621832938055, 18.644757502174507, 0.0], [73.81621811161529, 18.644788924769102, 0.0]]]}, "properties": {"name": "PMP-T1048", "emu_id": "EMU_Deccan_forest", "typicality_percentile": 60.8, "is_medoid": false, "in_position_pool": false, "pool_rank": null, "selection_rationale": "pool position never used this baseline"}}, {"type": "Feature", "geometry": {"type": "Polygon", "coordinates": [[[73.81621811161529, 18.644788924769102, 0.0], [73.81621654605196, 18.645014827023797, 0.0], [73.81645352702803, 18.645016319259405, 0.0], [73.81645509227812, 18.644790416985334, 0.0], [73.81621811161529, 18.644788924769102, 0.0]]]}, "properties": {"name": "PMP-T1049", "emu_id": "EMU_Deccan_forest", "typicality_percentile": 25.1, "is_medoid": false, "in_position_pool": false, "pool_rank": null, "selection_rationale": "pool position never used this baseline"}}, {"type": "Feature", "geometry": {"type": "Polygon", "coordinates": [[[73.81621654605196, 18.645014827023797, 0.0], [73.8162149804662, 18.64524072927294, 0.0], [73.8164519617555, 18.64524222152792, 0.0], [73.81645352702803, 18.645016319259405, 0.0], [73.81621654605196, 18.645014827023797, 0.0]]]}, "properties": {"name": "PMP-T1050", "emu_id": "EMU_Deccan_forest", "typicality_percentile": 24.9, "is_medoid": false, "in_position_pool": false, "pool_rank": null, "selection_rationale": "pool position never used this baseline"}}, {"type": "Feature", "geometry": {"type": "Polygon", "coordinates": [[[73.8162149804662, 18.64524072927294, 0.0], [73.816213414858, 18.645466631516534, 0.0], [73.81645039646055, 18.645468123790884, 0.0], [73.8164519617555, 18.64524222152792, 0.0], [73.8162149804662, 18.64524072927294, 0.0]]]}, "properties": {"name": "PMP-T1051", "emu_id": "EMU_Deccan_forest", "typicality_percentile": 23.4, "is_medoid": false, "in_position_pool": false, "pool_rank": null, "selection_rationale": "pool position never used this baseline"}}, {"type": "Feature", "geometry": {"type": "Polygon", "coordinates": [[[73.816213414858, 18.645466631516534, 0.0], [73.81621184922737, 18.64569253375458, 0.0], [73.81644883114316, 18.645694026048304, 0.0], [73.81645039646055, 18.645468123790884, 0.0], [73.816213414858, 18.645466631516534, 0.0]]]}, "properties": {"name": "PMP-T1052", "emu_id": "EMU_Deccan_forest", "typicality_percentile": 33.2, "is_medoid": false, "in_position_pool": false, "pool_rank": null, "selection_rationale": "pool position never used this baseline"}}, {"type": "Feature", "geometry": {"type": "Polygon", "coordinates": [[[73.81644883114316, 18.645694026048304, 0.0], [73.81621184922737, 18.64569253375458, 0.0], [73.8162102835743, 18.645918435987078, 0.0], [73.81626017336544, 18.645918750175497, 0.0], [73.8163266481305, 18.6458691802289, 0.0], [73.81644817460247, 18.645788775212, 0.0], [73.81644883114316, 18.645694026048304, 0.0]]]}, "properties": {"name": "PMP-T1053", "emu_id": "EMU_Deccan_forest", "typicality_percentile": 33.8, "is_medoid": false, "in_position_pool": false, "pool_rank": null, "selection_rationale": "pool position never used this baseline"}}, {"type": "Feature", "geometry": {"type": "Polygon", "coordinates": [[[73.81648169809812, 18.640950077477243, 0.0], [73.81671867345915, 18.640951569065578, 0.0], [73.81671965617669, 18.640809675209212, 0.0], [73.8164826326774, 18.640815161314013, 0.0], [73.81648169809812, 18.640950077477243, 0.0]]]}, "properties": {"name": "PMP-T1057", "emu_id": "EMU_Deccan_forest", "typicality_percentile": 35.8, "is_medoid": false, "in_position_pool": false, "pool_rank": null, "selection_rationale": "pool position never used this baseline"}}, {"type": "Feature", "geometry": {"type": "Polygon", "coordinates": [[[73.81648169809812, 18.640950077477243, 0.0], [73.81648013322932, 18.64117597984563, 0.0], [73.81671710890349, 18.641177471453346, 0.0], [73.81671867345915, 18.640951569065578, 0.0], [73.81648169809812, 18.640950077477243, 0.0]]]}, "properties": {"name": "PMP-T1058", "emu_id": "EMU_Deccan_forest", "typicality_percentile": 19.8, "is_medoid": false, "in_position_pool": false, "pool_rank": null, "selection_rationale": "pool position never used this baseline"}}, {"type": "Feature", "geometry": {"type": "Polygon", "coordinates": [[[73.81648013322932, 18.64117597984563, 0.0], [73.81647856833808, 18.641401882208477, 0.0], [73.81671554432542, 18.641403373835555, 0.0], [73.81671710890349, 18.641177471453346, 0.0], [73.81648013322932, 18.64117597984563, 0.0]]]}, "properties": {"name": "PMP-T1059", "emu_id": "EMU_Deccan_forest", "typicality_percentile": 19.5, "is_medoid": false, "in_position_pool": false, "pool_rank": null, "selection_rationale": "pool position never used this baseline"}}, {"type": "Feature", "geometry": {"type": "Polygon", "coordinates": [[[73.81671397972491, 18.64162927621222, 0.0], [73.81671554432542, 18.641403373835555, 0.0], [73.81647856833808, 18.641401882208477, 0.0], [73.81647782440741, 18.641509272365948, 0.0], [73.81648633097093, 18.6415158499521, 0.0], [73.81649625416803, 18.64152520174007, 0.0], [73.8165051680056, 18.641535435695143, 0.0], [73.81651298663714, 18.641546453257327, 0.0], [73.81651963476352, 18.641558148319888, 0.0], [73.81652504835851, 18.641570408251294, 0.0], [73.81652917528511, 18.641583114979902, 0.0], [73.81654130721229, 18.64162818935526, 0.0], [73.81671397972491, 18.64162927621222, 0.0]]]}, "properties": {"name": "PMP-T1060", "emu_id": "EMU_Deccan_forest", "typicality_percentile": 49.0, "is_medoid": false, "in_position_pool": false, "pool_rank": null, "selection_rationale": "pool position never used this baseline"}}, {"type": "Feature", "geometry": {"type": "Polygon", "coordinates": [[[73.81671241510199, 18.641855178583338, 0.0], [73.81671397972491, 18.64162927621222, 0.0], [73.81654130721229, 18.64162818935526, 0.0], [73.81659438542007, 18.641825393303527, 0.0], [73.81659718566446, 18.64183842274611, 0.0], [73.81659863287577, 18.64185165107736, 0.0], [73.81659864983841, 18.641854462517234, 0.0], [73.81671241510199, 18.641855178583338, 0.0]]]}, "properties": {"name": "PMP-T1061", "emu_id": "EMU_Deccan_forest", "typicality_percentile": 69.7, "is_medoid": false, "in_position_pool": false, "pool_rank": null, "selection_rationale": "pool position never used this baseline"}}, {"type": "Feature", "geometry": {"type": "Polygon", "coordinates": [[[73.8164738735298, 18.642079589263723, 0.0], [73.81671085045666, 18.64208108094891, 0.0], [73.81671241510199, 18.641855178583338, 0.0], [73.81659864983841, 18.641854462517234, 0.0], [73.8165987131196, 18.641864950932252, 0.0], [73.81659742562309, 18.641878194257067, 0.0], [73.81659478278212, 18.641891253542372, 0.0], [73.81659081004229, 18.641904003050623, 0.0], [73.81658554565362, 18.6419163200269, 0.0], [73.81657904030256, 18.64192808588076, 0.0], [73.81657135662373, 18.641939187328017, 0.0], [73.81656256859705, 18.641949517481585, 0.0], [73.81655276083538, 18.64195897688048, 0.0], [73.81654202776983, 18.64196747444755, 0.0], [73.81653047274064, 18.641974928366363, 0.0], [73.81651820700205, 18.64198126686895, 0.0], [73.81650534865129, 18.64198642892681, 0.0], [73.8164920214914, 18.64199036483852, 0.0], [73.81647446186612, 18.641994663077007, 0.0], [73.8164738735298, 18.642079589263723, 0.0]]]}, "properties": {"name": "PMP-T1062", "emu_id": "EMU_Deccan_forest", "typicality_percentile": 60.4, "is_medoid": false, "in_position_pool": false, "pool_rank": null, "selection_rationale": "pool position never used this baseline"}}, {"type": "Feature", "geometry": {"type": "Polygon", "coordinates": [[[73.81671085045666, 18.64208108094891, 0.0], [73.8164738735298, 18.642079589263723, 0.0], [73.81647230854885, 18.642305491604372, 0.0], [73.81656090128646, 18.64230604930551, 0.0], [73.81656677577207, 18.64230105363249, 0.0], [73.8165876871713, 18.64228067032941, 0.0], [73.81660709485364, 18.642258977633414, 0.0], [73.81662490882393, 18.64223607613566, 0.0], [73.81664123464691, 18.642211792138596, 0.0], [73.81666858734287, 18.642165882676544, 0.0], [73.81669463810259, 18.64211792700053, 0.0], [73.81669493989483, 18.64211738062077, 0.0], [73.81670375691073, 18.642101679069736, 0.0], [73.81670532409045, 18.642099096885534, 0.0], [73.81671078348572, 18.642090750090745, 0.0], [73.81671085045666, 18.64208108094891, 0.0]]]}, "properties": {"name": "PMP-T1063", "emu_id": "EMU_Deccan_forest", "typicality_percentile": 53.5, "is_medoid": false, "in_position_pool": false, "pool_rank": null, "selection_rationale": "pool position never used this baseline"}}, {"type": "Feature", "geometry": {"type": "Polygon", "coordinates": [[[73.81670146211367, 18.64343649502581, 0.0], [73.81670252447967, 18.643283124954692, 0.0], [73.81663471906639, 18.64328016033129, 0.0], [73.81662096209301, 18.64327891808152, 0.0], [73.81660739658096, 18.643276408739194, 0.0], [73.816594150652, 18.643272656004218, 0.0], [73.8165813494095, 18.643267695319963, 0.0], [73.8165691137569, 18.643261573538464, 0.0], [73.8165575592558, 18.64325434847788, 0.0], [73.81654679503448, 18.64324608837655, 0.0], [73.8165369227573, 18.643236871248327, 0.0], [73.81652803566439, 18.643226784145913, 0.0], [73.81652021769116, 18.64321592233858, 0.0], [73.81651645358026, 18.643209418237625, 0.0], [73.8164984099656, 18.643209304645488, 0.0], [73.81649611725368, 18.643392471039984, 0.0], [73.81649611387213, 18.643392694759505, 0.0], [73.81649536101237, 18.64343519761906, 0.0], [73.81670146211367, 18.64343649502581, 0.0]]]}, "properties": {"name": "PMP-T1064", "emu_id": "EMU_Deccan_forest", "typicality_percentile": 57.9, "is_medoid": false, "in_position_pool": false, "pool_rank": null, "selection_rationale": "pool position never used this baseline"}}, {"type": "Feature", "geometry": {"type": "Polygon", "coordinates": [[[73.8164566575058, 18.644564514705714, 0.0], [73.81669363787783, 18.64456600660398, 0.0], [73.81669520276985, 18.644340104299438, 0.0], [73.81646057421547, 18.64433862722563, 0.0], [73.8164579477546, 18.644378296453134, 0.0], [73.8164566575058, 18.644564514705714, 0.0]]]}, "properties": {"name": "PMP-T1069", "emu_id": "EMU_Deccan_forest", "typicality_percentile": 5.1, "is_medoid": false, "in_position_pool": false, "pool_rank": null, "selection_rationale": "pool position never used this baseline"}}, {"type": "Feature", "geometry": {"type": "Polygon", "coordinates": [[[73.8164566575058, 18.644564514705714, 0.0], [73.81645509227812, 18.644790416985334, 0.0], [73.8166920729634, 18.64479190890297, 0.0], [73.81669363787783, 18.64456600660398, 0.0], [73.8164566575058, 18.644564514705714, 0.0]]]}, "properties": {"name": "PMP-T1070", "emu_id": "EMU_Deccan_forest", "typicality_percentile": 5.9, "is_medoid": false, "in_position_pool": false, "pool_rank": null, "selection_rationale": "pool position never used this baseline"}}, {"type": "Feature", "geometry": {"type": "Polygon", "coordinates": [[[73.81645509227812, 18.644790416985334, 0.0], [73.81645352702803, 18.645016319259405, 0.0], [73.81669050802653, 18.645017811196404, 0.0], [73.8166920729634, 18.64479190890297, 0.0], [73.81645509227812, 18.644790416985334, 0.0]]]}, "properties": {"name": "PMP-T1071", "emu_id": "EMU_Deccan_forest", "typicality_percentile": 6.4, "is_medoid": false, "in_position_pool": false, "pool_rank": null, "selection_rationale": "pool position never used this baseline"}}, {"type": "Feature", "geometry": {"type": "Polygon", "coordinates": [[[73.81645352702803, 18.645016319259405, 0.0], [73.8164519617555, 18.64524222152792, 0.0], [73.81668894306725, 18.645243713484287, 0.0], [73.81669050802653, 18.645017811196404, 0.0], [73.81645352702803, 18.645016319259405, 0.0]]]}, "properties": {"name": "PMP-T1072", "emu_id": "EMU_Deccan_forest", "typicality_percentile": 6.2, "is_medoid": false, "in_position_pool": false, "pool_rank": null, "selection_rationale": "pool position never used this baseline"}}, {"type": "Feature", "geometry": {"type": "Polygon", "coordinates": [[[73.8164519617555, 18.64524222152792, 0.0], [73.81645039646055, 18.645468123790884, 0.0], [73.81668737808553, 18.64546961576663, 0.0], [73.81668894306725, 18.645243713484287, 0.0], [73.8164519617555, 18.64524222152792, 0.0]]]}, "properties": {"name": "PMP-T1073", "emu_id": "EMU_Deccan_forest", "typicality_percentile": 28.9, "is_medoid": false, "in_position_pool": false, "pool_rank": null, "selection_rationale": "pool position never used this baseline"}}, {"type": "Feature", "geometry": {"type": "Polygon", "coordinates": [[[73.81668737808553, 18.64546961576663, 0.0], [73.81645039646055, 18.645468123790884, 0.0], [73.81644883114316, 18.645694026048304, 0.0], [73.81659144337027, 18.645694923944706, 0.0], [73.8166862328884, 18.64563492084752, 0.0], [73.81668737808553, 18.64546961576663, 0.0]]]}, "properties": {"name": "PMP-T1074", "emu_id": "EMU_Deccan_forest", "typicality_percentile": 33.7, "is_medoid": false, "in_position_pool": false, "pool_rank": null, "selection_rationale": "pool position never used this baseline"}}, {"type": "Feature", "geometry": {"type": "Polygon", "coordinates": [[[73.81674213910324, 18.63756303258342, 0.0], [73.81674057488392, 18.637788935054395, 0.0], [73.81697754588367, 18.63779042607308, 0.0], [73.81697910978991, 18.637564523582736, 0.0], [73.81674213910324, 18.63756303258342, 0.0]]]}, "properties": {"name": "PMP-T1075", "emu_id": "EMU_Deccan_forest", "typicality_percentile": 35.1, "is_medoid": false, "in_position_pool": false, "pool_rank": null, "selection_rationale": "pool position never used this baseline"}}, {"type": "Feature", "geometry": {"type": "Polygon", "coordinates": [[[73.81674057488392, 18.637788935054395, 0.0], [73.81673901064218, 18.638014837519822, 0.0], [73.81697598195503, 18.638016328557875, 0.0], [73.81697754588367, 18.63779042607308, 0.0], [73.81674057488392, 18.637788935054395, 0.0]]]}, "properties": {"name": "PMP-T1076", "emu_id": "EMU_Deccan_forest", "typicality_percentile": 34.2, "is_medoid": false, "in_position_pool": false, "pool_rank": null, "selection_rationale": "pool position never used this baseline"}}, {"type": "Feature", "geometry": {"type": "Polygon", "coordinates": [[[73.81673901064218, 18.638014837519822, 0.0], [73.81673744637801, 18.638240739979707, 0.0], [73.81697441800397, 18.638242231037122, 0.0], [73.81697598195503, 18.638016328557875, 0.0], [73.81673901064218, 18.638014837519822, 0.0]]]}, "properties": {"name": "PMP-T1077", "emu_id": "EMU_Deccan_forest", "typicality_percentile": 36.6, "is_medoid": false, "in_position_pool": false, "pool_rank": null, "selection_rationale": "pool position never used this baseline"}}, {"type": "Feature", "geometry": {"type": "Polygon", "coordinates": [[[73.81673744637801, 18.638240739979707, 0.0], [73.81673588209142, 18.63846664243404, 0.0], [73.81697285403047, 18.63846813351082, 0.0], [73.81697441800397, 18.638242231037122, 0.0], [73.81673744637801, 18.638240739979707, 0.0]]]}, "properties": {"name": "PMP-T1078", "emu_id": "EMU_Deccan_forest", "typicality_percentile": 41.8, "is_medoid": false, "in_position_pool": false, "pool_rank": null, "selection_rationale": "pool position never used this baseline"}}, {"type": "Feature", "geometry": {"type": "Polygon", "coordinates": [[[73.81673588209142, 18.63846664243404, 0.0], [73.81673431778242, 18.638692544882822, 0.0], [73.81697129003457, 18.63869403597898, 0.0], [73.81697285403047, 18.63846813351082, 0.0], [73.81673588209142, 18.63846664243404, 0.0]]]}, "properties": {"name": "PMP-T1079", "emu_id": "EMU_Deccan_forest", "typicality_percentile": 67.2, "is_medoid": false, "in_position_pool": false, "pool_rank": null, "selection_rationale": "pool position never used this baseline"}}, {"type": "Feature", "geometry": {"type": "Polygon", "coordinates": [[[73.81673431778242, 18.638692544882822, 0.0], [73.81673275345099, 18.638918447326066, 0.0], [73.81696972601627, 18.638919938441585, 0.0], [73.81697129003457, 18.63869403597898, 0.0], [73.81673431778242, 18.638692544882822, 0.0]]]}, "properties": {"name": "PMP-T1080", "emu_id": "EMU_Deccan_forest", "typicality_percentile": 65.5, "is_medoid": false, "in_position_pool": false, "pool_rank": null, "selection_rationale": "pool position never used this baseline"}}, {"type": "Feature", "geometry": {"type": "Polygon", "coordinates": [[[73.81673275345099, 18.638918447326066, 0.0], [73.81673118909714, 18.639144349763757, 0.0], [73.81696816197552, 18.63914584089864, 0.0], [73.81696972601627, 18.638919938441585, 0.0], [73.81673275345099, 18.638918447326066, 0.0]]]}, "properties": {"name": "PMP-T1081", "emu_id": "EMU_Deccan_forest", "typicality_percentile": 74.1, "is_medoid": false, "in_position_pool": false, "pool_rank": null, "selection_rationale": "pool position never used this baseline"}}, {"type": "Feature", "geometry": {"type": "Polygon", "coordinates": [[[73.81673118909714, 18.639144349763757, 0.0], [73.81672962472088, 18.639370252195903, 0.0], [73.81696659791236, 18.639371743350146, 0.0], [73.81696816197552, 18.63914584089864, 0.0], [73.81673118909714, 18.639144349763757, 0.0]]]}, "properties": {"name": "PMP-T1082", "emu_id": "EMU_Deccan_forest", "typicality_percentile": 77.9, "is_medoid": false, "in_position_pool": false, "pool_rank": null, "selection_rationale": "pool position never used this baseline"}}, {"type": "Feature", "geometry": {"type": "Polygon", "coordinates": [[[73.81672962472088, 18.639370252195903, 0.0], [73.81672806032219, 18.639596154622506, 0.0], [73.8169650338268, 18.639597645796115, 0.0], [73.81696659791236, 18.639371743350146, 0.0], [73.81672962472088, 18.639370252195903, 0.0]]]}, "properties": {"name": "PMP-T1083", "emu_id": "EMU_Deccan_forest", "typicality_percentile": 81.1, "is_medoid": false, "in_position_pool": false, "pool_rank": null, "selection_rationale": "pool position never used this baseline"}}, {"type": "Feature", "geometry": {"type": "Polygon", "coordinates": [[[73.81672806032219, 18.639596154622506, 0.0], [73.81672649590107, 18.639822057043553, 0.0], [73.81696346971881, 18.639823548236528, 0.0], [73.8169650338268, 18.639597645796115, 0.0], [73.81672806032219, 18.639596154622506, 0.0]]]}, "properties": {"name": "PMP-T1084", "emu_id": "EMU_Deccan_forest", "typicality_percentile": 83.4, "is_medoid": false, "in_position_pool": false, "pool_rank": null, "selection_rationale": "pool position never used this baseline"}}, {"type": "Feature", "geometry": {"type": "Polygon", "coordinates": [[[73.81671867345915, 18.640951569065578, 0.0], [73.8169556488426, 18.640953060355383, 0.0], [73.81695674450177, 18.640794827173178, 0.0], [73.81695110985463, 18.64079751258356, 0.0], [73.81694247172948, 18.640800668404186, 0.0], [73.81693355205059, 18.640803006548545, 0.0], [73.81692443576745, 18.640804504748555, 0.0], [73.81691520970189, 18.64080514873564, 0.0], [73.81671965617669, 18.640809675209212, 0.0], [73.81671867345915, 18.640951569065578, 0.0]]]}, "properties": {"name": "PMP-T1087", "emu_id": "EMU_Deccan_forest", "typicality_percentile": 80.1, "is_medoid": false, "in_position_pool": false, "pool_rank": null, "selection_rationale": "pool position never used this baseline"}}, {"type": "Feature", "geometry": {"type": "Polygon", "coordinates": [[[73.81671710890349, 18.641177471453346, 0.0], [73.81671554432542, 18.641403373835555, 0.0], [73.81695252033518, 18.641404865164095, 0.0], [73.8169540846001, 18.641178962762513, 0.0], [73.81671710890349, 18.641177471453346, 0.0]]]}, "properties": {"name": "PMP-T1089", "emu_id": "EMU_Deccan_forest", "typicality_percentile": 48.7, "is_medoid": false, "in_position_pool": false, "pool_rank": null, "selection_rationale": "pool position never used this baseline"}}, {"type": "Feature", "geometry": {"type": "Polygon", "coordinates": [[[73.81671554432542, 18.641403373835555, 0.0], [73.81671397972491, 18.64162927621222, 0.0], [73.81695095604785, 18.641630767560123, 0.0], [73.81695252033518, 18.641404865164095, 0.0], [73.81671554432542, 18.641403373835555, 0.0]]]}, "properties": {"name": "PMP-T1090", "emu_id": "EMU_Deccan_forest", "typicality_percentile": 79.2, "is_medoid": false, "in_position_pool": false, "pool_rank": null, "selection_rationale": "pool position never used this baseline"}}, {"type": "Feature", "geometry": {"type": "Polygon", "coordinates": [[[73.81671397972491, 18.64162927621222, 0.0], [73.81671241510199, 18.641855178583338, 0.0], [73.81694939173809, 18.641856669950606, 0.0], [73.81695095604785, 18.641630767560123, 0.0], [73.81671397972491, 18.64162927621222, 0.0]]]}, "properties": {"name": "PMP-T1091", "emu_id": "EMU_Deccan_forest", "typicality_percentile": 65.0, "is_medoid": false, "in_position_pool": false, "pool_rank": null, "selection_rationale": "pool position never used this baseline"}}, {"type": "Feature", "geometry": {"type": "Polygon", "coordinates": [[[73.81694939173809, 18.641856669950606, 0.0], [73.81671241510199, 18.641855178583338, 0.0], [73.81671085045666, 18.64208108094891, 0.0], [73.81671724192545, 18.64208112117679, 0.0], [73.81672786077054, 18.64206704834111, 0.0], [73.81672977103158, 18.642064685390853, 0.0], [73.81674165752254, 18.64205094528187, 0.0], [73.81674372719756, 18.642048707651877, 0.0], [73.81675653895468, 18.64203574524, 0.0], [73.81675875902114, 18.642033642685018, 0.0], [73.81677244019018, 18.642021514481193, 0.0], [73.8167748009694, 18.642019556167586, 0.0], [73.8167892919061, 18.642008315045693, 0.0], [73.81679178310561, 18.6420065095112, 0.0], [73.81680702063521, 18.641996204477792, 0.0], [73.81680963139503, 18.641994559593336, 0.0], [73.81682554908824, 18.641985235574175, 0.0], [73.81682826802623, 18.641983758511007, 0.0], [73.81684479648838, 18.641975456154963, 0.0], [73.81684761175092, 18.641974153352532, 0.0], [73.81686467892493, 18.64196690885427, 0.0], [73.81686757823876, 18.64196578599216, 0.0], [73.81688510971861, 18.641959630934757, 0.0], [73.81688808044389, 18.641958692908204, 0.0], [73.81690599979989, 18.64195365412503, 0.0], [73.81690902898593, 18.641952905023324, 0.0], [73.81692725809704, 18.64194900448156, 0.0], [73.81693033253744, 18.641948447570602, 0.0], [73.81694877519118, 18.64194570476472, 0.0], [73.81694939173809, 18.641856669950606, 0.0]]]}, "properties": {"name": "PMP-T1092", "emu_id": "EMU_Deccan_forest", "typicality_percentile": 52.9, "is_medoid": false, "in_position_pool": false, "pool_rank": null, "selection_rationale": "pool position never used this baseline"}}, {"type": "Feature", "geometry": {"type": "Polygon", "coordinates": [[[73.81694626305132, 18.64230847471493, 0.0], [73.81694782100716, 18.642083496360897, 0.0], [73.81694321896812, 18.642084481073592, 0.0], [73.81693130442463, 18.642087831349386, 0.0], [73.81691964777961, 18.6420919238338, 0.0], [73.81690829985125, 18.64209674068523, 0.0], [73.8168973101119, 18.642102260904075, 0.0], [73.81688672647242, 18.642108460424573, 0.0], [73.81687659507313, 18.6421153122192, 0.0], [73.81686696008282, 18.64212278641709, 0.0], [73.81685786350614, 18.642130850433666, 0.0], [73.81684934500073, 18.642139469113044, 0.0], [73.81684144170363, 18.642148604881488, 0.0], [73.81683418807022, 18.642158217910662, 0.0], [73.81682761572348, 18.642168266291602, 0.0], [73.81682116732017, 18.642179749774485, 0.0], [73.8167940001703, 18.64222976063788, 0.0], [73.81679312528914, 18.642231297581883, 0.0], [73.8167637884509, 18.642280537345343, 0.0], [73.81676248017259, 18.642282602751244, 0.0], [73.81674593437909, 18.642307213974753, 0.0], [73.81694626305132, 18.64230847471493, 0.0]]]}, "properties": {"name": "PMP-T1093", "emu_id": "EMU_Deccan_forest", "typicality_percentile": 49.7, "is_medoid": false, "in_position_pool": false, "pool_rank": null, "selection_rationale": "pool position never used this baseline"}}, {"type": "Feature", "geometry": {"type": "Polygon", "coordinates": [[[73.81670772109868, 18.642532885663403, 0.0], [73.8169446986743, 18.642534377088772, 0.0], [73.81694626305132, 18.64230847471493, 0.0], [73.81674593437909, 18.642307213974753, 0.0], [73.8167428585608, 18.64231178913365, 0.0], [73.81674102557074, 18.642314321489426, 0.0], [73.8167193657373, 18.642342167225, 0.0], [73.81671735620347, 18.642344574791938, 0.0], [73.81670896041769, 18.64235395908624, 0.0], [73.81670772109868, 18.642532885663403, 0.0]]]}, "properties": {"name": "PMP-T1094", "emu_id": "EMU_Deccan_forest", "typicality_percentile": 56.9, "is_medoid": false, "in_position_pool": false, "pool_rank": null, "selection_rationale": "pool position never used this baseline"}}, {"type": "Feature", "geometry": {"type": "Polygon", "coordinates": [[[73.81669363787783, 18.64456600660398, 0.0], [73.8166920729634, 18.64479190890297, 0.0], [73.81692905367109, 18.644793400522, 0.0], [73.81693061827231, 18.644567498203642, 0.0], [73.81669363787783, 18.64456600660398, 0.0]]]}, "properties": {"name": "PMP-T1100", "emu_id": "EMU_Deccan_forest", "typicality_percentile": 6.5, "is_medoid": false, "in_position_pool": false, "pool_rank": null, "selection_rationale": "pool position never used this baseline"}}, {"type": "Feature", "geometry": {"type": "Polygon", "coordinates": [[[73.8166920729634, 18.64479190890297, 0.0], [73.81669050802653, 18.645017811196404, 0.0], [73.81692748904746, 18.645019302834807, 0.0], [73.81692905367109, 18.644793400522, 0.0], [73.8166920729634, 18.64479190890297, 0.0]]]}, "properties": {"name": "PMP-T1101", "emu_id": "EMU_Deccan_forest", "typicality_percentile": 7.4, "is_medoid": false, "in_position_pool": false, "pool_rank": null, "selection_rationale": "pool position never used this baseline"}}, {"type": "Feature", "geometry": {"type": "Polygon", "coordinates": [[[73.81669050802653, 18.645017811196404, 0.0], [73.81668894306725, 18.645243713484287, 0.0], [73.8169259244014, 18.645245205142057, 0.0], [73.81692748904746, 18.645019302834807, 0.0], [73.81669050802653, 18.645017811196404, 0.0]]]}, "properties": {"name": "PMP-T1102", "emu_id": "EMU_Deccan_forest", "typicality_percentile": 7.9, "is_medoid": false, "in_position_pool": false, "pool_rank": null, "selection_rationale": "pool position never used this baseline"}}, {"type": "Feature", "geometry": {"type": "Polygon", "coordinates": [[[73.81668894306725, 18.645243713484287, 0.0], [73.81668737808553, 18.64546961576663, 0.0], [73.81692435973292, 18.645471107443765, 0.0], [73.8169259244014, 18.645245205142057, 0.0], [73.81668894306725, 18.645243713484287, 0.0]]]}, "properties": {"name": "PMP-T1103", "emu_id": "EMU_Deccan_forest", "typicality_percentile": 36.1, "is_medoid": false, "in_position_pool": false, "pool_rank": null, "selection_rationale": "pool position never used this baseline"}}, {"type": "Feature", "geometry": {"type": "Polygon", "coordinates": [[[73.81697910978991, 18.637564523582736, 0.0], [73.81697754588367, 18.63779042607308, 0.0], [73.81721451690585, 18.63779191679329, 0.0], [73.81721608049898, 18.637566014283586, 0.0], [73.81697910978991, 18.637564523582736, 0.0]]]}, "properties": {"name": "PMP-T1104", "emu_id": "EMU_Deccan_forest", "typicality_percentile": 35.4, "is_medoid": false, "in_position_pool": false, "pool_rank": null, "selection_rationale": "pool position never used this baseline"}}, {"type": "Feature", "geometry": {"type": "Polygon", "coordinates": [[[73.81697754588367, 18.63779042607308, 0.0], [73.81697598195503, 18.638016328557875, 0.0], [73.81721295329028, 18.638017819297445, 0.0], [73.81721451690585, 18.63779191679329, 0.0], [73.81697754588367, 18.63779042607308, 0.0]]]}, "properties": {"name": "PMP-T1105", "emu_id": "EMU_Deccan_forest", "typicality_percentile": 36.4, "is_medoid": false, "in_position_pool": false, "pool_rank": null, "selection_rationale": "pool position never used this baseline"}}, {"type": "Feature", "geometry": {"type": "Polygon", "coordinates": [[[73.81697598195503, 18.638016328557875, 0.0], [73.81697441800397, 18.638242231037122, 0.0], [73.81721138965231, 18.63824372179605, 0.0], [73.81721295329028, 18.638017819297445, 0.0], [73.81697598195503, 18.638016328557875, 0.0]]]}, "properties": {"name": "PMP-T1106", "emu_id": "EMU_Deccan_forest", "typicality_percentile": 37.6, "is_medoid": false, "in_position_pool": false, "pool_rank": null, "selection_rationale": "pool position never used this baseline"}}, {"type": "Feature", "geometry": {"type": "Polygon", "coordinates": [[[73.81697441800397, 18.638242231037122, 0.0], [73.81697285403047, 18.63846813351082, 0.0], [73.81720982599192, 18.63846962428912, 0.0], [73.81721138965231, 18.63824372179605, 0.0], [73.81697441800397, 18.638242231037122, 0.0]]]}, "properties": {"name": "PMP-T1107", "emu_id": "EMU_Deccan_forest", "typicality_percentile": 38.4, "is_medoid": false, "in_position_pool": false, "pool_rank": null, "selection_rationale": "pool position never used this baseline"}}, {"type": "Feature", "geometry": {"type": "Polygon", "coordinates": [[[73.81697285403047, 18.63846813351082, 0.0], [73.81697129003457, 18.63869403597898, 0.0], [73.81720826230914, 18.63869552677663, 0.0], [73.81720982599192, 18.63846962428912, 0.0], [73.81697285403047, 18.63846813351082, 0.0]]]}, "properties": {"name": "PMP-T1108", "emu_id": "EMU_Deccan_forest", "typicality_percentile": 58.4, "is_medoid": false, "in_position_pool": false, "pool_rank": null, "selection_rationale": "pool position never used this baseline"}}, {"type": "Feature", "geometry": {"type": "Polygon", "coordinates": [[[73.81697129003457, 18.63869403597898, 0.0], [73.81696972601627, 18.638919938441585, 0.0], [73.81720669860394, 18.638921429258602, 0.0], [73.81720826230914, 18.63869552677663, 0.0], [73.81697129003457, 18.63869403597898, 0.0]]]}, "properties": {"name": "PMP-T1109", "emu_id": "EMU_Deccan_forest", "typicality_percentile": 64.6, "is_medoid": false, "in_position_pool": false, "pool_rank": null, "selection_rationale": "pool position never used this baseline"}}, {"type": "Feature", "geometry": {"type": "Polygon", "coordinates": [[[73.81696972601627, 18.638919938441585, 0.0], [73.81696816197552, 18.63914584089864, 0.0], [73.81720513487632, 18.639147331735014, 0.0], [73.81720669860394, 18.638921429258602, 0.0], [73.81696972601627, 18.638919938441585, 0.0]]]}, "properties": {"name": "PMP-T1110", "emu_id": "EMU_Deccan_forest", "typicality_percentile": 70.2, "is_medoid": false, "in_position_pool": false, "pool_rank": null, "selection_rationale": "pool position never used this baseline"}}, {"type": "Feature", "geometry": {"type": "Polygon", "coordinates": [[[73.81696816197552, 18.63914584089864, 0.0], [73.81696659791236, 18.639371743350146, 0.0], [73.81720357112627, 18.639373234205888, 0.0], [73.81720513487632, 18.639147331735014, 0.0], [73.81696816197552, 18.63914584089864, 0.0]]]}, "properties": {"name": "PMP-T1111", "emu_id": "EMU_Deccan_forest", "typicality_percentile": 72.4, "is_medoid": false, "in_position_pool": false, "pool_rank": null, "selection_rationale": "pool position never used this baseline"}}, {"type": "Feature", "geometry": {"type": "Polygon", "coordinates": [[[73.81696659791236, 18.639371743350146, 0.0], [73.8169650338268, 18.639597645796115, 0.0], [73.81720200735383, 18.63959913667122, 0.0], [73.81720357112627, 18.639373234205888, 0.0], [73.81696659791236, 18.639371743350146, 0.0]]]}, "properties": {"name": "PMP-T1112", "emu_id": "EMU_Deccan_forest", "typicality_percentile": 74.3, "is_medoid": false, "in_position_pool": false, "pool_rank": null, "selection_rationale": "pool position never used this baseline"}}, {"type": "Feature", "geometry": {"type": "Polygon", "coordinates": [[[73.8169650338268, 18.639597645796115, 0.0], [73.81696346971881, 18.639823548236528, 0.0], [73.81720044355897, 18.63982503913099, 0.0], [73.81720200735383, 18.63959913667122, 0.0], [73.8169650338268, 18.639597645796115, 0.0]]]}, "properties": {"name": "PMP-T1113", "emu_id": "EMU_Deccan_forest", "typicality_percentile": 77.6, "is_medoid": false, "in_position_pool": false, "pool_rank": null, "selection_rationale": "pool position never used this baseline"}}, {"type": "Feature", "geometry": {"type": "Polygon", "coordinates": [[[73.8171988797417, 18.64005094158522, 0.0], [73.81720044355897, 18.63982503913099, 0.0], [73.81696346971881, 18.639823548236528, 0.0], [73.81696279493083, 18.639921006140455, 0.0], [73.81700452363356, 18.639935108439726, 0.0], [73.81701336524019, 18.63993858446268, 0.0], [73.81702179441105, 18.63994289210532, 0.0], [73.81702972533897, 18.639947987516805, 0.0], [73.81703707728877, 18.639953818826957, 0.0], [73.81704377541918, 18.63996032667431, 0.0], [73.81704975154456, 18.639967444810406, 0.0], [73.81705494482915, 18.63997510077412, 0.0], [73.81705930240632, 18.639983216629407, 0.0], [73.81706277991671, 18.63999170975857, 0.0], [73.81706534195989, 18.640000493703337, 0.0], [73.81706696245462, 18.640009479045005, 0.0], [73.81706762490448, 18.64001857431464, 0.0], [73.81706732256566, 18.640027686924274, 0.0], [73.81706538808892, 18.640050101764324, 0.0], [73.8171988797417, 18.64005094158522, 0.0]]]}, "properties": {"name": "PMP-T1114", "emu_id": "EMU_Deccan_forest", "typicality_percentile": 79.9, "is_medoid": false, "in_position_pool": false, "pool_rank": null, "selection_rationale": "pool position never used this baseline"}}, {"type": "Feature", "geometry": {"type": "Polygon", "coordinates": [[[73.817197315902, 18.6402768440339, 0.0], [73.8171988797417, 18.64005094158522, 0.0], [73.81706538808892, 18.640050101764324, 0.0], [73.81704590163501, 18.640275891440165, 0.0], [73.817197315902, 18.6402768440339, 0.0]]]}, "properties": {"name": "PMP-T1115", "emu_id": "EMU_Deccan_forest", "typicality_percentile": 78.2, "is_medoid": false, "in_position_pool": false, "pool_rank": null, "selection_rationale": "pool position never used this baseline"}}, {"type": "Feature", "geometry": {"type": "Polygon", "coordinates": [[[73.81719575203991, 18.640502746477036, 0.0], [73.817197315902, 18.6402768440339, 0.0], [73.81704590163501, 18.640275891440165, 0.0], [73.81702641511146, 18.640501681105828, 0.0], [73.81719575203991, 18.640502746477036, 0.0]]]}, "properties": {"name": "PMP-T1116", "emu_id": "EMU_Deccan_forest", "typicality_percentile": 75.4, "is_medoid": false, "in_position_pool": false, "pool_rank": null, "selection_rationale": "pool position never used this baseline"}}, {"type": "Feature", "geometry": {"type": "Polygon", "coordinates": [[[73.8171941881554, 18.640728648914617, 0.0], [73.81719575203991, 18.640502746477036, 0.0], [73.81702641511146, 18.640501681105828, 0.0], [73.8170073815316, 18.64072222173968, 0.0], [73.81700665684014, 18.640727469051885, 0.0], [73.8171941881554, 18.640728648914617, 0.0]]]}, "properties": {"name": "PMP-T1117", "emu_id": "EMU_Deccan_forest", "typicality_percentile": 71.4, "is_medoid": false, "in_position_pool": false, "pool_rank": null, "selection_rationale": "pool position never used this baseline"}}, {"type": "Feature", "geometry": {"type": "Polygon", "coordinates": [[[73.8169556488426, 18.640953060355383, 0.0], [73.81719262424846, 18.640954551346656, 0.0], [73.8171941881554, 18.640728648914617, 0.0], [73.81700665684014, 18.640727469051885, 0.0], [73.81700617405035, 18.640730964813418, 0.0], [73.81700407832678, 18.640739554055134, 0.0], [73.81700111432, 18.640747907662515, 0.0], [73.8169973102586, 18.64075594607733, 0.0], [73.8169927023716, 18.640763592743202, 0.0], [73.81698733454358, 18.640770774834706, 0.0], [73.81698125789669, 18.640777423950897, 0.0], [73.81697453030371, 18.6407834767668, 0.0], [73.81696721583698, 18.640788875636492, 0.0], [73.81695938415812, 18.64079356914212, 0.0], [73.81695674450177, 18.640794827173178, 0.0], [73.8169556488426, 18.640953060355383, 0.0]]]}, "properties": {"name": "PMP-T1118", "emu_id": "EMU_Deccan_forest", "typicality_percentile": 76.2, "is_medoid": false, "in_position_pool": false, "pool_rank": null, "selection_rationale": "pool position never used this baseline"}}, {"type": "Feature", "geometry": {"type": "Polygon", "coordinates": [[[73.8169556488426, 18.640953060355383, 0.0], [73.8169540846001, 18.641178962762513, 0.0], [73.81719106031912, 18.64118045377315, 0.0], [73.81719262424846, 18.640954551346656, 0.0], [73.8169556488426, 18.640953060355383, 0.0]]]}, "properties": {"name": "PMP-T1119", "emu_id": "EMU_Deccan_forest", "typicality_percentile": 76.9, "is_medoid": false, "in_position_pool": false, "pool_rank": null, "selection_rationale": "pool position never used this baseline"}}, {"type": "Feature", "geometry": {"type": "Polygon", "coordinates": [[[73.8169540846001, 18.641178962762513, 0.0], [73.81695252033518, 18.641404865164095, 0.0], [73.81718949636736, 18.641406356194086, 0.0], [73.81719106031912, 18.64118045377315, 0.0], [73.8169540846001, 18.641178962762513, 0.0]]]}, "properties": {"name": "PMP-T1120", "emu_id": "EMU_Deccan_forest", "typicality_percentile": 74.4, "is_medoid": false, "in_position_pool": false, "pool_rank": null, "selection_rationale": "pool position never used this baseline"}}, {"type": "Feature", "geometry": {"type": "Polygon", "coordinates": [[[73.81695252033518, 18.641404865164095, 0.0], [73.81695095604785, 18.641630767560123, 0.0], [73.8171879323932, 18.641632258609484, 0.0], [73.81718949636736, 18.641406356194086, 0.0], [73.81695252033518, 18.641404865164095, 0.0]]]}, "properties": {"name": "PMP-T1121", "emu_id": "EMU_Deccan_forest", "typicality_percentile": 66.6, "is_medoid": false, "in_position_pool": false, "pool_rank": null, "selection_rationale": "pool position never used this baseline"}}, {"type": "Feature", "geometry": {"type": "Polygon", "coordinates": [[[73.8171879323932, 18.641632258609484, 0.0], [73.81695095604785, 18.641630767560123, 0.0], [73.81694939173809, 18.641856669950606, 0.0], [73.81714497902247, 18.64185790061689, 0.0], [73.81715285510813, 18.641836922407748, 0.0], [73.81715610518326, 18.641829049365636, 0.0], [73.81718704478936, 18.641760463791428, 0.0], [73.8171879323932, 18.641632258609484, 0.0]]]}, "properties": {"name": "PMP-T1122", "emu_id": "EMU_Deccan_forest", "typicality_percentile": 66.5, "is_medoid": false, "in_position_pool": false, "pool_rank": null, "selection_rationale": "pool position never used this baseline"}}, {"type": "Feature", "geometry": {"type": "Polygon", "coordinates": [[[73.81693061827231, 18.644567498203642, 0.0], [73.81692905367109, 18.644793400522, 0.0], [73.8171660344012, 18.644794891842434, 0.0], [73.8171675986892, 18.644568989504716, 0.0], [73.81693061827231, 18.644567498203642, 0.0]]]}, "properties": {"name": "PMP-T1128", "emu_id": "EMU_Deccan_forest", "typicality_percentile": 7.5, "is_medoid": false, "in_position_pool": false, "pool_rank": null, "selection_rationale": "pool position never used this baseline"}}, {"type": "Feature", "geometry": {"type": "Polygon", "coordinates": [[[73.81692905367109, 18.644793400522, 0.0], [73.81692748904746, 18.645019302834807, 0.0], [73.8171644700908, 18.6450207941746, 0.0], [73.8171660344012, 18.644794891842434, 0.0], [73.81692905367109, 18.644793400522, 0.0]]]}, "properties": {"name": "PMP-T1129", "emu_id": "EMU_Deccan_forest", "typicality_percentile": 7.7, "is_medoid": false, "in_position_pool": false, "pool_rank": null, "selection_rationale": "pool position never used this baseline"}}, {"type": "Feature", "geometry": {"type": "Polygon", "coordinates": [[[73.81692748904746, 18.645019302834807, 0.0], [73.8169259244014, 18.645245205142057, 0.0], [73.81716290575798, 18.645246696501218, 0.0], [73.8171644700908, 18.6450207941746, 0.0], [73.81692748904746, 18.645019302834807, 0.0]]]}, "properties": {"name": "PMP-T1130", "emu_id": "EMU_Deccan_forest", "typicality_percentile": 9.4, "is_medoid": false, "in_position_pool": false, "pool_rank": null, "selection_rationale": "pool position never used this baseline"}}, {"type": "Feature", "geometry": {"type": "Polygon", "coordinates": [[[73.81716290575798, 18.645246696501218, 0.0], [73.8169259244014, 18.645245205142057, 0.0], [73.81692435973292, 18.645471107443765, 0.0], [73.81694895541162, 18.645471262243753, 0.0], [73.81715272653699, 18.64533559011596, 0.0], [73.81716233400655, 18.645329261229712, 0.0], [73.81716290575798, 18.645246696501218, 0.0]]]}, "properties": {"name": "PMP-T1131", "emu_id": "EMU_Deccan_forest", "typicality_percentile": 29.9, "is_medoid": false, "in_position_pool": false, "pool_rank": null, "selection_rationale": "pool position never used this baseline"}}, {"type": "Feature", "geometry": {"type": "Polygon", "coordinates": [[[73.81721608049898, 18.637566014283586, 0.0], [73.81721451690585, 18.63779191679329, 0.0], [73.81745148795044, 18.637793407215018, 0.0], [73.81745305123049, 18.637567504685965, 0.0], [73.81721608049898, 18.637566014283586, 0.0]]]}, "properties": {"name": "PMP-T1132", "emu_id": "EMU_Deccan_forest", "typicality_percentile": 39.0, "is_medoid": false, "in_position_pool": false, "pool_rank": null, "selection_rationale": "pool position never used this baseline"}}, {"type": "Feature", "geometry": {"type": "Polygon", "coordinates": [[[73.81721451690585, 18.63779191679329, 0.0], [73.81721295329028, 18.638017819297445, 0.0], [73.81744992464796, 18.638019309738535, 0.0], [73.81745148795044, 18.637793407215018, 0.0], [73.81721451690585, 18.63779191679329, 0.0]]]}, "properties": {"name": "PMP-T1133", "emu_id": "EMU_Deccan_forest", "typicality_percentile": 38.9, "is_medoid": false, "in_position_pool": false, "pool_rank": null, "selection_rationale": "pool position never used this baseline"}}, {"type": "Feature", "geometry": {"type": "Polygon", "coordinates": [[[73.81721295329028, 18.638017819297445, 0.0], [73.81721138965231, 18.63824372179605, 0.0], [73.81744836132309, 18.6382452122565, 0.0], [73.81744992464796, 18.638019309738535, 0.0], [73.81721295329028, 18.638017819297445, 0.0]]]}, "properties": {"name": "PMP-T1134", "emu_id": "EMU_Deccan_forest", "typicality_percentile": 39.7, "is_medoid": false, "in_position_pool": false, "pool_rank": null, "selection_rationale": "pool position never used this baseline"}}, {"type": "Feature", "geometry": {"type": "Polygon", "coordinates": [[[73.81721138965231, 18.63824372179605, 0.0], [73.81720982599192, 18.63846962428912, 0.0], [73.8174467979758, 18.638471114768922, 0.0], [73.81744836132309, 18.6382452122565, 0.0], [73.81721138965231, 18.63824372179605, 0.0]]]}, "properties": {"name": "PMP-T1135", "emu_id": "EMU_Deccan_forest", "typicality_percentile": 42.3, "is_medoid": false, "in_position_pool": false, "pool_rank": null, "selection_rationale": "pool position never used this baseline"}}, {"type": "Feature", "geometry": {"type": "Polygon", "coordinates": [[[73.81720982599192, 18.63846962428912, 0.0], [73.81720826230914, 18.63869552677663, 0.0], [73.81744523460611, 18.63869701727579, 0.0], [73.8174467979758, 18.638471114768922, 0.0], [73.81720982599192, 18.63846962428912, 0.0]]]}, "properties": {"name": "PMP-T1136", "emu_id": "EMU_Deccan_forest", "typicality_percentile": 50.7, "is_medoid": false, "in_position_pool": false, "pool_rank": null, "selection_rationale": "pool position never used this baseline"}}, {"type": "Feature", "geometry": {"type": "Polygon", "coordinates": [[[73.81720826230914, 18.63869552677663, 0.0], [73.81720669860394, 18.638921429258602, 0.0], [73.81744367121401, 18.638922919777112, 0.0], [73.81744523460611, 18.63869701727579, 0.0], [73.81720826230914, 18.63869552677663, 0.0]]]}, "properties": {"name": "PMP-T1137", "emu_id": "EMU_Deccan_forest", "typicality_percentile": 54.2, "is_medoid": false, "in_position_pool": false, "pool_rank": null, "selection_rationale": "pool position never used this baseline"}}, {"type": "Feature", "geometry": {"type": "Polygon", "coordinates": [[[73.81720669860394, 18.638921429258602, 0.0], [73.81720513487632, 18.639147331735014, 0.0], [73.81744210779951, 18.63914882227289, 0.0], [73.81744367121401, 18.638922919777112, 0.0], [73.81720669860394, 18.638921429258602, 0.0]]]}, "properties": {"name": "PMP-T1138", "emu_id": "EMU_Deccan_forest", "typicality_percentile": 64.5, "is_medoid": false, "in_position_pool": false, "pool_rank": null, "selection_rationale": "pool position never used this baseline"}}, {"type": "Feature", "geometry": {"type": "Polygon", "coordinates": [[[73.81720513487632, 18.639147331735014, 0.0], [73.81720357112627, 18.639373234205888, 0.0], [73.8174405443626, 18.639374724763123, 0.0], [73.81744210779951, 18.63914882227289, 0.0], [73.81720513487632, 18.639147331735014, 0.0]]]}, "properties": {"name": "PMP-T1139", "emu_id": "EMU_Deccan_forest", "typicality_percentile": 59.4, "is_medoid": false, "in_position_pool": false, "pool_rank": null, "selection_rationale": "pool position never used this baseline"}}, {"type": "Feature", "geometry": {"type": "Polygon", "coordinates": [[[73.81720357112627, 18.639373234205888, 0.0], [73.81720200735383, 18.63959913667122, 0.0], [73.81743898090328, 18.639600627247805, 0.0], [73.8174405443626, 18.639374724763123, 0.0], [73.81720357112627, 18.639373234205888, 0.0]]]}, "properties": {"name": "PMP-T1140", "emu_id": "EMU_Deccan_forest", "typicality_percentile": 61.8, "is_medoid": false, "in_position_pool": false, "pool_rank": null, "selection_rationale": "pool position never used this baseline"}}, {"type": "Feature", "geometry": {"type": "Polygon", "coordinates": [[[73.81720200735383, 18.63959913667122, 0.0], [73.81720044355897, 18.63982503913099, 0.0], [73.81743741742153, 18.63982652972694, 0.0], [73.81743898090328, 18.639600627247805, 0.0], [73.81720200735383, 18.63959913667122, 0.0]]]}, "properties": {"name": "PMP-T1141", "emu_id": "EMU_Deccan_forest", "typicality_percentile": 69.5, "is_medoid": false, "in_position_pool": false, "pool_rank": null, "selection_rationale": "pool position never used this baseline"}}, {"type": "Feature", "geometry": {"type": "Polygon", "coordinates": [[[73.81720044355897, 18.63982503913099, 0.0], [73.8171988797417, 18.64005094158522, 0.0], [73.8174358539174, 18.640052432200527, 0.0], [73.81743741742153, 18.63982652972694, 0.0], [73.81720044355897, 18.63982503913099, 0.0]]]}, "properties": {"name": "PMP-T1142", "emu_id": "EMU_Deccan_forest", "typicality_percentile": 75.3, "is_medoid": false, "in_position_pool": false, "pool_rank": null, "selection_rationale": "pool position never used this baseline"}}, {"type": "Feature", "geometry": {"type": "Polygon", "coordinates": [[[73.8171988797417, 18.64005094158522, 0.0], [73.817197315902, 18.6402768440339, 0.0], [73.81743429039085, 18.640278334668565, 0.0], [73.8174358539174, 18.640052432200527, 0.0], [73.8171988797417, 18.64005094158522, 0.0]]]}, "properties": {"name": "PMP-T1143", "emu_id": "EMU_Deccan_forest", "typicality_percentile": 73.3, "is_medoid": false, "in_position_pool": false, "pool_rank": null, "selection_rationale": "pool position never used this baseline"}}, {"type": "Feature", "geometry": {"type": "Polygon", "coordinates": [[[73.817197315902, 18.6402768440339, 0.0], [73.81719575203991, 18.640502746477036, 0.0], [73.8174327268419, 18.64050423713106, 0.0], [73.81743429039085, 18.640278334668565, 0.0], [73.817197315902, 18.6402768440339, 0.0]]]}, "properties": {"name": "PMP-T1144", "emu_id": "EMU_Deccan_forest", "typicality_percentile": 71.1, "is_medoid": false, "in_position_pool": false, "pool_rank": null, "selection_rationale": "pool position never used this baseline"}}, {"type": "Feature", "geometry": {"type": "Polygon", "coordinates": [[[73.81719575203991, 18.640502746477036, 0.0], [73.8171941881554, 18.640728648914617, 0.0], [73.81743116327053, 18.640730139587998, 0.0], [73.8174327268419, 18.64050423713106, 0.0], [73.81719575203991, 18.640502746477036, 0.0]]]}, "properties": {"name": "PMP-T1145", "emu_id": "EMU_Deccan_forest", "typicality_percentile": 65.8, "is_medoid": false, "in_position_pool": false, "pool_rank": null, "selection_rationale": "pool position never used this baseline"}}, {"type": "Feature", "geometry": {"type": "Polygon", "coordinates": [[[73.8171941881554, 18.640728648914617, 0.0], [73.81719262424846, 18.640954551346656, 0.0], [73.81742959967674, 18.6409560420394, 0.0], [73.81743116327053, 18.640730139587998, 0.0], [73.8171941881554, 18.640728648914617, 0.0]]]}, "properties": {"name": "PMP-T1146", "emu_id": "EMU_Deccan_forest", "typicality_percentile": 72.5, "is_medoid": false, "in_position_pool": false, "pool_rank": null, "selection_rationale": "pool position never used this baseline"}}, {"type": "Feature", "geometry": {"type": "Polygon", "coordinates": [[[73.81742959967674, 18.6409560420394, 0.0], [73.81719262424846, 18.640954551346656, 0.0], [73.81719106031912, 18.64118045377315, 0.0], [73.81741396705134, 18.64118185599152, 0.0], [73.81741542761058, 18.641175339326534, 0.0], [73.81742866016704, 18.64109177749084, 0.0], [73.81742959967674, 18.6409560420394, 0.0]]]}, "properties": {"name": "PMP-T1147", "emu_id": "EMU_Deccan_forest", "typicality_percentile": 72.3, "is_medoid": false, "in_position_pool": false, "pool_rank": null, "selection_rationale": "pool position never used this baseline"}}, {"type": "Feature", "geometry": {"type": "Polygon", "coordinates": [[[73.81719106031912, 18.64118045377315, 0.0], [73.81718949636736, 18.641406356194086, 0.0], [73.81735189592865, 18.641407377823754, 0.0], [73.8173649606327, 18.641371232131007, 0.0], [73.81739331160699, 18.641274015566587, 0.0], [73.81741396705134, 18.64118185599152, 0.0], [73.81719106031912, 18.64118045377315, 0.0]]]}, "properties": {"name": "PMP-T1148", "emu_id": "EMU_Deccan_forest", "typicality_percentile": 68.2, "is_medoid": false, "in_position_pool": false, "pool_rank": null, "selection_rationale": "pool position never used this baseline"}}, {"type": "Feature", "geometry": {"type": "Polygon", "coordinates": [[[73.81741709011976, 18.64276326145084, 0.0], [73.81741865389283, 18.642537359043825, 0.0], [73.81731827473382, 18.64253672759414, 0.0], [73.81731449449877, 18.6425718806183, 0.0], [73.81731320945057, 18.6425808597417, 0.0], [73.81730563239209, 18.64262318497693, 0.0], [73.81730372080355, 18.642632062175966, 0.0], [73.81729319379303, 18.642673810166542, 0.0], [73.81729066420843, 18.6426825457599, 0.0], [73.81727723429984, 18.642723529888972, 0.0], [73.8172740980263, 18.642732084827205, 0.0], [73.817261823511, 18.642762284689617, 0.0], [73.81741709011976, 18.64276326145084, 0.0]]]}, "properties": {"name": "PMP-T1149", "emu_id": "EMU_Deccan_forest", "typicality_percentile": 56.1, "is_medoid": false, "in_position_pool": false, "pool_rank": null, "selection_rationale": "pool position never used this baseline"}}, {"type": "Feature", "geometry": {"type": "Polygon", "coordinates": [[[73.8174155263243, 18.6429891638523, 0.0], [73.81741709011976, 18.64276326145084, 0.0], [73.817261823511, 18.642762284689617, 0.0], [73.81725782525011, 18.642772121892335, 0.0], [73.81725409630627, 18.64278045793491, 0.0], [73.81723505340074, 18.642819368967, 0.0], [73.81723074845516, 18.642827448850333, 0.0], [73.81720902054182, 18.64286505991345, 0.0], [73.81720415883709, 18.642872847520614, 0.0], [73.81720206763912, 18.642875955875233, 0.0], [73.81720129315059, 18.64298781609109, 0.0], [73.8174155263243, 18.6429891638523, 0.0]]]}, "properties": {"name": "PMP-T1150", "emu_id": "EMU_Deccan_forest", "typicality_percentile": 58.8, "is_medoid": false, "in_position_pool": false, "pool_rank": null, "selection_rationale": "pool position never used this baseline"}}, {"type": "Feature", "geometry": {"type": "Polygon", "coordinates": [[[73.81741396250642, 18.64321506624822, 0.0], [73.8174155263243, 18.6429891638523, 0.0], [73.81720129315059, 18.64298781609109, 0.0], [73.81720007419399, 18.64316386970225, 0.0], [73.81719926065145, 18.64317748125871, 0.0], [73.81719701680494, 18.643190946053497, 0.0], [73.81719444302031, 18.64320023746907, 0.0], [73.81720094921656, 18.64321338691754, 0.0], [73.81720109646314, 18.643213727072904, 0.0], [73.81741396250642, 18.64321506624822, 0.0]]]}, "properties": {"name": "PMP-T1151", "emu_id": "EMU_Deccan_forest", "typicality_percentile": 77.3, "is_medoid": false, "in_position_pool": false, "pool_rank": null, "selection_rationale": "pool position never used this baseline"}}, {"type": "Feature", "geometry": {"type": "Polygon", "coordinates": [[[73.8171675986892, 18.644568989504716, 0.0], [73.8171660344012, 18.644794891842434, 0.0], [73.81740301515374, 18.644796382864264, 0.0], [73.81740457912849, 18.64457048050719, 0.0], [73.8171675986892, 18.644568989504716, 0.0]]]}, "properties": {"name": "PMP-T1158", "emu_id": "EMU_Deccan_forest", "typicality_percentile": 5.3, "is_medoid": false, "in_position_pool": false, "pool_rank": null, "selection_rationale": "pool position never used this baseline"}}, {"type": "Feature", "geometry": {"type": "Polygon", "coordinates": [[[73.8171660344012, 18.644794891842434, 0.0], [73.8171644700908, 18.6450207941746, 0.0], [73.81740145115656, 18.64502228521579, 0.0], [73.81740301515374, 18.644796382864264, 0.0], [73.8171660344012, 18.644794891842434, 0.0]]]}, "properties": {"name": "PMP-T1159", "emu_id": "EMU_Deccan_forest", "typicality_percentile": 9.1, "is_medoid": false, "in_position_pool": false, "pool_rank": null, "selection_rationale": "pool position never used this baseline"}}, {"type": "Feature", "geometry": {"type": "Polygon", "coordinates": [[[73.81740145115656, 18.64502228521579, 0.0], [73.8171644700908, 18.6450207941746, 0.0], [73.81716290575798, 18.645246696501218, 0.0], [73.81728648955833, 18.645247474114058, 0.0], [73.81732525212527, 18.645221939349643, 0.0], [73.81740041724075, 18.645171621309817, 0.0], [73.81740145115656, 18.64502228521579, 0.0]]]}, "properties": {"name": "PMP-T1160", "emu_id": "EMU_Deccan_forest", "typicality_percentile": 13.2, "is_medoid": false, "in_position_pool": false, "pool_rank": null, "selection_rationale": "pool position never used this baseline"}}, {"type": "Feature", "geometry": {"type": "Polygon", "coordinates": [[[73.81745305123049, 18.637567504685965, 0.0], [73.81769002198438, 18.63756899478986, 0.0], [73.8176912984249, 18.637384502773706, 0.0], [73.81745399334282, 18.637431362728904, 0.0], [73.81745305123049, 18.637567504685965, 0.0]]]}, "properties": {"name": "PMP-T1161", "emu_id": "EMU_Deccan_forest", "typicality_percentile": 22.0, "is_medoid": false, "in_position_pool": false, "pool_rank": null, "selection_rationale": "pool position never used this baseline"}}, {"type": "Feature", "geometry": {"type": "Polygon", "coordinates": [[[73.81745305123049, 18.637567504685965, 0.0], [73.81745148795044, 18.637793407215018, 0.0], [73.81768845901742, 18.637794897338274, 0.0], [73.81769002198438, 18.63756899478986, 0.0], [73.81745305123049, 18.637567504685965, 0.0]]]}, "properties": {"name": "PMP-T1162", "emu_id": "EMU_Deccan_forest", "typicality_percentile": 21.8, "is_medoid": false, "in_position_pool": false, "pool_rank": null, "selection_rationale": "pool position never used this baseline"}}, {"type": "Feature", "geometry": {"type": "Polygon", "coordinates": [[[73.81745148795044, 18.637793407215018, 0.0], [73.81744992464796, 18.638019309738535, 0.0], [73.81768689602804, 18.638020799881136, 0.0], [73.81768845901742, 18.637794897338274, 0.0], [73.81745148795044, 18.637793407215018, 0.0]]]}, "properties": {"name": "PMP-T1163", "emu_id": "EMU_Deccan_forest", "typicality_percentile": 22.8, "is_medoid": false, "in_position_pool": false, "pool_rank": null, "selection_rationale": "pool position never used this baseline"}}, {"type": "Feature", "geometry": {"type": "Polygon", "coordinates": [[[73.81744992464796, 18.638019309738535, 0.0], [73.81744836132309, 18.6382452122565, 0.0], [73.81768533301626, 18.638246702418456, 0.0], [73.81768689602804, 18.638020799881136, 0.0], [73.81744992464796, 18.638019309738535, 0.0]]]}, "properties": {"name": "PMP-T1164", "emu_id": "EMU_Deccan_forest", "typicality_percentile": 23.0, "is_medoid": false, "in_position_pool": false, "pool_rank": null, "selection_rationale": "pool position never used this baseline"}}, {"type": "Feature", "geometry": {"type": "Polygon", "coordinates": [[[73.81744836132309, 18.6382452122565, 0.0], [73.8174467979758, 18.638471114768922, 0.0], [73.81768376998208, 18.63847260495023, 0.0], [73.81768533301626, 18.638246702418456, 0.0], [73.81744836132309, 18.6382452122565, 0.0]]]}, "properties": {"name": "PMP-T1165", "emu_id": "EMU_Deccan_forest", "typicality_percentile": 43.4, "is_medoid": false, "in_position_pool": false, "pool_rank": null, "selection_rationale": "pool position never used this baseline"}}, {"type": "Feature", "geometry": {"type": "Polygon", "coordinates": [[[73.8174467979758, 18.638471114768922, 0.0], [73.81744523460611, 18.63869701727579, 0.0], [73.8176822069255, 18.638698507476455, 0.0], [73.81768376998208, 18.63847260495023, 0.0], [73.8174467979758, 18.638471114768922, 0.0]]]}, "properties": {"name": "PMP-T1166", "emu_id": "EMU_Deccan_forest", "typicality_percentile": 49.1, "is_medoid": false, "in_position_pool": false, "pool_rank": null, "selection_rationale": "pool position never used this baseline"}}, {"type": "Feature", "geometry": {"type": "Polygon", "coordinates": [[[73.81744523460611, 18.63869701727579, 0.0], [73.81744367121401, 18.638922919777112, 0.0], [73.81768064384651, 18.638924409997134, 0.0], [73.8176822069255, 18.638698507476455, 0.0], [73.81744523460611, 18.63869701727579, 0.0]]]}, "properties": {"name": "PMP-T1167", "emu_id": "EMU_Deccan_forest", "typicality_percentile": 60.0, "is_medoid": false, "in_position_pool": false, "pool_rank": null, "selection_rationale": "pool position never used this baseline"}}, {"type": "Feature", "geometry": {"type": "Polygon", "coordinates": [[[73.81744367121401, 18.638922919777112, 0.0], [73.81744210779951, 18.63914882227289, 0.0], [73.81767908074512, 18.639150312512264, 0.0], [73.81768064384651, 18.638924409997134, 0.0], [73.81744367121401, 18.638922919777112, 0.0]]]}, "properties": {"name": "PMP-T1168", "emu_id": "EMU_Deccan_forest", "typicality_percentile": 67.9, "is_medoid": false, "in_position_pool": true, "pool_rank": 4, "selection_rationale": "best-scoring position in its spatial region \u2014 extends coverage of the EMU"}}, {"type": "Feature", "geometry": {"type": "Polygon", "coordinates": [[[73.81744210779951, 18.63914882227289, 0.0], [73.8174405443626, 18.639374724763123, 0.0], [73.81767751762133, 18.63937621502185, 0.0], [73.81767908074512, 18.639150312512264, 0.0], [73.81744210779951, 18.63914882227289, 0.0]]]}, "properties": {"name": "PMP-T1169", "emu_id": "EMU_Deccan_forest", "typicality_percentile": 57.7, "is_medoid": false, "in_position_pool": false, "pool_rank": null, "selection_rationale": "pool position never used this baseline"}}, {"type": "Feature", "geometry": {"type": "Polygon", "coordinates": [[[73.8174405443626, 18.639374724763123, 0.0], [73.81743898090328, 18.639600627247805, 0.0], [73.81767595447513, 18.639602117525886, 0.0], [73.81767751762133, 18.63937621502185, 0.0], [73.8174405443626, 18.639374724763123, 0.0]]]}, "properties": {"name": "PMP-T1170", "emu_id": "EMU_Deccan_forest", "typicality_percentile": 61.3, "is_medoid": false, "in_position_pool": false, "pool_rank": null, "selection_rationale": "pool position never used this baseline"}}, {"type": "Feature", "geometry": {"type": "Polygon", "coordinates": [[[73.81743898090328, 18.639600627247805, 0.0], [73.81743741742153, 18.63982652972694, 0.0], [73.81767439130653, 18.63982802002437, 0.0], [73.81767595447513, 18.639602117525886, 0.0], [73.81743898090328, 18.639600627247805, 0.0]]]}, "properties": {"name": "PMP-T1171", "emu_id": "EMU_Deccan_forest", "typicality_percentile": 63.6, "is_medoid": false, "in_position_pool": false, "pool_rank": null, "selection_rationale": "pool position never used this baseline"}}, {"type": "Feature", "geometry": {"type": "Polygon", "coordinates": [[[73.81743741742153, 18.63982652972694, 0.0], [73.8174358539174, 18.640052432200527, 0.0], [73.81767282811552, 18.640053922517318, 0.0], [73.81767439130653, 18.63982802002437, 0.0], [73.81743741742153, 18.63982652972694, 0.0]]]}, "properties": {"name": "PMP-T1172", "emu_id": "EMU_Deccan_forest", "typicality_percentile": 71.7, "is_medoid": false, "in_position_pool": false, "pool_rank": null, "selection_rationale": "pool position never used this baseline"}}, {"type": "Feature", "geometry": {"type": "Polygon", "coordinates": [[[73.81767282811552, 18.640053922517318, 0.0], [73.8174358539174, 18.640052432200527, 0.0], [73.81743429039085, 18.640278334668565, 0.0], [73.81758054310428, 18.640279254489286, 0.0], [73.81758073704984, 18.64027851864546, 0.0], [73.81758479721869, 18.640265792502504, 0.0], [73.81759014635317, 18.640253507011423, 0.0], [73.81759673293803, 18.640241780488058, 0.0], [73.81760449354066, 18.640230725865127, 0.0], [73.81761335342213, 18.64022044960455, 0.0], [73.8176232272569, 18.64021105067218, 0.0], [73.81763401995451, 18.640202619584713, 0.0], [73.81764562757553, 18.640195237538006, 0.0], [73.81765793833233, 18.640188975625062, 0.0], [73.81767083366579, 18.640183894151413, 0.0], [73.8176719309228, 18.6401835776773, 0.0], [73.81767282811552, 18.640053922517318, 0.0]]]}, "properties": {"name": "PMP-T1173", "emu_id": "EMU_Deccan_forest", "typicality_percentile": 71.5, "is_medoid": false, "in_position_pool": false, "pool_rank": null, "selection_rationale": "pool position never used this baseline"}}, {"type": "Feature", "geometry": {"type": "Polygon", "coordinates": [[[73.81766032178088, 18.64186114226112, 0.0], [73.81766188515111, 18.641635239812565, 0.0], [73.8175653049788, 18.641634632412003, 0.0], [73.81755109811888, 18.64166734840112, 0.0], [73.8175475593286, 18.641674845758047, 0.0], [73.81749744162134, 18.641772960463033, 0.0], [73.81749646734585, 18.641774831035885, 0.0], [73.8174542677558, 18.64185430946732, 0.0], [73.81745177711669, 18.641859830629375, 0.0], [73.81766032178088, 18.64186114226112, 0.0]]]}, "properties": {"name": "PMP-T1174", "emu_id": "EMU_Deccan_forest", "typicality_percentile": 70.1, "is_medoid": false, "in_position_pool": false, "pool_rank": null, "selection_rationale": "pool position never used this baseline"}}, {"type": "Feature", "geometry": {"type": "Polygon", "coordinates": [[[73.81742021764346, 18.642311456631266, 0.0], [73.81765719497317, 18.642312947141598, 0.0], [73.8176586242832, 18.64210642206116, 0.0], [73.81742170505173, 18.642096579775945, 0.0], [73.81742021764346, 18.642311456631266, 0.0]]]}, "properties": {"name": "PMP-T1175", "emu_id": "EMU_Deccan_forest", "typicality_percentile": 62.6, "is_medoid": false, "in_position_pool": false, "pool_rank": null, "selection_rationale": "pool position never used this baseline"}}, {"type": "Feature", "geometry": {"type": "Polygon", "coordinates": [[[73.81742021764346, 18.642311456631266, 0.0], [73.81741865389283, 18.642537359043825, 0.0], [73.8176556315357, 18.642538849573512, 0.0], [73.81765719497317, 18.642312947141598, 0.0], [73.81742021764346, 18.642311456631266, 0.0]]]}, "properties": {"name": "PMP-T1176", "emu_id": "EMU_Deccan_forest", "typicality_percentile": 67.1, "is_medoid": false, "in_position_pool": false, "pool_rank": null, "selection_rationale": "pool position never used this baseline"}}, {"type": "Feature", "geometry": {"type": "Polygon", "coordinates": [[[73.81741865389283, 18.642537359043825, 0.0], [73.81741709011976, 18.64276326145084, 0.0], [73.81765406807583, 18.64276475199988, 0.0], [73.8176556315357, 18.642538849573512, 0.0], [73.81741865389283, 18.642537359043825, 0.0]]]}, "properties": {"name": "PMP-T1177", "emu_id": "EMU_Deccan_forest", "typicality_percentile": 64.9, "is_medoid": false, "in_position_pool": false, "pool_rank": null, "selection_rationale": "pool position never used this baseline"}}, {"type": "Feature", "geometry": {"type": "Polygon", "coordinates": [[[73.81741709011976, 18.64276326145084, 0.0], [73.8174155263243, 18.6429891638523, 0.0], [73.81765250459354, 18.642990654420696, 0.0], [73.81765406807583, 18.64276475199988, 0.0], [73.81741709011976, 18.64276326145084, 0.0]]]}, "properties": {"name": "PMP-T1178", "emu_id": "EMU_Deccan_forest", "typicality_percentile": 30.6, "is_medoid": false, "in_position_pool": false, "pool_rank": null, "selection_rationale": "pool position never used this baseline"}}, {"type": "Feature", "geometry": {"type": "Polygon", "coordinates": [[[73.8174155263243, 18.6429891638523, 0.0], [73.81741396250642, 18.64321506624822, 0.0], [73.81765094108886, 18.64321655683597, 0.0], [73.81765250459354, 18.642990654420696, 0.0], [73.8174155263243, 18.6429891638523, 0.0]]]}, "properties": {"name": "PMP-T1179", "emu_id": "EMU_Deccan_forest", "typicality_percentile": 23.3, "is_medoid": false, "in_position_pool": false, "pool_rank": null, "selection_rationale": "pool position never used this baseline"}}, {"type": "Feature", "geometry": {"type": "Polygon", "coordinates": [[[73.81741396250642, 18.64321506624822, 0.0], [73.81741239866612, 18.643440968638583, 0.0], [73.81764937756176, 18.643442459245687, 0.0], [73.81765094108886, 18.64321655683597, 0.0], [73.81741396250642, 18.64321506624822, 0.0]]]}, "properties": {"name": "PMP-T1180", "emu_id": "EMU_Deccan_forest", "typicality_percentile": 26.3, "is_medoid": false, "in_position_pool": false, "pool_rank": null, "selection_rationale": "pool position never used this baseline"}}, {"type": "Feature", "geometry": {"type": "Polygon", "coordinates": [[[73.81740614308085, 18.644344578144565, 0.0], [73.81740457912849, 18.64457048050719, 0.0], [73.81764155959021, 18.64457197121107, 0.0], [73.81764312322935, 18.64434606882909, 0.0], [73.81740614308085, 18.644344578144565, 0.0]]]}, "properties": {"name": "PMP-T1185", "emu_id": "EMU_Deccan_forest", "typicality_percentile": 27.2, "is_medoid": false, "in_position_pool": false, "pool_rank": null, "selection_rationale": "pool position never used this baseline"}}, {"type": "Feature", "geometry": {"type": "Polygon", "coordinates": [[[73.81740457912849, 18.64457048050719, 0.0], [73.81740301515374, 18.644796382864264, 0.0], [73.81763999592869, 18.6447978735875, 0.0], [73.81764155959021, 18.64457197121107, 0.0], [73.81740457912849, 18.64457048050719, 0.0]]]}, "properties": {"name": "PMP-T1186", "emu_id": "EMU_Deccan_forest", "typicality_percentile": 14.0, "is_medoid": false, "in_position_pool": false, "pool_rank": null, "selection_rationale": "pool position never used this baseline"}}, {"type": "Feature", "geometry": {"type": "Polygon", "coordinates": [[[73.81763999592869, 18.6447978735875, 0.0], [73.81740301515374, 18.644796382864264, 0.0], [73.81740145115656, 18.64502228521579, 0.0], [73.8176214279446, 18.645023669001848, 0.0], [73.81763851215045, 18.64501223221367, 0.0], [73.81763999592869, 18.6447978735875, 0.0]]]}, "properties": {"name": "PMP-T1187", "emu_id": "EMU_Deccan_forest", "typicality_percentile": 1.2, "is_medoid": false, "in_position_pool": false, "pool_rank": null, "selection_rationale": "pool position never used this baseline"}}, {"type": "Feature", "geometry": {"type": "Polygon", "coordinates": [[[73.81769002198438, 18.63756899478986, 0.0], [73.81792699276069, 18.637570484595276, 0.0], [73.81792851861101, 18.637349899345843, 0.0], [73.81775099364893, 18.63737271487689, 0.0], [73.8176912984249, 18.637384502773706, 0.0], [73.81769002198438, 18.63756899478986, 0.0]]]}, "properties": {"name": "PMP-T1188", "emu_id": "EMU_Deccan_forest", "typicality_percentile": 2.6, "is_medoid": false, "in_position_pool": false, "pool_rank": null, "selection_rationale": "pool position never used this baseline"}}, {"type": "Feature", "geometry": {"type": "Polygon", "coordinates": [[[73.81769002198438, 18.63756899478986, 0.0], [73.81768845901742, 18.637794897338274, 0.0], [73.81792543010681, 18.637796387163043, 0.0], [73.81792699276069, 18.637570484595276, 0.0], [73.81769002198438, 18.63756899478986, 0.0]]]}, "properties": {"name": "PMP-T1189", "emu_id": "EMU_Deccan_forest", "typicality_percentile": 8.1, "is_medoid": false, "in_position_pool": false, "pool_rank": null, "selection_rationale": "pool position never used this baseline"}}, {"type": "Feature", "geometry": {"type": "Polygon", "coordinates": [[[73.81768845901742, 18.637794897338274, 0.0], [73.81768689602804, 18.638020799881136, 0.0], [73.81792386743052, 18.638022289725257, 0.0], [73.81792543010681, 18.637796387163043, 0.0], [73.81768845901742, 18.637794897338274, 0.0]]]}, "properties": {"name": "PMP-T1190", "emu_id": "EMU_Deccan_forest", "typicality_percentile": 12.9, "is_medoid": false, "in_position_pool": false, "pool_rank": null, "selection_rationale": "pool position never used this baseline"}}, {"type": "Feature", "geometry": {"type": "Polygon", "coordinates": [[[73.81768689602804, 18.638020799881136, 0.0], [73.81768533301626, 18.638246702418456, 0.0], [73.81792230473185, 18.638248192281928, 0.0], [73.81792386743052, 18.638022289725257, 0.0], [73.81768689602804, 18.638020799881136, 0.0]]]}, "properties": {"name": "PMP-T1191", "emu_id": "EMU_Deccan_forest", "typicality_percentile": 12.6, "is_medoid": false, "in_position_pool": false, "pool_rank": null, "selection_rationale": "pool position never used this baseline"}}, {"type": "Feature", "geometry": {"type": "Polygon", "coordinates": [[[73.81768533301626, 18.638246702418456, 0.0], [73.81768376998208, 18.63847260495023, 0.0], [73.81792074201077, 18.638474094833054, 0.0], [73.81792230473185, 18.638248192281928, 0.0], [73.81768533301626, 18.638246702418456, 0.0]]]}, "properties": {"name": "PMP-T1192", "emu_id": "EMU_Deccan_forest", "typicality_percentile": 43.2, "is_medoid": false, "in_position_pool": false, "pool_rank": null, "selection_rationale": "pool position never used this baseline"}}, {"type": "Feature", "geometry": {"type": "Polygon", "coordinates": [[[73.81768376998208, 18.63847260495023, 0.0], [73.8176822069255, 18.638698507476455, 0.0], [73.81791917926729, 18.638699997378623, 0.0], [73.81792074201077, 18.638474094833054, 0.0], [73.81768376998208, 18.63847260495023, 0.0]]]}, "properties": {"name": "PMP-T1193", "emu_id": "EMU_Deccan_forest", "typicality_percentile": 49.9, "is_medoid": false, "in_position_pool": false, "pool_rank": null, "selection_rationale": "pool position never used this baseline"}}, {"type": "Feature", "geometry": {"type": "Polygon", "coordinates": [[[73.8176822069255, 18.638698507476455, 0.0], [73.81768064384651, 18.638924409997134, 0.0], [73.81791761650142, 18.638925899918654, 0.0], [73.81791917926729, 18.638699997378623, 0.0], [73.8176822069255, 18.638698507476455, 0.0]]]}, "properties": {"name": "PMP-T1194", "emu_id": "EMU_Deccan_forest", "typicality_percentile": 61.6, "is_medoid": false, "in_position_pool": false, "pool_rank": null, "selection_rationale": "pool position never used this baseline"}}, {"type": "Feature", "geometry": {"type": "Polygon", "coordinates": [[[73.81768064384651, 18.638924409997134, 0.0], [73.81767908074512, 18.639150312512264, 0.0], [73.81791605371313, 18.63915180245313, 0.0], [73.81791761650142, 18.638925899918654, 0.0], [73.81768064384651, 18.638924409997134, 0.0]]]}, "properties": {"name": "PMP-T1195", "emu_id": "EMU_Deccan_forest", "typicality_percentile": 69.2, "is_medoid": false, "in_position_pool": false, "pool_rank": null, "selection_rationale": "pool position never used this baseline"}}, {"type": "Feature", "geometry": {"type": "Polygon", "coordinates": [[[73.81767908074512, 18.639150312512264, 0.0], [73.81767751762133, 18.63937621502185, 0.0], [73.81791449090245, 18.63937770498207, 0.0], [73.81791605371313, 18.63915180245313, 0.0], [73.81767908074512, 18.639150312512264, 0.0]]]}, "properties": {"name": "PMP-T1196", "emu_id": "EMU_Deccan_forest", "typicality_percentile": 60.1, "is_medoid": false, "in_position_pool": false, "pool_rank": null, "selection_rationale": "pool position never used this baseline"}}, {"type": "Feature", "geometry": {"type": "Polygon", "coordinates": [[[73.81767751762133, 18.63937621502185, 0.0], [73.81767595447513, 18.639602117525886, 0.0], [73.81791292806938, 18.639603607505453, 0.0], [73.81791449090245, 18.63937770498207, 0.0], [73.81767751762133, 18.63937621502185, 0.0]]]}, "properties": {"name": "PMP-T1197", "emu_id": "EMU_Deccan_forest", "typicality_percentile": 62.4, "is_medoid": false, "in_position_pool": false, "pool_rank": null, "selection_rationale": "pool position never used this baseline"}}, {"type": "Feature", "geometry": {"type": "Polygon", "coordinates": [[[73.81767595447513, 18.639602117525886, 0.0], [73.81767439130653, 18.63982802002437, 0.0], [73.8179113652139, 18.63982951002329, 0.0], [73.81791292806938, 18.639603607505453, 0.0], [73.81767595447513, 18.639602117525886, 0.0]]]}, "properties": {"name": "PMP-T1198", "emu_id": "EMU_Deccan_forest", "typicality_percentile": 62.1, "is_medoid": false, "in_position_pool": false, "pool_rank": null, "selection_rationale": "pool position never used this baseline"}}, {"type": "Feature", "geometry": {"type": "Polygon", "coordinates": [[[73.81767439130653, 18.63982802002437, 0.0], [73.81767282811552, 18.640053922517318, 0.0], [73.81790980233603, 18.640055412535585, 0.0], [73.8179113652139, 18.63982951002329, 0.0], [73.81767439130653, 18.63982802002437, 0.0]]]}, "properties": {"name": "PMP-T1199", "emu_id": "EMU_Deccan_forest", "typicality_percentile": 64.3, "is_medoid": false, "in_position_pool": false, "pool_rank": null, "selection_rationale": "pool position never used this baseline"}}, {"type": "Feature", "geometry": {"type": "Polygon", "coordinates": [[[73.81790823943575, 18.640281315042326, 0.0], [73.81790980233603, 18.640055412535585, 0.0], [73.81767282811552, 18.640053922517318, 0.0], [73.8176719309228, 18.6401835776773, 0.0], [73.81768418938704, 18.640180042054325, 0.0], [73.81769787687345, 18.64017745643156, 0.0], [73.81771176430736, 18.64017616218401, 0.0], [73.81772571794552, 18.640176171775995, 0.0], [73.81773960340703, 18.640177485115128, 0.0], [73.81775328696766, 18.640180089553322, 0.0], [73.8177666368475, 18.640183960008454, 0.0], [73.8177795244802, 18.640189059206044, 0.0], [73.81779182575099, 18.640195338038133, 0.0], [73.81780342219209, 18.64020273603628, 0.0], [73.81781420212351, 18.640211181953863, 0.0], [73.8178240617287, 18.64022059445223, 0.0], [73.81783290605422, 18.64023088288401, 0.0], [73.81784064992432, 18.640241948166146, 0.0], [73.81784721876116, 18.640253683734024, 0.0], [73.81785254930303, 18.640265976567864, 0.0], [73.81785659021368, 18.64027870828102, 0.0], [73.8178570652138, 18.640280993296678, 0.0], [73.81790823943575, 18.640281315042326, 0.0]]]}, "properties": {"name": "PMP-T1200", "emu_id": "EMU_Deccan_forest", "typicality_percentile": 65.6, "is_medoid": false, "in_position_pool": false, "pool_rank": null, "selection_rationale": "pool position never used this baseline"}}, {"type": "Feature", "geometry": {"type": "Polygon", "coordinates": [[[73.81790511356802, 18.640733120039172, 0.0], [73.81790667651308, 18.640507217543526, 0.0], [73.81781382765419, 18.640506633761493, 0.0], [73.8177901054233, 18.640596637957163, 0.0], [73.8177647002513, 18.640732237170205, 0.0], [73.81790511356802, 18.640733120039172, 0.0]]]}, "properties": {"name": "PMP-T1201", "emu_id": "EMU_Deccan_forest", "typicality_percentile": 66.0, "is_medoid": false, "in_position_pool": false, "pool_rank": null, "selection_rationale": "pool position never used this baseline"}}, {"type": "Feature", "geometry": {"type": "Polygon", "coordinates": [[[73.81790355060053, 18.64095902252927, 0.0], [73.81790511356802, 18.640733120039172, 0.0], [73.8177647002513, 18.640732237170205, 0.0], [73.81774303942827, 18.640847850849376, 0.0], [73.81773059865023, 18.64095793504131, 0.0], [73.81790355060053, 18.64095902252927, 0.0]]]}, "properties": {"name": "PMP-T1202", "emu_id": "EMU_Deccan_forest", "typicality_percentile": 56.5, "is_medoid": false, "in_position_pool": false, "pool_rank": null, "selection_rationale": "pool position never used this baseline"}}, {"type": "Feature", "geometry": {"type": "Polygon", "coordinates": [[[73.81790198761065, 18.641184925013825, 0.0], [73.81790355060053, 18.64095902252927, 0.0], [73.81773059865023, 18.64095793504131, 0.0], [73.81771383727602, 18.641106250422606, 0.0], [73.81771306239561, 18.64111196399694, 0.0], [73.8177017080943, 18.64118366566624, 0.0], [73.81790198761065, 18.641184925013825, 0.0]]]}, "properties": {"name": "PMP-T1203", "emu_id": "EMU_Deccan_forest", "typicality_percentile": 56.4, "is_medoid": false, "in_position_pool": false, "pool_rank": null, "selection_rationale": "pool position never used this baseline"}}, {"type": "Feature", "geometry": {"type": "Polygon", "coordinates": [[[73.81766344849896, 18.641409337358454, 0.0], [73.81790042459838, 18.641410827492834, 0.0], [73.81790198761065, 18.641184925013825, 0.0], [73.8177017080943, 18.64118366566624, 0.0], [73.81769597497774, 18.641219869894027, 0.0], [73.81769442964476, 18.641227958172717, 0.0], [73.81767051101991, 18.6413346780358, 0.0], [73.8176684541277, 18.641342662125933, 0.0], [73.81766379946059, 18.64135862325152, 0.0], [73.81766344849896, 18.641409337358454, 0.0]]]}, "properties": {"name": "PMP-T1204", "emu_id": "EMU_Deccan_forest", "typicality_percentile": 59.5, "is_medoid": false, "in_position_pool": false, "pool_rank": null, "selection_rationale": "pool position never used this baseline"}}, {"type": "Feature", "geometry": {"type": "Polygon", "coordinates": [[[73.81766344849896, 18.641409337358454, 0.0], [73.81766188515111, 18.641635239812565, 0.0], [73.8178988615637, 18.64163672996629, 0.0], [73.81790042459838, 18.641410827492834, 0.0], [73.81766344849896, 18.641409337358454, 0.0]]]}, "properties": {"name": "PMP-T1205", "emu_id": "EMU_Deccan_forest", "typicality_percentile": 50.0, "is_medoid": false, "in_position_pool": false, "pool_rank": null, "selection_rationale": "pool position never used this baseline"}}, {"type": "Feature", "geometry": {"type": "Polygon", "coordinates": [[[73.81766188515111, 18.641635239812565, 0.0], [73.81766032178088, 18.64186114226112, 0.0], [73.81789729850661, 18.641862632434197, 0.0], [73.8178988615637, 18.64163672996629, 0.0], [73.81766188515111, 18.641635239812565, 0.0]]]}, "properties": {"name": "PMP-T1206", "emu_id": "EMU_Deccan_forest", "typicality_percentile": 55.6, "is_medoid": false, "in_position_pool": false, "pool_rank": null, "selection_rationale": "pool position never used this baseline"}}, {"type": "Feature", "geometry": {"type": "Polygon", "coordinates": [[[73.81789729850661, 18.641862632434197, 0.0], [73.81766032178088, 18.64186114226112, 0.0], [73.81765956279062, 18.641970812973344, 0.0], [73.8177194879562, 18.641973302386667, 0.0], [73.81772055270149, 18.641973358064018, 0.0], [73.8178964556245, 18.641984449510694, 0.0], [73.81789729850661, 18.641862632434197, 0.0]]]}, "properties": {"name": "PMP-T1207", "emu_id": "EMU_Deccan_forest", "typicality_percentile": 58.2, "is_medoid": false, "in_position_pool": false, "pool_rank": null, "selection_rationale": "pool position never used this baseline"}}, {"type": "Feature", "geometry": {"type": "Polygon", "coordinates": [[[73.81765719497317, 18.642312947141598, 0.0], [73.81789417232525, 18.642314437353374, 0.0], [73.81789551783127, 18.642119982459555, 0.0], [73.81771122602902, 18.642108607243728, 0.0], [73.8176586242832, 18.64210642206116, 0.0], [73.81765719497317, 18.642312947141598, 0.0]]]}, "properties": {"name": "PMP-T1208", "emu_id": "EMU_Deccan_forest", "typicality_percentile": 62.7, "is_medoid": false, "in_position_pool": false, "pool_rank": null, "selection_rationale": "pool position never used this baseline"}}, {"type": "Feature", "geometry": {"type": "Polygon", "coordinates": [[[73.81765719497317, 18.642312947141598, 0.0], [73.8176556315357, 18.642538849573512, 0.0], [73.81789260920097, 18.642540339804636, 0.0], [73.81789417232525, 18.642314437353374, 0.0], [73.81765719497317, 18.642312947141598, 0.0]]]}, "properties": {"name": "PMP-T1209", "emu_id": "EMU_Deccan_forest", "typicality_percentile": 62.3, "is_medoid": false, "in_position_pool": true, "pool_rank": 11, "selection_rationale": "best-scoring position in its spatial region \u2014 extends coverage of the EMU"}}, {"type": "Feature", "geometry": {"type": "Polygon", "coordinates": [[[73.8176556315357, 18.642538849573512, 0.0], [73.81765406807583, 18.64276475199988, 0.0], [73.81789104605429, 18.642766242250353, 0.0], [73.81789260920097, 18.642540339804636, 0.0], [73.8176556315357, 18.642538849573512, 0.0]]]}, "properties": {"name": "PMP-T1210", "emu_id": "EMU_Deccan_forest", "typicality_percentile": 34.1, "is_medoid": false, "in_position_pool": false, "pool_rank": null, "selection_rationale": "pool position never used this baseline"}}, {"type": "Feature", "geometry": {"type": "Polygon", "coordinates": [[[73.81765406807583, 18.64276475199988, 0.0], [73.81765250459354, 18.642990654420696, 0.0], [73.8178894828852, 18.642992144690524, 0.0], [73.81789104605429, 18.642766242250353, 0.0], [73.81765406807583, 18.64276475199988, 0.0]]]}, "properties": {"name": "PMP-T1211", "emu_id": "EMU_Deccan_forest", "typicality_percentile": 24.4, "is_medoid": false, "in_position_pool": false, "pool_rank": null, "selection_rationale": "pool position never used this baseline"}}, {"type": "Feature", "geometry": {"type": "Polygon", "coordinates": [[[73.81765250459354, 18.642990654420696, 0.0], [73.81765094108886, 18.64321655683597, 0.0], [73.81788791969372, 18.643218047125146, 0.0], [73.8178894828852, 18.642992144690524, 0.0], [73.81765250459354, 18.642990654420696, 0.0]]]}, "properties": {"name": "PMP-T1212", "emu_id": "EMU_Deccan_forest", "typicality_percentile": 23.1, "is_medoid": false, "in_position_pool": false, "pool_rank": null, "selection_rationale": "pool position never used this baseline"}}, {"type": "Feature", "geometry": {"type": "Polygon", "coordinates": [[[73.81765094108886, 18.64321655683597, 0.0], [73.81764937756176, 18.643442459245687, 0.0], [73.81788635647983, 18.64344394955422, 0.0], [73.81788791969372, 18.643218047125146, 0.0], [73.81765094108886, 18.64321655683597, 0.0]]]}, "properties": {"name": "PMP-T1213", "emu_id": "EMU_Deccan_forest", "typicality_percentile": 25.6, "is_medoid": false, "in_position_pool": false, "pool_rank": null, "selection_rationale": "pool position never used this baseline"}}, {"type": "Feature", "geometry": {"type": "Polygon", "coordinates": [[[73.81764937756176, 18.643442459245687, 0.0], [73.81764781401228, 18.64366836164986, 0.0], [73.81788479324354, 18.643669851977737, 0.0], [73.81788635647983, 18.64344394955422, 0.0], [73.81764937756176, 18.643442459245687, 0.0]]]}, "properties": {"name": "PMP-T1214", "emu_id": "EMU_Deccan_forest", "typicality_percentile": 28.2, "is_medoid": false, "in_position_pool": false, "pool_rank": null, "selection_rationale": "pool position never used this baseline"}}, {"type": "Feature", "geometry": {"type": "Polygon", "coordinates": [[[73.81764781401228, 18.64366836164986, 0.0], [73.81764625044036, 18.643894264048495, 0.0], [73.81788322998483, 18.643895754395718, 0.0], [73.81788479324354, 18.643669851977737, 0.0], [73.81764781401228, 18.64366836164986, 0.0]]]}, "properties": {"name": "PMP-T1215", "emu_id": "EMU_Deccan_forest", "typicality_percentile": 29.8, "is_medoid": false, "in_position_pool": false, "pool_rank": null, "selection_rationale": "pool position never used this baseline"}}, {"type": "Feature", "geometry": {"type": "Polygon", "coordinates": [[[73.81764625044036, 18.643894264048495, 0.0], [73.81764468684607, 18.644120166441564, 0.0], [73.81788166670373, 18.644121656808146, 0.0], [73.81788322998483, 18.643895754395718, 0.0], [73.81764625044036, 18.643894264048495, 0.0]]]}, "properties": {"name": "PMP-T1216", "emu_id": "EMU_Deccan_forest", "typicality_percentile": 30.1, "is_medoid": false, "in_position_pool": false, "pool_rank": null, "selection_rationale": "pool position never used this baseline"}}, {"type": "Feature", "geometry": {"type": "Polygon", "coordinates": [[[73.81764468684607, 18.644120166441564, 0.0], [73.81764312322935, 18.64434606882909, 0.0], [73.81788010340024, 18.644347559215024, 0.0], [73.81788166670373, 18.644121656808146, 0.0], [73.81764468684607, 18.644120166441564, 0.0]]]}, "properties": {"name": "PMP-T1217", "emu_id": "EMU_Deccan_forest", "typicality_percentile": 29.6, "is_medoid": false, "in_position_pool": false, "pool_rank": null, "selection_rationale": "pool position never used this baseline"}}, {"type": "Feature", "geometry": {"type": "Polygon", "coordinates": [[[73.81764312322935, 18.64434606882909, 0.0], [73.81764155959021, 18.64457197121107, 0.0], [73.81787854007433, 18.64457346161635, 0.0], [73.81788010340024, 18.644347559215024, 0.0], [73.81764312322935, 18.64434606882909, 0.0]]]}, "properties": {"name": "PMP-T1218", "emu_id": "EMU_Deccan_forest", "typicality_percentile": 27.7, "is_medoid": false, "in_position_pool": true, "pool_rank": 17, "selection_rationale": "best-scoring position in its spatial region \u2014 extends coverage of the EMU"}}, {"type": "Feature", "geometry": {"type": "Polygon", "coordinates": [[[73.81764155959021, 18.64457197121107, 0.0], [73.81763999592869, 18.6447978735875, 0.0], [73.81787697672603, 18.644799364012133, 0.0], [73.81787854007433, 18.64457346161635, 0.0], [73.81764155959021, 18.64457197121107, 0.0]]]}, "properties": {"name": "PMP-T1219", "emu_id": "EMU_Deccan_forest", "typicality_percentile": 13.9, "is_medoid": false, "in_position_pool": false, "pool_rank": null, "selection_rationale": "pool position never used this baseline"}}, {"type": "Feature", "geometry": {"type": "Polygon", "coordinates": [[[73.81787697672603, 18.644799364012133, 0.0], [73.81763999592869, 18.6447978735875, 0.0], [73.81763851215045, 18.64501223221367, 0.0], [73.81764678169624, 18.64500669627809, 0.0], [73.81781643591567, 18.644896266404867, 0.0], [73.81787660794703, 18.64485265176588, 0.0], [73.81787697672603, 18.644799364012133, 0.0]]]}, "properties": {"name": "PMP-T1220", "emu_id": "EMU_Deccan_forest", "typicality_percentile": 8.4, "is_medoid": false, "in_position_pool": false, "pool_rank": null, "selection_rationale": "pool position never used this baseline"}}, {"type": "Feature", "geometry": {"type": "Polygon", "coordinates": [[[73.81792699276069, 18.637570484595276, 0.0], [73.81816396355939, 18.63757197410223, 0.0], [73.81816552587777, 18.637346071509572, 0.0], [73.81796796435985, 18.637344829749335, 0.0], [73.81792851861101, 18.637349899345843, 0.0], [73.81792699276069, 18.637570484595276, 0.0]]]}, "properties": {"name": "PMP-T1221", "emu_id": "EMU_Deccan_forest", "typicality_percentile": 13.3, "is_medoid": false, "in_position_pool": false, "pool_rank": null, "selection_rationale": "pool position never used this baseline"}}, {"type": "Feature", "geometry": {"type": "Polygon", "coordinates": [[[73.81792699276069, 18.637570484595276, 0.0], [73.81792543010681, 18.637796387163043, 0.0], [73.8181624012186, 18.637797876689334, 0.0], [73.81816396355939, 18.63757197410223, 0.0], [73.81792699276069, 18.637570484595276, 0.0]]]}, "properties": {"name": "PMP-T1222", "emu_id": "EMU_Deccan_forest", "typicality_percentile": 13.0, "is_medoid": false, "in_position_pool": false, "pool_rank": null, "selection_rationale": "pool position never used this baseline"}}, {"type": "Feature", "geometry": {"type": "Polygon", "coordinates": [[[73.81792543010681, 18.637796387163043, 0.0], [73.81792386743052, 18.638022289725257, 0.0], [73.8181608388554, 18.638023779270895, 0.0], [73.8181624012186, 18.637797876689334, 0.0], [73.81792543010681, 18.637796387163043, 0.0]]]}, "properties": {"name": "PMP-T1223", "emu_id": "EMU_Deccan_forest", "typicality_percentile": 4.5, "is_medoid": false, "in_position_pool": false, "pool_rank": null, "selection_rationale": "pool position never used this baseline"}}, {"type": "Feature", "geometry": {"type": "Polygon", "coordinates": [[[73.81792386743052, 18.638022289725257, 0.0], [73.81792230473185, 18.638248192281928, 0.0], [73.81815927646983, 18.638249681846915, 0.0], [73.8181608388554, 18.638023779270895, 0.0], [73.81792386743052, 18.638022289725257, 0.0]]]}, "properties": {"name": "PMP-T1224", "emu_id": "EMU_Deccan_forest", "typicality_percentile": 15.0, "is_medoid": false, "in_position_pool": false, "pool_rank": null, "selection_rationale": "pool position never used this baseline"}}, {"type": "Feature", "geometry": {"type": "Polygon", "coordinates": [[[73.81792230473185, 18.638248192281928, 0.0], [73.81792074201077, 18.638474094833054, 0.0], [73.81815771406184, 18.638475584417378, 0.0], [73.81815927646983, 18.638249681846915, 0.0], [73.81792230473185, 18.638248192281928, 0.0]]]}, "properties": {"name": "PMP-T1225", "emu_id": "EMU_Deccan_forest", "typicality_percentile": 44.1, "is_medoid": false, "in_position_pool": false, "pool_rank": null, "selection_rationale": "pool position never used this baseline"}}, {"type": "Feature", "geometry": {"type": "Polygon", "coordinates": [[[73.81792074201077, 18.638474094833054, 0.0], [73.81791917926729, 18.638699997378623, 0.0], [73.81815615163148, 18.6387014869823, 0.0], [73.81815771406184, 18.638475584417378, 0.0], [73.81792074201077, 18.638474094833054, 0.0]]]}, "properties": {"name": "PMP-T1226", "emu_id": "EMU_Deccan_forest", "typicality_percentile": 54.3, "is_medoid": false, "in_position_pool": false, "pool_rank": null, "selection_rationale": "pool position never used this baseline"}}, {"type": "Feature", "geometry": {"type": "Polygon", "coordinates": [[[73.81791917926729, 18.638699997378623, 0.0], [73.81791761650142, 18.638925899918654, 0.0], [73.81815458917872, 18.638927389541674, 0.0], [73.81815615163148, 18.6387014869823, 0.0], [73.81791917926729, 18.638699997378623, 0.0]]]}, "properties": {"name": "PMP-T1227", "emu_id": "EMU_Deccan_forest", "typicality_percentile": 65.2, "is_medoid": false, "in_position_pool": false, "pool_rank": null, "selection_rationale": "pool position never used this baseline"}}, {"type": "Feature", "geometry": {"type": "Polygon", "coordinates": [[[73.81791761650142, 18.638925899918654, 0.0], [73.81791605371313, 18.63915180245313, 0.0], [73.81815302670354, 18.6391532920955, 0.0], [73.81815458917872, 18.638927389541674, 0.0], [73.81791761650142, 18.638925899918654, 0.0]]]}, "properties": {"name": "PMP-T1228", "emu_id": "EMU_Deccan_forest", "typicality_percentile": 68.1, "is_medoid": false, "in_position_pool": false, "pool_rank": null, "selection_rationale": "pool position never used this baseline"}}, {"type": "Feature", "geometry": {"type": "Polygon", "coordinates": [[[73.81791605371313, 18.63915180245313, 0.0], [73.81791449090245, 18.63937770498207, 0.0], [73.818151464206, 18.639379194643777, 0.0], [73.81815302670354, 18.6391532920955, 0.0], [73.81791605371313, 18.63915180245313, 0.0]]]}, "properties": {"name": "PMP-T1229", "emu_id": "EMU_Deccan_forest", "typicality_percentile": 55.5, "is_medoid": false, "in_position_pool": false, "pool_rank": null, "selection_rationale": "pool position never used this baseline"}}, {"type": "Feature", "geometry": {"type": "Polygon", "coordinates": [[[73.81791449090245, 18.63937770498207, 0.0], [73.81791292806938, 18.639603607505453, 0.0], [73.81814990168604, 18.639605097186514, 0.0], [73.818151464206, 18.639379194643777, 0.0], [73.81791449090245, 18.63937770498207, 0.0]]]}, "properties": {"name": "PMP-T1230", "emu_id": "EMU_Deccan_forest", "typicality_percentile": 59.1, "is_medoid": false, "in_position_pool": false, "pool_rank": null, "selection_rationale": "pool position never used this baseline"}}, {"type": "Feature", "geometry": {"type": "Polygon", "coordinates": [[[73.81791292806938, 18.639603607505453, 0.0], [73.8179113652139, 18.63982951002329, 0.0], [73.81814833914369, 18.639830999723696, 0.0], [73.81814990168604, 18.639605097186514, 0.0], [73.81791292806938, 18.639603607505453, 0.0]]]}, "properties": {"name": "PMP-T1231", "emu_id": "EMU_Deccan_forest", "typicality_percentile": 63.7, "is_medoid": false, "in_position_pool": false, "pool_rank": null, "selection_rationale": "pool position never used this baseline"}}, {"type": "Feature", "geometry": {"type": "Polygon", "coordinates": [[[73.8179113652139, 18.63982951002329, 0.0], [73.81790980233603, 18.640055412535585, 0.0], [73.81814677657894, 18.64005690225534, 0.0], [73.81814833914369, 18.639830999723696, 0.0], [73.8179113652139, 18.63982951002329, 0.0]]]}, "properties": {"name": "PMP-T1232", "emu_id": "EMU_Deccan_forest", "typicality_percentile": 68.5, "is_medoid": false, "in_position_pool": false, "pool_rank": null, "selection_rationale": "pool position never used this baseline"}}, {"type": "Feature", "geometry": {"type": "Polygon", "coordinates": [[[73.81790980233603, 18.640055412535585, 0.0], [73.81790823943575, 18.640281315042326, 0.0], [73.81814521399183, 18.640282804781425, 0.0], [73.81814677657894, 18.64005690225534, 0.0], [73.81790980233603, 18.640055412535585, 0.0]]]}, "properties": {"name": "PMP-T1233", "emu_id": "EMU_Deccan_forest", "typicality_percentile": 69.8, "is_medoid": false, "in_position_pool": false, "pool_rank": null, "selection_rationale": "pool position never used this baseline"}}, {"type": "Feature", "geometry": {"type": "Polygon", "coordinates": [[[73.81790823943575, 18.640281315042326, 0.0], [73.81790667651308, 18.640507217543526, 0.0], [73.81814365138229, 18.640508707301972, 0.0], [73.81814521399183, 18.640282804781425, 0.0], [73.81790823943575, 18.640281315042326, 0.0]]]}, "properties": {"name": "PMP-T1234", "emu_id": "EMU_Deccan_forest", "typicality_percentile": 70.5, "is_medoid": false, "in_position_pool": false, "pool_rank": null, "selection_rationale": "pool position never used this baseline"}}, {"type": "Feature", "geometry": {"type": "Polygon", "coordinates": [[[73.81790667651308, 18.640507217543526, 0.0], [73.81790511356802, 18.640733120039172, 0.0], [73.81814208875036, 18.64073460981696, 0.0], [73.81814365138229, 18.640508707301972, 0.0], [73.81790667651308, 18.640507217543526, 0.0]]]}, "properties": {"name": "PMP-T1235", "emu_id": "EMU_Deccan_forest", "typicality_percentile": 57.1, "is_medoid": false, "in_position_pool": false, "pool_rank": null, "selection_rationale": "pool position never used this baseline"}}, {"type": "Feature", "geometry": {"type": "Polygon", "coordinates": [[[73.81790511356802, 18.640733120039172, 0.0], [73.81790355060053, 18.64095902252927, 0.0], [73.81814052609603, 18.64096051232641, 0.0], [73.81814208875036, 18.64073460981696, 0.0], [73.81790511356802, 18.640733120039172, 0.0]]]}, "properties": {"name": "PMP-T1236", "emu_id": "EMU_Deccan_forest", "typicality_percentile": 53.2, "is_medoid": false, "in_position_pool": false, "pool_rank": null, "selection_rationale": "pool position never used this baseline"}}, {"type": "Feature", "geometry": {"type": "Polygon", "coordinates": [[[73.81790355060053, 18.64095902252927, 0.0], [73.81790198761065, 18.641184925013825, 0.0], [73.8181389634193, 18.64118641483031, 0.0], [73.81814052609603, 18.64096051232641, 0.0], [73.81790355060053, 18.64095902252927, 0.0]]]}, "properties": {"name": "PMP-T1237", "emu_id": "EMU_Deccan_forest", "typicality_percentile": 53.8, "is_medoid": false, "in_position_pool": false, "pool_rank": null, "selection_rationale": "pool position never used this baseline"}}, {"type": "Feature", "geometry": {"type": "Polygon", "coordinates": [[[73.81790198761065, 18.641184925013825, 0.0], [73.81790042459838, 18.641410827492834, 0.0], [73.8181374007202, 18.64141231732866, 0.0], [73.8181389634193, 18.64118641483031, 0.0], [73.81790198761065, 18.641184925013825, 0.0]]]}, "properties": {"name": "PMP-T1238", "emu_id": "EMU_Deccan_forest", "typicality_percentile": 53.0, "is_medoid": false, "in_position_pool": false, "pool_rank": null, "selection_rationale": "pool position never used this baseline"}}, {"type": "Feature", "geometry": {"type": "Polygon", "coordinates": [[[73.81790042459838, 18.641410827492834, 0.0], [73.8178988615637, 18.64163672996629, 0.0], [73.81813583799867, 18.641638219821466, 0.0], [73.8181374007202, 18.64141231732866, 0.0], [73.81790042459838, 18.641410827492834, 0.0]]]}, "properties": {"name": "PMP-T1239", "emu_id": "EMU_Deccan_forest", "typicality_percentile": 50.9, "is_medoid": false, "in_position_pool": false, "pool_rank": null, "selection_rationale": "pool position never used this baseline"}}, {"type": "Feature", "geometry": {"type": "Polygon", "coordinates": [[[73.8178988615637, 18.64163672996629, 0.0], [73.81789729850661, 18.641862632434197, 0.0], [73.81813427525478, 18.641864122308718, 0.0], [73.81813583799867, 18.641638219821466, 0.0], [73.8178988615637, 18.64163672996629, 0.0]]]}, "properties": {"name": "PMP-T1240", "emu_id": "EMU_Deccan_forest", "typicality_percentile": 66.3, "is_medoid": false, "in_position_pool": false, "pool_rank": null, "selection_rationale": "pool position never used this baseline"}}, {"type": "Feature", "geometry": {"type": "Polygon", "coordinates": [[[73.81813427525478, 18.641864122308718, 0.0], [73.81789729850661, 18.641862632434197, 0.0], [73.8178964556245, 18.641984449510694, 0.0], [73.81809501641114, 18.641996969435727, 0.0], [73.8180996368805, 18.641997478805916, 0.0], [73.8181041827265, 18.641998417444086, 0.0], [73.8181086101702, 18.641999776310655, 0.0], [73.8181128765729, 18.642001542319004, 0.0], [73.81811694084683, 18.64200369846153, 0.0], [73.81812076385087, 18.642006223973418, 0.0], [73.81812302385799, 18.6420080540544, 0.0], [73.81813327830838, 18.642008234226136, 0.0], [73.81813427525478, 18.641864122308718, 0.0]]]}, "properties": {"name": "PMP-T1241", "emu_id": "EMU_Deccan_forest", "typicality_percentile": 68.4, "is_medoid": false, "in_position_pool": false, "pool_rank": null, "selection_rationale": "pool position never used this baseline"}}, {"type": "Feature", "geometry": {"type": "Polygon", "coordinates": [[[73.81789417232525, 18.642314437353374, 0.0], [73.81806089362424, 18.642315485586987, 0.0], [73.81807218457428, 18.642205063766447, 0.0], [73.81808033285729, 18.6421313897885, 0.0], [73.81789551783127, 18.642119982459555, 0.0], [73.81789417232525, 18.642314437353374, 0.0]]]}, "properties": {"name": "PMP-T1242", "emu_id": "EMU_Deccan_forest", "typicality_percentile": 70.4, "is_medoid": false, "in_position_pool": false, "pool_rank": null, "selection_rationale": "pool position never used this baseline"}}, {"type": "Feature", "geometry": {"type": "Polygon", "coordinates": [[[73.81789417232525, 18.642314437353374, 0.0], [73.81789260920097, 18.642540339804636, 0.0], [73.81803889882939, 18.64254125959605, 0.0], [73.81804528877687, 18.64246809561152, 0.0], [73.81806089362424, 18.642315485586987, 0.0], [73.81789417232525, 18.642314437353374, 0.0]]]}, "properties": {"name": "PMP-T1243", "emu_id": "EMU_Deccan_forest", "typicality_percentile": 70.8, "is_medoid": false, "in_position_pool": false, "pool_rank": null, "selection_rationale": "pool position never used this baseline"}}, {"type": "Feature", "geometry": {"type": "Polygon", "coordinates": [[[73.81789260920097, 18.642540339804636, 0.0], [73.81789104605429, 18.642766242250353, 0.0], [73.81801917903358, 18.64276704789799, 0.0], [73.81803889882939, 18.64254125959605, 0.0], [73.81789260920097, 18.642540339804636, 0.0]]]}, "properties": {"name": "PMP-T1244", "emu_id": "EMU_Deccan_forest", "typicality_percentile": 40.5, "is_medoid": false, "in_position_pool": false, "pool_rank": null, "selection_rationale": "pool position never used this baseline"}}, {"type": "Feature", "geometry": {"type": "Polygon", "coordinates": [[[73.81789104605429, 18.642766242250353, 0.0], [73.8178894828852, 18.642992144690524, 0.0], [73.81799905521873, 18.642992833649874, 0.0], [73.81800186440469, 18.6429652967768, 0.0], [73.81801917903358, 18.64276704789799, 0.0], [73.81789104605429, 18.642766242250353, 0.0]]]}, "properties": {"name": "PMP-T1245", "emu_id": "EMU_Deccan_forest", "typicality_percentile": 26.6, "is_medoid": false, "in_position_pool": false, "pool_rank": null, "selection_rationale": "pool position never used this baseline"}}, {"type": "Feature", "geometry": {"type": "Polygon", "coordinates": [[[73.81788166670373, 18.644121656808146, 0.0], [73.81788010340024, 18.644347559215024, 0.0], [73.81811708359353, 18.644349049302367, 0.0], [73.81811733155824, 18.64431321063345, 0.0], [73.81801475575668, 18.644252383868853, 0.0], [73.81802616993346, 18.644125562759356, 0.0], [73.81788380894189, 18.644145655741948, 0.0], [73.81788616883115, 18.644121685119135, 0.0], [73.81788166670373, 18.644121656808146, 0.0]]]}, "properties": {"name": "PMP-T1246", "emu_id": "EMU_Deccan_forest", "typicality_percentile": 22.7, "is_medoid": false, "in_position_pool": false, "pool_rank": null, "selection_rationale": "pool position never used this baseline"}}, {"type": "Feature", "geometry": {"type": "Polygon", "coordinates": [[[73.81788010340024, 18.644347559215024, 0.0], [73.81787854007433, 18.64457346161635, 0.0], [73.81811552058086, 18.644574951723033, 0.0], [73.81811708359353, 18.644349049302367, 0.0], [73.81788010340024, 18.644347559215024, 0.0]]]}, "properties": {"name": "PMP-T1247", "emu_id": "EMU_Deccan_forest", "typicality_percentile": 27.0, "is_medoid": false, "in_position_pool": false, "pool_rank": null, "selection_rationale": "pool position never used this baseline"}}, {"type": "Feature", "geometry": {"type": "Polygon", "coordinates": [[[73.81811552058086, 18.644574951723033, 0.0], [73.81787854007433, 18.64457346161635, 0.0], [73.81787697672603, 18.644799364012133, 0.0], [73.81794949605784, 18.64479982004255, 0.0], [73.81794971936918, 18.644799658178986, 0.0], [73.81810588505341, 18.64469387336827, 0.0], [73.8181147423361, 18.644687430327565, 0.0], [73.81811552058086, 18.644574951723033, 0.0]]]}, "properties": {"name": "PMP-T1248", "emu_id": "EMU_Deccan_forest", "typicality_percentile": 27.5, "is_medoid": false, "in_position_pool": false, "pool_rank": null, "selection_rationale": "pool position never used this baseline"}}, {"type": "Feature", "geometry": {"type": "Polygon", "coordinates": [[[73.81816552587777, 18.637346071509572, 0.0], [73.81816396355939, 18.63757197410223, 0.0], [73.81840093438049, 18.63757346331069, 0.0], [73.8184024963858, 18.637347560698696, 0.0], [73.81816552587777, 18.637346071509572, 0.0]]]}, "properties": {"name": "PMP-T1249", "emu_id": "EMU_Deccan_forest", "typicality_percentile": 27.3, "is_medoid": false, "in_position_pool": false, "pool_rank": null, "selection_rationale": "pool position never used this baseline"}}, {"type": "Feature", "geometry": {"type": "Polygon", "coordinates": [[[73.81816396355939, 18.63757197410223, 0.0], [73.8181624012186, 18.637797876689334, 0.0], [73.81839937235277, 18.637799365917147, 0.0], [73.81840093438049, 18.63757346331069, 0.0], [73.81816396355939, 18.63757197410223, 0.0]]]}, "properties": {"name": "PMP-T1250", "emu_id": "EMU_Deccan_forest", "typicality_percentile": 14.2, "is_medoid": false, "in_position_pool": false, "pool_rank": null, "selection_rationale": "pool position never used this baseline"}}, {"type": "Feature", "geometry": {"type": "Polygon", "coordinates": [[[73.8181624012186, 18.637797876689334, 0.0], [73.8181608388554, 18.638023779270895, 0.0], [73.81839781030268, 18.63802526851805, 0.0], [73.81839937235277, 18.637799365917147, 0.0], [73.8181624012186, 18.637797876689334, 0.0]]]}, "properties": {"name": "PMP-T1251", "emu_id": "EMU_Deccan_forest", "typicality_percentile": 14.6, "is_medoid": false, "in_position_pool": false, "pool_rank": null, "selection_rationale": "pool position never used this baseline"}}, {"type": "Feature", "geometry": {"type": "Polygon", "coordinates": [[[73.8181608388554, 18.638023779270895, 0.0], [73.81815927646983, 18.638249681846915, 0.0], [73.8183962482302, 18.638251171113406, 0.0], [73.81839781030268, 18.63802526851805, 0.0], [73.8181608388554, 18.638023779270895, 0.0]]]}, "properties": {"name": "PMP-T1252", "emu_id": "EMU_Deccan_forest", "typicality_percentile": 0.4, "is_medoid": false, "in_position_pool": false, "pool_rank": null, "selection_rationale": "pool position never used this baseline"}}, {"type": "Feature", "geometry": {"type": "Polygon", "coordinates": [[[73.81815927646983, 18.638249681846915, 0.0], [73.81815771406184, 18.638475584417378, 0.0], [73.81839468613532, 18.638477073703218, 0.0], [73.8183962482302, 18.638251171113406, 0.0], [73.81815927646983, 18.638249681846915, 0.0]]]}, "properties": {"name": "PMP-T1253", "emu_id": "EMU_Deccan_forest", "typicality_percentile": 45.4, "is_medoid": false, "in_position_pool": false, "pool_rank": null, "selection_rationale": "pool position never used this baseline"}}, {"type": "Feature", "geometry": {"type": "Polygon", "coordinates": [[[73.81815771406184, 18.638475584417378, 0.0], [73.81815615163148, 18.6387014869823, 0.0], [73.81839312401806, 18.63870297628748, 0.0], [73.81839468613532, 18.638477073703218, 0.0], [73.81815771406184, 18.638475584417378, 0.0]]]}, "properties": {"name": "PMP-T1254", "emu_id": "EMU_Deccan_forest", "typicality_percentile": 52.7, "is_medoid": false, "in_position_pool": false, "pool_rank": null, "selection_rationale": "pool position never used this baseline"}}, {"type": "Feature", "geometry": {"type": "Polygon", "coordinates": [[[73.81815615163148, 18.6387014869823, 0.0], [73.81815458917872, 18.638927389541674, 0.0], [73.8183915618784, 18.638928878866196, 0.0], [73.81839312401806, 18.63870297628748, 0.0], [73.81815615163148, 18.6387014869823, 0.0]]]}, "properties": {"name": "PMP-T1255", "emu_id": "EMU_Deccan_forest", "typicality_percentile": 58.1, "is_medoid": false, "in_position_pool": false, "pool_rank": null, "selection_rationale": "pool position never used this baseline"}}, {"type": "Feature", "geometry": {"type": "Polygon", "coordinates": [[[73.81815458917872, 18.638927389541674, 0.0], [73.81815302670354, 18.6391532920955, 0.0], [73.81838999971636, 18.639154781439363, 0.0], [73.8183915618784, 18.638928878866196, 0.0], [73.81815458917872, 18.638927389541674, 0.0]]]}, "properties": {"name": "PMP-T1256", "emu_id": "EMU_Deccan_forest", "typicality_percentile": 67.8, "is_medoid": false, "in_position_pool": false, "pool_rank": null, "selection_rationale": "pool position never used this baseline"}}, {"type": "Feature", "geometry": {"type": "Polygon", "coordinates": [[[73.81815302670354, 18.6391532920955, 0.0], [73.818151464206, 18.639379194643777, 0.0], [73.81838843753192, 18.639380684006984, 0.0], [73.81838999971636, 18.639154781439363, 0.0], [73.81815302670354, 18.6391532920955, 0.0]]]}, "properties": {"name": "PMP-T1257", "emu_id": "EMU_Deccan_forest", "typicality_percentile": 55.8, "is_medoid": false, "in_position_pool": false, "pool_rank": null, "selection_rationale": "pool position never used this baseline"}}, {"type": "Feature", "geometry": {"type": "Polygon", "coordinates": [[[73.81838843753192, 18.639380684006984, 0.0], [73.818151464206, 18.639379194643777, 0.0], [73.81814990168604, 18.639605097186514, 0.0], [73.81827467247265, 18.63960588140983, 0.0], [73.81827068681181, 18.639496948750658, 0.0], [73.81827081549561, 18.639488136474263, 0.0], [73.81827184407892, 18.63947937805976, 0.0], [73.81827376277755, 18.63947075681856, 0.0], [73.81827655334043, 18.6394623547573, 0.0], [73.81828018922313, 18.63945425179769, 0.0], [73.8182846358405, 18.639446525016325, 0.0], [73.8182898508955, 18.639439247911568, 0.0], [73.81829578478164, 18.63943248970434, 0.0], [73.81830238105482, 18.639426314679742, 0.0], [73.81830957697024, 18.63942078157555, 0.0], [73.81831730407922, 18.63941594302347, 0.0], [73.8183254888803, 18.63941184504854, 0.0], [73.81833405351843, 18.63940852663132, 0.0], [73.81834291652548, 18.639406019337084, 0.0], [73.81835199359521, 18.639404347015603, 0.0], [73.8183611983852, 18.63940352557423, 0.0], [73.81838828753669, 18.639402374173418, 0.0], [73.81838843753192, 18.639380684006984, 0.0]]]}, "properties": {"name": "PMP-T1258", "emu_id": "EMU_Deccan_forest", "typicality_percentile": 60.3, "is_medoid": false, "in_position_pool": false, "pool_rank": null, "selection_rationale": "pool position never used this baseline"}}, {"type": "Feature", "geometry": {"type": "Polygon", "coordinates": [[[73.81814990168604, 18.639605097186514, 0.0], [73.81814833914369, 18.639830999723696, 0.0], [73.81838531309587, 18.639832489125585, 0.0], [73.81838532837176, 18.639830280206517, 0.0], [73.81837760084127, 18.63983052623769, 0.0], [73.81836830832141, 18.639830387548752, 0.0], [73.81835907471026, 18.639829382068417, 0.0], [73.81834998876543, 18.6398275194618, 0.0], [73.8183411378251, 18.639824817633134, 0.0], [73.81833260696841, 18.639821302553592, 0.0], [73.81832447819777, 18.639817008011715, 0.0], [73.81831682965054, 18.63981197528854, 0.0], [73.81830973484782, 18.639806252760856, 0.0], [73.81830326198802, 18.639799895436155, 0.0], [73.81829747329105, 18.639792964423837, 0.0], [73.81829242440033, 18.639785526347875, 0.0], [73.81828816384787, 18.639777652706325, 0.0], [73.81828473258793, 18.639769419184095, 0.0], [73.81828216360309, 18.639760904925396, 0.0], [73.81828048158748, 18.639752191773002, 0.0], [73.81827970270919, 18.639743363481536, 0.0], [73.81827467247265, 18.63960588140983, 0.0], [73.81814990168604, 18.639605097186514, 0.0]]]}, "properties": {"name": "PMP-T1259", "emu_id": "EMU_Deccan_forest", "typicality_percentile": 63.9, "is_medoid": false, "in_position_pool": false, "pool_rank": null, "selection_rationale": "pool position never used this baseline"}}, {"type": "Feature", "geometry": {"type": "Polygon", "coordinates": [[[73.81814833914369, 18.639830999723696, 0.0], [73.81814677657894, 18.64005690225534, 0.0], [73.81838375084428, 18.640058391676572, 0.0], [73.81838531309587, 18.639832489125585, 0.0], [73.81814833914369, 18.639830999723696, 0.0]]]}, "properties": {"name": "PMP-T1260", "emu_id": "EMU_Deccan_forest", "typicality_percentile": 68.6, "is_medoid": false, "in_position_pool": false, "pool_rank": null, "selection_rationale": "pool position never used this baseline"}}, {"type": "Feature", "geometry": {"type": "Polygon", "coordinates": [[[73.81814677657894, 18.64005690225534, 0.0], [73.81814521399183, 18.640282804781425, 0.0], [73.81838218857027, 18.640284294222003, 0.0], [73.81838375084428, 18.640058391676572, 0.0], [73.81814677657894, 18.64005690225534, 0.0]]]}, "properties": {"name": "PMP-T1261", "emu_id": "EMU_Deccan_forest", "typicality_percentile": 70.7, "is_medoid": false, "in_position_pool": false, "pool_rank": null, "selection_rationale": "pool position never used this baseline"}}, {"type": "Feature", "geometry": {"type": "Polygon", "coordinates": [[[73.81814521399183, 18.640282804781425, 0.0], [73.81814365138229, 18.640508707301972, 0.0], [73.81838062627388, 18.640510196761884, 0.0], [73.81838218857027, 18.640284294222003, 0.0], [73.81814521399183, 18.640282804781425, 0.0]]]}, "properties": {"name": "PMP-T1262", "emu_id": "EMU_Deccan_forest", "typicality_percentile": 72.7, "is_medoid": false, "in_position_pool": false, "pool_rank": null, "selection_rationale": "pool position never used this baseline"}}, {"type": "Feature", "geometry": {"type": "Polygon", "coordinates": [[[73.81814365138229, 18.640508707301972, 0.0], [73.81814208875036, 18.64073460981696, 0.0], [73.81837906395509, 18.640736099296223, 0.0], [73.81838062627388, 18.640510196761884, 0.0], [73.81814365138229, 18.640508707301972, 0.0]]]}, "properties": {"name": "PMP-T1263", "emu_id": "EMU_Deccan_forest", "typicality_percentile": 60.5, "is_medoid": false, "in_position_pool": true, "pool_rank": 9, "selection_rationale": "best-scoring position in its spatial region \u2014 extends coverage of the EMU"}}, {"type": "Feature", "geometry": {"type": "Polygon", "coordinates": [[[73.81814208875036, 18.64073460981696, 0.0], [73.81814052609603, 18.64096051232641, 0.0], [73.81837750161392, 18.640962001825013, 0.0], [73.81837906395509, 18.640736099296223, 0.0], [73.81814208875036, 18.64073460981696, 0.0]]]}, "properties": {"name": "PMP-T1264", "emu_id": "EMU_Deccan_forest", "typicality_percentile": 54.6, "is_medoid": false, "in_position_pool": false, "pool_rank": null, "selection_rationale": "pool position never used this baseline"}}, {"type": "Feature", "geometry": {"type": "Polygon", "coordinates": [[[73.81837750161392, 18.640962001825013, 0.0], [73.81814052609603, 18.64096051232641, 0.0], [73.8181389634193, 18.64118641483031, 0.0], [73.81816783277584, 18.641186596305396, 0.0], [73.8181812759553, 18.64106769456818, 0.0], [73.81837165723331, 18.64106586160942, 0.0], [73.81837678311868, 18.641065889627832, 0.0], [73.81837750161392, 18.640962001825013, 0.0]]]}, "properties": {"name": "PMP-T1265", "emu_id": "EMU_Deccan_forest", "typicality_percentile": 52.5, "is_medoid": false, "in_position_pool": false, "pool_rank": null, "selection_rationale": "pool position never used this baseline"}}, {"type": "Feature", "geometry": {"type": "Polygon", "coordinates": [[[73.8184024963858, 18.637347560698696, 0.0], [73.81840093438049, 18.63757346331069, 0.0], [73.81863790522397, 18.637574952220685, 0.0], [73.81863946691621, 18.637349049589346, 0.0], [73.8184024963858, 18.637347560698696, 0.0]]]}, "properties": {"name": "PMP-T1266", "emu_id": "EMU_Deccan_forest", "typicality_percentile": 52.3, "is_medoid": false, "in_position_pool": false, "pool_rank": null, "selection_rationale": "pool position never used this baseline"}}, {"type": "Feature", "geometry": {"type": "Polygon", "coordinates": [[[73.81840093438049, 18.63757346331069, 0.0], [73.81839937235277, 18.637799365917147, 0.0], [73.81863634350935, 18.637800854846475, 0.0], [73.81863790522397, 18.637574952220685, 0.0], [73.81840093438049, 18.63757346331069, 0.0]]]}, "properties": {"name": "PMP-T1267", "emu_id": "EMU_Deccan_forest", "typicality_percentile": 57.4, "is_medoid": false, "in_position_pool": false, "pool_rank": null, "selection_rationale": "pool position never used this baseline"}}, {"type": "Feature", "geometry": {"type": "Polygon", "coordinates": [[[73.81839937235277, 18.637799365917147, 0.0], [73.81839781030268, 18.63802526851805, 0.0], [73.81863478177235, 18.63802675746672, 0.0], [73.81863634350935, 18.637800854846475, 0.0], [73.81839937235277, 18.637799365917147, 0.0]]]}, "properties": {"name": "PMP-T1268", "emu_id": "EMU_Deccan_forest", "typicality_percentile": 71.8, "is_medoid": false, "in_position_pool": false, "pool_rank": null, "selection_rationale": "pool position never used this baseline"}}, {"type": "Feature", "geometry": {"type": "Polygon", "coordinates": [[[73.81839781030268, 18.63802526851805, 0.0], [73.8183962482302, 18.638251171113406, 0.0], [73.81863322001297, 18.638252660081413, 0.0], [73.81863478177235, 18.63802675746672, 0.0], [73.81839781030268, 18.63802526851805, 0.0]]]}, "properties": {"name": "PMP-T1269", "emu_id": "EMU_Deccan_forest", "typicality_percentile": 72.0, "is_medoid": false, "in_position_pool": false, "pool_rank": null, "selection_rationale": "pool position never used this baseline"}}, {"type": "Feature", "geometry": {"type": "Polygon", "coordinates": [[[73.8183962482302, 18.638251171113406, 0.0], [73.81839468613532, 18.638477073703218, 0.0], [73.8186316582312, 18.638478562690565, 0.0], [73.81863322001297, 18.638252660081413, 0.0], [73.8183962482302, 18.638251171113406, 0.0]]]}, "properties": {"name": "PMP-T1270", "emu_id": "EMU_Deccan_forest", "typicality_percentile": 48.0, "is_medoid": false, "in_position_pool": false, "pool_rank": null, "selection_rationale": "pool position never used this baseline"}}, {"type": "Feature", "geometry": {"type": "Polygon", "coordinates": [[[73.81839468613532, 18.638477073703218, 0.0], [73.81839312401806, 18.63870297628748, 0.0], [73.81863009642703, 18.638704465294165, 0.0], [73.8186316582312, 18.638478562690565, 0.0], [73.81839468613532, 18.638477073703218, 0.0]]]}, "properties": {"name": "PMP-T1271", "emu_id": "EMU_Deccan_forest", "typicality_percentile": 51.7, "is_medoid": false, "in_position_pool": false, "pool_rank": null, "selection_rationale": "pool position never used this baseline"}}, {"type": "Feature", "geometry": {"type": "Polygon", "coordinates": [[[73.81839312401806, 18.63870297628748, 0.0], [73.8183915618784, 18.638928878866196, 0.0], [73.81862853460049, 18.638930367892215, 0.0], [73.81863009642703, 18.638704465294165, 0.0], [73.81839312401806, 18.63870297628748, 0.0]]]}, "properties": {"name": "PMP-T1272", "emu_id": "EMU_Deccan_forest", "typicality_percentile": 51.6, "is_medoid": false, "in_position_pool": false, "pool_rank": null, "selection_rationale": "pool position never used this baseline"}}, {"type": "Feature", "geometry": {"type": "Polygon", "coordinates": [[[73.8183915618784, 18.638928878866196, 0.0], [73.81838999971636, 18.639154781439363, 0.0], [73.81862697275156, 18.63915627048472, 0.0], [73.81862853460049, 18.638930367892215, 0.0], [73.8183915618784, 18.638928878866196, 0.0]]]}, "properties": {"name": "PMP-T1273", "emu_id": "EMU_Deccan_forest", "typicality_percentile": 63.4, "is_medoid": false, "in_position_pool": false, "pool_rank": null, "selection_rationale": "pool position never used this baseline"}}, {"type": "Feature", "geometry": {"type": "Polygon", "coordinates": [[[73.81838999971636, 18.639154781439363, 0.0], [73.81838843753192, 18.639380684006984, 0.0], [73.81862541088024, 18.639382173071684, 0.0], [73.81862697275156, 18.63915627048472, 0.0], [73.81838999971636, 18.639154781439363, 0.0]]]}, "properties": {"name": "PMP-T1274", "emu_id": "EMU_Deccan_forest", "typicality_percentile": 55.3, "is_medoid": false, "in_position_pool": false, "pool_rank": null, "selection_rationale": "pool position never used this baseline"}}, {"type": "Feature", "geometry": {"type": "Polygon", "coordinates": [[[73.81838531309587, 18.639832489125585, 0.0], [73.81838375084428, 18.640058391676572, 0.0], [73.81862072513198, 18.64005988079928, 0.0], [73.81862166594303, 18.639923812040905, 0.0], [73.81861869739716, 18.639924581956354, 0.0], [73.81860954451611, 18.639926058774723, 0.0], [73.81860028399268, 18.639926675061556, 0.0], [73.81850915028768, 18.639928474778017, 0.0], [73.81849997845084, 18.63992823249376, 0.0], [73.81849087415326, 18.639927146026242, 0.0], [73.81848192269557, 18.639925225554865, 0.0], [73.81847320794645, 18.63992248907308, 0.0], [73.81846481155678, 18.63991896221973, 0.0], [73.81845681219461, 18.639914678038906, 0.0], [73.81844928480812, 18.639909676670253, 0.0], [73.8184422999234, 18.63990400497296, 0.0], [73.81843592298368, 18.63989771608672, 0.0], [73.81843021373616, 18.639890868933808, 0.0], [73.81842522567224, 18.639883527667042, 0.0], [73.81842100552632, 18.639875761068755, 0.0], [73.81841759283796, 18.639867641906246, 0.0], [73.81841501958145, 18.639859246250136, 0.0], [73.81841330986617, 18.639850652761545, 0.0], [73.81841247971077, 18.639841941955133, 0.0], [73.81841206860443, 18.639832657267522, 0.0], [73.81838531309587, 18.639832489125585, 0.0]]]}, "properties": {"name": "PMP-T1275", "emu_id": "EMU_Deccan_forest", "typicality_percentile": 59.2, "is_medoid": false, "in_position_pool": false, "pool_rank": null, "selection_rationale": "pool position never used this baseline"}}, {"type": "Feature", "geometry": {"type": "Polygon", "coordinates": [[[73.81838375084428, 18.640058391676572, 0.0], [73.81838218857027, 18.640284294222003, 0.0], [73.81861916317112, 18.640285783364053, 0.0], [73.81862072513198, 18.64005988079928, 0.0], [73.81838375084428, 18.640058391676572, 0.0]]]}, "properties": {"name": "PMP-T1276", "emu_id": "EMU_Deccan_forest", "typicality_percentile": 61.4, "is_medoid": false, "in_position_pool": false, "pool_rank": null, "selection_rationale": "pool position never used this baseline"}}, {"type": "Feature", "geometry": {"type": "Polygon", "coordinates": [[[73.81838218857027, 18.640284294222003, 0.0], [73.81838062627388, 18.640510196761884, 0.0], [73.81861760118787, 18.640511685923276, 0.0], [73.81861916317112, 18.640285783364053, 0.0], [73.81838218857027, 18.640284294222003, 0.0]]]}, "properties": {"name": "PMP-T1277", "emu_id": "EMU_Deccan_forest", "typicality_percentile": 63.2, "is_medoid": false, "in_position_pool": false, "pool_rank": null, "selection_rationale": "pool position never used this baseline"}}, {"type": "Feature", "geometry": {"type": "Polygon", "coordinates": [[[73.81838062627388, 18.640510196761884, 0.0], [73.81837906395509, 18.640736099296223, 0.0], [73.81861603918223, 18.640737588476952, 0.0], [73.81861760118787, 18.640511685923276, 0.0], [73.81838062627388, 18.640510196761884, 0.0]]]}, "properties": {"name": "PMP-T1278", "emu_id": "EMU_Deccan_forest", "typicality_percentile": 64.2, "is_medoid": false, "in_position_pool": false, "pool_rank": null, "selection_rationale": "pool position never used this baseline"}}, {"type": "Feature", "geometry": {"type": "Polygon", "coordinates": [[[73.81837906395509, 18.640736099296223, 0.0], [73.81837750161392, 18.640962001825013, 0.0], [73.81861447715421, 18.640963491025083, 0.0], [73.81861603918223, 18.640737588476952, 0.0], [73.81837906395509, 18.640736099296223, 0.0]]]}, "properties": {"name": "PMP-T1279", "emu_id": "EMU_Deccan_forest", "typicality_percentile": 56.8, "is_medoid": false, "in_position_pool": false, "pool_rank": null, "selection_rationale": "pool position never used this baseline"}}, {"type": "Feature", "geometry": {"type": "Polygon", "coordinates": [[[73.81863946691621, 18.637349049589346, 0.0], [73.81863790522397, 18.637574952220685, 0.0], [73.81887487608985, 18.637576440832202, 0.0], [73.81887643746899, 18.637350538181536, 0.0], [73.81863946691621, 18.637349049589346, 0.0]]]}, "properties": {"name": "PMP-T1280", "emu_id": "EMU_Deccan_forest", "typicality_percentile": 57.8, "is_medoid": false, "in_position_pool": true, "pool_rank": 14, "selection_rationale": "best-scoring position in its spatial region \u2014 extends coverage of the EMU"}}, {"type": "Feature", "geometry": {"type": "Polygon", "coordinates": [[[73.81863790522397, 18.637574952220685, 0.0], [73.81863634350935, 18.637800854846475, 0.0], [73.81887331468832, 18.637802343477325, 0.0], [73.81887487608985, 18.637576440832202, 0.0], [73.81863790522397, 18.637574952220685, 0.0]]]}, "properties": {"name": "PMP-T1281", "emu_id": "EMU_Deccan_forest", "typicality_percentile": 58.7, "is_medoid": false, "in_position_pool": false, "pool_rank": null, "selection_rationale": "pool position never used this baseline"}}, {"type": "Feature", "geometry": {"type": "Polygon", "coordinates": [[[73.81887331468832, 18.637802343477325, 0.0], [73.81863634350935, 18.637800854846475, 0.0], [73.81863478177235, 18.63802675746672, 0.0], [73.8188637358443, 18.638028195756508, 0.0], [73.81887219677907, 18.637964079930082, 0.0], [73.81887331468832, 18.637802343477325, 0.0]]]}, "properties": {"name": "PMP-T1282", "emu_id": "EMU_Deccan_forest", "typicality_percentile": 63.3, "is_medoid": false, "in_position_pool": false, "pool_rank": null, "selection_rationale": "pool position never used this baseline"}}, {"type": "Feature", "geometry": {"type": "Polygon", "coordinates": [[[73.81863478177235, 18.63802675746672, 0.0], [73.81863322001297, 18.638252660081413, 0.0], [73.81885283844854, 18.63825403974627, 0.0], [73.81885836802542, 18.63806887233529, 0.0], [73.8188637358443, 18.638028195756508, 0.0], [73.81863478177235, 18.63802675746672, 0.0]]]}, "properties": {"name": "PMP-T1283", "emu_id": "EMU_Deccan_forest", "typicality_percentile": 73.4, "is_medoid": false, "in_position_pool": false, "pool_rank": null, "selection_rationale": "pool position never used this baseline"}}, {"type": "Feature", "geometry": {"type": "Polygon", "coordinates": [[[73.81863322001297, 18.638252660081413, 0.0], [73.8186316582312, 18.638478562690565, 0.0], [73.81884188009693, 18.638479883345894, 0.0], [73.81884901251068, 18.638382157390886, 0.0], [73.81885283844854, 18.63825403974627, 0.0], [73.81863322001297, 18.638252660081413, 0.0]]]}, "properties": {"name": "PMP-T1284", "emu_id": "EMU_Deccan_forest", "typicality_percentile": 46.5, "is_medoid": false, "in_position_pool": false, "pool_rank": null, "selection_rationale": "pool position never used this baseline"}}, {"type": "Feature", "geometry": {"type": "Polygon", "coordinates": [[[73.8186316582312, 18.638478562690565, 0.0], [73.81863009642703, 18.638704465294165, 0.0], [73.81882642695074, 18.638705698702978, 0.0], [73.81882814710195, 18.63866804781305, 0.0], [73.81884188009693, 18.638479883345894, 0.0], [73.8186316582312, 18.638478562690565, 0.0]]]}, "properties": {"name": "PMP-T1285", "emu_id": "EMU_Deccan_forest", "typicality_percentile": 49.6, "is_medoid": false, "in_position_pool": false, "pool_rank": null, "selection_rationale": "pool position never used this baseline"}}, {"type": "Feature", "geometry": {"type": "Polygon", "coordinates": [[[73.81863009642703, 18.638704465294165, 0.0], [73.81862853460049, 18.638930367892215, 0.0], [73.81881610865435, 18.638931546308307, 0.0], [73.81882642695074, 18.638705698702978, 0.0], [73.81863009642703, 18.638704465294165, 0.0]]]}, "properties": {"name": "PMP-T1286", "emu_id": "EMU_Deccan_forest", "typicality_percentile": 49.4, "is_medoid": false, "in_position_pool": false, "pool_rank": null, "selection_rationale": "pool position never used this baseline"}}, {"type": "Feature", "geometry": {"type": "Polygon", "coordinates": [[[73.81862853460049, 18.638930367892215, 0.0], [73.81862697275156, 18.63915627048472, 0.0], [73.81880630146622, 18.639157397117334, 0.0], [73.81881436767729, 18.638969652838757, 0.0], [73.81881610865435, 18.638931546308307, 0.0], [73.81862853460049, 18.638930367892215, 0.0]]]}, "properties": {"name": "PMP-T1287", "emu_id": "EMU_Deccan_forest", "typicality_percentile": 55.9, "is_medoid": false, "in_position_pool": false, "pool_rank": null, "selection_rationale": "pool position never used this baseline"}}, {"type": "Feature", "geometry": {"type": "Polygon", "coordinates": [[[73.81862697275156, 18.63915627048472, 0.0], [73.81862541088024, 18.639382173071684, 0.0], [73.81879659798496, 18.63938324857088, 0.0], [73.81880630146622, 18.639157397117334, 0.0], [73.81862697275156, 18.63915627048472, 0.0]]]}, "properties": {"name": "PMP-T1288", "emu_id": "EMU_Deccan_forest", "typicality_percentile": 52.2, "is_medoid": false, "in_position_pool": false, "pool_rank": null, "selection_rationale": "pool position never used this baseline"}}, {"type": "Feature", "geometry": {"type": "Polygon", "coordinates": [[[73.81878689445982, 18.639609100017207, 0.0], [73.81879659798496, 18.63938324857088, 0.0], [73.81862541088024, 18.639382173071684, 0.0], [73.81862485797873, 18.63946214167354, 0.0], [73.81862604181413, 18.63946607983634, 0.0], [73.81862772184525, 18.639474875983925, 0.0], [73.8186284818045, 18.63948378734287, 0.0], [73.81863260835894, 18.63960813068911, 0.0], [73.81878689445982, 18.639609100017207, 0.0]]]}, "properties": {"name": "PMP-T1289", "emu_id": "EMU_Deccan_forest", "typicality_percentile": 54.0, "is_medoid": false, "in_position_pool": false, "pool_rank": null, "selection_rationale": "pool position never used this baseline"}}, {"type": "Feature", "geometry": {"type": "Polygon", "coordinates": [[[73.81862072513198, 18.64005988079928, 0.0], [73.81877536202408, 18.64006085236101, 0.0], [73.81878831861891, 18.639835021364505, 0.0], [73.81869309184421, 18.63983442309594, 0.0], [73.81869309792454, 18.639834755360035, 0.0], [73.81869280516493, 18.63984360031178, 0.0], [73.81869160625052, 18.639852375551648, 0.0], [73.81868951267936, 18.639860996920575, 0.0], [73.81868654452975, 18.639869381735164, 0.0], [73.81868273026771, 18.63987744958069, 0.0], [73.81867810647383, 18.639885123082305, 0.0], [73.81867271749263, 18.63989232864715, 0.0], [73.81866661500717, 18.639898997170086, 0.0], [73.81865985754341, 18.639905064696467, 0.0], [73.8186525099089, 18.63991047303555, 0.0], [73.81864464257127, 18.639915170318513, 0.0], [73.81863633098243, 18.63991911149595, 0.0], [73.81862765485484, 18.639922258769907, 0.0], [73.81862166594303, 18.639923812040905, 0.0], [73.81862072513198, 18.64005988079928, 0.0]]]}, "properties": {"name": "PMP-T1290", "emu_id": "EMU_Deccan_forest", "typicality_percentile": 54.5, "is_medoid": false, "in_position_pool": false, "pool_rank": null, "selection_rationale": "pool position never used this baseline"}}, {"type": "Feature", "geometry": {"type": "Polygon", "coordinates": [[[73.81862072513198, 18.64005988079928, 0.0], [73.81861916317112, 18.640285783364053, 0.0], [73.81876417280886, 18.64028669445344, 0.0], [73.81876539200842, 18.640234627220053, 0.0], [73.81877536202408, 18.64006085236101, 0.0], [73.81862072513198, 18.64005988079928, 0.0]]]}, "properties": {"name": "PMP-T1291", "emu_id": "EMU_Deccan_forest", "typicality_percentile": 56.6, "is_medoid": false, "in_position_pool": false, "pool_rank": null, "selection_rationale": "pool position never used this baseline"}}, {"type": "Feature", "geometry": {"type": "Polygon", "coordinates": [[[73.81861916317112, 18.640285783364053, 0.0], [73.81861760118787, 18.640511685923276, 0.0], [73.81875888363211, 18.640512573606625, 0.0], [73.81876417280886, 18.64028669445344, 0.0], [73.81861916317112, 18.640285783364053, 0.0]]]}, "properties": {"name": "PMP-T1292", "emu_id": "EMU_Deccan_forest", "typicality_percentile": 59.0, "is_medoid": false, "in_position_pool": false, "pool_rank": null, "selection_rationale": "pool position never used this baseline"}}, {"type": "Feature", "geometry": {"type": "Polygon", "coordinates": [[[73.81861760118787, 18.640511685923276, 0.0], [73.81861603918223, 18.640737588476952, 0.0], [73.81875359442311, 18.640738452753574, 0.0], [73.81875888363211, 18.640512573606625, 0.0], [73.81861760118787, 18.640511685923276, 0.0]]]}, "properties": {"name": "PMP-T1293", "emu_id": "EMU_Deccan_forest", "typicality_percentile": 62.0, "is_medoid": false, "in_position_pool": false, "pool_rank": null, "selection_rationale": "pool position never used this baseline"}}, {"type": "Feature", "geometry": {"type": "Polygon", "coordinates": [[[73.81911265545504, 18.637460934435286, 0.0], [73.81894804145318, 18.63735098792184, 0.0], [73.81887643746899, 18.637350538181536, 0.0], [73.81887487608985, 18.637576440832202, 0.0], [73.81901841463122, 18.637577342372197, 0.0], [73.81904542390762, 18.63753948703857, 0.0], [73.81911253663885, 18.63747812838103, 0.0], [73.81911265545504, 18.637460934435286, 0.0]]]}, "properties": {"name": "PMP-T1294", "emu_id": "EMU_Deccan_forest", "typicality_percentile": 54.8, "is_medoid": false, "in_position_pool": false, "pool_rank": null, "selection_rationale": "pool position never used this baseline"}}, {"type": "Feature", "geometry": {"type": "Polygon", "coordinates": [[[73.81222713834788, 18.63934186354918, 0.0], [73.81222556799986, 18.6395677656071, 0.0], [73.81246254107768, 18.639569262452383, 0.0], [73.81246411111258, 18.639343360375026, 0.0], [73.81222713834788, 18.63934186354918, 0.0]]]}, "properties": {"name": "PMP-T0534", "emu_id": "EMU_Grass_land", "typicality_percentile": 80.9, "is_medoid": false, "in_position_pool": false, "pool_rank": null, "selection_rationale": "pool position never used this baseline"}}, {"type": "Feature", "geometry": {"type": "Polygon", "coordinates": [[[73.81245940094038, 18.64002106659044, 0.0], [73.81245783083797, 18.640246968651148, 0.0], [73.8126948048777, 18.64024846525623, 0.0], [73.81269637466696, 18.64002256317609, 0.0], [73.81245940094038, 18.64002106659044, 0.0]]]}, "properties": {"name": "PMP-T0555", "emu_id": "EMU_Grass_land", "typicality_percentile": 0.0, "is_medoid": false, "in_position_pool": false, "pool_rank": null, "selection_rationale": "pool position never used this baseline"}}, {"type": "Feature", "geometry": {"type": "Polygon", "coordinates": [[[73.81269323506594, 18.640474367330828, 0.0], [73.8126948048777, 18.64024846525623, 0.0], [73.81245783083797, 18.640246968651148, 0.0], [73.81245767121719, 18.64026993427542, 0.0], [73.81247197802602, 18.640298564310644, 0.0], [73.81247323516372, 18.640301311135538, 0.0], [73.81248635778844, 18.640332793433792, 0.0], [73.81248742114036, 18.640335613661843, 0.0], [73.81249832554832, 18.640367855998704, 0.0], [73.81249919043597, 18.640370737221936, 0.0], [73.81250782865072, 18.640403597743717, 0.0], [73.81250849126897, 18.640406527286206, 0.0], [73.81251482528405, 18.64043986141915, 0.0], [73.81251528271736, 18.6404428263917, 0.0], [73.8125189017058, 18.640473266347982, 0.0], [73.81269323506594, 18.640474367330828, 0.0]]]}, "properties": {"name": "PMP-T0556", "emu_id": "EMU_Grass_land", "typicality_percentile": 85.1, "is_medoid": false, "in_position_pool": false, "pool_rank": null, "selection_rationale": "pool position never used this baseline"}}, {"type": "Feature", "geometry": {"type": "Polygon", "coordinates": [[[73.81241228807872, 18.646798125997766, 0.0], [73.81241071730116, 18.64702402789199, 0.0], [73.812647700737, 18.647025525080164, 0.0], [73.81264840698627, 18.64692393573997, 0.0], [73.81262890112141, 18.64690055367325, 0.0], [73.81262725924839, 18.646898464359722, 0.0], [73.8125987474239, 18.6468599095294, 0.0], [73.81259723487833, 18.64685773331185, 0.0], [73.81257110659541, 18.646817673149677, 0.0], [73.81256968600275, 18.646815342829363, 0.0], [73.81256043110191, 18.64679906194374, 0.0], [73.81241228807872, 18.646798125997766, 0.0]]]}, "properties": {"name": "PMP-T0564", "emu_id": "EMU_Grass_land", "typicality_percentile": 40.4, "is_medoid": false, "in_position_pool": false, "pool_rank": null, "selection_rationale": "pool position never used this baseline"}}, {"type": "Feature", "geometry": {"type": "Polygon", "coordinates": [[[73.81269637466696, 18.64002256317609, 0.0], [73.81293334841605, 18.64002405946322, 0.0], [73.81293443639407, 18.639867459752658, 0.0], [73.8128588466214, 18.639874927329277, 0.0], [73.81269721617646, 18.639901463584135, 0.0], [73.81269637466696, 18.64002256317609, 0.0]]]}, "properties": {"name": "PMP-T0581", "emu_id": "EMU_Grass_land", "typicality_percentile": 97.9, "is_medoid": false, "in_position_pool": false, "pool_rank": null, "selection_rationale": "pool position never used this baseline"}}, {"type": "Feature", "geometry": {"type": "Polygon", "coordinates": [[[73.81269637466696, 18.64002256317609, 0.0], [73.8126948048777, 18.64024846525623, 0.0], [73.81293177893991, 18.64024996156279, 0.0], [73.81293334841605, 18.64002405946322, 0.0], [73.81269637466696, 18.64002256317609, 0.0]]]}, "properties": {"name": "PMP-T0582", "emu_id": "EMU_Grass_land", "typicality_percentile": 93.6, "is_medoid": false, "in_position_pool": false, "pool_rank": null, "selection_rationale": "pool position never used this baseline"}}, {"type": "Feature", "geometry": {"type": "Polygon", "coordinates": [[[73.8126948048777, 18.64024846525623, 0.0], [73.81269323506594, 18.640474367330828, 0.0], [73.81293020944128, 18.64047586365682, 0.0], [73.81293177893991, 18.64024996156279, 0.0], [73.8126948048777, 18.64024846525623, 0.0]]]}, "properties": {"name": "PMP-T0583", "emu_id": "EMU_Grass_land", "typicality_percentile": 63.8, "is_medoid": false, "in_position_pool": false, "pool_rank": null, "selection_rationale": "pool position never used this baseline"}}, {"type": "Feature", "geometry": {"type": "Polygon", "coordinates": [[[73.81269323506594, 18.640474367330828, 0.0], [73.81269166523167, 18.64070026939987, 0.0], [73.81292863992016, 18.6407017657453, 0.0], [73.81293020944128, 18.64047586365682, 0.0], [73.81269323506594, 18.640474367330828, 0.0]]]}, "properties": {"name": "PMP-T0584", "emu_id": "EMU_Grass_land", "typicality_percentile": 25.5, "is_medoid": false, "in_position_pool": false, "pool_rank": null, "selection_rationale": "pool position never used this baseline"}}, {"type": "Feature", "geometry": {"type": "Polygon", "coordinates": [[[73.812647700737, 18.647025525080164, 0.0], [73.81264613025022, 18.647251426988266, 0.0], [73.81288311402182, 18.647252923897234, 0.0], [73.81288446217503, 18.647058964378502, 0.0], [73.81286457087128, 18.647055426334834, 0.0], [73.81286154916741, 18.64705479092174, 0.0], [73.81284121441587, 18.647049846167224, 0.0], [73.81283824264625, 18.647049024161227, 0.0], [73.81281828970364, 18.647042825142744, 0.0], [73.8128153805342, 18.64704182004729, 0.0], [73.81279589444273, 18.647034393185887, 0.0], [73.81279306027307, 18.64703320928498, 0.0], [73.81277799313384, 18.647026348100002, 0.0], [73.812647700737, 18.647025525080164, 0.0]]]}, "properties": {"name": "PMP-T0598", "emu_id": "EMU_Grass_land", "typicality_percentile": 46.8, "is_medoid": false, "in_position_pool": false, "pool_rank": null, "selection_rationale": "pool position never used this baseline"}}, {"type": "Feature", "geometry": {"type": "Polygon", "coordinates": [[[73.81264613025022, 18.647251426988266, 0.0], [73.81264455974089, 18.647477328890826, 0.0], [73.81288154382578, 18.647478825819228, 0.0], [73.81288311402182, 18.647252923897234, 0.0], [73.81264613025022, 18.647251426988266, 0.0]]]}, "properties": {"name": "PMP-T0599", "emu_id": "EMU_Grass_land", "typicality_percentile": 51.1, "is_medoid": false, "in_position_pool": false, "pool_rank": null, "selection_rationale": "pool position never used this baseline"}}, {"type": "Feature", "geometry": {"type": "Polygon", "coordinates": [[[73.81264455974089, 18.647477328890826, 0.0], [73.8126429892091, 18.647703230787833, 0.0], [73.81287997360727, 18.647704727735665, 0.0], [73.81288154382578, 18.647478825819228, 0.0], [73.81264455974089, 18.647477328890826, 0.0]]]}, "properties": {"name": "PMP-T0600", "emu_id": "EMU_Grass_land", "typicality_percentile": 68.1, "is_medoid": false, "in_position_pool": false, "pool_rank": null, "selection_rationale": "pool position never used this baseline"}}, {"type": "Feature", "geometry": {"type": "Polygon", "coordinates": [[[73.81293334841605, 18.64002405946322, 0.0], [73.81317032218763, 18.64002555545183, 0.0], [73.81317159011478, 18.639843017915513, 0.0], [73.81303528881283, 18.639857492394164, 0.0], [73.81303474727446, 18.639857524039307, 0.0], [73.81303420352926, 18.639857603626435, 0.0], [73.81293443639407, 18.639867459752658, 0.0], [73.81293334841605, 18.64002405946322, 0.0]]]}, "properties": {"name": "PMP-T0611", "emu_id": "EMU_Grass_land", "typicality_percentile": 95.7, "is_medoid": false, "in_position_pool": false, "pool_rank": null, "selection_rationale": "pool position never used this baseline"}}, {"type": "Feature", "geometry": {"type": "Polygon", "coordinates": [[[73.81293334841605, 18.64002405946322, 0.0], [73.81293177893991, 18.64024996156279, 0.0], [73.81316875302463, 18.640251457570834, 0.0], [73.81317032218763, 18.64002555545183, 0.0], [73.81293334841605, 18.64002405946322, 0.0]]]}, "properties": {"name": "PMP-T0612", "emu_id": "EMU_Grass_land", "typicality_percentile": 100.0, "is_medoid": true, "in_position_pool": true, "pool_rank": 1, "selection_rationale": "stratum medoid \u2014 most representative position within this EMU"}}, {"type": "Feature", "geometry": {"type": "Polygon", "coordinates": [[[73.81293177893991, 18.64024996156279, 0.0], [73.81293020944128, 18.64047586365682, 0.0], [73.81316718383913, 18.64047735968429, 0.0], [73.81316875302463, 18.640251457570834, 0.0], [73.81293177893991, 18.64024996156279, 0.0]]]}, "properties": {"name": "PMP-T0613", "emu_id": "EMU_Grass_land", "typicality_percentile": 91.5, "is_medoid": false, "in_position_pool": false, "pool_rank": null, "selection_rationale": "pool position never used this baseline"}}, {"type": "Feature", "geometry": {"type": "Polygon", "coordinates": [[[73.81316718383913, 18.64047735968429, 0.0], [73.81293020944128, 18.64047586365682, 0.0], [73.81292863992016, 18.6407017657453, 0.0], [73.8130069715013, 18.64070226029406, 0.0], [73.81301356305042, 18.640699835122078, 0.0], [73.81302940256491, 18.640692819587134, 0.0], [73.81304471712848, 18.64068481462174, 0.0], [73.81305943882276, 18.64067585572692, 0.0], [73.81307350235872, 18.640665982634495, 0.0], [73.8130868453662, 18.640655239130428, 0.0], [73.8130994086707, 18.640643672860996, 0.0], [73.81311113655556, 18.640631335121157, 0.0], [73.81312197700898, 18.640618280627645, 0.0], [73.81313188195485, 18.640604567275542, 0.0], [73.81314080746645, 18.64059025588181, 0.0], [73.81314871396009, 18.640575409916128, 0.0], [73.81315556637182, 18.64056009521832, 0.0], [73.8131613343122, 18.640544379707485, 0.0], [73.81316599220149, 18.64052833307982, 0.0], [73.81316685754886, 18.64052433247616, 0.0], [73.81316718383913, 18.64047735968429, 0.0]]]}, "properties": {"name": "PMP-T0614", "emu_id": "EMU_Grass_land", "typicality_percentile": 36.2, "is_medoid": false, "in_position_pool": false, "pool_rank": null, "selection_rationale": "pool position never used this baseline"}}, {"type": "Feature", "geometry": {"type": "Polygon", "coordinates": [[[73.81288311402182, 18.647252923897234, 0.0], [73.81312009781594, 18.647254420507558, 0.0], [73.81312152404135, 18.64704918766202, 0.0], [73.81312024670179, 18.64704931239345, 0.0], [73.8130413787238, 18.647057754328326, 0.0], [73.81303924645994, 18.647057936188286, 0.0], [73.81295982876311, 18.647062989389735, 0.0], [73.81295721315615, 18.647063086761804, 0.0], [73.8129362285648, 18.647063315149058, 0.0], [73.81293313490785, 18.64706325252859, 0.0], [73.81291217940287, 18.647062175208106, 0.0], [73.81290909662522, 18.647061920298665, 0.0], [73.81288825952178, 18.647059541862145, 0.0], [73.81288520076244, 18.647059095750162, 0.0], [73.81288446217503, 18.647058964378502, 0.0], [73.81288311402182, 18.647252923897234, 0.0]]]}, "properties": {"name": "PMP-T0633", "emu_id": "EMU_Grass_land", "typicality_percentile": 48.9, "is_medoid": false, "in_position_pool": false, "pool_rank": null, "selection_rationale": "pool position never used this baseline"}}, {"type": "Feature", "geometry": {"type": "Polygon", "coordinates": [[[73.81288311402182, 18.647252923897234, 0.0], [73.81288154382578, 18.647478825819228, 0.0], [73.81311852793318, 18.64748032244898, 0.0], [73.81312009781594, 18.647254420507558, 0.0], [73.81288311402182, 18.647252923897234, 0.0]]]}, "properties": {"name": "PMP-T0634", "emu_id": "EMU_Grass_land", "typicality_percentile": 59.6, "is_medoid": false, "in_position_pool": true, "pool_rank": 3, "selection_rationale": "best-scoring position in its spatial region \u2014 extends coverage of the EMU"}}, {"type": "Feature", "geometry": {"type": "Polygon", "coordinates": [[[73.81288154382578, 18.647478825819228, 0.0], [73.81287997360727, 18.647704727735665, 0.0], [73.81311695802795, 18.647706224384855, 0.0], [73.81311852793318, 18.64748032244898, 0.0], [73.81288154382578, 18.647478825819228, 0.0]]]}, "properties": {"name": "PMP-T0635", "emu_id": "EMU_Grass_land", "typicality_percentile": 42.6, "is_medoid": false, "in_position_pool": false, "pool_rank": null, "selection_rationale": "pool position never used this baseline"}}, {"type": "Feature", "geometry": {"type": "Polygon", "coordinates": [[[73.81340826039758, 18.639888181170058, 0.0], [73.81340027650474, 18.639885017804268, 0.0], [73.81335399340657, 18.639869543524917, 0.0], [73.81330682785914, 18.63985657902495, 0.0], [73.81327007591693, 18.639848571525505, 0.0], [73.81323239538058, 18.6398421544153, 0.0], [73.81320804622555, 18.639839146451738, 0.0], [73.81317159011478, 18.639843017915513, 0.0], [73.81317032218763, 18.64002555545183, 0.0], [73.81338131578484, 18.640026887179207, 0.0], [73.81340763602552, 18.639978087055564, 0.0], [73.81340826039758, 18.639888181170058, 0.0]]]}, "properties": {"name": "PMP-T0646", "emu_id": "EMU_Grass_land", "typicality_percentile": 29.8, "is_medoid": false, "in_position_pool": false, "pool_rank": null, "selection_rationale": "pool position never used this baseline"}}, {"type": "Feature", "geometry": {"type": "Polygon", "coordinates": [[[73.81317032218763, 18.64002555545183, 0.0], [73.81316875302463, 18.640251457570834, 0.0], [73.81322968147893, 18.640251842161494, 0.0], [73.81323230458187, 18.640247414462877, 0.0], [73.81323387931435, 18.640244944391526, 0.0], [73.81324665393942, 18.64022627919351, 0.0], [73.81324799328289, 18.640224424909384, 0.0], [73.81329528908772, 18.64016231678621, 0.0], [73.8133383510957, 18.6400989033602, 0.0], [73.81337788554693, 18.640033247150246, 0.0], [73.81338131578484, 18.640026887179207, 0.0], [73.81317032218763, 18.64002555545183, 0.0]]]}, "properties": {"name": "PMP-T0647", "emu_id": "EMU_Grass_land", "typicality_percentile": 44.7, "is_medoid": false, "in_position_pool": false, "pool_rank": null, "selection_rationale": "pool position never used this baseline"}}, {"type": "Feature", "geometry": {"type": "Polygon", "coordinates": [[[73.81412135325229, 18.639579732011132, 0.0], [73.81435832651, 18.63958122646835, 0.0], [73.81435925212266, 18.639447833576096, 0.0], [73.81435692974036, 18.639447521561987, 0.0], [73.81430714292863, 18.639444182821123, 0.0], [73.81425723308455, 18.63944416139861, 0.0], [73.8142074431407, 18.63944745739862, 0.0], [73.81415801544618, 18.63945405477796, 0.0], [73.81412217523372, 18.639461297456528, 0.0], [73.81412135325229, 18.639579732011132, 0.0]]]}, "properties": {"name": "PMP-T0769", "emu_id": "EMU_Grass_land", "typicality_percentile": 27.7, "is_medoid": false, "in_position_pool": false, "pool_rank": null, "selection_rationale": "pool position never used this baseline"}}, {"type": "Feature", "geometry": {"type": "Polygon", "coordinates": [[[73.81407273897133, 18.64658269787187, 0.0], [73.81407117040912, 18.646808599907615, 0.0], [73.81430815368913, 18.646810094985923, 0.0], [73.81430972193806, 18.64658419293076, 0.0], [73.81407273897133, 18.64658269787187, 0.0]]]}, "properties": {"name": "PMP-T0790", "emu_id": "EMU_Grass_land", "typicality_percentile": 66.0, "is_medoid": false, "in_position_pool": false, "pool_rank": null, "selection_rationale": "spatial outlier \u2014 excluded from device positions (too far from the rest of this EMU for a field visit to be practical), but a real EMU member for metrics purposes"}}, {"type": "Feature", "geometry": {"type": "Polygon", "coordinates": [[[73.81483383999652, 18.639358312215723, 0.0], [73.81483227309285, 18.639584214487257, 0.0], [73.81506924641796, 18.639585708048948, 0.0], [73.81507081300852, 18.639359805758016, 0.0], [73.81483383999652, 18.639358312215723, 0.0]]]}, "properties": {"name": "PMP-T0868", "emu_id": "EMU_Grass_land", "typicality_percentile": 21.3, "is_medoid": false, "in_position_pool": true, "pool_rank": 4, "selection_rationale": "best-scoring position in its spatial region \u2014 extends coverage of the EMU"}}, {"type": "Feature", "geometry": {"type": "Polygon", "coordinates": [[[73.81506924641796, 18.639585708048948, 0.0], [73.81483227309285, 18.639584214487257, 0.0], [73.81483132801199, 18.639720466294538, 0.0], [73.81506823831215, 18.639731075148475, 0.0], [73.81506924641796, 18.639585708048948, 0.0]]]}, "properties": {"name": "PMP-T0869", "emu_id": "EMU_Grass_land", "typicality_percentile": 34.0, "is_medoid": false, "in_position_pool": false, "pool_rank": null, "selection_rationale": "pool position never used this baseline"}}, {"type": "Feature", "geometry": {"type": "Polygon", "coordinates": [[[73.81669989731135, 18.643662397352543, 0.0], [73.81670146211367, 18.64343649502581, 0.0], [73.81649536101237, 18.64343519761906, 0.0], [73.8164922914426, 18.643608490235987, 0.0], [73.81649228586483, 18.643608758082948, 0.0], [73.81649103343089, 18.64366108253722, 0.0], [73.81669989731135, 18.643662397352543, 0.0]]]}, "properties": {"name": "PMP-T1065", "emu_id": "EMU_Grass_land", "typicality_percentile": 89.4, "is_medoid": false, "in_position_pool": false, "pool_rank": null, "selection_rationale": "pool position never used this baseline"}}, {"type": "Feature", "geometry": {"type": "Polygon", "coordinates": [[[73.81669833248661, 18.64388829967373, 0.0], [73.81669989731135, 18.643662397352543, 0.0], [73.81649103343089, 18.64366108253722, 0.0], [73.81648562681022, 18.643886960656197, 0.0], [73.81669833248661, 18.64388829967373, 0.0]]]}, "properties": {"name": "PMP-T1066", "emu_id": "EMU_Grass_land", "typicality_percentile": 74.5, "is_medoid": false, "in_position_pool": false, "pool_rank": null, "selection_rationale": "pool position never used this baseline"}}, {"type": "Feature", "geometry": {"type": "Polygon", "coordinates": [[[73.81669676763944, 18.644114201989357, 0.0], [73.81669833248661, 18.64388829967373, 0.0], [73.81648562681022, 18.643886960656197, 0.0], [73.81648290136377, 18.64400082400162, 0.0], [73.81648281957882, 18.644002639261206, 0.0], [73.81647552537174, 18.644112809211308, 0.0], [73.81669676763944, 18.644114201989357, 0.0]]]}, "properties": {"name": "PMP-T1067", "emu_id": "EMU_Grass_land", "typicality_percentile": 76.6, "is_medoid": false, "in_position_pool": false, "pool_rank": null, "selection_rationale": "pool position never used this baseline"}}, {"type": "Feature", "geometry": {"type": "Polygon", "coordinates": [[[73.81669520276985, 18.644340104299438, 0.0], [73.81669676763944, 18.644114201989357, 0.0], [73.81647552537174, 18.644112809211308, 0.0], [73.81646057421547, 18.64433862722563, 0.0], [73.81669520276985, 18.644340104299438, 0.0]]]}, "properties": {"name": "PMP-T1068", "emu_id": "EMU_Grass_land", "typicality_percentile": 31.9, "is_medoid": false, "in_position_pool": false, "pool_rank": null, "selection_rationale": "pool position never used this baseline"}}, {"type": "Feature", "geometry": {"type": "Polygon", "coordinates": [[[73.81670146211367, 18.64343649502581, 0.0], [73.81669989731135, 18.643662397352543, 0.0], [73.81693687645296, 18.64366388887474, 0.0], [73.81693836517573, 18.64344892678309, 0.0], [73.81693315738019, 18.643447642025624, 0.0], [73.81691985313998, 18.64344296949585, 0.0], [73.8169087038299, 18.643437799384913, 0.0], [73.81670146211367, 18.64343649502581, 0.0]]]}, "properties": {"name": "PMP-T1095", "emu_id": "EMU_Grass_land", "typicality_percentile": 87.2, "is_medoid": false, "in_position_pool": false, "pool_rank": null, "selection_rationale": "pool position never used this baseline"}}, {"type": "Feature", "geometry": {"type": "Polygon", "coordinates": [[[73.81669989731135, 18.643662397352543, 0.0], [73.81669833248661, 18.64388829967373, 0.0], [73.81693531194142, 18.64388979121529, 0.0], [73.81693687645296, 18.64366388887474, 0.0], [73.81669989731135, 18.643662397352543, 0.0]]]}, "properties": {"name": "PMP-T1096", "emu_id": "EMU_Grass_land", "typicality_percentile": 70.2, "is_medoid": false, "in_position_pool": false, "pool_rank": null, "selection_rationale": "pool position never used this baseline"}}, {"type": "Feature", "geometry": {"type": "Polygon", "coordinates": [[[73.81669833248661, 18.64388829967373, 0.0], [73.81669676763944, 18.644114201989357, 0.0], [73.81693374740748, 18.644115693550294, 0.0], [73.81693531194142, 18.64388979121529, 0.0], [73.81669833248661, 18.64388829967373, 0.0]]]}, "properties": {"name": "PMP-T1097", "emu_id": "EMU_Grass_land", "typicality_percentile": 72.3, "is_medoid": false, "in_position_pool": false, "pool_rank": null, "selection_rationale": "pool position never used this baseline"}}, {"type": "Feature", "geometry": {"type": "Polygon", "coordinates": [[[73.81669676763944, 18.644114201989357, 0.0], [73.81669520276985, 18.644340104299438, 0.0], [73.8169321828511, 18.644341595879744, 0.0], [73.81693374740748, 18.644115693550294, 0.0], [73.81669676763944, 18.644114201989357, 0.0]]]}, "properties": {"name": "PMP-T1098", "emu_id": "EMU_Grass_land", "typicality_percentile": 78.7, "is_medoid": false, "in_position_pool": false, "pool_rank": null, "selection_rationale": "pool position never used this baseline"}}, {"type": "Feature", "geometry": {"type": "Polygon", "coordinates": [[[73.81669520276985, 18.644340104299438, 0.0], [73.81669363787783, 18.64456600660398, 0.0], [73.81693061827231, 18.644567498203642, 0.0], [73.8169321828511, 18.644341595879744, 0.0], [73.81669520276985, 18.644340104299438, 0.0]]]}, "properties": {"name": "PMP-T1099", "emu_id": "EMU_Grass_land", "typicality_percentile": 2.1, "is_medoid": false, "in_position_pool": false, "pool_rank": null, "selection_rationale": "pool position never used this baseline"}}, {"type": "Feature", "geometry": {"type": "Polygon", "coordinates": [[[73.81693687645296, 18.64366388887474, 0.0], [73.81717385561697, 18.64366538009836, 0.0], [73.81717541979289, 18.643439477732905, 0.0], [73.81704224827527, 18.643438639779557, 0.0], [73.81703033971324, 18.64344337487855, 0.0], [73.81701699813482, 18.643447949643143, 0.0], [73.81700324494066, 18.643451235071097, 0.0], [73.81698921687921, 18.64345319849531, 0.0], [73.81697505343186, 18.64345382039342, 0.0], [73.81696089542623, 18.64345309458189, 0.0], [73.8169468836358, 18.64345102827752, 0.0], [73.81693836517573, 18.64344892678309, 0.0], [73.81693687645296, 18.64366388887474, 0.0]]]}, "properties": {"name": "PMP-T1123", "emu_id": "EMU_Grass_land", "typicality_percentile": 6.4, "is_medoid": false, "in_position_pool": false, "pool_rank": null, "selection_rationale": "pool position never used this baseline"}}, {"type": "Feature", "geometry": {"type": "Polygon", "coordinates": [[[73.81693687645296, 18.64366388887474, 0.0], [73.81693531194142, 18.64388979121529, 0.0], [73.81717229141866, 18.643891282458274, 0.0], [73.81717385561697, 18.64366538009836, 0.0], [73.81693687645296, 18.64366388887474, 0.0]]]}, "properties": {"name": "PMP-T1124", "emu_id": "EMU_Grass_land", "typicality_percentile": 8.5, "is_medoid": false, "in_position_pool": false, "pool_rank": null, "selection_rationale": "pool position never used this baseline"}}, {"type": "Feature", "geometry": {"type": "Polygon", "coordinates": [[[73.81693531194142, 18.64388979121529, 0.0], [73.81693374740748, 18.644115693550294, 0.0], [73.81717072719792, 18.64411718481264, 0.0], [73.81717229141866, 18.643891282458274, 0.0], [73.81693531194142, 18.64388979121529, 0.0]]]}, "properties": {"name": "PMP-T1125", "emu_id": "EMU_Grass_land", "typicality_percentile": 10.6, "is_medoid": false, "in_position_pool": false, "pool_rank": null, "selection_rationale": "pool position never used this baseline"}}, {"type": "Feature", "geometry": {"type": "Polygon", "coordinates": [[[73.81693374740748, 18.644115693550294, 0.0], [73.8169321828511, 18.644341595879744, 0.0], [73.81716916295477, 18.644343087161452, 0.0], [73.81717072719792, 18.64411718481264, 0.0], [73.81693374740748, 18.644115693550294, 0.0]]]}, "properties": {"name": "PMP-T1126", "emu_id": "EMU_Grass_land", "typicality_percentile": 83.0, "is_medoid": false, "in_position_pool": true, "pool_rank": 2, "selection_rationale": "best-scoring position in its spatial region \u2014 extends coverage of the EMU"}}, {"type": "Feature", "geometry": {"type": "Polygon", "coordinates": [[[73.8169321828511, 18.644341595879744, 0.0], [73.81693061827231, 18.644567498203642, 0.0], [73.8171675986892, 18.644568989504716, 0.0], [73.81716916295477, 18.644343087161452, 0.0], [73.8169321828511, 18.644341595879744, 0.0]]]}, "properties": {"name": "PMP-T1127", "emu_id": "EMU_Grass_land", "typicality_percentile": 61.7, "is_medoid": false, "in_position_pool": false, "pool_rank": null, "selection_rationale": "pool position never used this baseline"}}, {"type": "Feature", "geometry": {"type": "Polygon", "coordinates": [[[73.81717541979289, 18.643439477732905, 0.0], [73.81741239866612, 18.643440968638583, 0.0], [73.81741396250642, 18.64321506624822, 0.0], [73.81720109646314, 18.643213727072904, 0.0], [73.81720630141331, 18.64322575106502, 0.0], [73.81721034919985, 18.64323855786736, 0.0], [73.81721305315999, 18.64325168261638, 0.0], [73.81721438696316, 18.643264997507806, 0.0], [73.81721433762094, 18.643278372885796, 0.0], [73.81721290561343, 18.643291678505495, 0.0], [73.8172101048848, 18.643304784801288, 0.0], [73.81720596270723, 18.64331756414848, 0.0], [73.8172005194156, 18.64332989210606, 0.0], [73.81719382801457, 18.643341648628496, 0.0], [73.81718595366259, 18.64335271923465, 0.0], [73.81717697303728, 18.643362996122626, 0.0], [73.81717594266131, 18.64336396298777, 0.0], [73.81717541979289, 18.643439477732905, 0.0]]]}, "properties": {"name": "PMP-T1152", "emu_id": "EMU_Grass_land", "typicality_percentile": 4.3, "is_medoid": false, "in_position_pool": false, "pool_rank": null, "selection_rationale": "pool position never used this baseline"}}, {"type": "Feature", "geometry": {"type": "Polygon", "coordinates": [[[73.81717541979289, 18.643439477732905, 0.0], [73.81717385561697, 18.64366538009836, 0.0], [73.81741083480343, 18.6436668710234, 0.0], [73.81741239866612, 18.643440968638583, 0.0], [73.81717541979289, 18.643439477732905, 0.0]]]}, "properties": {"name": "PMP-T1153", "emu_id": "EMU_Grass_land", "typicality_percentile": 23.4, "is_medoid": false, "in_position_pool": false, "pool_rank": null, "selection_rationale": "pool position never used this baseline"}}, {"type": "Feature", "geometry": {"type": "Polygon", "coordinates": [[[73.81717385561697, 18.64366538009836, 0.0], [73.81717229141866, 18.643891282458274, 0.0], [73.8174092709183, 18.643892773402676, 0.0], [73.81741083480343, 18.6436668710234, 0.0], [73.81717385561697, 18.64366538009836, 0.0]]]}, "properties": {"name": "PMP-T1154", "emu_id": "EMU_Grass_land", "typicality_percentile": 53.2, "is_medoid": false, "in_position_pool": false, "pool_rank": null, "selection_rationale": "pool position never used this baseline"}}, {"type": "Feature", "geometry": {"type": "Polygon", "coordinates": [[[73.81717229141866, 18.643891282458274, 0.0], [73.81717072719792, 18.64411718481264, 0.0], [73.81740770701079, 18.644118675776394, 0.0], [73.8174092709183, 18.643892773402676, 0.0], [73.81717229141866, 18.643891282458274, 0.0]]]}, "properties": {"name": "PMP-T1155", "emu_id": "EMU_Grass_land", "typicality_percentile": 55.3, "is_medoid": false, "in_position_pool": false, "pool_rank": null, "selection_rationale": "pool position never used this baseline"}}, {"type": "Feature", "geometry": {"type": "Polygon", "coordinates": [[[73.81717072719792, 18.64411718481264, 0.0], [73.81716916295477, 18.644343087161452, 0.0], [73.81740614308085, 18.644344578144565, 0.0], [73.81740770701079, 18.644118675776394, 0.0], [73.81717072719792, 18.64411718481264, 0.0]]]}, "properties": {"name": "PMP-T1156", "emu_id": "EMU_Grass_land", "typicality_percentile": 57.4, "is_medoid": false, "in_position_pool": false, "pool_rank": null, "selection_rationale": "pool position never used this baseline"}}, {"type": "Feature", "geometry": {"type": "Polygon", "coordinates": [[[73.81716916295477, 18.644343087161452, 0.0], [73.8171675986892, 18.644568989504716, 0.0], [73.81740457912849, 18.64457048050719, 0.0], [73.81740614308085, 18.644344578144565, 0.0], [73.81716916295477, 18.644343087161452, 0.0]]]}, "properties": {"name": "PMP-T1157", "emu_id": "EMU_Grass_land", "typicality_percentile": 38.3, "is_medoid": false, "in_position_pool": false, "pool_rank": null, "selection_rationale": "pool position never used this baseline"}}, {"type": "Feature", "geometry": {"type": "Polygon", "coordinates": [[[73.81741239866612, 18.643440968638583, 0.0], [73.81741083480343, 18.6436668710234, 0.0], [73.81764781401228, 18.64366836164986, 0.0], [73.81764937756176, 18.643442459245687, 0.0], [73.81741239866612, 18.643440968638583, 0.0]]]}, "properties": {"name": "PMP-T1181", "emu_id": "EMU_Grass_land", "typicality_percentile": 17.0, "is_medoid": false, "in_position_pool": false, "pool_rank": null, "selection_rationale": "pool position never used this baseline"}}, {"type": "Feature", "geometry": {"type": "Polygon", "coordinates": [[[73.81741083480343, 18.6436668710234, 0.0], [73.8174092709183, 18.643892773402676, 0.0], [73.81764625044036, 18.643894264048495, 0.0], [73.81764781401228, 18.64366836164986, 0.0], [73.81741083480343, 18.6436668710234, 0.0]]]}, "properties": {"name": "PMP-T1182", "emu_id": "EMU_Grass_land", "typicality_percentile": 19.1, "is_medoid": false, "in_position_pool": false, "pool_rank": null, "selection_rationale": "pool position never used this baseline"}}, {"type": "Feature", "geometry": {"type": "Polygon", "coordinates": [[[73.8174092709183, 18.643892773402676, 0.0], [73.81740770701079, 18.644118675776394, 0.0], [73.81764468684607, 18.644120166441564, 0.0], [73.81764625044036, 18.643894264048495, 0.0], [73.8174092709183, 18.643892773402676, 0.0]]]}, "properties": {"name": "PMP-T1183", "emu_id": "EMU_Grass_land", "typicality_percentile": 14.9, "is_medoid": false, "in_position_pool": false, "pool_rank": null, "selection_rationale": "pool position never used this baseline"}}, {"type": "Feature", "geometry": {"type": "Polygon", "coordinates": [[[73.81740770701079, 18.644118675776394, 0.0], [73.81740614308085, 18.644344578144565, 0.0], [73.81764312322935, 18.64434606882909, 0.0], [73.81764468684607, 18.644120166441564, 0.0], [73.81740770701079, 18.644118675776394, 0.0]]]}, "properties": {"name": "PMP-T1184", "emu_id": "EMU_Grass_land", "typicality_percentile": 12.8, "is_medoid": false, "in_position_pool": false, "pool_rank": null, "selection_rationale": "pool position never used this baseline"}}, {"type": "Feature", "geometry": {"type": "Polygon", "coordinates": [[[73.80815920624352, 18.644963913345247, 0.0], [73.80816078245662, 18.644738011751592, 0.0], [73.8079735721699, 18.644736824693535, 0.0], [73.8079280825172, 18.6447378272365, 0.0], [73.80797231793122, 18.644962728315097, 0.0], [73.80815920624352, 18.644963913345247, 0.0]]]}, "properties": {"name": "PMP-T0087", "emu_id": "EMU_Narmada_valley", "typicality_percentile": 4.3, "is_medoid": false, "in_position_pool": false, "pool_rank": null, "selection_rationale": "pool position never used this baseline"}}, {"type": "Feature", "geometry": {"type": "Polygon", "coordinates": [[[73.80815763000784, 18.64518981493335, 0.0], [73.80815920624352, 18.644963913345247, 0.0], [73.80797231793122, 18.644962728315097, 0.0], [73.80801680768884, 18.645188922007446, 0.0], [73.80815763000784, 18.64518981493335, 0.0]]]}, "properties": {"name": "PMP-T0088", "emu_id": "EMU_Narmada_valley", "typicality_percentile": 0.6, "is_medoid": false, "in_position_pool": false, "pool_rank": null, "selection_rationale": "pool position never used this baseline"}}, {"type": "Feature", "geometry": {"type": "Polygon", "coordinates": [[[73.80816078245662, 18.644738011751592, 0.0], [73.80815920624352, 18.644963913345247, 0.0], [73.8083961864543, 18.64496541573328, 0.0], [73.80839776235418, 18.64473951412013, 0.0], [73.80816078245662, 18.644738011751592, 0.0]]]}, "properties": {"name": "PMP-T0108", "emu_id": "EMU_Narmada_valley", "typicality_percentile": 4.9, "is_medoid": false, "in_position_pool": false, "pool_rank": null, "selection_rationale": "pool position never used this baseline"}}, {"type": "Feature", "geometry": {"type": "Polygon", "coordinates": [[[73.80815920624352, 18.644963913345247, 0.0], [73.80815763000784, 18.64518981493335, 0.0], [73.80839461053185, 18.645191317340895, 0.0], [73.8083961864543, 18.64496541573328, 0.0], [73.80815920624352, 18.644963913345247, 0.0]]]}, "properties": {"name": "PMP-T0109", "emu_id": "EMU_Narmada_valley", "typicality_percentile": 3.0, "is_medoid": false, "in_position_pool": false, "pool_rank": null, "selection_rationale": "pool position never used this baseline"}}, {"type": "Feature", "geometry": {"type": "Polygon", "coordinates": [[[73.80815763000784, 18.64518981493335, 0.0], [73.80815605374956, 18.6454157165159, 0.0], [73.8083930345868, 18.645417218942953, 0.0], [73.80839461053185, 18.645191317340895, 0.0], [73.80815763000784, 18.64518981493335, 0.0]]]}, "properties": {"name": "PMP-T0110", "emu_id": "EMU_Narmada_valley", "typicality_percentile": 1.2, "is_medoid": false, "in_position_pool": false, "pool_rank": null, "selection_rationale": "pool position never used this baseline"}}, {"type": "Feature", "geometry": {"type": "Polygon", "coordinates": [[[73.8083930345868, 18.645417218942953, 0.0], [73.80815605374956, 18.6454157165159, 0.0], [73.80815514323645, 18.645546205297403, 0.0], [73.80839226733116, 18.645527198938623, 0.0], [73.8083930345868, 18.645417218942953, 0.0]]]}, "properties": {"name": "PMP-T0111", "emu_id": "EMU_Narmada_valley", "typicality_percentile": 0.0, "is_medoid": false, "in_position_pool": false, "pool_rank": null, "selection_rationale": "pool position never used this baseline"}}, {"type": "Feature", "geometry": {"type": "Polygon", "coordinates": [[[73.80839776235418, 18.64473951412013, 0.0], [73.8083961864543, 18.64496541573328, 0.0], [73.80863316668766, 18.644966917822725, 0.0], [73.8086347422743, 18.64474101619006, 0.0], [73.80839776235418, 18.64473951412013, 0.0]]]}, "properties": {"name": "PMP-T0129", "emu_id": "EMU_Narmada_valley", "typicality_percentile": 5.5, "is_medoid": false, "in_position_pool": false, "pool_rank": null, "selection_rationale": "pool position never used this baseline"}}, {"type": "Feature", "geometry": {"type": "Polygon", "coordinates": [[[73.8083961864543, 18.64496541573328, 0.0], [73.80839461053185, 18.645191317340895, 0.0], [73.80863159107844, 18.645192819449836, 0.0], [73.80863316668766, 18.644966917822725, 0.0], [73.8083961864543, 18.64496541573328, 0.0]]]}, "properties": {"name": "PMP-T0130", "emu_id": "EMU_Narmada_valley", "typicality_percentile": 2.4, "is_medoid": false, "in_position_pool": false, "pool_rank": null, "selection_rationale": "pool position never used this baseline"}}, {"type": "Feature", "geometry": {"type": "Polygon", "coordinates": [[[73.80839461053185, 18.645191317340895, 0.0], [73.8083930345868, 18.645417218942953, 0.0], [73.80863001544664, 18.645418721071398, 0.0], [73.80863159107844, 18.645192819449836, 0.0], [73.80839461053185, 18.645191317340895, 0.0]]]}, "properties": {"name": "PMP-T0131", "emu_id": "EMU_Narmada_valley", "typicality_percentile": 1.8, "is_medoid": false, "in_position_pool": false, "pool_rank": null, "selection_rationale": "pool position never used this baseline"}}, {"type": "Feature", "geometry": {"type": "Polygon", "coordinates": [[[73.8086347422743, 18.64474101619006, 0.0], [73.80863316668766, 18.644966917822725, 0.0], [73.80887014694359, 18.644968419613562, 0.0], [73.80887172221702, 18.644742517961404, 0.0], [73.8086347422743, 18.64474101619006, 0.0]]]}, "properties": {"name": "PMP-T0144", "emu_id": "EMU_Narmada_valley", "typicality_percentile": 8.5, "is_medoid": false, "in_position_pool": false, "pool_rank": null, "selection_rationale": "pool position never used this baseline"}}, {"type": "Feature", "geometry": {"type": "Polygon", "coordinates": [[[73.80863316668766, 18.644966917822725, 0.0], [73.80863159107844, 18.645192819449836, 0.0], [73.8088685716476, 18.645194321260167, 0.0], [73.80887014694359, 18.644968419613562, 0.0], [73.80863316668766, 18.644966917822725, 0.0]]]}, "properties": {"name": "PMP-T0145", "emu_id": "EMU_Narmada_valley", "typicality_percentile": 6.1, "is_medoid": false, "in_position_pool": true, "pool_rank": 7, "selection_rationale": "best-scoring position in its spatial region \u2014 extends coverage of the EMU"}}, {"type": "Feature", "geometry": {"type": "Polygon", "coordinates": [[[73.80863159107844, 18.645192819449836, 0.0], [73.80863001544664, 18.645418721071398, 0.0], [73.80886699632904, 18.64542022290123, 0.0], [73.8088685716476, 18.645194321260167, 0.0], [73.80863159107844, 18.645192819449836, 0.0]]]}, "properties": {"name": "PMP-T0146", "emu_id": "EMU_Narmada_valley", "typicality_percentile": 3.7, "is_medoid": false, "in_position_pool": false, "pool_rank": null, "selection_rationale": "pool position never used this baseline"}}, {"type": "Feature", "geometry": {"type": "Polygon", "coordinates": [[[73.80911342692747, 18.644066314385874, 0.0], [73.80911393648842, 18.64399322255588, 0.0], [73.80910068854779, 18.64398569461711, 0.0], [73.80909814965487, 18.64398414555024, 0.0], [73.80900622183346, 18.643924045228367, 0.0], [73.80900379137573, 18.64392234544665, 0.0], [73.80891605729437, 18.64385679618055, 0.0], [73.80891374510286, 18.64385495255962, 0.0], [73.80889500635503, 18.643839018905858, 0.0], [73.80887802308496, 18.643838911297255, 0.0], [73.80887711793069, 18.6439687225456, 0.0], [73.80889440964172, 18.643963660087028, 0.0], [73.80891564183649, 18.644065061310975, 0.0], [73.80911342692747, 18.644066314385874, 0.0]]]}, "properties": {"name": "PMP-T0161", "emu_id": "EMU_Narmada_valley", "typicality_percentile": 31.1, "is_medoid": false, "in_position_pool": false, "pool_rank": null, "selection_rationale": "pool position never used this baseline"}}, {"type": "Feature", "geometry": {"type": "Polygon", "coordinates": [[[73.80911185203497, 18.644292216074184, 0.0], [73.80911342692747, 18.644066314385874, 0.0], [73.80891564183649, 18.644065061310975, 0.0], [73.80896300793445, 18.644291273075147, 0.0], [73.80911185203497, 18.644292216074184, 0.0]]]}, "properties": {"name": "PMP-T0162", "emu_id": "EMU_Narmada_valley", "typicality_percentile": 7.3, "is_medoid": false, "in_position_pool": false, "pool_rank": null, "selection_rationale": "pool position never used this baseline"}}, {"type": "Feature", "geometry": {"type": "Polygon", "coordinates": [[[73.80911027711993, 18.64451811775694, 0.0], [73.80911185203497, 18.644292216074184, 0.0], [73.80896300793445, 18.644291273075147, 0.0], [73.80901037414019, 18.644517484829088, 0.0], [73.80911027711993, 18.64451811775694, 0.0]]]}, "properties": {"name": "PMP-T0163", "emu_id": "EMU_Narmada_valley", "typicality_percentile": 7.9, "is_medoid": false, "in_position_pool": false, "pool_rank": null, "selection_rationale": "pool position never used this baseline"}}, {"type": "Feature", "geometry": {"type": "Polygon", "coordinates": [[[73.80887172221702, 18.644742517961404, 0.0], [73.80887014694359, 18.644968419613562, 0.0], [73.8091071272221, 18.6449699211058, 0.0], [73.8091087021823, 18.644744019434146, 0.0], [73.80887172221702, 18.644742517961404, 0.0]]]}, "properties": {"name": "PMP-T0164", "emu_id": "EMU_Narmada_valley", "typicality_percentile": 9.1, "is_medoid": false, "in_position_pool": false, "pool_rank": null, "selection_rationale": "pool position never used this baseline"}}, {"type": "Feature", "geometry": {"type": "Polygon", "coordinates": [[[73.80887014694359, 18.644968419613562, 0.0], [73.8088685716476, 18.645194321260167, 0.0], [73.80910555223936, 18.645195822771907, 0.0], [73.8091071272221, 18.6449699211058, 0.0], [73.80887014694359, 18.644968419613562, 0.0]]]}, "properties": {"name": "PMP-T0165", "emu_id": "EMU_Narmada_valley", "typicality_percentile": 6.7, "is_medoid": false, "in_position_pool": false, "pool_rank": null, "selection_rationale": "pool position never used this baseline"}}, {"type": "Feature", "geometry": {"type": "Polygon", "coordinates": [[[73.80910555223936, 18.645195822771907, 0.0], [73.8088685716476, 18.645194321260167, 0.0], [73.80886699632904, 18.64542022290123, 0.0], [73.8090498874368, 18.645421381741208, 0.0], [73.80910404331799, 18.645412246129542, 0.0], [73.80910555223936, 18.645195822771907, 0.0]]]}, "properties": {"name": "PMP-T0166", "emu_id": "EMU_Narmada_valley", "typicality_percentile": 10.4, "is_medoid": false, "in_position_pool": false, "pool_rank": null, "selection_rationale": "pool position never used this baseline"}}, {"type": "Feature", "geometry": {"type": "Polygon", "coordinates": [[[73.80911342692747, 18.644066314385874, 0.0], [73.80911185203497, 18.644292216074184, 0.0], [73.80934883139639, 18.644293717209354, 0.0], [73.80935002180105, 18.644122932557615, 0.0], [73.8092465871173, 18.64406715791008, 0.0], [73.80911342692747, 18.644066314385874, 0.0]]]}, "properties": {"name": "PMP-T0182", "emu_id": "EMU_Narmada_valley", "typicality_percentile": 93.9, "is_medoid": false, "in_position_pool": false, "pool_rank": null, "selection_rationale": "pool position never used this baseline"}}, {"type": "Feature", "geometry": {"type": "Polygon", "coordinates": [[[73.80911185203497, 18.644292216074184, 0.0], [73.80911027711993, 18.64451811775694, 0.0], [73.80934725679455, 18.6445196189116, 0.0], [73.80934883139639, 18.644293717209354, 0.0], [73.80911185203497, 18.644292216074184, 0.0]]]}, "properties": {"name": "PMP-T0183", "emu_id": "EMU_Narmada_valley", "typicality_percentile": 70.7, "is_medoid": false, "in_position_pool": false, "pool_rank": null, "selection_rationale": "pool position never used this baseline"}}, {"type": "Feature", "geometry": {"type": "Polygon", "coordinates": [[[73.80911027711993, 18.64451811775694, 0.0], [73.8091087021823, 18.644744019434146, 0.0], [73.80934568217016, 18.6447455206083, 0.0], [73.80934725679455, 18.6445196189116, 0.0], [73.80911027711993, 18.64451811775694, 0.0]]]}, "properties": {"name": "PMP-T0184", "emu_id": "EMU_Narmada_valley", "typicality_percentile": 70.1, "is_medoid": false, "in_position_pool": false, "pool_rank": null, "selection_rationale": "pool position never used this baseline"}}, {"type": "Feature", "geometry": {"type": "Polygon", "coordinates": [[[73.8091087021823, 18.644744019434146, 0.0], [73.8091071272221, 18.6449699211058, 0.0], [73.8093441075232, 18.64497142229944, 0.0], [73.80934568217016, 18.6447455206083, 0.0], [73.8091087021823, 18.644744019434146, 0.0]]]}, "properties": {"name": "PMP-T0185", "emu_id": "EMU_Narmada_valley", "typicality_percentile": 52.4, "is_medoid": false, "in_position_pool": false, "pool_rank": null, "selection_rationale": "pool position never used this baseline"}}, {"type": "Feature", "geometry": {"type": "Polygon", "coordinates": [[[73.8091071272221, 18.6449699211058, 0.0], [73.80910555223936, 18.645195822771907, 0.0], [73.80934253285366, 18.645197323985037, 0.0], [73.8093441075232, 18.64497142229944, 0.0], [73.8091071272221, 18.6449699211058, 0.0]]]}, "properties": {"name": "PMP-T0186", "emu_id": "EMU_Narmada_valley", "typicality_percentile": 75.0, "is_medoid": false, "in_position_pool": false, "pool_rank": null, "selection_rationale": "pool position never used this baseline"}}, {"type": "Feature", "geometry": {"type": "Polygon", "coordinates": [[[73.80934095816156, 18.645423225665088, 0.0], [73.80934253285366, 18.645197323985037, 0.0], [73.80910555223936, 18.645195822771907, 0.0], [73.80910404331799, 18.645412246129542, 0.0], [73.80928826664274, 18.645381169180688, 0.0], [73.80930141743109, 18.645422975202255, 0.0], [73.80934095816156, 18.645423225665088, 0.0]]]}, "properties": {"name": "PMP-T0187", "emu_id": "EMU_Narmada_valley", "typicality_percentile": 73.2, "is_medoid": false, "in_position_pool": false, "pool_rank": null, "selection_rationale": "pool position never used this baseline"}}, {"type": "Feature", "geometry": {"type": "Polygon", "coordinates": [[[73.80958738504643, 18.644069316318653, 0.0], [73.80958895928994, 18.64384341458582, 0.0], [73.80935198053237, 18.643841913788208, 0.0], [73.80935110316034, 18.643967790788352, 0.0], [73.80944066649538, 18.644016085604257, 0.0], [73.80944239447336, 18.644017064042707, 0.0], [73.80946543053898, 18.644030745863102, 0.0], [73.80946805638008, 18.644032423836034, 0.0], [73.80949008445202, 18.64404753903723, 0.0], [73.80949258711362, 18.64404938013537, 0.0], [73.80951350919878, 18.644065861476786, 0.0], [73.8095158775477, 18.644067857509945, 0.0], [73.80951700172275, 18.644068870603743, 0.0], [73.80958738504643, 18.644069316318653, 0.0]]]}, "properties": {"name": "PMP-T0206", "emu_id": "EMU_Narmada_valley", "typicality_percentile": 95.1, "is_medoid": false, "in_position_pool": false, "pool_rank": null, "selection_rationale": "pool position never used this baseline"}}, {"type": "Feature", "geometry": {"type": "Polygon", "coordinates": [[[73.80934883139639, 18.644293717209354, 0.0], [73.80934725679455, 18.6445196189116, 0.0], [73.80957403829471, 18.644521055185898, 0.0], [73.80956200003669, 18.644461587423766, 0.0], [73.80954597605002, 18.644400413115843, 0.0], [73.80952650762691, 18.64434015362083, 0.0], [73.80950896167451, 18.644294731378316, 0.0], [73.80934883139639, 18.644293717209354, 0.0]]]}, "properties": {"name": "PMP-T0207", "emu_id": "EMU_Narmada_valley", "typicality_percentile": 64.0, "is_medoid": false, "in_position_pool": false, "pool_rank": null, "selection_rationale": "pool position never used this baseline"}}, {"type": "Feature", "geometry": {"type": "Polygon", "coordinates": [[[73.80934725679455, 18.6445196189116, 0.0], [73.80934568217016, 18.6447455206083, 0.0], [73.80958266218057, 18.644747021483855, 0.0], [73.80958379452822, 18.644584538509722, 0.0], [73.80957456402541, 18.644523652240842, 0.0], [73.80957403829471, 18.644521055185898, 0.0], [73.80934725679455, 18.6445196189116, 0.0]]]}, "properties": {"name": "PMP-T0208", "emu_id": "EMU_Narmada_valley", "typicality_percentile": 71.3, "is_medoid": false, "in_position_pool": false, "pool_rank": null, "selection_rationale": "pool position never used this baseline"}}, {"type": "Feature", "geometry": {"type": "Polygon", "coordinates": [[[73.80934568217016, 18.6447455206083, 0.0], [73.8093441075232, 18.64497142229944, 0.0], [73.80958108784684, 18.644972923194487, 0.0], [73.80958266218057, 18.644747021483855, 0.0], [73.80934568217016, 18.6447455206083, 0.0]]]}, "properties": {"name": "PMP-T0209", "emu_id": "EMU_Narmada_valley", "typicality_percentile": 77.4, "is_medoid": false, "in_position_pool": false, "pool_rank": null, "selection_rationale": "pool position never used this baseline"}}, {"type": "Feature", "geometry": {"type": "Polygon", "coordinates": [[[73.8093441075232, 18.64497142229944, 0.0], [73.80934253285366, 18.645197323985037, 0.0], [73.80957951349053, 18.645198824899566, 0.0], [73.80958108784684, 18.644972923194487, 0.0], [73.8093441075232, 18.64497142229944, 0.0]]]}, "properties": {"name": "PMP-T0210", "emu_id": "EMU_Narmada_valley", "typicality_percentile": 86.0, "is_medoid": false, "in_position_pool": false, "pool_rank": null, "selection_rationale": "pool position never used this baseline"}}, {"type": "Feature", "geometry": {"type": "Polygon", "coordinates": [[[73.80957951349053, 18.645198824899566, 0.0], [73.80934253285366, 18.645197323985037, 0.0], [73.80934095816156, 18.645423225665088, 0.0], [73.80940189158345, 18.645423611619346, 0.0], [73.80947149161807, 18.645342475962103, 0.0], [73.80951425756552, 18.645291391047422, 0.0], [73.80955339263878, 18.64523892775736, 0.0], [73.80957950908338, 18.64519945727033, 0.0], [73.80957951349053, 18.645198824899566, 0.0]]]}, "properties": {"name": "PMP-T0211", "emu_id": "EMU_Narmada_valley", "typicality_percentile": 90.2, "is_medoid": false, "in_position_pool": false, "pool_rank": null, "selection_rationale": "pool position never used this baseline"}}, {"type": "Feature", "geometry": {"type": "Polygon", "coordinates": [[[73.80957479028628, 18.645876529981507, 0.0], [73.80957636471025, 18.645650628293076, 0.0], [73.80939008237178, 18.64564944847333, 0.0], [73.80938972512642, 18.645649702990017, 0.0], [73.80938574437917, 18.645651996477643, 0.0], [73.80938154697348, 18.645653906982098, 0.0], [73.80937717333276, 18.645655416104155, 0.0], [73.80937472269754, 18.645656010424165, 0.0], [73.80944383020795, 18.645875700555056, 0.0], [73.80957479028628, 18.645876529981507, 0.0]]]}, "properties": {"name": "PMP-T0212", "emu_id": "EMU_Narmada_valley", "typicality_percentile": 72.6, "is_medoid": false, "in_position_pool": false, "pool_rank": null, "selection_rationale": "pool position never used this baseline"}}, {"type": "Feature", "geometry": {"type": "Polygon", "coordinates": [[[73.80962673436639, 18.63842177133286, 0.0], [73.80986370563083, 18.638423271364314, 0.0], [73.8098651642273, 18.638213848106137, 0.0], [73.8098493009985, 18.638219107642726, 0.0], [73.80983191427727, 18.638226134342794, 0.0], [73.80981505376796, 18.638234243076937, 0.0], [73.8097987934709, 18.63824339825622, 0.0], [73.80978202862742, 18.638254326350626, 0.0], [73.80973707358686, 18.63828401928622, 0.0], [73.80973493405816, 18.63828535251349, 0.0], [73.80968824081107, 18.63831276486539, 0.0], [73.80968602899495, 18.63831398619585, 0.0], [73.80963785338315, 18.63833895895211, 0.0], [73.80963557571293, 18.638340064833358, 0.0], [73.80962727733252, 18.638343828850477, 0.0], [73.80962673436639, 18.63842177133286, 0.0]]]}, "properties": {"name": "PMP-T0223", "emu_id": "EMU_Narmada_valley", "typicality_percentile": 36.6, "is_medoid": false, "in_position_pool": true, "pool_rank": 9, "selection_rationale": "best-scoring position in its spatial region \u2014 extends coverage of the EMU"}}, {"type": "Feature", "geometry": {"type": "Polygon", "coordinates": [[[73.80962673436639, 18.63842177133286, 0.0], [73.80962516066428, 18.638647673198882, 0.0], [73.80986213224182, 18.638649173249824, 0.0], [73.80986370563083, 18.638423271364314, 0.0], [73.80962673436639, 18.63842177133286, 0.0]]]}, "properties": {"name": "PMP-T0224", "emu_id": "EMU_Narmada_valley", "typicality_percentile": 37.8, "is_medoid": false, "in_position_pool": false, "pool_rank": null, "selection_rationale": "pool position never used this baseline"}}, {"type": "Feature", "geometry": {"type": "Polygon", "coordinates": [[[73.80959053351087, 18.643617512847435, 0.0], [73.80958895928994, 18.64384341458582, 0.0], [73.80982593807005, 18.643844915084845, 0.0], [73.80982751197779, 18.643619013326976, 0.0], [73.80959053351087, 18.643617512847435, 0.0]]]}, "properties": {"name": "PMP-T0232", "emu_id": "EMU_Narmada_valley", "typicality_percentile": 93.3, "is_medoid": false, "in_position_pool": false, "pool_rank": null, "selection_rationale": "pool position never used this baseline"}}, {"type": "Feature", "geometry": {"type": "Polygon", "coordinates": [[[73.80958895928994, 18.64384341458582, 0.0], [73.80958738504643, 18.644069316318653, 0.0], [73.80982436413976, 18.64407081683716, 0.0], [73.80982593807005, 18.643844915084845, 0.0], [73.80958895928994, 18.64384341458582, 0.0]]]}, "properties": {"name": "PMP-T0233", "emu_id": "EMU_Narmada_valley", "typicality_percentile": 94.5, "is_medoid": false, "in_position_pool": false, "pool_rank": null, "selection_rationale": "pool position never used this baseline"}}, {"type": "Feature", "geometry": {"type": "Polygon", "coordinates": [[[73.80982279018691, 18.644296718583924, 0.0], [73.80982436413976, 18.64407081683716, 0.0], [73.80958738504643, 18.644069316318653, 0.0], [73.8095868610469, 18.64414450879671, 0.0], [73.80959292396203, 18.64415271949492, 0.0], [73.80959465636307, 18.644155240191083, 0.0], [73.80960876479645, 18.644177342859173, 0.0], [73.80961031707399, 18.644179968032766, 0.0], [73.80962284850595, 18.644202918050244, 0.0], [73.80962421375484, 18.64420563602368, 0.0], [73.8096351124377, 18.644229331296376, 0.0], [73.8096361819228, 18.644231861599508, 0.0], [73.80966080896057, 18.644295614941385, 0.0], [73.80966083667265, 18.644295693137263, 0.0], [73.80982279018691, 18.644296718583924, 0.0]]]}, "properties": {"name": "PMP-T0234", "emu_id": "EMU_Narmada_valley", "typicality_percentile": 76.2, "is_medoid": false, "in_position_pool": false, "pool_rank": null, "selection_rationale": "pool position never used this baseline"}}, {"type": "Feature", "geometry": {"type": "Polygon", "coordinates": [[[73.8098212162115, 18.644522620325148, 0.0], [73.80982279018691, 18.644296718583924, 0.0], [73.80966083667265, 18.644295693137263, 0.0], [73.8096616290043, 18.644297928879833, 0.0], [73.8096826060155, 18.64436285766104, 0.0], [73.80968329368862, 18.644365210460705, 0.0], [73.80970055936879, 18.644431124942987, 0.0], [73.80970111266161, 18.644433509728447, 0.0], [73.80971461655142, 18.64450021729294, 0.0], [73.80971498780542, 18.644502315748586, 0.0], [73.80971796693493, 18.644521966586627, 0.0], [73.8098212162115, 18.644522620325148, 0.0]]]}, "properties": {"name": "PMP-T0235", "emu_id": "EMU_Narmada_valley", "typicality_percentile": 91.5, "is_medoid": false, "in_position_pool": false, "pool_rank": null, "selection_rationale": "pool position never used this baseline"}}, {"type": "Feature", "geometry": {"type": "Polygon", "coordinates": [[[73.80981492008435, 18.64542622723451, 0.0], [73.80981649414998, 18.64520032551549, 0.0], [73.80974028159162, 18.64519984295267, 0.0], [73.80972833140702, 18.645224553813208, 0.0], [73.80972686771263, 18.64522732588432, 0.0], [73.80971256351161, 18.64525224642317, 0.0], [73.80971107259403, 18.64525466270151, 0.0], [73.80967224328231, 18.645313346553714, 0.0], [73.80967078145541, 18.645315425884505, 0.0], [73.80962860243255, 18.645371969849784, 0.0], [73.80962702204798, 18.645373968818742, 0.0], [73.8095844952366, 18.645424768118488, 0.0], [73.80981492008435, 18.64542622723451, 0.0]]]}, "properties": {"name": "PMP-T0236", "emu_id": "EMU_Narmada_valley", "typicality_percentile": 78.0, "is_medoid": false, "in_position_pool": false, "pool_rank": null, "selection_rationale": "pool position never used this baseline"}}, {"type": "Feature", "geometry": {"type": "Polygon", "coordinates": [[[73.80957636471025, 18.645650628293076, 0.0], [73.80981334599618, 18.64565212894797, 0.0], [73.80981492008435, 18.64542622723451, 0.0], [73.8095844952366, 18.645424768118488, 0.0], [73.80958162277034, 18.645428199347073, 0.0], [73.80958132518383, 18.645428551197014, 0.0], [73.80957788439234, 18.64543257801309, 0.0], [73.80957636471025, 18.645650628293076, 0.0]]]}, "properties": {"name": "PMP-T0237", "emu_id": "EMU_Narmada_valley", "typicality_percentile": 64.6, "is_medoid": false, "in_position_pool": false, "pool_rank": null, "selection_rationale": "pool position never used this baseline"}}, {"type": "Feature", "geometry": {"type": "Polygon", "coordinates": [[[73.80957636471025, 18.645650628293076, 0.0], [73.80957479028628, 18.645876529981507, 0.0], [73.80981177188544, 18.645878030655883, 0.0], [73.80981334599618, 18.64565212894797, 0.0], [73.80957636471025, 18.645650628293076, 0.0]]]}, "properties": {"name": "PMP-T0238", "emu_id": "EMU_Narmada_valley", "typicality_percentile": 84.8, "is_medoid": false, "in_position_pool": false, "pool_rank": null, "selection_rationale": "pool position never used this baseline"}}, {"type": "Feature", "geometry": {"type": "Polygon", "coordinates": [[[73.80957479028628, 18.645876529981507, 0.0], [73.80957321583973, 18.646102431664385, 0.0], [73.80981019775214, 18.646103932358248, 0.0], [73.80981177188544, 18.645878030655883, 0.0], [73.80957479028628, 18.645876529981507, 0.0]]]}, "properties": {"name": "PMP-T0239", "emu_id": "EMU_Narmada_valley", "typicality_percentile": 79.3, "is_medoid": false, "in_position_pool": false, "pool_rank": null, "selection_rationale": "pool position never used this baseline"}}, {"type": "Feature", "geometry": {"type": "Polygon", "coordinates": [[[73.8098086235963, 18.64632983405506, 0.0], [73.80981019775214, 18.646103932358248, 0.0], [73.80957321583973, 18.646102431664385, 0.0], [73.8095721968996, 18.646248627528816, 0.0], [73.80960064836393, 18.646328517047415, 0.0], [73.8098086235963, 18.64632983405506, 0.0]]]}, "properties": {"name": "PMP-T0240", "emu_id": "EMU_Narmada_valley", "typicality_percentile": 79.9, "is_medoid": false, "in_position_pool": false, "pool_rank": null, "selection_rationale": "pool position never used this baseline"}}, {"type": "Feature", "geometry": {"type": "Polygon", "coordinates": [[[73.8098070494179, 18.646555735746322, 0.0], [73.8098086235963, 18.64632983405506, 0.0], [73.80960064836393, 18.646328517047415, 0.0], [73.80968128544524, 18.64655493936147, 0.0], [73.8098070494179, 18.646555735746322, 0.0]]]}, "properties": {"name": "PMP-T0241", "emu_id": "EMU_Narmada_valley", "typicality_percentile": 61.6, "is_medoid": false, "in_position_pool": false, "pool_rank": null, "selection_rationale": "pool position never used this baseline"}}, {"type": "Feature", "geometry": {"type": "Polygon", "coordinates": [[[73.80986370563083, 18.638423271364314, 0.0], [73.81010067691783, 18.63842477109728, 0.0], [73.81010216838165, 18.638210586119172, 0.0], [73.81007244979492, 18.638207293444598, 0.0], [73.80996038565745, 18.638201049191913, 0.0], [73.80994139507885, 18.63820111086654, 0.0], [73.80992255624754, 18.638202364058756, 0.0], [73.8099038458017, 18.638204803612624, 0.0], [73.80988534586096, 18.638208418821133, 0.0], [73.80986713762114, 18.638213193816963, 0.0], [73.8098651642273, 18.638213848106137, 0.0], [73.80986370563083, 18.638423271364314, 0.0]]]}, "properties": {"name": "PMP-T0249", "emu_id": "EMU_Narmada_valley", "typicality_percentile": 45.1, "is_medoid": false, "in_position_pool": false, "pool_rank": null, "selection_rationale": "pool position never used this baseline"}}, {"type": "Feature", "geometry": {"type": "Polygon", "coordinates": [[[73.81010067691783, 18.63842477109728, 0.0], [73.80986370563083, 18.638423271364314, 0.0], [73.80986213224182, 18.638649173249824, 0.0], [73.81001301498885, 18.638650128195277, 0.0], [73.8100293112189, 18.638635919155902, 0.0], [73.8100467010215, 18.6386224980948, 0.0], [73.810064907443, 18.6386101001666, 0.0], [73.8100838643364, 18.6385987704038, 0.0], [73.8100936665749, 18.63859371747789, 0.0], [73.81009951814974, 18.638591176553746, 0.0], [73.81010067691783, 18.63842477109728, 0.0]]]}, "properties": {"name": "PMP-T0250", "emu_id": "EMU_Narmada_valley", "typicality_percentile": 48.8, "is_medoid": false, "in_position_pool": false, "pool_rank": null, "selection_rationale": "pool position never used this baseline"}}, {"type": "Feature", "geometry": {"type": "Polygon", "coordinates": [[[73.80982751197779, 18.643619013326976, 0.0], [73.80982593807005, 18.643844915084845, 0.0], [73.81006291687271, 18.643846415285296, 0.0], [73.81006449046724, 18.643620513507944, 0.0], [73.80982751197779, 18.643619013326976, 0.0]]]}, "properties": {"name": "PMP-T0255", "emu_id": "EMU_Narmada_valley", "typicality_percentile": 96.3, "is_medoid": false, "in_position_pool": false, "pool_rank": null, "selection_rationale": "pool position never used this baseline"}}, {"type": "Feature", "geometry": {"type": "Polygon", "coordinates": [[[73.80982593807005, 18.643844915084845, 0.0], [73.80982436413976, 18.64407081683716, 0.0], [73.81006134325564, 18.644072317057088, 0.0], [73.81006291687271, 18.643846415285296, 0.0], [73.80982593807005, 18.643844915084845, 0.0]]]}, "properties": {"name": "PMP-T0256", "emu_id": "EMU_Narmada_valley", "typicality_percentile": 100.0, "is_medoid": true, "in_position_pool": true, "pool_rank": 1, "selection_rationale": "stratum medoid \u2014 most representative position within this EMU"}}, {"type": "Feature", "geometry": {"type": "Polygon", "coordinates": [[[73.80982436413976, 18.64407081683716, 0.0], [73.80982279018691, 18.644296718583924, 0.0], [73.810059769616, 18.64429821882333, 0.0], [73.81006134325564, 18.644072317057088, 0.0], [73.80982436413976, 18.64407081683716, 0.0]]]}, "properties": {"name": "PMP-T0257", "emu_id": "EMU_Narmada_valley", "typicality_percentile": 82.9, "is_medoid": false, "in_position_pool": false, "pool_rank": null, "selection_rationale": "pool position never used this baseline"}}, {"type": "Feature", "geometry": {"type": "Polygon", "coordinates": [[[73.80982279018691, 18.644296718583924, 0.0], [73.8098212162115, 18.644522620325148, 0.0], [73.81005819595383, 18.644524120584023, 0.0], [73.810059769616, 18.64429821882333, 0.0], [73.80982279018691, 18.644296718583924, 0.0]]]}, "properties": {"name": "PMP-T0258", "emu_id": "EMU_Narmada_valley", "typicality_percentile": 90.9, "is_medoid": false, "in_position_pool": false, "pool_rank": null, "selection_rationale": "pool position never used this baseline"}}, {"type": "Feature", "geometry": {"type": "Polygon", "coordinates": [[[73.8098212162115, 18.644522620325148, 0.0], [73.80981964221355, 18.64474852206081, 0.0], [73.81005662226909, 18.644750022339178, 0.0], [73.81005819595383, 18.644524120584023, 0.0], [73.8098212162115, 18.644522620325148, 0.0]]]}, "properties": {"name": "PMP-T0259", "emu_id": "EMU_Narmada_valley", "typicality_percentile": 86.6, "is_medoid": false, "in_position_pool": false, "pool_rank": null, "selection_rationale": "pool position never used this baseline"}}, {"type": "Feature", "geometry": {"type": "Polygon", "coordinates": [[[73.80981964221355, 18.64474852206081, 0.0], [73.80981806819305, 18.644974423790927, 0.0], [73.81005504856181, 18.64497592408877, 0.0], [73.81005662226909, 18.644750022339178, 0.0], [73.80981964221355, 18.64474852206081, 0.0]]]}, "properties": {"name": "PMP-T0260", "emu_id": "EMU_Narmada_valley", "typicality_percentile": 81.7, "is_medoid": false, "in_position_pool": false, "pool_rank": null, "selection_rationale": "pool position never used this baseline"}}, {"type": "Feature", "geometry": {"type": "Polygon", "coordinates": [[[73.80981806819305, 18.644974423790927, 0.0], [73.80981649414998, 18.64520032551549, 0.0], [73.81005347483197, 18.645201825832814, 0.0], [73.81005504856181, 18.64497592408877, 0.0], [73.80981806819305, 18.644974423790927, 0.0]]]}, "properties": {"name": "PMP-T0261", "emu_id": "EMU_Narmada_valley", "typicality_percentile": 92.1, "is_medoid": false, "in_position_pool": false, "pool_rank": null, "selection_rationale": "pool position never used this baseline"}}, {"type": "Feature", "geometry": {"type": "Polygon", "coordinates": [[[73.80981649414998, 18.64520032551549, 0.0], [73.80981492008435, 18.64542622723451, 0.0], [73.81005190107959, 18.645427727571306, 0.0], [73.81005347483197, 18.645201825832814, 0.0], [73.80981649414998, 18.64520032551549, 0.0]]]}, "properties": {"name": "PMP-T0262", "emu_id": "EMU_Narmada_valley", "typicality_percentile": 92.7, "is_medoid": false, "in_position_pool": false, "pool_rank": null, "selection_rationale": "pool position never used this baseline"}}, {"type": "Feature", "geometry": {"type": "Polygon", "coordinates": [[[73.80981492008435, 18.64542622723451, 0.0], [73.80981334599618, 18.64565212894797, 0.0], [73.81005032730464, 18.64565362930425, 0.0], [73.81005190107959, 18.645427727571306, 0.0], [73.80981492008435, 18.64542622723451, 0.0]]]}, "properties": {"name": "PMP-T0263", "emu_id": "EMU_Narmada_valley", "typicality_percentile": 88.4, "is_medoid": false, "in_position_pool": false, "pool_rank": null, "selection_rationale": "pool position never used this baseline"}}, {"type": "Feature", "geometry": {"type": "Polygon", "coordinates": [[[73.80981334599618, 18.64565212894797, 0.0], [73.80981177188544, 18.645878030655883, 0.0], [73.81004875350716, 18.645879531031643, 0.0], [73.81005032730464, 18.64565362930425, 0.0], [73.80981334599618, 18.64565212894797, 0.0]]]}, "properties": {"name": "PMP-T0264", "emu_id": "EMU_Narmada_valley", "typicality_percentile": 89.6, "is_medoid": false, "in_position_pool": true, "pool_rank": 2, "selection_rationale": "best-scoring position in its spatial region \u2014 extends coverage of the EMU"}}, {"type": "Feature", "geometry": {"type": "Polygon", "coordinates": [[[73.80981177188544, 18.645878030655883, 0.0], [73.80981019775214, 18.646103932358248, 0.0], [73.81004717968712, 18.646105432753483, 0.0], [73.81004875350716, 18.645879531031643, 0.0], [73.80981177188544, 18.645878030655883, 0.0]]]}, "properties": {"name": "PMP-T0265", "emu_id": "EMU_Narmada_valley", "typicality_percentile": 83.5, "is_medoid": false, "in_position_pool": false, "pool_rank": null, "selection_rationale": "pool position never used this baseline"}}, {"type": "Feature", "geometry": {"type": "Polygon", "coordinates": [[[73.80981019775214, 18.646103932358248, 0.0], [73.8098086235963, 18.64632983405506, 0.0], [73.81004560584452, 18.646331334469778, 0.0], [73.81004717968712, 18.646105432753483, 0.0], [73.80981019775214, 18.646103932358248, 0.0]]]}, "properties": {"name": "PMP-T0266", "emu_id": "EMU_Narmada_valley", "typicality_percentile": 80.5, "is_medoid": false, "in_position_pool": false, "pool_rank": null, "selection_rationale": "pool position never used this baseline"}}, {"type": "Feature", "geometry": {"type": "Polygon", "coordinates": [[[73.8098086235963, 18.64632983405506, 0.0], [73.8098070494179, 18.646555735746322, 0.0], [73.81004403197937, 18.64655723618052, 0.0], [73.81004560584452, 18.646331334469778, 0.0], [73.8098086235963, 18.64632983405506, 0.0]]]}, "properties": {"name": "PMP-T0267", "emu_id": "EMU_Narmada_valley", "typicality_percentile": 68.9, "is_medoid": false, "in_position_pool": false, "pool_rank": null, "selection_rationale": "pool position never used this baseline"}}, {"type": "Feature", "geometry": {"type": "Polygon", "coordinates": [[[73.8098070494179, 18.646555735746322, 0.0], [73.80980547521693, 18.64678163743203, 0.0], [73.81004245809169, 18.64678313788571, 0.0], [73.81004403197937, 18.64655723618052, 0.0], [73.8098070494179, 18.646555735746322, 0.0]]]}, "properties": {"name": "PMP-T0268", "emu_id": "EMU_Narmada_valley", "typicality_percentile": 20.7, "is_medoid": false, "in_position_pool": false, "pool_rank": null, "selection_rationale": "pool position never used this baseline"}}, {"type": "Feature", "geometry": {"type": "Polygon", "coordinates": [[[73.81004088418142, 18.647009039585352, 0.0], [73.81004245809169, 18.64678313788571, 0.0], [73.80980547521693, 18.64678163743203, 0.0], [73.80980400571475, 18.64699251166064, 0.0], [73.80980715787223, 18.647007514689957, 0.0], [73.80980712014059, 18.647007559496412, 0.0], [73.81004088418142, 18.647009039585352, 0.0]]]}, "properties": {"name": "PMP-T0269", "emu_id": "EMU_Narmada_valley", "typicality_percentile": 21.3, "is_medoid": false, "in_position_pool": false, "pool_rank": null, "selection_rationale": "pool position never used this baseline"}}, {"type": "Feature", "geometry": {"type": "Polygon", "coordinates": [[[73.81010067691783, 18.63842477109728, 0.0], [73.81033764822737, 18.638426270531763, 0.0], [73.81033888957192, 18.63824796918455, 0.0], [73.81029474368039, 18.63823810018711, 0.0], [73.81018405995351, 18.63821965928142, 0.0], [73.81010216838165, 18.638210586119172, 0.0], [73.81010067691783, 18.63842477109728, 0.0]]]}, "properties": {"name": "PMP-T0282", "emu_id": "EMU_Narmada_valley", "typicality_percentile": 51.2, "is_medoid": false, "in_position_pool": false, "pool_rank": null, "selection_rationale": "pool position never used this baseline"}}, {"type": "Feature", "geometry": {"type": "Polygon", "coordinates": [[[73.81033764822737, 18.638426270531763, 0.0], [73.81010067691783, 18.63842477109728, 0.0], [73.81009951814974, 18.638591176553746, 0.0], [73.8101038076435, 18.638589313930492, 0.0], [73.8101142402718, 18.63858558028759, 0.0], [73.8101249158301, 18.63858253395309, 0.0], [73.8101357845564, 18.6385801891267, 0.0], [73.8101467957882, 18.638578556738302, 0.0], [73.810157898199, 18.638577644397188, 0.0], [73.8101690400371, 18.6385774563559, 0.0], [73.810180169367, 18.638577993490895, 0.0], [73.8101912343117, 18.63857925329859, 0.0], [73.8102021832982, 18.6385812299136, 0.0], [73.8102991111699, 18.638599311417195, 0.0], [73.81033640933236, 18.638604218019665, 0.0], [73.81033764822737, 18.638426270531763, 0.0]]]}, "properties": {"name": "PMP-T0283", "emu_id": "EMU_Narmada_valley", "typicality_percentile": 49.4, "is_medoid": false, "in_position_pool": false, "pool_rank": null, "selection_rationale": "pool position never used this baseline"}}, {"type": "Feature", "geometry": {"type": "Polygon", "coordinates": [[[73.81009438447892, 18.639328378683924, 0.0], [73.81009281131281, 18.639554280566713, 0.0], [73.81032978418791, 18.63955578009856, 0.0], [73.8103313570409, 18.639329878196296, 0.0], [73.81009438447892, 18.639328378683924, 0.0]]]}, "properties": {"name": "PMP-T0285", "emu_id": "EMU_Narmada_valley", "typicality_percentile": 57.3, "is_medoid": false, "in_position_pool": false, "pool_rank": null, "selection_rationale": "pool position never used this baseline"}}, {"type": "Feature", "geometry": {"type": "Polygon", "coordinates": [[[73.81009281131281, 18.639554280566713, 0.0], [73.81009123812417, 18.639780182443946, 0.0], [73.8103282113124, 18.63978168199527, 0.0], [73.81032978418791, 18.63955578009856, 0.0], [73.81009281131281, 18.639554280566713, 0.0]]]}, "properties": {"name": "PMP-T0286", "emu_id": "EMU_Narmada_valley", "typicality_percentile": 58.5, "is_medoid": false, "in_position_pool": false, "pool_rank": null, "selection_rationale": "pool position never used this baseline"}}, {"type": "Feature", "geometry": {"type": "Polygon", "coordinates": [[[73.81006449046724, 18.643620513507944, 0.0], [73.81006291687271, 18.643846415285296, 0.0], [73.81029989569794, 18.643847915187163, 0.0], [73.81030146897926, 18.643622013390335, 0.0], [73.81006449046724, 18.643620513507944, 0.0]]]}, "properties": {"name": "PMP-T0291", "emu_id": "EMU_Narmada_valley", "typicality_percentile": 95.7, "is_medoid": false, "in_position_pool": false, "pool_rank": null, "selection_rationale": "pool position never used this baseline"}}, {"type": "Feature", "geometry": {"type": "Polygon", "coordinates": [[[73.81006291687271, 18.643846415285296, 0.0], [73.81006134325564, 18.644072317057088, 0.0], [73.81029832239408, 18.644073816978434, 0.0], [73.81029989569794, 18.643847915187163, 0.0], [73.81006291687271, 18.643846415285296, 0.0]]]}, "properties": {"name": "PMP-T0292", "emu_id": "EMU_Narmada_valley", "typicality_percentile": 98.8, "is_medoid": false, "in_position_pool": false, "pool_rank": null, "selection_rationale": "pool position never used this baseline"}}, {"type": "Feature", "geometry": {"type": "Polygon", "coordinates": [[[73.81006134325564, 18.644072317057088, 0.0], [73.810059769616, 18.64429821882333, 0.0], [73.81029674906765, 18.64429971876415, 0.0], [73.81029832239408, 18.644073816978434, 0.0], [73.81006134325564, 18.644072317057088, 0.0]]]}, "properties": {"name": "PMP-T0293", "emu_id": "EMU_Narmada_valley", "typicality_percentile": 81.1, "is_medoid": false, "in_position_pool": false, "pool_rank": null, "selection_rationale": "pool position never used this baseline"}}, {"type": "Feature", "geometry": {"type": "Polygon", "coordinates": [[[73.810059769616, 18.64429821882333, 0.0], [73.81005819595383, 18.644524120584023, 0.0], [73.81029517571868, 18.64452562054432, 0.0], [73.81029674906765, 18.64429971876415, 0.0], [73.810059769616, 18.64429821882333, 0.0]]]}, "properties": {"name": "PMP-T0294", "emu_id": "EMU_Narmada_valley", "typicality_percentile": 84.1, "is_medoid": false, "in_position_pool": false, "pool_rank": null, "selection_rationale": "pool position never used this baseline"}}, {"type": "Feature", "geometry": {"type": "Polygon", "coordinates": [[[73.81005819595383, 18.644524120584023, 0.0], [73.81005662226909, 18.644750022339178, 0.0], [73.81029360234717, 18.64475152231894, 0.0], [73.81029517571868, 18.64452562054432, 0.0], [73.81005819595383, 18.644524120584023, 0.0]]]}, "properties": {"name": "PMP-T0295", "emu_id": "EMU_Narmada_valley", "typicality_percentile": 89.0, "is_medoid": false, "in_position_pool": false, "pool_rank": null, "selection_rationale": "pool position never used this baseline"}}, {"type": "Feature", "geometry": {"type": "Polygon", "coordinates": [[[73.81005662226909, 18.644750022339178, 0.0], [73.81005504856181, 18.64497592408877, 0.0], [73.81029202895313, 18.644977424088015, 0.0], [73.81029360234717, 18.64475152231894, 0.0], [73.81005662226909, 18.644750022339178, 0.0]]]}, "properties": {"name": "PMP-T0296", "emu_id": "EMU_Narmada_valley", "typicality_percentile": 87.2, "is_medoid": false, "in_position_pool": false, "pool_rank": null, "selection_rationale": "pool position never used this baseline"}}, {"type": "Feature", "geometry": {"type": "Polygon", "coordinates": [[[73.81005504856181, 18.64497592408877, 0.0], [73.81005347483197, 18.645201825832814, 0.0], [73.81029045553652, 18.64520332585153, 0.0], [73.81029202895313, 18.644977424088015, 0.0], [73.81005504856181, 18.64497592408877, 0.0]]]}, "properties": {"name": "PMP-T0297", "emu_id": "EMU_Narmada_valley", "typicality_percentile": 85.4, "is_medoid": false, "in_position_pool": false, "pool_rank": null, "selection_rationale": "pool position never used this baseline"}}, {"type": "Feature", "geometry": {"type": "Polygon", "coordinates": [[[73.81005347483197, 18.645201825832814, 0.0], [73.81005190107959, 18.645427727571306, 0.0], [73.81028888209735, 18.6454292276095, 0.0], [73.81029045553652, 18.64520332585153, 0.0], [73.81005347483197, 18.645201825832814, 0.0]]]}, "properties": {"name": "PMP-T0298", "emu_id": "EMU_Narmada_valley", "typicality_percentile": 87.8, "is_medoid": false, "in_position_pool": false, "pool_rank": null, "selection_rationale": "pool position never used this baseline"}}, {"type": "Feature", "geometry": {"type": "Polygon", "coordinates": [[[73.81005190107959, 18.645427727571306, 0.0], [73.81005032730464, 18.64565362930425, 0.0], [73.81028730863567, 18.645655129361916, 0.0], [73.81028888209735, 18.6454292276095, 0.0], [73.81005190107959, 18.645427727571306, 0.0]]]}, "properties": {"name": "PMP-T0299", "emu_id": "EMU_Narmada_valley", "typicality_percentile": 82.3, "is_medoid": false, "in_position_pool": false, "pool_rank": null, "selection_rationale": "pool position never used this baseline"}}, {"type": "Feature", "geometry": {"type": "Polygon", "coordinates": [[[73.81005032730464, 18.64565362930425, 0.0], [73.81004875350716, 18.645879531031643, 0.0], [73.81028573515142, 18.64588103110879, 0.0], [73.81028730863567, 18.645655129361916, 0.0], [73.81005032730464, 18.64565362930425, 0.0]]]}, "properties": {"name": "PMP-T0300", "emu_id": "EMU_Narmada_valley", "typicality_percentile": 73.8, "is_medoid": false, "in_position_pool": false, "pool_rank": null, "selection_rationale": "pool position never used this baseline"}}, {"type": "Feature", "geometry": {"type": "Polygon", "coordinates": [[[73.81004875350716, 18.645879531031643, 0.0], [73.81004717968712, 18.646105432753483, 0.0], [73.81028416164463, 18.646106932850103, 0.0], [73.81028573515142, 18.64588103110879, 0.0], [73.81004875350716, 18.645879531031643, 0.0]]]}, "properties": {"name": "PMP-T0301", "emu_id": "EMU_Narmada_valley", "typicality_percentile": 72.0, "is_medoid": false, "in_position_pool": false, "pool_rank": null, "selection_rationale": "pool position never used this baseline"}}, {"type": "Feature", "geometry": {"type": "Polygon", "coordinates": [[[73.81004717968712, 18.646105432753483, 0.0], [73.81004560584452, 18.646331334469778, 0.0], [73.8102825881153, 18.646332834585873, 0.0], [73.81028416164463, 18.646106932850103, 0.0], [73.81004717968712, 18.646105432753483, 0.0]]]}, "properties": {"name": "PMP-T0302", "emu_id": "EMU_Narmada_valley", "typicality_percentile": 76.8, "is_medoid": false, "in_position_pool": false, "pool_rank": null, "selection_rationale": "pool position never used this baseline"}}, {"type": "Feature", "geometry": {"type": "Polygon", "coordinates": [[[73.81004560584452, 18.646331334469778, 0.0], [73.81004403197937, 18.64655723618052, 0.0], [73.81028101456342, 18.646558736316088, 0.0], [73.8102825881153, 18.646332834585873, 0.0], [73.81004560584452, 18.646331334469778, 0.0]]]}, "properties": {"name": "PMP-T0303", "emu_id": "EMU_Narmada_valley", "typicality_percentile": 78.7, "is_medoid": false, "in_position_pool": false, "pool_rank": null, "selection_rationale": "pool position never used this baseline"}}, {"type": "Feature", "geometry": {"type": "Polygon", "coordinates": [[[73.81004403197937, 18.64655723618052, 0.0], [73.81004245809169, 18.64678313788571, 0.0], [73.81027944098896, 18.646784638040753, 0.0], [73.81028101456342, 18.646558736316088, 0.0], [73.81004403197937, 18.64655723618052, 0.0]]]}, "properties": {"name": "PMP-T0304", "emu_id": "EMU_Narmada_valley", "typicality_percentile": 13.4, "is_medoid": false, "in_position_pool": false, "pool_rank": null, "selection_rationale": "pool position never used this baseline"}}, {"type": "Feature", "geometry": {"type": "Polygon", "coordinates": [[[73.81033764822737, 18.638426270531763, 0.0], [73.81057461955945, 18.638427769667757, 0.0], [73.81057511668595, 18.638356350593035, 0.0], [73.81055728481299, 18.638340399597933, 0.0], [73.81053795817212, 18.638325266093904, 0.0], [73.8105176273967, 18.638311379596093, 0.0], [73.8104963808721, 18.638298800473997, 0.0], [73.81047431096513, 18.63828758341362, 0.0], [73.81045151362186, 18.6382777771797, 0.0], [73.81042808795088, 18.63826942440341, 0.0], [73.81040403781765, 18.63826253332474, 0.0], [73.81033888957192, 18.63824796918455, 0.0], [73.81033764822737, 18.638426270531763, 0.0]]]}, "properties": {"name": "PMP-T0320", "emu_id": "EMU_Narmada_valley", "typicality_percentile": 37.2, "is_medoid": false, "in_position_pool": false, "pool_rank": null, "selection_rationale": "pool position never used this baseline"}}, {"type": "Feature", "geometry": {"type": "Polygon", "coordinates": [[[73.81057461955945, 18.638427769667757, 0.0], [73.81033764822737, 18.638426270531763, 0.0], [73.81033640933236, 18.638604218019665, 0.0], [73.8103969502861, 18.638612182213297, 0.0], [73.8104143344131, 18.638614544202998, 0.0], [73.81041482546146, 18.638614642303637, 0.0], [73.81041863627262, 18.63860719539923, 0.0], [73.81042595378449, 18.63859586957789, 0.0], [73.81043440058241, 18.638585282030178, 0.0], [73.81044389531904, 18.638575534719802, 0.0], [73.81045434655486, 18.638566721518547, 0.0], [73.81046565363881, 18.638558927302213, 0.0], [73.81047770767762, 18.638552227133236, 0.0], [73.81049039258447, 18.63854668553777, 0.0], [73.810503586197, 18.63854235588432, 0.0], [73.81051716145377, 18.63853927986972, 0.0], [73.81053098761794, 18.638537487117638, 0.0], [73.81054493153627, 18.638536994893226, 0.0], [73.81057385695387, 18.638537327843878, 0.0], [73.81057461955945, 18.638427769667757, 0.0]]]}, "properties": {"name": "PMP-T0321", "emu_id": "EMU_Narmada_valley", "typicality_percentile": 34.1, "is_medoid": false, "in_position_pool": false, "pool_rank": null, "selection_rationale": "pool position never used this baseline"}}, {"type": "Feature", "geometry": {"type": "Polygon", "coordinates": [[[73.81033450267921, 18.638878074375132, 0.0], [73.81033292987132, 18.63910397628848, 0.0], [73.81056990214273, 18.639105475482886, 0.0], [73.81057111961587, 18.638930575639275, 0.0], [73.81056922235214, 18.63893018270537, 0.0], [73.81048173214222, 18.63890912800613, 0.0], [73.81046838695329, 18.638905243296794, 0.0], [73.81045550545309, 18.63890013034075, 0.0], [73.81044321169774, 18.638893838378692, 0.0], [73.81043162408294, 18.638886428005794, 0.0], [73.81042168879875, 18.638878625982475, 0.0], [73.81033450267921, 18.638878074375132, 0.0]]]}, "properties": {"name": "PMP-T0322", "emu_id": "EMU_Narmada_valley", "typicality_percentile": 38.4, "is_medoid": false, "in_position_pool": false, "pool_rank": null, "selection_rationale": "pool position never used this baseline"}}, {"type": "Feature", "geometry": {"type": "Polygon", "coordinates": [[[73.81033292987132, 18.63910397628848, 0.0], [73.8103313570409, 18.639329878196296, 0.0], [73.81056832962541, 18.639331377410173, 0.0], [73.81056990214273, 18.639105475482886, 0.0], [73.81033292987132, 18.63910397628848, 0.0]]]}, "properties": {"name": "PMP-T0323", "emu_id": "EMU_Narmada_valley", "typicality_percentile": 42.1, "is_medoid": false, "in_position_pool": false, "pool_rank": null, "selection_rationale": "pool position never used this baseline"}}, {"type": "Feature", "geometry": {"type": "Polygon", "coordinates": [[[73.8103313570409, 18.639329878196296, 0.0], [73.81032978418791, 18.63955578009856, 0.0], [73.81056675708555, 18.639557279331903, 0.0], [73.81056832962541, 18.639331377410173, 0.0], [73.8103313570409, 18.639329878196296, 0.0]]]}, "properties": {"name": "PMP-T0324", "emu_id": "EMU_Narmada_valley", "typicality_percentile": 51.8, "is_medoid": false, "in_position_pool": true, "pool_rank": 5, "selection_rationale": "best-scoring position in its spatial region \u2014 extends coverage of the EMU"}}, {"type": "Feature", "geometry": {"type": "Polygon", "coordinates": [[[73.81032978418791, 18.63955578009856, 0.0], [73.8103282113124, 18.63978168199527, 0.0], [73.81056518452316, 18.639783181248088, 0.0], [73.81056675708555, 18.639557279331903, 0.0], [73.81032978418791, 18.63955578009856, 0.0]]]}, "properties": {"name": "PMP-T0325", "emu_id": "EMU_Narmada_valley", "typicality_percentile": 53.7, "is_medoid": false, "in_position_pool": false, "pool_rank": null, "selection_rationale": "pool position never used this baseline"}}, {"type": "Feature", "geometry": {"type": "Polygon", "coordinates": [[[73.8103282113124, 18.63978168199527, 0.0], [73.81032663841432, 18.640007583886433, 0.0], [73.8105636119382, 18.64000908315872, 0.0], [73.81056518452316, 18.639783181248088, 0.0], [73.8103282113124, 18.63978168199527, 0.0]]]}, "properties": {"name": "PMP-T0326", "emu_id": "EMU_Narmada_valley", "typicality_percentile": 59.1, "is_medoid": false, "in_position_pool": false, "pool_rank": null, "selection_rationale": "pool position never used this baseline"}}, {"type": "Feature", "geometry": {"type": "Polygon", "coordinates": [[[73.81032191958487, 18.64068528952663, 0.0], [73.81055889404817, 18.640686788857323, 0.0], [73.81055986854734, 18.640546808410527, 0.0], [73.81040481666808, 18.640493323982795, 0.0], [73.81039194440825, 18.640488189651016, 0.0], [73.81037966205163, 18.640481877290934, 0.0], [73.81036808788417, 18.640474447694174, 0.0], [73.81035733337151, 18.640465972411945, 0.0], [73.81035065419972, 18.640459559516245, 0.0], [73.81032994778653, 18.640459428497692, 0.0], [73.8103274743092, 18.64046229077229, 0.0], [73.81032343475275, 18.640467688358605, 0.0], [73.81032191958487, 18.64068528952663, 0.0]]]}, "properties": {"name": "PMP-T0328", "emu_id": "EMU_Narmada_valley", "typicality_percentile": 43.3, "is_medoid": false, "in_position_pool": false, "pool_rank": null, "selection_rationale": "pool position never used this baseline"}}, {"type": "Feature", "geometry": {"type": "Polygon", "coordinates": [[[73.81055732137308, 18.64091269074576, 0.0], [73.81055889404817, 18.640686788857323, 0.0], [73.81032191958487, 18.64068528952663, 0.0], [73.81032140370682, 18.640759376779556, 0.0], [73.8103338680871, 18.6407873388226, 0.0], [73.8103598718172, 18.640857270874296, 0.0], [73.81037621186894, 18.640911544884617, 0.0], [73.81055732137308, 18.64091269074576, 0.0]]]}, "properties": {"name": "PMP-T0329", "emu_id": "EMU_Narmada_valley", "typicality_percentile": 40.2, "is_medoid": false, "in_position_pool": false, "pool_rank": null, "selection_rationale": "pool position never used this baseline"}}, {"type": "Feature", "geometry": {"type": "Polygon", "coordinates": [[[73.81029832239408, 18.644073816978434, 0.0], [73.81029674906765, 18.64429971876415, 0.0], [73.81053372854184, 18.644301218406376, 0.0], [73.81053530155505, 18.644075316601185, 0.0], [73.81029832239408, 18.644073816978434, 0.0]]]}, "properties": {"name": "PMP-T0335", "emu_id": "EMU_Narmada_valley", "typicality_percentile": 97.0, "is_medoid": false, "in_position_pool": false, "pool_rank": null, "selection_rationale": "pool position never used this baseline"}}, {"type": "Feature", "geometry": {"type": "Polygon", "coordinates": [[[73.81029674906765, 18.64429971876415, 0.0], [73.81029517571868, 18.64452562054432, 0.0], [73.8105321555061, 18.64452712020602, 0.0], [73.81053372854184, 18.644301218406376, 0.0], [73.81029674906765, 18.64429971876415, 0.0]]]}, "properties": {"name": "PMP-T0336", "emu_id": "EMU_Narmada_valley", "typicality_percentile": 97.6, "is_medoid": false, "in_position_pool": false, "pool_rank": null, "selection_rationale": "pool position never used this baseline"}}, {"type": "Feature", "geometry": {"type": "Polygon", "coordinates": [[[73.81029517571868, 18.64452562054432, 0.0], [73.81029360234717, 18.64475152231894, 0.0], [73.81053058244781, 18.644753022000113, 0.0], [73.8105321555061, 18.64452712020602, 0.0], [73.81029517571868, 18.64452562054432, 0.0]]]}, "properties": {"name": "PMP-T0337", "emu_id": "EMU_Narmada_valley", "typicality_percentile": 98.2, "is_medoid": false, "in_position_pool": false, "pool_rank": null, "selection_rationale": "pool position never used this baseline"}}, {"type": "Feature", "geometry": {"type": "Polygon", "coordinates": [[[73.81029360234717, 18.64475152231894, 0.0], [73.81029202895313, 18.644977424088015, 0.0], [73.81052900936699, 18.64497892378866, 0.0], [73.81053058244781, 18.644753022000113, 0.0], [73.81029360234717, 18.64475152231894, 0.0]]]}, "properties": {"name": "PMP-T0338", "emu_id": "EMU_Narmada_valley", "typicality_percentile": 99.4, "is_medoid": false, "in_position_pool": false, "pool_rank": null, "selection_rationale": "pool position never used this baseline"}}, {"type": "Feature", "geometry": {"type": "Polygon", "coordinates": [[[73.81056990214273, 18.639105475482886, 0.0], [73.81080687443668, 18.639106974378787, 0.0], [73.81080789156427, 18.638960826809075, 0.0], [73.81077573565153, 18.638959379232944, 0.0], [73.81076628485022, 18.638958652080973, 0.0], [73.81067663439491, 18.638948876894407, 0.0], [73.81066725544457, 18.638947550913052, 0.0], [73.81057848774421, 18.63893210161956, 0.0], [73.81057111961587, 18.638930575639275, 0.0], [73.81056990214273, 18.639105475482886, 0.0]]]}, "properties": {"name": "PMP-T0360", "emu_id": "EMU_Narmada_valley", "typicality_percentile": 29.3, "is_medoid": false, "in_position_pool": false, "pool_rank": null, "selection_rationale": "pool position never used this baseline"}}, {"type": "Feature", "geometry": {"type": "Polygon", "coordinates": [[[73.81080687443668, 18.639106974378787, 0.0], [73.81056990214273, 18.639105475482886, 0.0], [73.81056832962541, 18.639331377410173, 0.0], [73.81074669012412, 18.639332505616014, 0.0], [73.81075117596289, 18.639298808205275, 0.0], [73.81075168041939, 18.639295822629407, 0.0], [73.81076712706664, 18.639220545320757, 0.0], [73.81076777919147, 18.639217818257283, 0.0], [73.81077238562463, 18.63920097865183, 0.0], [73.81077313980417, 18.639198511286242, 0.0], [73.81077874317702, 18.639181948600772, 0.0], [73.81077964330144, 18.639179526105004, 0.0], [73.81078622548392, 18.63916329392792, 0.0], [73.81078726864102, 18.63916092413942, 0.0], [73.81079480833651, 18.639145074989404, 0.0], [73.81079599115093, 18.639142765576057, 0.0], [73.81080442651671, 18.63912741886255, 0.0], [73.81080676196834, 18.639123134485068, 0.0], [73.81080687443668, 18.639106974378787, 0.0]]]}, "properties": {"name": "PMP-T0361", "emu_id": "EMU_Narmada_valley", "typicality_percentile": 30.5, "is_medoid": false, "in_position_pool": false, "pool_rank": null, "selection_rationale": "pool position never used this baseline"}}, {"type": "Feature", "geometry": {"type": "Polygon", "coordinates": [[[73.81056832962541, 18.639331377410173, 0.0], [73.81056675708555, 18.639557279331903, 0.0], [73.81073830725012, 18.639558364475263, 0.0], [73.81073665005867, 18.63953722846256, 0.0], [73.81073651961299, 18.639534206963948, 0.0], [73.8107359032418, 18.63945750524229, 0.0], [73.81073598511374, 18.639454482193077, 0.0], [73.81074075245374, 18.639377912970332, 0.0], [73.81074104627622, 18.639374901913428, 0.0], [73.81074669012412, 18.639332505616014, 0.0], [73.81056832962541, 18.639331377410173, 0.0]]]}, "properties": {"name": "PMP-T0362", "emu_id": "EMU_Narmada_valley", "typicality_percentile": 36.0, "is_medoid": false, "in_position_pool": false, "pool_rank": null, "selection_rationale": "pool position never used this baseline"}}, {"type": "Feature", "geometry": {"type": "Polygon", "coordinates": [[[73.81056675708555, 18.639557279331903, 0.0], [73.81056518452316, 18.639783181248088, 0.0], [73.81076560352135, 18.63978444900112, 0.0], [73.81074290240241, 18.63961611236096, 0.0], [73.81074264738713, 18.63961371907338, 0.0], [73.81073830725012, 18.639558364475263, 0.0], [73.81056675708555, 18.639557279331903, 0.0]]]}, "properties": {"name": "PMP-T0363", "emu_id": "EMU_Narmada_valley", "typicality_percentile": 47.0, "is_medoid": false, "in_position_pool": false, "pool_rank": null, "selection_rationale": "pool position never used this baseline"}}, {"type": "Feature", "geometry": {"type": "Polygon", "coordinates": [[[73.81056518452316, 18.639783181248088, 0.0], [73.8105636119382, 18.64000908315872, 0.0], [73.81079993905774, 18.640010578043928, 0.0], [73.81077123598345, 18.639826148712377, 0.0], [73.81077110968175, 18.63982527904373, 0.0], [73.81076560352135, 18.63978444900112, 0.0], [73.81056518452316, 18.639783181248088, 0.0]]]}, "properties": {"name": "PMP-T0364", "emu_id": "EMU_Narmada_valley", "typicality_percentile": 28.7, "is_medoid": false, "in_position_pool": false, "pool_rank": null, "selection_rationale": "pool position never used this baseline"}}, {"type": "Feature", "geometry": {"type": "Polygon", "coordinates": [[[73.81080055784048, 18.6400145539799, 0.0], [73.81079993905774, 18.640010578043928, 0.0], [73.8105636119382, 18.64000908315872, 0.0], [73.81056284013174, 18.6401199520145, 0.0], [73.81056517103, 18.640119657609862, 0.0], [73.81057911678052, 18.640119211373992, 0.0], [73.81059304126104, 18.640120070343656, 0.0], [73.81060681037154, 18.64012222624655, 0.0], [73.81062029150823, 18.64012565832021, 0.0], [73.81063335484068, 18.640130333511976, 0.0], [73.81078888554619, 18.64019446228548, 0.0], [73.81079928020512, 18.64019812050246, 0.0], [73.81080055784048, 18.6400145539799, 0.0]]]}, "properties": {"name": "PMP-T0365", "emu_id": "EMU_Narmada_valley", "typicality_percentile": 27.4, "is_medoid": false, "in_position_pool": false, "pool_rank": null, "selection_rationale": "pool position never used this baseline"}}, {"type": "Feature", "geometry": {"type": "Polygon", "coordinates": [[[73.81055889404817, 18.640686788857323, 0.0], [73.81055732137308, 18.64091269074576, 0.0], [73.81079429617208, 18.640914189797396, 0.0], [73.81079586853402, 18.64068828788949, 0.0], [73.81055889404817, 18.640686788857323, 0.0]]]}, "properties": {"name": "PMP-T0366", "emu_id": "EMU_Narmada_valley", "typicality_percentile": 20.1, "is_medoid": false, "in_position_pool": false, "pool_rank": null, "selection_rationale": "pool position never used this baseline"}}, {"type": "Feature", "geometry": {"type": "Polygon", "coordinates": [[[73.81055732137308, 18.64091269074576, 0.0], [73.81055574867545, 18.64113859262865, 0.0], [73.8107927237876, 18.641140091699747, 0.0], [73.81079429617208, 18.640914189797396, 0.0], [73.81055732137308, 18.64091269074576, 0.0]]]}, "properties": {"name": "PMP-T0367", "emu_id": "EMU_Narmada_valley", "typicality_percentile": 15.2, "is_medoid": false, "in_position_pool": false, "pool_rank": null, "selection_rationale": "pool position never used this baseline"}}, {"type": "Feature", "geometry": {"type": "Polygon", "coordinates": [[[73.8107927237876, 18.641140091699747, 0.0], [73.81055574867545, 18.64113859262865, 0.0], [73.81055417595528, 18.64136449450599, 0.0], [73.81072094954344, 18.6413655495356, 0.0], [73.81072262108134, 18.64136406355931, 0.0], [73.81074744368253, 18.641343462195085, 0.0], [73.81074995738575, 18.641341515802047, 0.0], [73.8107761978191, 18.641322578395528, 0.0], [73.81077884508422, 18.64132080017952, 0.0], [73.81079152102012, 18.641312889142615, 0.0], [73.8107927237876, 18.641140091699747, 0.0]]]}, "properties": {"name": "PMP-T0368", "emu_id": "EMU_Narmada_valley", "typicality_percentile": 17.7, "is_medoid": false, "in_position_pool": false, "pool_rank": null, "selection_rationale": "pool position never used this baseline"}}, {"type": "Feature", "geometry": {"type": "Polygon", "coordinates": [[[73.81104227486206, 18.639334374942404, 0.0], [73.81104384675315, 18.639108472976194, 0.0], [73.81097028687783, 18.639108007820322, 0.0], [73.81096624010513, 18.639118516020993, 0.0], [73.81096511013959, 18.639121184301754, 0.0], [73.81094925594145, 18.63915543732644, 0.0], [73.81094795009247, 18.63915803162737, 0.0], [73.81092984079403, 18.63919125312069, 0.0], [73.81092976613873, 18.639191389507776, 0.0], [73.81092317043888, 18.63920338927349, 0.0], [73.81091785807338, 18.639214556379272, 0.0], [73.81091322035972, 18.63922599336074, 0.0], [73.81090927230315, 18.63923766321378, 0.0], [73.81090605676752, 18.63924941818231, 0.0], [73.81089180558871, 18.639318869795176, 0.0], [73.81088986983637, 18.63933341116603, 0.0], [73.81104227486206, 18.639334374942404, 0.0]]]}, "properties": {"name": "PMP-T0389", "emu_id": "EMU_Narmada_valley", "typicality_percentile": 29.9, "is_medoid": false, "in_position_pool": false, "pool_rank": null, "selection_rationale": "pool position never used this baseline"}}, {"type": "Feature", "geometry": {"type": "Polygon", "coordinates": [[[73.81104070294845, 18.63956027690307, 0.0], [73.81104227486206, 18.639334374942404, 0.0], [73.81088986983637, 18.63933341116603, 0.0], [73.81088247490796, 18.63938896183683, 0.0], [73.81087808363591, 18.6394594918846, 0.0], [73.81087865145082, 18.639530143977233, 0.0], [73.8108809348611, 18.639559266549373, 0.0], [73.81104070294845, 18.63956027690307, 0.0]]]}, "properties": {"name": "PMP-T0390", "emu_id": "EMU_Narmada_valley", "typicality_percentile": 46.3, "is_medoid": false, "in_position_pool": false, "pool_rank": null, "selection_rationale": "pool position never used this baseline"}}, {"type": "Feature", "geometry": {"type": "Polygon", "coordinates": [[[73.8110391310123, 18.63978617885818, 0.0], [73.81104070294845, 18.63956027690307, 0.0], [73.8108809348611, 18.639559266549373, 0.0], [73.81088420002608, 18.63960091039191, 0.0], [73.81090907374231, 18.639785356392718, 0.0], [73.8110391310123, 18.63978617885818, 0.0]]]}, "properties": {"name": "PMP-T0391", "emu_id": "EMU_Narmada_valley", "typicality_percentile": 44.5, "is_medoid": false, "in_position_pool": false, "pool_rank": null, "selection_rationale": "pool position never used this baseline"}}, {"type": "Feature", "geometry": {"type": "Polygon", "coordinates": [[[73.81079586853402, 18.64068828788949, 0.0], [73.81079429617208, 18.640914189797396, 0.0], [73.8110312709936, 18.6409156885505, 0.0], [73.8110328430424, 18.64068978662313, 0.0], [73.81079586853402, 18.64068828788949, 0.0]]]}, "properties": {"name": "PMP-T0392", "emu_id": "EMU_Narmada_valley", "typicality_percentile": 25.6, "is_medoid": false, "in_position_pool": false, "pool_rank": null, "selection_rationale": "pool position never used this baseline"}}, {"type": "Feature", "geometry": {"type": "Polygon", "coordinates": [[[73.81079429617208, 18.640914189797396, 0.0], [73.8107927237876, 18.641140091699747, 0.0], [73.81102969892227, 18.64114159047232, 0.0], [73.8110312709936, 18.6409156885505, 0.0], [73.81079429617208, 18.640914189797396, 0.0]]]}, "properties": {"name": "PMP-T0393", "emu_id": "EMU_Narmada_valley", "typicality_percentile": 18.9, "is_medoid": false, "in_position_pool": true, "pool_rank": 6, "selection_rationale": "best-scoring position in its spatial region \u2014 extends coverage of the EMU"}}, {"type": "Feature", "geometry": {"type": "Polygon", "coordinates": [[[73.81102969892227, 18.64114159047232, 0.0], [73.8107927237876, 18.641140091699747, 0.0], [73.81079152102012, 18.641312889142615, 0.0], [73.81080638084207, 18.64130361514286, 0.0], [73.81080914931003, 18.641302013405724, 0.0], [73.81083785183785, 18.64128666096967, 0.0], [73.81084072858309, 18.641285243189625, 0.0], [73.81087046387889, 18.641271795028874, 0.0], [73.81087483164652, 18.641270068509783, 0.0], [73.81096456635099, 18.64123950285296, 0.0], [73.81096762349756, 18.641238571521296, 0.0], [73.81102913935855, 18.64122199731306, 0.0], [73.81102969892227, 18.64114159047232, 0.0]]]}, "properties": {"name": "PMP-T0394", "emu_id": "EMU_Narmada_valley", "typicality_percentile": 25.0, "is_medoid": false, "in_position_pool": false, "pool_rank": null, "selection_rationale": "pool position never used this baseline"}}, {"type": "Feature", "geometry": {"type": "Polygon", "coordinates": [[[73.8112800941149, 18.63921418146071, 0.0], [73.8112746830682, 18.639197948017504, 0.0], [73.81125757922005, 18.639156270157773, 0.0], [73.8112376614309, 18.639115743953642, 0.0], [73.81123415613845, 18.639109676264056, 0.0], [73.81104384675315, 18.639108472976194, 0.0], [73.81104227486206, 18.639334374942404, 0.0], [73.81127681782228, 18.639335857899955, 0.0], [73.81127963740609, 18.639279829663742, 0.0], [73.8112800941149, 18.63921418146071, 0.0]]]}, "properties": {"name": "PMP-T0410", "emu_id": "EMU_Narmada_valley", "typicality_percentile": 31.7, "is_medoid": false, "in_position_pool": false, "pool_rank": null, "selection_rationale": "pool position never used this baseline"}}, {"type": "Feature", "geometry": {"type": "Polygon", "coordinates": [[[73.81104227486206, 18.639334374942404, 0.0], [73.81104070294845, 18.63956027690307, 0.0], [73.81125781723352, 18.63956164968946, 0.0], [73.81126613429944, 18.639471063614856, 0.0], [73.81127484785122, 18.63937500335935, 0.0], [73.81127681782228, 18.639335857899955, 0.0], [73.81104227486206, 18.639334374942404, 0.0]]]}, "properties": {"name": "PMP-T0411", "emu_id": "EMU_Narmada_valley", "typicality_percentile": 41.5, "is_medoid": false, "in_position_pool": false, "pool_rank": null, "selection_rationale": "pool position never used this baseline"}}, {"type": "Feature", "geometry": {"type": "Polygon", "coordinates": [[[73.81104070294845, 18.63956027690307, 0.0], [73.8110391310123, 18.63978617885818, 0.0], [73.81124234921174, 18.63978746380386, 0.0], [73.81124233276338, 18.63978733368958, 0.0], [73.81124147616033, 18.639777779878685, 0.0], [73.81124097766684, 18.63976839634926, 0.0], [73.81124081740485, 18.639758808921595, 0.0], [73.8112410020175, 18.639749415015054, 0.0], [73.8112415388664, 18.639739840037088, 0.0], [73.81124187771394, 18.639735256043785, 0.0], [73.81125781723352, 18.63956164968946, 0.0], [73.81104070294845, 18.63956027690307, 0.0]]]}, "properties": {"name": "PMP-T0412", "emu_id": "EMU_Narmada_valley", "typicality_percentile": 39.6, "is_medoid": false, "in_position_pool": false, "pool_rank": null, "selection_rationale": "pool position never used this baseline"}}, {"type": "Feature", "geometry": {"type": "Polygon", "coordinates": [[[73.81103755905362, 18.64001208080774, 0.0], [73.8110359870724, 18.640237982751753, 0.0], [73.81127296097704, 18.640239481147955, 0.0], [73.81127453264511, 18.64001357918448, 0.0], [73.81103755905362, 18.64001208080774, 0.0]]]}, "properties": {"name": "PMP-T0414", "emu_id": "EMU_Narmada_valley", "typicality_percentile": 23.2, "is_medoid": false, "in_position_pool": false, "pool_rank": null, "selection_rationale": "pool position never used this baseline"}}, {"type": "Feature", "geometry": {"type": "Polygon", "coordinates": [[[73.8110328430424, 18.64068978662313, 0.0], [73.8110312709936, 18.6409156885505, 0.0], [73.81123480123968, 18.640916975544144, 0.0], [73.81109703707261, 18.640690192563714, 0.0], [73.8110328430424, 18.64068978662313, 0.0]]]}, "properties": {"name": "PMP-T0415", "emu_id": "EMU_Narmada_valley", "typicality_percentile": 28.0, "is_medoid": false, "in_position_pool": false, "pool_rank": null, "selection_rationale": "pool position never used this baseline"}}, {"type": "Feature", "geometry": {"type": "Polygon", "coordinates": [[[73.8110312709936, 18.6409156885505, 0.0], [73.81102969892227, 18.64114159047232, 0.0], [73.81126667407948, 18.641143088946354, 0.0], [73.81126783196338, 18.640976671662905, 0.0], [73.81124989359343, 18.64094182005522, 0.0], [73.81123480123968, 18.640916975544144, 0.0], [73.8110312709936, 18.6409156885505, 0.0]]]}, "properties": {"name": "PMP-T0416", "emu_id": "EMU_Narmada_valley", "typicality_percentile": 26.2, "is_medoid": false, "in_position_pool": false, "pool_rank": null, "selection_rationale": "pool position never used this baseline"}}, {"type": "Feature", "geometry": {"type": "Polygon", "coordinates": [[[73.81219886863984, 18.643408099742665, 0.0], [73.81219729788667, 18.643634001700697, 0.0], [73.81243427660144, 18.6436354988959, 0.0], [73.8124358470414, 18.643409596918424, 0.0], [73.81219886863984, 18.643408099742665, 0.0]]]}, "properties": {"name": "PMP-T0539", "emu_id": "EMU_Narmada_valley", "typicality_percentile": 24.4, "is_medoid": false, "in_position_pool": false, "pool_rank": null, "selection_rationale": "pool position never used this baseline"}}, {"type": "Feature", "geometry": {"type": "Polygon", "coordinates": [[[73.81243427660144, 18.6436354988959, 0.0], [73.81219729788667, 18.643634001700697, 0.0], [73.81219585808547, 18.643841067609888, 0.0], [73.81243314735184, 18.643797935268584, 0.0], [73.81243427660144, 18.6436354988959, 0.0]]]}, "properties": {"name": "PMP-T0540", "emu_id": "EMU_Narmada_valley", "typicality_percentile": 19.5, "is_medoid": false, "in_position_pool": false, "pool_rank": null, "selection_rationale": "pool position never used this baseline"}}, {"type": "Feature", "geometry": {"type": "Polygon", "coordinates": [[[73.81243741745888, 18.643183694935402, 0.0], [73.8124358470414, 18.643409596918424, 0.0], [73.81267282546548, 18.64341109379561, 0.0], [73.81267439556974, 18.643185191793155, 0.0], [73.81243741745888, 18.643183694935402, 0.0]]]}, "properties": {"name": "PMP-T0561", "emu_id": "EMU_Narmada_valley", "typicality_percentile": 26.8, "is_medoid": false, "in_position_pool": true, "pool_rank": 8, "selection_rationale": "best-scoring position in its spatial region \u2014 extends coverage of the EMU"}}, {"type": "Feature", "geometry": {"type": "Polygon", "coordinates": [[[73.81267282546548, 18.64341109379561, 0.0], [73.8124358470414, 18.643409596918424, 0.0], [73.81243427660144, 18.6436354988959, 0.0], [73.81255156607386, 18.643636239802294, 0.0], [73.81255284162064, 18.643625489021392, 0.0], [73.81255327131706, 18.643622667705106, 0.0], [73.81255583164582, 18.643608922452927, 0.0], [73.8125564471445, 18.64360613258708, 0.0], [73.81255991175983, 18.643592568623912, 0.0], [73.81256071061047, 18.643589821314738, 0.0], [73.81256506571813, 18.643576492644947, 0.0], [73.81256606045419, 18.643573759691527, 0.0], [73.8125680162798, 18.643568895013846, 0.0], [73.81256921078807, 18.64356619026051, 0.0], [73.81257149378163, 18.64356145687957, 0.0], [73.81257286996842, 18.64355883175401, 0.0], [73.81257547049812, 18.643554249639333, 0.0], [73.812577022558, 18.643551715215384, 0.0], [73.81257992965246, 18.64354730369854, 0.0], [73.81258165103667, 18.64354487066981, 0.0], [73.81258485243102, 18.64354064836238, 0.0], [73.81258673587912, 18.64353832699106, 0.0], [73.81259021806733, 18.643534311706535, 0.0], [73.8125922556307, 18.643532111789384, 0.0], [73.81259600392151, 18.643528320467766, 0.0], [73.81259818700556, 18.643526251283987, 0.0], [73.81260218558538, 18.643522699920457, 0.0], [73.81260450497957, 18.64352077020018, 0.0], [73.81260873697899, 18.643517473777422, 0.0], [73.81261118289798, 18.643515691661943, 0.0], [73.81261563046243, 18.64351266408736, 0.0], [73.81261819258647, 18.643511037095642, 0.0], [73.81262283695233, 18.64350829114201, 0.0], [73.81262550447394, 18.643506826137028, 0.0], [73.8126303260471, 18.64350437338944, 0.0], [73.8126305540417, 18.64350425816699, 0.0], [73.8126723236869, 18.643483287543805, 0.0], [73.81267282546548, 18.64341109379561, 0.0]]]}, "properties": {"name": "PMP-T0562", "emu_id": "EMU_Narmada_valley", "typicality_percentile": 22.0, "is_medoid": false, "in_position_pool": false, "pool_rank": null, "selection_rationale": "pool position never used this baseline"}}, {"type": "Feature", "geometry": {"type": "Polygon", "coordinates": [[[73.81291100590758, 18.64323961654928, 0.0], [73.81288882848258, 18.643186545988097, 0.0], [73.81267439556974, 18.643185191793155, 0.0], [73.81267282546548, 18.64341109379561, 0.0], [73.8127898920248, 18.643411833137765, 0.0], [73.81280204522501, 18.643404050883426, 0.0], [73.8128043243457, 18.643402679458262, 0.0], [73.81284067816314, 18.64338215828224, 0.0], [73.81284314992595, 18.643380856217387, 0.0], [73.81286784955212, 18.643368746266557, 0.0], [73.81287051627308, 18.643367537406395, 0.0], [73.8128959590382, 18.643356917142842, 0.0], [73.8128986995517, 18.643355868926985, 0.0], [73.8129102259787, 18.643351852859062, 0.0], [73.81291100590758, 18.64323961654928, 0.0]]]}, "properties": {"name": "PMP-T0591", "emu_id": "EMU_Narmada_valley", "typicality_percentile": 23.8, "is_medoid": false, "in_position_pool": false, "pool_rank": null, "selection_rationale": "pool position never used this baseline"}}, {"type": "Feature", "geometry": {"type": "Polygon", "coordinates": [[[73.8126665448234, 18.644314701749945, 0.0], [73.81290352452281, 18.644316198406287, 0.0], [73.81290432117038, 18.64420156319764, 0.0], [73.81288901491993, 18.644185128163013, 0.0], [73.81288057976943, 18.64417722866499, 0.0], [73.81287158668744, 18.644169867578913, 0.0], [73.81286209659943, 18.644163097196937, 0.0], [73.81285215212493, 18.644156947924383, 0.0], [73.81284179792438, 18.6441514473775, 0.0], [73.81283108049819, 18.644146620259047, 0.0], [73.81282004797816, 18.644142488247493, 0.0], [73.81281853664994, 18.644142030979452, 0.0], [73.81281279958327, 18.644146092830066, 0.0], [73.81280482374946, 18.64415065702189, 0.0], [73.8127964170146, 18.6441544540104, 0.0], [73.81266730362739, 18.644205533927984, 0.0], [73.8126665448234, 18.644314701749945, 0.0]]]}, "properties": {"name": "PMP-T0593", "emu_id": "EMU_Narmada_valley", "typicality_percentile": 22.6, "is_medoid": false, "in_position_pool": false, "pool_rank": null, "selection_rationale": "pool position never used this baseline"}}, {"type": "Feature", "geometry": {"type": "Polygon", "coordinates": [[[73.81290352452281, 18.644316198406287, 0.0], [73.81290195461926, 18.64454210040042, 0.0], [73.81313013598141, 18.644543541224955, 0.0], [73.81298820760358, 18.644316733153783, 0.0], [73.81290352452281, 18.644316198406287, 0.0]]]}, "properties": {"name": "PMP-T0626", "emu_id": "EMU_Narmada_valley", "typicality_percentile": 53.0, "is_medoid": false, "in_position_pool": false, "pool_rank": null, "selection_rationale": "pool position never used this baseline"}}, {"type": "Feature", "geometry": {"type": "Polygon", "coordinates": [[[73.81290195461926, 18.64454210040042, 0.0], [73.81290038469321, 18.644768002389014, 0.0], [73.81313736504156, 18.64476949878562, 0.0], [73.81313883841331, 18.64455744808918, 0.0], [73.81313013598141, 18.644543541224955, 0.0], [73.81290195461926, 18.64454210040042, 0.0]]]}, "properties": {"name": "PMP-T0627", "emu_id": "EMU_Narmada_valley", "typicality_percentile": 59.8, "is_medoid": false, "in_position_pool": false, "pool_rank": null, "selection_rationale": "pool position never used this baseline"}}, {"type": "Feature", "geometry": {"type": "Polygon", "coordinates": [[[73.81290038469321, 18.644768002389014, 0.0], [73.81289881474466, 18.64499390437206, 0.0], [73.81313579540624, 18.644995400788094, 0.0], [73.81313736504156, 18.64476949878562, 0.0], [73.81290038469321, 18.644768002389014, 0.0]]]}, "properties": {"name": "PMP-T0628", "emu_id": "EMU_Narmada_valley", "typicality_percentile": 60.4, "is_medoid": false, "in_position_pool": false, "pool_rank": null, "selection_rationale": "pool position never used this baseline"}}, {"type": "Feature", "geometry": {"type": "Polygon", "coordinates": [[[73.81313736504156, 18.64476949878562, 0.0], [73.81313579540624, 18.644995400788094, 0.0], [73.8133727760903, 18.644996896905532, 0.0], [73.81337318926468, 18.644937421267663, 0.0], [73.81331508570099, 18.644839098364844, 0.0], [73.81327206472432, 18.64477034920463, 0.0], [73.81313736504156, 18.64476949878562, 0.0]]]}, "properties": {"name": "PMP-T0661", "emu_id": "EMU_Narmada_valley", "typicality_percentile": 62.8, "is_medoid": false, "in_position_pool": false, "pool_rank": null, "selection_rationale": "pool position never used this baseline"}}, {"type": "Feature", "geometry": {"type": "Polygon", "coordinates": [[[73.81313579540624, 18.644995400788094, 0.0], [73.81313422574843, 18.645221302785018, 0.0], [73.81337120674573, 18.645222798921882, 0.0], [73.8133727760903, 18.644996896905532, 0.0], [73.81313579540624, 18.644995400788094, 0.0]]]}, "properties": {"name": "PMP-T0662", "emu_id": "EMU_Narmada_valley", "typicality_percentile": 63.4, "is_medoid": false, "in_position_pool": false, "pool_rank": null, "selection_rationale": "pool position never used this baseline"}}, {"type": "Feature", "geometry": {"type": "Polygon", "coordinates": [[[73.81313422574843, 18.645221302785018, 0.0], [73.81313265606812, 18.64544720477639, 0.0], [73.81336963737867, 18.645448700932675, 0.0], [73.81337120674573, 18.645222798921882, 0.0], [73.81313422574843, 18.645221302785018, 0.0]]]}, "properties": {"name": "PMP-T0663", "emu_id": "EMU_Narmada_valley", "typicality_percentile": 18.3, "is_medoid": false, "in_position_pool": false, "pool_rank": null, "selection_rationale": "pool position never used this baseline"}}, {"type": "Feature", "geometry": {"type": "Polygon", "coordinates": [[[73.81313265606812, 18.64544720477639, 0.0], [73.81313108636533, 18.645673106762207, 0.0], [73.81336806798912, 18.64567460293792, 0.0], [73.81336963737867, 18.645448700932675, 0.0], [73.81313265606812, 18.64544720477639, 0.0]]]}, "properties": {"name": "PMP-T0664", "emu_id": "EMU_Narmada_valley", "typicality_percentile": 11.0, "is_medoid": false, "in_position_pool": false, "pool_rank": null, "selection_rationale": "pool position never used this baseline"}}, {"type": "Feature", "geometry": {"type": "Polygon", "coordinates": [[[73.81337120674573, 18.645222798921882, 0.0], [73.81336963737867, 18.645448700932675, 0.0], [73.8136066187117, 18.64545019679035, 0.0], [73.81360773172291, 18.645289953103475, 0.0], [73.813563968702, 18.645224015669452, 0.0], [73.81337120674573, 18.645222798921882, 0.0]]]}, "properties": {"name": "PMP-T0699", "emu_id": "EMU_Narmada_valley", "typicality_percentile": 67.1, "is_medoid": false, "in_position_pool": true, "pool_rank": 3, "selection_rationale": "best-scoring position in its spatial region \u2014 extends coverage of the EMU"}}, {"type": "Feature", "geometry": {"type": "Polygon", "coordinates": [[[73.81336963737867, 18.645448700932675, 0.0], [73.81336806798912, 18.64567460293792, 0.0], [73.81360504963538, 18.645676098815013, 0.0], [73.8136066187117, 18.64545019679035, 0.0], [73.81336963737867, 18.645448700932675, 0.0]]]}, "properties": {"name": "PMP-T0700", "emu_id": "EMU_Narmada_valley", "typicality_percentile": 67.7, "is_medoid": false, "in_position_pool": false, "pool_rank": null, "selection_rationale": "pool position never used this baseline"}}, {"type": "Feature", "geometry": {"type": "Polygon", "coordinates": [[[73.8138404625186, 18.645903496432037, 0.0], [73.81407744452308, 18.645904991731317, 0.0], [73.81407822887074, 18.645792025047356, 0.0], [73.81404089536827, 18.645787796910547, 0.0], [73.81398060165505, 18.645785008499, 0.0], [73.81392025071818, 18.645786233982378, 0.0], [73.81386013626768, 18.645791467396528, 0.0], [73.81384122019386, 18.645794393084508, 0.0], [73.8138404625186, 18.645903496432037, 0.0]]]}, "properties": {"name": "PMP-T0754", "emu_id": "EMU_Narmada_valley", "typicality_percentile": 68.3, "is_medoid": false, "in_position_pool": false, "pool_rank": null, "selection_rationale": "pool position never used this baseline"}}, {"type": "Feature", "geometry": {"type": "Polygon", "coordinates": [[[73.8138404625186, 18.645903496432037, 0.0], [73.81383889371057, 18.64612939846502, 0.0], [73.8140758760283, 18.64613089378372, 0.0], [73.81407744452308, 18.645904991731317, 0.0], [73.8138404625186, 18.645903496432037, 0.0]]]}, "properties": {"name": "PMP-T0755", "emu_id": "EMU_Narmada_valley", "typicality_percentile": 57.9, "is_medoid": false, "in_position_pool": false, "pool_rank": null, "selection_rationale": "pool position never used this baseline"}}, {"type": "Feature", "geometry": {"type": "Polygon", "coordinates": [[[73.81383889371057, 18.64612939846502, 0.0], [73.81383732488005, 18.64635530049246, 0.0], [73.81407430751105, 18.646356795830567, 0.0], [73.8140758760283, 18.64613089378372, 0.0], [73.81383889371057, 18.64612939846502, 0.0]]]}, "properties": {"name": "PMP-T0756", "emu_id": "EMU_Narmada_valley", "typicality_percentile": 65.2, "is_medoid": false, "in_position_pool": false, "pool_rank": null, "selection_rationale": "pool position never used this baseline"}}, {"type": "Feature", "geometry": {"type": "Polygon", "coordinates": [[[73.81407430751105, 18.646356795830567, 0.0], [73.81383732488005, 18.64635530049246, 0.0], [73.81383575602707, 18.64658120251434, 0.0], [73.81388167125121, 18.646581492261806, 0.0], [73.81393087663517, 18.64653362926053, 0.0], [73.81397693439246, 18.646482237795656, 0.0], [73.81404813901275, 18.646393646693934, 0.0], [73.81407429262659, 18.646358939516805, 0.0], [73.81407430751105, 18.646356795830567, 0.0]]]}, "properties": {"name": "PMP-T0757", "emu_id": "EMU_Narmada_valley", "typicality_percentile": 56.7, "is_medoid": false, "in_position_pool": false, "pool_rank": null, "selection_rationale": "pool position never used this baseline"}}, {"type": "Feature", "geometry": {"type": "Polygon", "coordinates": [[[73.81406803321728, 18.647260403962463, 0.0], [73.81387722806645, 18.64725919996719, 0.0], [73.81385276045374, 18.647273149772168, 0.0], [73.81385005845586, 18.647274578408947, 0.0], [73.8138337917976, 18.647282529627823, 0.0], [73.81383087620146, 18.647283836835676, 0.0], [73.81382948039032, 18.64748481054638, 0.0], [73.81392628534401, 18.647485421448245, 0.0], [73.81406708592662, 18.647396825893217, 0.0], [73.81406803321728, 18.647260403962463, 0.0]]]}, "properties": {"name": "PMP-T0758", "emu_id": "EMU_Narmada_valley", "typicality_percentile": 62.2, "is_medoid": false, "in_position_pool": false, "pool_rank": null, "selection_rationale": "pool position never used this baseline"}}, {"type": "Feature", "geometry": {"type": "Polygon", "coordinates": [[[73.81408058144521, 18.645453187609874, 0.0], [73.81431756284567, 18.64545468257172, 0.0], [73.81431913095979, 18.64522878048326, 0.0], [73.81425580096641, 18.645228381009343, 0.0], [73.81422430227649, 18.645249418710865, 0.0], [73.81422295445043, 18.64525022793897, 0.0], [73.81422166422217, 18.645251118400164, 0.0], [73.81421902083784, 18.64525258966043, 0.0], [73.81421643078018, 18.645254144718116, 0.0], [73.81421500623595, 18.645254824115682, 0.0], [73.81421363065941, 18.64525558973682, 0.0], [73.81421084872234, 18.645256806928444, 0.0], [73.81420811123877, 18.64525811249654, 0.0], [73.8142066236955, 18.645258655520593, 0.0], [73.81420517601826, 18.64525928892831, 0.0], [73.81419440350588, 18.645263404975854, 0.0], [73.81418828983372, 18.645265512005793, 0.0], [73.81417724670622, 18.64526891455019, 0.0], [73.81417099591218, 18.645270617187794, 0.0], [73.81415973410738, 18.645273290226136, 0.0], [73.81415337559264, 18.64527458046288, 0.0], [73.81414194807716, 18.645276511423457, 0.0], [73.81413551174509, 18.645277383191573, 0.0], [73.81412397226462, 18.64527856299265, 0.0], [73.81411748838741, 18.64527901219188, 0.0], [73.81410589121435, 18.64527943528465, 0.0], [73.8140993902867, 18.645279459802346, 0.0], [73.8140877899648, 18.645279124196936, 0.0], [73.81408179253043, 18.64527875414932, 0.0], [73.81408058144521, 18.645453187609874, 0.0]]]}, "properties": {"name": "PMP-T0785", "emu_id": "EMU_Narmada_valley", "typicality_percentile": 15.9, "is_medoid": false, "in_position_pool": false, "pool_rank": null, "selection_rationale": "pool position never used this baseline"}}, {"type": "Feature", "geometry": {"type": "Polygon", "coordinates": [[[73.81431599470909, 18.645680584654627, 0.0], [73.81431756284567, 18.64545468257172, 0.0], [73.81408058144521, 18.645453187609874, 0.0], [73.81407924045267, 18.64564632945835, 0.0], [73.81412924264094, 18.64565247959539, 0.0], [73.81413219314634, 18.645652933061037, 0.0], [73.81419221389619, 18.645664018777772, 0.0], [73.814192656636, 18.64566410263796, 0.0], [73.81427626569301, 18.645680334047967, 0.0], [73.81431599470909, 18.645680584654627, 0.0]]]}, "properties": {"name": "PMP-T0786", "emu_id": "EMU_Narmada_valley", "typicality_percentile": 17.1, "is_medoid": false, "in_position_pool": false, "pool_rank": null, "selection_rationale": "pool position never used this baseline"}}, {"type": "Feature", "geometry": {"type": "Polygon", "coordinates": [[[73.81407744452308, 18.645904991731317, 0.0], [73.8140758760283, 18.64613089378372, 0.0], [73.81431285836852, 18.646132388803792, 0.0], [73.81431442655004, 18.645906486731985, 0.0], [73.81407744452308, 18.645904991731317, 0.0]]]}, "properties": {"name": "PMP-T0787", "emu_id": "EMU_Narmada_valley", "typicality_percentile": 54.9, "is_medoid": false, "in_position_pool": false, "pool_rank": null, "selection_rationale": "pool position never used this baseline"}}, {"type": "Feature", "geometry": {"type": "Polygon", "coordinates": [[[73.81431285836852, 18.646132388803792, 0.0], [73.8140758760283, 18.64613089378372, 0.0], [73.81407430751105, 18.646356795830567, 0.0], [73.81407590042886, 18.646356805880718, 0.0], [73.81409059266862, 18.64633730852163, 0.0], [73.81409121746243, 18.646336498560743, 0.0], [73.81409682729767, 18.64632939318058, 0.0], [73.81409885314399, 18.64632700118482, 0.0], [73.81410495687682, 18.646320275898283, 0.0], [73.81410714867305, 18.646318020761548, 0.0], [73.81411371804481, 18.646311706704502, 0.0], [73.81411606564491, 18.646309598865955, 0.0], [73.81412307024145, 18.646303725270784, 0.0], [73.81412556277529, 18.64630177449041, 0.0], [73.8141329701674, 18.646296368549795, 0.0], [73.81413559609645, 18.646294583858133, 0.0], [73.81414337199024, 18.646289670599945, 0.0], [73.81414611915731, 18.64628806025963, 0.0], [73.81415422755283, 18.646283662430847, 0.0], [73.81415708323881, 18.646282233897633, 0.0], [73.81416548659656, 18.64627837185886, 0.0], [73.81416843758007, 18.64627713174655, 0.0], [73.81417709699515, 18.646273823377637, 0.0], [73.8141801296154, 18.646272777427, 0.0], [73.81418900499743, 18.646270038044875, 0.0], [73.81419210521253, 18.64626919109894, 0.0], [73.81420115547127, 18.646267033385868, 0.0], [73.81420430893046, 18.646266389365138, 0.0], [73.81421349216599, 18.64626482331091, 0.0], [73.81421668426766, 18.64626438519748, 0.0], [73.81422595796442, 18.64626341805229, 0.0], [73.81422876405495, 18.646263205563827, 0.0], [73.81428751260765, 18.646260427131974, 0.0], [73.81428991665258, 18.646260371658183, 0.0], [73.81431196974843, 18.64626039621645, 0.0], [73.81431285836852, 18.646132388803792, 0.0]]]}, "properties": {"name": "PMP-T0788", "emu_id": "EMU_Narmada_valley", "typicality_percentile": 66.5, "is_medoid": false, "in_position_pool": false, "pool_rank": null, "selection_rationale": "pool position never used this baseline"}}, {"type": "Feature", "geometry": {"type": "Polygon", "coordinates": [[[73.81407273897133, 18.64658269787187, 0.0], [73.81430972193806, 18.64658419293076, 0.0], [73.81431115432702, 18.646377858309158, 0.0], [73.81429169689096, 18.646377836643435, 0.0], [73.8142369970142, 18.646380423604494, 0.0], [73.8142326504526, 18.64638087690306, 0.0], [73.81422854844237, 18.6463815764352, 0.0], [73.81422450583108, 18.646382540252134, 0.0], [73.8142205413348, 18.646383763891738, 0.0], [73.81421667330724, 18.646385241689135, 0.0], [73.81421291965687, 18.646386966802293, 0.0], [73.81420929776243, 18.64638893124424, 0.0], [73.81420582439124, 18.646391125920793, 0.0], [73.81420251562386, 18.64639354067121, 0.0], [73.81419938677958, 18.646396164315558, 0.0], [73.8141964523441, 18.646398984706956, 0.0], [73.81419372590267, 18.646401988788277, 0.0], [73.8141905669869, 18.64640598985253, 0.0], [73.81414760369564, 18.64646300436523, 0.0], [73.81414673240175, 18.64646412376278, 0.0], [73.81407365593175, 18.646555043845204, 0.0], [73.814072925009, 18.646555904784453, 0.0], [73.81407273897133, 18.64658269787187, 0.0]]]}, "properties": {"name": "PMP-T0789", "emu_id": "EMU_Narmada_valley", "typicality_percentile": 65.9, "is_medoid": false, "in_position_pool": false, "pool_rank": null, "selection_rationale": "pool position never used this baseline"}}, {"type": "Feature", "geometry": {"type": "Polygon", "coordinates": [[[73.81430658541771, 18.64703599703553, 0.0], [73.81419058174573, 18.64703526522125, 0.0], [73.8141903273405, 18.647036019160993, 0.0], [73.81419014475804, 18.647036420284692, 0.0], [73.81418999588168, 18.647036833869013, 0.0], [73.81418921939125, 18.647038453264916, 0.0], [73.81418847590078, 18.64704008667274, 0.0], [73.81418825295181, 18.647040468805542, 0.0], [73.81418806226537, 18.647040866488265, 0.0], [73.81418712299896, 18.647042405535903, 0.0], [73.81418621513286, 18.64704396161127, 0.0], [73.8141859539645, 18.647044321073025, 0.0], [73.81418572330439, 18.647044699024246, 0.0], [73.81418463030766, 18.647046142901722, 0.0], [73.81418356680913, 18.647047606658806, 0.0], [73.81418326993658, 18.647047939987704, 0.0], [73.81418300152419, 18.647048294567533, 0.0], [73.8141817653233, 18.647049629369516, 0.0], [73.81418055643442, 18.64705098671152, 0.0], [73.81418022671672, 18.647051290697426, 0.0], [73.81417992313699, 18.647051618491062, 0.0], [73.8141785556372, 18.647052831362675, 0.0], [73.81417721300025, 18.647054069217635, 0.0], [73.81415582572671, 18.64707193684937, 0.0], [73.81415546633818, 18.647072208565426, 0.0], [73.81415513051375, 18.647072506416805, 0.0], [73.8141536448855, 18.64707358567644, 0.0], [73.8141521814315, 18.6470746921222, 0.0], [73.81415179583418, 18.64707492895085, 0.0], [73.81415143100016, 18.64707519399064, 0.0], [73.81414984155035, 18.647076129245466, 0.0], [73.81414827137249, 18.647077093627377, 0.0], [73.81414786327991, 18.64707729328782, 0.0], [73.81414747294987, 18.64707752296355, 0.0], [73.8141457949857, 18.647078305206577, 0.0], [73.81414413320577, 18.64707911823707, 0.0], [73.81414370654811, 18.647079278806448, 0.0], [73.8141432944811, 18.647079470906224, 0.0], [73.81414154416225, 18.64708009260403, 0.0], [73.8141398067841, 18.647080746453163, 0.0], [73.81413936567033, 18.64708086638512, 0.0], [73.81413893583476, 18.64708101905892, 0.0], [73.8141371300179, 18.647081474224173, 0.0], [73.81413533377336, 18.64708196259505, 0.0], [73.8141348824516, 18.647082040734574, 0.0], [73.8141344389871, 18.647082152512045, 0.0], [73.81413259506323, 18.647082436761263, 0.0], [73.8141307572511, 18.6470827549506, 0.0], [73.81413030006784, 18.64708279054518, 0.0], [73.8141298472452, 18.647082860349837, 0.0], [73.81412798297232, 18.647082970945547, 0.0], [73.8141261212918, 18.647083115889007, 0.0], [73.81412566264999, 18.64708310859582, 0.0], [73.81412520483009, 18.647083135755427, 0.0], [73.81412333816213, 18.647083071632547, 0.0], [73.81412147054228, 18.647083041934213, 0.0], [73.81412101485887, 18.64708299182352, 0.0], [73.8141205564508, 18.647082976076497, 0.0], [73.81411870536483, 18.64708273785256, 0.0], [73.81411684979184, 18.647082533798475, 0.0], [73.81411640145534, 18.647082441352858, 0.0], [73.81411594687383, 18.647082382850858, 0.0], [73.81411412919682, 18.647081972820096, 0.0], [73.81411230354088, 18.6470815963754, 0.0], [73.814111866869, 18.647081462485165, 0.0], [73.81411142049194, 18.647081361791606, 0.0], [73.81410965372912, 18.647080783902823, 0.0], [73.8141078755723, 18.6470802386929, 0.0], [73.81410745477046, 18.647080064647493, 0.0], [73.81410702089664, 18.647079922732104, 0.0], [73.8141053220629, 18.64707918255068, 0.0], [73.8141036085299, 18.647078473826216, 0.0], [73.8141032076506, 18.64707826130177, 0.0], [73.81410279045855, 18.647078079531287, 0.0], [73.81410117591464, 18.647077184185616, 0.0], [73.81409954350765, 18.64707631877198, 0.0], [73.81409916641162, 18.647076069815235, 0.0], [73.81409876991908, 18.647075849940205, 0.0], [73.81409725521395, 18.64707480805295, 0.0], [73.81409571965395, 18.647073794284577, 0.0], [73.8140953699728, 18.647073511293122, 0.0], [73.81409499799824, 18.647073255431046, 0.0], [73.81409359771934, 18.64707207703617, 0.0], [73.8140921737946, 18.647070924676207, 0.0], [73.81409185489598, 18.6470706103754, 0.0], [73.81409151102169, 18.64707032099039, 0.0], [73.81409023865443, 18.647069017436454, 0.0], [73.81408894007818, 18.647067737582777, 0.0], [73.81408865503326, 18.64706739499951, 0.0], [73.81408834257095, 18.647067074878503, 0.0], [73.81406952344828, 18.647045789311225, 0.0], [73.81406803321728, 18.647260403962463, 0.0], [73.81427666238899, 18.647261720207016, 0.0], [73.81430514683747, 18.64724321483603, 0.0], [73.81430658541771, 18.64703599703553, 0.0]]]}, "properties": {"name": "PMP-T0792", "emu_id": "EMU_Narmada_valley", "typicality_percentile": 12.2, "is_medoid": false, "in_position_pool": false, "pool_rank": null, "selection_rationale": "pool position never used this baseline"}}, {"type": "Feature", "geometry": {"type": "Polygon", "coordinates": [[[73.81431913095979, 18.64522878048326, 0.0], [73.8145561120695, 18.64523027512709, 0.0], [73.81455752377067, 18.64502686241924, 0.0], [73.81431942872216, 18.645185884550674, 0.0], [73.81431913095979, 18.64522878048326, 0.0]]]}, "properties": {"name": "PMP-T0817", "emu_id": "EMU_Narmada_valley", "typicality_percentile": 14.6, "is_medoid": false, "in_position_pool": false, "pool_rank": null, "selection_rationale": "pool position never used this baseline"}}, {"type": "Feature", "geometry": {"type": "Polygon", "coordinates": [[[73.81431913095979, 18.64522878048326, 0.0], [73.81431756284567, 18.64545468257172, 0.0], [73.81455454426862, 18.645456177234955, 0.0], [73.8145561120695, 18.64523027512709, 0.0], [73.81431913095979, 18.64522878048326, 0.0]]]}, "properties": {"name": "PMP-T0818", "emu_id": "EMU_Narmada_valley", "typicality_percentile": 16.5, "is_medoid": false, "in_position_pool": false, "pool_rank": null, "selection_rationale": "pool position never used this baseline"}}, {"type": "Feature", "geometry": {"type": "Polygon", "coordinates": [[[73.81455454426862, 18.645456177234955, 0.0], [73.81431756284567, 18.64545468257172, 0.0], [73.81431599470909, 18.645680584654627, 0.0], [73.81450494324064, 18.645681776408114, 0.0], [73.81450604314836, 18.64568121806598, 0.0], [73.81455317022994, 18.645654157768284, 0.0], [73.81455454426862, 18.645456177234955, 0.0]]]}, "properties": {"name": "PMP-T0819", "emu_id": "EMU_Narmada_valley", "typicality_percentile": 55.5, "is_medoid": false, "in_position_pool": false, "pool_rank": null, "selection_rationale": "pool position never used this baseline"}}, {"type": "Feature", "geometry": {"type": "Polygon", "coordinates": [[[73.81431442655004, 18.645906486731985, 0.0], [73.81431285836852, 18.646132388803792, 0.0], [73.8145498407312, 18.646133883525245, 0.0], [73.81455140859948, 18.645907981434032, 0.0], [73.81431442655004, 18.645906486731985, 0.0]]]}, "properties": {"name": "PMP-T0820", "emu_id": "EMU_Narmada_valley", "typicality_percentile": 75.6, "is_medoid": false, "in_position_pool": false, "pool_rank": null, "selection_rationale": "pool position never used this baseline"}}, {"type": "Feature", "geometry": {"type": "Polygon", "coordinates": [[[73.8145498407312, 18.646133883525245, 0.0], [73.81431285836852, 18.646132388803792, 0.0], [73.81431196974843, 18.64626039621645, 0.0], [73.81434873742573, 18.64626043715509, 0.0], [73.8143511413284, 18.646260497982553, 0.0], [73.81440969987294, 18.646263398174717, 0.0], [73.81445166066752, 18.646265166260715, 0.0], [73.81449226623401, 18.646264313252825, 0.0], [73.81453272363068, 18.646260901247732, 0.0], [73.81454897589859, 18.646258489221687, 0.0], [73.8145498407312, 18.646133883525245, 0.0]]]}, "properties": {"name": "PMP-T0821", "emu_id": "EMU_Narmada_valley", "typicality_percentile": 69.5, "is_medoid": false, "in_position_pool": false, "pool_rank": null, "selection_rationale": "pool position never used this baseline"}}, {"type": "Feature", "geometry": {"type": "Polygon", "coordinates": [[[73.81430972193806, 18.64658419293076, 0.0], [73.81454670492727, 18.64658568769103, 0.0], [73.8145481502393, 18.646377449879093, 0.0], [73.81454608375074, 18.646377690096553, 0.0], [73.8145006240727, 18.646381523969183, 0.0], [73.81449749129473, 18.6463816887956, 0.0], [73.81445186512654, 18.64638264726849, 0.0], [73.81444872777274, 18.64638261415928, 0.0], [73.81440313504898, 18.646380693032604, 0.0], [73.81440276890805, 18.646380676252075, 0.0], [73.81434666933177, 18.646377897849685, 0.0], [73.81431115432702, 18.646377858309158, 0.0], [73.81430972193806, 18.64658419293076, 0.0]]]}, "properties": {"name": "PMP-T0822", "emu_id": "EMU_Narmada_valley", "typicality_percentile": 74.4, "is_medoid": false, "in_position_pool": false, "pool_rank": null, "selection_rationale": "pool position never used this baseline"}}, {"type": "Feature", "geometry": {"type": "Polygon", "coordinates": [[[73.81430972193806, 18.64658419293076, 0.0], [73.81430815368913, 18.646810094985923, 0.0], [73.81454513699158, 18.646811589765594, 0.0], [73.81454670492727, 18.64658568769103, 0.0], [73.81430972193806, 18.64658419293076, 0.0]]]}, "properties": {"name": "PMP-T0823", "emu_id": "EMU_Narmada_valley", "typicality_percentile": 32.9, "is_medoid": false, "in_position_pool": false, "pool_rank": null, "selection_rationale": "pool position never used this baseline"}}, {"type": "Feature", "geometry": {"type": "Polygon", "coordinates": [[[73.81430815368913, 18.646810094985923, 0.0], [73.81430658541771, 18.64703599703553, 0.0], [73.81454356903345, 18.64703749183461, 0.0], [73.81454513699158, 18.646811589765594, 0.0], [73.81430815368913, 18.646810094985923, 0.0]]]}, "properties": {"name": "PMP-T0824", "emu_id": "EMU_Narmada_valley", "typicality_percentile": 9.8, "is_medoid": false, "in_position_pool": false, "pool_rank": null, "selection_rationale": "pool position never used this baseline"}}, {"type": "Feature", "geometry": {"type": "Polygon", "coordinates": [[[73.81454356903345, 18.64703749183461, 0.0], [73.81430658541771, 18.64703599703553, 0.0], [73.81430514683747, 18.64724321483603, 0.0], [73.81434500752357, 18.647217318698473, 0.0], [73.81446010127901, 18.64713418610124, 0.0], [73.81454328350354, 18.647078628933667, 0.0], [73.81454356903345, 18.64703749183461, 0.0]]]}, "properties": {"name": "PMP-T0825", "emu_id": "EMU_Narmada_valley", "typicality_percentile": 11.6, "is_medoid": false, "in_position_pool": false, "pool_rank": null, "selection_rationale": "pool position never used this baseline"}}, {"type": "Feature", "geometry": {"type": "Polygon", "coordinates": [[[73.8145561120695, 18.64523027512709, 0.0], [73.81479309320166, 18.645231769472318, 0.0], [73.81479375185145, 18.64513684565704, 0.0], [73.8146989303572, 18.64500526373052, 0.0], [73.81459088234395, 18.645004582396076, 0.0], [73.81455752377067, 18.64502686241924, 0.0], [73.8145561120695, 18.64523027512709, 0.0]]]}, "properties": {"name": "PMP-T0851", "emu_id": "EMU_Narmada_valley", "typicality_percentile": 14.0, "is_medoid": false, "in_position_pool": false, "pool_rank": null, "selection_rationale": "pool position never used this baseline"}}, {"type": "Feature", "geometry": {"type": "Polygon", "coordinates": [[[73.8145561120695, 18.64523027512709, 0.0], [73.81455454426862, 18.645456177234955, 0.0], [73.81479152571403, 18.645457671599583, 0.0], [73.81479309320166, 18.645231769472318, 0.0], [73.8145561120695, 18.64523027512709, 0.0]]]}, "properties": {"name": "PMP-T0852", "emu_id": "EMU_Narmada_valley", "typicality_percentile": 34.8, "is_medoid": false, "in_position_pool": false, "pool_rank": null, "selection_rationale": "pool position never used this baseline"}}, {"type": "Feature", "geometry": {"type": "Polygon", "coordinates": [[[73.81479152571403, 18.645457671599583, 0.0], [73.81455454426862, 18.645456177234955, 0.0], [73.81455317022994, 18.645654157768284, 0.0], [73.81471085806483, 18.645563613503292, 0.0], [73.81479114010477, 18.64551324407795, 0.0], [73.81479152571403, 18.645457671599583, 0.0]]]}, "properties": {"name": "PMP-T0853", "emu_id": "EMU_Narmada_valley", "typicality_percentile": 40.9, "is_medoid": false, "in_position_pool": false, "pool_rank": null, "selection_rationale": "pool position never used this baseline"}}, {"type": "Feature", "geometry": {"type": "Polygon", "coordinates": [[[73.81455140859948, 18.645907981434032, 0.0], [73.81478839067138, 18.645909475837463, 0.0], [73.81478993863605, 18.645686393730028, 0.0], [73.81458233907422, 18.64580618059272, 0.0], [73.81458007351615, 18.64580740801583, 0.0], [73.81456466515776, 18.64581522970618, 0.0], [73.81456187022631, 18.64581653802921, 0.0], [73.81455201384982, 18.6458207746953, 0.0], [73.81455140859948, 18.645907981434032, 0.0]]]}, "properties": {"name": "PMP-T0854", "emu_id": "EMU_Narmada_valley", "typicality_percentile": 45.7, "is_medoid": false, "in_position_pool": false, "pool_rank": null, "selection_rationale": "pool position never used this baseline"}}, {"type": "Feature", "geometry": {"type": "Polygon", "coordinates": [[[73.81455140859948, 18.645907981434032, 0.0], [73.8145498407312, 18.646133883525245, 0.0], [73.81478682311635, 18.646135377948077, 0.0], [73.81478839067138, 18.645909475837463, 0.0], [73.81455140859948, 18.645907981434032, 0.0]]]}, "properties": {"name": "PMP-T0855", "emu_id": "EMU_Narmada_valley", "typicality_percentile": 50.6, "is_medoid": false, "in_position_pool": false, "pool_rank": null, "selection_rationale": "pool position never used this baseline"}}, {"type": "Feature", "geometry": {"type": "Polygon", "coordinates": [[[73.81454670492727, 18.64658568769103, 0.0], [73.81478368793893, 18.64658718215267, 0.0], [73.81478525553887, 18.646361280053146, 0.0], [73.81464262615916, 18.646360380650417, 0.0], [73.81464190541732, 18.64636055617197, 0.0], [73.8145973747309, 18.646370077917766, 0.0], [73.81459429220811, 18.646370635584503, 0.0], [73.8145491982247, 18.646377328056783, 0.0], [73.8145481502393, 18.646377449879093, 0.0], [73.81454670492727, 18.64658568769103, 0.0]]]}, "properties": {"name": "PMP-T0856", "emu_id": "EMU_Narmada_valley", "typicality_percentile": 56.1, "is_medoid": false, "in_position_pool": false, "pool_rank": null, "selection_rationale": "pool position never used this baseline"}}, {"type": "Feature", "geometry": {"type": "Polygon", "coordinates": [[[73.81454670492727, 18.64658568769103, 0.0], [73.81454513699158, 18.646811589765594, 0.0], [73.81478212031652, 18.646813084246627, 0.0], [73.81478368793893, 18.64658718215267, 0.0], [73.81454670492727, 18.64658568769103, 0.0]]]}, "properties": {"name": "PMP-T0857", "emu_id": "EMU_Narmada_valley", "typicality_percentile": 61.0, "is_medoid": false, "in_position_pool": true, "pool_rank": 4, "selection_rationale": "best-scoring position in its spatial region \u2014 extends coverage of the EMU"}}, {"type": "Feature", "geometry": {"type": "Polygon", "coordinates": [[[73.81478212031652, 18.646813084246627, 0.0], [73.81454513699158, 18.646811589765594, 0.0], [73.81454356903345, 18.64703749183461, 0.0], [73.81460430191392, 18.647037874865546, 0.0], [73.81472373895708, 18.6469581029976, 0.0], [73.81478138880607, 18.64691849738884, 0.0], [73.81478212031652, 18.646813084246627, 0.0]]]}, "properties": {"name": "PMP-T0858", "emu_id": "EMU_Narmada_valley", "typicality_percentile": 54.3, "is_medoid": false, "in_position_pool": false, "pool_rank": null, "selection_rationale": "pool position never used this baseline"}}, {"type": "Feature", "geometry": {"type": "Polygon", "coordinates": [[[73.81478839067138, 18.645909475837463, 0.0], [73.81502537276573, 18.645910969942275, 0.0], [73.81502693998503, 18.645685067806713, 0.0], [73.81479477329607, 18.645683604081707, 0.0], [73.81478993863605, 18.645686393730028, 0.0], [73.81478839067138, 18.645909475837463, 0.0]]]}, "properties": {"name": "PMP-T0884", "emu_id": "EMU_Narmada_valley", "typicality_percentile": 12.8, "is_medoid": false, "in_position_pool": false, "pool_rank": null, "selection_rationale": "pool position never used this baseline"}}, {"type": "Feature", "geometry": {"type": "Polygon", "coordinates": [[[73.81502537276573, 18.645910969942275, 0.0], [73.81478839067138, 18.645909475837463, 0.0], [73.81478682311635, 18.646135377948077, 0.0], [73.81492319541242, 18.6461362377832, 0.0], [73.81498607923616, 18.646108798222127, 0.0], [73.81498667157707, 18.64610854441647, 0.0], [73.81500762487163, 18.646099730350834, 0.0], [73.81501064008748, 18.64609857798297, 0.0], [73.8150241034007, 18.64609393638787, 0.0], [73.81502537276573, 18.645910969942275, 0.0]]]}, "properties": {"name": "PMP-T0885", "emu_id": "EMU_Narmada_valley", "typicality_percentile": 32.3, "is_medoid": false, "in_position_pool": false, "pool_rank": null, "selection_rationale": "pool position never used this baseline"}}, {"type": "Feature", "geometry": {"type": "Polygon", "coordinates": [[[73.81478525553887, 18.646361280053146, 0.0], [73.81478368793893, 18.64658718215267, 0.0], [73.81502067097307, 18.64658867631567, 0.0], [73.81502223825974, 18.646362774196756, 0.0], [73.81478525553887, 18.646361280053146, 0.0]]]}, "properties": {"name": "PMP-T0886", "emu_id": "EMU_Narmada_valley", "typicality_percentile": 35.4, "is_medoid": false, "in_position_pool": false, "pool_rank": null, "selection_rationale": "pool position never used this baseline"}}, {"type": "Feature", "geometry": {"type": "Polygon", "coordinates": [[[73.81502067097307, 18.64658867631567, 0.0], [73.81478368793893, 18.64658718215267, 0.0], [73.81478212031652, 18.646813084246627, 0.0], [73.81493275054997, 18.646814034006375, 0.0], [73.81501952686901, 18.646753580619507, 0.0], [73.81502067097307, 18.64658867631567, 0.0]]]}, "properties": {"name": "PMP-T0887", "emu_id": "EMU_Narmada_valley", "typicality_percentile": 42.7, "is_medoid": false, "in_position_pool": false, "pool_rank": null, "selection_rationale": "pool position never used this baseline"}}, {"type": "Feature", "geometry": {"type": "Polygon", "coordinates": [[[73.81502693998503, 18.645685067806713, 0.0], [73.81502537276573, 18.645910969942275, 0.0], [73.81526235488255, 18.645912463748473, 0.0], [73.81526321605348, 18.645788308417497, 0.0], [73.81518955608979, 18.645686092870278, 0.0], [73.81502693998503, 18.645685067806713, 0.0]]]}, "properties": {"name": "PMP-T0914", "emu_id": "EMU_Narmada_valley", "typicality_percentile": 33.5, "is_medoid": false, "in_position_pool": false, "pool_rank": null, "selection_rationale": "pool position never used this baseline"}}, {"type": "Feature", "geometry": {"type": "Polygon", "coordinates": [[[73.81526235488255, 18.645912463748473, 0.0], [73.81502537276573, 18.645910969942275, 0.0], [73.8150241034007, 18.64609393638787, 0.0], [73.81503217752268, 18.64609115276303, 0.0], [73.81503526846237, 18.64609019998013, 0.0], [73.81505728886765, 18.64608419848524, 0.0], [73.81506044101182, 18.646083449762852, 0.0], [73.81508284094797, 18.646078900184598, 0.0], [73.81508603949005, 18.646078359039755, 0.0], [73.81510871373504, 18.646075282749614, 0.0], [73.81511194364947, 18.64607495172439, 0.0], [73.81513478864828, 18.646073362967417, 0.0], [73.81517086387449, 18.646070856269, 0.0], [73.81520506877501, 18.646066221803192, 0.0], [73.81523886121468, 18.646059368836728, 0.0], [73.81526137840224, 18.646053242089707, 0.0], [73.81526235488255, 18.645912463748473, 0.0]]]}, "properties": {"name": "PMP-T0915", "emu_id": "EMU_Narmada_valley", "typicality_percentile": 43.9, "is_medoid": false, "in_position_pool": false, "pool_rank": null, "selection_rationale": "pool position never used this baseline"}}, {"type": "Feature", "geometry": {"type": "Polygon", "coordinates": [[[73.81502223825974, 18.646362774196756, 0.0], [73.81525922100306, 18.646364268041737, 0.0], [73.81526053344255, 18.646175058198278, 0.0], [73.81522817024127, 18.64618162131929, 0.0], [73.81522497739451, 18.646182160716897, 0.0], [73.81518563405416, 18.646187491395104, 0.0], [73.81518240998989, 18.646187821432754, 0.0], [73.81514277786268, 18.64619057528231, 0.0], [73.8151235021232, 18.64619191581185, 0.0], [73.81510597554534, 18.646194293698127, 0.0], [73.81508866100093, 18.646197810396107, 0.0], [73.81507163982408, 18.646202449386397, 0.0], [73.81505499197044, 18.646208188877694, 0.0], [73.8150376058476, 18.646215502399397, 0.0], [73.81502321644342, 18.64622178126779, 0.0], [73.81502223825974, 18.646362774196756, 0.0]]]}, "properties": {"name": "PMP-T0916", "emu_id": "EMU_Narmada_valley", "typicality_percentile": 48.2, "is_medoid": false, "in_position_pool": false, "pool_rank": null, "selection_rationale": "pool position never used this baseline"}}, {"type": "Feature", "geometry": {"type": "Polygon", "coordinates": [[[73.81502223825974, 18.646362774196756, 0.0], [73.81502067097307, 18.64658867631567, 0.0], [73.81525765402965, 18.64659017018005, 0.0], [73.81525922100306, 18.646364268041737, 0.0], [73.81502223825974, 18.646362774196756, 0.0]]]}, "properties": {"name": "PMP-T0917", "emu_id": "EMU_Narmada_valley", "typicality_percentile": 47.6, "is_medoid": false, "in_position_pool": false, "pool_rank": null, "selection_rationale": "pool position never used this baseline"}}, {"type": "Feature", "geometry": {"type": "Polygon", "coordinates": [[[73.81525922100306, 18.646364268041737, 0.0], [73.81549620376886, 18.646365761588097, 0.0], [73.81549777040655, 18.646139859424846, 0.0], [73.81537260764526, 18.646139070652787, 0.0], [73.81535160940582, 18.646147743068283, 0.0], [73.81534886159253, 18.646148782165074, 0.0], [73.81531148421324, 18.64616164572076, 0.0], [73.81530839841625, 18.646162595296573, 0.0], [73.8152701858438, 18.64617299263277, 0.0], [73.81526703915804, 18.646173738865812, 0.0], [73.81526053344255, 18.646175058198278, 0.0], [73.81525922100306, 18.646364268041737, 0.0]]]}, "properties": {"name": "PMP-T0948", "emu_id": "EMU_Narmada_valley", "typicality_percentile": 50.0, "is_medoid": false, "in_position_pool": false, "pool_rank": null, "selection_rationale": "pool position never used this baseline"}}, {"type": "Feature", "geometry": {"type": "Polygon", "coordinates": [[[73.81549620376886, 18.646365761588097, 0.0], [73.81525922100306, 18.646364268041737, 0.0], [73.81525765402965, 18.64659017018005, 0.0], [73.81525990890808, 18.646590184392636, 0.0], [73.81531462335981, 18.646553232981976, 0.0], [73.81545870332556, 18.646457894877727, 0.0], [73.81549572946429, 18.64643415354829, 0.0], [73.81549620376886, 18.646365761588097, 0.0]]]}, "properties": {"name": "PMP-T0949", "emu_id": "EMU_Narmada_valley", "typicality_percentile": 39.0, "is_medoid": false, "in_position_pool": false, "pool_rank": null, "selection_rationale": "pool position never used this baseline"}}, {"type": "Feature", "geometry": {"type": "Polygon", "coordinates": [[[73.81197759968626, 18.641147582577243, 0.0], [73.81221457493353, 18.641149079857133, 0.0], [73.81221558363166, 18.6410039887729, 0.0], [73.81220966669777, 18.64100667600476, 0.0], [73.81220721761022, 18.64100770840104, 0.0], [73.81217995418324, 18.641018333831585, 0.0], [73.81217723287973, 18.641019302730232, 0.0], [73.81215799581896, 18.64102551851463, 0.0], [73.81215499802265, 18.641026382989565, 0.0], [73.81213537232054, 18.64103137406536, 0.0], [73.8121323211769, 18.64103204791592, 0.0], [73.8121123925324, 18.641035792488793, 0.0], [73.81210930136466, 18.64103627277255, 0.0], [73.8120891567996, 18.641038754491202, 0.0], [73.81208603910602, 18.64103903911088, 0.0], [73.81206576658464, 18.641040247138605, 0.0], [73.81206263597886, 18.641040334851407, 0.0], [73.8120423240248, 18.6410402639131, 0.0], [73.81203919417729, 18.641040154336018, 0.0], [73.8120189314858, 18.641038804741463, 0.0], [73.81201581606368, 18.641038498353, 0.0], [73.8119956911152, 18.641035875995524, 0.0], [73.81199260372239, 18.64103537413358, 0.0], [73.81197839921188, 18.641032601898175, 0.0], [73.81197759968626, 18.641147582577243, 0.0]]]}, "properties": {"name": "PMP-T0510", "emu_id": "EMU_Savana_ecosystem", "typicality_percentile": 78.1, "is_medoid": false, "in_position_pool": false, "pool_rank": null, "selection_rationale": "pool position never used this baseline"}}, {"type": "Feature", "geometry": {"type": "Polygon", "coordinates": [[[73.81221300440546, 18.641374981870662, 0.0], [73.81221457493353, 18.641149079857133, 0.0], [73.81197759968626, 18.641147582577243, 0.0], [73.81197665963649, 18.64128277111422, 0.0], [73.81204313877751, 18.641306951549407, 0.0], [73.8120455906623, 18.64130791917014, 0.0], [73.81219478264367, 18.641371517107952, 0.0], [73.81219711419942, 18.64137258471046, 0.0], [73.81220185933905, 18.641374911458698, 0.0], [73.81221300440546, 18.641374981870662, 0.0]]]}, "properties": {"name": "PMP-T0511", "emu_id": "EMU_Savana_ecosystem", "typicality_percentile": 75.0, "is_medoid": false, "in_position_pool": true, "pool_rank": 5, "selection_rationale": "best-scoring position in its spatial region \u2014 extends coverage of the EMU"}}, {"type": "Feature", "geometry": {"type": "Polygon", "coordinates": [[[73.81222713834788, 18.63934186354918, 0.0], [73.81246411111258, 18.639343360375026, 0.0], [73.81246428497158, 18.63931834473739, 0.0], [73.81245679070479, 18.63930040731856, 0.0], [73.81245568335741, 18.63929746457256, 0.0], [73.81244556553834, 18.639267335158085, 0.0], [73.81244467431831, 18.639264326456967, 0.0], [73.81243676640554, 18.639233602170727, 0.0], [73.81243609557981, 18.639230541920135, 0.0], [73.81243043543535, 18.639199369870905, 0.0], [73.81242998821573, 18.639196272723122, 0.0], [73.81242660293934, 18.639164802163567, 0.0], [73.81242638146706, 18.639161682948497, 0.0], [73.81242528726587, 18.639130064560504, 0.0], [73.81242529260116, 18.639126938212417, 0.0], [73.81242566267314, 18.639117205541606, 0.0], [73.81229050068465, 18.639116351815893, 0.0], [73.81228103636641, 18.639127990181876, 0.0], [73.81225252801686, 18.639168507237642, 0.0], [73.81222806168567, 18.639209035484477, 0.0], [73.81222713834788, 18.63934186354918, 0.0]]]}, "properties": {"name": "PMP-T0533", "emu_id": "EMU_Savana_ecosystem", "typicality_percentile": 81.2, "is_medoid": false, "in_position_pool": false, "pool_rank": null, "selection_rationale": "pool position never used this baseline"}}, {"type": "Feature", "geometry": {"type": "Polygon", "coordinates": [[[73.81269166523167, 18.64070026939987, 0.0], [73.81269323506594, 18.640474367330828, 0.0], [73.8125189017058, 18.640473266347982, 0.0], [73.81251928466415, 18.640476487478434, 0.0], [73.8125195348999, 18.640479474836493, 0.0], [73.81252118716979, 18.640513314781003, 0.0], [73.81252122910692, 18.640516311381155, 0.0], [73.81252052442909, 18.640550181300362, 0.0], [73.81252035788292, 18.640553173958907, 0.0], [73.81251729935607, 18.64058692483788, 0.0], [73.81251692505923, 18.640589900388026, 0.0], [73.81251152613832, 18.640623383735342, 0.0], [73.81251094573744, 18.640626329085904, 0.0], [73.81250323017424, 18.64065939758725, 0.0], [73.8125024462227, 18.640662299779795, 0.0], [73.81249244796133, 18.640694807945803, 0.0], [73.81249146390822, 18.64069765421149, 0.0], [73.81249094544073, 18.640699001747592, 0.0], [73.81269166523167, 18.64070026939987, 0.0]]]}, "properties": {"name": "PMP-T0557", "emu_id": "EMU_Savana_ecosystem", "typicality_percentile": 96.9, "is_medoid": false, "in_position_pool": false, "pool_rank": null, "selection_rationale": "pool position never used this baseline"}}, {"type": "Feature", "geometry": {"type": "Polygon", "coordinates": [[[73.81270265359906, 18.63911895480003, 0.0], [73.81270108389978, 18.63934485690237, 0.0], [73.81293805670948, 18.639346353131202, 0.0], [73.81293962609564, 18.63912045100943, 0.0], [73.81270265359906, 18.63911895480003, 0.0]]]}, "properties": {"name": "PMP-T0579", "emu_id": "EMU_Savana_ecosystem", "typicality_percentile": 56.2, "is_medoid": false, "in_position_pool": false, "pool_rank": null, "selection_rationale": "pool position never used this baseline"}}, {"type": "Feature", "geometry": {"type": "Polygon", "coordinates": [[[73.81293805670948, 18.639346353131202, 0.0], [73.81270108389978, 18.63934485690237, 0.0], [73.81270065514592, 18.639406560131615, 0.0], [73.81271267189578, 18.63941634076228, 0.0], [73.81273404868908, 18.639431435600123, 0.0], [73.81275646851033, 18.639445086301507, 0.0], [73.81277982419147, 18.6394572276152, 0.0], [73.81280400409096, 18.639467801504697, 0.0], [73.81282889262762, 18.63947675742632, 0.0], [73.81285437083235, 18.63948405256983, 0.0], [73.812880316918, 18.639489652064086, 0.0], [73.81290660686035, 18.639493529143056, 0.0], [73.81293311499145, 18.63949566527397, 0.0], [73.81293701900397, 18.639495721776353, 0.0], [73.81293805670948, 18.639346353131202, 0.0]]]}, "properties": {"name": "PMP-T0580", "emu_id": "EMU_Savana_ecosystem", "typicality_percentile": 100.0, "is_medoid": true, "in_position_pool": true, "pool_rank": 1, "selection_rationale": "stratum medoid \u2014 most representative position within this EMU"}}, {"type": "Feature", "geometry": {"type": "Polygon", "coordinates": [[[73.8126853856696, 18.64160387762057, 0.0], [73.81268381572283, 18.641829779661872, 0.0], [73.81292079197712, 18.641831276104455, 0.0], [73.81292236161072, 18.641605374043724, 0.0], [73.8126853856696, 18.64160387762057, 0.0]]]}, "properties": {"name": "PMP-T0586", "emu_id": "EMU_Savana_ecosystem", "typicality_percentile": 87.5, "is_medoid": false, "in_position_pool": false, "pool_rank": null, "selection_rationale": "pool position never used this baseline"}}, {"type": "Feature", "geometry": {"type": "Polygon", "coordinates": [[[73.81293962609564, 18.63912045100943, 0.0], [73.81293805670948, 18.639346353131202, 0.0], [73.81317502954168, 18.639347849061533, 0.0], [73.81317659861473, 18.639121946920334, 0.0], [73.81293962609564, 18.63912045100943, 0.0]]]}, "properties": {"name": "PMP-T0609", "emu_id": "EMU_Savana_ecosystem", "typicality_percentile": 28.1, "is_medoid": false, "in_position_pool": false, "pool_rank": null, "selection_rationale": "pool position never used this baseline"}}, {"type": "Feature", "geometry": {"type": "Polygon", "coordinates": [[[73.81317502954168, 18.639347849061533, 0.0], [73.81293805670948, 18.639346353131202, 0.0], [73.81293701900397, 18.639495721776353, 0.0], [73.81295971460472, 18.639496050245903, 0.0], [73.81302080006542, 18.639492904384323, 0.0], [73.813081511513, 18.6394857424348, 0.0], [73.81314155873905, 18.63947459863178, 0.0], [73.81317420699156, 18.639466271719684, 0.0], [73.81317502954168, 18.639347849061533, 0.0]]]}, "properties": {"name": "PMP-T0610", "emu_id": "EMU_Savana_ecosystem", "typicality_percentile": 31.2, "is_medoid": false, "in_position_pool": false, "pool_rank": null, "selection_rationale": "pool position never used this baseline"}}, {"type": "Feature", "geometry": {"type": "Polygon", "coordinates": [[[73.81292236161072, 18.641605374043724, 0.0], [73.81292079197712, 18.641831276104455, 0.0], [73.8131577682539, 18.64183277224849, 0.0], [73.81315933757433, 18.641606870168335, 0.0], [73.81292236161072, 18.641605374043724, 0.0]]]}, "properties": {"name": "PMP-T0616", "emu_id": "EMU_Savana_ecosystem", "typicality_percentile": 34.4, "is_medoid": false, "in_position_pool": false, "pool_rank": null, "selection_rationale": "pool position never used this baseline"}}, {"type": "Feature", "geometry": {"type": "Polygon", "coordinates": [[[73.81317659861473, 18.639121946920334, 0.0], [73.81317502954168, 18.639347849061533, 0.0], [73.81341200239638, 18.63934934469336, 0.0], [73.8134135711563, 18.639123442532743, 0.0], [73.81317659861473, 18.639121946920334, 0.0]]]}, "properties": {"name": "PMP-T0645", "emu_id": "EMU_Savana_ecosystem", "typicality_percentile": 43.8, "is_medoid": false, "in_position_pool": false, "pool_rank": null, "selection_rationale": "pool position never used this baseline"}}, {"type": "Feature", "geometry": {"type": "Polygon", "coordinates": [[[73.81315933757433, 18.641606870168335, 0.0], [73.81339631356043, 18.6416083659944, 0.0], [73.81339788254522, 18.641382463889258, 0.0], [73.81326592696217, 18.641381631013456, 0.0], [73.81316043797156, 18.641448467172815, 0.0], [73.81315933757433, 18.641606870168335, 0.0]]]}, "properties": {"name": "PMP-T0648", "emu_id": "EMU_Savana_ecosystem", "typicality_percentile": 71.9, "is_medoid": false, "in_position_pool": false, "pool_rank": null, "selection_rationale": "pool position never used this baseline"}}, {"type": "Feature", "geometry": {"type": "Polygon", "coordinates": [[[73.81365054372034, 18.639124937846635, 0.0], [73.8134135711563, 18.639123442532743, 0.0], [73.81341200239638, 18.63934934469336, 0.0], [73.81354813280898, 18.639350203732565, 0.0], [73.81358267546766, 18.63934520211182, 0.0], [73.8135856404008, 18.639344863506313, 0.0], [73.81363865802169, 18.639340418425885, 0.0], [73.813641639438, 18.639340258480143, 0.0], [73.81364904995432, 18.639340083885596, 0.0], [73.81365054372034, 18.639124937846635, 0.0]]]}, "properties": {"name": "PMP-T0680", "emu_id": "EMU_Savana_ecosystem", "typicality_percentile": 59.4, "is_medoid": false, "in_position_pool": false, "pool_rank": null, "selection_rationale": "pool position never used this baseline"}}, {"type": "Feature", "geometry": {"type": "Polygon", "coordinates": [[[73.81340572713182, 18.64025295328036, 0.0], [73.81364270126151, 18.640254448691362, 0.0], [73.81364426979825, 18.640028546533514, 0.0], [73.81354060599946, 18.640027892413723, 0.0], [73.81350456520681, 18.64009474499238, 0.0], [73.81350404010955, 18.640095611572814, 0.0], [73.81350356473733, 18.640096503856423, 0.0], [73.81346150518421, 18.640166691412702, 0.0], [73.81346017448786, 18.640168778909885, 0.0], [73.81341419719618, 18.640236696987266, 0.0], [73.81341275009609, 18.64023871287644, 0.0], [73.81340576219807, 18.640247904048678, 0.0], [73.81340572713182, 18.64025295328036, 0.0]]]}, "properties": {"name": "PMP-T0681", "emu_id": "EMU_Savana_ecosystem", "typicality_percentile": 65.6, "is_medoid": false, "in_position_pool": false, "pool_rank": null, "selection_rationale": "pool position never used this baseline"}}, {"type": "Feature", "geometry": {"type": "Polygon", "coordinates": [[[73.81340572713182, 18.64025295328036, 0.0], [73.81340415825947, 18.64047885541324, 0.0], [73.8136411327023, 18.64048035084366, 0.0], [73.81364270126151, 18.640254448691362, 0.0], [73.81340572713182, 18.64025295328036, 0.0]]]}, "properties": {"name": "PMP-T0682", "emu_id": "EMU_Savana_ecosystem", "typicality_percentile": 68.8, "is_medoid": false, "in_position_pool": false, "pool_rank": null, "selection_rationale": "pool position never used this baseline"}}, {"type": "Feature", "geometry": {"type": "Polygon", "coordinates": [[[73.81340415825947, 18.64047885541324, 0.0], [73.81340258936464, 18.640704757540565, 0.0], [73.8136395641206, 18.640706252990405, 0.0], [73.8136411327023, 18.64048035084366, 0.0], [73.81340415825947, 18.64047885541324, 0.0]]]}, "properties": {"name": "PMP-T0683", "emu_id": "EMU_Savana_ecosystem", "typicality_percentile": 90.6, "is_medoid": false, "in_position_pool": true, "pool_rank": 2, "selection_rationale": "best-scoring position in its spatial region \u2014 extends coverage of the EMU"}}, {"type": "Feature", "geometry": {"type": "Polygon", "coordinates": [[[73.81363799551643, 18.64093215513161, 0.0], [73.8136395641206, 18.640706252990405, 0.0], [73.81340258936464, 18.640704757540565, 0.0], [73.81340133361573, 18.64088556805447, 0.0], [73.81340693878396, 18.640887901542165, 0.0], [73.81344071108813, 18.640899493055645, 0.0], [73.8134492581676, 18.640902884688735, 0.0], [73.81345741741157, 18.640907054955626, 0.0], [73.81346511099085, 18.640911964077112, 0.0], [73.81347226551817, 18.640917565226253, 0.0], [73.8134788127481, 18.64092380497499, 0.0], [73.81348469022807, 18.640930623803825, 0.0], [73.81348508816028, 18.64093119021934, 0.0], [73.81363799551643, 18.64093215513161, 0.0]]]}, "properties": {"name": "PMP-T0684", "emu_id": "EMU_Savana_ecosystem", "typicality_percentile": 93.8, "is_medoid": false, "in_position_pool": false, "pool_rank": null, "selection_rationale": "pool position never used this baseline"}}, {"type": "Feature", "geometry": {"type": "Polygon", "coordinates": [[[73.81339788254522, 18.641382463889258, 0.0], [73.81339631356043, 18.6416083659944, 0.0], [73.81363328956903, 18.64160986152192, 0.0], [73.81363485824065, 18.641383959397363, 0.0], [73.81339788254522, 18.641382463889258, 0.0]]]}, "properties": {"name": "PMP-T0685", "emu_id": "EMU_Savana_ecosystem", "typicality_percentile": 84.4, "is_medoid": false, "in_position_pool": true, "pool_rank": 3, "selection_rationale": "best-scoring position in its spatial region \u2014 extends coverage of the EMU"}}, {"type": "Feature", "geometry": {"type": "Polygon", "coordinates": [[[73.81388751630689, 18.639126432862042, 0.0], [73.81365054372034, 18.639124937846635, 0.0], [73.81364904995432, 18.639340083885596, 0.0], [73.81369484546899, 18.63933900491958, 0.0], [73.81369783153379, 18.639339024268505, 0.0], [73.81375101477362, 18.639340967204028, 0.0], [73.81375399363365, 18.63934116577082, 0.0], [73.81380694878939, 18.639346298054246, 0.0], [73.81385292886345, 18.63935075978169, 0.0], [73.81388595065317, 18.63935197780476, 0.0], [73.81388751630689, 18.639126432862042, 0.0]]]}, "properties": {"name": "PMP-T0706", "emu_id": "EMU_Savana_ecosystem", "typicality_percentile": 50.0, "is_medoid": false, "in_position_pool": false, "pool_rank": null, "selection_rationale": "pool position never used this baseline"}}, {"type": "Feature", "geometry": {"type": "Polygon", "coordinates": [[[73.81364270126151, 18.640254448691362, 0.0], [73.8136411327023, 18.64048035084366, 0.0], [73.81387810716761, 18.640481845975554, 0.0], [73.81387967541369, 18.64025594380384, 0.0], [73.81364270126151, 18.640254448691362, 0.0]]]}, "properties": {"name": "PMP-T0708", "emu_id": "EMU_Savana_ecosystem", "typicality_percentile": 62.5, "is_medoid": false, "in_position_pool": false, "pool_rank": null, "selection_rationale": "pool position never used this baseline"}}, {"type": "Feature", "geometry": {"type": "Polygon", "coordinates": [[[73.8141244889159, 18.639127927578944, 0.0], [73.81388751630689, 18.639126432862042, 0.0], [73.81388595065317, 18.63935197780476, 0.0], [73.8138976251351, 18.639352408421715, 0.0], [73.81394234187017, 18.63935138112429, 0.0], [73.81398690294786, 18.639347681935522, 0.0], [73.8140311328601, 18.639341325424684, 0.0], [73.81407631192138, 18.63933203761058, 0.0], [73.81407647445037, 18.639332004482387, 0.0], [73.81412313801594, 18.639322574597426, 0.0], [73.8141244889159, 18.639127927578944, 0.0]]]}, "properties": {"name": "PMP-T0735", "emu_id": "EMU_Savana_ecosystem", "typicality_percentile": 53.1, "is_medoid": false, "in_position_pool": true, "pool_rank": 6, "selection_rationale": "best-scoring position in its spatial region \u2014 extends coverage of the EMU"}}, {"type": "Feature", "geometry": {"type": "Polygon", "coordinates": [[[73.81436146154738, 18.639129421997342, 0.0], [73.8141244889159, 18.639127927578944, 0.0], [73.81412313801594, 18.639322574597426, 0.0], [73.81413177081146, 18.63932083006005, 0.0], [73.81413502754727, 18.639320284334005, 0.0], [73.81419100664466, 18.639312812504123, 0.0], [73.8141942953697, 18.639312484572482, 0.0], [73.81425068472997, 18.639308751703833, 0.0], [73.81425398943661, 18.63930864316281, 0.0], [73.81431051458908, 18.639308667425063, 0.0], [73.81431381919171, 18.63930877880298, 0.0], [73.81436019543455, 18.639311888829983, 0.0], [73.81436146154738, 18.639129421997342, 0.0]]]}, "properties": {"name": "PMP-T0768", "emu_id": "EMU_Savana_ecosystem", "typicality_percentile": 46.9, "is_medoid": false, "in_position_pool": false, "pool_rank": null, "selection_rationale": "pool position never used this baseline"}}, {"type": "Feature", "geometry": {"type": "Polygon", "coordinates": [[[73.81483227309285, 18.639584214487257, 0.0], [73.81483383999652, 18.639358312215723, 0.0], [73.814596867007, 18.639356818374928, 0.0], [73.81459677838969, 18.639369591965615, 0.0], [73.81460637747045, 18.639375156281734, 0.0], [73.81460900435813, 18.639376795014947, 0.0], [73.81462021406679, 18.639384304928573, 0.0], [73.81462272138974, 18.639386105845755, 0.0], [73.8146333849791, 18.63939430671165, 0.0], [73.81463576173616, 18.639396261911084, 0.0], [73.81464583242067, 18.639405117748677, 0.0], [73.81464806818455, 18.639407218652554, 0.0], [73.81465750177983, 18.63941669060776, 0.0], [73.81465958674087, 18.63941892799819, 0.0], [73.81466834185804, 18.639428974513866, 0.0], [73.81467026686883, 18.63943133857471, 0.0], [73.81467830509538, 18.639441915572654, 0.0], [73.81468006170996, 18.63944439593165, 0.0], [73.81468734777884, 18.639455457006306, 0.0], [73.81468892829047, 18.639458042781502, 0.0], [73.81469543023452, 18.639469539403585, 0.0], [73.81469682770854, 18.639472219249726, 0.0], [73.81470251700098, 18.639484100978873, 0.0], [73.81470372530616, 18.639486863138583, 0.0], [73.8147085769855, 18.639499077844793, 0.0], [73.81470959082053, 18.639501910199485, 0.0], [73.81471358360024, 18.639514404292022, 0.0], [73.8147143985168, 18.63951729441461, 0.0], [73.81471751487874, 18.639530013076637, 0.0], [73.81471812730152, 18.63953294828719, 0.0], [73.81472035357272, 18.639545835716838, 0.0], [73.814720612379, 18.639547988125592, 0.0], [73.8147209126472, 18.639550170531482, 0.0], [73.81472211117797, 18.639564188352594, 0.0], [73.81472226356793, 18.639567252953572, 0.0], [73.81472246138247, 18.639581315995343, 0.0], [73.81472241381948, 18.63958352198057, 0.0], [73.81483227309285, 18.639584214487257, 0.0]]]}, "properties": {"name": "PMP-T0837", "emu_id": "EMU_Savana_ecosystem", "typicality_percentile": 37.5, "is_medoid": false, "in_position_pool": false, "pool_rank": null, "selection_rationale": "pool position never used this baseline"}}, {"type": "Feature", "geometry": {"type": "Polygon", "coordinates": [[[73.81506454651156, 18.640263414888445, 0.0], [73.81483741691083, 18.640261983324223, 0.0], [73.81490214256951, 18.64036030839663, 0.0], [73.81499651170681, 18.640488898241955, 0.0], [73.81505967614109, 18.640489296336238, 0.0], [73.81506386250868, 18.64036204281035, 0.0], [73.81506454651156, 18.640263414888445, 0.0]]]}, "properties": {"name": "PMP-T0872", "emu_id": "EMU_Savana_ecosystem", "typicality_percentile": 25.0, "is_medoid": false, "in_position_pool": true, "pool_rank": 7, "selection_rationale": "best-scoring position in its spatial region \u2014 extends coverage of the EMU"}}, {"type": "Feature", "geometry": {"type": "Polygon", "coordinates": [[[73.81527645622882, 18.643879344154072, 0.0], [73.81527488950236, 18.644105246353423, 0.0], [73.81551186913578, 18.644106739705876, 0.0], [73.81551343554901, 18.64388083748714, 0.0], [73.81527645622882, 18.643879344154072, 0.0]]]}, "properties": {"name": "PMP-T0940", "emu_id": "EMU_Savana_ecosystem", "typicality_percentile": 9.4, "is_medoid": false, "in_position_pool": false, "pool_rank": null, "selection_rationale": "pool position never used this baseline"}}, {"type": "Feature", "geometry": {"type": "Polygon", "coordinates": [[[73.81551656830811, 18.643429033033005, 0.0], [73.81551500193979, 18.643654935262845, 0.0], [73.81575198096922, 18.643656428277946, 0.0], [73.81575354702436, 18.643430526028723, 0.0], [73.81551656830811, 18.643429033033005, 0.0]]]}, "properties": {"name": "PMP-T0967", "emu_id": "EMU_Savana_ecosystem", "typicality_percentile": 15.6, "is_medoid": false, "in_position_pool": false, "pool_rank": null, "selection_rationale": "pool position never used this baseline"}}, {"type": "Feature", "geometry": {"type": "Polygon", "coordinates": [[[73.81575198096922, 18.643656428277946, 0.0], [73.81551500193979, 18.643654935262845, 0.0], [73.81551343554901, 18.64388083748714, 0.0], [73.81555615291731, 18.643881106640283, 0.0], [73.8155564154023, 18.643837738976146, 0.0], [73.81555692597622, 18.643828879806314, 0.0], [73.81555834550412, 18.643820111072557, 0.0], [73.81556066030046, 18.643811517312816, 0.0], [73.81556384804846, 18.643803181378143, 0.0], [73.81556787801551, 18.643795183633895, 0.0], [73.81557271134925, 18.643787601184968, 0.0], [73.81557830145219, 18.643780507132515, 0.0], [73.81558459443104, 18.643773969869088, 0.0], [73.81559152961619, 18.643768052419325, 0.0], [73.81559904014664, 18.64376281183236, 0.0], [73.81560705361461, 18.6437582986318, 0.0], [73.8156154927636, 18.643754556328634, 0.0], [73.81562427623322, 18.643751621001766, 0.0], [73.81563331934359, 18.643749520950156, 0.0], [73.8156425349116, 18.64374827642008, 0.0], [73.81565183409161, 18.64374789940983, 0.0], [73.81575134249822, 18.643748526299213, 0.0], [73.81575198096922, 18.643656428277946, 0.0]]]}, "properties": {"name": "PMP-T0968", "emu_id": "EMU_Savana_ecosystem", "typicality_percentile": 6.2, "is_medoid": false, "in_position_pool": false, "pool_rank": null, "selection_rationale": "pool position never used this baseline"}}, {"type": "Feature", "geometry": {"type": "Polygon", "coordinates": [[[73.81551186913578, 18.644106739705876, 0.0], [73.8155103027001, 18.64433264191908, 0.0], [73.81574728266916, 18.644334134992334, 0.0], [73.81574854392733, 18.64415220756159, 0.0], [73.81564923174426, 18.644151581895393, 0.0], [73.81563994848044, 18.644151088741683, 0.0], [73.81563076055127, 18.644149731036677, 0.0], [73.81562175634713, 18.64414752184191, 0.0], [73.81561302249092, 18.644144482410425, 0.0], [73.81560464300468, 18.64414064198239, 0.0], [73.81559669850131, 18.64413603750379, 0.0], [73.81558926540905, 18.644130713270933, 0.0], [73.8155824152362, 18.644124720504394, 0.0], [73.81557621388319, 18.644118116856195, 0.0], [73.81557072100863, 18.64411096585521, 0.0], [73.8155683207025, 18.6441070953974, 0.0], [73.81551186913578, 18.644106739705876, 0.0]]]}, "properties": {"name": "PMP-T0969", "emu_id": "EMU_Savana_ecosystem", "typicality_percentile": 3.1, "is_medoid": false, "in_position_pool": false, "pool_rank": null, "selection_rationale": "pool position never used this baseline"}}, {"type": "Feature", "geometry": {"type": "Polygon", "coordinates": [[[73.81575354702436, 18.643430526028723, 0.0], [73.81575198096922, 18.643656428277946, 0.0], [73.8159889600211, 18.643657920994464, 0.0], [73.81599052576303, 18.643432018725854, 0.0], [73.81575354702436, 18.643430526028723, 0.0]]]}, "properties": {"name": "PMP-T0993", "emu_id": "EMU_Savana_ecosystem", "typicality_percentile": 21.9, "is_medoid": false, "in_position_pool": true, "pool_rank": 4, "selection_rationale": "best-scoring position in its spatial region \u2014 extends coverage of the EMU"}}, {"type": "Feature", "geometry": {"type": "Polygon", "coordinates": [[[73.81574728266916, 18.644334134992334, 0.0], [73.81598426266069, 18.644335627766996, 0.0], [73.8159855236666, 18.644153700320643, 0.0], [73.81574854392733, 18.64415220756159, 0.0], [73.81574728266916, 18.644334134992334, 0.0]]]}, "properties": {"name": "PMP-T0994", "emu_id": "EMU_Savana_ecosystem", "typicality_percentile": 0.0, "is_medoid": false, "in_position_pool": false, "pool_rank": null, "selection_rationale": "pool position never used this baseline"}}, {"type": "Feature", "geometry": {"type": "Polygon", "coordinates": [[[73.81622750452415, 18.643433511124417, 0.0], [73.81599052576303, 18.643432018725854, 0.0], [73.8159889600211, 18.643657920994464, 0.0], [73.81606888099883, 18.643658424344444, 0.0], [73.81606884671706, 18.643658307469185, 0.0], [73.81606781241257, 18.64365423867322, 0.0], [73.81606647955132, 18.643648060736027, 0.0], [73.81606574550818, 18.64364393307439, 0.0], [73.81606486797547, 18.643637681552335, 0.0], [73.81606443776998, 18.643633515134642, 0.0], [73.8160640198421, 18.64362722049298, 0.0], [73.81606389556993, 18.643623035617445, 0.0], [73.81606393928223, 18.643616728516637, 0.0], [73.81606412154885, 18.643612545571646, 0.0], [73.81606462668846, 18.64360625674182, 0.0], [73.81606511460578, 18.643602096106292, 0.0], [73.81606607871193, 18.643595856183623, 0.0], [73.81606686990294, 18.643591738127718, 0.0], [73.81606828827759, 18.64358557751759, 0.0], [73.81606937888748, 18.64358152210404, 0.0], [73.8160712446215, 18.643575470814756, 0.0], [73.81607262933697, 18.6435714978011, 0.0], [73.8160749333397, 18.64356558531738, 0.0], [73.81607660541447, 18.643561714059746, 0.0], [73.81607933646205, 18.64355596918393, 0.0], [73.81608128774997, 18.64355221854267, 0.0], [73.81608443253556, 18.643546669266094, 0.0], [73.81608665352998, 18.643543057514023, 0.0], [73.81609019673358, 18.643537730870012, 0.0], [73.81609267661419, 18.64353427560298, 0.0], [73.8160966009733, 18.64352919754305, 0.0], [73.81609932765821, 18.643525915594942, 0.0], [73.81610361405399, 18.643521110858575, 0.0], [73.81610657425918, 18.643518018218572, 0.0], [73.81611120180796, 18.643513510214774, 0.0], [73.81611438111149, 18.643510621949947, 0.0], [73.81611932726857, 18.643506432640773, 0.0], [73.81612271018122, 18.643503762822423, 0.0], [73.81612795084907, 18.643499912617937, 0.0], [73.81613152088968, 18.64349747425303, 0.0], [73.81613703053874, 18.64349398190944, 0.0], [73.81614077031446, 18.643491786877558, 0.0], [73.81614652209966, 18.64348866941098, 0.0], [73.81615041339072, 18.643486728406003, 0.0], [73.81615637929185, 18.64348400100342, 0.0], [73.81616040314019, 18.64348232348183, 0.0], [73.81616655408895, 18.64347999943211, 0.0], [73.81617069089107, 18.6434785935664, 0.0], [73.81617699692195, 18.64347668419127, 0.0], [73.8161812265235, 18.64347555683073, 0.0], [73.81618765691898, 18.643474071431374, 0.0], [73.81619195871409, 18.643473228068487, 0.0], [73.81619848213947, 18.643472173883264, 0.0], [73.81620283517009, 18.643471618626716, 0.0], [73.81620941984546, 18.643471000790864, 0.0], [73.81621380290414, 18.643470736345762, 0.0], [73.81622041675256, 18.64347055786912, 0.0], [73.81622480848564, 18.643470585523872, 0.0], [73.81622724694321, 18.643470682073815, 0.0], [73.81622750452415, 18.643433511124417, 0.0]]]}, "properties": {"name": "PMP-T1021", "emu_id": "EMU_Savana_ecosystem", "typicality_percentile": 40.6, "is_medoid": false, "in_position_pool": false, "pool_rank": null, "selection_rationale": "pool position never used this baseline"}}, {"type": "Feature", "geometry": {"type": "Polygon", "coordinates": [[[73.81598426266069, 18.644335627766996, 0.0], [73.81613357308889, 18.644336568143732, 0.0], [73.81613363236393, 18.644154633120433, 0.0], [73.8159855236666, 18.644153700320643, 0.0], [73.81598426266069, 18.644335627766996, 0.0]]]}, "properties": {"name": "PMP-T1022", "emu_id": "EMU_Savana_ecosystem", "typicality_percentile": 12.5, "is_medoid": false, "in_position_pool": false, "pool_rank": null, "selection_rationale": "pool position never used this baseline"}}, {"type": "Feature", "geometry": {"type": "Polygon", "coordinates": [[[73.81598426266069, 18.644335627766996, 0.0], [73.81598269682901, 18.644561530013405, 0.0], [73.81612451749938, 18.644562423231903, 0.0], [73.81613356905724, 18.64434894127919, 0.0], [73.81613357308889, 18.644336568143732, 0.0], [73.81598426266069, 18.644335627766996, 0.0]]]}, "properties": {"name": "PMP-T1023", "emu_id": "EMU_Savana_ecosystem", "typicality_percentile": 18.8, "is_medoid": false, "in_position_pool": true, "pool_rank": 8, "selection_rationale": "best-scoring position in its spatial region \u2014 extends coverage of the EMU"}}, {"type": "Feature", "geometry": {"type": "Polygon", "coordinates": [[[73.81121951085873, 18.647920144604015, 0.0], [73.81121793840217, 18.64814604637324, 0.0], [73.81145492329183, 18.648147545151872, 0.0], [73.8114564954351, 18.647921643363187, 0.0], [73.81121951085873, 18.647920144604015, 0.0]]]}, "properties": {"name": "PMP-T0447", "emu_id": "EMU_Seasonal_wetland_polygon", "typicality_percentile": 16.7, "is_medoid": false, "in_position_pool": false, "pool_rank": null, "selection_rationale": "pool position never used this baseline"}}, {"type": "Feature", "geometry": {"type": "Polygon", "coordinates": [[[73.81121793840217, 18.64814604637324, 0.0], [73.81121636592307, 18.64837194813692, 0.0], [73.81145335112605, 18.648373446935004, 0.0], [73.81145492329183, 18.648147545151872, 0.0], [73.81121793840217, 18.64814604637324, 0.0]]]}, "properties": {"name": "PMP-T0448", "emu_id": "EMU_Seasonal_wetland_polygon", "typicality_percentile": 0.0, "is_medoid": false, "in_position_pool": false, "pool_rank": null, "selection_rationale": "pool position never used this baseline"}}, {"type": "Feature", "geometry": {"type": "Polygon", "coordinates": [[[73.81121636592307, 18.64837194813692, 0.0], [73.81121479342146, 18.64859784989504, 0.0], [73.81145177893771, 18.648599348712587, 0.0], [73.81145335112605, 18.648373446935004, 0.0], [73.81121636592307, 18.64837194813692, 0.0]]]}, "properties": {"name": "PMP-T0449", "emu_id": "EMU_Seasonal_wetland_polygon", "typicality_percentile": 8.3, "is_medoid": false, "in_position_pool": false, "pool_rank": null, "selection_rationale": "pool position never used this baseline"}}, {"type": "Feature", "geometry": {"type": "Polygon", "coordinates": [[[73.8114564954351, 18.647921643363187, 0.0], [73.81145492329183, 18.648147545151872, 0.0], [73.81169190820403, 18.64814904363185, 0.0], [73.81169348003401, 18.647923141823714, 0.0], [73.8114564954351, 18.647921643363187, 0.0]]]}, "properties": {"name": "PMP-T0472", "emu_id": "EMU_Seasonal_wetland_polygon", "typicality_percentile": 25.0, "is_medoid": false, "in_position_pool": false, "pool_rank": null, "selection_rationale": "pool position never used this baseline"}}, {"type": "Feature", "geometry": {"type": "Polygon", "coordinates": [[[73.81169348003401, 18.647923141823714, 0.0], [73.81169190820403, 18.64814904363185, 0.0], [73.81192889313874, 18.648150541813166, 0.0], [73.81193046465543, 18.647924639985586, 0.0], [73.81169348003401, 18.647923141823714, 0.0]]]}, "properties": {"name": "PMP-T0499", "emu_id": "EMU_Seasonal_wetland_polygon", "typicality_percentile": 33.3, "is_medoid": false, "in_position_pool": true, "pool_rank": 2, "selection_rationale": "best-scoring position in its spatial region \u2014 extends coverage of the EMU"}}, {"type": "Feature", "geometry": {"type": "Polygon", "coordinates": [[[73.81364426979825, 18.640028546533514, 0.0], [73.81364270126151, 18.640254448691362, 0.0], [73.81387967541369, 18.64025594380384, 0.0], [73.81388060559927, 18.640121951217886, 0.0], [73.81387444112708, 18.64012379353171, 0.0], [73.81386091362613, 18.64012649575342, 0.0], [73.813847174817, 18.640127933187006, 0.0], [73.81383335451491, 18.640128092250475, 0.0], [73.8138195833051, 18.64012697144086, 0.0], [73.81380599130895, 18.64012458134851, 0.0], [73.81379270695447, 18.640120944556934, 0.0], [73.81377985576276, 18.640116095429427, 0.0], [73.81376755916209, 18.640110079784442, 0.0], [73.8137559333404, 18.64010295446256, 0.0], [73.81364662272864, 18.64002856137987, 0.0], [73.81364426979825, 18.640028546533514, 0.0]]]}, "properties": {"name": "PMP-T0707", "emu_id": "EMU_Seasonal_wetland_polygon", "typicality_percentile": 75.0, "is_medoid": false, "in_position_pool": false, "pool_rank": null, "selection_rationale": "pool position never used this baseline"}}, {"type": "Feature", "geometry": {"type": "Polygon", "coordinates": [[[73.81387967541369, 18.64025594380384, 0.0], [73.81411664958833, 18.6402574386178, 0.0], [73.81411821749879, 18.640031536421127, 0.0], [73.81398427744, 18.640030691584606, 0.0], [73.81398175890345, 18.640033776293553, 0.0], [73.81397136111272, 18.640044972048923, 0.0], [73.81396067548349, 18.6400620556519, 0.0], [73.81395302849144, 18.64007303086639, 0.0], [73.81394429981744, 18.64008324647133, 0.0], [73.81393457193668, 18.64009260594162, 0.0], [73.81392393676578, 18.640101020841588, 0.0], [73.8139124947941, 18.64010841166059, 0.0], [73.81390035413442, 18.640114708564315, 0.0], [73.81388762950127, 18.64011985205461, 0.0], [73.81388060559927, 18.640121951217886, 0.0], [73.81387967541369, 18.64025594380384, 0.0]]]}, "properties": {"name": "PMP-T0736", "emu_id": "EMU_Seasonal_wetland_polygon", "typicality_percentile": 66.7, "is_medoid": false, "in_position_pool": false, "pool_rank": null, "selection_rationale": "pool position never used this baseline"}}, {"type": "Feature", "geometry": {"type": "Polygon", "coordinates": [[[73.81411978538677, 18.639805634218902, 0.0], [73.81411821749879, 18.640031536421127, 0.0], [73.81435519138276, 18.640033030917163, 0.0], [73.81435657263847, 18.639833979199214, 0.0], [73.81435527645021, 18.639833848761118, 0.0], [73.81435215072709, 18.639833433493788, 0.0], [73.81432825249117, 18.63982948124664, 0.0], [73.81432513266586, 18.639828861637227, 0.0], [73.81427982235786, 18.639818336115365, 0.0], [73.81427672378256, 18.639817509150078, 0.0], [73.81423992852109, 18.639806391940326, 0.0], [73.81411978538677, 18.639805634218902, 0.0]]]}, "properties": {"name": "PMP-T0770", "emu_id": "EMU_Seasonal_wetland_polygon", "typicality_percentile": 50.0, "is_medoid": false, "in_position_pool": false, "pool_rank": null, "selection_rationale": "pool position never used this baseline"}}, {"type": "Feature", "geometry": {"type": "Polygon", "coordinates": [[[73.81435519138276, 18.640033030917163, 0.0], [73.81411821749879, 18.640031536421127, 0.0], [73.81411664958833, 18.6402574386178, 0.0], [73.81435362378544, 18.640258933133243, 0.0], [73.81435381396484, 18.640231527065012, 0.0], [73.81435245057784, 18.64022955002477, 0.0], [73.81434589779447, 18.64021761310944, 0.0], [73.81434062047808, 18.6402051150371, 0.0], [73.81433667076611, 18.64019217928366, 0.0], [73.81433408767978, 18.640178933649008, 0.0], [73.8143328967386, 18.64016550899456, 0.0], [73.81433310970826, 18.640152037950344, 0.0], [73.81433472448435, 18.640138653604637, 0.0], [73.81433772511326, 18.640125488189163, 0.0], [73.81434208194972, 18.64011267177268, 0.0], [73.81434775194974, 18.640100330975933, 0.0], [73.81435467909586, 18.640088587720758, 0.0], [73.81435480706784, 18.640088413802932, 0.0], [73.81435519138276, 18.640033030917163, 0.0]]]}, "properties": {"name": "PMP-T0771", "emu_id": "EMU_Seasonal_wetland_polygon", "typicality_percentile": 41.7, "is_medoid": false, "in_position_pool": false, "pool_rank": null, "selection_rationale": "pool position never used this baseline"}}, {"type": "Feature", "geometry": {"type": "Polygon", "coordinates": [[[73.81459347664575, 18.63984550880051, 0.0], [73.81441148022793, 18.639837358556246, 0.0], [73.81440993844527, 18.639837399755397, 0.0], [73.81440678255682, 18.63983738388414, 0.0], [73.81438254540355, 18.639836492170847, 0.0], [73.8143793976194, 18.639836276122598, 0.0], [73.81437305331079, 18.639835637682438, 0.0], [73.81437098603111, 18.63983554510317, 0.0], [73.81436635626157, 18.63983511996659, 0.0], [73.81436455778965, 18.639834782761234, 0.0], [73.81435657263847, 18.639833979199214, 0.0], [73.81435519138276, 18.640033030917163, 0.0], [73.81442558560259, 18.640033474806785, 0.0], [73.8144320949565, 18.640030761566507, 0.0], [73.81443463104807, 18.640028850234124, 0.0], [73.81445390766545, 18.640011154641233, 0.0], [73.81446459085049, 18.640002281959855, 0.0], [73.81447614733761, 18.639994466914054, 0.0], [73.81448846236917, 18.639987787108375, 0.0], [73.81450141365508, 18.639982308874245, 0.0], [73.81451487258722, 18.639978086611286, 0.0], [73.81452870551654, 18.6399751622472, 0.0], [73.8145427750801, 18.63997356482134, 0.0], [73.81455694156516, 18.63997331019637, 0.0], [73.81457106429663, 18.639974400900766, 0.0], [73.81458500303381, 18.639976826103727, 0.0], [73.81459255122775, 18.639978896939233, 0.0], [73.81459347664575, 18.63984550880051, 0.0]]]}, "properties": {"name": "PMP-T0803", "emu_id": "EMU_Seasonal_wetland_polygon", "typicality_percentile": 58.3, "is_medoid": false, "in_position_pool": false, "pool_rank": null, "selection_rationale": "pool position never used this baseline"}}, {"type": "Feature", "geometry": {"type": "Polygon", "coordinates": [[[73.81482913921812, 18.640036019013678, 0.0], [73.8148303870857, 18.63985611796442, 0.0], [73.81459347664575, 18.63984550880051, 0.0], [73.81459255122775, 18.639978896939233, 0.0], [73.81459861936305, 18.639980561722655, 0.0], [73.81461177807235, 18.639985570662354, 0.0], [73.81462434849378, 18.639991803183346, 0.0], [73.81463620580121, 18.63999919739585, 0.0], [73.8146472322498, 18.64000767987428, 0.0], [73.81465731834516, 18.640017166386436, 0.0], [73.81466636393073, 18.640027562729852, 0.0], [73.81467222749993, 18.640035029865444, 0.0], [73.81482913921812, 18.640036019013678, 0.0]]]}, "properties": {"name": "PMP-T0838", "emu_id": "EMU_Seasonal_wetland_polygon", "typicality_percentile": 100.0, "is_medoid": true, "in_position_pool": true, "pool_rank": 1, "selection_rationale": "stratum medoid \u2014 most representative position within this EMU"}}, {"type": "Feature", "geometry": {"type": "Polygon", "coordinates": [[[73.81482913921812, 18.640036019013678, 0.0], [73.8150332989332, 18.64003730581026, 0.0], [73.81502895430273, 18.640032729090485, 0.0], [73.81502333738216, 18.640025472419996, 0.0], [73.81501850720632, 18.640017718170544, 0.0], [73.81501451188485, 18.640009543576358, 0.0], [73.815011391212, 18.64000103005843, 0.0], [73.81500917627028, 18.639992262413458, 0.0], [73.81500788912095, 18.63998332796933, 0.0], [73.81500754258414, 18.639974315715268, 0.0], [73.81500814011132, 18.639965315415473, 0.0], [73.81501318875706, 18.639922953166238, 0.0], [73.81501473282891, 18.639914017327712, 0.0], [73.81501720741578, 18.639905273699156, 0.0], [73.81502058766218, 18.639896810103707, 0.0], [73.81502483961596, 18.639888711551734, 0.0], [73.81502992056939, 18.63988105938701, 0.0], [73.81503577948807, 18.639873930469715, 0.0], [73.81504235752355, 18.639867396404345, 0.0], [73.81504444185785, 18.639865703363995, 0.0], [73.8148303870857, 18.63985611796442, 0.0], [73.81482913921812, 18.640036019013678, 0.0]]]}, "properties": {"name": "PMP-T0870", "emu_id": "EMU_Seasonal_wetland_polygon", "typicality_percentile": 91.7, "is_medoid": false, "in_position_pool": false, "pool_rank": null, "selection_rationale": "pool position never used this baseline"}}, {"type": "Feature", "geometry": {"type": "Polygon", "coordinates": [[[73.81506454651156, 18.640263414888445, 0.0], [73.81506596463224, 18.64005893089578, 0.0], [73.81505806517596, 18.64005542347363, 0.0], [73.81504993030946, 18.640050819888618, 0.0], [73.81504231731577, 18.640045466257494, 0.0], [73.8150353020222, 18.64003941590377, 0.0], [73.8150332989332, 18.64003730581026, 0.0], [73.81482913921812, 18.640036019013678, 0.0], [73.81482767447606, 18.640247183531596, 0.0], [73.81483741691083, 18.640261983324223, 0.0], [73.81506454651156, 18.640263414888445, 0.0]]]}, "properties": {"name": "PMP-T0871", "emu_id": "EMU_Seasonal_wetland_polygon", "typicality_percentile": 83.3, "is_medoid": false, "in_position_pool": false, "pool_rank": null, "selection_rationale": "pool position never used this baseline"}}, {"type": "Feature", "geometry": {"type": "Polygon", "coordinates": [[[73.80654453221045, 18.63862814537409, 0.0], [73.80654295441543, 18.638854046980956, 0.0], [73.80677992601251, 18.638855550931794, 0.0], [73.80678150349442, 18.6386296493054, 0.0], [73.80654453221045, 18.63862814537409, 0.0]]]}, "properties": {"name": "PMP-T0009", "emu_id": "EMU_Trail_plots", "typicality_percentile": 21.9, "is_medoid": false, "in_position_pool": false, "pool_rank": null, "selection_rationale": "pool position never used this baseline"}}, {"type": "Feature", "geometry": {"type": "Polygon", "coordinates": [[[73.80654137659779, 18.63907994858226, 0.0], [73.80653979875753, 18.639305850178026, 0.0], [73.80677677098082, 18.639307354167933, 0.0], [73.80677834850796, 18.639081452552634, 0.0], [73.80654137659779, 18.63907994858226, 0.0]]]}, "properties": {"name": "PMP-T0011", "emu_id": "EMU_Trail_plots", "typicality_percentile": 31.2, "is_medoid": false, "in_position_pool": true, "pool_rank": 5, "selection_rationale": "best-scoring position in its spatial region \u2014 extends coverage of the EMU"}}, {"type": "Feature", "geometry": {"type": "Polygon", "coordinates": [[[73.80678150349442, 18.6386296493054, 0.0], [73.80677992601251, 18.638855550931794, 0.0], [73.80701689763218, 18.638857054584143, 0.0], [73.807018474801, 18.63863115293822, 0.0], [73.80678150349442, 18.6386296493054, 0.0]]]}, "properties": {"name": "PMP-T0015", "emu_id": "EMU_Trail_plots", "typicality_percentile": 37.5, "is_medoid": false, "in_position_pool": false, "pool_rank": null, "selection_rationale": "pool position never used this baseline"}}, {"type": "Feature", "geometry": {"type": "Polygon", "coordinates": [[[73.80677834850796, 18.639081452552634, 0.0], [73.80677677098082, 18.639307354167933, 0.0], [73.8070137432267, 18.639308857859334, 0.0], [73.80701532044075, 18.639082956224506, 0.0], [73.80677834850796, 18.639081452552634, 0.0]]]}, "properties": {"name": "PMP-T0017", "emu_id": "EMU_Trail_plots", "typicality_percentile": 43.8, "is_medoid": false, "in_position_pool": false, "pool_rank": null, "selection_rationale": "pool position never used this baseline"}}, {"type": "Feature", "geometry": {"type": "Polygon", "coordinates": [[[73.80677677098082, 18.639307354167933, 0.0], [73.80677519343105, 18.63953325577767, 0.0], [73.80701216599007, 18.639534759488605, 0.0], [73.8070137432267, 18.639308857859334, 0.0], [73.80677677098082, 18.639307354167933, 0.0]]]}, "properties": {"name": "PMP-T0018", "emu_id": "EMU_Trail_plots", "typicality_percentile": 50.0, "is_medoid": false, "in_position_pool": false, "pool_rank": null, "selection_rationale": "pool position never used this baseline"}}, {"type": "Feature", "geometry": {"type": "Polygon", "coordinates": [[[73.80677361585869, 18.639759157381864, 0.0], [73.80677203826372, 18.63998505898051, 0.0], [73.80700901144897, 18.6399865627305, 0.0], [73.80701058873082, 18.639760661112327, 0.0], [73.80677361585869, 18.639759157381864, 0.0]]]}, "properties": {"name": "PMP-T0020", "emu_id": "EMU_Trail_plots", "typicality_percentile": 53.1, "is_medoid": false, "in_position_pool": false, "pool_rank": null, "selection_rationale": "pool position never used this baseline"}}, {"type": "Feature", "geometry": {"type": "Polygon", "coordinates": [[[73.807018474801, 18.63863115293822, 0.0], [73.80701689763218, 18.638857054584143, 0.0], [73.80725386927445, 18.638858557937994, 0.0], [73.80725539218504, 18.638640384551877, 0.0], [73.80724620584289, 18.63863259765822, 0.0], [73.807018474801, 18.63863115293822, 0.0]]]}, "properties": {"name": "PMP-T0024", "emu_id": "EMU_Trail_plots", "typicality_percentile": 34.4, "is_medoid": false, "in_position_pool": true, "pool_rank": 4, "selection_rationale": "best-scoring position in its spatial region \u2014 extends coverage of the EMU"}}, {"type": "Feature", "geometry": {"type": "Polygon", "coordinates": [[[73.80701689763218, 18.638857054584143, 0.0], [73.80701532044075, 18.639082956224506, 0.0], [73.80725229239614, 18.63908445959789, 0.0], [73.80725386927445, 18.638858557937994, 0.0], [73.80701689763218, 18.638857054584143, 0.0]]]}, "properties": {"name": "PMP-T0025", "emu_id": "EMU_Trail_plots", "typicality_percentile": 46.9, "is_medoid": false, "in_position_pool": false, "pool_rank": null, "selection_rationale": "pool position never used this baseline"}}, {"type": "Feature", "geometry": {"type": "Polygon", "coordinates": [[[73.8070137432267, 18.639308857859334, 0.0], [73.80701216599007, 18.639534759488605, 0.0], [73.80724913857169, 18.639536262901032, 0.0], [73.80725071549521, 18.63931036125224, 0.0], [73.8070137432267, 18.639308857859334, 0.0]]]}, "properties": {"name": "PMP-T0027", "emu_id": "EMU_Trail_plots", "typicality_percentile": 59.4, "is_medoid": false, "in_position_pool": false, "pool_rank": null, "selection_rationale": "pool position never used this baseline"}}, {"type": "Feature", "geometry": {"type": "Polygon", "coordinates": [[[73.80700901144897, 18.6399865627305, 0.0], [73.80700743414452, 18.640212464343122, 0.0], [73.80724440766552, 18.64021396781412, 0.0], [73.80724598465684, 18.639988066181978, 0.0], [73.80700901144897, 18.6399865627305, 0.0]]]}, "properties": {"name": "PMP-T0030", "emu_id": "EMU_Trail_plots", "typicality_percentile": 71.9, "is_medoid": false, "in_position_pool": false, "pool_rank": null, "selection_rationale": "pool position never used this baseline"}}, {"type": "Feature", "geometry": {"type": "Polygon", "coordinates": [[[73.80700585681745, 18.640438365950192, 0.0], [73.80700427946778, 18.640664267551713, 0.0], [73.80724125361506, 18.640665771061766, 0.0], [73.80724283065159, 18.64043986944072, 0.0], [73.80700585681745, 18.640438365950192, 0.0]]]}, "properties": {"name": "PMP-T0032", "emu_id": "EMU_Trail_plots", "typicality_percentile": 65.6, "is_medoid": false, "in_position_pool": false, "pool_rank": null, "selection_rationale": "pool position never used this baseline"}}, {"type": "Feature", "geometry": {"type": "Polygon", "coordinates": [[[73.80700427946778, 18.640664267551713, 0.0], [73.80700270209549, 18.64089016914769, 0.0], [73.80723967655592, 18.640891672677267, 0.0], [73.80724125361506, 18.640665771061766, 0.0], [73.80700427946778, 18.640664267551713, 0.0]]]}, "properties": {"name": "PMP-T0033", "emu_id": "EMU_Trail_plots", "typicality_percentile": 62.5, "is_medoid": false, "in_position_pool": true, "pool_rank": 2, "selection_rationale": "best-scoring position in its spatial region \u2014 extends coverage of the EMU"}}, {"type": "Feature", "geometry": {"type": "Polygon", "coordinates": [[[73.80724913857169, 18.639536262901032, 0.0], [73.80724756162557, 18.63976216454428, 0.0], [73.80748453454291, 18.639763667677723, 0.0], [73.80748611117592, 18.639537766014957, 0.0], [73.80724913857169, 18.639536262901032, 0.0]]]}, "properties": {"name": "PMP-T0039", "emu_id": "EMU_Trail_plots", "typicality_percentile": 87.5, "is_medoid": false, "in_position_pool": true, "pool_rank": 3, "selection_rationale": "best-scoring position in its spatial region \u2014 extends coverage of the EMU"}}, {"type": "Feature", "geometry": {"type": "Polygon", "coordinates": [[[73.80724598465684, 18.639988066181978, 0.0], [73.80724440766552, 18.64021396781412, 0.0], [73.80748138120913, 18.640215470986607, 0.0], [73.80748295788732, 18.63998956933494, 0.0], [73.80724598465684, 18.639988066181978, 0.0]]]}, "properties": {"name": "PMP-T0041", "emu_id": "EMU_Trail_plots", "typicality_percentile": 96.9, "is_medoid": false, "in_position_pool": false, "pool_rank": null, "selection_rationale": "pool position never used this baseline"}}, {"type": "Feature", "geometry": {"type": "Polygon", "coordinates": [[[73.80724440766552, 18.64021396781412, 0.0], [73.80724283065159, 18.64043986944072, 0.0], [73.80747980450832, 18.640441372632722, 0.0], [73.80748138120913, 18.640215470986607, 0.0], [73.80724440766552, 18.64021396781412, 0.0]]]}, "properties": {"name": "PMP-T0042", "emu_id": "EMU_Trail_plots", "typicality_percentile": 90.6, "is_medoid": false, "in_position_pool": false, "pool_rank": null, "selection_rationale": "pool position never used this baseline"}}, {"type": "Feature", "geometry": {"type": "Polygon", "coordinates": [[[73.80724125361506, 18.640665771061766, 0.0], [73.80723967655592, 18.640891672677267, 0.0], [73.80747665103894, 18.640893175908307, 0.0], [73.80747822778493, 18.64066727427329, 0.0], [73.80724125361506, 18.640665771061766, 0.0]]]}, "properties": {"name": "PMP-T0044", "emu_id": "EMU_Trail_plots", "typicality_percentile": 81.2, "is_medoid": false, "in_position_pool": false, "pool_rank": null, "selection_rationale": "pool position never used this baseline"}}, {"type": "Feature", "geometry": {"type": "Polygon", "coordinates": [[[73.80748926437413, 18.63908596267277, 0.0], [73.80748768778632, 18.639311864346638, 0.0], [73.80772466010002, 18.639313367142538, 0.0], [73.80772559894498, 18.6391788182279, 0.0], [73.80772498640083, 18.639178006929615, 0.0], [73.80771992927345, 18.639170564044896, 0.0], [73.80771566177923, 18.639162684470968, 0.0], [73.80771222501637, 18.639154444092494, 0.0], [73.80770965208268, 18.639145922268867, 0.0], [73.8077079677568, 18.63913720106991, 0.0], [73.80770718825954, 18.639128364485597, 0.0], [73.80770732109778, 18.639119497617042, 0.0], [73.80770836499205, 18.639110685857027, 0.0], [73.80771030988896, 18.639102014067593, 0.0], [73.80771313705797, 18.639093565762792, 0.0], [73.80771592499116, 18.639087400064923, 0.0], [73.80748926437413, 18.63908596267277, 0.0]]]}, "properties": {"name": "PMP-T0048", "emu_id": "EMU_Trail_plots", "typicality_percentile": 40.6, "is_medoid": false, "in_position_pool": false, "pool_rank": null, "selection_rationale": "pool position never used this baseline"}}, {"type": "Feature", "geometry": {"type": "Polygon", "coordinates": [[[73.80748611117592, 18.639537766014957, 0.0], [73.80748453454291, 18.639763667677723, 0.0], [73.80772150748287, 18.639765170512653, 0.0], [73.80772308380274, 18.639539268830372, 0.0], [73.80748611117592, 18.639537766014957, 0.0]]]}, "properties": {"name": "PMP-T0050", "emu_id": "EMU_Trail_plots", "typicality_percentile": 78.1, "is_medoid": false, "in_position_pool": false, "pool_rank": null, "selection_rationale": "pool position never used this baseline"}}, {"type": "Feature", "geometry": {"type": "Polygon", "coordinates": [[[73.80748138120913, 18.640215470986607, 0.0], [73.80747980450832, 18.640441372632722, 0.0], [73.80771677838767, 18.640442875526208, 0.0], [73.80771835477533, 18.640216973860568, 0.0], [73.80748138120913, 18.640215470986607, 0.0]]]}, "properties": {"name": "PMP-T0053", "emu_id": "EMU_Trail_plots", "typicality_percentile": 100.0, "is_medoid": true, "in_position_pool": true, "pool_rank": 1, "selection_rationale": "stratum medoid \u2014 most representative position within this EMU"}}, {"type": "Feature", "geometry": {"type": "Polygon", "coordinates": [[[73.80771520197742, 18.640668777186292, 0.0], [73.80747822778493, 18.64066727427329, 0.0], [73.80747665103894, 18.640893175908307, 0.0], [73.8075758660285, 18.640893805182948, 0.0], [73.80761921169223, 18.640878705612995, 0.0], [73.8076269967261, 18.640876350798695, 0.0], [73.80765859643708, 18.640868202966896, 0.0], [73.80765859671968, 18.640868202886207, 0.0], [73.8077139098337, 18.64085394066138, 0.0], [73.80771520197742, 18.640668777186292, 0.0]]]}, "properties": {"name": "PMP-T0055", "emu_id": "EMU_Trail_plots", "typicality_percentile": 84.4, "is_medoid": false, "in_position_pool": false, "pool_rank": null, "selection_rationale": "pool position never used this baseline"}}, {"type": "Feature", "geometry": {"type": "Polygon", "coordinates": [[[73.80772308380274, 18.639539268830372, 0.0], [73.80772150748287, 18.639765170512653, 0.0], [73.8079584804454, 18.639766673049078, 0.0], [73.80795858486707, 18.639751705553874, 0.0], [73.80793985200519, 18.639686772001976, 0.0], [73.80790209542552, 18.639579700570202, 0.0], [73.80790205676743, 18.63957959047404, 0.0], [73.80788832535679, 18.639540316570265, 0.0], [73.80772308380274, 18.639539268830372, 0.0]]]}, "properties": {"name": "PMP-T0060", "emu_id": "EMU_Trail_plots", "typicality_percentile": 68.8, "is_medoid": false, "in_position_pool": false, "pool_rank": null, "selection_rationale": "pool position never used this baseline"}}, {"type": "Feature", "geometry": {"type": "Polygon", "coordinates": [[[73.80772150748287, 18.639765170512653, 0.0], [73.80771993114038, 18.639991072189392, 0.0], [73.80795690441605, 18.639992574745325, 0.0], [73.8079584804454, 18.639766673049078, 0.0], [73.80772150748287, 18.639765170512653, 0.0]]]}, "properties": {"name": "PMP-T0061", "emu_id": "EMU_Trail_plots", "typicality_percentile": 75.0, "is_medoid": false, "in_position_pool": false, "pool_rank": null, "selection_rationale": "pool position never used this baseline"}}, {"type": "Feature", "geometry": {"type": "Polygon", "coordinates": [[[73.80771835477533, 18.640216973860568, 0.0], [73.80771677838767, 18.640442875526208, 0.0], [73.8079537522896, 18.64044437812117, 0.0], [73.80795532836413, 18.640218476436022, 0.0], [73.80771835477533, 18.640216973860568, 0.0]]]}, "properties": {"name": "PMP-T0063", "emu_id": "EMU_Trail_plots", "typicality_percentile": 93.8, "is_medoid": false, "in_position_pool": false, "pool_rank": null, "selection_rationale": "pool position never used this baseline"}}, {"type": "Feature", "geometry": {"type": "Polygon", "coordinates": [[[73.80769943663223, 18.642927793481892, 0.0], [73.80793641397896, 18.642929296291506, 0.0], [73.80793799030197, 18.642703394667404, 0.0], [73.80776144107756, 18.642702275108693, 0.0], [73.8077008570761, 18.64272427137603, 0.0], [73.80769943663223, 18.642927793481892, 0.0]]]}, "properties": {"name": "PMP-T0066", "emu_id": "EMU_Trail_plots", "typicality_percentile": 28.1, "is_medoid": false, "in_position_pool": false, "pool_rank": null, "selection_rationale": "pool position never used this baseline"}}, {"type": "Feature", "geometry": {"type": "Polygon", "coordinates": [[[73.8079316848744, 18.643607001130494, 0.0], [73.80793326126519, 18.643381099523047, 0.0], [73.80769628329207, 18.643379596674407, 0.0], [73.80769613561513, 18.643400755162325, 0.0], [73.80773307791624, 18.64354416174043, 0.0], [73.80774163209192, 18.643605795878074, 0.0], [73.8079316848744, 18.643607001130494, 0.0]]]}, "properties": {"name": "PMP-T0069", "emu_id": "EMU_Trail_plots", "typicality_percentile": 25.0, "is_medoid": false, "in_position_pool": false, "pool_rank": null, "selection_rationale": "pool position never used this baseline"}}, {"type": "Feature", "geometry": {"type": "Polygon", "coordinates": [[[73.80819009925234, 18.640535760974927, 0.0], [73.80817109186475, 18.64049000403573, 0.0], [73.80817047591545, 18.64048843708043, 0.0], [73.80815459892321, 18.64044565140791, 0.0], [73.8079537522896, 18.64044437812117, 0.0], [73.80795217619249, 18.640670279800766, 0.0], [73.80807364288114, 18.64067104988526, 0.0], [73.80807665700682, 18.640663043368004, 0.0], [73.80808049260858, 18.640655269810626, 0.0], [73.80808508523482, 18.640647878590865, 0.0], [73.80809039337825, 18.640640936508984, 0.0], [73.80809636906488, 18.64063450630603, 0.0], [73.80810295828772, 18.64062864609686, 0.0], [73.80811010149469, 18.640623408844768, 0.0], [73.80811773412698, 18.640618841882915, 0.0], [73.80812578720248, 18.640614986486533, 0.0], [73.80813418793919, 18.640611877499854, 0.0], [73.80818969174041, 18.6405941811687, 0.0], [73.80819009925234, 18.640535760974927, 0.0]]]}, "properties": {"name": "PMP-T0080", "emu_id": "EMU_Trail_plots", "typicality_percentile": 56.2, "is_medoid": false, "in_position_pool": false, "pool_rank": null, "selection_rationale": "pool position never used this baseline"}}, {"type": "Feature", "geometry": {"type": "Polygon", "coordinates": [[[73.80793326126519, 18.643381099523047, 0.0], [73.8079316848744, 18.643607001130494, 0.0], [73.80816866318331, 18.64360850370007, 0.0], [73.80817023926089, 18.643382602073114, 0.0], [73.80793326126519, 18.643381099523047, 0.0]]]}, "properties": {"name": "PMP-T0084", "emu_id": "EMU_Trail_plots", "typicality_percentile": 18.8, "is_medoid": false, "in_position_pool": false, "pool_rank": null, "selection_rationale": "pool position never used this baseline"}}, {"type": "Feature", "geometry": {"type": "Polygon", "coordinates": [[[73.80793010846104, 18.643832902732395, 0.0], [73.80792853202507, 18.644058804328736, 0.0], [73.8081655109604, 18.64406030693733, 0.0], [73.80816708708313, 18.643834405321474, 0.0], [73.80793010846104, 18.643832902732395, 0.0]]]}, "properties": {"name": "PMP-T0086", "emu_id": "EMU_Trail_plots", "typicality_percentile": 0.0, "is_medoid": false, "in_position_pool": false, "pool_rank": null, "selection_rationale": "pool position never used this baseline"}}, {"type": "Feature", "geometry": {"type": "Polygon", "coordinates": [[[73.80817339134829, 18.642930798802546, 0.0], [73.80817181531587, 18.643156700440603, 0.0], [73.80840879302097, 18.643158202672595, 0.0], [73.80841036874018, 18.64293230101503, 0.0], [73.80817339134829, 18.642930798802546, 0.0]]]}, "properties": {"name": "PMP-T0103", "emu_id": "EMU_Trail_plots", "typicality_percentile": 15.6, "is_medoid": false, "in_position_pool": true, "pool_rank": 6, "selection_rationale": "best-scoring position in its spatial region \u2014 extends coverage of the EMU"}}, {"type": "Feature", "geometry": {"type": "Polygon", "coordinates": [[[73.80817023926089, 18.643382602073114, 0.0], [73.80816866318331, 18.64360850370007, 0.0], [73.8084056415148, 18.64361000597107, 0.0], [73.80840721727917, 18.64338410432461, 0.0], [73.80817023926089, 18.643382602073114, 0.0]]]}, "properties": {"name": "PMP-T0105", "emu_id": "EMU_Trail_plots", "typicality_percentile": 12.5, "is_medoid": false, "in_position_pool": false, "pool_rank": null, "selection_rationale": "pool position never used this baseline"}}, {"type": "Feature", "geometry": {"type": "Polygon", "coordinates": [[[73.80816866318331, 18.64360850370007, 0.0], [73.80816708708313, 18.643834405321474, 0.0], [73.80840406572783, 18.643835907611983, 0.0], [73.8084056415148, 18.64361000597107, 0.0], [73.80816866318331, 18.64360850370007, 0.0]]]}, "properties": {"name": "PMP-T0106", "emu_id": "EMU_Trail_plots", "typicality_percentile": 6.2, "is_medoid": false, "in_position_pool": true, "pool_rank": 7, "selection_rationale": "best-scoring position in its spatial region \u2014 extends coverage of the EMU"}}, {"type": "Feature", "geometry": {"type": "Polygon", "coordinates": [[[73.80841352011088, 18.64248049768325, 0.0], [73.80841194443683, 18.642706399351916, 0.0], [73.80864892153812, 18.642707901246332, 0.0], [73.80865049689899, 18.64248199955817, 0.0], [73.80841352011088, 18.64248049768325, 0.0]]]}, "properties": {"name": "PMP-T0122", "emu_id": "EMU_Trail_plots", "typicality_percentile": 9.4, "is_medoid": false, "in_position_pool": false, "pool_rank": null, "selection_rationale": "pool position never used this baseline"}}, {"type": "Feature", "geometry": {"type": "Polygon", "coordinates": [[[73.8084056415148, 18.64361000597107, 0.0], [73.80840406572783, 18.643835907611983, 0.0], [73.8086410443951, 18.64383740960391, 0.0], [73.80864253325794, 18.643623926864464, 0.0], [73.80863144136927, 18.643611437100706, 0.0], [73.8084056415148, 18.64361000597107, 0.0]]]}, "properties": {"name": "PMP-T0127", "emu_id": "EMU_Trail_plots", "typicality_percentile": 3.1, "is_medoid": false, "in_position_pool": false, "pool_rank": null, "selection_rationale": "pool position never used this baseline"}}, {"type": "Feature", "geometry": {"type": "Polygon", "coordinates": [[[73.80819860479521, 18.63931637183883, 0.0], [73.80843557717668, 18.639317873739223, 0.0], [73.80843715251203, 18.639091971987312, 0.0], [73.80834870122983, 18.639091411435967, 0.0], [73.80827096662168, 18.639133995053538, 0.0], [73.80827092399083, 18.639134018379004, 0.0], [73.80819960484965, 18.639172993767925, 0.0], [73.80819860479521, 18.63931637183883, 0.0]]]}, "properties": {"name": "PMP-T0095", "emu_id": "EMU_Water_margin", "typicality_percentile": 40.6, "is_medoid": false, "in_position_pool": false, "pool_rank": null, "selection_rationale": "pool position never used this baseline"}}, {"type": "Feature", "geometry": {"type": "Polygon", "coordinates": [[[73.80819860479521, 18.63931637183883, 0.0], [73.80819702912416, 18.639542273565684, 0.0], [73.80843400181875, 18.639543775485585, 0.0], [73.80843557717668, 18.639317873739223, 0.0], [73.80819860479521, 18.63931637183883, 0.0]]]}, "properties": {"name": "PMP-T0096", "emu_id": "EMU_Water_margin", "typicality_percentile": 46.6, "is_medoid": false, "in_position_pool": false, "pool_rank": null, "selection_rationale": "pool position never used this baseline"}}, {"type": "Feature", "geometry": {"type": "Polygon", "coordinates": [[[73.80819702912416, 18.639542273565684, 0.0], [73.80819545343053, 18.639768175286992, 0.0], [73.80843242643823, 18.639769677226397, 0.0], [73.80843400181875, 18.639543775485585, 0.0], [73.80819702912416, 18.639542273565684, 0.0]]]}, "properties": {"name": "PMP-T0097", "emu_id": "EMU_Water_margin", "typicality_percentile": 55.6, "is_medoid": false, "in_position_pool": true, "pool_rank": 5, "selection_rationale": "best-scoring position in its spatial region \u2014 extends coverage of the EMU"}}, {"type": "Feature", "geometry": {"type": "Polygon", "coordinates": [[[73.80867547076863, 18.638900393591324, 0.0], [73.80852211449522, 18.63899632302136, 0.0], [73.80851972704374, 18.63899772198308, 0.0], [73.80843749562735, 18.639042769113225, 0.0], [73.80843715251203, 18.639091971987312, 0.0], [73.80865852696563, 18.63909337474388, 0.0], [73.80867418608162, 18.639084655762126, 0.0], [73.80867547076863, 18.638900393591324, 0.0]]]}, "properties": {"name": "PMP-T0119", "emu_id": "EMU_Water_margin", "typicality_percentile": 54.9, "is_medoid": false, "in_position_pool": false, "pool_rank": null, "selection_rationale": "pool position never used this baseline"}}, {"type": "Feature", "geometry": {"type": "Polygon", "coordinates": [[[73.80843242643823, 18.639769677226397, 0.0], [73.80843085103514, 18.63999557896166, 0.0], [73.80866782437856, 18.639997080622056, 0.0], [73.80866890000702, 18.639842812733786, 0.0], [73.8086603040747, 18.6398313367845, 0.0], [73.8086505417933, 18.6398199934506, 0.0], [73.8086400050566, 18.6398092983511, 0.0], [73.8086287411094, 18.6397992994407, 0.0], [73.80861680045221, 18.639790041522005, 0.0], [73.80858847465753, 18.639770666099874, 0.0], [73.80843242643823, 18.639769677226397, 0.0]]]}, "properties": {"name": "PMP-T0120", "emu_id": "EMU_Water_margin", "typicality_percentile": 62.4, "is_medoid": false, "in_position_pool": false, "pool_rank": null, "selection_rationale": "pool position never used this baseline"}}, {"type": "Feature", "geometry": {"type": "Polygon", "coordinates": [[[73.80891267140302, 18.638869073057144, 0.0], [73.80872741698342, 18.638867899458315, 0.0], [73.80867547076863, 18.638900393591324, 0.0], [73.80867418608162, 18.639084655762126, 0.0], [73.8087526170463, 18.6390409854372, 0.0], [73.80891206882133, 18.6389555187634, 0.0], [73.80891267140302, 18.638869073057144, 0.0]]]}, "properties": {"name": "PMP-T0138", "emu_id": "EMU_Water_margin", "typicality_percentile": 59.4, "is_medoid": false, "in_position_pool": false, "pool_rank": null, "selection_rationale": "pool position never used this baseline"}}, {"type": "Feature", "geometry": {"type": "Polygon", "coordinates": [[[73.80888117338348, 18.64338710793188, 0.0], [73.8088827484989, 18.643161206240865, 0.0], [73.80878712493868, 18.6431606003479, 0.0], [73.80878685940276, 18.643162503454672, 0.0], [73.80878163806241, 18.643192647329304, 0.0], [73.80878106104424, 18.643195431470986, 0.0], [73.80877386473084, 18.643225203397147, 0.0], [73.80877310548753, 18.64322794751357, 0.0], [73.80876396259256, 18.643257230027945, 0.0], [73.80876302411963, 18.643259923292174, 0.0], [73.80875197071475, 18.643288600862714, 0.0], [73.8087508237978, 18.643291303715277, 0.0], [73.80872583777612, 18.643345122320426, 0.0], [73.8087193129216, 18.64335918671467, 0.0], [73.80871432765345, 18.643372222330544, 0.0], [73.808710266281, 18.643385546082943, 0.0], [73.80871015621453, 18.643386024280666, 0.0], [73.80888117338348, 18.64338710793188, 0.0]]]}, "properties": {"name": "PMP-T0141", "emu_id": "EMU_Water_margin", "typicality_percentile": 78.2, "is_medoid": false, "in_position_pool": false, "pool_rank": null, "selection_rationale": "pool position never used this baseline"}}, {"type": "Feature", "geometry": {"type": "Polygon", "coordinates": [[[73.80887959824551, 18.643613009617344, 0.0], [73.80888117338348, 18.64338710793188, 0.0], [73.80871015621453, 18.643386024280666, 0.0], [73.80870714691979, 18.6433990985424, 0.0], [73.80870498348371, 18.64341281925942, 0.0], [73.80870378562278, 18.6434266470339, 0.0], [73.80870355868026, 18.64344052018862, 0.0], [73.80870430366853, 18.643454376843557, 0.0], [73.80870601726495, 18.64346815519221, 0.0], [73.80870869452772, 18.64348180755275, 0.0], [73.808709098411, 18.643483309198935, 0.0], [73.80870960920647, 18.643484795727527, 0.0], [73.80871022106491, 18.643486247163686, 0.0], [73.80871093135752, 18.643487657271407, 0.0], [73.80871173703235, 18.64348901999194, 0.0], [73.80871266661957, 18.643490376142303, 0.0], [73.80873125561101, 18.64351408343441, 0.0], [73.80875135512551, 18.643536716011425, 0.0], [73.80877285630028, 18.643558146064272, 0.0], [73.8087956801248, 18.64357829484298, 0.0], [73.80882077578136, 18.643597895145096, 0.0], [73.80883997397571, 18.643612758548862, 0.0], [73.80887959824551, 18.643613009617344, 0.0]]]}, "properties": {"name": "PMP-T0142", "emu_id": "EMU_Water_margin", "typicality_percentile": 73.7, "is_medoid": false, "in_position_pool": false, "pool_rank": null, "selection_rationale": "pool position never used this baseline"}}, {"type": "Feature", "geometry": {"type": "Polygon", "coordinates": [[[73.80890322294515, 18.640224483752643, 0.0], [73.80914019664684, 18.640225984835507, 0.0], [73.80914177113311, 18.640000083047305, 0.0], [73.80906038256089, 18.63999956754037, 0.0], [73.8090015147726, 18.64005946315709, 0.0], [73.8089730383232, 18.6400878068783, 0.0], [73.8089428246034, 18.6401144660415, 0.0], [73.808910983077, 18.64013934406031, 0.0], [73.8089037818435, 18.64014431129344, 0.0], [73.80890322294515, 18.640224483752643, 0.0]]]}, "properties": {"name": "PMP-T0154", "emu_id": "EMU_Water_margin", "typicality_percentile": 6.0, "is_medoid": false, "in_position_pool": false, "pool_rank": null, "selection_rationale": "pool position never used this baseline"}}, {"type": "Feature", "geometry": {"type": "Polygon", "coordinates": [[[73.808885898662, 18.64270940284219, 0.0], [73.80912287580844, 18.642710904139484, 0.0], [73.80912445009542, 18.642485066614096, 0.0], [73.8091242274829, 18.642485000999347, 0.0], [73.80905274587705, 18.64248454818584, 0.0], [73.80902131535147, 18.642537093410244, 0.0], [73.80901961632496, 18.64253972097232, 0.0], [73.8089841534677, 18.642590588692705, 0.0], [73.80898227020869, 18.64259309954055, 0.0], [73.80894324673912, 18.64264154042766, 0.0], [73.80894139672276, 18.642643695969713, 0.0], [73.8088924649833, 18.642697251846307, 0.0], [73.80889070060711, 18.642699079037964, 0.0], [73.80888593809728, 18.642703746865326, 0.0], [73.808885898662, 18.64270940284219, 0.0]]]}, "properties": {"name": "PMP-T0155", "emu_id": "EMU_Water_margin", "typicality_percentile": 74.4, "is_medoid": false, "in_position_pool": false, "pool_rank": null, "selection_rationale": "pool position never used this baseline"}}, {"type": "Feature", "geometry": {"type": "Polygon", "coordinates": [[[73.808885898662, 18.64270940284219, 0.0], [73.80888432359174, 18.642935304544302, 0.0], [73.80912130105136, 18.642936805861094, 0.0], [73.80912287580844, 18.642710904139484, 0.0], [73.808885898662, 18.64270940284219, 0.0]]]}, "properties": {"name": "PMP-T0156", "emu_id": "EMU_Water_margin", "typicality_percentile": 93.2, "is_medoid": false, "in_position_pool": false, "pool_rank": null, "selection_rationale": "pool position never used this baseline"}}, {"type": "Feature", "geometry": {"type": "Polygon", "coordinates": [[[73.80888432359174, 18.642935304544302, 0.0], [73.8088827484989, 18.643161206240865, 0.0], [73.80911972627173, 18.64316270757715, 0.0], [73.80912130105136, 18.642936805861094, 0.0], [73.80888432359174, 18.642935304544302, 0.0]]]}, "properties": {"name": "PMP-T0157", "emu_id": "EMU_Water_margin", "typicality_percentile": 90.2, "is_medoid": false, "in_position_pool": false, "pool_rank": null, "selection_rationale": "pool position never used this baseline"}}, {"type": "Feature", "geometry": {"type": "Polygon", "coordinates": [[[73.8088827484989, 18.643161206240865, 0.0], [73.80888117338348, 18.64338710793188, 0.0], [73.80911815146952, 18.643388609287655, 0.0], [73.80911972627173, 18.64316270757715, 0.0], [73.8088827484989, 18.643161206240865, 0.0]]]}, "properties": {"name": "PMP-T0158", "emu_id": "EMU_Water_margin", "typicality_percentile": 86.5, "is_medoid": false, "in_position_pool": false, "pool_rank": null, "selection_rationale": "pool position never used this baseline"}}, {"type": "Feature", "geometry": {"type": "Polygon", "coordinates": [[[73.80888117338348, 18.64338710793188, 0.0], [73.80887959824551, 18.643613009617344, 0.0], [73.80911657664474, 18.643614510992617, 0.0], [73.80911815146952, 18.643388609287655, 0.0], [73.80888117338348, 18.64338710793188, 0.0]]]}, "properties": {"name": "PMP-T0159", "emu_id": "EMU_Water_margin", "typicality_percentile": 87.2, "is_medoid": false, "in_position_pool": true, "pool_rank": 2, "selection_rationale": "best-scoring position in its spatial region \u2014 extends coverage of the EMU"}}, {"type": "Feature", "geometry": {"type": "Polygon", "coordinates": [[[73.80911657664474, 18.643614510992617, 0.0], [73.80887959824551, 18.643613009617344, 0.0], [73.8088793844875, 18.643643665918084, 0.0], [73.80892642105808, 18.64368412946915, 0.0], [73.80900612938707, 18.64375190586991, 0.0], [73.80908911720489, 18.643813909004397, 0.0], [73.80911506828713, 18.643830875233913, 0.0], [73.80911657664474, 18.643614510992617, 0.0]]]}, "properties": {"name": "PMP-T0160", "emu_id": "EMU_Water_margin", "typicality_percentile": 82.7, "is_medoid": false, "in_position_pool": false, "pool_rank": null, "selection_rationale": "pool position never used this baseline"}}, {"type": "Feature", "geometry": {"type": "Polygon", "coordinates": [[[73.80936090448722, 18.6425615323551, 0.0], [73.80935903788563, 18.6425448890653, 0.0], [73.80935136176566, 18.642544961467465, 0.0], [73.80933746230748, 18.642543788713528, 0.0], [73.809323750365, 18.642541322892125, 0.0], [73.809310357992, 18.642537587750553, 0.0], [73.8092974141646, 18.64253261926035, 0.0], [73.80928504353919, 18.642526465270898, 0.0], [73.80927336525177, 18.642519185048624, 0.0], [73.8092624917708, 18.642510848706195, 0.0], [73.80925937969768, 18.64250794020508, 0.0], [73.80925000431061, 18.642507720778006, 0.0], [73.8092434921777, 18.642507354323342, 0.0], [73.80921729719337, 18.64250501577828, 0.0], [73.80921082692063, 18.642504223234692, 0.0], [73.80918486269131, 18.642500172798677, 0.0], [73.809178464922, 18.642498957919656, 0.0], [73.80915285441371, 18.64249321477556, 0.0], [73.80914655944736, 18.64249158331473, 0.0], [73.80912445009542, 18.642485066614096, 0.0], [73.80912287580844, 18.642710904139484, 0.0], [73.80932485190122, 18.64271218346237, 0.0], [73.8093243516559, 18.642689615089797, 0.0], [73.80936059339797, 18.6426061682315, 0.0], [73.80936090448722, 18.6425615323551, 0.0]]]}, "properties": {"name": "PMP-T0178", "emu_id": "EMU_Water_margin", "typicality_percentile": 0.0, "is_medoid": false, "in_position_pool": false, "pool_rank": null, "selection_rationale": "pool position never used this baseline"}}, {"type": "Feature", "geometry": {"type": "Polygon", "coordinates": [[[73.80912287580844, 18.642710904139484, 0.0], [73.80912130105136, 18.642936805861094, 0.0], [73.80931494079267, 18.642938032399865, 0.0], [73.8093266818822, 18.6427947423598, 0.0], [73.80932485190122, 18.64271218346237, 0.0], [73.80912287580844, 18.642710904139484, 0.0]]]}, "properties": {"name": "PMP-T0179", "emu_id": "EMU_Water_margin", "typicality_percentile": 88.7, "is_medoid": false, "in_position_pool": false, "pool_rank": null, "selection_rationale": "pool position never used this baseline"}}, {"type": "Feature", "geometry": {"type": "Polygon", "coordinates": [[[73.80912130105136, 18.642936805861094, 0.0], [73.80911972627173, 18.64316270757715, 0.0], [73.80922555701112, 18.64316337795506, 0.0], [73.8092328439467, 18.6430744479157, 0.0], [73.8093132910703, 18.6429581658356, 0.0], [73.80931494079267, 18.642938032399865, 0.0], [73.80912130105136, 18.642936805861094, 0.0]]]}, "properties": {"name": "PMP-T0180", "emu_id": "EMU_Water_margin", "typicality_percentile": 85.0, "is_medoid": false, "in_position_pool": false, "pool_rank": null, "selection_rationale": "pool position never used this baseline"}}, {"type": "Feature", "geometry": {"type": "Polygon", "coordinates": [[[73.80935198053237, 18.643841913788208, 0.0], [73.80935230597453, 18.64379522218583, 0.0], [73.809301202763, 18.6438135879364, 0.0], [73.8092897858583, 18.64369380417959, 0.0], [73.8093115308848, 18.643650145081097, 0.0], [73.80928320391743, 18.64361556647987, 0.0], [73.80911657664474, 18.643614510992617, 0.0], [73.80911506828713, 18.643830875233913, 0.0], [73.80912979991686, 18.643840506436607, 0.0], [73.80935198053237, 18.643841913788208, 0.0]]]}, "properties": {"name": "PMP-T0181", "emu_id": "EMU_Water_margin", "typicality_percentile": 83.5, "is_medoid": false, "in_position_pool": false, "pool_rank": null, "selection_rationale": "pool position never used this baseline"}}, {"type": "Feature", "geometry": {"type": "Polygon", "coordinates": [[[73.80962516066428, 18.638647673198882, 0.0], [73.80962673436639, 18.63842177133286, 0.0], [73.8094564946005, 18.63842069352841, 0.0], [73.80943344220705, 18.63843104294914, 0.0], [73.80943781288974, 18.638435438225812, 0.0], [73.80944624097535, 18.638445742481746, 0.0], [73.80945358911747, 18.63845677246817, 0.0], [73.80945978903115, 18.638468425685797, 0.0], [73.8094647831017, 18.638480593843752, 0.0], [73.80946852491998, 18.638493163865903, 0.0], [73.80949205048034, 18.638589690702517, 0.0], [73.80949452729861, 18.63860270479656, 0.0], [73.80949566175238, 18.638615887056226, 0.0], [73.80949544303897, 18.63862911195903, 0.0], [73.80949387324068, 18.638642253576435, 0.0], [73.80949284373888, 18.638646835491183, 0.0], [73.80962516066428, 18.638647673198882, 0.0]]]}, "properties": {"name": "PMP-T0202", "emu_id": "EMU_Water_margin", "typicality_percentile": 18.0, "is_medoid": false, "in_position_pool": false, "pool_rank": null, "selection_rationale": "pool position never used this baseline"}}, {"type": "Feature", "geometry": {"type": "Polygon", "coordinates": [[[73.80960942240256, 18.640906691553923, 0.0], [73.80960989988871, 18.64083815953284, 0.0], [73.8095548149773, 18.6408063235175, 0.0], [73.8095440992689, 18.6407996882795, 0.0], [73.8095338833553, 18.640792371648093, 0.0], [73.8095242148343, 18.640784407712687, 0.0], [73.8095151387528, 18.6407758335787, 0.0], [73.8095066973979, 18.640766689194297, 0.0], [73.809498930099, 18.6407570171648, 0.0], [73.809491873045, 18.6407468625537, 0.0], [73.80948555911601, 18.640736272672992, 0.0], [73.8094800177292, 18.640725296862602, 0.0], [73.8094752746993, 18.6407139862616, 0.0], [73.80946769102951, 18.640695621655397, 0.0], [73.8094600400549, 18.64067983392083, 0.0], [73.80937402195713, 18.640679289218593, 0.0], [73.80937250571021, 18.640896869006248, 0.0], [73.80937785169883, 18.64090034734659, 0.0], [73.80938398231348, 18.640905264054624, 0.0], [73.80960942240256, 18.640906691553923, 0.0]]]}, "properties": {"name": "PMP-T0203", "emu_id": "EMU_Water_margin", "typicality_percentile": 27.1, "is_medoid": false, "in_position_pool": false, "pool_rank": null, "selection_rationale": "pool position never used this baseline"}}, {"type": "Feature", "geometry": {"type": "Polygon", "coordinates": [[[73.80935198053237, 18.643841913788208, 0.0], [73.80958895928994, 18.64384341458582, 0.0], [73.80959053351087, 18.643617512847435, 0.0], [73.80948247223651, 18.643616828535333, 0.0], [73.8094612226043, 18.6437065691584, 0.0], [73.809381039739, 18.643784895681, 0.0], [73.80935230597453, 18.64379522218583, 0.0], [73.80935198053237, 18.643841913788208, 0.0]]]}, "properties": {"name": "PMP-T0205", "emu_id": "EMU_Water_margin", "typicality_percentile": 67.7, "is_medoid": false, "in_position_pool": false, "pool_rank": null, "selection_rationale": "pool position never used this baseline"}}, {"type": "Feature", "geometry": {"type": "Polygon", "coordinates": [[[73.80986055883027, 18.638875075129775, 0.0], [73.80986213224182, 18.638649173249824, 0.0], [73.80962516066428, 18.638647673198882, 0.0], [73.80962500287967, 18.638670322692693, 0.0], [73.8096374631713, 18.638669952654098, 0.0], [73.809668570928, 18.6386687194302, 0.0], [73.8096997052768, 18.638668847805704, 0.0], [73.8097052746546, 18.638669168378208, 0.0], [73.8097108096751, 18.638669838806205, 0.0], [73.809716286181, 18.6386708561637, 0.0], [73.8097216802706, 18.6386722160105, 0.0], [73.8097269684019, 18.6386739124118, 0.0], [73.8097321274952, 18.6386759379637, 0.0], [73.8097371350343, 18.638678283825797, 0.0], [73.8097419691639, 18.63868093975981, 0.0], [73.809746608786, 18.6386838941742, 0.0], [73.8097510336514, 18.6386871341747, 0.0], [73.809755224448, 18.6386906456204, 0.0], [73.8097591628855, 18.6386944131861, 0.0], [73.8097628317748, 18.63869842042849, 0.0], [73.8097662151034, 18.638702649858292, 0.0], [73.809769298105, 18.638707083016502, 0.0], [73.8097720673241, 18.638711700555007, 0.0], [73.8097745106745, 18.6387164823209, 0.0], [73.8097766174974, 18.6387214074463, 0.0], [73.8097777037512, 18.638724532793603, 0.0], [73.8097785632584, 18.6387277216389, 0.0], [73.8097791919944, 18.638730959051397, 0.0], [73.80977958701551, 18.638734229873204, 0.0], [73.8097797464722, 18.6387375187898, 0.0], [73.8097796696177, 18.638740810402105, 0.0], [73.80977935681202, 18.6387440892982, 0.0], [73.8097788095196, 18.638747340125892, 0.0], [73.809778030303, 18.638750547664298, 0.0], [73.8097770228106, 18.638753696895296, 0.0], [73.8097757917596, 18.638756773073695, 0.0], [73.809774342914, 18.638759761796393, 0.0], [73.8097726830574, 18.6387626490698, 0.0], [73.8097708199616, 18.6387654213753, 0.0], [73.8097687623497, 18.6387680657325, 0.0], [73.8097665198559, 18.6387705697601, 0.0], [73.80976410297981, 18.638772921733995, 0.0], [73.809761523037, 18.6387751106593, 0.0], [73.80975420392862, 18.6387812899523, 0.0], [73.8097473112813, 18.638787899899697, 0.0], [73.8097408729256, 18.638794913812497, 0.0], [73.8097349148527, 18.6388023033396, 0.0], [73.8097257403079, 18.638815298466103, 0.0], [73.8097174321633, 18.638828812837, 0.0], [73.8097100226464, 18.6388427940301, 0.0], [73.8097035404987, 18.6388571878125, 0.0], [73.8096980108649, 18.63887193835059, 0.0], [73.80969737403544, 18.638874042175637, 0.0], [73.80986055883027, 18.638875075129775, 0.0]]]}, "properties": {"name": "PMP-T0225", "emu_id": "EMU_Water_margin", "typicality_percentile": 36.8, "is_medoid": false, "in_position_pool": false, "pool_rank": null, "selection_rationale": "pool position never used this baseline"}}, {"type": "Feature", "geometry": {"type": "Polygon", "coordinates": [[[73.80960942240256, 18.640906691553923, 0.0], [73.80960784845233, 18.641132593358904, 0.0], [73.80984482347428, 18.641134093624142, 0.0], [73.80984588974937, 18.640981025974508, 0.0], [73.8098422269857, 18.6409775428037, 0.0], [73.809831138512, 18.640968332751594, 0.0], [73.8098194240696, 18.640959856083104, 0.0], [73.809807136931, 18.6409521513502, 0.0], [73.80972979763172, 18.640907453665935, 0.0], [73.80960942240256, 18.640906691553923, 0.0]]]}, "properties": {"name": "PMP-T0226", "emu_id": "EMU_Water_margin", "typicality_percentile": 35.3, "is_medoid": false, "in_position_pool": true, "pool_rank": 12, "selection_rationale": "best-scoring position in its spatial region \u2014 extends coverage of the EMU"}}, {"type": "Feature", "geometry": {"type": "Polygon", "coordinates": [[[73.80959210770925, 18.643391611103496, 0.0], [73.80959053351087, 18.643617512847435, 0.0], [73.80982751197779, 18.643619013326976, 0.0], [73.80982908586297, 18.643393111563558, 0.0], [73.80959210770925, 18.643391611103496, 0.0]]]}, "properties": {"name": "PMP-T0231", "emu_id": "EMU_Water_margin", "typicality_percentile": 85.7, "is_medoid": false, "in_position_pool": false, "pool_rank": null, "selection_rationale": "pool position never used this baseline"}}, {"type": "Feature", "geometry": {"type": "Polygon", "coordinates": [[[73.80984482347428, 18.641134093624142, 0.0], [73.80984324981463, 18.64135999544306, 0.0], [73.8100802251723, 18.641361495429233, 0.0], [73.81008118488847, 18.641223699309272, 0.0], [73.8100709905132, 18.6412211844487, 0.0], [73.8100356792802, 18.641210028506098, 0.0], [73.8100012279419, 18.6411966506014, 0.0], [73.8099912330895, 18.6411920046095, 0.0], [73.809981586681, 18.641186731616088, 0.0], [73.8099723319382, 18.6411808552476, 0.0], [73.80996351032812, 18.6411744018336, 0.0], [73.8099551613769, 18.6411674002894, 0.0], [73.80994732249292, 18.6411598819864, 0.0], [73.8099400287992, 18.64115188061109, 0.0], [73.80993331297582, 18.6411434320146, 0.0], [73.80992723354478, 18.641134615284088, 0.0], [73.80984482347428, 18.641134093624142, 0.0]]]}, "properties": {"name": "PMP-T0251", "emu_id": "EMU_Water_margin", "typicality_percentile": 41.4, "is_medoid": false, "in_position_pool": false, "pool_rank": null, "selection_rationale": "pool position never used this baseline"}}, {"type": "Feature", "geometry": {"type": "Polygon", "coordinates": [[[73.80982908586297, 18.643393111563558, 0.0], [73.80982751197779, 18.643619013326976, 0.0], [73.81006449046724, 18.643620513507944, 0.0], [73.81006571540583, 18.64344466176964, 0.0], [73.8099778923953, 18.643406182267405, 0.0], [73.80995134777135, 18.643393885564983, 0.0], [73.80982908586297, 18.643393111563558, 0.0]]]}, "properties": {"name": "PMP-T0254", "emu_id": "EMU_Water_margin", "typicality_percentile": 94.0, "is_medoid": false, "in_position_pool": false, "pool_rank": null, "selection_rationale": "pool position never used this baseline"}}, {"type": "Feature", "geometry": {"type": "Polygon", "coordinates": [[[73.81004088418142, 18.647009039585352, 0.0], [73.80980712014059, 18.647007559496412, 0.0], [73.8098038739884, 18.647011414313997, 0.0], [73.80980232674735, 18.647233440786792, 0.0], [73.80996466174909, 18.647234468664738, 0.0], [73.8099650484562, 18.6472281069133, 0.0], [73.81003948271112, 18.647210188431227, 0.0], [73.81004088418142, 18.647009039585352, 0.0]]]}, "properties": {"name": "PMP-T0270", "emu_id": "EMU_Water_margin", "typicality_percentile": 3.8, "is_medoid": false, "in_position_pool": false, "pool_rank": null, "selection_rationale": "pool position never used this baseline"}}, {"type": "Feature", "geometry": {"type": "Polygon", "coordinates": [[[73.80980232674735, 18.647233440786792, 0.0], [73.80980075247872, 18.647459342455853, 0.0], [73.81003773629327, 18.64746084296797, 0.0], [73.81003864844806, 18.647329926495306, 0.0], [73.809958129269, 18.647341934937796, 0.0], [73.80996466174909, 18.647234468664738, 0.0], [73.80980232674735, 18.647233440786792, 0.0]]]}, "properties": {"name": "PMP-T0271", "emu_id": "EMU_Water_margin", "typicality_percentile": 9.0, "is_medoid": false, "in_position_pool": false, "pool_rank": null, "selection_rationale": "pool position never used this baseline"}}, {"type": "Feature", "geometry": {"type": "Polygon", "coordinates": [[[73.81003616231536, 18.647686744650958, 0.0], [73.81003773629327, 18.64746084296797, 0.0], [73.80980075247872, 18.647459342455853, 0.0], [73.80980030165045, 18.64752403402903, 0.0], [73.80980748563958, 18.647557759471443, 0.0], [73.80985346627847, 18.647685587886052, 0.0], [73.81003616231536, 18.647686744650958, 0.0]]]}, "properties": {"name": "PMP-T0272", "emu_id": "EMU_Water_margin", "typicality_percentile": 8.3, "is_medoid": false, "in_position_pool": false, "pool_rank": null, "selection_rationale": "pool position never used this baseline"}}, {"type": "Feature", "geometry": {"type": "Polygon", "coordinates": [[[73.8100345883149, 18.64791264632839, 0.0], [73.81003616231536, 18.647686744650958, 0.0], [73.80985346627847, 18.647685587886052, 0.0], [73.80993491370477, 18.64791201523964, 0.0], [73.8100345883149, 18.64791264632839, 0.0]]]}, "properties": {"name": "PMP-T0273", "emu_id": "EMU_Water_margin", "typicality_percentile": 0.8, "is_medoid": false, "in_position_pool": false, "pool_rank": null, "selection_rationale": "pool position never used this baseline"}}, {"type": "Feature", "geometry": {"type": "Polygon", "coordinates": [[[73.81009438447892, 18.639328378683924, 0.0], [73.8103313570409, 18.639329878196296, 0.0], [73.81033292987132, 18.63910397628848, 0.0], [73.81017042613345, 18.63910294804329, 0.0], [73.8101581843651, 18.639128362275, 0.0], [73.8101185988213, 18.639224368578294, 0.0], [73.81009462622254, 18.639293664746024, 0.0], [73.81009438447892, 18.639328378683924, 0.0]]]}, "properties": {"name": "PMP-T0284", "emu_id": "EMU_Water_margin", "typicality_percentile": 39.1, "is_medoid": false, "in_position_pool": true, "pool_rank": 13, "selection_rationale": "best-scoring position in its spatial region \u2014 extends coverage of the EMU"}}, {"type": "Feature", "geometry": {"type": "Polygon", "coordinates": [[[73.81032663841432, 18.640007583886433, 0.0], [73.8103282113124, 18.63978168199527, 0.0], [73.81009123812417, 18.639780182443946, 0.0], [73.81009104278147, 18.639808232434497, 0.0], [73.8100967578486, 18.639811965697596, 0.0], [73.8101129688165, 18.6398210408327, 0.0], [73.81012980395481, 18.6398290167038, 0.0], [73.8101357751632, 18.6398318345039, 0.0], [73.8101415363345, 18.6398350250141, 0.0], [73.8101470619053, 18.639838574077505, 0.0], [73.8101523273576, 18.6398424659464, 0.0], [73.8101573093277, 18.639846683351696, 0.0], [73.8101619857096, 18.6398512075802, 0.0], [73.8101663357534, 18.639856018557, 0.0], [73.810170340157, 18.639861094934894, 0.0], [73.8101739811523, 18.639866414189196, 0.0], [73.8101772425835, 18.6398719527173, 0.0], [73.8101801099788, 18.639877685943805, 0.0], [73.810182570616, 18.6398835884272, 0.0], [73.8101999970959, 18.6399256624176, 0.0], [73.8102201326575, 18.639966622745895, 0.0], [73.8102428994654, 18.6400063110375, 0.0], [73.81024339498966, 18.640007057155206, 0.0], [73.81032663841432, 18.640007583886433, 0.0]]]}, "properties": {"name": "PMP-T0287", "emu_id": "EMU_Water_margin", "typicality_percentile": 68.4, "is_medoid": false, "in_position_pool": false, "pool_rank": null, "selection_rationale": "pool position never used this baseline"}}, {"type": "Feature", "geometry": {"type": "Polygon", "coordinates": [[[73.8100802251723, 18.641361495429233, 0.0], [73.81031720055252, 18.64136299511688, 0.0], [73.81031831489565, 18.64120296566708, 0.0], [73.8103077673977, 18.6412100926962, 0.0], [73.8102963614352, 18.641216754322407, 0.0], [73.8102845135845, 18.641222673744405, 0.0], [73.8102722769141, 18.6412278244483, 0.0], [73.8102597062342, 18.641232183363, 0.0], [73.810246857851, 18.64123573096429, 0.0], [73.8102337893149, 18.6412384513618, 0.0], [73.810220559162, 18.641240332370394, 0.0], [73.8102072266526, 18.641241365564593, 0.0], [73.8101938515055, 18.6412415463168, 0.0], [73.8101804936315, 18.6412408738318, 0.0], [73.8101435595293, 18.641236641583493, 0.0], [73.8101070041403, 18.6412300686834, 0.0], [73.81008118488847, 18.641223699309272, 0.0], [73.8100802251723, 18.641361495429233, 0.0]]]}, "properties": {"name": "PMP-T0288", "emu_id": "EMU_Water_margin", "typicality_percentile": 69.9, "is_medoid": false, "in_position_pool": false, "pool_rank": null, "selection_rationale": "pool position never used this baseline"}}, {"type": "Feature", "geometry": {"type": "Polygon", "coordinates": [[[73.81006449046724, 18.643620513507944, 0.0], [73.81030146897926, 18.643622013390335, 0.0], [73.81030171018732, 18.64358737890777, 0.0], [73.8101672178081, 18.64348913480279, 0.0], [73.81006571540583, 18.64344466176964, 0.0], [73.81006449046724, 18.643620513507944, 0.0]]]}, "properties": {"name": "PMP-T0290", "emu_id": "EMU_Water_margin", "typicality_percentile": 79.7, "is_medoid": false, "in_position_pool": false, "pool_rank": null, "selection_rationale": "pool position never used this baseline"}}, {"type": "Feature", "geometry": {"type": "Polygon", "coordinates": [[[73.81004245809169, 18.64678313788571, 0.0], [73.81004088418142, 18.647009039585352, 0.0], [73.81027786739199, 18.64701053975987, 0.0], [73.81027944098896, 18.646784638040753, 0.0], [73.81004245809169, 18.64678313788571, 0.0]]]}, "properties": {"name": "PMP-T0305", "emu_id": "EMU_Water_margin", "typicality_percentile": 1.5, "is_medoid": false, "in_position_pool": false, "pool_rank": null, "selection_rationale": "pool position never used this baseline"}}, {"type": "Feature", "geometry": {"type": "Polygon", "coordinates": [[[73.81027786739199, 18.64701053975987, 0.0], [73.81004088418142, 18.647009039585352, 0.0], [73.81003948271112, 18.647210188431227, 0.0], [73.81027687473797, 18.64715304106592, 0.0], [73.81027786739199, 18.64701053975987, 0.0]]]}, "properties": {"name": "PMP-T0306", "emu_id": "EMU_Water_margin", "typicality_percentile": 10.5, "is_medoid": false, "in_position_pool": false, "pool_rank": null, "selection_rationale": "pool position never used this baseline"}}, {"type": "Feature", "geometry": {"type": "Polygon", "coordinates": [[[73.81003773629327, 18.64746084296797, 0.0], [73.81027472013038, 18.647462343181445, 0.0], [73.81027513857822, 18.64740227387747, 0.0], [73.8102183122092, 18.647366940389798, 0.0], [73.8101083736075, 18.64731952781821, 0.0], [73.81003864844806, 18.647329926495306, 0.0], [73.81003773629327, 18.64746084296797, 0.0]]]}, "properties": {"name": "PMP-T0307", "emu_id": "EMU_Water_margin", "typicality_percentile": 11.3, "is_medoid": false, "in_position_pool": false, "pool_rank": null, "selection_rationale": "pool position never used this baseline"}}, {"type": "Feature", "geometry": {"type": "Polygon", "coordinates": [[[73.81003773629327, 18.64746084296797, 0.0], [73.81003616231536, 18.647686744650958, 0.0], [73.81027314646575, 18.647688244883906, 0.0], [73.81027472013038, 18.647462343181445, 0.0], [73.81003773629327, 18.64746084296797, 0.0]]]}, "properties": {"name": "PMP-T0308", "emu_id": "EMU_Water_margin", "typicality_percentile": 9.8, "is_medoid": false, "in_position_pool": true, "pool_rank": 11, "selection_rationale": "best-scoring position in its spatial region \u2014 extends coverage of the EMU"}}, {"type": "Feature", "geometry": {"type": "Polygon", "coordinates": [[[73.81003616231536, 18.647686744650958, 0.0], [73.8100345883149, 18.64791264632839, 0.0], [73.81027157277857, 18.647914146580817, 0.0], [73.81027314646575, 18.647688244883906, 0.0], [73.81003616231536, 18.647686744650958, 0.0]]]}, "properties": {"name": "PMP-T0309", "emu_id": "EMU_Water_margin", "typicality_percentile": 7.5, "is_medoid": false, "in_position_pool": false, "pool_rank": null, "selection_rationale": "pool position never used this baseline"}}, {"type": "Feature", "geometry": {"type": "Polygon", "coordinates": [[[73.8100345883149, 18.64791264632839, 0.0], [73.81003301429189, 18.648138548000272, 0.0], [73.81026999906886, 18.64814004827218, 0.0], [73.81027157277857, 18.647914146580817, 0.0], [73.8100345883149, 18.64791264632839, 0.0]]]}, "properties": {"name": "PMP-T0310", "emu_id": "EMU_Water_margin", "typicality_percentile": 6.8, "is_medoid": false, "in_position_pool": false, "pool_rank": null, "selection_rationale": "pool position never used this baseline"}}, {"type": "Feature", "geometry": {"type": "Polygon", "coordinates": [[[73.81026842533659, 18.64836594995798, 0.0], [73.81026999906886, 18.64814004827218, 0.0], [73.81003301429189, 18.648138548000272, 0.0], [73.81003287561727, 18.648158450240732, 0.0], [73.81012691606986, 18.64836505413532, 0.0], [73.81026842533659, 18.64836594995798, 0.0]]]}, "properties": {"name": "PMP-T0311", "emu_id": "EMU_Water_margin", "typicality_percentile": 2.3, "is_medoid": false, "in_position_pool": false, "pool_rank": null, "selection_rationale": "pool position never used this baseline"}}, {"type": "Feature", "geometry": {"type": "Polygon", "coordinates": [[[73.8105636119382, 18.64000908315872, 0.0], [73.81032663841432, 18.640007583886433, 0.0], [73.81032593668608, 18.64010836606414, 0.0], [73.8103291742496, 18.640111601376404, 0.0], [73.8103550440192, 18.6401342624043, 0.0], [73.8103824210203, 18.6401552526708, 0.0], [73.8104111867367, 18.640174481307508, 0.0], [73.8104412166403, 18.6401918650726, 0.0], [73.81044907237636, 18.640195763093715, 0.0], [73.81045256634052, 18.64018899494114, 0.0], [73.81045992497842, 18.64017769332167, 0.0], [73.81046841022685, 18.640167133695552, 0.0], [73.81047794036816, 18.64015741775761, 0.0], [73.81048842362186, 18.640148639077484, 0.0], [73.81049975902859, 18.640140882198512, 0.0], [73.81051183742225, 18.640134221823555, 0.0], [73.81052454248155, 18.64012872209553, 0.0], [73.81053775184998, 18.64012443597975, 0.0], [73.8105513383144, 18.64012140475375, 0.0], [73.81056284013174, 18.6401199520145, 0.0], [73.8105636119382, 18.64000908315872, 0.0]]]}, "properties": {"name": "PMP-T0327", "emu_id": "EMU_Water_margin", "typicality_percentile": 66.2, "is_medoid": false, "in_position_pool": false, "pool_rank": null, "selection_rationale": "pool position never used this baseline"}}, {"type": "Feature", "geometry": {"type": "Polygon", "coordinates": [[[73.81055574867545, 18.64113859262865, 0.0], [73.81055732137308, 18.64091269074576, 0.0], [73.81037621186894, 18.640911544884617, 0.0], [73.81038134278391, 18.640928587378003, 0.0], [73.8103982006818, 18.6410010216519, 0.0], [73.8104003848276, 18.641014318314188, 0.0], [73.8104016607397, 18.6410277219312, 0.0], [73.81040202305711, 18.641041176188, 0.0], [73.81040147025742, 18.641054624556702, 0.0], [73.8104000046629, 18.6410680105343, 0.0], [73.810397632431, 18.6410812778798, 0.0], [73.8103943635285, 18.6410943708506, 0.0], [73.8103902116895, 18.641107234436898, 0.0], [73.8103851943575, 18.641119814592486, 0.0], [73.8103793326127, 18.64113205846199, 0.0], [73.81037629015297, 18.641137457200635, 0.0], [73.81055574867545, 18.64113859262865, 0.0]]]}, "properties": {"name": "PMP-T0330", "emu_id": "EMU_Water_margin", "typicality_percentile": 43.6, "is_medoid": false, "in_position_pool": false, "pool_rank": null, "selection_rationale": "pool position never used this baseline"}}, {"type": "Feature", "geometry": {"type": "Polygon", "coordinates": [[[73.81031720055252, 18.64136299511688, 0.0], [73.81055417595528, 18.64136449450599, 0.0], [73.81055574867545, 18.64113859262865, 0.0], [73.81037629015297, 18.641137457200635, 0.0], [73.8103726510829, 18.64114391460299, 0.0], [73.8103651778403, 18.641155333202097, 0.0], [73.8103569442836, 18.64116626628399, 0.0], [73.8103479850041, 18.6411766678835, 0.0], [73.8103388343222, 18.6411859687853, 0.0], [73.8103290515087, 18.64119466537679, 0.0], [73.8103186803826, 18.6412027187046, 0.0], [73.81031831489565, 18.64120296566708, 0.0], [73.81031720055252, 18.64136299511688, 0.0]]]}, "properties": {"name": "PMP-T0331", "emu_id": "EMU_Water_margin", "typicality_percentile": 39.8, "is_medoid": false, "in_position_pool": false, "pool_rank": null, "selection_rationale": "pool position never used this baseline"}}, {"type": "Feature", "geometry": {"type": "Polygon", "coordinates": [[[73.81030146897926, 18.643622013390335, 0.0], [73.81029989569794, 18.643847915187163, 0.0], [73.8105368745457, 18.643849414790445, 0.0], [73.81053710700436, 18.643816030443823, 0.0], [73.8104292988899, 18.64368057982129, 0.0], [73.81034953997862, 18.643622317604454, 0.0], [73.81030146897926, 18.643622013390335, 0.0]]]}, "properties": {"name": "PMP-T0333", "emu_id": "EMU_Water_margin", "typicality_percentile": 81.2, "is_medoid": false, "in_position_pool": false, "pool_rank": null, "selection_rationale": "pool position never used this baseline"}}, {"type": "Feature", "geometry": {"type": "Polygon", "coordinates": [[[73.81029989569794, 18.643847915187163, 0.0], [73.81029832239408, 18.644073816978434, 0.0], [73.81053530155505, 18.644075316601185, 0.0], [73.8105368745457, 18.643849414790445, 0.0], [73.81029989569794, 18.643847915187163, 0.0]]]}, "properties": {"name": "PMP-T0334", "emu_id": "EMU_Water_margin", "typicality_percentile": 80.5, "is_medoid": false, "in_position_pool": true, "pool_rank": 4, "selection_rationale": "best-scoring position in its spatial region \u2014 extends coverage of the EMU"}}, {"type": "Feature", "geometry": {"type": "Polygon", "coordinates": [[[73.81029202895313, 18.644977424088015, 0.0], [73.81029045553652, 18.64520332585153, 0.0], [73.81052743626361, 18.645204825571643, 0.0], [73.81052900936699, 18.64497892378866, 0.0], [73.81029202895313, 18.644977424088015, 0.0]]]}, "properties": {"name": "PMP-T0339", "emu_id": "EMU_Water_margin", "typicality_percentile": 95.5, "is_medoid": false, "in_position_pool": false, "pool_rank": null, "selection_rationale": "pool position never used this baseline"}}, {"type": "Feature", "geometry": {"type": "Polygon", "coordinates": [[[73.81029045553652, 18.64520332585153, 0.0], [73.81028888209735, 18.6454292276095, 0.0], [73.8105258631377, 18.645430727349087, 0.0], [73.81052743626361, 18.645204825571643, 0.0], [73.81029045553652, 18.64520332585153, 0.0]]]}, "properties": {"name": "PMP-T0340", "emu_id": "EMU_Water_margin", "typicality_percentile": 94.7, "is_medoid": false, "in_position_pool": false, "pool_rank": null, "selection_rationale": "pool position never used this baseline"}}, {"type": "Feature", "geometry": {"type": "Polygon", "coordinates": [[[73.8105258631377, 18.645430727349087, 0.0], [73.81028888209735, 18.6454292276095, 0.0], [73.81028730863567, 18.645655129361916, 0.0], [73.81038094169885, 18.645655721963372, 0.0], [73.810380412329, 18.645642370162694, 0.0], [73.8104160317337, 18.645585659668384, 0.0], [73.8104606058534, 18.645562583418304, 0.0], [73.81052538293645, 18.645499683875634, 0.0], [73.8105258631377, 18.645430727349087, 0.0]]]}, "properties": {"name": "PMP-T0341", "emu_id": "EMU_Water_margin", "typicality_percentile": 92.5, "is_medoid": false, "in_position_pool": false, "pool_rank": null, "selection_rationale": "pool position never used this baseline"}}, {"type": "Feature", "geometry": {"type": "Polygon", "coordinates": [[[73.81028730863567, 18.645655129361916, 0.0], [73.81028573515142, 18.64588103110879, 0.0], [73.81052271681824, 18.64588253088732, 0.0], [73.81052367498899, 18.645744941356927, 0.0], [73.8105221338512, 18.645743999814094, 0.0], [73.8103830176588, 18.645708081954105, 0.0], [73.81038094169885, 18.645655721963372, 0.0], [73.81028730863567, 18.645655129361916, 0.0]]]}, "properties": {"name": "PMP-T0342", "emu_id": "EMU_Water_margin", "typicality_percentile": 75.2, "is_medoid": false, "in_position_pool": false, "pool_rank": null, "selection_rationale": "pool position never used this baseline"}}, {"type": "Feature", "geometry": {"type": "Polygon", "coordinates": [[[73.81052271681824, 18.64588253088732, 0.0], [73.81028573515142, 18.64588103110879, 0.0], [73.81028416164463, 18.646106932850103, 0.0], [73.81050488177586, 18.64610832974059, 0.0], [73.81052122334475, 18.646096985374374, 0.0], [73.81052271681824, 18.64588253088732, 0.0]]]}, "properties": {"name": "PMP-T0343", "emu_id": "EMU_Water_margin", "typicality_percentile": 77.4, "is_medoid": false, "in_position_pool": false, "pool_rank": null, "selection_rationale": "pool position never used this baseline"}}, {"type": "Feature", "geometry": {"type": "Polygon", "coordinates": [[[73.81028416164463, 18.646106932850103, 0.0], [73.8102825881153, 18.646332834585873, 0.0], [73.81042212849238, 18.6463337177475, 0.0], [73.8104216579912, 18.64631710286369, 0.0], [73.8104811945861, 18.646124773453497, 0.0], [73.81050488177586, 18.64610832974059, 0.0], [73.81028416164463, 18.646106932850103, 0.0]]]}, "properties": {"name": "PMP-T0344", "emu_id": "EMU_Water_margin", "typicality_percentile": 84.2, "is_medoid": false, "in_position_pool": false, "pool_rank": null, "selection_rationale": "pool position never used this baseline"}}, {"type": "Feature", "geometry": {"type": "Polygon", "coordinates": [[[73.81028101456342, 18.646558736316088, 0.0], [73.81027944098896, 18.646784638040753, 0.0], [73.8104853393712, 18.64678594118127, 0.0], [73.8104356121309, 18.646677420382996, 0.0], [73.81043044528225, 18.646559682081534, 0.0], [73.81028101456342, 18.646558736316088, 0.0]]]}, "properties": {"name": "PMP-T0345", "emu_id": "EMU_Water_margin", "typicality_percentile": 66.9, "is_medoid": false, "in_position_pool": false, "pool_rank": null, "selection_rationale": "pool position never used this baseline"}}, {"type": "Feature", "geometry": {"type": "Polygon", "coordinates": [[[73.81027944098896, 18.646784638040753, 0.0], [73.81027786739199, 18.64701053975987, 0.0], [73.8105148506251, 18.647012039635758, 0.0], [73.81051581864342, 18.64687304600144, 0.0], [73.8105008581421, 18.6468198080912, 0.0], [73.8104853393712, 18.64678594118127, 0.0], [73.81027944098896, 18.646784638040753, 0.0]]]}, "properties": {"name": "PMP-T0346", "emu_id": "EMU_Water_margin", "typicality_percentile": 12.8, "is_medoid": false, "in_position_pool": false, "pool_rank": null, "selection_rationale": "pool position never used this baseline"}}, {"type": "Feature", "geometry": {"type": "Polygon", "coordinates": [[[73.8105148506251, 18.647012039635758, 0.0], [73.81027786739199, 18.64701053975987, 0.0], [73.81027687473797, 18.64715304106592, 0.0], [73.8102841379459, 18.64715129258899, 0.0], [73.81051412486079, 18.647116248240742, 0.0], [73.8105148506251, 18.647012039635758, 0.0]]]}, "properties": {"name": "PMP-T0347", "emu_id": "EMU_Water_margin", "typicality_percentile": 15.0, "is_medoid": false, "in_position_pool": false, "pool_rank": null, "selection_rationale": "pool position never used this baseline"}}, {"type": "Feature", "geometry": {"type": "Polygon", "coordinates": [[[73.81027472013038, 18.647462343181445, 0.0], [73.81027314646575, 18.647688244883906, 0.0], [73.81034246406566, 18.647688683643892, 0.0], [73.8103448181842, 18.6476743191266, 0.0], [73.8104645965124, 18.64762836060409, 0.0], [73.810477417487, 18.647546687613794, 0.0], [73.81036779906096, 18.6474629323309, 0.0], [73.81027472013038, 18.647462343181445, 0.0]]]}, "properties": {"name": "PMP-T0348", "emu_id": "EMU_Water_margin", "typicality_percentile": 14.3, "is_medoid": false, "in_position_pool": false, "pool_rank": null, "selection_rationale": "pool position never used this baseline"}}, {"type": "Feature", "geometry": {"type": "Polygon", "coordinates": [[[73.81026999906886, 18.64814004827218, 0.0], [73.81026842533659, 18.64836594995798, 0.0], [73.8104355900769, 18.648367008055047, 0.0], [73.81042626791742, 18.64829383019209, 0.0], [73.81042081322431, 18.648197442601607, 0.0], [73.81036419301265, 18.648140644499765, 0.0], [73.81026999906886, 18.64814004827218, 0.0]]]}, "properties": {"name": "PMP-T0349", "emu_id": "EMU_Water_margin", "typicality_percentile": 12.0, "is_medoid": false, "in_position_pool": false, "pool_rank": null, "selection_rationale": "pool position never used this baseline"}}, {"type": "Feature", "geometry": {"type": "Polygon", "coordinates": [[[73.81026842533659, 18.64836594995798, 0.0], [73.81026685158176, 18.648591851638244, 0.0], [73.81050383700789, 18.648593351650437, 0.0], [73.81050413840522, 18.64855007976741, 0.0], [73.8104617541742, 18.648572392904203, 0.0], [73.8104355900769, 18.648367008055047, 0.0], [73.81026842533659, 18.64836594995798, 0.0]]]}, "properties": {"name": "PMP-T0350", "emu_id": "EMU_Water_margin", "typicality_percentile": 3.0, "is_medoid": false, "in_position_pool": false, "pool_rank": null, "selection_rationale": "pool position never used this baseline"}}, {"type": "Feature", "geometry": {"type": "Polygon", "coordinates": [[[73.81050226354381, 18.648819253344612, 0.0], [73.81050383700789, 18.648593351650437, 0.0], [73.81026685158176, 18.648591851638244, 0.0], [73.81026629829398, 18.64867127152459, 0.0], [73.81026733842423, 18.64867355664655, 0.0], [73.81035264123362, 18.648818306325758, 0.0], [73.81050226354381, 18.648819253344612, 0.0]]]}, "properties": {"name": "PMP-T0351", "emu_id": "EMU_Water_margin", "typicality_percentile": 4.5, "is_medoid": false, "in_position_pool": false, "pool_rank": null, "selection_rationale": "pool position never used this baseline"}}, {"type": "Feature", "geometry": {"type": "Polygon", "coordinates": [[[73.81053530155505, 18.644075316601185, 0.0], [73.81053372854184, 18.644301218406376, 0.0], [73.81075180473259, 18.64430259816181, 0.0], [73.8107132203408, 18.644254655406705, 0.0], [73.8106805252193, 18.644111378767498, 0.0], [73.81065312114207, 18.64407606206161, 0.0], [73.81053530155505, 18.644075316601185, 0.0]]]}, "properties": {"name": "PMP-T0369", "emu_id": "EMU_Water_margin", "typicality_percentile": 45.9, "is_medoid": false, "in_position_pool": false, "pool_rank": null, "selection_rationale": "pool position never used this baseline"}}, {"type": "Feature", "geometry": {"type": "Polygon", "coordinates": [[[73.81053372854184, 18.644301218406376, 0.0], [73.8105321555061, 18.64452712020602, 0.0], [73.81076913531605, 18.644528619569126, 0.0], [73.81077054674357, 18.644325885899036, 0.0], [73.81075180473259, 18.64430259816181, 0.0], [73.81053372854184, 18.644301218406376, 0.0]]]}, "properties": {"name": "PMP-T0370", "emu_id": "EMU_Water_margin", "typicality_percentile": 97.7, "is_medoid": false, "in_position_pool": false, "pool_rank": null, "selection_rationale": "pool position never used this baseline"}}, {"type": "Feature", "geometry": {"type": "Polygon", "coordinates": [[[73.81076913531605, 18.644528619569126, 0.0], [73.8105321555061, 18.64452712020602, 0.0], [73.81053058244781, 18.644753022000113, 0.0], [73.81073771801412, 18.64475433257144, 0.0], [73.8107622395226, 18.6446929342768, 0.0], [73.81076881176891, 18.644575092646264, 0.0], [73.81076913531605, 18.644528619569126, 0.0]]]}, "properties": {"name": "PMP-T0371", "emu_id": "EMU_Water_margin", "typicality_percentile": 98.5, "is_medoid": false, "in_position_pool": false, "pool_rank": null, "selection_rationale": "pool position never used this baseline"}}, {"type": "Feature", "geometry": {"type": "Polygon", "coordinates": [[[73.81053058244781, 18.644753022000113, 0.0], [73.81052900936699, 18.64497892378866, 0.0], [73.81064141311657, 18.644979635017148, 0.0], [73.810684306432, 18.644888067234596, 0.0], [73.81073771801412, 18.64475433257144, 0.0], [73.81053058244781, 18.644753022000113, 0.0]]]}, "properties": {"name": "PMP-T0372", "emu_id": "EMU_Water_margin", "typicality_percentile": 99.2, "is_medoid": false, "in_position_pool": false, "pool_rank": null, "selection_rationale": "pool position never used this baseline"}}, {"type": "Feature", "geometry": {"type": "Polygon", "coordinates": [[[73.8107596985076, 18.64588403036723, 0.0], [73.81052271681824, 18.64588253088732, 0.0], [73.81052122334475, 18.646096985374374, 0.0], [73.8106812569034, 18.645985889436798, 0.0], [73.8107063290632, 18.64590429392649, 0.0], [73.81075961651281, 18.645895806783418, 0.0], [73.8107596985076, 18.64588403036723, 0.0]]]}, "properties": {"name": "PMP-T0373", "emu_id": "EMU_Water_margin", "typicality_percentile": 100.0, "is_medoid": true, "in_position_pool": true, "pool_rank": 1, "selection_rationale": "stratum medoid \u2014 most representative position within this EMU"}}, {"type": "Feature", "geometry": {"type": "Polygon", "coordinates": [[[73.8107549797991, 18.64656173569135, 0.0], [73.81075655272448, 18.64633583392219, 0.0], [73.81072026754741, 18.646335604345076, 0.0], [73.8106961840973, 18.646357755421295, 0.0], [73.8106166612235, 18.6463411934082, 0.0], [73.81057628912077, 18.646365522449667, 0.0], [73.81057806344516, 18.646366622188076, 0.0], [73.81058532792471, 18.64637216153626, 0.0], [73.81059198784119, 18.64637835296118, 0.0], [73.81059797905594, 18.646385136836106, 0.0], [73.81060324387028, 18.646392447828667, 0.0], [73.81060773158107, 18.64640021553006, 0.0], [73.81061139896916, 18.646408365133162, 0.0], [73.81061421071547, 18.646416818152844, 0.0], [73.81061613974124, 18.646425493181965, 0.0], [73.81061716746876, 18.646434306675243, 0.0], [73.81061728400032, 18.646443173753966, 0.0], [73.81061648821348, 18.646452009023264, 0.0], [73.81061478777202, 18.646460727394693, 0.0], [73.81061219905196, 18.64646924490551, 0.0], [73.81060874698397, 18.64647747952739, 0.0], [73.81060446481324, 18.646485351956375, 0.0], [73.81059939377938, 18.646492786376616, 0.0], [73.81059358271916, 18.646499711190515, 0.0], [73.81058708759622, 18.64650605970826, 0.0], [73.81057997096218, 18.646511770790084, 0.0], [73.81057230135411, 18.646516789435093, 0.0], [73.81056415263464, 18.646521067310932, 0.0], [73.8105556032804, 18.646524563219256, 0.0], [73.8105526685223, 18.646525450258185, 0.0], [73.81056501472547, 18.646560533686472, 0.0], [73.8107549797991, 18.64656173569135, 0.0]]]}, "properties": {"name": "PMP-T0374", "emu_id": "EMU_Water_margin", "typicality_percentile": 97.0, "is_medoid": false, "in_position_pool": false, "pool_rank": null, "selection_rationale": "pool position never used this baseline"}}, {"type": "Feature", "geometry": {"type": "Polygon", "coordinates": [[[73.8107534068512, 18.646787637454956, 0.0], [73.8107549797991, 18.64656173569135, 0.0], [73.81056501472547, 18.646560533686472, 0.0], [73.8105946380198, 18.646644712280196, 0.0], [73.8106568475855, 18.646728319965998, 0.0], [73.81064104290631, 18.646786926486477, 0.0], [73.8107534068512, 18.646787637454956, 0.0]]]}, "properties": {"name": "PMP-T0375", "emu_id": "EMU_Water_margin", "typicality_percentile": 34.6, "is_medoid": false, "in_position_pool": false, "pool_rank": null, "selection_rationale": "pool position never used this baseline"}}, {"type": "Feature", "geometry": {"type": "Polygon", "coordinates": [[[73.81075183388074, 18.64701353921301, 0.0], [73.8107534068512, 18.646787637454956, 0.0], [73.81064104290631, 18.646786926486477, 0.0], [73.8106128286678, 18.646891549711498, 0.0], [73.8106119853057, 18.647012654318512, 0.0], [73.81075183388074, 18.64701353921301, 0.0]]]}, "properties": {"name": "PMP-T0376", "emu_id": "EMU_Water_margin", "typicality_percentile": 31.6, "is_medoid": false, "in_position_pool": false, "pool_rank": null, "selection_rationale": "pool position never used this baseline"}}, {"type": "Feature", "geometry": {"type": "Polygon", "coordinates": [[[73.81074396869043, 18.648143047920016, 0.0], [73.81074554177358, 18.647917146189716, 0.0], [73.81063372562147, 18.647916438646245, 0.0], [73.8106062269365, 18.648059424135695, 0.0], [73.8106096882376, 18.648142198210373, 0.0], [73.81074396869043, 18.648143047920016, 0.0]]]}, "properties": {"name": "PMP-T0377", "emu_id": "EMU_Water_margin", "typicality_percentile": 21.8, "is_medoid": false, "in_position_pool": false, "pool_rank": null, "selection_rationale": "pool position never used this baseline"}}, {"type": "Feature", "geometry": {"type": "Polygon", "coordinates": [[[73.81074239558475, 18.648368949644766, 0.0], [73.81074396869043, 18.648143047920016, 0.0], [73.8106096882376, 18.648142198210373, 0.0], [73.8106114783977, 18.6481850083595, 0.0], [73.81056672636531, 18.64836783799996, 0.0], [73.81074239558475, 18.648368949644766, 0.0]]]}, "properties": {"name": "PMP-T0378", "emu_id": "EMU_Water_margin", "typicality_percentile": 16.5, "is_medoid": false, "in_position_pool": false, "pool_rank": null, "selection_rationale": "pool position never used this baseline"}}, {"type": "Feature", "geometry": {"type": "Polygon", "coordinates": [[[73.81050383700789, 18.648593351650437, 0.0], [73.81074082245654, 18.648594851363963, 0.0], [73.81074239558475, 18.648368949644766, 0.0], [73.81056672636531, 18.64836783799996, 0.0], [73.8105247777403, 18.64853921420399, 0.0], [73.81050413840522, 18.64855007976741, 0.0], [73.81050383700789, 18.648593351650437, 0.0]]]}, "properties": {"name": "PMP-T0379", "emu_id": "EMU_Water_margin", "typicality_percentile": 13.5, "is_medoid": false, "in_position_pool": false, "pool_rank": null, "selection_rationale": "pool position never used this baseline"}}, {"type": "Feature", "geometry": {"type": "Polygon", "coordinates": [[[73.8107534068512, 18.646787637454956, 0.0], [73.81075183388074, 18.64701353921301, 0.0], [73.81098881715894, 18.647015038491627, 0.0], [73.81098931959798, 18.646942866807297, 0.0], [73.81090989721493, 18.64694020078148, 0.0], [73.81090040288548, 18.646939425240735, 0.0], [73.81089103820645, 18.646937744996254, 0.0], [73.81088189780712, 18.646935177026787, 0.0], [73.81087307405036, 18.646931747281428, 0.0], [73.81086465609947, 18.646927490417458, 0.0], [73.81085672901699, 18.64692244945012, 0.0], [73.81084937290534, 18.64691667531791, 0.0], [73.81084266209729, 18.646910226367932, 0.0], [73.81083666440483, 18.6469031677662, 0.0], [73.810831440434, 18.646895570839238, 0.0], [73.81082704297235, 18.646887512353242, 0.0], [73.81082351645574, 18.646879073738447, 0.0], [73.81082089651913, 18.64687034026622, 0.0], [73.81081920963656, 18.646861400187383, 0.0], [73.81081847285365, 18.646852343840564, 0.0], [73.81081869361539, 18.646843262739175, 0.0], [73.81082295357547, 18.646788077469292, 0.0], [73.8107534068512, 18.646787637454956, 0.0]]]}, "properties": {"name": "PMP-T0395", "emu_id": "EMU_Water_margin", "typicality_percentile": 47.4, "is_medoid": false, "in_position_pool": false, "pool_rank": null, "selection_rationale": "pool position never used this baseline"}}, {"type": "Feature", "geometry": {"type": "Polygon", "coordinates": [[[73.81098724447924, 18.647240940263593, 0.0], [73.81098881715894, 18.647015038491627, 0.0], [73.81075183388074, 18.64701353921301, 0.0], [73.81075118404198, 18.647106864700273, 0.0], [73.8108417792006, 18.647222934712996, 0.0], [73.81084858490094, 18.647240063057524, 0.0], [73.81098724447924, 18.647240940263593, 0.0]]]}, "properties": {"name": "PMP-T0396", "emu_id": "EMU_Water_margin", "typicality_percentile": 23.3, "is_medoid": false, "in_position_pool": false, "pool_rank": null, "selection_rationale": "pool position never used this baseline"}}, {"type": "Feature", "geometry": {"type": "Polygon", "coordinates": [[[73.81074554177358, 18.647917146189716, 0.0], [73.81098252630488, 18.647918645546188, 0.0], [73.8109840990522, 18.64769274379088, 0.0], [73.81089958062012, 18.6476922090992, 0.0], [73.8108227851543, 18.6477512966631, 0.0], [73.8107462446534, 18.64781620847362, 0.0], [73.81074554177358, 18.647917146189716, 0.0]]]}, "properties": {"name": "PMP-T0397", "emu_id": "EMU_Water_margin", "typicality_percentile": 26.3, "is_medoid": false, "in_position_pool": false, "pool_rank": null, "selection_rationale": "pool position never used this baseline"}}, {"type": "Feature", "geometry": {"type": "Polygon", "coordinates": [[[73.81126353049554, 18.641594892812254, 0.0], [73.81126510229878, 18.641368990882075, 0.0], [73.8110281268284, 18.64136749238859, 0.0], [73.8110271026268, 18.641514663222537, 0.0], [73.8110921338132, 18.641507896682295, 0.0], [73.8111099822834, 18.641583924152496, 0.0], [73.81113578155217, 18.64159408503076, 0.0], [73.81126353049554, 18.641594892812254, 0.0]]]}, "properties": {"name": "PMP-T0417", "emu_id": "EMU_Water_margin", "typicality_percentile": 33.1, "is_medoid": false, "in_position_pool": false, "pool_rank": null, "selection_rationale": "pool position never used this baseline"}}, {"type": "Feature", "geometry": {"type": "Polygon", "coordinates": [[[73.81123837858013, 18.645209322940364, 0.0], [73.8112399507438, 18.64498342109898, 0.0], [73.81112928124634, 18.644982721196754, 0.0], [73.8111143955327, 18.645090428612992, 0.0], [73.8110666762023, 18.64520823701004, 0.0], [73.81123837858013, 18.645209322940364, 0.0]]]}, "properties": {"name": "PMP-T0418", "emu_id": "EMU_Water_margin", "typicality_percentile": 36.1, "is_medoid": false, "in_position_pool": false, "pool_rank": null, "selection_rationale": "pool position never used this baseline"}}, {"type": "Feature", "geometry": {"type": "Polygon", "coordinates": [[[73.81123837858013, 18.645209322940364, 0.0], [73.8110666762023, 18.64520823701004, 0.0], [73.8110141792018, 18.64533784019051, 0.0], [73.81103493226016, 18.645433947993748, 0.0], [73.81118948430979, 18.64543492550022, 0.0], [73.8111927986457, 18.64536411968295, 0.0], [73.81119367550231, 18.645355246623563, 0.0], [73.8111954650341, 18.64534649906046, 0.0], [73.81119814983312, 18.645337962086273, 0.0], [73.81120170378264, 18.645329718745124, 0.0], [73.81120609231122, 18.645321849224796, 0.0], [73.811211272729, 18.645314430076667, 0.0], [73.81121719464294, 18.645307533471062, 0.0], [73.81122380044711, 18.645301226495278, 0.0], [73.81123102588296, 18.64529557050088, 0.0], [73.81123780838749, 18.645291252263043, 0.0], [73.81123837858013, 18.645209322940364, 0.0]]]}, "properties": {"name": "PMP-T0419", "emu_id": "EMU_Water_margin", "typicality_percentile": 89.5, "is_medoid": false, "in_position_pool": false, "pool_rank": null, "selection_rationale": "pool position never used this baseline"}}, {"type": "Feature", "geometry": {"type": "Polygon", "coordinates": [[[73.8109840990522, 18.64769274379088, 0.0], [73.81122108329275, 18.647694242829246, 0.0], [73.81122265570426, 18.64746834104891, 0.0], [73.81098567177698, 18.64746684203001, 0.0], [73.81098558987986, 18.647478605581963, 0.0], [73.8110021813377, 18.64750132958999, 0.0], [73.81098503544092, 18.64755824394194, 0.0], [73.8109840990522, 18.64769274379088, 0.0]]]}, "properties": {"name": "PMP-T0422", "emu_id": "EMU_Water_margin", "typicality_percentile": 25.6, "is_medoid": false, "in_position_pool": false, "pool_rank": null, "selection_rationale": "pool position never used this baseline"}}, {"type": "Feature", "geometry": {"type": "Polygon", "coordinates": [[[73.81126510229878, 18.641368990882075, 0.0], [73.81126353049554, 18.641594892812254, 0.0], [73.8115005063016, 18.641596391026667, 0.0], [73.81150207779167, 18.64137048907703, 0.0], [73.81126510229878, 18.641368990882075, 0.0]]]}, "properties": {"name": "PMP-T0437", "emu_id": "EMU_Water_margin", "typicality_percentile": 33.8, "is_medoid": false, "in_position_pool": false, "pool_rank": null, "selection_rationale": "pool position never used this baseline"}}, {"type": "Feature", "geometry": {"type": "Polygon", "coordinates": [[[73.8112399507438, 18.64498342109898, 0.0], [73.8114769312478, 18.644984919605225, 0.0], [73.8114780787839, 18.644819996941095, 0.0], [73.8114234951282, 18.644852960374195, 0.0], [73.8112984199841, 18.644890126779302, 0.0], [73.8112748759427, 18.644862239893197, 0.0], [73.81124061860133, 18.644887456669856, 0.0], [73.8112399507438, 18.64498342109898, 0.0]]]}, "properties": {"name": "PMP-T0438", "emu_id": "EMU_Water_margin", "typicality_percentile": 37.6, "is_medoid": false, "in_position_pool": false, "pool_rank": null, "selection_rationale": "pool position never used this baseline"}}, {"type": "Feature", "geometry": {"type": "Polygon", "coordinates": [[[73.8112399507438, 18.64498342109898, 0.0], [73.81123837858013, 18.645209322940364, 0.0], [73.81147535939735, 18.64521082146606, 0.0], [73.8114769312478, 18.644984919605225, 0.0], [73.8112399507438, 18.64498342109898, 0.0]]]}, "properties": {"name": "PMP-T0439", "emu_id": "EMU_Water_margin", "typicality_percentile": 96.2, "is_medoid": false, "in_position_pool": false, "pool_rank": null, "selection_rationale": "pool position never used this baseline"}}, {"type": "Feature", "geometry": {"type": "Polygon", "coordinates": [[[73.81147064371089, 18.645888527015273, 0.0], [73.81127412992981, 18.64588728435672, 0.0], [73.81126389700333, 18.645915286270696, 0.0], [73.81125512990229, 18.645945700301066, 0.0], [73.81124851992985, 18.64597660587261, 0.0], [73.81124409678571, 18.646007864126958, 0.0], [73.81124364513636, 18.646014276942974, 0.0], [73.81146977215126, 18.646013778285425, 0.0], [73.81147064371089, 18.645888527015273, 0.0]]]}, "properties": {"name": "PMP-T0440", "emu_id": "EMU_Water_margin", "typicality_percentile": 91.7, "is_medoid": false, "in_position_pool": false, "pool_rank": null, "selection_rationale": "pool position never used this baseline"}}, {"type": "Feature", "geometry": {"type": "Polygon", "coordinates": [[[73.81150207779167, 18.64137048907703, 0.0], [73.8115005063016, 18.641596391026667, 0.0], [73.81173748213017, 18.64159788894253, 0.0], [73.81173905330708, 18.641371986973443, 0.0], [73.81150207779167, 18.64137048907703, 0.0]]]}, "properties": {"name": "PMP-T0461", "emu_id": "EMU_Water_margin", "typicality_percentile": 38.3, "is_medoid": false, "in_position_pool": true, "pool_rank": 7, "selection_rationale": "best-scoring position in its spatial region \u2014 extends coverage of the EMU"}}, {"type": "Feature", "geometry": {"type": "Polygon", "coordinates": [[[73.8114769312478, 18.644984919605225, 0.0], [73.81171391177432, 18.644986417812866, 0.0], [73.811715483289, 18.644760515927025, 0.0], [73.81170179679079, 18.644760429409153, 0.0], [73.8115869015136, 18.64480946669341, 0.0], [73.8114988548356, 18.6448074501374, 0.0], [73.8114780787839, 18.644819996941095, 0.0], [73.8114769312478, 18.644984919605225, 0.0]]]}, "properties": {"name": "PMP-T0462", "emu_id": "EMU_Water_margin", "typicality_percentile": 42.1, "is_medoid": false, "in_position_pool": false, "pool_rank": null, "selection_rationale": "pool position never used this baseline"}}, {"type": "Feature", "geometry": {"type": "Polygon", "coordinates": [[[73.8114769312478, 18.644984919605225, 0.0], [73.81147535939735, 18.64521082146606, 0.0], [73.81171234023712, 18.645212319693155, 0.0], [73.81171391177432, 18.644986417812866, 0.0], [73.8114769312478, 18.644984919605225, 0.0]]]}, "properties": {"name": "PMP-T0463", "emu_id": "EMU_Water_margin", "typicality_percentile": 91.0, "is_medoid": false, "in_position_pool": true, "pool_rank": 3, "selection_rationale": "best-scoring position in its spatial region \u2014 extends coverage of the EMU"}}, {"type": "Feature", "geometry": {"type": "Polygon", "coordinates": [[[73.81147064371089, 18.645888527015273, 0.0], [73.81170762549036, 18.645890025300723, 0.0], [73.81170862107973, 18.645746920044576, 0.0], [73.81147169579769, 18.645737330971812, 0.0], [73.81147064371089, 18.645888527015273, 0.0]]]}, "properties": {"name": "PMP-T0464", "emu_id": "EMU_Water_margin", "typicality_percentile": 78.9, "is_medoid": false, "in_position_pool": false, "pool_rank": null, "selection_rationale": "pool position never used this baseline"}}, {"type": "Feature", "geometry": {"type": "Polygon", "coordinates": [[[73.81170762549036, 18.645890025300723, 0.0], [73.81147064371089, 18.645888527015273, 0.0], [73.81146977215126, 18.646013778285425, 0.0], [73.81170676816627, 18.646013255367375, 0.0], [73.81170762549036, 18.645890025300723, 0.0]]]}, "properties": {"name": "PMP-T0465", "emu_id": "EMU_Water_margin", "typicality_percentile": 82.0, "is_medoid": false, "in_position_pool": false, "pool_rank": null, "selection_rationale": "pool position never used this baseline"}}, {"type": "Feature", "geometry": {"type": "Polygon", "coordinates": [[[73.81173905330708, 18.641371986973443, 0.0], [73.81173748213017, 18.64159788894253, 0.0], [73.81197445798125, 18.641599386559857, 0.0], [73.81197565350192, 18.641427462019063, 0.0], [73.81184234269047, 18.641378972868996, 0.0], [73.81182071507374, 18.641372503079374, 0.0], [73.81173905330708, 18.641371986973443, 0.0]]]}, "properties": {"name": "PMP-T0489", "emu_id": "EMU_Water_margin", "typicality_percentile": 29.3, "is_medoid": false, "in_position_pool": false, "pool_rank": null, "selection_rationale": "pool position never used this baseline"}}, {"type": "Feature", "geometry": {"type": "Polygon", "coordinates": [[[73.811715483289, 18.644760515927025, 0.0], [73.81171391177432, 18.644986417812866, 0.0], [73.81195089232337, 18.64498791572191, 0.0], [73.81195246352483, 18.644762013816617, 0.0], [73.811715483289, 18.644760515927025, 0.0]]]}, "properties": {"name": "PMP-T0490", "emu_id": "EMU_Water_margin", "typicality_percentile": 28.6, "is_medoid": false, "in_position_pool": false, "pool_rank": null, "selection_rationale": "pool position never used this baseline"}}, {"type": "Feature", "geometry": {"type": "Polygon", "coordinates": [[[73.81171391177432, 18.644986417812866, 0.0], [73.81171234023712, 18.645212319693155, 0.0], [73.81194932109939, 18.64521381762164, 0.0], [73.81195089232337, 18.64498791572191, 0.0], [73.81171391177432, 18.644986417812866, 0.0]]]}, "properties": {"name": "PMP-T0491", "emu_id": "EMU_Water_margin", "typicality_percentile": 75.9, "is_medoid": false, "in_position_pool": false, "pool_rank": null, "selection_rationale": "pool position never used this baseline"}}, {"type": "Feature", "geometry": {"type": "Polygon", "coordinates": [[[73.81170762549036, 18.645890025300723, 0.0], [73.81194460729236, 18.645891523287563, 0.0], [73.81194554680376, 18.645756451740056, 0.0], [73.81193953810416, 18.64575626357735, 0.0], [73.81193931134003, 18.64575624582821, 0.0], [73.81193908381779, 18.645756247271997, 0.0], [73.81170862107973, 18.645746920044576, 0.0], [73.81170762549036, 18.645890025300723, 0.0]]]}, "properties": {"name": "PMP-T0492", "emu_id": "EMU_Water_margin", "typicality_percentile": 72.2, "is_medoid": false, "in_position_pool": false, "pool_rank": null, "selection_rationale": "pool position never used this baseline"}}, {"type": "Feature", "geometry": {"type": "Polygon", "coordinates": [[[73.81194460729236, 18.645891523287563, 0.0], [73.81170762549036, 18.645890025300723, 0.0], [73.81170676816627, 18.646013255367375, 0.0], [73.8119437641982, 18.646012732150357, 0.0], [73.81194460729236, 18.645891523287563, 0.0]]]}, "properties": {"name": "PMP-T0493", "emu_id": "EMU_Water_margin", "typicality_percentile": 76.7, "is_medoid": false, "in_position_pool": false, "pool_rank": null, "selection_rationale": "pool position never used this baseline"}}, {"type": "Feature", "geometry": {"type": "Polygon", "coordinates": [[[73.81170448221327, 18.64634182901135, 0.0], [73.81194146464178, 18.646343327037084, 0.0], [73.81194282136752, 18.646148278696074, 0.0], [73.81170582514751, 18.64614880190466, 0.0], [73.81170448221327, 18.64634182901135, 0.0]]]}, "properties": {"name": "PMP-T0494", "emu_id": "EMU_Water_margin", "typicality_percentile": 88.0, "is_medoid": false, "in_position_pool": false, "pool_rank": null, "selection_rationale": "pool position never used this baseline"}}, {"type": "Feature", "geometry": {"type": "Polygon", "coordinates": [[[73.81197445798125, 18.641599386559857, 0.0], [73.81221143385486, 18.641600883878635, 0.0], [73.8122118734124, 18.641537659926723, 0.0], [73.81220969631785, 18.641536132151415, 0.0], [73.81218536377976, 18.641520888290465, 0.0], [73.81216021587005, 18.641506898553438, 0.0], [73.81213435351768, 18.641494217116872, 0.0], [73.81198997675664, 18.641432671810293, 0.0], [73.81197565350192, 18.641427462019063, 0.0], [73.81197445798125, 18.641599386559857, 0.0]]]}, "properties": {"name": "PMP-T0512", "emu_id": "EMU_Water_margin", "typicality_percentile": 27.8, "is_medoid": false, "in_position_pool": false, "pool_rank": null, "selection_rationale": "pool position never used this baseline"}}, {"type": "Feature", "geometry": {"type": "Polygon", "coordinates": [[[73.81220986328177, 18.64182678588106, 0.0], [73.81221143385486, 18.641600883878635, 0.0], [73.81197445798125, 18.641599386559857, 0.0], [73.81197390061715, 18.641679538920318, 0.0], [73.8120220436082, 18.64168312292619, 0.0], [73.81209243423751, 18.641826043940902, 0.0], [73.81220986328177, 18.64182678588106, 0.0]]]}, "properties": {"name": "PMP-T0513", "emu_id": "EMU_Water_margin", "typicality_percentile": 30.8, "is_medoid": false, "in_position_pool": false, "pool_rank": null, "selection_rationale": "pool position never used this baseline"}}, {"type": "Feature", "geometry": {"type": "Polygon", "coordinates": [[[73.81196031919441, 18.643632504206924, 0.0], [73.81219729788667, 18.643634001700697, 0.0], [73.81219886863984, 18.643408099742665, 0.0], [73.81206607085464, 18.6434072606258, 0.0], [73.8119962540235, 18.643520639024995, 0.0], [73.81196042642041, 18.64361708639946, 0.0], [73.81196031919441, 18.643632504206924, 0.0]]]}, "properties": {"name": "PMP-T0514", "emu_id": "EMU_Water_margin", "typicality_percentile": 60.2, "is_medoid": false, "in_position_pool": false, "pool_rank": null, "selection_rationale": "pool position never used this baseline"}}, {"type": "Feature", "geometry": {"type": "Polygon", "coordinates": [[[73.81219729788667, 18.643634001700697, 0.0], [73.81196031919441, 18.643632504206924, 0.0], [73.81195874810552, 18.643858406139966, 0.0], [73.81212732742662, 18.64385947145387, 0.0], [73.81212745781738, 18.64385939828693, 0.0], [73.81213062569769, 18.643857525541634, 0.0], [73.8121316543734, 18.643857043448886, 0.0], [73.8121325622458, 18.64385653400913, 0.0], [73.81213567071676, 18.643855161174432, 0.0], [73.81213897395475, 18.643853613099388, 0.0], [73.81214003378798, 18.6438532342541, 0.0], [73.81214100297602, 18.643852806218852, 0.0], [73.81214428266183, 18.64385171546233, 0.0], [73.81214768430294, 18.643850499520173, 0.0], [73.81214876374855, 18.643850225144305, 0.0], [73.81214978636554, 18.64384988504273, 0.0], [73.8121532095594, 18.64384909509819, 0.0], [73.81215667285697, 18.643848214789404, 0.0], [73.81215776055879, 18.64384804489839, 0.0], [73.81215882782567, 18.643847798613237, 0.0], [73.81219585808547, 18.643841067609888, 0.0], [73.81219729788667, 18.643634001700697, 0.0]]]}, "properties": {"name": "PMP-T0515", "emu_id": "EMU_Water_margin", "typicality_percentile": 17.3, "is_medoid": false, "in_position_pool": false, "pool_rank": null, "selection_rationale": "pool position never used this baseline"}}, {"type": "Feature", "geometry": {"type": "Polygon", "coordinates": [[[73.81195874810552, 18.643858406139966, 0.0], [73.81195717699411, 18.644084308067455, 0.0], [73.81212660753994, 18.64408537877265, 0.0], [73.81211861677399, 18.64406822140237, 0.0], [73.81211617825366, 18.644062459059413, 0.0], [73.81210433831077, 18.644031447825796, 0.0], [73.81210232097128, 18.64402553936005, 0.0], [73.81209274466455, 18.643993825814952, 0.0], [73.81209115804411, 18.643987799163398, 0.0], [73.81208389065107, 18.643955533256317, 0.0], [73.81208368895926, 18.64395435984888, 0.0], [73.8120834674916, 18.643953487749545, 0.0], [73.81208304236931, 18.643950598101977, 0.0], [73.81208238646545, 18.64394678216822, 0.0], [73.81208230639685, 18.64394559553873, 0.0], [73.81208217551521, 18.64394470590814, 0.0], [73.81208204941646, 18.643941787048757, 0.0], [73.81208178934004, 18.643937932674678, 0.0], [73.81208183162128, 18.64393674565438, 0.0], [73.81208179273929, 18.64393584563724, 0.0], [73.81208196784992, 18.643932921117916, 0.0], [73.81208210502533, 18.64392907000113, 0.0], [73.81208226877389, 18.643927895391606, 0.0], [73.81208232285007, 18.64392699226611, 0.0], [73.81208279983845, 18.643924085932223, 0.0], [73.81208333048097, 18.64392027949999, 0.0], [73.81208361322872, 18.643919129870394, 0.0], [73.81208376074215, 18.64391823105752, 0.0], [73.81208453867728, 18.643915367071003, 0.0], [73.81208545390501, 18.643911645828545, 0.0], [73.81208585165311, 18.64391053331945, 0.0], [73.81208609256768, 18.64390964638668, 0.0], [73.81208716880246, 18.6439068492271, 0.0], [73.8120884548476, 18.643903252133736, 0.0], [73.81208896215084, 18.643902188272197, 0.0], [73.81208929586982, 18.643901320928617, 0.0], [73.81209066589527, 18.643898615363376, 0.0], [73.81209230440791, 18.64389517925138, 0.0], [73.8120929144861, 18.643894174781906, 0.0], [73.8120933397989, 18.64389333486199, 0.0], [73.81209499707751, 18.64389074587786, 0.0], [73.81209696551248, 18.643887504927704, 0.0], [73.81209767038541, 18.643886569662705, 0.0], [73.8120981854096, 18.64388576509695, 0.0], [73.81210012119763, 18.643883317787157, 0.0], [73.81210239327227, 18.64388030307056, 0.0], [73.8121031839142, 18.64387944576371, 0.0], [73.81210378603598, 18.643878684534396, 0.0], [73.8121059892052, 18.64387640393762, 0.0], [73.81210853541495, 18.643873643037733, 0.0], [73.81210940192454, 18.643872871282497, 0.0], [73.81211008774089, 18.643872161363955, 0.0], [73.81211254461203, 18.643870072253357, 0.0], [73.8121153327883, 18.64386758896888, 0.0], [73.81211626456854, 18.6438669091241, 0.0], [73.8121170298355, 18.643866258407247, 0.0], [73.81211972403528, 18.643864385030522, 0.0], [73.81212271992993, 18.643862199167966, 0.0], [73.81212370587367, 18.643861616310943, 0.0], [73.81212454546367, 18.643861032512916, 0.0], [73.81212732742662, 18.64385947145387, 0.0], [73.81195874810552, 18.643858406139966, 0.0]]]}, "properties": {"name": "PMP-T0516", "emu_id": "EMU_Water_margin", "typicality_percentile": 51.9, "is_medoid": false, "in_position_pool": false, "pool_rank": null, "selection_rationale": "pool position never used this baseline"}}, {"type": "Feature", "geometry": {"type": "Polygon", "coordinates": [[[73.8121925854921, 18.6443117075415, 0.0], [73.81219340616734, 18.64419368548101, 0.0], [73.81217682446179, 18.64417173774823, 0.0], [73.81217319926132, 18.644166573844675, 0.0], [73.81215494573412, 18.644138532588133, 0.0], [73.81215170137804, 18.644133143408173, 0.0], [73.81213551254355, 18.644103972669757, 0.0], [73.8121326643723, 18.644098383695756, 0.0], [73.81212660753994, 18.64408537877265, 0.0], [73.81195717699411, 18.644084308067455, 0.0], [73.81195661669125, 18.644164870315745, 0.0], [73.8119689822676, 18.644164514046768, 0.0], [73.81198284278737, 18.644165407585064, 0.0], [73.8119965456837, 18.64416758620217, 0.0], [73.81200996015613, 18.644171029102203, 0.0], [73.8120229581573, 18.644175703421105, 0.0], [73.81203541561523, 18.64418156454036, 0.0], [73.81204721361765, 18.644188556512873, 0.0], [73.81205823954707, 18.644196612597042, 0.0], [73.81206838815574, 18.644205655893806, 0.0], [73.8120867838365, 18.64422373213529, 0.0], [73.81212527048199, 18.64425286523643, 0.0], [73.81213582685815, 18.64426170077058, 0.0], [73.81214541710195, 18.644271486156935, 0.0], [73.81215909328131, 18.64428690149633, 0.0], [73.81216644644307, 18.644295936753913, 0.0], [73.81217297449528, 18.64430553069145, 0.0], [73.8121735935892, 18.64430663440801, 0.0], [73.81218585585005, 18.6443116650188, 0.0], [73.8121925854921, 18.6443117075415, 0.0]]]}, "properties": {"name": "PMP-T0517", "emu_id": "EMU_Water_margin", "typicality_percentile": 50.4, "is_medoid": false, "in_position_pool": false, "pool_rank": null, "selection_rationale": "pool position never used this baseline"}}, {"type": "Feature", "geometry": {"type": "Polygon", "coordinates": [[[73.81195089232337, 18.64498791572191, 0.0], [73.81194932109939, 18.64521381762164, 0.0], [73.81218630198418, 18.645215315251527, 0.0], [73.81218682666832, 18.645139864380244, 0.0], [73.8121578185351, 18.6451320625494, 0.0], [73.8120601118351, 18.645087648211096, 0.0], [73.81202538190126, 18.64498838649467, 0.0], [73.81195089232337, 18.64498791572191, 0.0]]]}, "properties": {"name": "PMP-T0518", "emu_id": "EMU_Water_margin", "typicality_percentile": 51.1, "is_medoid": false, "in_position_pool": false, "pool_rank": null, "selection_rationale": "pool position never used this baseline"}}, {"type": "Feature", "geometry": {"type": "Polygon", "coordinates": [[[73.81194460729236, 18.645891523287563, 0.0], [73.81218158911689, 18.64589302097578, 0.0], [73.81218248542116, 18.645764135543455, 0.0], [73.81217563869357, 18.645763656933635, 0.0], [73.81194554680376, 18.645756451740056, 0.0], [73.81194460729236, 18.645891523287563, 0.0]]]}, "properties": {"name": "PMP-T0519", "emu_id": "EMU_Water_margin", "typicality_percentile": 52.6, "is_medoid": false, "in_position_pool": false, "pool_rank": null, "selection_rationale": "pool position never used this baseline"}}, {"type": "Feature", "geometry": {"type": "Polygon", "coordinates": [[[73.81218158911689, 18.64589302097578, 0.0], [73.81194460729236, 18.645891523287563, 0.0], [73.8119437641982, 18.646012732150357, 0.0], [73.81218076024705, 18.64601220863438, 0.0], [73.81218158911689, 18.64589302097578, 0.0]]]}, "properties": {"name": "PMP-T0520", "emu_id": "EMU_Water_margin", "typicality_percentile": 60.9, "is_medoid": false, "in_position_pool": false, "pool_rank": null, "selection_rationale": "pool position never used this baseline"}}, {"type": "Feature", "geometry": {"type": "Polygon", "coordinates": [[[73.81194146464178, 18.646343327037084, 0.0], [73.8121784470928, 18.64634482476419, 0.0], [73.81217981760447, 18.646147755188515, 0.0], [73.81194282136752, 18.646148278696074, 0.0], [73.81194146464178, 18.646343327037084, 0.0]]]}, "properties": {"name": "PMP-T0521", "emu_id": "EMU_Water_margin", "typicality_percentile": 71.4, "is_medoid": false, "in_position_pool": false, "pool_rank": null, "selection_rationale": "pool position never used this baseline"}}, {"type": "Feature", "geometry": {"type": "Polygon", "coordinates": [[[73.81221143385486, 18.641600883878635, 0.0], [73.81220986328177, 18.64182678588106, 0.0], [73.81244683949105, 18.641828282920738, 0.0], [73.8124470028811, 18.641804777320477, 0.0], [73.81244045260453, 18.64178934353309, 0.0], [73.81243943407009, 18.64178671141526, 0.0], [73.81241604515608, 18.641719955478248, 0.0], [73.81241519995366, 18.64171726817432, 0.0], [73.81239620238478, 18.6416492571558, 0.0], [73.81239553377301, 18.641646525027266, 0.0], [73.81238831299947, 18.641612240165813, 0.0], [73.81238519249767, 18.6416119088159, 0.0], [73.81236764632037, 18.641609460868416, 0.0], [73.81236443962003, 18.641608905526713, 0.0], [73.81234711140776, 18.641605313869476, 0.0], [73.8123439523256, 18.641604549761222, 0.0], [73.81233350557423, 18.641601655065397, 0.0], [73.81221143385486, 18.641600883878635, 0.0]]]}, "properties": {"name": "PMP-T0535", "emu_id": "EMU_Water_margin", "typicality_percentile": 19.5, "is_medoid": false, "in_position_pool": false, "pool_rank": null, "selection_rationale": "pool position never used this baseline"}}, {"type": "Feature", "geometry": {"type": "Polygon", "coordinates": [[[73.81244526920861, 18.642054184937056, 0.0], [73.81244683949105, 18.641828282920738, 0.0], [73.81220986328177, 18.64182678588106, 0.0], [73.8122088843577, 18.641967586925855, 0.0], [73.8122228913221, 18.641981880125197, 0.0], [73.812230857679, 18.641999017509796, 0.0], [73.812239995002, 18.642015615409804, 0.0], [73.8122502633196, 18.6420316012169, 0.0], [73.8122616177129, 18.642046905000203, 0.0], [73.81226685577042, 18.642053057868107, 0.0], [73.81244526920861, 18.642054184937056, 0.0]]]}, "properties": {"name": "PMP-T0536", "emu_id": "EMU_Water_margin", "typicality_percentile": 56.4, "is_medoid": false, "in_position_pool": false, "pool_rank": null, "selection_rationale": "pool position never used this baseline"}}, {"type": "Feature", "geometry": {"type": "Polygon", "coordinates": [[[73.8122004393705, 18.643182197779087, 0.0], [73.81243741745888, 18.643183694935402, 0.0], [73.81243898785384, 18.64295779294683, 0.0], [73.81226762759215, 18.64295671038675, 0.0], [73.81220088880721, 18.64311755934323, 0.0], [73.8122004393705, 18.643182197779087, 0.0]]]}, "properties": {"name": "PMP-T0537", "emu_id": "EMU_Water_margin", "typicality_percentile": 42.9, "is_medoid": false, "in_position_pool": false, "pool_rank": null, "selection_rationale": "pool position never used this baseline"}}, {"type": "Feature", "geometry": {"type": "Polygon", "coordinates": [[[73.8122004393705, 18.643182197779087, 0.0], [73.81219886863984, 18.643408099742665, 0.0], [73.8124358470414, 18.643409596918424, 0.0], [73.81243741745888, 18.643183694935402, 0.0], [73.8122004393705, 18.643182197779087, 0.0]]]}, "properties": {"name": "PMP-T0538", "emu_id": "EMU_Water_margin", "typicality_percentile": 18.8, "is_medoid": false, "in_position_pool": false, "pool_rank": null, "selection_rationale": "pool position never used this baseline"}}, {"type": "Feature", "geometry": {"type": "Polygon", "coordinates": [[[73.81218630198418, 18.645215315251527, 0.0], [73.81218473105093, 18.64544121716516, 0.0], [73.81242171227147, 18.645442714515884, 0.0], [73.81242274049843, 18.645294825224404, 0.0], [73.8124144283021, 18.64523003707419, 0.0], [73.8123866583461, 18.645216581195168, 0.0], [73.81218630198418, 18.645215315251527, 0.0]]]}, "properties": {"name": "PMP-T0541", "emu_id": "EMU_Water_margin", "typicality_percentile": 24.1, "is_medoid": false, "in_position_pool": false, "pool_rank": null, "selection_rationale": "pool position never used this baseline"}}, {"type": "Feature", "geometry": {"type": "Polygon", "coordinates": [[[73.81242171227147, 18.645442714515884, 0.0], [73.81218473105093, 18.64544121716516, 0.0], [73.81218349284379, 18.64561927041715, 0.0], [73.81218463160653, 18.645619328024893, 0.0], [73.81242036974798, 18.645635806804393, 0.0], [73.81242171227147, 18.645442714515884, 0.0]]]}, "properties": {"name": "PMP-T0542", "emu_id": "EMU_Water_margin", "typicality_percentile": 54.1, "is_medoid": false, "in_position_pool": false, "pool_rank": null, "selection_rationale": "pool position never used this baseline"}}, {"type": "Feature", "geometry": {"type": "Polygon", "coordinates": [[[73.81218158911689, 18.64589302097578, 0.0], [73.81241857096393, 18.64589451836538, 0.0], [73.81241935896288, 18.645781184305843, 0.0], [73.81240995361125, 18.645780036210002, 0.0], [73.81218248542116, 18.645764135543455, 0.0], [73.81218158911689, 18.64589302097578, 0.0]]]}, "properties": {"name": "PMP-T0543", "emu_id": "EMU_Water_margin", "typicality_percentile": 61.7, "is_medoid": false, "in_position_pool": false, "pool_rank": null, "selection_rationale": "pool position never used this baseline"}}, {"type": "Feature", "geometry": {"type": "Polygon", "coordinates": [[[73.81241857096393, 18.64589451836538, 0.0], [73.81218158911689, 18.64589302097578, 0.0], [73.81218076024705, 18.64601220863438, 0.0], [73.81241775631278, 18.646011684819424, 0.0], [73.81241857096393, 18.64589451836538, 0.0]]]}, "properties": {"name": "PMP-T0544", "emu_id": "EMU_Water_margin", "typicality_percentile": 57.9, "is_medoid": false, "in_position_pool": false, "pool_rank": null, "selection_rationale": "pool position never used this baseline"}}, {"type": "Feature", "geometry": {"type": "Polygon", "coordinates": [[[73.8121784470928, 18.64634482476419, 0.0], [73.81234927516921, 18.6463459042109, 0.0], [73.81235202590976, 18.646333936969416, 0.0], [73.8123594151762, 18.646288966607887, 0.0], [73.81236394654641, 18.64624365336438, 0.0], [73.81236560353418, 18.64619816212054, 0.0], [73.8123643801126, 18.646152658405413, 0.0], [73.81236390012144, 18.646147348357264, 0.0], [73.81217981760447, 18.646147755188515, 0.0], [73.8121784470928, 18.64634482476419, 0.0]]]}, "properties": {"name": "PMP-T0545", "emu_id": "EMU_Water_margin", "typicality_percentile": 69.2, "is_medoid": false, "in_position_pool": true, "pool_rank": 8, "selection_rationale": "best-scoring position in its spatial region \u2014 extends coverage of the EMU"}}, {"type": "Feature", "geometry": {"type": "Polygon", "coordinates": [[[73.81268067576181, 18.64228158372783, 0.0], [73.81268121692887, 18.642203716973597, 0.0], [73.81265343147591, 18.642155718862906, 0.0], [73.81258586367588, 18.642055072977662, 0.0], [73.81244526920861, 18.642054184937056, 0.0], [73.81244441361255, 18.64217727026758, 0.0], [73.8124562544317, 18.642186441226606, 0.0], [73.8124760250387, 18.64220386171929, 0.0], [73.8124945906257, 18.642222448075497, 0.0], [73.8125118756875, 18.642242124705696, 0.0], [73.81252780992651, 18.64226281158659, 0.0], [73.81253974953205, 18.642280693653444, 0.0], [73.81268067576181, 18.64228158372783, 0.0]]]}, "properties": {"name": "PMP-T0559", "emu_id": "EMU_Water_margin", "typicality_percentile": 21.1, "is_medoid": false, "in_position_pool": false, "pool_rank": null, "selection_rationale": "pool position never used this baseline"}}, {"type": "Feature", "geometry": {"type": "Polygon", "coordinates": [[[73.81243898785384, 18.64295779294683, 0.0], [73.81243741745888, 18.643183694935402, 0.0], [73.81267439556974, 18.643185191793155, 0.0], [73.81267596565151, 18.642959289785143, 0.0], [73.81243898785384, 18.64295779294683, 0.0]]]}, "properties": {"name": "PMP-T0560", "emu_id": "EMU_Water_margin", "typicality_percentile": 30.1, "is_medoid": false, "in_position_pool": true, "pool_rank": 10, "selection_rationale": "best-scoring position in its spatial region \u2014 extends coverage of the EMU"}}, {"type": "Feature", "geometry": {"type": "Polygon", "coordinates": [[[73.81265712318525, 18.645670113514953, 0.0], [73.8126580640668, 18.645534762054805, 0.0], [73.8126451960074, 18.645520554376997, 0.0], [73.81254867582699, 18.6454435166041, 0.0], [73.81242171227147, 18.645442714515884, 0.0], [73.81242036974798, 18.645635806804393, 0.0], [73.8124234703269, 18.64563602354187, 0.0], [73.81242602426467, 18.645636268500475, 0.0], [73.81244371098445, 18.64563842748386, 0.0], [73.8124468897408, 18.645638920661497, 0.0], [73.81246438182534, 18.645642219598603, 0.0], [73.81246751810976, 18.64564291741239, 0.0], [73.81248473479833, 18.645647341072156, 0.0], [73.81248781413078, 18.645648240300343, 0.0], [73.81250467593382, 18.645653768258803, 0.0], [73.81250768409637, 18.645654864749485, 0.0], [73.81252411316328, 18.645661471484015, 0.0], [73.81252703626816, 18.64566276017504, 0.0], [73.8125408011597, 18.64566937871706, 0.0], [73.81265712318525, 18.645670113514953, 0.0]]]}, "properties": {"name": "PMP-T0563", "emu_id": "EMU_Water_margin", "typicality_percentile": 15.8, "is_medoid": false, "in_position_pool": false, "pool_rank": null, "selection_rationale": "pool position never used this baseline"}}, {"type": "Feature", "geometry": {"type": "Polygon", "coordinates": [[[73.81288639392677, 18.642734706733325, 0.0], [73.81288613288963, 18.642730081914795, 0.0], [73.81288182893654, 18.642695302937984, 0.0], [73.81287521225046, 18.64266085549507, 0.0], [73.81286631358414, 18.642626894213024, 0.0], [73.81282662123823, 18.642508417341617, 0.0], [73.81267910574753, 18.64250748575248, 0.0], [73.81267863960623, 18.64257455602555, 0.0], [73.8126815519784, 18.6425838715907, 0.0], [73.8126978143404, 18.642653082450103, 0.0], [73.8127090107621, 18.642723200559097, 0.0], [73.81270990407498, 18.642733592196425, 0.0], [73.81288639392677, 18.642734706733325, 0.0]]]}, "properties": {"name": "PMP-T0588", "emu_id": "EMU_Water_margin", "typicality_percentile": 24.8, "is_medoid": false, "in_position_pool": false, "pool_rank": null, "selection_rationale": "pool position never used this baseline"}}, {"type": "Feature", "geometry": {"type": "Polygon", "coordinates": [[[73.81267596565151, 18.642959289785143, 0.0], [73.81285685115786, 18.642960432123036, 0.0], [73.81285704529986, 18.642959503946507, 0.0], [73.8128577629704, 18.642956582378392, 0.0], [73.81286266234964, 18.642939251616603, 0.0], [73.8128626793644, 18.642939191594074, 0.0], [73.8128726820478, 18.642904001526183, 0.0], [73.81288001429569, 18.642869685986902, 0.0], [73.81288504115787, 18.642834995243557, 0.0], [73.81288774226302, 18.64280006989087, 0.0], [73.81288810666533, 18.642765051473866, 0.0], [73.81288639392677, 18.642734706733325, 0.0], [73.81270990407498, 18.642733592196425, 0.0], [73.8127150874992, 18.642793889380297, 0.0], [73.8127160153795, 18.64286480963651, 0.0], [73.812711789943, 18.6429356209395, 0.0], [73.81267618046861, 18.642928381833656, 0.0], [73.81267596565151, 18.642959289785143, 0.0]]]}, "properties": {"name": "PMP-T0589", "emu_id": "EMU_Water_margin", "typicality_percentile": 32.3, "is_medoid": false, "in_position_pool": false, "pool_rank": null, "selection_rationale": "pool position never used this baseline"}}, {"type": "Feature", "geometry": {"type": "Polygon", "coordinates": [[[73.81267596565151, 18.642959289785143, 0.0], [73.81267439556974, 18.643185191793155, 0.0], [73.81288882848258, 18.643186545988097, 0.0], [73.81287098949642, 18.643143857283754, 0.0], [73.81287025282577, 18.6431419735744, 0.0], [73.81286406973555, 18.64312501988898, 0.0], [73.81286313538564, 18.643122154529827, 0.0], [73.81285814641818, 18.643104847007383, 0.0], [73.81285741364408, 18.64310192884796, 0.0], [73.81285364080318, 18.643084343824988, 0.0], [73.81285311283673, 18.643081385735847, 0.0], [73.81285057276241, 18.6430636007727, 0.0], [73.81285025193219, 18.643060615800508, 0.0], [73.81284895582736, 18.643042709339454, 0.0], [73.8128488435484, 18.64303971065051, 0.0], [73.81284879712898, 18.64302176166948, 0.0], [73.81284889389634, 18.64301876248889, 0.0], [73.81285009736675, 18.643000850153467, 0.0], [73.81285040275357, 18.642997863710047, 0.0], [73.8128528508052, 18.64298006702422, 0.0], [73.81285336346457, 18.64297710648915, 0.0], [73.81285685115786, 18.642960432123036, 0.0], [73.81267596565151, 18.642959289785143, 0.0]]]}, "properties": {"name": "PMP-T0590", "emu_id": "EMU_Water_margin", "typicality_percentile": 22.6, "is_medoid": false, "in_position_pool": false, "pool_rank": null, "selection_rationale": "pool position never used this baseline"}}, {"type": "Feature", "geometry": {"type": "Polygon", "coordinates": [[[73.8126665448234, 18.644314701749945, 0.0], [73.81266497460663, 18.644540603724653, 0.0], [73.81290195461926, 18.64454210040042, 0.0], [73.81290352452281, 18.644316198406287, 0.0], [73.8126665448234, 18.644314701749945, 0.0]]]}, "properties": {"name": "PMP-T0594", "emu_id": "EMU_Water_margin", "typicality_percentile": 20.3, "is_medoid": false, "in_position_pool": false, "pool_rank": null, "selection_rationale": "pool position never used this baseline"}}, {"type": "Feature", "geometry": {"type": "Polygon", "coordinates": [[[73.81290038469321, 18.644768002389014, 0.0], [73.81290195461926, 18.64454210040042, 0.0], [73.81266497460663, 18.644540603724653, 0.0], [73.81266493884347, 18.64454574881637, 0.0], [73.81266514723477, 18.644547482606885, 0.0], [73.81266536339176, 18.644560848818692, 0.0], [73.8126647882097, 18.644567419828284, 0.0], [73.81266473784991, 18.644574664861526, 0.0], [73.812719154224, 18.6445750085617, 0.0], [73.8127553198539, 18.644659910988196, 0.0], [73.81278864352466, 18.64476729670322, 0.0], [73.81290038469321, 18.644768002389014, 0.0]]]}, "properties": {"name": "PMP-T0595", "emu_id": "EMU_Water_margin", "typicality_percentile": 48.9, "is_medoid": false, "in_position_pool": false, "pool_rank": null, "selection_rationale": "pool position never used this baseline"}}, {"type": "Feature", "geometry": {"type": "Polygon", "coordinates": [[[73.81289724477361, 18.64521980634955, 0.0], [73.81289881474466, 18.64499390437206, 0.0], [73.81276392750534, 18.644993052492232, 0.0], [73.8127588683206, 18.6450307471377, 0.0], [73.8127638981803, 18.645188447723303, 0.0], [73.81276368608141, 18.645218962850794, 0.0], [73.81289724477361, 18.64521980634955, 0.0]]]}, "properties": {"name": "PMP-T0596", "emu_id": "EMU_Water_margin", "typicality_percentile": 49.6, "is_medoid": false, "in_position_pool": false, "pool_rank": null, "selection_rationale": "pool position never used this baseline"}}, {"type": "Feature", "geometry": {"type": "Polygon", "coordinates": [[[73.81285099268175, 18.645897249888193, 0.0], [73.8128358834272, 18.645848775598896, 0.0], [73.8127847482113, 18.645714142176796, 0.0], [73.81276104485318, 18.645670769919793, 0.0], [73.81265712318525, 18.645670113514953, 0.0], [73.81265644030233, 18.645768349592647, 0.0], [73.81267087625857, 18.645787098206462, 0.0], [73.8126726031209, 18.64578949948138, 0.0], [73.81269073711583, 18.645816544508104, 0.0], [73.81269229815904, 18.6458190468131, 0.0], [73.81270856730102, 18.64584714897384, 0.0], [73.81270995604376, 18.645849741919747, 0.0], [73.81272429278125, 18.64587878453314, 0.0], [73.81272550345695, 18.645881457353216, 0.0], [73.81273172049494, 18.64589649656863, 0.0], [73.81285099268175, 18.645897249888193, 0.0]]]}, "properties": {"name": "PMP-T0597", "emu_id": "EMU_Water_margin", "typicality_percentile": 58.6, "is_medoid": false, "in_position_pool": false, "pool_rank": null, "selection_rationale": "pool position never used this baseline"}}, {"type": "Feature", "geometry": {"type": "Polygon", "coordinates": [[[73.81289881474466, 18.64499390437206, 0.0], [73.81289724477361, 18.64521980634955, 0.0], [73.81313422574843, 18.645221302785018, 0.0], [73.81313579540624, 18.644995400788094, 0.0], [73.81289881474466, 18.64499390437206, 0.0]]]}, "properties": {"name": "PMP-T0629", "emu_id": "EMU_Water_margin", "typicality_percentile": 48.1, "is_medoid": false, "in_position_pool": true, "pool_rank": 6, "selection_rationale": "best-scoring position in its spatial region \u2014 extends coverage of the EMU"}}, {"type": "Feature", "geometry": {"type": "Polygon", "coordinates": [[[73.81313265606812, 18.64544720477639, 0.0], [73.81313422574843, 18.645221302785018, 0.0], [73.81289724477361, 18.64521980634955, 0.0], [73.81289601005143, 18.64539746733685, 0.0], [73.81294232806363, 18.645446002944468, 0.0], [73.81313265606812, 18.64544720477639, 0.0]]]}, "properties": {"name": "PMP-T0630", "emu_id": "EMU_Water_margin", "typicality_percentile": 57.1, "is_medoid": false, "in_position_pool": false, "pool_rank": null, "selection_rationale": "pool position never used this baseline"}}, {"type": "Feature", "geometry": {"type": "Polygon", "coordinates": [[[73.81313108636533, 18.645673106762207, 0.0], [73.81313265606812, 18.64544720477639, 0.0], [73.81294232806363, 18.645446002944468, 0.0], [73.8129428210365, 18.645446519519485, 0.0], [73.8130517246116, 18.6456428333484, 0.0], [73.81306863068582, 18.645672712400582, 0.0], [73.81313108636533, 18.645673106762207, 0.0]]]}, "properties": {"name": "PMP-T0631", "emu_id": "EMU_Water_margin", "typicality_percentile": 63.9, "is_medoid": false, "in_position_pool": false, "pool_rank": null, "selection_rationale": "pool position never used this baseline"}}, {"type": "Feature", "geometry": {"type": "Polygon", "coordinates": [[[73.81312323751395, 18.64680261660807, 0.0], [73.81288625434638, 18.6468011200366, 0.0], [73.81288529359622, 18.646939346179852, 0.0], [73.81288960699848, 18.646940395059705, 0.0], [73.81290536829381, 18.64694319850315, 0.0], [73.81292128789941, 18.646945015635286, 0.0], [73.8129372979639, 18.64694583871097, 0.0], [73.8129535689375, 18.646945661624557, 0.0], [73.81302933028668, 18.64694084106979, 0.0], [73.81310608712721, 18.646932625108466, 0.0], [73.81310654602895, 18.64693257814359, 0.0], [73.81311895063088, 18.646931366837823, 0.0], [73.81312200670271, 18.646931163282087, 0.0], [73.81312234430398, 18.646931151228316, 0.0], [73.81312323751395, 18.64680261660807, 0.0]]]}, "properties": {"name": "PMP-T0632", "emu_id": "EMU_Water_margin", "typicality_percentile": 65.4, "is_medoid": false, "in_position_pool": false, "pool_rank": null, "selection_rationale": "pool position never used this baseline"}}, {"type": "Feature", "geometry": {"type": "Polygon", "coordinates": [[[73.81336806798912, 18.64567460293792, 0.0], [73.81313108636533, 18.645673106762207, 0.0], [73.81313033137356, 18.645781759386704, 0.0], [73.8131317482752, 18.645784263552382, 0.0], [73.81314042529138, 18.645787240117077, 0.0], [73.81315289719252, 18.645792874005004, 0.0], [73.81316473736679, 18.64579963394019, 0.0], [73.81317583426838, 18.64580745623764, 0.0], [73.81319944469215, 18.64582585399697, 0.0], [73.81321188618084, 18.645836788473012, 0.0], [73.81322513369298, 18.645849905003562, 0.0], [73.81324366570992, 18.645838088376408, 0.0], [73.8132461372444, 18.645836615238814, 0.0], [73.81329340459114, 18.6458103336326, 0.0], [73.81329596644672, 18.645809008102955, 0.0], [73.8133448391694, 18.645785545877313, 0.0], [73.81334748165663, 18.645784372969015, 0.0], [73.81336736183012, 18.645776248239052, 0.0], [73.81336806798912, 18.64567460293792, 0.0]]]}, "properties": {"name": "PMP-T0665", "emu_id": "EMU_Water_margin", "typicality_percentile": 5.3, "is_medoid": false, "in_position_pool": false, "pool_rank": null, "selection_rationale": "pool position never used this baseline"}}, {"type": "Feature", "geometry": {"type": "Polygon", "coordinates": [[[73.81335865117953, 18.647030014852845, 0.0], [73.81336004840361, 18.646828912270635, 0.0], [73.8133006373699, 18.646848819645506, 0.0], [73.8132823614941, 18.646834105304, 0.0], [73.81325592503326, 18.646803454412023, 0.0], [73.81312323751395, 18.64680261660807, 0.0], [73.81312234430398, 18.646931151228316, 0.0], [73.8131344674834, 18.64693071837972, 0.0], [73.81313753096615, 18.646930703441544, 0.0], [73.81314999586965, 18.646931026801074, 0.0], [73.81315305396589, 18.646931200542816, 0.0], [73.81316547091897, 18.64693229081346, 0.0], [73.81316851085322, 18.646932652509324, 0.0], [73.81318082798295, 18.646934505136375, 0.0], [73.81318383705546, 18.64693505327533, 0.0], [73.81319600290587, 18.646937660519303, 0.0], [73.81319896854575, 18.646938392811386, 0.0], [73.81321093229288, 18.646941743780197, 0.0], [73.81321384211142, 18.646942657166335, 0.0], [73.81322555377562, 18.6469467378611, 0.0], [73.81322839561693, 18.64694782852565, 0.0], [73.81323980627157, 18.64695262189898, 0.0], [73.81324256826244, 18.646953885285114, 0.0], [73.8132536302386, 18.646959371312143, 0.0], [73.81325630084156, 18.646960802142353, 0.0], [73.81326696792661, 18.6469669579047, 0.0], [73.81326953598472, 18.64696855020148, 0.0], [73.81327976361595, 18.64697534998295, 0.0], [73.81328167868651, 18.646976692487147, 0.0], [73.81330635227063, 18.6469949153359, 0.0], [73.81330767006452, 18.64699592496258, 0.0], [73.81333136728264, 18.647014753444598, 0.0], [73.81335112287768, 18.647029967324432, 0.0], [73.81335865117953, 18.647030014852845, 0.0]]]}, "properties": {"name": "PMP-T0666", "emu_id": "EMU_Water_margin", "typicality_percentile": 53.4, "is_medoid": false, "in_position_pool": false, "pool_rank": null, "selection_rationale": "pool position never used this baseline"}}, {"type": "Feature", "geometry": {"type": "Polygon", "coordinates": [[[73.81312009781594, 18.647254420507558, 0.0], [73.81335708163255, 18.647255916819248, 0.0], [73.81335760468629, 18.647180635030743, 0.0], [73.81330529095989, 18.64714554234504, 0.0], [73.81330278245682, 18.647143738189282, 0.0], [73.81325291776011, 18.647105337148805, 0.0], [73.81325235645991, 18.647104898073106, 0.0], [73.81322980901525, 18.647086983141264, 0.0], [73.81320754551368, 18.64707054028079, 0.0], [73.81320105773308, 18.64706622691358, 0.0], [73.8131945851345, 18.647062491702577, 0.0], [73.81318787292247, 18.647059162875184, 0.0], [73.81318094913799, 18.64705625433796, 0.0], [73.81317384270545, 18.647053778241457, 0.0], [73.81316658331292, 18.647051744929765, 0.0], [73.81315920128758, 18.647050162897457, 0.0], [73.81315172746795, 18.647049038753472, 0.0], [73.81314419307695, 18.647048377194047, 0.0], [73.81313662959026, 18.647048180982942, 0.0], [73.81312906860502, 18.647048450939828, 0.0], [73.81312152404135, 18.64704918766202, 0.0], [73.81312009781594, 18.647254420507558, 0.0]]]}, "properties": {"name": "PMP-T0667", "emu_id": "EMU_Water_margin", "typicality_percentile": 72.9, "is_medoid": false, "in_position_pool": false, "pool_rank": null, "selection_rationale": "pool position never used this baseline"}}, {"type": "Feature", "geometry": {"type": "Polygon", "coordinates": [[[73.8136066187117, 18.64545019679035, 0.0], [73.81360504963538, 18.645676098815013, 0.0], [73.81369360303948, 18.645676657705714, 0.0], [73.8137009004125, 18.645674588405235, 0.0], [73.81370349931345, 18.645673927347797, 0.0], [73.8137660128076, 18.645659824790418, 0.0], [73.81376909098391, 18.645659232282846, 0.0], [73.81382526581574, 18.645650254359705, 0.0], [73.81382556936944, 18.6456500438246, 0.0], [73.81382627394751, 18.645649480164035, 0.0], [73.81382693594769, 18.64564887140528, 0.0], [73.81382755219936, 18.64564822046387, 0.0], [73.8138281197513, 18.64564753045724, 0.0], [73.81382863588709, 18.645646804687978, 0.0], [73.81382909813527, 18.64564604663122, 0.0], [73.81382950428207, 18.645645259917377, 0.0], [73.81382985238277, 18.645644448313554, 0.0], [73.81383014077088, 18.645643615705254, 0.0], [73.81383036806565, 18.64564276607866, 0.0], [73.81383053317865, 18.645641903502376, 0.0], [73.8138306353191, 18.645641032107484, 0.0], [73.81383067399818, 18.6456401560649, 0.0], [73.8138306490306, 18.64563927956971, 0.0], [73.81383056053592, 18.645638406819053, 0.0], [73.81383040893792, 18.645637541991736, 0.0], [73.81383019496234, 18.645636689228205, 0.0], [73.81383017937566, 18.645636641866343, 0.0], [73.813724036758, 18.64546518879386, 0.0], [73.81371453851408, 18.645450877895488, 0.0], [73.8136066187117, 18.64545019679035, 0.0]]]}, "properties": {"name": "PMP-T0725", "emu_id": "EMU_Water_margin", "typicality_percentile": 45.1, "is_medoid": false, "in_position_pool": false, "pool_rank": null, "selection_rationale": "pool position never used this baseline"}}, {"type": "Feature", "geometry": {"type": "Polygon", "coordinates": [[[73.81383889371057, 18.64612939846502, 0.0], [73.8138404625186, 18.645903496432037, 0.0], [73.8136034805366, 18.64590200083413, 0.0], [73.8136024956595, 18.646043791222333, 0.0], [73.8136611946041, 18.6460934093209, 0.0], [73.8137621781269, 18.646107185700096, 0.0], [73.81375804524397, 18.6461288882564, 0.0], [73.81383889371057, 18.64612939846502, 0.0]]]}, "properties": {"name": "PMP-T0726", "emu_id": "EMU_Water_margin", "typicality_percentile": 63.2, "is_medoid": false, "in_position_pool": false, "pool_rank": null, "selection_rationale": "pool position never used this baseline"}}, {"type": "Feature", "geometry": {"type": "Polygon", "coordinates": [[[73.81383575602707, 18.64658120251434, 0.0], [73.81383732488005, 18.64635530049246, 0.0], [73.81371491628207, 18.646354527988702, 0.0], [73.8136971078952, 18.6464352517812, 0.0], [73.8137240654368, 18.6465230157316, 0.0], [73.81373926074677, 18.646580593545504, 0.0], [73.81383575602707, 18.64658120251434, 0.0]]]}, "properties": {"name": "PMP-T0727", "emu_id": "EMU_Water_margin", "typicality_percentile": 64.7, "is_medoid": false, "in_position_pool": false, "pool_rank": null, "selection_rationale": "pool position never used this baseline"}}, {"type": "Feature", "geometry": {"type": "Polygon", "coordinates": [[[73.81359249621545, 18.647483314812558, 0.0], [73.81382948039032, 18.64748481054638, 0.0], [73.81383087620146, 18.647283836835676, 0.0], [73.81383086045807, 18.647283843894225, 0.0], [73.81381406203933, 18.64729071740629, 0.0], [73.81381104337065, 18.647291837741218, 0.0], [73.81379379165732, 18.64729760143991, 0.0], [73.81379069976082, 18.647298522609884, 0.0], [73.81377307533631, 18.647303149573016, 0.0], [73.81376992465297, 18.647303867275603, 0.0], [73.81375200984141, 18.647307335890243, 0.0], [73.81374881508978, 18.647307846772694, 0.0], [73.81373069357194, 18.647310140837128, 0.0], [73.81372746967318, 18.64731044251335, 0.0], [73.81370922609526, 18.647311551311674, 0.0], [73.81370598810973, 18.6473116423724, 0.0], [73.81368770768817, 18.647311560725605, 0.0], [73.81368447073967, 18.647311440745536, 0.0], [73.81366623886305, 18.647310169034935, 0.0], [73.81366301807213, 18.647309838574525, 0.0], [73.81364491990196, 18.647307382740433, 0.0], [73.8136417303121, 18.647306843343163, 0.0], [73.8136238503858, 18.6473032148567, 0.0], [73.81362070689693, 18.647302469042316, 0.0], [73.81360312873207, 18.647297684852482, 0.0], [73.81360004602668, 18.647296736104543, 0.0], [73.81359380722449, 18.647294588974045, 0.0], [73.81359249621545, 18.647483314812558, 0.0]]]}, "properties": {"name": "PMP-T0728", "emu_id": "EMU_Water_margin", "typicality_percentile": 70.7, "is_medoid": false, "in_position_pool": true, "pool_rank": 9, "selection_rationale": "best-scoring position in its spatial region \u2014 extends coverage of the EMU"}}, {"type": "Feature", "geometry": {"type": "Polygon", "coordinates": [[[73.81430658541771, 18.64703599703553, 0.0], [73.81430815368913, 18.646810094985923, 0.0], [73.81407117040912, 18.646808599907615, 0.0], [73.81407077925745, 18.64686493249436, 0.0], [73.81418221574371, 18.646990973911794, 0.0], [73.81418334794695, 18.646992390071198, 0.0], [73.81418450866988, 18.64699378509327, 0.0], [73.81418475711543, 18.64699415265858, 0.0], [73.81418503515594, 18.64699450043154, 0.0], [73.81418601629031, 18.64699601555778, 0.0], [73.81418702798051, 18.64699751231318, 0.0], [73.8141872374347, 18.64699790132176, 0.0], [73.81418747837652, 18.646998273398488, 0.0], [73.81418829899316, 18.64699987290008, 0.0], [73.81418915190748, 18.647001456974234, 0.0], [73.81418932035318, 18.647001863679755, 0.0], [73.81418952187589, 18.647002256476924, 0.0], [73.8141901740718, 18.647003924949775, 0.0], [73.81419085999622, 18.647005581087228, 0.0], [73.81419098581118, 18.647006001572855, 0.0], [73.81419114597402, 18.647006411307643, 0.0], [73.81419162346822, 18.6470081326835, 0.0], [73.81419213579684, 18.647009844934686, 0.0], [73.81419221776942, 18.647010275150926, 0.0], [73.81419233502993, 18.647010697877345, 0.0], [73.81419263322383, 18.64701245557841, 0.0], [73.8141929670227, 18.647014207453427, 0.0], [73.81419300436343, 18.64701464325708, 0.0], [73.81419307759232, 18.647015074904047, 0.0], [73.81419319361416, 18.647016852002682, 0.0], [73.81419334566857, 18.64701862663004, 0.0], [73.81419333801784, 18.64701906382405, 0.0], [73.81419336650987, 18.647019500234574, 0.0], [73.81419329924229, 18.647021279616347, 0.0], [73.81419326808788, 18.647023059905415, 0.0], [73.81419321551937, 18.647023494279388, 0.0], [73.81419319900013, 18.647023931250587, 0.0], [73.81419294909092, 18.64702569577909, 0.0], [73.8141927350277, 18.647027464584706, 0.0], [73.81419263804767, 18.64702789195536, 0.0], [73.81419257667626, 18.647028325278974, 0.0], [73.81419214653218, 18.647030057960816, 0.0], [73.81419175162166, 18.647031798248413, 0.0], [73.81419161116408, 18.64703221449996, 0.0], [73.81419150553155, 18.64703264000284, 0.0], [73.81419089929511, 18.647034324151342, 0.0], [73.81419058174573, 18.64703526522125, 0.0], [73.81430658541771, 18.64703599703553, 0.0]]]}, "properties": {"name": "PMP-T0791", "emu_id": "EMU_Water_margin", "typicality_percentile": 44.4, "is_medoid": false, "in_position_pool": false, "pool_rank": null, "selection_rationale": "pool position never used this baseline"}}, {"type": "Feature", "geometry": {"type": "Polygon", "coordinates": [[[73.80960784845233, 18.641132593358904, 0.0], [73.80960942240256, 18.640906691553923, 0.0], [73.80938398231348, 18.640905264054624, 0.0], [73.80938513952452, 18.64090619212935, 0.0], [73.8093917753252, 18.640912704537, 0.0], [73.80939769211531, 18.64091981882969, 0.0], [73.80940283016733, 18.640927463191744, 0.0], [73.80940713761481, 18.640935560456686, 0.0], [73.80941057097581, 18.64094402888619, 0.0], [73.80941309559188, 18.64095278299513, 0.0], [73.80941468597803, 18.640961734414585, 0.0], [73.80941532607982, 18.64097079278386, 0.0], [73.80941500943555, 18.6409798666626, 0.0], [73.80941373924146, 18.640988864453927, 0.0], [73.80941152831947, 18.64099769532897, 0.0], [73.80940839898774, 18.641006270143805, 0.0], [73.80940438283542, 18.64101450233935, 0.0], [73.80939952040374, 18.64102230881505, 0.0], [73.80939687808541, 18.641026102870782, 0.0], [73.80939310055253, 18.641031143091354, 0.0], [73.80939019176795, 18.64103475566423, 0.0], [73.80938606087581, 18.64103953733356, 0.0], [73.80938289929396, 18.64104295144735, 0.0], [73.80938014017555, 18.641045732694224, 0.0], [73.80939419552162, 18.641077271878313, 0.0], [73.80942145037692, 18.641128701130878, 0.0], [73.80942313863284, 18.641131423772325, 0.0], [73.80960784845233, 18.641132593358904, 0.0]]]}, "properties": {"name": "PMP-T0204", "emu_id": "EMU_Wetland_forest", "typicality_percentile": 0.0, "is_medoid": false, "in_position_pool": true, "pool_rank": 2, "selection_rationale": "best-scoring position in its spatial region \u2014 extends coverage of the EMU"}}, {"type": "Feature", "geometry": {"type": "Polygon", "coordinates": [[[73.80960784845233, 18.641132593358904, 0.0], [73.80960627447952, 18.641358495158336, 0.0], [73.80984324981463, 18.64135999544306, 0.0], [73.80984482347428, 18.641134093624142, 0.0], [73.80960784845233, 18.641132593358904, 0.0]]]}, "properties": {"name": "PMP-T0227", "emu_id": "EMU_Wetland_forest", "typicality_percentile": 14.3, "is_medoid": false, "in_position_pool": false, "pool_rank": null, "selection_rationale": "pool position never used this baseline"}}, {"type": "Feature", "geometry": {"type": "Polygon", "coordinates": [[[73.80984167613245, 18.641585897256427, 0.0], [73.80984324981463, 18.64135999544306, 0.0], [73.80960627447952, 18.641358495158336, 0.0], [73.8096061964748, 18.64136969057172, 0.0], [73.80960636288526, 18.641370257992357, 0.0], [73.80960667448069, 18.641371483967237, 0.0], [73.80960800709062, 18.64137766192806, 0.0], [73.8096082282154, 18.641378905636593, 0.0], [73.80960910550479, 18.641385157186797, 0.0], [73.80960923508128, 18.641386412569865, 0.0], [73.80960965276928, 18.64139270720572, 0.0], [73.80960969016648, 18.641393968147145, 0.0], [73.80960964622173, 18.64140027523348, 0.0], [73.80960959125733, 18.641401535590145, 0.0], [73.8096090858923, 18.641407824395895, 0.0], [73.80960893883399, 18.641409078027312, 0.0], [73.80960797451122, 18.641415317905164, 0.0], [73.80960773607545, 18.641416558704012, 0.0], [73.80960631749372, 18.64142271925407, 0.0], [73.8096059888422, 18.64142394117516, 0.0], [73.80960581454111, 18.64142450643365, 0.0], [73.80960481329915, 18.641568205714528, 0.0], [73.80960829992917, 18.64157578877943, 0.0], [73.80961118120986, 18.64158422047125, 0.0], [73.80961123152714, 18.64158443830457, 0.0], [73.80984167613245, 18.641585897256427, 0.0]]]}, "properties": {"name": "PMP-T0228", "emu_id": "EMU_Wetland_forest", "typicality_percentile": 42.9, "is_medoid": false, "in_position_pool": false, "pool_rank": null, "selection_rationale": "pool position never used this baseline"}}, {"type": "Feature", "geometry": {"type": "Polygon", "coordinates": [[[73.8098401024277, 18.641811799064236, 0.0], [73.80984167613245, 18.641585897256427, 0.0], [73.80961123152714, 18.64158443830457, 0.0], [73.80961318165319, 18.641592880779832, 0.0], [73.80961380438197, 18.641597864193717, 0.0], [73.80961423030905, 18.64159892210277, 0.0], [73.80961669621115, 18.6416074726466, 0.0], [73.80961827105527, 18.641616212423223, 0.0], [73.80961893967468, 18.641625057263816, 0.0], [73.80961869563009, 18.641633921987715, 0.0], [73.80961754127159, 18.641642721222794, 0.0], [73.8096154877162, 18.641651370227574, 0.0], [73.80961255474062, 18.641659785707375, 0.0], [73.80961186994126, 18.641661251689982, 0.0], [73.80961219328307, 18.641666124507584, 0.0], [73.80961223068017, 18.64166738544899, 0.0], [73.80961218673467, 18.64167369253209, 0.0], [73.80961213177007, 18.64167495288865, 0.0], [73.80961162640403, 18.641681241690765, 0.0], [73.8096114793454, 18.64168249532227, 0.0], [73.8096105150202, 18.6416887352029, 0.0], [73.80961027658395, 18.641689976001658, 0.0], [73.8096088579998, 18.6416961365499, 0.0], [73.80960852934768, 18.641697358470896, 0.0], [73.80960666341171, 18.64170340969012, 0.0], [73.80960624614475, 18.641704606780237, 0.0], [73.80960498218846, 18.641707850001925, 0.0], [73.80960735211715, 18.641720176507484, 0.0], [73.80961413955335, 18.641745648075002, 0.0], [73.80962271354119, 18.641770625301, 0.0], [73.80963303504167, 18.641794994456713, 0.0], [73.80964093632785, 18.64181053813942, 0.0], [73.8098401024277, 18.641811799064236, 0.0]]]}, "properties": {"name": "PMP-T0229", "emu_id": "EMU_Wetland_forest", "typicality_percentile": 71.4, "is_medoid": false, "in_position_pool": false, "pool_rank": null, "selection_rationale": "pool position never used this baseline"}}, {"type": "Feature", "geometry": {"type": "Polygon", "coordinates": [[[73.80984324981463, 18.64135999544306, 0.0], [73.80984167613245, 18.641585897256427, 0.0], [73.81007865180328, 18.641587397262086, 0.0], [73.8100802251723, 18.641361495429233, 0.0], [73.80984324981463, 18.64135999544306, 0.0]]]}, "properties": {"name": "PMP-T0252", "emu_id": "EMU_Wetland_forest", "typicality_percentile": 100.0, "is_medoid": true, "in_position_pool": true, "pool_rank": 1, "selection_rationale": "stratum medoid \u2014 most representative position within this EMU"}}, {"type": "Feature", "geometry": {"type": "Polygon", "coordinates": [[[73.81007865180328, 18.641587397262086, 0.0], [73.80984167613245, 18.641585897256427, 0.0], [73.8098401024277, 18.641811799064236, 0.0], [73.81002400817285, 18.641812963188073, 0.0], [73.81007732874104, 18.641777357928685, 0.0], [73.81007865180328, 18.641587397262086, 0.0]]]}, "properties": {"name": "PMP-T0253", "emu_id": "EMU_Wetland_forest", "typicality_percentile": 57.1, "is_medoid": false, "in_position_pool": false, "pool_rank": null, "selection_rationale": "pool position never used this baseline"}}, {"type": "Feature", "geometry": {"type": "Polygon", "coordinates": [[[73.8100802251723, 18.641361495429233, 0.0], [73.81007865180328, 18.641587397262086, 0.0], [73.81031562749665, 18.6415888969692, 0.0], [73.81031720055252, 18.64136299511688, 0.0], [73.8100802251723, 18.641361495429233, 0.0]]]}, "properties": {"name": "PMP-T0289", "emu_id": "EMU_Wetland_forest", "typicality_percentile": 85.7, "is_medoid": false, "in_position_pool": false, "pool_rank": null, "selection_rationale": "pool position never used this baseline"}}, {"type": "Feature", "geometry": {"type": "Polygon", "coordinates": [[[73.81055417595528, 18.64136449450599, 0.0], [73.81031720055252, 18.64136299511688, 0.0], [73.81031562749665, 18.6415888969692, 0.0], [73.81035914483633, 18.641589172337408, 0.0], [73.81055351536695, 18.641459378914735, 0.0], [73.81055417595528, 18.64136449450599, 0.0]]]}, "properties": {"name": "PMP-T0332", "emu_id": "EMU_Wetland_forest", "typicality_percentile": 28.6, "is_medoid": false, "in_position_pool": false, "pool_rank": null, "selection_rationale": "pool position never used this baseline"}}, {"type": "Feature", "geometry": {"type": "Polygon", "coordinates": [[[73.81050383700789, 18.648593351650437, 0.0], [73.81050226354381, 18.648819253344612, 0.0], [73.81073924930577, 18.64882075307761, 0.0], [73.81074082245654, 18.648594851363963, 0.0], [73.81050383700789, 18.648593351650437, 0.0]]]}, "properties": {"name": "PMP-T0380", "emu_id": "EMU_Wildlife", "typicality_percentile": 23.4, "is_medoid": false, "in_position_pool": false, "pool_rank": null, "selection_rationale": "pool position never used this baseline"}}, {"type": "Feature", "geometry": {"type": "Polygon", "coordinates": [[[73.81050226354381, 18.648819253344612, 0.0], [73.8105006900572, 18.64904515503324, 0.0], [73.81073767613248, 18.649046654785703, 0.0], [73.81073924930577, 18.64882075307761, 0.0], [73.81050226354381, 18.648819253344612, 0.0]]]}, "properties": {"name": "PMP-T0381", "emu_id": "EMU_Wildlife", "typicality_percentile": 18.8, "is_medoid": false, "in_position_pool": false, "pool_rank": null, "selection_rationale": "pool position never used this baseline"}}, {"type": "Feature", "geometry": {"type": "Polygon", "coordinates": [[[73.81074554177358, 18.647917146189716, 0.0], [73.81074396869043, 18.648143047920016, 0.0], [73.81098095353504, 18.64814454729596, 0.0], [73.81098252630488, 18.647918645546188, 0.0], [73.81074554177358, 18.647917146189716, 0.0]]]}, "properties": {"name": "PMP-T0398", "emu_id": "EMU_Wildlife", "typicality_percentile": 35.9, "is_medoid": false, "in_position_pool": false, "pool_rank": null, "selection_rationale": "pool position never used this baseline"}}, {"type": "Feature", "geometry": {"type": "Polygon", "coordinates": [[[73.81074396869043, 18.648143047920016, 0.0], [73.81074239558475, 18.648368949644766, 0.0], [73.81097938074264, 18.64837044904017, 0.0], [73.81098095353504, 18.64814454729596, 0.0], [73.81074396869043, 18.648143047920016, 0.0]]]}, "properties": {"name": "PMP-T0399", "emu_id": "EMU_Wildlife", "typicality_percentile": 39.1, "is_medoid": false, "in_position_pool": false, "pool_rank": null, "selection_rationale": "pool position never used this baseline"}}, {"type": "Feature", "geometry": {"type": "Polygon", "coordinates": [[[73.81074239558475, 18.648368949644766, 0.0], [73.81074082245654, 18.648594851363963, 0.0], [73.81097780792773, 18.64859635077884, 0.0], [73.81097938074264, 18.64837044904017, 0.0], [73.81074239558475, 18.648368949644766, 0.0]]]}, "properties": {"name": "PMP-T0400", "emu_id": "EMU_Wildlife", "typicality_percentile": 25.0, "is_medoid": false, "in_position_pool": false, "pool_rank": null, "selection_rationale": "pool position never used this baseline"}}, {"type": "Feature", "geometry": {"type": "Polygon", "coordinates": [[[73.81074082245654, 18.648594851363963, 0.0], [73.81073924930577, 18.64882075307761, 0.0], [73.81097623509027, 18.648822252511938, 0.0], [73.81097780792773, 18.64859635077884, 0.0], [73.81074082245654, 18.648594851363963, 0.0]]]}, "properties": {"name": "PMP-T0401", "emu_id": "EMU_Wildlife", "typicality_percentile": 29.7, "is_medoid": false, "in_position_pool": true, "pool_rank": 7, "selection_rationale": "best-scoring position in its spatial region \u2014 extends coverage of the EMU"}}, {"type": "Feature", "geometry": {"type": "Polygon", "coordinates": [[[73.81097623509027, 18.648822252511938, 0.0], [73.81073924930577, 18.64882075307761, 0.0], [73.81073767613248, 18.649046654785703, 0.0], [73.81085052499908, 18.64904736883811, 0.0], [73.8108528004142, 18.64904616075641, 0.0], [73.81097509031414, 18.648986671094477, 0.0], [73.81097623509027, 18.648822252511938, 0.0]]]}, "properties": {"name": "PMP-T0402", "emu_id": "EMU_Wildlife", "typicality_percentile": 14.1, "is_medoid": false, "in_position_pool": false, "pool_rank": null, "selection_rationale": "pool position never used this baseline"}}, {"type": "Feature", "geometry": {"type": "Polygon", "coordinates": [[[73.81098881715894, 18.647015038491627, 0.0], [73.81098724447924, 18.647240940263593, 0.0], [73.81122422809324, 18.64724243926304, 0.0], [73.81122449888734, 18.64720353452173, 0.0], [73.8112069390811, 18.64718005421778, 0.0], [73.81120518815264, 18.647177539250833, 0.0], [73.81118378784845, 18.647144452593388, 0.0], [73.81118221698793, 18.64714183179722, 0.0], [73.81116318199095, 18.647107456907396, 0.0], [73.8111618387826, 18.64710482860607, 0.0], [73.81113563555424, 18.647049040231682, 0.0], [73.81113450828809, 18.64704642350433, 0.0], [73.811122509906, 18.647015884169175, 0.0], [73.81098881715894, 18.647015038491627, 0.0]]]}, "properties": {"name": "PMP-T0420", "emu_id": "EMU_Wildlife", "typicality_percentile": 9.4, "is_medoid": false, "in_position_pool": false, "pool_rank": null, "selection_rationale": "pool position never used this baseline"}}, {"type": "Feature", "geometry": {"type": "Polygon", "coordinates": [[[73.81098724447924, 18.647240940263593, 0.0], [73.81098567177698, 18.64746684203001, 0.0], [73.81122265570426, 18.64746834104891, 0.0], [73.81122422809324, 18.64724243926304, 0.0], [73.81098724447924, 18.647240940263593, 0.0]]]}, "properties": {"name": "PMP-T0421", "emu_id": "EMU_Wildlife", "typicality_percentile": 68.8, "is_medoid": false, "in_position_pool": true, "pool_rank": 6, "selection_rationale": "best-scoring position in its spatial region \u2014 extends coverage of the EMU"}}, {"type": "Feature", "geometry": {"type": "Polygon", "coordinates": [[[73.8109840990522, 18.64769274379088, 0.0], [73.81098252630488, 18.647918645546188, 0.0], [73.81121951085873, 18.647920144604015, 0.0], [73.81122108329275, 18.647694242829246, 0.0], [73.8109840990522, 18.64769274379088, 0.0]]]}, "properties": {"name": "PMP-T0423", "emu_id": "EMU_Wildlife", "typicality_percentile": 51.6, "is_medoid": false, "in_position_pool": false, "pool_rank": null, "selection_rationale": "pool position never used this baseline"}}, {"type": "Feature", "geometry": {"type": "Polygon", "coordinates": [[[73.81098252630488, 18.647918645546188, 0.0], [73.81098095353504, 18.64814454729596, 0.0], [73.81121793840217, 18.64814604637324, 0.0], [73.81121951085873, 18.647920144604015, 0.0], [73.81098252630488, 18.647918645546188, 0.0]]]}, "properties": {"name": "PMP-T0424", "emu_id": "EMU_Wildlife", "typicality_percentile": 40.6, "is_medoid": false, "in_position_pool": true, "pool_rank": 8, "selection_rationale": "best-scoring position in its spatial region \u2014 extends coverage of the EMU"}}, {"type": "Feature", "geometry": {"type": "Polygon", "coordinates": [[[73.81098095353504, 18.64814454729596, 0.0], [73.81097938074264, 18.64837044904017, 0.0], [73.81121636592307, 18.64837194813692, 0.0], [73.81121793840217, 18.64814604637324, 0.0], [73.81098095353504, 18.64814454729596, 0.0]]]}, "properties": {"name": "PMP-T0425", "emu_id": "EMU_Wildlife", "typicality_percentile": 34.4, "is_medoid": false, "in_position_pool": false, "pool_rank": null, "selection_rationale": "pool position never used this baseline"}}, {"type": "Feature", "geometry": {"type": "Polygon", "coordinates": [[[73.81097938074264, 18.64837044904017, 0.0], [73.81097780792773, 18.64859635077884, 0.0], [73.81121479342146, 18.64859784989504, 0.0], [73.81121636592307, 18.64837194813692, 0.0], [73.81097938074264, 18.64837044904017, 0.0]]]}, "properties": {"name": "PMP-T0426", "emu_id": "EMU_Wildlife", "typicality_percentile": 28.1, "is_medoid": false, "in_position_pool": false, "pool_rank": null, "selection_rationale": "pool position never used this baseline"}}, {"type": "Feature", "geometry": {"type": "Polygon", "coordinates": [[[73.81097780792773, 18.64859635077884, 0.0], [73.81097623509027, 18.648822252511938, 0.0], [73.8112132208973, 18.648823751647605, 0.0], [73.81121479342146, 18.64859784989504, 0.0], [73.81097780792773, 18.64859635077884, 0.0]]]}, "properties": {"name": "PMP-T0427", "emu_id": "EMU_Wildlife", "typicality_percentile": 31.2, "is_medoid": false, "in_position_pool": false, "pool_rank": null, "selection_rationale": "pool position never used this baseline"}}, {"type": "Feature", "geometry": {"type": "Polygon", "coordinates": [[[73.81122894512497, 18.646564733872104, 0.0], [73.81146592782169, 18.646566232514534, 0.0], [73.81146709898215, 18.646397931478266, 0.0], [73.81127520422798, 18.646410348748507, 0.0], [73.81126615149714, 18.64641052137383, 0.0], [73.81125712278497, 18.64640986989261, 0.0], [73.81124820046503, 18.64640840024867, 0.0], [73.81123946594023, 18.646406125850298, 0.0], [73.81123099890009, 18.646403067448016, 0.0], [73.81123007336677, 18.646402632787094, 0.0], [73.81122894512497, 18.646564733872104, 0.0]]]}, "properties": {"name": "PMP-T0441", "emu_id": "EMU_Wildlife", "typicality_percentile": 15.6, "is_medoid": false, "in_position_pool": false, "pool_rank": null, "selection_rationale": "pool position never used this baseline"}}, {"type": "Feature", "geometry": {"type": "Polygon", "coordinates": [[[73.81122894512497, 18.646564733872104, 0.0], [73.81122737280359, 18.64679063567463, 0.0], [73.81146435581357, 18.646792134336522, 0.0], [73.81146592782169, 18.646566232514534, 0.0], [73.81122894512497, 18.646564733872104, 0.0]]]}, "properties": {"name": "PMP-T0442", "emu_id": "EMU_Wildlife", "typicality_percentile": 46.9, "is_medoid": false, "in_position_pool": true, "pool_rank": 12, "selection_rationale": "best-scoring position in its spatial region \u2014 extends coverage of the EMU"}}, {"type": "Feature", "geometry": {"type": "Polygon", "coordinates": [[[73.81146278378293, 18.647018036152957, 0.0], [73.81146435581357, 18.646792134336522, 0.0], [73.81122737280359, 18.64679063567463, 0.0], [73.81122674239414, 18.646881208250882, 0.0], [73.81122924154812, 18.646891242346218, 0.0], [73.81124619900929, 18.646944300534393, 0.0], [73.8112666064219, 18.64699624317731, 0.0], [73.81127628843507, 18.64701685678236, 0.0], [73.81146278378293, 18.647018036152957, 0.0]]]}, "properties": {"name": "PMP-T0443", "emu_id": "EMU_Wildlife", "typicality_percentile": 60.9, "is_medoid": false, "in_position_pool": false, "pool_rank": null, "selection_rationale": "pool position never used this baseline"}}, {"type": "Feature", "geometry": {"type": "Polygon", "coordinates": [[[73.81122422809324, 18.64724243926304, 0.0], [73.81122265570426, 18.64746834104891, 0.0], [73.81145963965407, 18.647469839769176, 0.0], [73.81146017570998, 18.647392810764305, 0.0], [73.8114302835847, 18.647377840495256, 0.0], [73.81142753118162, 18.64737634817173, 0.0], [73.8113927799953, 18.64735601272966, 0.0], [73.81139013826451, 18.647354348553865, 0.0], [73.81135688902737, 18.647331846679094, 0.0], [73.81135436975921, 18.64733001807847, 0.0], [73.81132277086687, 18.647305450200303, 0.0], [73.8113203853052, 18.6473034653362, 0.0], [73.81129057778737, 18.647276941104828, 0.0], [73.81128833657911, 18.64727480883588, 0.0], [73.81126045347014, 18.647246446632682, 0.0], [73.81125836661825, 18.647244176475727, 0.0], [73.81125705262983, 18.647242646865486, 0.0], [73.81122422809324, 18.64724243926304, 0.0]]]}, "properties": {"name": "PMP-T0444", "emu_id": "EMU_Wildlife", "typicality_percentile": 76.6, "is_medoid": false, "in_position_pool": false, "pool_rank": null, "selection_rationale": "pool position never used this baseline"}}, {"type": "Feature", "geometry": {"type": "Polygon", "coordinates": [[[73.81122265570426, 18.64746834104891, 0.0], [73.81122108329275, 18.647694242829246, 0.0], [73.81145806755585, 18.64769574156896, 0.0], [73.81145963965407, 18.647469839769176, 0.0], [73.81122265570426, 18.64746834104891, 0.0]]]}, "properties": {"name": "PMP-T0445", "emu_id": "EMU_Wildlife", "typicality_percentile": 62.5, "is_medoid": false, "in_position_pool": false, "pool_rank": null, "selection_rationale": "pool position never used this baseline"}}, {"type": "Feature", "geometry": {"type": "Polygon", "coordinates": [[[73.81122108329275, 18.647694242829246, 0.0], [73.81121951085873, 18.647920144604015, 0.0], [73.8114564954351, 18.647921643363187, 0.0], [73.81145806755585, 18.64769574156896, 0.0], [73.81122108329275, 18.647694242829246, 0.0]]]}, "properties": {"name": "PMP-T0446", "emu_id": "EMU_Wildlife", "typicality_percentile": 59.4, "is_medoid": false, "in_position_pool": false, "pool_rank": null, "selection_rationale": "pool position never used this baseline"}}, {"type": "Feature", "geometry": {"type": "Polygon", "coordinates": [[[73.81145177893771, 18.648599348712587, 0.0], [73.81121479342146, 18.64859784989504, 0.0], [73.8112132208973, 18.648823751647605, 0.0], [73.81130634637732, 18.64882434066325, 0.0], [73.81145070158982, 18.648754146874573, 0.0], [73.81145177893771, 18.648599348712587, 0.0]]]}, "properties": {"name": "PMP-T0450", "emu_id": "EMU_Wildlife", "typicality_percentile": 32.8, "is_medoid": false, "in_position_pool": false, "pool_rank": null, "selection_rationale": "pool position never used this baseline"}}, {"type": "Feature", "geometry": {"type": "Polygon", "coordinates": [[[73.81146592782169, 18.646566232514534, 0.0], [73.81170291054094, 18.646567730858344, 0.0], [73.81170448221327, 18.64634182901135, 0.0], [73.81165136310004, 18.646341493191045, 0.0], [73.8116492798521, 18.646345442166357, 0.0], [73.81164427117172, 18.646352978426847, 0.0], [73.81163850731362, 18.646360007154396, 0.0], [73.81163204445994, 18.646366459837687, 0.0], [73.81162494560623, 18.646372273580276, 0.0], [73.81161727994724, 18.646377391713717, 0.0], [73.81160912220268, 18.646381764349847, 0.0], [73.8116005518888, 18.646385348867142, 0.0], [73.81159165254324, 18.64638811032613, 0.0], [73.81158251091091, 18.646390021809957, 0.0], [73.81157321609835, 18.646391064686753, 0.0], [73.81146709898215, 18.646397931478266, 0.0], [73.81146592782169, 18.646566232514534, 0.0]]]}, "properties": {"name": "PMP-T0466", "emu_id": "EMU_Wildlife", "typicality_percentile": 10.9, "is_medoid": false, "in_position_pool": false, "pool_rank": null, "selection_rationale": "pool position never used this baseline"}}, {"type": "Feature", "geometry": {"type": "Polygon", "coordinates": [[[73.81146592782169, 18.646566232514534, 0.0], [73.81146435581357, 18.646792134336522, 0.0], [73.81170133884608, 18.64679363269978, 0.0], [73.81170291054094, 18.646567730858344, 0.0], [73.81146592782169, 18.646566232514534, 0.0]]]}, "properties": {"name": "PMP-T0467", "emu_id": "EMU_Wildlife", "typicality_percentile": 43.8, "is_medoid": false, "in_position_pool": false, "pool_rank": null, "selection_rationale": "pool position never used this baseline"}}, {"type": "Feature", "geometry": {"type": "Polygon", "coordinates": [[[73.81146435581357, 18.646792134336522, 0.0], [73.81146278378293, 18.647018036152957, 0.0], [73.81169976712872, 18.64701953453567, 0.0], [73.81170133884608, 18.64679363269978, 0.0], [73.81146435581357, 18.646792134336522, 0.0]]]}, "properties": {"name": "PMP-T0468", "emu_id": "EMU_Wildlife", "typicality_percentile": 56.2, "is_medoid": false, "in_position_pool": false, "pool_rank": null, "selection_rationale": "pool position never used this baseline"}}, {"type": "Feature", "geometry": {"type": "Polygon", "coordinates": [[[73.81169819538881, 18.647245436366003, 0.0], [73.81169976712872, 18.64701953453567, 0.0], [73.81146278378293, 18.647018036152957, 0.0], [73.81146126498895, 18.64723628474694, 0.0], [73.81146985628756, 18.647242099022485, 0.0], [73.81147312761388, 18.64724401331282, 0.0], [73.81169819538881, 18.647245436366003, 0.0]]]}, "properties": {"name": "PMP-T0469", "emu_id": "EMU_Wildlife", "typicality_percentile": 71.9, "is_medoid": false, "in_position_pool": true, "pool_rank": 5, "selection_rationale": "best-scoring position in its spatial region \u2014 extends coverage of the EMU"}}, {"type": "Feature", "geometry": {"type": "Polygon", "coordinates": [[[73.81145963965407, 18.647469839769176, 0.0], [73.81145806755585, 18.64769574156896, 0.0], [73.81169505184147, 18.647697240010025, 0.0], [73.8116966236264, 18.647471338190794, 0.0], [73.81145963965407, 18.647469839769176, 0.0]]]}, "properties": {"name": "PMP-T0470", "emu_id": "EMU_Wildlife", "typicality_percentile": 82.8, "is_medoid": false, "in_position_pool": true, "pool_rank": 4, "selection_rationale": "best-scoring position in its spatial region \u2014 extends coverage of the EMU"}}, {"type": "Feature", "geometry": {"type": "Polygon", "coordinates": [[[73.81145806755585, 18.64769574156896, 0.0], [73.8114564954351, 18.647921643363187, 0.0], [73.81169348003401, 18.647923141823714, 0.0], [73.81169505184147, 18.647697240010025, 0.0], [73.81145806755585, 18.64769574156896, 0.0]]]}, "properties": {"name": "PMP-T0471", "emu_id": "EMU_Wildlife", "typicality_percentile": 57.8, "is_medoid": false, "in_position_pool": false, "pool_rank": null, "selection_rationale": "pool position never used this baseline"}}, {"type": "Feature", "geometry": {"type": "Polygon", "coordinates": [[[73.81145492329183, 18.648147545151872, 0.0], [73.81145335112605, 18.648373446935004, 0.0], [73.81169033635152, 18.648374945434426, 0.0], [73.81169190820403, 18.64814904363185, 0.0], [73.81145492329183, 18.648147545151872, 0.0]]]}, "properties": {"name": "PMP-T0473", "emu_id": "EMU_Wildlife", "typicality_percentile": 20.3, "is_medoid": false, "in_position_pool": false, "pool_rank": null, "selection_rationale": "pool position never used this baseline"}}, {"type": "Feature", "geometry": {"type": "Polygon", "coordinates": [[[73.81145335112605, 18.648373446935004, 0.0], [73.81145177893771, 18.648599348712587, 0.0], [73.8116887644765, 18.648600847231464, 0.0], [73.81169033635152, 18.648374945434426, 0.0], [73.81145335112605, 18.648373446935004, 0.0]]]}, "properties": {"name": "PMP-T0474", "emu_id": "EMU_Wildlife", "typicality_percentile": 7.8, "is_medoid": false, "in_position_pool": false, "pool_rank": null, "selection_rationale": "pool position never used this baseline"}}, {"type": "Feature", "geometry": {"type": "Polygon", "coordinates": [[[73.81170448221327, 18.64634182901135, 0.0], [73.81170291054094, 18.646567730858344, 0.0], [73.81193989328271, 18.646569228903523, 0.0], [73.81194146464178, 18.646343327037084, 0.0], [73.81170448221327, 18.64634182901135, 0.0]]]}, "properties": {"name": "PMP-T0495", "emu_id": "EMU_Wildlife", "typicality_percentile": 12.5, "is_medoid": false, "in_position_pool": true, "pool_rank": 13, "selection_rationale": "best-scoring position in its spatial region \u2014 extends coverage of the EMU"}}, {"type": "Feature", "geometry": {"type": "Polygon", "coordinates": [[[73.81193989328271, 18.646569228903523, 0.0], [73.81170291054094, 18.646567730858344, 0.0], [73.81170133884608, 18.64679363269978, 0.0], [73.81184763423175, 18.646794557526686, 0.0], [73.81185391387565, 18.646782774372593, 0.0], [73.81185546866055, 18.646780087084803, 0.0], [73.81186690381037, 18.6467618186066, 0.0], [73.81186864638241, 18.646759238128354, 0.0], [73.81188135613235, 18.646741751764157, 0.0], [73.81188327845192, 18.646739290000856, 0.0], [73.81189720416359, 18.646722666426324, 0.0], [73.81189929736162, 18.646720334735814, 0.0], [73.81191437478665, 18.64670465064579, 0.0], [73.81191662920585, 18.646702459785566, 0.0], [73.81193278878223, 18.6466877875407, 0.0], [73.81193519402156, 18.646685747618555, 0.0], [73.81193910431374, 18.646682651508833, 0.0], [73.81193989328271, 18.646569228903523, 0.0]]]}, "properties": {"name": "PMP-T0496", "emu_id": "EMU_Wildlife", "typicality_percentile": 42.2, "is_medoid": false, "in_position_pool": false, "pool_rank": null, "selection_rationale": "pool position never used this baseline"}}, {"type": "Feature", "geometry": {"type": "Polygon", "coordinates": [[[73.81169976712872, 18.64701953453567, 0.0], [73.81169819538881, 18.647245436366003, 0.0], [73.81184730174745, 18.647246378983745, 0.0], [73.81184963491813, 18.64724126334272, 0.0], [73.81185283271348, 18.647232779995658, 0.0], [73.81185544432392, 18.647224116190355, 0.0], [73.81185745866823, 18.64721530868821, 0.0], [73.81185886719925, 18.647206394861126, 0.0], [73.81185966394047, 18.647197412531458, 0.0], [73.81185984551136, 18.64718839981227, 0.0], [73.8118594111416, 18.647179394945617, 0.0], [73.81185836485858, 18.647170454803756, 0.0], [73.81185578887415, 18.647156733381284, 0.0], [73.81185226238999, 18.64714322472623, 0.0], [73.81184779767227, 18.647129970634367, 0.0], [73.811841845623, 18.647115662365728, 0.0], [73.81183318654493, 18.64709494936488, 0.0], [73.81183216312665, 18.6470922559781, 0.0], [73.81182488594098, 18.647071025055173, 0.0], [73.81182404363507, 18.64706827526006, 0.0], [73.81181819249886, 18.647046647413156, 0.0], [73.81181753469102, 18.64704385226288, 0.0], [73.81181313312493, 18.64702191443392, 0.0], [73.81181285614716, 18.64702024946217, 0.0], [73.81169976712872, 18.64701953453567, 0.0]]]}, "properties": {"name": "PMP-T0497", "emu_id": "EMU_Wildlife", "typicality_percentile": 67.2, "is_medoid": false, "in_position_pool": false, "pool_rank": null, "selection_rationale": "pool position never used this baseline"}}, {"type": "Feature", "geometry": {"type": "Polygon", "coordinates": [[[73.81169505184147, 18.647697240010025, 0.0], [73.81169348003401, 18.647923141823714, 0.0], [73.81193046465543, 18.647924639985586, 0.0], [73.81193140282177, 18.647789779234504, 0.0], [73.81186891395247, 18.64769833914239, 0.0], [73.81169505184147, 18.647697240010025, 0.0]]]}, "properties": {"name": "PMP-T0498", "emu_id": "EMU_Wildlife", "typicality_percentile": 75.0, "is_medoid": false, "in_position_pool": false, "pool_rank": null, "selection_rationale": "pool position never used this baseline"}}, {"type": "Feature", "geometry": {"type": "Polygon", "coordinates": [[[73.81169190820403, 18.64814904363185, 0.0], [73.81169033635152, 18.648374945434426, 0.0], [73.81192732159954, 18.648376443635197, 0.0], [73.81192889313874, 18.648150541813166, 0.0], [73.81169190820403, 18.64814904363185, 0.0]]]}, "properties": {"name": "PMP-T0500", "emu_id": "EMU_Wildlife", "typicality_percentile": 21.9, "is_medoid": false, "in_position_pool": true, "pool_rank": 11, "selection_rationale": "best-scoring position in its spatial region \u2014 extends coverage of the EMU"}}, {"type": "Feature", "geometry": {"type": "Polygon", "coordinates": [[[73.81192732159954, 18.648376443635197, 0.0], [73.81169033635152, 18.648374945434426, 0.0], [73.8116887644765, 18.648600847231464, 0.0], [73.81174551125932, 18.648601206011232, 0.0], [73.81176609438077, 18.648590361081897, 0.0], [73.8119263822121, 18.648511474881836, 0.0], [73.81192732159954, 18.648376443635197, 0.0]]]}, "properties": {"name": "PMP-T0501", "emu_id": "EMU_Wildlife", "typicality_percentile": 17.2, "is_medoid": false, "in_position_pool": false, "pool_rank": null, "selection_rationale": "pool position never used this baseline"}}, {"type": "Feature", "geometry": {"type": "Polygon", "coordinates": [[[73.8121784470928, 18.64634482476419, 0.0], [73.81194146464178, 18.646343327037084, 0.0], [73.81193989328271, 18.646569228903523, 0.0], [73.81210689624554, 18.646570284404245, 0.0], [73.81214249201987, 18.64654872979282, 0.0], [73.81214502638485, 18.646547298513088, 0.0], [73.81217715638898, 18.646530416295562, 0.0], [73.8121784470928, 18.64634482476419, 0.0]]]}, "properties": {"name": "PMP-T0522", "emu_id": "EMU_Wildlife", "typicality_percentile": 4.7, "is_medoid": false, "in_position_pool": false, "pool_rank": null, "selection_rationale": "pool position never used this baseline"}}, {"type": "Feature", "geometry": {"type": "Polygon", "coordinates": [[[73.81217373388783, 18.647022530405184, 0.0], [73.81217530497867, 18.646796628530403, 0.0], [73.81202012155015, 18.64679564778333, 0.0], [73.81201701260052, 18.646798470585264, 0.0], [73.8120062865579, 18.646809628213322, 0.0], [73.81199637984284, 18.64682145418831, 0.0], [73.81198733816173, 18.646833893949392, 0.0], [73.81197920322943, 18.64684689010439, 0.0], [73.81197201257797, 18.646860382693514, 0.0], [73.81196579938246, 18.646874309467144, 0.0], [73.81196059230865, 18.646888606171846, 0.0], [73.81195641538035, 18.646903206848087, 0.0], [73.81195328786859, 18.646918044133614, 0.0], [73.81195121722793, 18.64693310029103, 0.0], [73.81195009482747, 18.646949619303133, 0.0], [73.81195007278977, 18.646966224064066, 0.0], [73.81195115467179, 18.646982796781305, 0.0], [73.8119533361249, 18.6469992708343, 0.0], [73.81195660838009, 18.64701557999879, 0.0], [73.81195812006345, 18.64702116769221, 0.0], [73.81217373388783, 18.647022530405184, 0.0]]]}, "properties": {"name": "PMP-T0523", "emu_id": "EMU_Wildlife", "typicality_percentile": 48.4, "is_medoid": false, "in_position_pool": false, "pool_rank": null, "selection_rationale": "pool position never used this baseline"}}, {"type": "Feature", "geometry": {"type": "Polygon", "coordinates": [[[73.81217216277449, 18.64724843227442, 0.0], [73.81217373388783, 18.647022530405184, 0.0], [73.81195812006345, 18.64702116769221, 0.0], [73.8119609582836, 18.64703165871368, 0.0], [73.81196636834947, 18.647047442344007, 0.0], [73.8119733733489, 18.64706419866258, 0.0], [73.81197340309775, 18.64706426999951, 0.0], [73.81198112093053, 18.647082823052052, 0.0], [73.81198218905024, 18.647085664189234, 0.0], [73.81198859027133, 18.647104667010485, 0.0], [73.81198945702437, 18.647107569783824, 0.0], [73.81199451307042, 18.647126937581284, 0.0], [73.81199517458913, 18.647129889038215, 0.0], [73.81199886289915, 18.647149535391012, 0.0], [73.8119993118848, 18.64715248507832, 0.0], [73.81200104516708, 18.647167295308503, 0.0], [73.81200128736165, 18.647170229322832, 0.0], [73.81200200545008, 18.6471851157002, 0.0], [73.81200204674201, 18.647188058520577, 0.0], [73.81200174658932, 18.64720295788038, 0.0], [73.8120015868033, 18.647205897019994, 0.0], [73.81200026968276, 18.64722074614215, 0.0], [73.81199990949673, 18.647223669129783, 0.0], [73.8119975809967, 18.647238405007577, 0.0], [73.81199702193894, 18.64724129944057, 0.0], [73.81199564575724, 18.6472473166647, 0.0], [73.81217216277449, 18.64724843227442, 0.0]]]}, "properties": {"name": "PMP-T0524", "emu_id": "EMU_Wildlife", "typicality_percentile": 85.9, "is_medoid": false, "in_position_pool": false, "pool_rank": null, "selection_rationale": "pool position never used this baseline"}}, {"type": "Feature", "geometry": {"type": "Polygon", "coordinates": [[[73.81193360762126, 18.647472836313764, 0.0], [73.81217059163862, 18.647474334138096, 0.0], [73.81217216277449, 18.64724843227442, 0.0], [73.81199564575724, 18.6472473166647, 0.0], [73.8119936919393, 18.647255859547595, 0.0], [73.81199293638196, 18.647258713144303, 0.0], [73.81198861901213, 18.647273035700024, 0.0], [73.81198767016097, 18.647275836352648, 0.0], [73.81198238373982, 18.647289860584454, 0.0], [73.81198124562087, 18.64729259640937, 0.0], [73.81197501257901, 18.647306262810663, 0.0], [73.8119736900216, 18.64730892219904, 0.0], [73.81196653680664, 18.647322172781152, 0.0], [73.8119650354222, 18.64732474444936, 0.0], [73.81195699238584, 18.647337522988185, 0.0], [73.8119553185454, 18.64733999602355, 0.0], [73.81194641981523, 18.647352248298144, 0.0], [73.81194458062055, 18.647354612208005, 0.0], [73.81193486395495, 18.647366286229957, 0.0], [73.81193434476198, 18.64736686991011, 0.0], [73.81193360762126, 18.647472836313764, 0.0]]]}, "properties": {"name": "PMP-T0525", "emu_id": "EMU_Wildlife", "typicality_percentile": 95.3, "is_medoid": false, "in_position_pool": false, "pool_rank": null, "selection_rationale": "pool position never used this baseline"}}, {"type": "Feature", "geometry": {"type": "Polygon", "coordinates": [[[73.81216902048025, 18.64770023599623, 0.0], [73.81217059163862, 18.647474334138096, 0.0], [73.81193360762126, 18.647472836313764, 0.0], [73.81193311289395, 18.64754395459179, 0.0], [73.81203935339948, 18.64769941648104, 0.0], [73.81216902048025, 18.64770023599623, 0.0]]]}, "properties": {"name": "PMP-T0526", "emu_id": "EMU_Wildlife", "typicality_percentile": 92.2, "is_medoid": false, "in_position_pool": true, "pool_rank": 9, "selection_rationale": "best-scoring position in its spatial region \u2014 extends coverage of the EMU"}}, {"type": "Feature", "geometry": {"type": "Polygon", "coordinates": [[[73.81193046465543, 18.647924639985586, 0.0], [73.81192889313874, 18.648150541813166, 0.0], [73.81216587809597, 18.648152039695834, 0.0], [73.81216600997074, 18.64813307935102, 0.0], [73.81202396880045, 18.647925231014923, 0.0], [73.81193046465543, 18.647924639985586, 0.0]]]}, "properties": {"name": "PMP-T0527", "emu_id": "EMU_Wildlife", "typicality_percentile": 65.6, "is_medoid": false, "in_position_pool": false, "pool_rank": null, "selection_rationale": "pool position never used this baseline"}}, {"type": "Feature", "geometry": {"type": "Polygon", "coordinates": [[[73.81192889313874, 18.648150541813166, 0.0], [73.81192732159954, 18.648376443635197, 0.0], [73.81216430687006, 18.648377941537312, 0.0], [73.81216587809597, 18.648152039695834, 0.0], [73.81192889313874, 18.648150541813166, 0.0]]]}, "properties": {"name": "PMP-T0528", "emu_id": "EMU_Wildlife", "typicality_percentile": 45.3, "is_medoid": false, "in_position_pool": false, "pool_rank": null, "selection_rationale": "pool position never used this baseline"}}, {"type": "Feature", "geometry": {"type": "Polygon", "coordinates": [[[73.81217530497867, 18.646796628530403, 0.0], [73.81241228807872, 18.646798125997766, 0.0], [73.81241385883378, 18.646572224097998, 0.0], [73.81237668828052, 18.64657198924429, 0.0], [73.81236514924102, 18.646581294314267, 0.0], [73.81236271292495, 18.64658313183402, 0.0], [73.81234774531514, 18.64659367922665, 0.0], [73.81234518795179, 18.646595360658697, 0.0], [73.81232952763956, 18.64660495071338, 0.0], [73.81232686021607, 18.646606468833888, 0.0], [73.81231057448112, 18.646615060350097, 0.0], [73.81231050205167, 18.646615094065037, 0.0], [73.81231050401036, 18.646615097452308, 0.0], [73.81221623662756, 18.6466646288432, 0.0], [73.81217605377057, 18.646688961115863, 0.0], [73.81217530497867, 18.646796628530403, 0.0]]]}, "properties": {"name": "PMP-T0546", "emu_id": "EMU_Wildlife", "typicality_percentile": 6.2, "is_medoid": false, "in_position_pool": false, "pool_rank": null, "selection_rationale": "pool position never used this baseline"}}, {"type": "Feature", "geometry": {"type": "Polygon", "coordinates": [[[73.81217530497867, 18.646796628530403, 0.0], [73.81217373388783, 18.647022530405184, 0.0], [73.81241071730116, 18.64702402789199, 0.0], [73.81241228807872, 18.646798125997766, 0.0], [73.81217530497867, 18.646796628530403, 0.0]]]}, "properties": {"name": "PMP-T0547", "emu_id": "EMU_Wildlife", "typicality_percentile": 64.1, "is_medoid": false, "in_position_pool": false, "pool_rank": null, "selection_rationale": "pool position never used this baseline"}}, {"type": "Feature", "geometry": {"type": "Polygon", "coordinates": [[[73.81217373388783, 18.647022530405184, 0.0], [73.81217216277449, 18.64724843227442, 0.0], [73.8124091465011, 18.647249929780664, 0.0], [73.81241071730116, 18.64702402789199, 0.0], [73.81217373388783, 18.647022530405184, 0.0]]]}, "properties": {"name": "PMP-T0548", "emu_id": "EMU_Wildlife", "typicality_percentile": 84.4, "is_medoid": false, "in_position_pool": true, "pool_rank": 3, "selection_rationale": "best-scoring position in its spatial region \u2014 extends coverage of the EMU"}}, {"type": "Feature", "geometry": {"type": "Polygon", "coordinates": [[[73.81217216277449, 18.64724843227442, 0.0], [73.81217059163862, 18.647474334138096, 0.0], [73.8124075756785, 18.647475831663783, 0.0], [73.8124091465011, 18.647249929780664, 0.0], [73.81217216277449, 18.64724843227442, 0.0]]]}, "properties": {"name": "PMP-T0549", "emu_id": "EMU_Wildlife", "typicality_percentile": 79.7, "is_medoid": false, "in_position_pool": false, "pool_rank": null, "selection_rationale": "pool position never used this baseline"}}, {"type": "Feature", "geometry": {"type": "Polygon", "coordinates": [[[73.81217059163862, 18.647474334138096, 0.0], [73.81216902048025, 18.64770023599623, 0.0], [73.81240600483342, 18.647701733541357, 0.0], [73.8124075756785, 18.647475831663783, 0.0], [73.81217059163862, 18.647474334138096, 0.0]]]}, "properties": {"name": "PMP-T0550", "emu_id": "EMU_Wildlife", "typicality_percentile": 89.1, "is_medoid": false, "in_position_pool": false, "pool_rank": null, "selection_rationale": "pool position never used this baseline"}}, {"type": "Feature", "geometry": {"type": "Polygon", "coordinates": [[[73.81240443396582, 18.647927635413375, 0.0], [73.81240600483342, 18.647701733541357, 0.0], [73.81216902048025, 18.64770023599623, 0.0], [73.81216771973905, 18.647887254699064, 0.0], [73.8121944084822, 18.647926308225596, 0.0], [73.81240443396582, 18.647927635413375, 0.0]]]}, "properties": {"name": "PMP-T0551", "emu_id": "EMU_Wildlife", "typicality_percentile": 78.1, "is_medoid": false, "in_position_pool": false, "pool_rank": null, "selection_rationale": "pool position never used this baseline"}}, {"type": "Feature", "geometry": {"type": "Polygon", "coordinates": [[[73.81240286307572, 18.648153537279843, 0.0], [73.81240443396582, 18.647927635413375, 0.0], [73.8121944084822, 18.647926308225596, 0.0], [73.81234946396637, 18.648153199859845, 0.0], [73.81240286307572, 18.648153537279843, 0.0]]]}, "properties": {"name": "PMP-T0552", "emu_id": "EMU_Wildlife", "typicality_percentile": 53.1, "is_medoid": false, "in_position_pool": false, "pool_rank": null, "selection_rationale": "pool position never used this baseline"}}, {"type": "Feature", "geometry": {"type": "Polygon", "coordinates": [[[73.81241071730116, 18.64702402789199, 0.0], [73.8124091465011, 18.647249929780664, 0.0], [73.81264613025022, 18.647251426988266, 0.0], [73.812647700737, 18.647025525080164, 0.0], [73.81241071730116, 18.64702402789199, 0.0]]]}, "properties": {"name": "PMP-T0565", "emu_id": "EMU_Wildlife", "typicality_percentile": 70.3, "is_medoid": false, "in_position_pool": false, "pool_rank": null, "selection_rationale": "pool position never used this baseline"}}, {"type": "Feature", "geometry": {"type": "Polygon", "coordinates": [[[73.8124091465011, 18.647249929780664, 0.0], [73.8124075756785, 18.647475831663783, 0.0], [73.81264455974089, 18.647477328890826, 0.0], [73.81264613025022, 18.647251426988266, 0.0], [73.8124091465011, 18.647249929780664, 0.0]]]}, "properties": {"name": "PMP-T0566", "emu_id": "EMU_Wildlife", "typicality_percentile": 87.5, "is_medoid": false, "in_position_pool": false, "pool_rank": null, "selection_rationale": "pool position never used this baseline"}}, {"type": "Feature", "geometry": {"type": "Polygon", "coordinates": [[[73.8124075756785, 18.647475831663783, 0.0], [73.81240600483342, 18.647701733541357, 0.0], [73.8126429892091, 18.647703230787833, 0.0], [73.81264455974089, 18.647477328890826, 0.0], [73.8124075756785, 18.647475831663783, 0.0]]]}, "properties": {"name": "PMP-T0567", "emu_id": "EMU_Wildlife", "typicality_percentile": 98.4, "is_medoid": false, "in_position_pool": false, "pool_rank": null, "selection_rationale": "pool position never used this baseline"}}, {"type": "Feature", "geometry": {"type": "Polygon", "coordinates": [[[73.81240600483342, 18.647701733541357, 0.0], [73.81240443396582, 18.647927635413375, 0.0], [73.81264141865478, 18.64792913267929, 0.0], [73.8126429892091, 18.647703230787833, 0.0], [73.81240600483342, 18.647701733541357, 0.0]]]}, "properties": {"name": "PMP-T0568", "emu_id": "EMU_Wildlife", "typicality_percentile": 90.6, "is_medoid": false, "in_position_pool": true, "pool_rank": 2, "selection_rationale": "best-scoring position in its spatial region \u2014 extends coverage of the EMU"}}, {"type": "Feature", "geometry": {"type": "Polygon", "coordinates": [[[73.81240443396582, 18.647927635413375, 0.0], [73.81240286307572, 18.648153537279843, 0.0], [73.81263984807796, 18.6481550345652, 0.0], [73.81264141865478, 18.64792913267929, 0.0], [73.81240443396582, 18.647927635413375, 0.0]]]}, "properties": {"name": "PMP-T0569", "emu_id": "EMU_Wildlife", "typicality_percentile": 54.7, "is_medoid": false, "in_position_pool": false, "pool_rank": null, "selection_rationale": "pool position never used this baseline"}}, {"type": "Feature", "geometry": {"type": "Polygon", "coordinates": [[[73.81263984807796, 18.6481550345652, 0.0], [73.81240286307572, 18.648153537279843, 0.0], [73.81240232750318, 18.64823055455383, 0.0], [73.81245349932053, 18.648305433694112, 0.0], [73.81245584392026, 18.648309263104334, 0.0], [73.81245778346681, 18.648313293138017, 0.0], [73.81245929928123, 18.648317484983775, 0.0], [73.81246037676539, 18.648321798271798, 0.0], [73.81246081875948, 18.6483248864321, 0.0], [73.81259938329369, 18.64829941422048, 0.0], [73.81263889387769, 18.64829227914505, 0.0], [73.81263984807796, 18.6481550345652, 0.0]]]}, "properties": {"name": "PMP-T0570", "emu_id": "EMU_Wildlife", "typicality_percentile": 50.0, "is_medoid": false, "in_position_pool": false, "pool_rank": null, "selection_rationale": "pool position never used this baseline"}}, {"type": "Feature", "geometry": {"type": "Polygon", "coordinates": [[[73.8126429892091, 18.647703230787833, 0.0], [73.81264141865478, 18.64792913267929, 0.0], [73.81287840336624, 18.647930629646552, 0.0], [73.81287997360727, 18.647704727735665, 0.0], [73.8126429892091, 18.647703230787833, 0.0]]]}, "properties": {"name": "PMP-T0601", "emu_id": "EMU_Wildlife", "typicality_percentile": 26.6, "is_medoid": false, "in_position_pool": false, "pool_rank": null, "selection_rationale": "pool position never used this baseline"}}, {"type": "Feature", "geometry": {"type": "Polygon", "coordinates": [[[73.81264141865478, 18.64792913267929, 0.0], [73.81263984807796, 18.6481550345652, 0.0], [73.81287683310272, 18.648156531551894, 0.0], [73.81287840336624, 18.647930629646552, 0.0], [73.81264141865478, 18.64792913267929, 0.0]]]}, "properties": {"name": "PMP-T0602", "emu_id": "EMU_Wildlife", "typicality_percentile": 96.9, "is_medoid": false, "in_position_pool": false, "pool_rank": null, "selection_rationale": "pool position never used this baseline"}}, {"type": "Feature", "geometry": {"type": "Polygon", "coordinates": [[[73.81287997360727, 18.647704727735665, 0.0], [73.81287840336624, 18.647930629646552, 0.0], [73.81311538810021, 18.647932126315172, 0.0], [73.81311695802795, 18.647706224384855, 0.0], [73.81287997360727, 18.647704727735665, 0.0]]]}, "properties": {"name": "PMP-T0636", "emu_id": "EMU_Wildlife", "typicality_percentile": 37.5, "is_medoid": false, "in_position_pool": false, "pool_rank": null, "selection_rationale": "pool position never used this baseline"}}, {"type": "Feature", "geometry": {"type": "Polygon", "coordinates": [[[73.81311538810021, 18.647932126315172, 0.0], [73.81287840336624, 18.647930629646552, 0.0], [73.81287683310272, 18.648156531551894, 0.0], [73.8129050934176, 18.648156710046678, 0.0], [73.81306345278328, 18.64805312709005, 0.0], [73.81311478856765, 18.648018394121394, 0.0], [73.81311538810021, 18.647932126315172, 0.0]]]}, "properties": {"name": "PMP-T0637", "emu_id": "EMU_Wildlife", "typicality_percentile": 93.8, "is_medoid": false, "in_position_pool": true, "pool_rank": 10, "selection_rationale": "best-scoring position in its spatial region \u2014 extends coverage of the EMU"}}, {"type": "Feature", "geometry": {"type": "Polygon", "coordinates": [[[73.81312009781594, 18.647254420507558, 0.0], [73.81311852793318, 18.64748032244898, 0.0], [73.81335551206308, 18.64748181878009, 0.0], [73.81335708163255, 18.647255916819248, 0.0], [73.81312009781594, 18.647254420507558, 0.0]]]}, "properties": {"name": "PMP-T0668", "emu_id": "EMU_Wildlife", "typicality_percentile": 73.4, "is_medoid": false, "in_position_pool": false, "pool_rank": null, "selection_rationale": "pool position never used this baseline"}}, {"type": "Feature", "geometry": {"type": "Polygon", "coordinates": [[[73.81311852793318, 18.64748032244898, 0.0], [73.81311695802795, 18.647706224384855, 0.0], [73.81335394247111, 18.64770772073539, 0.0], [73.81335551206308, 18.64748181878009, 0.0], [73.81311852793318, 18.64748032244898, 0.0]]]}, "properties": {"name": "PMP-T0669", "emu_id": "EMU_Wildlife", "typicality_percentile": 100.0, "is_medoid": true, "in_position_pool": true, "pool_rank": 1, "selection_rationale": "stratum medoid \u2014 most representative position within this EMU"}}, {"type": "Feature", "geometry": {"type": "Polygon", "coordinates": [[[73.81335394247111, 18.64770772073539, 0.0], [73.81311695802795, 18.647706224384855, 0.0], [73.81311538810021, 18.647932126315172, 0.0], [73.81324111989214, 18.64793292024849, 0.0], [73.81328866707787, 18.647900750492457, 0.0], [73.81335289195187, 18.647858913857572, 0.0], [73.81335394247111, 18.64770772073539, 0.0]]]}, "properties": {"name": "PMP-T0670", "emu_id": "EMU_Wildlife", "typicality_percentile": 81.2, "is_medoid": false, "in_position_pool": false, "pool_rank": null, "selection_rationale": "pool position never used this baseline"}}, {"type": "Feature", "geometry": {"type": "Polygon", "coordinates": [[[73.81335708163255, 18.647255916819248, 0.0], [73.81335551206308, 18.64748181878009, 0.0], [73.81359249621545, 18.647483314812558, 0.0], [73.81359380722449, 18.647294588974045, 0.0], [73.81358285173141, 18.64729081855841, 0.0], [73.8135798834966, 18.647289687781164, 0.0], [73.81350141568511, 18.647256827995538, 0.0], [73.81335708163255, 18.647255916819248, 0.0]]]}, "properties": {"name": "PMP-T0701", "emu_id": "EMU_Wildlife", "typicality_percentile": 1.6, "is_medoid": false, "in_position_pool": false, "pool_rank": null, "selection_rationale": "pool position never used this baseline"}}, {"type": "Feature", "geometry": {"type": "Polygon", "coordinates": [[[73.81359249621545, 18.647483314812558, 0.0], [73.81335551206308, 18.64748181878009, 0.0], [73.81335394247111, 18.64770772073539, 0.0], [73.8135824577234, 18.647709163327388, 0.0], [73.8135909659792, 18.647703596562234, 0.0], [73.81359249621545, 18.647483314812558, 0.0]]]}, "properties": {"name": "PMP-T0702", "emu_id": "EMU_Wildlife", "typicality_percentile": 0.0, "is_medoid": false, "in_position_pool": false, "pool_rank": null, "selection_rationale": "pool position never used this baseline"}}, {"type": "Feature", "geometry": {"type": "Polygon", "coordinates": [[[73.81382948039032, 18.64748481054638, 0.0], [73.81359249621545, 18.647483314812558, 0.0], [73.8135909659792, 18.647703596562234, 0.0], [73.81382904271611, 18.647547827860965, 0.0], [73.81382948039032, 18.64748481054638, 0.0]]]}, "properties": {"name": "PMP-T0729", "emu_id": "EMU_Wildlife", "typicality_percentile": 3.1, "is_medoid": false, "in_position_pool": false, "pool_rank": null, "selection_rationale": "pool position never used this baseline"}}]}