{"type": "FeatureCollection", "features": [{"type": "Feature", "geometry": {"type": "Polygon", "coordinates": [[[77.95069206272386, 16.45889007035997], [77.95068864690909, 16.45866437115136], [77.95047702658668, 16.45866735330019], [77.95054635359728, 16.45889212373997], [77.95069206272386, 16.45889007035997]]]}, "properties": {"name": "grid_00000", "display_name": "SFV-T0001", "role": "candidate_grid_cell", "area_ha": 0.04774, "named_subarea": null, "gee_matched": true, "NDVI_raw": 0.24442120358301478, "TreeCover_Pct": 0.0, "Elev_m": 357.64284520134385, "ElevStd_m": 2.1688458776165263, "TRI_m": 0.26945576510683644, "Slope_deg": 0.05246032401919365, "NatCoverPct_2km": 10.252357571184916, "EdgeDensity_2km": 1.366740731580474, "NatCoverPct_500m": 0.0, "EdgeDensity_500m": 0.0, "gHM": 0.4076424837112427, "DistWater_m": 2268.1138024859924, "LST_C": 30.103709677419374, "NightLights": 1.636875033378601, "BuiltUp_Pct": 0.0, "SEGMENT_ID": 790068486.0, "hard_filter_pass": true}}, {"type": "Feature", "geometry": {"type": "Polygon", "coordinates": [[[77.95068864690909, 16.45866437115136], [77.95092253961313, 16.458661074891914], [77.95091976930748, 16.45847803945506], [77.95068668474279, 16.458534719846615], [77.95068864690909, 16.45866437115136]]]}, "properties": {"name": "grid_00001", "display_name": "SFV-T0002", "role": "candidate_grid_cell", "area_ha": 0.04329, "named_subarea": null, "gee_matched": true, "NDVI_raw": 0.2518252190491008, "TreeCover_Pct": 0.0, "Elev_m": 358.3958435058594, "ElevStd_m": 2.246476050447552, "TRI_m": 0.2831591945542599, "Slope_deg": 0.05246032401919365, "NatCoverPct_2km": 10.360030636076404, "EdgeDensity_2km": 1.3713248362214927, "NatCoverPct_500m": 0.0, "EdgeDensity_500m": 0.0, "gHM": 0.4076424837112427, "DistWater_m": 2209.6504209064487, "LST_C": 30.103709677419374, "NightLights": 1.636875033378601, "BuiltUp_Pct": 0.0, "SEGMENT_ID": 790068486.0, "hard_filter_pass": true}}, {"type": "Feature", "geometry": {"type": "Polygon", "coordinates": [[[77.95068864690909, 16.45866437115136], [77.95069206272386, 16.45889007035997], [77.95092595569771, 16.45888677405283], [77.95092253961313, 16.458661074891914], [77.95068864690909, 16.45866437115136]]]}, "properties": {"name": "grid_00002", "display_name": "SFV-T0003", "role": "candidate_grid_cell", "area_ha": 0.0625, "named_subarea": null, "gee_matched": true, "NDVI_raw": 0.2558313647846678, "TreeCover_Pct": 0.0, "Elev_m": 358.29321289062506, "ElevStd_m": 2.254679567844079, "TRI_m": 0.27801037545307156, "Slope_deg": 0.05246032401919365, "NatCoverPct_2km": 10.422128990397049, "EdgeDensity_2km": 1.3711356035839066, "NatCoverPct_500m": 0.0, "EdgeDensity_500m": 0.0, "gHM": 0.4076424837112427, "DistWater_m": 2197.946760878978, "LST_C": 30.103709677419374, "NightLights": 1.636875033378601, "BuiltUp_Pct": 0.0, "SEGMENT_ID": 790068486.0, "hard_filter_pass": true}}, {"type": "Feature", "geometry": {"type": "Polygon", "coordinates": [[[77.95069206272386, 16.45889007035997], [77.95069547859208, 16.45911576956303], [77.95092937183574, 16.459112473208194], [77.95092595569771, 16.45888677405283], [77.95069206272386, 16.45889007035997]]]}, "properties": {"name": "grid_00003", "display_name": "SFV-T0004", "role": "candidate_grid_cell", "area_ha": 0.0625, "named_subarea": null, "gee_matched": true, "NDVI_raw": 0.29459010895040555, "TreeCover_Pct": 39.806996381182145, "Elev_m": 357.88997783591867, "ElevStd_m": 2.297774523422001, "TRI_m": 0.26787206190077406, "Slope_deg": 0.05246032401919365, "NatCoverPct_2km": 10.500467380045034, "EdgeDensity_2km": 1.3692610546760509, "NatCoverPct_500m": 0.0, "EdgeDensity_500m": 0.0, "gHM": 0.4076424837112427, "DistWater_m": 2185.312423384455, "LST_C": 30.103709677419374, "NightLights": 1.636875033378601, "BuiltUp_Pct": 0.0, "SEGMENT_ID": 790068486.0, "hard_filter_pass": true}}, {"type": "Feature", "geometry": {"type": "Polygon", "coordinates": [[[77.95069547859208, 16.45911576956303], [77.95069889451376, 16.459341468760552], [77.95093278802723, 16.45933817235802], [77.95092937183574, 16.459112473208194], [77.95069547859208, 16.45911576956303]]]}, "properties": {"name": "grid_00004", "display_name": "SFV-T0005", "role": "candidate_grid_cell", "area_ha": 0.0625, "named_subarea": null, "gee_matched": true, "NDVI_raw": 0.3152011009499684, "TreeCover_Pct": 81.69099756690997, "Elev_m": 357.16802481027116, "ElevStd_m": 2.3664217914488574, "TRI_m": 0.2544495656416292, "Slope_deg": 0.05246032401919365, "NatCoverPct_2km": 10.577249575004432, "EdgeDensity_2km": 1.366994181801087, "NatCoverPct_500m": 0.0, "EdgeDensity_500m": 0.0, "gHM": 0.4076424837112427, "DistWater_m": 2174.244507938818, "LST_C": 30.103709677419374, "NightLights": 1.636875033378601, "BuiltUp_Pct": 0.0, "SEGMENT_ID": -1589409198.0, "hard_filter_pass": true}}, {"type": "Feature", "geometry": {"type": "Polygon", "coordinates": [[[77.95093620427218, 16.4595638715023], [77.95093278802723, 16.45933817235802], [77.95069889451376, 16.459341468760552], [77.95069961418902, 16.45938901920253], [77.95075433583663, 16.459566434740704], [77.95093620427218, 16.4595638715023]]]}, "properties": {"name": "grid_00005", "display_name": "SFV-T0006", "role": "candidate_grid_cell", "area_ha": 0.05701, "named_subarea": null, "gee_matched": true, "NDVI_raw": 0.2689502757052425, "TreeCover_Pct": 29.26509186351706, "Elev_m": 356.3001329316869, "ElevStd_m": 2.436705949845131, "TRI_m": 0.24309401622272575, "Slope_deg": 0.05246032401919365, "NatCoverPct_2km": 10.656706705288443, "EdgeDensity_2km": 1.362765116563133, "NatCoverPct_500m": 0.0, "EdgeDensity_500m": 0.0, "gHM": 0.4076424837112427, "DistWater_m": 2163.798172917386, "LST_C": 30.103709677419374, "NightLights": 1.636875033378601, "BuiltUp_Pct": 0.0, "SEGMENT_ID": -1589409198.0, "hard_filter_pass": true}}, {"type": "Feature", "geometry": {"type": "Polygon", "coordinates": [[[77.95093962057057, 16.459789570641043], [77.95093620427218, 16.4595638715023], [77.95075433583663, 16.459566434740704], [77.95082366365232, 16.459791204968084], [77.95093962057057, 16.459789570641043]]]}, "properties": {"name": "grid_00006", "display_name": "SFV-T0007", "role": "candidate_grid_cell", "area_ha": 0.03979, "named_subarea": null, "gee_matched": true, "NDVI_raw": 0.24836335202356927, "TreeCover_Pct": 20.770676691729324, "Elev_m": 355.6496887207031, "ElevStd_m": 2.458107427827712, "TRI_m": 0.23524818158062596, "Slope_deg": 0.05246032401919365, "NatCoverPct_2km": 10.753348590269987, "EdgeDensity_2km": 1.361215766590143, "NatCoverPct_500m": 0.0, "EdgeDensity_500m": 0.0, "gHM": 0.4076424837112427, "DistWater_m": 2146.8099835741045, "LST_C": 30.103709677419374, "NightLights": 1.636875033378601, "BuiltUp_Pct": 0.0, "SEGMENT_ID": -1147922935.0, "hard_filter_pass": true}}, {"type": "Feature", "geometry": {"type": "Polygon", "coordinates": [[[77.95092253961313, 16.458661074891914], [77.95115643226373, 16.458657778372057], [77.95115301596279, 16.458432079253292], [77.9511060464738, 16.458432741260815], [77.95091976930748, 16.45847803945506], [77.95092253961313, 16.458661074891914]]]}, "properties": {"name": "grid_00007", "display_name": "SFV-T0008", "role": "candidate_grid_cell", "area_ha": 0.05778, "named_subarea": null, "gee_matched": true, "NDVI_raw": 0.2617546125359708, "TreeCover_Pct": 2.5226390685640365, "Elev_m": 359.1938840365194, "ElevStd_m": 2.390986885866362, "TRI_m": 0.30090479895730277, "Slope_deg": 0.05246032401919365, "NatCoverPct_2km": 10.541855872223305, "EdgeDensity_2km": 1.3738210926802643, "NatCoverPct_500m": 0.0, "EdgeDensity_500m": 0.0, "gHM": 0.4076424837112427, "DistWater_m": 2136.971451429624, "LST_C": 30.103709677419374, "NightLights": 1.636875033378601, "BuiltUp_Pct": 0.0, "SEGMENT_ID": -1648593359.0, "hard_filter_pass": true}}, {"type": "Feature", "geometry": {"type": "Polygon", "coordinates": [[[77.95092253961313, 16.458661074891914], [77.95092595569771, 16.45888677405283], [77.9511598486181, 16.458883477485276], [77.95115643226373, 16.458657778372057], [77.95092253961313, 16.458661074891914]]]}, "properties": {"name": "grid_00008", "display_name": "SFV-T0009", "role": "candidate_grid_cell", "area_ha": 0.0625, "named_subarea": null, "gee_matched": true, "NDVI_raw": 0.2446790423307686, "TreeCover_Pct": 0.0, "Elev_m": 359.66676382542823, "ElevStd_m": 2.435398410792049, "TRI_m": 0.29176000307978034, "Slope_deg": 0.05246032401919365, "NatCoverPct_2km": 10.616780240239025, "EdgeDensity_2km": 1.372312364080267, "NatCoverPct_500m": 0.0, "EdgeDensity_500m": 0.0, "gHM": 0.4076424837112427, "DistWater_m": 2121.481280220019, "LST_C": 30.103709677419374, "NightLights": 1.636875033378601, "BuiltUp_Pct": 0.0, "SEGMENT_ID": -1648593359.0, "hard_filter_pass": true}}, {"type": "Feature", "geometry": {"type": "Polygon", "coordinates": [[[77.95092595569771, 16.45888677405283], [77.95092937183574, 16.459112473208194], [77.95116326502595, 16.45910917659294], [77.9511598486181, 16.458883477485276], [77.95092595569771, 16.45888677405283]]]}, "properties": {"name": "grid_00009", "display_name": "SFV-T0010", "role": "candidate_grid_cell", "area_ha": 0.0625, "named_subarea": null, "gee_matched": true, "NDVI_raw": 0.2232674034189088, "TreeCover_Pct": 3.730445246690734, "Elev_m": 359.509716525118, "ElevStd_m": 2.471493060909244, "TRI_m": 0.28275695613429774, "Slope_deg": 0.05246032401919365, "NatCoverPct_2km": 10.694583737511588, "EdgeDensity_2km": 1.3695638227669955, "NatCoverPct_500m": 0.0, "EdgeDensity_500m": 0.0, "gHM": 0.4076424837112427, "DistWater_m": 2108.0356221452757, "LST_C": 30.103709677419374, "NightLights": 1.636875033378601, "BuiltUp_Pct": 0.0, "SEGMENT_ID": -1648593359.0, "hard_filter_pass": true}}, {"type": "Feature", "geometry": {"type": "Polygon", "coordinates": [[[77.95092937183574, 16.459112473208194], [77.95093278802723, 16.45933817235802], [77.95116668148725, 16.459334875695074], [77.95116326502595, 16.45910917659294], [77.95092937183574, 16.459112473208194]]]}, "properties": {"name": "grid_00010", "display_name": "SFV-T0011", "role": "candidate_grid_cell", "area_ha": 0.0625, "named_subarea": null, "gee_matched": true, "NDVI_raw": 0.24044986239907845, "TreeCover_Pct": 8.233890214797135, "Elev_m": 358.4809742929827, "ElevStd_m": 2.5009606026473996, "TRI_m": 0.26656357341880105, "Slope_deg": 0.05246032401919365, "NatCoverPct_2km": 10.772201928519777, "EdgeDensity_2km": 1.3659684996161614, "NatCoverPct_500m": 0.0, "EdgeDensity_500m": 0.0, "gHM": 0.4076424837112427, "DistWater_m": 2096.226180492034, "LST_C": 30.103709677419374, "NightLights": 1.636875033378601, "BuiltUp_Pct": 0.0, "SEGMENT_ID": 790068486.0, "hard_filter_pass": true}}, {"type": "Feature", "geometry": {"type": "Polygon", "coordinates": [[[77.95093278802723, 16.45933817235802], [77.95093620427218, 16.4595638715023], [77.95117009800201, 16.459560574791656], [77.95116668148725, 16.459334875695074], [77.95093278802723, 16.45933817235802]]]}, "properties": {"name": "grid_00011", "display_name": "SFV-T0012", "role": "candidate_grid_cell", "area_ha": 0.0625, "named_subarea": null, "gee_matched": true, "NDVI_raw": 0.24236164356929704, "TreeCover_Pct": 3.734939759036144, "Elev_m": 357.05929311729335, "ElevStd_m": 2.5477006005693985, "TRI_m": 0.25032452557089524, "Slope_deg": 0.05246032401919365, "NatCoverPct_2km": 10.844807401104163, "EdgeDensity_2km": 1.3654825156213126, "NatCoverPct_500m": 0.0, "EdgeDensity_500m": 0.0, "gHM": 0.4076424837112427, "DistWater_m": 2087.6770665015656, "LST_C": 30.103709677419374, "NightLights": 1.636875033378601, "BuiltUp_Pct": 0.0, "SEGMENT_ID": -1589409198.0, "hard_filter_pass": true}}, {"type": "Feature", "geometry": {"type": "Polygon", "coordinates": [[[77.95093620427218, 16.4595638715023], [77.95093962057057, 16.459789570641043], [77.95117351457021, 16.459786273882695], [77.95117009800201, 16.459560574791656], [77.95093620427218, 16.4595638715023]]]}, "properties": {"name": "grid_00012", "display_name": "SFV-T0013", "role": "candidate_grid_cell", "area_ha": 0.0625, "named_subarea": null, "gee_matched": true, "NDVI_raw": 0.23553230472611075, "TreeCover_Pct": 17.507598784194528, "Elev_m": 355.10934503897346, "ElevStd_m": 2.548588117576369, "TRI_m": 0.24173725010029198, "Slope_deg": 0.05246032401919365, "NatCoverPct_2km": 10.910408893878081, "EdgeDensity_2km": 1.3655016380017009, "NatCoverPct_500m": 0.0, "EdgeDensity_500m": 0.0, "gHM": 0.4076424837112427, "DistWater_m": 2081.236675551195, "LST_C": 30.103709677419374, "NightLights": 1.636875033378601, "BuiltUp_Pct": 0.0, "SEGMENT_ID": -1147922935.0, "hard_filter_pass": true}}, {"type": "Feature", "geometry": {"type": "Polygon", "coordinates": [[[77.95093962057057, 16.459789570641043], [77.95094303692241, 16.460015269774235], [77.9511769311919, 16.460011972968196], [77.95117351457021, 16.459786273882695], [77.95093962057057, 16.459789570641043]]]}, "properties": {"name": "grid_00013", "display_name": "SFV-T0014", "role": "candidate_grid_cell", "area_ha": 0.0625, "named_subarea": null, "gee_matched": true, "NDVI_raw": 0.18966587181018152, "TreeCover_Pct": 0.0, "Elev_m": 355.12386804022947, "ElevStd_m": 2.4807692787128572, "TRI_m": 0.23718415763387238, "Slope_deg": 0.05246032401919365, "NatCoverPct_2km": 10.971618370608729, "EdgeDensity_2km": 1.3639877221859287, "NatCoverPct_500m": 0.0, "EdgeDensity_500m": 0.0, "gHM": 0.4076424837112427, "DistWater_m": 2078.001671852482, "LST_C": 30.103709677419374, "NightLights": 1.636875033378601, "BuiltUp_Pct": 0.0, "SEGMENT_ID": -1147922935.0, "hard_filter_pass": true}}, {"type": "Feature", "geometry": {"type": "Polygon", "coordinates": [[[77.95115301596279, 16.458432079253292], [77.95115643226373, 16.458657778372057], [77.95139032486087, 16.458654481591786], [77.95138690829013, 16.45842878252073], [77.95115301596279, 16.458432079253292]]]}, "properties": {"name": "grid_00014", "display_name": "SFV-T0015", "role": "candidate_grid_cell", "area_ha": 0.0625, "named_subarea": null, "gee_matched": true, "NDVI_raw": 0.2786326572263609, "TreeCover_Pct": 16.56769596199525, "Elev_m": 360.48523500129903, "ElevStd_m": 2.568449044852965, "TRI_m": 0.3324014516372039, "Slope_deg": 0.05246032401919365, "NatCoverPct_2km": 10.728459113966776, "EdgeDensity_2km": 1.372186067872447, "NatCoverPct_500m": 0.0, "EdgeDensity_500m": 0.0, "gHM": 0.4039210585297711, "DistWater_m": 2064.279000981848, "LST_C": 30.103709677419374, "NightLights": 1.636875033378601, "BuiltUp_Pct": 0.0, "SEGMENT_ID": -1648593359.0, "hard_filter_pass": true}}, {"type": "Feature", "geometry": {"type": "Polygon", "coordinates": [[[77.95115643226373, 16.458657778372057], [77.9511598486181, 16.458883477485276], [77.95139374148505, 16.45888018065731], [77.95139032486087, 16.458654481591786], [77.95115643226373, 16.458657778372057]]]}, "properties": {"name": "grid_00015", "display_name": "SFV-T0016", "role": "candidate_grid_cell", "area_ha": 0.0625, "named_subarea": null, "gee_matched": true, "NDVI_raw": 0.2895190346742345, "TreeCover_Pct": 33.002336448598136, "Elev_m": 360.40667933169937, "ElevStd_m": 2.676242045295408, "TRI_m": 0.31639021788472704, "Slope_deg": 0.05246032401919365, "NatCoverPct_2km": 10.81017381246205, "EdgeDensity_2km": 1.3725078692080257, "NatCoverPct_500m": 0.0, "EdgeDensity_500m": 0.0, "gHM": 0.40383447480396695, "DistWater_m": 2046.8670855387766, "LST_C": 30.103709677419374, "NightLights": 1.636875033378601, "BuiltUp_Pct": 0.0, "SEGMENT_ID": -1648593359.0, "hard_filter_pass": true}}, {"type": "Feature", "geometry": {"type": "Polygon", "coordinates": [[[77.9511598486181, 16.458883477485276], [77.95116326502595, 16.45910917659294], [77.9513971581627, 16.459105879717278], [77.95139374148505, 16.45888018065731], [77.9511598486181, 16.458883477485276]]]}, "properties": {"name": "grid_00016", "display_name": "SFV-T0017", "role": "candidate_grid_cell", "area_ha": 0.0625, "named_subarea": null, "gee_matched": true, "NDVI_raw": 0.24222502571240973, "TreeCover_Pct": 8.736059479553903, "Elev_m": 359.77394446239447, "ElevStd_m": 2.7003655862795144, "TRI_m": 0.29932953848942045, "Slope_deg": 0.05246032401919365, "NatCoverPct_2km": 10.887955840459732, "EdgeDensity_2km": 1.3758124794666806, "NatCoverPct_500m": 0.0, "EdgeDensity_500m": 0.0, "gHM": 0.40359645736631117, "DistWater_m": 2032.772572653266, "LST_C": 30.103709677419374, "NightLights": 1.636875033378601, "BuiltUp_Pct": 0.0, "SEGMENT_ID": -1648593359.0, "hard_filter_pass": true}}, {"type": "Feature", "geometry": {"type": "Polygon", "coordinates": [[[77.95116326502595, 16.45910917659294], [77.95116668148725, 16.459334875695074], [77.95140057489382, 16.459331578771707], [77.9513971581627, 16.459105879717278], [77.95116326502595, 16.45910917659294]]]}, "properties": {"name": "grid_00017", "display_name": "SFV-T0018", "role": "candidate_grid_cell", "area_ha": 0.0625, "named_subarea": null, "gee_matched": true, "NDVI_raw": 0.1680941415561414, "TreeCover_Pct": 0.0, "Elev_m": 358.4223265484627, "ElevStd_m": 2.6526704820323044, "TRI_m": 0.2811028510870974, "Slope_deg": 0.05246032401919365, "NatCoverPct_2km": 10.959366387432388, "EdgeDensity_2km": 1.380873510983159, "NatCoverPct_500m": 0.0, "EdgeDensity_500m": 0.0, "gHM": 0.4033404882852133, "DistWater_m": 2020.1659496097154, "LST_C": 30.103709677419374, "NightLights": 1.636875033378601, "BuiltUp_Pct": 0.0, "SEGMENT_ID": 790068486.0, "hard_filter_pass": true}}, {"type": "Feature", "geometry": {"type": "Polygon", "coordinates": [[[77.95116668148725, 16.459334875695074], [77.95117009800201, 16.459560574791656], [77.95140399167839, 16.459557277820583], [77.95140057489382, 16.459331578771707], [77.95116668148725, 16.459334875695074]]]}, "properties": {"name": "grid_00018", "display_name": "SFV-T0019", "role": "candidate_grid_cell", "area_ha": 0.0625, "named_subarea": null, "gee_matched": true, "NDVI_raw": 0.17677895631304125, "TreeCover_Pct": 0.0, "Elev_m": 356.5083190586656, "ElevStd_m": 2.641809760321192, "TRI_m": 0.2576330911871226, "Slope_deg": 0.05246032401919365, "NatCoverPct_2km": 11.025021586229407, "EdgeDensity_2km": 1.3840235338901254, "NatCoverPct_500m": 0.0, "EdgeDensity_500m": 0.0, "gHM": 0.40323384028867304, "DistWater_m": 2011.5032198301553, "LST_C": 30.103709677419374, "NightLights": 1.636875033378601, "BuiltUp_Pct": 0.0, "SEGMENT_ID": -1589409198.0, "hard_filter_pass": true}}, {"type": "Feature", "geometry": {"type": "Polygon", "coordinates": [[[77.95117009800201, 16.459560574791656], [77.95117351457021, 16.459786273882695], [77.95140740851643, 16.45978297686393], [77.95140399167839, 16.459557277820583], [77.95117009800201, 16.459560574791656]]]}, "properties": {"name": "grid_00019", "display_name": "SFV-T0020", "role": "candidate_grid_cell", "area_ha": 0.0625, "named_subarea": null, "gee_matched": true, "NDVI_raw": 0.20593306609054116, "TreeCover_Pct": 0.0, "Elev_m": 354.54132043639237, "ElevStd_m": 2.6310330855866884, "TRI_m": 0.24901246287621798, "Slope_deg": 0.05246032401919365, "NatCoverPct_2km": 11.083870449862603, "EdgeDensity_2km": 1.386078990503004, "NatCoverPct_500m": 0.0, "EdgeDensity_500m": 0.0, "gHM": 0.4030689079014223, "DistWater_m": 2004.9215248488028, "LST_C": 30.103709677419374, "NightLights": 1.636875033378601, "BuiltUp_Pct": 0.0, "SEGMENT_ID": -1825272994.0, "hard_filter_pass": true}}, {"type": "Feature", "geometry": {"type": "Polygon", "coordinates": [[[77.95117351457021, 16.459786273882695], [77.9511769311919, 16.460011972968196], [77.9514108254079, 16.460008675901722], [77.95140740851643, 16.45978297686393], [77.95117351457021, 16.459786273882695]]]}, "properties": {"name": "grid_00020", "display_name": "SFV-T0021", "role": "candidate_grid_cell", "area_ha": 0.0625, "named_subarea": null, "gee_matched": true, "NDVI_raw": 0.2706529932657638, "TreeCover_Pct": 32.59036144578314, "Elev_m": 354.0910241552146, "ElevStd_m": 2.5608121503460874, "TRI_m": 0.24544369730628507, "Slope_deg": 0.05246032401919365, "NatCoverPct_2km": 11.13824642655393, "EdgeDensity_2km": 1.3885336055977318, "NatCoverPct_500m": 0.0, "EdgeDensity_500m": 0.0, "gHM": 0.4029217946601202, "DistWater_m": 2001.5597580636697, "LST_C": 30.103709677419374, "NightLights": 1.636875033378601, "BuiltUp_Pct": 0.0, "SEGMENT_ID": -1133072731.0, "hard_filter_pass": true}}, {"type": "Feature", "geometry": {"type": "Polygon", "coordinates": [[[77.95141424235287, 16.46023437493397], [77.9514108254079, 16.460008675901722], [77.9511769311919, 16.460011972968196], [77.95117934227406, 16.46017124485167], [77.9512681, 16.460208299999998], [77.95126711540921, 16.460236448952337], [77.95141424235287, 16.46023437493397]]]}, "properties": {"name": "grid_00021", "display_name": "SFV-T0022", "role": "candidate_grid_cell", "area_ha": 0.05759, "named_subarea": null, "gee_matched": true, "NDVI_raw": 0.29279306790018395, "TreeCover_Pct": 32.6797385620915, "Elev_m": 353.14266315535, "ElevStd_m": 2.421762254447214, "TRI_m": 0.23770136456112145, "Slope_deg": 0.05246032401919365, "NatCoverPct_2km": 11.19032589516859, "EdgeDensity_2km": 1.3909530219698123, "NatCoverPct_500m": 0.0, "EdgeDensity_500m": 0.0, "gHM": 0.4024130896610372, "DistWater_m": 1998.1960784313724, "LST_C": 30.103709677419374, "NightLights": 1.636875033378601, "BuiltUp_Pct": 0.0, "SEGMENT_ID": -1825272994.0, "hard_filter_pass": true}}, {"type": "Feature", "geometry": {"type": "Polygon", "coordinates": [[[77.95141765935128, 16.46046007396068], [77.95141424235287, 16.46023437493397], [77.95126711540921, 16.460236448952337], [77.95125921536906, 16.46046230753847], [77.95141765935128, 16.46046007396068]]]}, "properties": {"name": "grid_00022", "display_name": "SFV-T0023", "role": "candidate_grid_cell", "area_ha": 0.04083, "named_subarea": null, "gee_matched": true, "NDVI_raw": 0.26828009239077233, "TreeCover_Pct": 5.601469237832874, "Elev_m": 352.3831481933594, "ElevStd_m": 2.2301693599734604, "TRI_m": 0.22985861302639374, "Slope_deg": 0.05246032401919365, "NatCoverPct_2km": 11.256866555426335, "EdgeDensity_2km": 1.397005537087138, "NatCoverPct_500m": 0.0, "EdgeDensity_500m": 0.0, "gHM": 0.39998297378270314, "DistWater_m": 1985.6749311294766, "LST_C": 30.103709677419374, "NightLights": 1.636875033378601, "BuiltUp_Pct": 0.0, "SEGMENT_ID": -1825272994.0, "hard_filter_pass": true}}, {"type": "Feature", "geometry": {"type": "Polygon", "coordinates": [[[77.95141765935128, 16.46046007396068], [77.95125921536906, 16.46046230753847], [77.95125131535613, 16.460688166123063], [77.95140285429981, 16.460686029867535], [77.9514210497285, 16.460684011112217], [77.95141765935128, 16.46046007396068]]]}, "properties": {"name": "grid_00023", "display_name": "SFV-T0024", "role": "candidate_grid_cell", "area_ha": 0.04383, "named_subarea": null, "gee_matched": true, "NDVI_raw": 0.27591811172817254, "TreeCover_Pct": 25.770547945205475, "Elev_m": 351.6700744628906, "ElevStd_m": 2.0053514119781712, "TRI_m": 0.22150899151729478, "Slope_deg": 0.05246032401919365, "NatCoverPct_2km": 11.29708581860391, "EdgeDensity_2km": 1.3973178339640953, "NatCoverPct_500m": 0.0, "EdgeDensity_500m": 0.0, "gHM": 0.4002097442184817, "DistWater_m": 1985.7277397260273, "LST_C": 30.103709677419374, "NightLights": 1.5787500143051147, "BuiltUp_Pct": 0.0, "SEGMENT_ID": -1825272994.0, "hard_filter_pass": true}}, {"type": "Feature", "geometry": {"type": "Polygon", "coordinates": [[[77.95134249773531, 16.45549469409248], [77.95157638650218, 16.455491397719662], [77.95157338464509, 16.455293067056413], [77.95133953206447, 16.455298738734147], [77.95134249773531, 16.45549469409248]]]}, "properties": {"name": "grid_00024", "display_name": "SFV-T0025", "role": "candidate_grid_cell", "area_ha": 0.05459, "named_subarea": null, "gee_matched": true, "NDVI_raw": 0.29985543187241065, "TreeCover_Pct": 41.929002009377086, "Elev_m": 357.9612478267723, "ElevStd_m": 2.1523860316849635, "TRI_m": 0.21759170079703205, "Slope_deg": 0.05246032401919365, "NatCoverPct_2km": 9.226901145664183, "EdgeDensity_2km": 1.2554190358367634, "NatCoverPct_500m": 0.12331613033015834, "EdgeDensity_500m": 0.3452851649244434, "gHM": 0.37343801032035684, "DistWater_m": 1361.0517789157022, "LST_C": 30.89688000000001, "NightLights": 1.4674999713897705, "BuiltUp_Pct": 0.0, "SEGMENT_ID": -1111774134.0, "hard_filter_pass": true}}, {"type": "Feature", "geometry": {"type": "Polygon", "coordinates": [[[77.95134249773531, 16.45549469409248], [77.95134591361109, 16.4557203932356], [77.95157980264771, 16.455717096815086], [77.95157638650218, 16.455491397719662], [77.95134249773531, 16.45549469409248]]]}, "properties": {"name": "grid_00025", "display_name": "SFV-T0026", "role": "candidate_grid_cell", "area_ha": 0.0625, "named_subarea": null, "gee_matched": true, "NDVI_raw": 0.2871245071565841, "TreeCover_Pct": 38.909313725490186, "Elev_m": 358.31093541313606, "ElevStd_m": 2.123646138731407, "TRI_m": 0.2149902320006127, "Slope_deg": 0.05246032401919365, "NatCoverPct_2km": 9.386009728955875, "EdgeDensity_2km": 1.2822624832216576, "NatCoverPct_500m": 0.08221023672195871, "EdgeDensity_500m": 0.20344615640545904, "gHM": 0.38234999775886536, "DistWater_m": 1429.2963811780392, "LST_C": 30.89688000000001, "NightLights": 1.4674999713897705, "BuiltUp_Pct": 0.0, "SEGMENT_ID": -1111774134.0, "hard_filter_pass": true}}, {"type": "Feature", "geometry": {"type": "Polygon", "coordinates": [[[77.95134591361109, 16.4557203932356], [77.95134932954032, 16.45594609237319], [77.95158321884671, 16.455942795904964], [77.95157980264771, 16.455717096815086], [77.95134591361109, 16.4557203932356]]]}, "properties": {"name": "grid_00026", "display_name": "SFV-T0027", "role": "candidate_grid_cell", "area_ha": 0.0625, "named_subarea": null, "gee_matched": true, "NDVI_raw": 0.2877502028855672, "TreeCover_Pct": 48.09667673716012, "Elev_m": 359.7465774766627, "ElevStd_m": 2.0609134569637604, "TRI_m": 0.21599649443355207, "Slope_deg": 0.05246032401919365, "NatCoverPct_2km": 9.551413663498334, "EdgeDensity_2km": 1.3085010659702967, "NatCoverPct_500m": 0.0, "EdgeDensity_500m": 0.019923873394423534, "gHM": 0.38234999775886536, "DistWater_m": 1501.7176252326797, "LST_C": 30.883861296949625, "NightLights": 1.4674999713897705, "BuiltUp_Pct": 0.0, "SEGMENT_ID": -1111774134.0, "hard_filter_pass": true}}, {"type": "Feature", "geometry": {"type": "Polygon", "coordinates": [[[77.95134932954032, 16.45594609237319], [77.95135274552302, 16.45617179150523], [77.95158663509916, 16.456168494989296], [77.95158321884671, 16.455942795904964], [77.95134932954032, 16.45594609237319]]]}, "properties": {"name": "grid_00027", "display_name": "SFV-T0028", "role": "candidate_grid_cell", "area_ha": 0.0625, "named_subarea": null, "gee_matched": true, "NDVI_raw": 0.2891298470240605, "TreeCover_Pct": 29.234478601567208, "Elev_m": 360.43472141038234, "ElevStd_m": 1.9899698421787746, "TRI_m": 0.2186096954863315, "Slope_deg": 0.05246032401919365, "NatCoverPct_2km": 9.707066806919332, "EdgeDensity_2km": 1.3219110954204993, "NatCoverPct_500m": 0.0, "EdgeDensity_500m": 0.0, "gHM": 0.38234999775886536, "DistWater_m": 1574.4073316066629, "LST_C": 30.813990379746866, "NightLights": 1.4674999713897705, "BuiltUp_Pct": 0.0, "SEGMENT_ID": -1111774134.0, "hard_filter_pass": true}}, {"type": "Feature", "geometry": {"type": "Polygon", "coordinates": [[[77.95135274552302, 16.45617179150523], [77.95135616155918, 16.456397490631723], [77.95159005140506, 16.45639419406809], [77.95158663509916, 16.456168494989296], [77.95135274552302, 16.45617179150523]]]}, "properties": {"name": "grid_00028", "display_name": "SFV-T0029", "role": "candidate_grid_cell", "area_ha": 0.0625, "named_subarea": null, "gee_matched": true, "NDVI_raw": 0.24941482885408003, "TreeCover_Pct": 0.0, "Elev_m": 360.19145556305193, "ElevStd_m": 1.9635792431915502, "TRI_m": 0.2281147614010117, "Slope_deg": 0.05246032401919365, "NatCoverPct_2km": 9.85506946423055, "EdgeDensity_2km": 1.3341124618197087, "NatCoverPct_500m": 0.0, "EdgeDensity_500m": 0.0, "gHM": 0.38234999775886536, "DistWater_m": 1646.9517653651722, "LST_C": 30.7522712036074, "NightLights": 1.5860827507511264, "BuiltUp_Pct": 0.0, "SEGMENT_ID": -1111774134.0, "hard_filter_pass": true}}, {"type": "Feature", "geometry": {"type": "Polygon", "coordinates": [[[77.95135616155918, 16.456397490631723], [77.95135957764879, 16.456623189752673], [77.95159346776443, 16.45661989314134], [77.95159005140506, 16.45639419406809], [77.95135616155918, 16.456397490631723]]]}, "properties": {"name": "grid_00029", "display_name": "SFV-T0030", "role": "candidate_grid_cell", "area_ha": 0.0625, "named_subarea": null, "gee_matched": true, "NDVI_raw": 0.22761278802127763, "TreeCover_Pct": 0.0, "Elev_m": 359.7760809796238, "ElevStd_m": 2.026929027466841, "TRI_m": 0.24274204721499487, "Slope_deg": 0.05246032401919365, "NatCoverPct_2km": 9.998419695175901, "EdgeDensity_2km": 1.344787179814189, "NatCoverPct_500m": 0.0, "EdgeDensity_500m": 0.0, "gHM": 0.38234999775886536, "DistWater_m": 1719.6763301414235, "LST_C": 30.692000000000057, "NightLights": 1.636875033378601, "BuiltUp_Pct": 0.0, "SEGMENT_ID": -1111774134.0, "hard_filter_pass": true}}, {"type": "Feature", "geometry": {"type": "Polygon", "coordinates": [[[77.95135957764879, 16.456623189752673], [77.95136299379186, 16.456848888868084], [77.95159688417726, 16.456845592209042], [77.95159346776443, 16.45661989314134], [77.95135957764879, 16.456623189752673]]]}, "properties": {"name": "grid_00030", "display_name": "SFV-T0031", "role": "candidate_grid_cell", "area_ha": 0.0625, "named_subarea": null, "gee_matched": true, "NDVI_raw": 0.2380472357071396, "TreeCover_Pct": 0.0, "Elev_m": 359.3557549985675, "ElevStd_m": 2.064191044210684, "TRI_m": 0.260962166710299, "Slope_deg": 0.05246032401919365, "NatCoverPct_2km": 10.134307556060145, "EdgeDensity_2km": 1.362405444837667, "NatCoverPct_500m": 0.0, "EdgeDensity_500m": 0.0, "gHM": 0.38234999775886536, "DistWater_m": 1792.7692953397625, "LST_C": 30.68564516129038, "NightLights": 1.636875033378601, "BuiltUp_Pct": 0.0, "SEGMENT_ID": 2136347661.0, "hard_filter_pass": true}}, {"type": "Feature", "geometry": {"type": "Polygon", "coordinates": [[[77.95136299379186, 16.456848888868084], [77.95136640998838, 16.45707458797795], [77.95160030064356, 16.45707129127121], [77.95159688417726, 16.456845592209042], [77.95136299379186, 16.456848888868084]]]}, "properties": {"name": "grid_00031", "display_name": "SFV-T0032", "role": "candidate_grid_cell", "area_ha": 0.0625, "named_subarea": null, "gee_matched": true, "NDVI_raw": 0.2930268619263001, "TreeCover_Pct": 30.741626794258373, "Elev_m": 359.1975632808996, "ElevStd_m": 2.0857501067790998, "TRI_m": 0.2734245116443348, "Slope_deg": 0.05246032401919365, "NatCoverPct_2km": 10.250510052530435, "EdgeDensity_2km": 1.374132420681618, "NatCoverPct_500m": 0.0, "EdgeDensity_500m": 0.0, "gHM": 0.38234999775886536, "DistWater_m": 1866.3588286842912, "LST_C": 30.68564516129038, "NightLights": 1.636875033378601, "BuiltUp_Pct": 0.0, "SEGMENT_ID": -1060108935.0, "hard_filter_pass": true}}, {"type": "Feature", "geometry": {"type": "Polygon", "coordinates": [[[77.95136640998838, 16.45707458797795], [77.95136982623835, 16.457300287082273], [77.95160371716331, 16.457296990327826], [77.95160030064356, 16.45707129127121], [77.95136640998838, 16.45707458797795]]]}, "properties": {"name": "grid_00032", "display_name": "SFV-T0033", "role": "candidate_grid_cell", "area_ha": 0.0625, "named_subarea": null, "gee_matched": true, "NDVI_raw": 0.32096682283919675, "TreeCover_Pct": 64.21965317919077, "Elev_m": 360.5191756584741, "ElevStd_m": 2.1336047827045186, "TRI_m": 0.2844313884526572, "Slope_deg": 0.05246032401919365, "NatCoverPct_2km": 10.358657647188744, "EdgeDensity_2km": 1.3769292532095865, "NatCoverPct_500m": 0.0, "EdgeDensity_500m": 0.0, "gHM": 0.38234999775886536, "DistWater_m": 1940.6336462014538, "LST_C": 30.68564516129038, "NightLights": 1.636875033378601, "BuiltUp_Pct": 0.0, "SEGMENT_ID": -1829375445.0, "hard_filter_pass": true}}, {"type": "Feature", "geometry": {"type": "Polygon", "coordinates": [[[77.95136982623835, 16.457300287082273], [77.95137324254179, 16.457525986181047], [77.95160713373653, 16.457522689378905], [77.95160371716331, 16.457296990327826], [77.95136982623835, 16.457300287082273]]]}, "properties": {"name": "grid_00033", "display_name": "SFV-T0034", "role": "candidate_grid_cell", "area_ha": 0.0625, "named_subarea": null, "gee_matched": true, "NDVI_raw": 0.2380168580200279, "TreeCover_Pct": 0.0, "Elev_m": 361.01955251301484, "ElevStd_m": 2.152047119374922, "TRI_m": 0.30051083408090506, "Slope_deg": 0.05246032401919365, "NatCoverPct_2km": 10.460430283060234, "EdgeDensity_2km": 1.3754019616278714, "NatCoverPct_500m": 0.0, "EdgeDensity_500m": 0.0, "gHM": 0.38234999775886536, "DistWater_m": 2015.2311632134042, "LST_C": 30.68564516129038, "NightLights": 1.636875033378601, "BuiltUp_Pct": 0.0, "SEGMENT_ID": -1060108935.0, "hard_filter_pass": true}}, {"type": "Feature", "geometry": {"type": "Polygon", "coordinates": [[[77.95137324254179, 16.457525986181047], [77.9513766588987, 16.457751685274285], [77.95161055036321, 16.457748388424438], [77.95160713373653, 16.457522689378905], [77.95137324254179, 16.457525986181047]]]}, "properties": {"name": "grid_00034", "display_name": "SFV-T0035", "role": "candidate_grid_cell", "area_ha": 0.0625, "named_subarea": null, "gee_matched": true, "NDVI_raw": 0.25544000430668934, "TreeCover_Pct": 17.761989342806395, "Elev_m": 362.11664248388007, "ElevStd_m": 2.144998005481955, "TRI_m": 0.31453272133061566, "Slope_deg": 0.05246032401919365, "NatCoverPct_2km": 10.5596613793348, "EdgeDensity_2km": 1.3746196786155975, "NatCoverPct_500m": 0.0, "EdgeDensity_500m": 0.0, "gHM": 0.38234999775886536, "DistWater_m": 2068.3289735229555, "LST_C": 30.68564516129038, "NightLights": 1.636875033378601, "BuiltUp_Pct": 0.0, "SEGMENT_ID": -1060108935.0, "hard_filter_pass": true}}, {"type": "Feature", "geometry": {"type": "Polygon", "coordinates": [[[77.9513766588987, 16.457751685274285], [77.95138007530905, 16.45797738436198], [77.95161396704336, 16.45797408746442], [77.95161055036321, 16.457748388424438], [77.9513766588987, 16.457751685274285]]]}, "properties": {"name": "grid_00035", "display_name": "SFV-T0036", "role": "candidate_grid_cell", "area_ha": 0.0625, "named_subarea": null, "gee_matched": true, "NDVI_raw": 0.321319221254928, "TreeCover_Pct": 69.72255729794934, "Elev_m": 362.9427271199887, "ElevStd_m": 2.1585501472474418, "TRI_m": 0.3345181715577741, "Slope_deg": 0.05246032401919365, "NatCoverPct_2km": 10.656394985300231, "EdgeDensity_2km": 1.3750339947189396, "NatCoverPct_500m": 0.0, "EdgeDensity_500m": 0.0, "gHM": 0.38234999775886536, "DistWater_m": 2055.509440664732, "LST_C": 30.68564516129038, "NightLights": 1.636875033378601, "BuiltUp_Pct": 0.0, "SEGMENT_ID": -1987163335.0, "hard_filter_pass": true}}, {"type": "Feature", "geometry": {"type": "Polygon", "coordinates": [[[77.95138007530905, 16.45797738436198], [77.95138349177286, 16.458203083444126], [77.95161738377695, 16.458199786498867], [77.95161396704336, 16.45797408746442], [77.95138007530905, 16.45797738436198]]]}, "properties": {"name": "grid_00036", "display_name": "SFV-T0037", "role": "candidate_grid_cell", "area_ha": 0.0625, "named_subarea": null, "gee_matched": true, "NDVI_raw": 0.25746149899106435, "TreeCover_Pct": 13.32138590203106, "Elev_m": 360.9765178721437, "ElevStd_m": 2.2555920162607377, "TRI_m": 0.3574238524079009, "Slope_deg": 0.05246032401919365, "NatCoverPct_2km": 10.747923577155591, "EdgeDensity_2km": 1.377007994275095, "NatCoverPct_500m": 0.0, "EdgeDensity_500m": 0.0, "gHM": 0.3930921849740164, "DistWater_m": 2030.4948611179414, "LST_C": 30.68564516129038, "NightLights": 1.636875033378601, "BuiltUp_Pct": 0.0, "SEGMENT_ID": -2022071661.0, "hard_filter_pass": true}}, {"type": "Feature", "geometry": {"type": "Polygon", "coordinates": [[[77.95138349177286, 16.458203083444126], [77.95138690829013, 16.45842878252073], [77.95162080056403, 16.458425485527766], [77.95161738377695, 16.458199786498867], [77.95138349177286, 16.458203083444126]]]}, "properties": {"name": "grid_00037", "display_name": "SFV-T0038", "role": "candidate_grid_cell", "area_ha": 0.0625, "named_subarea": null, "gee_matched": true, "NDVI_raw": 0.3510440540874875, "TreeCover_Pct": 87.92999396499697, "Elev_m": 360.8354016282721, "ElevStd_m": 2.4651791318290317, "TRI_m": 0.369468798458064, "Slope_deg": 0.05246032401919365, "NatCoverPct_2km": 10.834279939501446, "EdgeDensity_2km": 1.379850693052401, "NatCoverPct_500m": 0.0, "EdgeDensity_500m": 0.0, "gHM": 0.3966672122478485, "DistWater_m": 2006.975798672166, "LST_C": 30.36710835750582, "NightLights": 1.636875033378601, "BuiltUp_Pct": 0.0, "SEGMENT_ID": -2022071661.0, "hard_filter_pass": true}}, {"type": "Feature", "geometry": {"type": "Polygon", "coordinates": [[[77.95138690829013, 16.45842878252073], [77.95139032486087, 16.458654481591786], [77.95162421740454, 16.45865118455112], [77.95162080056403, 16.458425485527766], [77.95138690829013, 16.45842878252073]]]}, "properties": {"name": "grid_00038", "display_name": "SFV-T0039", "role": "candidate_grid_cell", "area_ha": 0.0625, "named_subarea": null, "gee_matched": true, "NDVI_raw": 0.3046185931489008, "TreeCover_Pct": 64.15094339622641, "Elev_m": 360.7175165363295, "ElevStd_m": 2.7029951741145934, "TRI_m": 0.35819019002391667, "Slope_deg": 0.05246032401919365, "NatCoverPct_2km": 10.915864677945022, "EdgeDensity_2km": 1.383567756176815, "NatCoverPct_500m": 0.0, "EdgeDensity_500m": 0.0, "gHM": 0.3966672122478485, "DistWater_m": 1986.7008901312033, "LST_C": 30.103709677419374, "NightLights": 1.636875033378601, "BuiltUp_Pct": 0.0, "SEGMENT_ID": -2022071661.0, "hard_filter_pass": true}}, {"type": "Feature", "geometry": {"type": "Polygon", "coordinates": [[[77.95139032486087, 16.458654481591786], [77.95139374148505, 16.45888018065731], [77.95162763429855, 16.458876883568934], [77.95162421740454, 16.45865118455112], [77.95139032486087, 16.458654481591786]]]}, "properties": {"name": "grid_00039", "display_name": "SFV-T0040", "role": "candidate_grid_cell", "area_ha": 0.0625, "named_subarea": null, "gee_matched": true, "NDVI_raw": 0.30027905417509615, "TreeCover_Pct": 51.38721351025331, "Elev_m": 360.0383188503067, "ElevStd_m": 2.903513798941199, "TRI_m": 0.3478007283282915, "Slope_deg": 0.05246032401919365, "NatCoverPct_2km": 10.990903972753296, "EdgeDensity_2km": 1.3899620421811987, "NatCoverPct_500m": 0.0, "EdgeDensity_500m": 0.0, "gHM": 0.3966672122478485, "DistWater_m": 1968.538917468319, "LST_C": 30.103709677419374, "NightLights": 1.636875033378601, "BuiltUp_Pct": 0.0, "SEGMENT_ID": -2022071661.0, "hard_filter_pass": true}}, {"type": "Feature", "geometry": {"type": "Polygon", "coordinates": [[[77.95139374148505, 16.45888018065731], [77.9513971581627, 16.459105879717278], [77.951631051246, 16.459102582581195], [77.95162763429855, 16.458876883568934], [77.95139374148505, 16.45888018065731]]]}, "properties": {"name": "grid_00040", "display_name": "SFV-T0041", "role": "candidate_grid_cell", "area_ha": 0.0625, "named_subarea": null, "gee_matched": true, "NDVI_raw": 0.2784271846250536, "TreeCover_Pct": 23.476702508960575, "Elev_m": 359.2404601759096, "ElevStd_m": 2.9830835297245195, "TRI_m": 0.32749400168140963, "Slope_deg": 0.05246032401919365, "NatCoverPct_2km": 11.059429307070994, "EdgeDensity_2km": 1.3944222401169275, "NatCoverPct_500m": 0.0, "EdgeDensity_500m": 0.0, "gHM": 0.3966672122478485, "DistWater_m": 1953.716807768609, "LST_C": 30.103709677419374, "NightLights": 1.636875033378601, "BuiltUp_Pct": 0.0, "SEGMENT_ID": -1648593359.0, "hard_filter_pass": true}}, {"type": "Feature", "geometry": {"type": "Polygon", "coordinates": [[[77.9513971581627, 16.459105879717278], [77.95140057489382, 16.459331578771707], [77.95163446824694, 16.459328281587922], [77.951631051246, 16.459102582581195], [77.9513971581627, 16.459105879717278]]]}, "properties": {"name": "grid_00041", "display_name": "SFV-T0042", "role": "candidate_grid_cell", "area_ha": 0.0625, "named_subarea": null, "gee_matched": true, "NDVI_raw": 0.24188923711802604, "TreeCover_Pct": 35.74442435201929, "Elev_m": 358.3013481521836, "ElevStd_m": 2.8604068662796593, "TRI_m": 0.30009103265668363, "Slope_deg": 0.05246032401919365, "NatCoverPct_2km": 11.120766611171884, "EdgeDensity_2km": 1.3975003853191406, "NatCoverPct_500m": 0.0, "EdgeDensity_500m": 0.0, "gHM": 0.3966672122478485, "DistWater_m": 1941.1526670137898, "LST_C": 30.103709677419374, "NightLights": 1.636875033378601, "BuiltUp_Pct": 0.0, "SEGMENT_ID": -1648593359.0, "hard_filter_pass": true}}, {"type": "Feature", "geometry": {"type": "Polygon", "coordinates": [[[77.95140057489382, 16.459331578771707], [77.95140399167839, 16.459557277820583], [77.95163788530131, 16.4595539805891], [77.95163446824694, 16.459328281587922], [77.95140057489382, 16.459331578771707]]]}, "properties": {"name": "grid_00042", "display_name": "SFV-T0043", "role": "candidate_grid_cell", "area_ha": 0.0625, "named_subarea": null, "gee_matched": true, "NDVI_raw": 0.17961550029362375, "TreeCover_Pct": 0.0, "Elev_m": 355.7594116606569, "ElevStd_m": 2.7333375403398112, "TRI_m": 0.26782364306987994, "Slope_deg": 0.05246032401919365, "NatCoverPct_2km": 11.17698386675554, "EdgeDensity_2km": 1.3996314668947705, "NatCoverPct_500m": 0.0, "EdgeDensity_500m": 0.0, "gHM": 0.3966672122478485, "DistWater_m": 1932.4111466008158, "LST_C": 30.103709677419374, "NightLights": 1.636875033378601, "BuiltUp_Pct": 0.0, "SEGMENT_ID": -1825272994.0, "hard_filter_pass": true}}, {"type": "Feature", "geometry": {"type": "Polygon", "coordinates": [[[77.95140399167839, 16.459557277820583], [77.95140740851643, 16.45978297686393], [77.95164130240916, 16.45977967958473], [77.95163788530131, 16.4595539805891], [77.95140399167839, 16.459557277820583]]]}, "properties": {"name": "grid_00043", "display_name": "SFV-T0044", "role": "candidate_grid_cell", "area_ha": 0.0625, "named_subarea": null, "gee_matched": true, "NDVI_raw": 0.20161042982888192, "TreeCover_Pct": 0.0, "Elev_m": 354.00304907795345, "ElevStd_m": 2.685241507349293, "TRI_m": 0.25415799960476404, "Slope_deg": 0.05246032401919365, "NatCoverPct_2km": 11.230049977169415, "EdgeDensity_2km": 1.4000976925549813, "NatCoverPct_500m": 0.0, "EdgeDensity_500m": 0.0, "gHM": 0.3966672122478485, "DistWater_m": 1924.7741096065654, "LST_C": 30.103709677419374, "NightLights": 1.636875033378601, "BuiltUp_Pct": 0.0, "SEGMENT_ID": -1825272994.0, "hard_filter_pass": true}}, {"type": "Feature", "geometry": {"type": "Polygon", "coordinates": [[[77.95140740851643, 16.45978297686393], [77.9514108254079, 16.460008675901722], [77.95164471957048, 16.460005378574824], [77.95164130240916, 16.45977967958473], [77.95140740851643, 16.45978297686393]]]}, "properties": {"name": "grid_00044", "display_name": "SFV-T0045", "role": "candidate_grid_cell", "area_ha": 0.0625, "named_subarea": null, "gee_matched": true, "NDVI_raw": 0.26769836185630813, "TreeCover_Pct": 39.951573849878926, "Elev_m": 353.4585440684172, "ElevStd_m": 2.606360451652578, "TRI_m": 0.2501225998440929, "Slope_deg": 0.05246032401919365, "NatCoverPct_2km": 11.27814419963092, "EdgeDensity_2km": 1.4004376946055286, "NatCoverPct_500m": 0.0, "EdgeDensity_500m": 0.0, "gHM": 0.3966672122478485, "DistWater_m": 1922.1872544162986, "LST_C": 30.103709677419374, "NightLights": 1.636875033378601, "BuiltUp_Pct": 0.0, "SEGMENT_ID": -1825272994.0, "hard_filter_pass": true}}, {"type": "Feature", "geometry": {"type": "Polygon", "coordinates": [[[77.9514108254079, 16.460008675901722], [77.95141424235287, 16.46023437493397], [77.95164813678527, 16.460231077559367], [77.95164471957048, 16.460005378574824], [77.9514108254079, 16.460008675901722]]]}, "properties": {"name": "grid_00045", "display_name": "SFV-T0046", "role": "candidate_grid_cell", "area_ha": 0.0625, "named_subarea": null, "gee_matched": true, "NDVI_raw": 0.3335395904875822, "TreeCover_Pct": 81.8668252080856, "Elev_m": 352.6674702901761, "ElevStd_m": 2.4387842077307074, "TRI_m": 0.24262636254430164, "Slope_deg": 0.05246032401919365, "NatCoverPct_2km": 11.324600759996644, "EdgeDensity_2km": 1.4018270544288172, "NatCoverPct_500m": 0.0, "EdgeDensity_500m": 0.0, "gHM": 0.3966672122478485, "DistWater_m": 1920.7312722948864, "LST_C": 30.103709677419374, "NightLights": 1.636875033378601, "BuiltUp_Pct": 0.0, "SEGMENT_ID": -1133072731.0, "hard_filter_pass": true}}, {"type": "Feature", "geometry": {"type": "Polygon", "coordinates": [[[77.95141424235287, 16.46023437493397], [77.95141765935128, 16.46046007396068], [77.9516515540535, 16.460456776538365], [77.95164813678527, 16.460231077559367], [77.95141424235287, 16.46023437493397]]]}, "properties": {"name": "grid_00046", "display_name": "SFV-T0047", "role": "candidate_grid_cell", "area_ha": 0.0625, "named_subarea": null, "gee_matched": true, "NDVI_raw": 0.2858239837516281, "TreeCover_Pct": 13.803496081977096, "Elev_m": 352.22154900825046, "ElevStd_m": 2.2297616619180975, "TRI_m": 0.23343037974554645, "Slope_deg": 0.05246032401919365, "NatCoverPct_2km": 11.367499057621666, "EdgeDensity_2km": 1.4025278402564516, "NatCoverPct_500m": 0.0, "EdgeDensity_500m": 0.0, "gHM": 0.3966672122478485, "DistWater_m": 1920.0361663652805, "LST_C": 30.103709677419374, "NightLights": 1.636875033378601, "BuiltUp_Pct": 0.0, "SEGMENT_ID": -1825272994.0, "hard_filter_pass": true}}, {"type": "Feature", "geometry": {"type": "Polygon", "coordinates": [[[77.9516515540535, 16.460456776538365], [77.95141765935128, 16.46046007396068], [77.9514210497285, 16.460684011112217], [77.9515239, 16.4606726], [77.95165418768269, 16.460630716401603], [77.9516515540535, 16.460456776538365]]]}, "properties": {"name": "grid_00047", "display_name": "SFV-T0048", "role": "candidate_grid_cell", "area_ha": 0.05676, "named_subarea": null, "gee_matched": true, "NDVI_raw": 0.3214002583828012, "TreeCover_Pct": 72.90409121395037, "Elev_m": 351.8759097144718, "ElevStd_m": 2.0166145952573866, "TRI_m": 0.2237533300287633, "Slope_deg": 0.05246032401919365, "NatCoverPct_2km": 11.403553621374511, "EdgeDensity_2km": 1.4036864390742956, "NatCoverPct_500m": 0.0, "EdgeDensity_500m": 0.0, "gHM": 0.3966672122478485, "DistWater_m": 1920.9054325955735, "LST_C": 30.103709677419374, "NightLights": 1.5787500143051147, "BuiltUp_Pct": 0.0, "SEGMENT_ID": 428609684.0, "hard_filter_pass": true}}, {"type": "Feature", "geometry": {"type": "Polygon", "coordinates": [[[77.95157638650218, 16.455491397719662], [77.95181027521562, 16.455488101086488], [77.95180723716656, 16.455287395119328], [77.95157338464509, 16.455293067056413], [77.95157638650218, 16.455491397719662]]]}, "properties": {"name": "grid_00048", "display_name": "SFV-T0049", "role": "candidate_grid_cell", "area_ha": 0.05525, "named_subarea": null, "gee_matched": true, "NDVI_raw": 0.25804534264595436, "TreeCover_Pct": 5.938566552901023, "Elev_m": 358.664811378453, "ElevStd_m": 2.1595830135341902, "TRI_m": 0.21821408157910555, "Slope_deg": 0.05246032401919365, "NatCoverPct_2km": 9.424890804438744, "EdgeDensity_2km": 1.2700393350965058, "NatCoverPct_500m": 0.12331392388290888, "EdgeDensity_500m": 0.33841209385592014, "gHM": 0.3723676291952361, "DistWater_m": 1386.5496483306085, "LST_C": 30.89688000000001, "NightLights": 1.4674999713897705, "BuiltUp_Pct": 0.0, "SEGMENT_ID": -1111774134.0, "hard_filter_pass": true}}, {"type": "Feature", "geometry": {"type": "Polygon", "coordinates": [[[77.95157638650218, 16.455491397719662], [77.95157980264771, 16.455717096815086], [77.95181369163089, 16.455713800134205], [77.95181027521562, 16.455488101086488], [77.95157638650218, 16.455491397719662]]]}, "properties": {"name": "grid_00049", "display_name": "SFV-T0050", "role": "candidate_grid_cell", "area_ha": 0.0625, "named_subarea": null, "gee_matched": true, "NDVI_raw": 0.23564308280137627, "TreeCover_Pct": 1.207000603500302, "Elev_m": 358.7606639136877, "ElevStd_m": 2.1154438451148354, "TRI_m": 0.21437489611495766, "Slope_deg": 0.05246032401919365, "NatCoverPct_2km": 9.584890677547179, "EdgeDensity_2km": 1.2949063665630611, "NatCoverPct_500m": 0.0630106315328799, "EdgeDensity_500m": 0.1745244583285983, "gHM": 0.38234999775886536, "DistWater_m": 1451.9853700207764, "LST_C": 30.89688000000001, "NightLights": 1.4674999713897705, "BuiltUp_Pct": 0.0, "SEGMENT_ID": -1111774134.0, "hard_filter_pass": true}}, {"type": "Feature", "geometry": {"type": "Polygon", "coordinates": [[[77.95157980264771, 16.455717096815086], [77.95158321884671, 16.455942795904964], [77.95181710809963, 16.45593949917638], [77.95181369163089, 16.455713800134205], [77.95157980264771, 16.455717096815086]]]}, "properties": {"name": "grid_00050", "display_name": "SFV-T0051", "role": "candidate_grid_cell", "area_ha": 0.0625, "named_subarea": null, "gee_matched": true, "NDVI_raw": 0.2120347567489228, "TreeCover_Pct": 8.343125734430082, "Elev_m": 359.78900146484375, "ElevStd_m": 2.031175373521828, "TRI_m": 0.21297145653442554, "Slope_deg": 0.05246032401919365, "NatCoverPct_2km": 9.749048185732317, "EdgeDensity_2km": 1.3172429885481851, "NatCoverPct_500m": 0.0, "EdgeDensity_500m": 0.004448951425671322, "gHM": 0.38234999775886536, "DistWater_m": 1524.198852275552, "LST_C": 30.89688000000001, "NightLights": 1.4674999713897705, "BuiltUp_Pct": 0.0, "SEGMENT_ID": -1111774134.0, "hard_filter_pass": true}}, {"type": "Feature", "geometry": {"type": "Polygon", "coordinates": [[[77.95158321884671, 16.455942795904964], [77.95158663509916, 16.456168494989296], [77.95182052462182, 16.456165198213007], [77.95181710809963, 16.45593949917638], [77.95158321884671, 16.455942795904964]]]}, "properties": {"name": "grid_00051", "display_name": "SFV-T0052", "role": "candidate_grid_cell", "area_ha": 0.0625, "named_subarea": null, "gee_matched": true, "NDVI_raw": 0.2082405065408381, "TreeCover_Pct": 0.0, "Elev_m": 360.50755901947565, "ElevStd_m": 1.925985847590741, "TRI_m": 0.21522025171915427, "Slope_deg": 0.05246032401919365, "NatCoverPct_2km": 9.906288092313865, "EdgeDensity_2km": 1.3281154066525915, "NatCoverPct_500m": 0.0, "EdgeDensity_500m": 0.0, "gHM": 0.38234999775886536, "DistWater_m": 1596.851214999289, "LST_C": 30.89688000000001, "NightLights": 1.4674999713897705, "BuiltUp_Pct": 0.0, "SEGMENT_ID": -1111774134.0, "hard_filter_pass": true}}, {"type": "Feature", "geometry": {"type": "Polygon", "coordinates": [[[77.95158663509916, 16.456168494989296], [77.95159005140506, 16.45639419406809], [77.95182394119749, 16.45639089724409], [77.95182052462182, 16.456165198213007], [77.95158663509916, 16.456168494989296]]]}, "properties": {"name": "grid_00052", "display_name": "SFV-T0053", "role": "candidate_grid_cell", "area_ha": 0.0625, "named_subarea": null, "gee_matched": true, "NDVI_raw": 0.21105179733237237, "TreeCover_Pct": 0.0, "Elev_m": 360.5785304849271, "ElevStd_m": 1.865359314697378, "TRI_m": 0.22269945623249288, "Slope_deg": 0.05246032401919365, "NatCoverPct_2km": 10.05811359824799, "EdgeDensity_2km": 1.339565120312723, "NatCoverPct_500m": 0.0, "EdgeDensity_500m": 0.0, "gHM": 0.38234999775886536, "DistWater_m": 1669.397051320929, "LST_C": 30.89688000000001, "NightLights": 1.5861139965637117, "BuiltUp_Pct": 0.0, "SEGMENT_ID": -1111774134.0, "hard_filter_pass": true}}, {"type": "Feature", "geometry": {"type": "Polygon", "coordinates": [[[77.95159005140506, 16.45639419406809], [77.95159346776443, 16.45661989314134], [77.95182735782662, 16.456616596269637], [77.95182394119749, 16.45639089724409], [77.95159005140506, 16.45639419406809]]]}, "properties": {"name": "grid_00053", "display_name": "SFV-T0054", "role": "candidate_grid_cell", "area_ha": 0.0625, "named_subarea": null, "gee_matched": true, "NDVI_raw": 0.2201318059085222, "TreeCover_Pct": 0.0, "Elev_m": 360.32911068839434, "ElevStd_m": 1.8879287214672218, "TRI_m": 0.24001436222131012, "Slope_deg": 0.05246032401919365, "NatCoverPct_2km": 10.201203965825297, "EdgeDensity_2km": 1.3511805336538831, "NatCoverPct_500m": 0.0, "EdgeDensity_500m": 0.0, "gHM": 0.38234999775886536, "DistWater_m": 1741.3625041876721, "LST_C": 30.862690967741955, "NightLights": 1.636875033378601, "BuiltUp_Pct": 0.0, "SEGMENT_ID": -1111774134.0, "hard_filter_pass": true}}, {"type": "Feature", "geometry": {"type": "Polygon", "coordinates": [[[77.95159346776443, 16.45661989314134], [77.95159688417726, 16.456845592209042], [77.95183077450922, 16.456842295289633], [77.95182735782662, 16.456616596269637], [77.95159346776443, 16.45661989314134]]]}, "properties": {"name": "grid_00054", "display_name": "SFV-T0055", "role": "candidate_grid_cell", "area_ha": 0.0625, "named_subarea": null, "gee_matched": true, "NDVI_raw": 0.2237567509007497, "TreeCover_Pct": 0.0, "Elev_m": 359.93609164780065, "ElevStd_m": 1.8725119388190212, "TRI_m": 0.26356704898878114, "Slope_deg": 0.05246032401919365, "NatCoverPct_2km": 10.328411696979664, "EdgeDensity_2km": 1.3694222814024697, "NatCoverPct_500m": 0.0, "EdgeDensity_500m": 0.0, "gHM": 0.38234999775886536, "DistWater_m": 1813.120241549669, "LST_C": 30.80609613019895, "NightLights": 1.636875033378601, "BuiltUp_Pct": 0.0, "SEGMENT_ID": -1111774134.0, "hard_filter_pass": true}}, {"type": "Feature", "geometry": {"type": "Polygon", "coordinates": [[[77.95159688417726, 16.456845592209042], [77.95160030064356, 16.45707129127121], [77.95183419124528, 16.457067994304087], [77.95183077450922, 16.456842295289633], [77.95159688417726, 16.456845592209042]]]}, "properties": {"name": "grid_00055", "display_name": "SFV-T0056", "role": "candidate_grid_cell", "area_ha": 0.0625, "named_subarea": null, "gee_matched": true, "NDVI_raw": 0.22427731180459332, "TreeCover_Pct": 0.0, "Elev_m": 359.643644309682, "ElevStd_m": 1.8997313115296284, "TRI_m": 0.2810880429165388, "Slope_deg": 0.05246032401919365, "NatCoverPct_2km": 10.440916557208247, "EdgeDensity_2km": 1.3769196706162852, "NatCoverPct_500m": 0.0, "EdgeDensity_500m": 0.0, "gHM": 0.38234999775886536, "DistWater_m": 1885.5657663405646, "LST_C": 30.71828120084771, "NightLights": 1.636875033378601, "BuiltUp_Pct": 0.0, "SEGMENT_ID": -1060108935.0, "hard_filter_pass": true}}, {"type": "Feature", "geometry": {"type": "Polygon", "coordinates": [[[77.95160030064356, 16.45707129127121], [77.95160371716331, 16.457296990327826], [77.95183760803481, 16.457293693313], [77.95183419124528, 16.457067994304087], [77.95160030064356, 16.45707129127121]]]}, "properties": {"name": "grid_00056", "display_name": "SFV-T0057", "role": "candidate_grid_cell", "area_ha": 0.0625, "named_subarea": null, "gee_matched": true, "NDVI_raw": 0.281692929429947, "TreeCover_Pct": 21.41119221411192, "Elev_m": 360.3734436035156, "ElevStd_m": 1.9266177388791044, "TRI_m": 0.29268398183072225, "Slope_deg": 0.05246032401919365, "NatCoverPct_2km": 10.547900050403873, "EdgeDensity_2km": 1.3790741191772173, "NatCoverPct_500m": 0.0, "EdgeDensity_500m": 0.0, "gHM": 0.38234999775886536, "DistWater_m": 1958.1633199097312, "LST_C": 30.68564516129038, "NightLights": 1.636875033378601, "BuiltUp_Pct": 0.0, "SEGMENT_ID": -1060108935.0, "hard_filter_pass": true}}, {"type": "Feature", "geometry": {"type": "Polygon", "coordinates": [[[77.95160371716331, 16.457296990327826], [77.95160713373653, 16.457522689378905], [77.95184102487781, 16.457519392316367], [77.95183760803481, 16.457293693313], [77.95160371716331, 16.457296990327826]]]}, "properties": {"name": "grid_00057", "display_name": "SFV-T0058", "role": "candidate_grid_cell", "area_ha": 0.0625, "named_subarea": null, "gee_matched": true, "NDVI_raw": 0.2461008164847429, "TreeCover_Pct": 3.3775633293124248, "Elev_m": 361.1569146316215, "ElevStd_m": 1.9432349684270436, "TRI_m": 0.30741404659847466, "Slope_deg": 0.05246032401919365, "NatCoverPct_2km": 10.65031889047082, "EdgeDensity_2km": 1.381863005339749, "NatCoverPct_500m": 0.0, "EdgeDensity_500m": 0.0, "gHM": 0.38234999775886536, "DistWater_m": 2020.0828650570772, "LST_C": 30.68564516129038, "NightLights": 1.636875033378601, "BuiltUp_Pct": 0.0, "SEGMENT_ID": -1060108935.0, "hard_filter_pass": true}}, {"type": "Feature", "geometry": {"type": "Polygon", "coordinates": [[[77.95160713373653, 16.457522689378905], [77.95161055036321, 16.457748388424438], [77.95184444177426, 16.45774509131419], [77.95184102487781, 16.457519392316367], [77.95160713373653, 16.457522689378905]]]}, "properties": {"name": "grid_00058", "display_name": "SFV-T0059", "role": "candidate_grid_cell", "area_ha": 0.0625, "named_subarea": null, "gee_matched": true, "NDVI_raw": 0.2820683405875876, "TreeCover_Pct": 45.449137418203456, "Elev_m": 362.379921517721, "ElevStd_m": 1.9504031539810336, "TRI_m": 0.3240632551928513, "Slope_deg": 0.05246032401919365, "NatCoverPct_2km": 10.745060286826986, "EdgeDensity_2km": 1.3848047595150137, "NatCoverPct_500m": 0.0, "EdgeDensity_500m": 0.0, "gHM": 0.38234999775886536, "DistWater_m": 2014.0848596483313, "LST_C": 30.68564516129038, "NightLights": 1.636875033378601, "BuiltUp_Pct": 0.0, "SEGMENT_ID": -1060108935.0, "hard_filter_pass": true}}, {"type": "Feature", "geometry": {"type": "Polygon", "coordinates": [[[77.95161055036321, 16.457748388424438], [77.95161396704336, 16.45797408746442], [77.9518478587242, 16.45797079030647], [77.95184444177426, 16.45774509131419], [77.95161055036321, 16.457748388424438]]]}, "properties": {"name": "grid_00059", "display_name": "SFV-T0060", "role": "candidate_grid_cell", "area_ha": 0.0625, "named_subarea": null, "gee_matched": true, "NDVI_raw": 0.27201217804626326, "TreeCover_Pct": 33.76168224299065, "Elev_m": 363.07209039848544, "ElevStd_m": 1.991380808770799, "TRI_m": 0.3444536235028671, "Slope_deg": 0.05246032401919365, "NatCoverPct_2km": 10.837608521687228, "EdgeDensity_2km": 1.3865669169104038, "NatCoverPct_500m": 0.0, "EdgeDensity_500m": 0.0, "gHM": 0.38234999775886536, "DistWater_m": 1985.063205777097, "LST_C": 30.68564516129038, "NightLights": 1.636875033378601, "BuiltUp_Pct": 0.0, "SEGMENT_ID": -1987163335.0, "hard_filter_pass": true}}, {"type": "Feature", "geometry": {"type": "Polygon", "coordinates": [[[77.95161396704336, 16.45797408746442], [77.95161738377695, 16.458199786498867], [77.95185127572758, 16.458196489293204], [77.9518478587242, 16.45797079030647], [77.95161396704336, 16.45797408746442]]]}, "properties": {"name": "grid_00060", "display_name": "SFV-T0061", "role": "candidate_grid_cell", "area_ha": 0.0625, "named_subarea": null, "gee_matched": true, "NDVI_raw": 0.23868554285364954, "TreeCover_Pct": 0.11976047904191617, "Elev_m": 360.79610464130326, "ElevStd_m": 2.1556854729638983, "TRI_m": 0.36758063527882506, "Slope_deg": 0.05246032401919365, "NatCoverPct_2km": 10.925780569481203, "EdgeDensity_2km": 1.3883768459176005, "NatCoverPct_500m": 0.0, "EdgeDensity_500m": 0.0, "gHM": 0.3929293047525213, "DistWater_m": 1957.8029539260717, "LST_C": 30.68564516129038, "NightLights": 1.636875033378601, "BuiltUp_Pct": 0.0, "SEGMENT_ID": -2022071661.0, "hard_filter_pass": true}}, {"type": "Feature", "geometry": {"type": "Polygon", "coordinates": [[[77.95161738377695, 16.458199786498867], [77.95162080056403, 16.458425485527766], [77.95185469278444, 16.458422188274394], [77.95185127572758, 16.458196489293204], [77.95161738377695, 16.458199786498867]]]}, "properties": {"name": "grid_00061", "display_name": "SFV-T0062", "role": "candidate_grid_cell", "area_ha": 0.0625, "named_subarea": null, "gee_matched": true, "NDVI_raw": 0.29966579778974756, "TreeCover_Pct": 41.78743961352657, "Elev_m": 360.7128218498783, "ElevStd_m": 2.4445841456267257, "TRI_m": 0.3812252138300067, "Slope_deg": 0.05246032401919365, "NatCoverPct_2km": 11.007430280433432, "EdgeDensity_2km": 1.3918638938610228, "NatCoverPct_500m": 0.0, "EdgeDensity_500m": 0.0, "gHM": 0.3966672122478485, "DistWater_m": 1933.63939239988, "LST_C": 30.364807542465357, "NightLights": 1.636875033378601, "BuiltUp_Pct": 0.0, "SEGMENT_ID": -2022071661.0, "hard_filter_pass": true}}, {"type": "Feature", "geometry": {"type": "Polygon", "coordinates": [[[77.95162080056403, 16.458425485527766], [77.95162421740454, 16.45865118455112], [77.95185810989477, 16.458647887250045], [77.95185469278444, 16.458422188274394], [77.95162080056403, 16.458425485527766]]]}, "properties": {"name": "grid_00062", "display_name": "SFV-T0063", "role": "candidate_grid_cell", "area_ha": 0.0625, "named_subarea": null, "gee_matched": true, "NDVI_raw": 0.281058523508503, "TreeCover_Pct": 22.540250447227194, "Elev_m": 360.48913688864394, "ElevStd_m": 2.7495977003461416, "TRI_m": 0.37661134999423695, "Slope_deg": 0.05246032401919365, "NatCoverPct_2km": 11.081988327195354, "EdgeDensity_2km": 1.400703677153009, "NatCoverPct_500m": 0.0, "EdgeDensity_500m": 0.0, "gHM": 0.3966672122478485, "DistWater_m": 1912.544322997214, "LST_C": 30.103709677419374, "NightLights": 1.636875033378601, "BuiltUp_Pct": 0.0, "SEGMENT_ID": -2022071661.0, "hard_filter_pass": true}}, {"type": "Feature", "geometry": {"type": "Polygon", "coordinates": [[[77.95162421740454, 16.45865118455112], [77.95162763429855, 16.458876883568934], [77.95186152705857, 16.458873586220147], [77.95185810989477, 16.458647887250045], [77.95162421740454, 16.45865118455112]]]}, "properties": {"name": "grid_00063", "display_name": "SFV-T0064", "role": "candidate_grid_cell", "area_ha": 0.0625, "named_subarea": null, "gee_matched": true, "NDVI_raw": 0.2929955517426043, "TreeCover_Pct": 36.007237635705664, "Elev_m": 359.5914338483453, "ElevStd_m": 3.018261357480758, "TRI_m": 0.3696089775596735, "Slope_deg": 0.05246032401919365, "NatCoverPct_2km": 11.146752272508197, "EdgeDensity_2km": 1.4046013999495153, "NatCoverPct_500m": 0.0, "EdgeDensity_500m": 0.0, "gHM": 0.3966672122478485, "DistWater_m": 1893.8840299069107, "LST_C": 30.103709677419374, "NightLights": 1.636875033378601, "BuiltUp_Pct": 0.0, "SEGMENT_ID": -2022071661.0, "hard_filter_pass": true}}, {"type": "Feature", "geometry": {"type": "Polygon", "coordinates": [[[77.95162763429855, 16.458876883568934], [77.951631051246, 16.459102582581195], [77.95186494427584, 16.459099285184703], [77.95186152705857, 16.458873586220147], [77.95162763429855, 16.458876883568934]]]}, "properties": {"name": "grid_00064", "display_name": "SFV-T0065", "role": "candidate_grid_cell", "area_ha": 0.0625, "named_subarea": null, "gee_matched": true, "NDVI_raw": 0.2882847385684939, "TreeCover_Pct": 19.343065693430653, "Elev_m": 358.78265262056146, "ElevStd_m": 3.169956542342916, "TRI_m": 0.34874395565494476, "Slope_deg": 0.05246032401919365, "NatCoverPct_2km": 11.206751065734196, "EdgeDensity_2km": 1.4046011735447417, "NatCoverPct_500m": 0.0, "EdgeDensity_500m": 0.0, "gHM": 0.3966672122478485, "DistWater_m": 1878.4179030039265, "LST_C": 30.103709677419374, "NightLights": 1.636875033378601, "BuiltUp_Pct": 0.0, "SEGMENT_ID": 1901866486.0, "hard_filter_pass": true}}, {"type": "Feature", "geometry": {"type": "Polygon", "coordinates": [[[77.951631051246, 16.459102582581195], [77.95163446824694, 16.459328281587922], [77.95186836154657, 16.459324984143716], [77.95186494427584, 16.459099285184703], [77.951631051246, 16.459102582581195]]]}, "properties": {"name": "grid_00065", "display_name": "SFV-T0066", "role": "candidate_grid_cell", "area_ha": 0.0625, "named_subarea": null, "gee_matched": true, "NDVI_raw": 0.31481438074002716, "TreeCover_Pct": 86.43761301989149, "Elev_m": 358.06223919335577, "ElevStd_m": 3.080378213004623, "TRI_m": 0.31768128826375686, "Slope_deg": 0.05246032401919365, "NatCoverPct_2km": 11.262747802956701, "EdgeDensity_2km": 1.4043694797480224, "NatCoverPct_500m": 0.0, "EdgeDensity_500m": 0.0, "gHM": 0.3966672122478485, "DistWater_m": 1865.2639013566913, "LST_C": 30.103709677419374, "NightLights": 1.636875033378601, "BuiltUp_Pct": 0.0, "SEGMENT_ID": -1648593359.0, "hard_filter_pass": true}}, {"type": "Feature", "geometry": {"type": "Polygon", "coordinates": [[[77.95163446824694, 16.459328281587922], [77.95163788530131, 16.4595539805891], [77.95187177887077, 16.459550683097184], [77.95186836154657, 16.459324984143716], [77.95163446824694, 16.459328281587922]]]}, "properties": {"name": "grid_00066", "display_name": "SFV-T0067", "role": "candidate_grid_cell", "area_ha": 0.0625, "named_subarea": null, "gee_matched": true, "NDVI_raw": 0.2931000499814962, "TreeCover_Pct": 53.63961813842481, "Elev_m": 355.4210477478464, "ElevStd_m": 2.8548842035887874, "TRI_m": 0.2843366160005429, "Slope_deg": 0.05246032401919365, "NatCoverPct_2km": 11.314625040127586, "EdgeDensity_2km": 1.404118127548494, "NatCoverPct_500m": 0.0, "EdgeDensity_500m": 0.0, "gHM": 0.3966672122478485, "DistWater_m": 1855.5889437361595, "LST_C": 30.103709677419374, "NightLights": 1.636875033378601, "BuiltUp_Pct": 0.0, "SEGMENT_ID": -1648593359.0, "hard_filter_pass": true}}, {"type": "Feature", "geometry": {"type": "Polygon", "coordinates": [[[77.95163788530131, 16.4595539805891], [77.95164130240916, 16.45977967958473], [77.95187519624844, 16.45977638204511], [77.95187177887077, 16.459550683097184], [77.95163788530131, 16.4595539805891]]]}, "properties": {"name": "grid_00067", "display_name": "SFV-T0068", "role": "candidate_grid_cell", "area_ha": 0.0625, "named_subarea": null, "gee_matched": true, "NDVI_raw": 0.22622730679131928, "TreeCover_Pct": 1.9036287923854849, "Elev_m": 353.84346350511584, "ElevStd_m": 2.723092942586495, "TRI_m": 0.2628250358909211, "Slope_deg": 0.05246032401919365, "NatCoverPct_2km": 11.364121610310205, "EdgeDensity_2km": 1.4054361407508364, "NatCoverPct_500m": 0.0, "EdgeDensity_500m": 0.0, "gHM": 0.3966672122478485, "DistWater_m": 1849.0026925849959, "LST_C": 30.103709677419374, "NightLights": 1.636875033378601, "BuiltUp_Pct": 0.0, "SEGMENT_ID": -1825272994.0, "hard_filter_pass": true}}, {"type": "Feature", "geometry": {"type": "Polygon", "coordinates": [[[77.95164130240916, 16.45977967958473], [77.95164471957048, 16.460005378574824], [77.95187861367957, 16.460002080987493], [77.95187519624844, 16.45977638204511], [77.95164130240916, 16.45977967958473]]]}, "properties": {"name": "grid_00068", "display_name": "SFV-T0069", "role": "candidate_grid_cell", "area_ha": 0.0625, "named_subarea": null, "gee_matched": true, "NDVI_raw": 0.24451780750732394, "TreeCover_Pct": 17.313616759088106, "Elev_m": 353.32737447065256, "ElevStd_m": 2.612313928572966, "TRI_m": 0.25316260604120266, "Slope_deg": 0.05246032401919365, "NatCoverPct_2km": 11.41121680556926, "EdgeDensity_2km": 1.4078357405905577, "NatCoverPct_500m": 0.0, "EdgeDensity_500m": 0.0, "gHM": 0.3966672122478485, "DistWater_m": 1844.4179492081155, "LST_C": 30.103709677419374, "NightLights": 1.636875033378601, "BuiltUp_Pct": 0.0, "SEGMENT_ID": -1825272994.0, "hard_filter_pass": true}}, {"type": "Feature", "geometry": {"type": "Polygon", "coordinates": [[[77.95164471957048, 16.460005378574824], [77.95164813678527, 16.460231077559367], [77.95188203116419, 16.460227779924328], [77.95187861367957, 16.460002080987493], [77.95164471957048, 16.460005378574824]]]}, "properties": {"name": "grid_00069", "display_name": "SFV-T0070", "role": "candidate_grid_cell", "area_ha": 0.0625, "named_subarea": null, "gee_matched": true, "NDVI_raw": 0.28746747720022753, "TreeCover_Pct": 35.28715216104204, "Elev_m": 352.66046859894794, "ElevStd_m": 2.423946269503705, "TRI_m": 0.24688066437796885, "Slope_deg": 0.05246032401919365, "NatCoverPct_2km": 11.453815231007743, "EdgeDensity_2km": 1.4119101836947139, "NatCoverPct_500m": 0.0, "EdgeDensity_500m": 0.0, "gHM": 0.3966672122478485, "DistWater_m": 1843.1438721136765, "LST_C": 30.103709677419374, "NightLights": 1.636875033378601, "BuiltUp_Pct": 0.0, "SEGMENT_ID": -1825272994.0, "hard_filter_pass": true}}, {"type": "Feature", "geometry": {"type": "Polygon", "coordinates": [[[77.95164813678527, 16.460231077559367], [77.9516515540535, 16.460456776538365], [77.95188544870227, 16.460453478855623], [77.95188203116419, 16.460227779924328], [77.95164813678527, 16.460231077559367]]]}, "properties": {"name": "grid_00070", "display_name": "SFV-T0071", "role": "candidate_grid_cell", "area_ha": 0.0625, "named_subarea": null, "gee_matched": true, "NDVI_raw": 0.2580084754964884, "TreeCover_Pct": 8.941176470588236, "Elev_m": 352.25983317655675, "ElevStd_m": 2.1968361502303426, "TRI_m": 0.23771837400470114, "Slope_deg": 0.05246032401919365, "NatCoverPct_2km": 11.492282354220059, "EdgeDensity_2km": 1.4141154028059488, "NatCoverPct_500m": 0.0, "EdgeDensity_500m": 0.0, "gHM": 0.3966672122478485, "DistWater_m": 1840.9058823529413, "LST_C": 30.103709677419374, "NightLights": 1.636875033378601, "BuiltUp_Pct": 0.0, "SEGMENT_ID": -1825272994.0, "hard_filter_pass": true}}, {"type": "Feature", "geometry": {"type": "Polygon", "coordinates": [[[77.95188544870227, 16.460453478855623], [77.9516515540535, 16.460456776538365], [77.95165418768269, 16.460630716401603], [77.9516953, 16.460617499999998], [77.95188741637728, 16.460583425224378], [77.95188544870227, 16.460453478855623]]]}, "properties": {"name": "grid_00071", "display_name": "SFV-T0072", "role": "candidate_grid_cell", "area_ha": 0.0414, "named_subarea": null, "gee_matched": true, "NDVI_raw": 0.29977660432023356, "TreeCover_Pct": 33.20790216368768, "Elev_m": 352.0382638753638, "ElevStd_m": 2.0127730925283105, "TRI_m": 0.2272692750509132, "Slope_deg": 0.05246032401919365, "NatCoverPct_2km": 11.517863141298294, "EdgeDensity_2km": 1.4138378755049494, "NatCoverPct_500m": 0.0, "EdgeDensity_500m": 0.0, "gHM": 0.3966672122478485, "DistWater_m": 1842.6152398871118, "LST_C": 30.103709677419374, "NightLights": 1.5787500143051147, "BuiltUp_Pct": 0.0, "SEGMENT_ID": -1825272994.0, "hard_filter_pass": true}}, {"type": "Feature", "geometry": {"type": "Polygon", "coordinates": [[[77.95181027521562, 16.455488101086488], [77.95204416387557, 16.455484804192967], [77.95204108962889, 16.455281722922894], [77.95180723716656, 16.455287395119328], [77.95181027521562, 16.455488101086488]]]}, "properties": {"name": "grid_00072", "display_name": "SFV-T0073", "role": "candidate_grid_cell", "area_ha": 0.05591, "named_subarea": null, "gee_matched": true, "NDVI_raw": 0.2759806806523319, "TreeCover_Pct": 15.461847389558237, "Elev_m": 359.56303150427226, "ElevStd_m": 2.0691977383736835, "TRI_m": 0.2176590223269272, "Slope_deg": 0.05246032401919365, "NatCoverPct_2km": 9.620944522390985, "EdgeDensity_2km": 1.2774763132437625, "NatCoverPct_500m": 0.1233148183790339, "EdgeDensity_500m": 0.3206185277854881, "gHM": 0.37119741133417955, "DistWater_m": 1414.6588198216782, "LST_C": 30.89688000000001, "NightLights": 1.4674999713897705, "BuiltUp_Pct": 0.0, "SEGMENT_ID": -471511329.0, "hard_filter_pass": true}}, {"type": "Feature", "geometry": {"type": "Polygon", "coordinates": [[[77.95181027521562, 16.455488101086488], [77.95181369163089, 16.455713800134205], [77.95204758056059, 16.455710503192975], [77.95204416387557, 16.455484804192967], [77.95181027521562, 16.455488101086488]]]}, "properties": {"name": "grid_00073", "display_name": "SFV-T0074", "role": "candidate_grid_cell", "area_ha": 0.0625, "named_subarea": null, "gee_matched": true, "NDVI_raw": 0.2677947479689622, "TreeCover_Pct": 36.03164942178941, "Elev_m": 359.49512515587554, "ElevStd_m": 2.0085258312860788, "TRI_m": 0.21293276382203843, "Slope_deg": 0.05246032401919365, "NatCoverPct_2km": 9.784361294455717, "EdgeDensity_2km": 1.2986105713460327, "NatCoverPct_500m": 0.04376462850842405, "EdgeDensity_500m": 0.1441089424918273, "gHM": 0.38234999775886536, "DistWater_m": 1479.8273046982163, "LST_C": 30.89688000000001, "NightLights": 1.4674999713897705, "BuiltUp_Pct": 0.0, "SEGMENT_ID": -1111774134.0, "hard_filter_pass": true}}, {"type": "Feature", "geometry": {"type": "Polygon", "coordinates": [[[77.95181369163089, 16.455713800134205], [77.95181710809963, 16.45593949917638], [77.95205099729908, 16.45593620218743], [77.95204758056059, 16.455710503192975], [77.95181369163089, 16.455713800134205]]]}, "properties": {"name": "grid_00074", "display_name": "SFV-T0075", "role": "candidate_grid_cell", "area_ha": 0.0625, "named_subarea": null, "gee_matched": true, "NDVI_raw": 0.24596669699264234, "TreeCover_Pct": 34.8009650180941, "Elev_m": 360.10537220916933, "ElevStd_m": 1.9133257142898479, "TRI_m": 0.21097182677314597, "Slope_deg": 0.05246032401919365, "NatCoverPct_2km": 9.951770506996409, "EdgeDensity_2km": 1.3187866841414386, "NatCoverPct_500m": 0.0, "EdgeDensity_500m": 0.0, "gHM": 0.38234999775886536, "DistWater_m": 1551.0131531933646, "LST_C": 30.89688000000001, "NightLights": 1.4674999713897705, "BuiltUp_Pct": 0.0, "SEGMENT_ID": -1111774134.0, "hard_filter_pass": true}}, {"type": "Feature", "geometry": {"type": "Polygon", "coordinates": [[[77.95181710809963, 16.45593949917638], [77.95182052462182, 16.456165198213007], [77.95205441409104, 16.45616190117635], [77.95205099729908, 16.45593620218743], [77.95181710809963, 16.45593949917638]]]}, "properties": {"name": "grid_00075", "display_name": "SFV-T0076", "role": "candidate_grid_cell", "area_ha": 0.0625, "named_subarea": null, "gee_matched": true, "NDVI_raw": 0.1463576832758567, "TreeCover_Pct": 0.0, "Elev_m": 360.88025958233834, "ElevStd_m": 1.8009371658734912, "TRI_m": 0.21308645438850699, "Slope_deg": 0.05246032401919365, "NatCoverPct_2km": 10.108796445248212, "EdgeDensity_2km": 1.3314748292122986, "NatCoverPct_500m": 0.0, "EdgeDensity_500m": 0.0, "gHM": 0.38234999775886536, "DistWater_m": 1619.9710502318242, "LST_C": 30.89688000000001, "NightLights": 1.4674999713897705, "BuiltUp_Pct": 0.0, "SEGMENT_ID": 1664052502.0, "hard_filter_pass": true}}, {"type": "Feature", "geometry": {"type": "Polygon", "coordinates": [[[77.95182052462182, 16.456165198213007], [77.95182394119749, 16.45639089724409], [77.95205783093645, 16.456387600159722], [77.95205441409104, 16.45616190117635], [77.95182052462182, 16.456165198213007]]]}, "properties": {"name": "grid_00076", "display_name": "SFV-T0077", "role": "candidate_grid_cell", "area_ha": 0.0625, "named_subarea": null, "gee_matched": true, "NDVI_raw": 0.15331642644959956, "TreeCover_Pct": 0.0, "Elev_m": 361.2905910364861, "ElevStd_m": 1.7087541553788024, "TRI_m": 0.21840707534150278, "Slope_deg": 0.05246032401919365, "NatCoverPct_2km": 10.258727592071331, "EdgeDensity_2km": 1.3453606542463004, "NatCoverPct_500m": 0.0, "EdgeDensity_500m": 0.0, "gHM": 0.38234999775886536, "DistWater_m": 1692.9179111246112, "LST_C": 30.89688000000001, "NightLights": 1.5801527011053107, "BuiltUp_Pct": 0.0, "SEGMENT_ID": 1664052502.0, "hard_filter_pass": true}}, {"type": "Feature", "geometry": {"type": "Polygon", "coordinates": [[[77.95182394119749, 16.45639089724409], [77.95182735782662, 16.456616596269637], [77.95206124783535, 16.456613299137555], [77.95205783093645, 16.456387600159722], [77.95182394119749, 16.45639089724409]]]}, "properties": {"name": "grid_00077", "display_name": "SFV-T0078", "role": "candidate_grid_cell", "area_ha": 0.0625, "named_subarea": null, "gee_matched": true, "NDVI_raw": 0.20619377576078016, "TreeCover_Pct": 0.0, "Elev_m": 361.1839299541931, "ElevStd_m": 1.6831212913195346, "TRI_m": 0.23385316161814393, "Slope_deg": 0.05246032401919365, "NatCoverPct_2km": 10.399053569691183, "EdgeDensity_2km": 1.3679937396383057, "NatCoverPct_500m": 0.0, "EdgeDensity_500m": 0.0, "gHM": 0.38234999775886536, "DistWater_m": 1763.7114473926792, "LST_C": 30.89688000000001, "NightLights": 1.636875033378601, "BuiltUp_Pct": 0.0, "SEGMENT_ID": -1111774134.0, "hard_filter_pass": true}}, {"type": "Feature", "geometry": {"type": "Polygon", "coordinates": [[[77.95182735782662, 16.456616596269637], [77.95183077450922, 16.456842295289633], [77.9520646647877, 16.456838998109838], [77.95206124783535, 16.456613299137555], [77.95182735782662, 16.456616596269637]]]}, "properties": {"name": "grid_00078", "display_name": "SFV-T0079", "role": "candidate_grid_cell", "area_ha": 0.0625, "named_subarea": null, "gee_matched": true, "NDVI_raw": 0.2221997493453193, "TreeCover_Pct": 0.0, "Elev_m": 360.8879742538719, "ElevStd_m": 1.653131443841394, "TRI_m": 0.26580630012472345, "Slope_deg": 0.05246032401919365, "NatCoverPct_2km": 10.51429950109446, "EdgeDensity_2km": 1.3853633507320722, "NatCoverPct_500m": 0.0, "EdgeDensity_500m": 0.0, "gHM": 0.38234999775886536, "DistWater_m": 1836.2919493348936, "LST_C": 30.89688000000001, "NightLights": 1.636875033378601, "BuiltUp_Pct": 0.0, "SEGMENT_ID": -1060108935.0, "hard_filter_pass": true}}, {"type": "Feature", "geometry": {"type": "Polygon", "coordinates": [[[77.95183077450922, 16.456842295289633], [77.95183419124528, 16.457067994304087], [77.95206808179353, 16.457064697076586], [77.9520646647877, 16.456838998109838], [77.95183077450922, 16.456842295289633]]]}, "properties": {"name": "grid_00079", "display_name": "SFV-T0080", "role": "candidate_grid_cell", "area_ha": 0.0625, "named_subarea": null, "gee_matched": true, "NDVI_raw": 0.20380054120697197, "TreeCover_Pct": 0.0, "Elev_m": 360.74953636966546, "ElevStd_m": 1.672808600996026, "TRI_m": 0.28802457363927975, "Slope_deg": 0.05246032401919365, "NatCoverPct_2km": 10.62100009971188, "EdgeDensity_2km": 1.3887162816700909, "NatCoverPct_500m": 0.0, "EdgeDensity_500m": 0.0, "gHM": 0.38234999775886536, "DistWater_m": 1908.4336842481616, "LST_C": 30.889943930669247, "NightLights": 1.636875033378601, "BuiltUp_Pct": 0.0, "SEGMENT_ID": -1060108935.0, "hard_filter_pass": true}}, {"type": "Feature", "geometry": {"type": "Polygon", "coordinates": [[[77.95183419124528, 16.457067994304087], [77.95183760803481, 16.457293693313], [77.95207149885283, 16.45729039603779], [77.95206808179353, 16.457064697076586], [77.95183419124528, 16.457067994304087]]]}, "properties": {"name": "grid_00080", "display_name": "SFV-T0081", "role": "candidate_grid_cell", "area_ha": 0.0625, "named_subarea": null, "gee_matched": true, "NDVI_raw": 0.23443436795178313, "TreeCover_Pct": 1.3872135102533174, "Elev_m": 360.07781883028076, "ElevStd_m": 1.679789359705223, "TRI_m": 0.30052325800659685, "Slope_deg": 0.05246032401919365, "NatCoverPct_2km": 10.722419677461913, "EdgeDensity_2km": 1.3904392176162488, "NatCoverPct_500m": 0.0, "EdgeDensity_500m": 0.0, "gHM": 0.38234999775886536, "DistWater_m": 1972.5025726908668, "LST_C": 30.86133445114598, "NightLights": 1.636875033378601, "BuiltUp_Pct": 0.0, "SEGMENT_ID": -1060108935.0, "hard_filter_pass": true}}, {"type": "Feature", "geometry": {"type": "Polygon", "coordinates": [[[77.95183760803481, 16.457293693313], [77.95184102487781, 16.457519392316367], [77.95207491596561, 16.45751609499344], [77.95207149885283, 16.45729039603779], [77.95183760803481, 16.457293693313]]]}, "properties": {"name": "grid_00081", "display_name": "SFV-T0082", "role": "candidate_grid_cell", "area_ha": 0.0625, "named_subarea": null, "gee_matched": true, "NDVI_raw": 0.2260537669107906, "TreeCover_Pct": 0.425531914893617, "Elev_m": 361.359357023384, "ElevStd_m": 1.6980372732315279, "TRI_m": 0.31586355260043864, "Slope_deg": 0.05246032401919365, "NatCoverPct_2km": 10.820115776302346, "EdgeDensity_2km": 1.3928411552046331, "NatCoverPct_500m": 0.0, "EdgeDensity_500m": 0.0, "gHM": 0.38234999775886536, "DistWater_m": 1972.4142772682058, "LST_C": 30.7668004306305, "NightLights": 1.636875033378601, "BuiltUp_Pct": 0.0, "SEGMENT_ID": -1060108935.0, "hard_filter_pass": true}}, {"type": "Feature", "geometry": {"type": "Polygon", "coordinates": [[[77.95184102487781, 16.457519392316367], [77.95184444177426, 16.45774509131419], [77.95207833313184, 16.45774179394355], [77.95207491596561, 16.45751609499344], [77.95184102487781, 16.457519392316367]]]}, "properties": {"name": "grid_00082", "display_name": "SFV-T0083", "role": "candidate_grid_cell", "area_ha": 0.0625, "named_subarea": null, "gee_matched": true, "NDVI_raw": 0.27795030705390433, "TreeCover_Pct": 42.239805234327456, "Elev_m": 363.0052738015563, "ElevStd_m": 1.7332928118407558, "TRI_m": 0.3325708963263457, "Slope_deg": 0.05246032401919365, "NatCoverPct_2km": 10.913917960385042, "EdgeDensity_2km": 1.3947225845211817, "NatCoverPct_500m": 0.0, "EdgeDensity_500m": 0.0, "gHM": 0.38234999775886536, "DistWater_m": 1940.1217817495783, "LST_C": 30.71624399976445, "NightLights": 1.636875033378601, "BuiltUp_Pct": 0.0, "SEGMENT_ID": -1987163335.0, "hard_filter_pass": true}}, {"type": "Feature", "geometry": {"type": "Polygon", "coordinates": [[[77.95184444177426, 16.45774509131419], [77.9518478587242, 16.45797079030647], [77.95208175035155, 16.457967492888123], [77.95207833313184, 16.45774179394355], [77.95184444177426, 16.45774509131419]]]}, "properties": {"name": "grid_00083", "display_name": "SFV-T0084", "role": "candidate_grid_cell", "area_ha": 0.0625, "named_subarea": null, "gee_matched": true, "NDVI_raw": 0.28152781576994096, "TreeCover_Pct": 21.419975932611315, "Elev_m": 363.49957727094863, "ElevStd_m": 1.8344033138184248, "TRI_m": 0.3512514308127993, "Slope_deg": 0.05246032401919365, "NatCoverPct_2km": 11.00146127191002, "EdgeDensity_2km": 1.395123308034877, "NatCoverPct_500m": 0.0, "EdgeDensity_500m": 0.0, "gHM": 0.38234999775886536, "DistWater_m": 1910.0705448107885, "LST_C": 30.68564516129038, "NightLights": 1.636875033378601, "BuiltUp_Pct": 0.0, "SEGMENT_ID": -1987163335.0, "hard_filter_pass": true}}, {"type": "Feature", "geometry": {"type": "Polygon", "coordinates": [[[77.9518478587242, 16.45797079030647], [77.95185127572758, 16.458196489293204], [77.95208516762474, 16.458193191827146], [77.95208175035155, 16.457967492888123], [77.9518478587242, 16.45797079030647]]]}, "properties": {"name": "grid_00084", "display_name": "SFV-T0085", "role": "candidate_grid_cell", "area_ha": 0.0625, "named_subarea": null, "gee_matched": true, "NDVI_raw": 0.2877004560817715, "TreeCover_Pct": 29.812206572769956, "Elev_m": 360.5981392658933, "ElevStd_m": 2.0752320254524443, "TRI_m": 0.3706637417275615, "Slope_deg": 0.05246032401919365, "NatCoverPct_2km": 11.086282332824833, "EdgeDensity_2km": 1.3956871083922524, "NatCoverPct_500m": 0.0, "EdgeDensity_500m": 0.0, "gHM": 0.3924493474160002, "DistWater_m": 1882.9314769989228, "LST_C": 30.68564516129038, "NightLights": 1.636875033378601, "BuiltUp_Pct": 0.0, "SEGMENT_ID": -2022071661.0, "hard_filter_pass": true}}, {"type": "Feature", "geometry": {"type": "Polygon", "coordinates": [[[77.95185127572758, 16.458196489293204], [77.95185469278444, 16.458422188274394], [77.9520885849514, 16.458418890760626], [77.95208516762474, 16.458193191827146], [77.95185127572758, 16.458196489293204]]]}, "properties": {"name": "grid_00085", "display_name": "SFV-T0086", "role": "candidate_grid_cell", "area_ha": 0.0625, "named_subarea": null, "gee_matched": true, "NDVI_raw": 0.2618793683000869, "TreeCover_Pct": 14.846625766871163, "Elev_m": 359.89888730663455, "ElevStd_m": 2.4158352706275164, "TRI_m": 0.3813044423201325, "Slope_deg": 0.05246032401919365, "NatCoverPct_2km": 11.163432557999169, "EdgeDensity_2km": 1.4044165406279598, "NatCoverPct_500m": 0.0, "EdgeDensity_500m": 0.0, "gHM": 0.3966672122478485, "DistWater_m": 1857.5328838377177, "LST_C": 30.391107263012113, "NightLights": 1.636875033378601, "BuiltUp_Pct": 0.0, "SEGMENT_ID": -2022071661.0, "hard_filter_pass": true}}, {"type": "Feature", "geometry": {"type": "Polygon", "coordinates": [[[77.95185469278444, 16.458422188274394], [77.95185810989477, 16.458647887250045], [77.95209200233153, 16.45864458968856], [77.9520885849514, 16.458418890760626], [77.95185469278444, 16.458422188274394]]]}, "properties": {"name": "grid_00086", "display_name": "SFV-T0087", "role": "candidate_grid_cell", "area_ha": 0.0625, "named_subarea": null, "gee_matched": true, "NDVI_raw": 0.27126152063978326, "TreeCover_Pct": 0.0, "Elev_m": 359.4845890554093, "ElevStd_m": 2.762177548198916, "TRI_m": 0.38098610597916704, "Slope_deg": 0.05246032401919365, "NatCoverPct_2km": 11.228187226461346, "EdgeDensity_2km": 1.4089667339799965, "NatCoverPct_500m": 0.0, "EdgeDensity_500m": 0.0, "gHM": 0.3966672122478485, "DistWater_m": 1836.5327925636407, "LST_C": 30.103709677419374, "NightLights": 1.636875033378601, "BuiltUp_Pct": 0.0, "SEGMENT_ID": -2022071661.0, "hard_filter_pass": true}}, {"type": "Feature", "geometry": {"type": "Polygon", "coordinates": [[[77.95185810989477, 16.458647887250045], [77.95186152705857, 16.458873586220147], [77.95209541976512, 16.45887028861095], [77.95209200233153, 16.45864458968856], [77.95185810989477, 16.458647887250045]]]}, "properties": {"name": "grid_00087", "display_name": "SFV-T0088", "role": "candidate_grid_cell", "area_ha": 0.0625, "named_subarea": null, "gee_matched": true, "NDVI_raw": 0.2942352333825084, "TreeCover_Pct": 33.72711163614885, "Elev_m": 358.88328933490493, "ElevStd_m": 3.060650683689746, "TRI_m": 0.3779920235628425, "Slope_deg": 0.05246032401919365, "NatCoverPct_2km": 11.288132087517605, "EdgeDensity_2km": 1.4081707365350937, "NatCoverPct_500m": 0.0, "EdgeDensity_500m": 0.0, "gHM": 0.3966672122478485, "DistWater_m": 1816.0706051193845, "LST_C": 30.103709677419374, "NightLights": 1.636875033378601, "BuiltUp_Pct": 0.0, "SEGMENT_ID": -1144890379.0, "hard_filter_pass": true}}, {"type": "Feature", "geometry": {"type": "Polygon", "coordinates": [[[77.95186152705857, 16.458873586220147], [77.95186494427584, 16.459099285184703], [77.9520988372522, 16.4590959875278], [77.95209541976512, 16.45887028861095], [77.95186152705857, 16.458873586220147]]]}, "properties": {"name": "grid_00088", "display_name": "SFV-T0089", "role": "candidate_grid_cell", "area_ha": 0.0625, "named_subarea": null, "gee_matched": true, "NDVI_raw": 0.3004139038568209, "TreeCover_Pct": 47.09058188362327, "Elev_m": 357.9331665039062, "ElevStd_m": 3.236763606333751, "TRI_m": 0.36143077630094117, "Slope_deg": 0.05246032401919365, "NatCoverPct_2km": 11.343976420658672, "EdgeDensity_2km": 1.4092207737948177, "NatCoverPct_500m": 0.0, "EdgeDensity_500m": 0.0, "gHM": 0.3966672122478485, "DistWater_m": 1800.8712597259082, "LST_C": 30.103709677419374, "NightLights": 1.636875033378601, "BuiltUp_Pct": 0.0, "SEGMENT_ID": -1144890379.0, "hard_filter_pass": true}}, {"type": "Feature", "geometry": {"type": "Polygon", "coordinates": [[[77.95186494427584, 16.459099285184703], [77.95186836154657, 16.459324984143716], [77.95210225479273, 16.459321686439097], [77.9520988372522, 16.4590959875278], [77.95186494427584, 16.459099285184703]]]}, "properties": {"name": "grid_00089", "display_name": "SFV-T0090", "role": "candidate_grid_cell", "area_ha": 0.0625, "named_subarea": null, "gee_matched": true, "NDVI_raw": 0.2517253223190205, "TreeCover_Pct": 6.534772182254197, "Elev_m": 356.6749170609802, "ElevStd_m": 3.2068081809376325, "TRI_m": 0.3322725118312638, "Slope_deg": 0.05246032401919365, "NatCoverPct_2km": 11.395547570388885, "EdgeDensity_2km": 1.4123491307373381, "NatCoverPct_500m": 0.0, "EdgeDensity_500m": 0.0, "gHM": 0.3966672122478485, "DistWater_m": 1787.4558339226135, "LST_C": 30.103709677419374, "NightLights": 1.636875033378601, "BuiltUp_Pct": 0.0, "SEGMENT_ID": 1901866486.0, "hard_filter_pass": true}}, {"type": "Feature", "geometry": {"type": "Polygon", "coordinates": [[[77.95186836154657, 16.459324984143716], [77.95187177887077, 16.459550683097184], [77.95210567238675, 16.45954738534486], [77.95210225479273, 16.459321686439097], [77.95186836154657, 16.459324984143716]]]}, "properties": {"name": "grid_00090", "display_name": "SFV-T0091", "role": "candidate_grid_cell", "area_ha": 0.0625, "named_subarea": null, "gee_matched": true, "NDVI_raw": 0.2815634362603393, "TreeCover_Pct": 47.96352583586626, "Elev_m": 355.54931640625, "ElevStd_m": 2.9854797763838117, "TRI_m": 0.3004249114169186, "Slope_deg": 0.05246032401919365, "NatCoverPct_2km": 11.44392687534586, "EdgeDensity_2km": 1.4155669227762209, "NatCoverPct_500m": 0.0, "EdgeDensity_500m": 0.0, "gHM": 0.3966672122478485, "DistWater_m": 1777.8509705107258, "LST_C": 30.103709677419374, "NightLights": 1.636875033378601, "BuiltUp_Pct": 0.0, "SEGMENT_ID": -1648593359.0, "hard_filter_pass": true}}, {"type": "Feature", "geometry": {"type": "Polygon", "coordinates": [[[77.95187177887077, 16.459550683097184], [77.95187519624844, 16.45977638204511], [77.95210909003424, 16.459773084245064], [77.95210567238675, 16.45954738534486], [77.95187177887077, 16.459550683097184]]]}, "properties": {"name": "grid_00091", "display_name": "SFV-T0092", "role": "candidate_grid_cell", "area_ha": 0.0625, "named_subarea": null, "gee_matched": true, "NDVI_raw": 0.19379397989612807, "TreeCover_Pct": 1.9288728149487646, "Elev_m": 353.9449930127807, "ElevStd_m": 2.745640771992139, "TRI_m": 0.273785149570136, "Slope_deg": 0.05246032401919365, "NatCoverPct_2km": 11.487923471849504, "EdgeDensity_2km": 1.4174816917748796, "NatCoverPct_500m": 0.0, "EdgeDensity_500m": 0.0, "gHM": 0.3966672122478485, "DistWater_m": 1771.0543624974243, "LST_C": 30.103709677419374, "NightLights": 1.636875033378601, "BuiltUp_Pct": 0.0, "SEGMENT_ID": -1825272994.0, "hard_filter_pass": true}}, {"type": "Feature", "geometry": {"type": "Polygon", "coordinates": [[[77.95187519624844, 16.45977638204511], [77.95187861367957, 16.460002080987493], [77.95211250773521, 16.459998783139742], [77.95210909003424, 16.459773084245064], [77.95187519624844, 16.45977638204511]]]}, "properties": {"name": "grid_00092", "display_name": "SFV-T0093", "role": "candidate_grid_cell", "area_ha": 0.0625, "named_subarea": null, "gee_matched": true, "NDVI_raw": 0.2034065580631213, "TreeCover_Pct": 0.0, "Elev_m": 353.67268615576995, "ElevStd_m": 2.560722913121139, "TRI_m": 0.25461988774972383, "Slope_deg": 0.05246032401919365, "NatCoverPct_2km": 11.529665924689718, "EdgeDensity_2km": 1.4178026496081586, "NatCoverPct_500m": 0.0, "EdgeDensity_500m": 0.0, "gHM": 0.3966672122478485, "DistWater_m": 1767.5456355993535, "LST_C": 30.103709677419374, "NightLights": 1.636875033378601, "BuiltUp_Pct": 0.0, "SEGMENT_ID": -1825272994.0, "hard_filter_pass": true}}, {"type": "Feature", "geometry": {"type": "Polygon", "coordinates": [[[77.95187861367957, 16.460002080987493], [77.95188203116419, 16.460227779924328], [77.95211592548965, 16.46022448202886], [77.95211250773521, 16.459998783139742], [77.95187861367957, 16.460002080987493]]]}, "properties": {"name": "grid_00093", "display_name": "SFV-T0094", "role": "candidate_grid_cell", "area_ha": 0.0625, "named_subarea": null, "gee_matched": true, "NDVI_raw": 0.2386393318471961, "TreeCover_Pct": 10.054184226369657, "Elev_m": 353.18693629752295, "ElevStd_m": 2.348588130183534, "TRI_m": 0.24418547076360136, "Slope_deg": 0.05246032401919365, "NatCoverPct_2km": 11.567497018201962, "EdgeDensity_2km": 1.4172204567948936, "NatCoverPct_500m": 0.0, "EdgeDensity_500m": 0.0, "gHM": 0.3966672122478485, "DistWater_m": 1766.2793497892837, "LST_C": 30.103709677419374, "NightLights": 1.636875033378601, "BuiltUp_Pct": 0.0, "SEGMENT_ID": -1825272994.0, "hard_filter_pass": true}}, {"type": "Feature", "geometry": {"type": "Polygon", "coordinates": [[[77.95188203116419, 16.460227779924328], [77.95188544870227, 16.460453478855623], [77.95211934329755, 16.460450180912435], [77.95211592548965, 16.46022448202886], [77.95188203116419, 16.460227779924328]]]}, "properties": {"name": "grid_00094", "display_name": "SFV-T0095", "role": "candidate_grid_cell", "area_ha": 0.0625, "named_subarea": null, "gee_matched": true, "NDVI_raw": 0.22512063049723643, "TreeCover_Pct": 0.0, "Elev_m": 352.83707465711353, "ElevStd_m": 2.1343899376270525, "TRI_m": 0.23345831139911094, "Slope_deg": 0.05246032401919365, "NatCoverPct_2km": 11.603489589127651, "EdgeDensity_2km": 1.4151870828064799, "NatCoverPct_500m": 0.0, "EdgeDensity_500m": 0.0, "gHM": 0.3966672122478485, "DistWater_m": 1765.6936067551267, "LST_C": 30.103709677419374, "NightLights": 1.6368184893496507, "BuiltUp_Pct": 0.0, "SEGMENT_ID": -1825272994.0, "hard_filter_pass": true}}, {"type": "Feature", "geometry": {"type": "Polygon", "coordinates": [[[77.95204416387557, 16.455484804192967], [77.95227805248207, 16.45548150703909], [77.9522749420321, 16.455276050467123], [77.95204108962889, 16.455281722922894], [77.95204416387557, 16.455484804192967]]]}, "properties": {"name": "grid_00095", "display_name": "SFV-T0096", "role": "candidate_grid_cell", "area_ha": 0.05657, "named_subarea": null, "gee_matched": true, "NDVI_raw": 0.21782038945310722, "TreeCover_Pct": 0.0, "Elev_m": 360.4311584309242, "ElevStd_m": 1.90022487524474, "TRI_m": 0.2114573938254388, "Slope_deg": 0.05246032401919365, "NatCoverPct_2km": 9.817352628617783, "EdgeDensity_2km": 1.2841500705564926, "NatCoverPct_500m": 0.12017237118706618, "EdgeDensity_500m": 0.2704241044982189, "gHM": 0.37133113539202944, "DistWater_m": 1449.0266411911127, "LST_C": 30.89688000000001, "NightLights": 1.4985884726446475, "BuiltUp_Pct": 0.0, "SEGMENT_ID": -471511329.0, "hard_filter_pass": true}}, {"type": "Feature", "geometry": {"type": "Polygon", "coordinates": [[[77.95204416387557, 16.455484804192967], [77.95204758056059, 16.455710503192975], [77.95228146943683, 16.455707205991377], [77.95227805248207, 16.45548150703909], [77.95204416387557, 16.455484804192967]]]}, "properties": {"name": "grid_00096", "display_name": "SFV-T0097", "role": "candidate_grid_cell", "area_ha": 0.0625, "named_subarea": null, "gee_matched": true, "NDVI_raw": 0.2533333346470079, "TreeCover_Pct": 3.4029850746268666, "Elev_m": 360.49227644735316, "ElevStd_m": 1.8203583081538661, "TRI_m": 0.20698439789661618, "Slope_deg": 0.05246032401919365, "NatCoverPct_2km": 9.983021786692206, "EdgeDensity_2km": 1.3093550390540833, "NatCoverPct_500m": 0.01436268140139149, "EdgeDensity_500m": 0.09376848228046498, "gHM": 0.38234999775886536, "DistWater_m": 1512.4266778959002, "LST_C": 30.89688000000001, "NightLights": 1.4991514440792713, "BuiltUp_Pct": 0.0, "SEGMENT_ID": -471511329.0, "hard_filter_pass": true}}, {"type": "Feature", "geometry": {"type": "Polygon", "coordinates": [[[77.95204758056059, 16.455710503192975], [77.95205099729908, 16.45593620218743], [77.95228488644507, 16.455932904938127], [77.95228146943683, 16.455707205991377], [77.95204758056059, 16.455710503192975]]]}, "properties": {"name": "grid_00097", "display_name": "SFV-T0098", "role": "candidate_grid_cell", "area_ha": 0.0625, "named_subarea": null, "gee_matched": true, "NDVI_raw": 0.30551535448013406, "TreeCover_Pct": 52.200120554550935, "Elev_m": 360.85632787776893, "ElevStd_m": 1.7157381716507154, "TRI_m": 0.2082608818886459, "Slope_deg": 0.05246032401919365, "NatCoverPct_2km": 10.148078129462451, "EdgeDensity_2km": 1.3302456575892756, "NatCoverPct_500m": 0.0, "EdgeDensity_500m": 0.0, "gHM": 0.38234999775886536, "DistWater_m": 1581.8294597008405, "LST_C": 30.89688000000001, "NightLights": 1.4998692247506868, "BuiltUp_Pct": 0.0, "SEGMENT_ID": -1111774134.0, "hard_filter_pass": true}}, {"type": "Feature", "geometry": {"type": "Polygon", "coordinates": [[[77.95205099729908, 16.45593620218743], [77.95205441409104, 16.45616190117635], [77.95228830350678, 16.456158603879334], [77.95228488644507, 16.455932904938127], [77.95205099729908, 16.45593620218743]]]}, "properties": {"name": "grid_00098", "display_name": "SFV-T0099", "role": "candidate_grid_cell", "area_ha": 0.0625, "named_subarea": null, "gee_matched": true, "NDVI_raw": 0.14672151718535806, "TreeCover_Pct": 0.0, "Elev_m": 361.36718259638434, "ElevStd_m": 1.6080246461802774, "TRI_m": 0.2108679267941366, "Slope_deg": 0.05246032401919365, "NatCoverPct_2km": 10.301500539278052, "EdgeDensity_2km": 1.345280839819197, "NatCoverPct_500m": 0.0, "EdgeDensity_500m": 0.0, "gHM": 0.38234999775886536, "DistWater_m": 1649.3701896757789, "LST_C": 30.89688000000001, "NightLights": 1.500628754632617, "BuiltUp_Pct": 0.0, "SEGMENT_ID": 1664052502.0, "hard_filter_pass": true}}, {"type": "Feature", "geometry": {"type": "Polygon", "coordinates": [[[77.95205441409104, 16.45616190117635], [77.95205783093645, 16.456387600159722], [77.95229172062194, 16.45638430281499], [77.95228830350678, 16.456158603879334], [77.95205441409104, 16.45616190117635]]]}, "properties": {"name": "grid_00099", "display_name": "SFV-T0100", "role": "candidate_grid_cell", "area_ha": 0.0625, "named_subarea": null, "gee_matched": true, "NDVI_raw": 0.1819534806332674, "TreeCover_Pct": 0.0, "Elev_m": 361.9154140242611, "ElevStd_m": 1.5111284567940584, "TRI_m": 0.21435053540318744, "Slope_deg": 0.05246032401919365, "NatCoverPct_2km": 10.447852182231857, "EdgeDensity_2km": 1.3639229156709844, "NatCoverPct_500m": 0.0, "EdgeDensity_500m": 0.0, "gHM": 0.38234999775886536, "DistWater_m": 1720.1077892783783, "LST_C": 30.89688000000001, "NightLights": 1.5445022635431174, "BuiltUp_Pct": 0.0, "SEGMENT_ID": 1664052502.0, "hard_filter_pass": true}}, {"type": "Feature", "geometry": {"type": "Polygon", "coordinates": [[[77.95205783093645, 16.456387600159722], [77.95206124783535, 16.456613299137555], [77.9522951377906, 16.456610001745112], [77.95229172062194, 16.45638430281499], [77.95205783093645, 16.456387600159722]]]}, "properties": {"name": "grid_00100", "display_name": "SFV-T0101", "role": "candidate_grid_cell", "area_ha": 0.0625, "named_subarea": null, "gee_matched": true, "NDVI_raw": 0.20412354729958432, "TreeCover_Pct": 0.0, "Elev_m": 361.77856239432714, "ElevStd_m": 1.4637200387032239, "TRI_m": 0.22784264310785918, "Slope_deg": 0.05246032401919365, "NatCoverPct_2km": 10.573143669097956, "EdgeDensity_2km": 1.3893894731629715, "NatCoverPct_500m": 0.0, "EdgeDensity_500m": 0.0, "gHM": 0.38234999775886536, "DistWater_m": 1788.3613754933133, "LST_C": 30.89688000000001, "NightLights": 1.5665205557666604, "BuiltUp_Pct": 0.0, "SEGMENT_ID": 1664052502.0, "hard_filter_pass": true}}, {"type": "Feature", "geometry": {"type": "Polygon", "coordinates": [[[77.95206124783535, 16.456613299137555], [77.9520646647877, 16.456838998109838], [77.95229855501272, 16.45683570066968], [77.9522951377906, 16.456610001745112], [77.95206124783535, 16.456613299137555]]]}, "properties": {"name": "grid_00101", "display_name": "SFV-T0102", "role": "candidate_grid_cell", "area_ha": 0.0625, "named_subarea": null, "gee_matched": true, "NDVI_raw": 0.17996064061579148, "TreeCover_Pct": 0.0, "Elev_m": 361.2295736227942, "ElevStd_m": 1.4745868477467157, "TRI_m": 0.2621013184030604, "Slope_deg": 0.05246032401919365, "NatCoverPct_2km": 10.680251057671239, "EdgeDensity_2km": 1.396281099199863, "NatCoverPct_500m": 0.0, "EdgeDensity_500m": 0.0, "gHM": 0.38234999775886536, "DistWater_m": 1859.8345515013966, "LST_C": 30.89688000000001, "NightLights": 1.5651241308515251, "BuiltUp_Pct": 0.0, "SEGMENT_ID": -1111774134.0, "hard_filter_pass": true}}, {"type": "Feature", "geometry": {"type": "Polygon", "coordinates": [[[77.9520646647877, 16.456838998109838], [77.95206808179353, 16.457064697076586], [77.95230197228831, 16.457061399588707], [77.95229855501272, 16.45683570066968], [77.9520646647877, 16.456838998109838]]]}, "properties": {"name": "grid_00102", "display_name": "SFV-T0103", "role": "candidate_grid_cell", "area_ha": 0.0625, "named_subarea": null, "gee_matched": true, "NDVI_raw": 0.17312017299432664, "TreeCover_Pct": 0.0, "Elev_m": 360.9532524356448, "ElevStd_m": 1.4833352980012262, "TRI_m": 0.28744885259644615, "Slope_deg": 0.05246032401919365, "NatCoverPct_2km": 10.783159672096762, "EdgeDensity_2km": 1.398070420197736, "NatCoverPct_500m": 0.0, "EdgeDensity_500m": 0.0, "gHM": 0.38234999775886536, "DistWater_m": 1927.9218386168327, "LST_C": 30.89688000000001, "NightLights": 1.5635343254139993, "BuiltUp_Pct": 0.0, "SEGMENT_ID": -1060108935.0, "hard_filter_pass": true}}, {"type": "Feature", "geometry": {"type": "Polygon", "coordinates": [[[77.95206808179353, 16.457064697076586], [77.95207149885283, 16.45729039603779], [77.9523053896174, 16.457287098502192], [77.95230197228831, 16.457061399588707], [77.95206808179353, 16.457064697076586]]]}, "properties": {"name": "grid_00103", "display_name": "SFV-T0104", "role": "candidate_grid_cell", "area_ha": 0.0625, "named_subarea": null, "gee_matched": true, "NDVI_raw": 0.23953381141015037, "TreeCover_Pct": 0.0, "Elev_m": 360.6142341328854, "ElevStd_m": 1.480147783113961, "TRI_m": 0.30687142080796836, "Slope_deg": 0.05246032401919365, "NatCoverPct_2km": 10.882412164110809, "EdgeDensity_2km": 1.3976874200781937, "NatCoverPct_500m": 0.0, "EdgeDensity_500m": 0.0, "gHM": 0.38234999775886536, "DistWater_m": 1938.904291180608, "LST_C": 30.89688000000001, "NightLights": 1.5620195206340843, "BuiltUp_Pct": 0.0, "SEGMENT_ID": -1060108935.0, "hard_filter_pass": true}}, {"type": "Feature", "geometry": {"type": "Polygon", "coordinates": [[[77.95207149885283, 16.45729039603779], [77.95207491596561, 16.45751609499344], [77.95230880699994, 16.457512797410132], [77.9523053896174, 16.457287098502192], [77.95207149885283, 16.45729039603779]]]}, "properties": {"name": "grid_00104", "display_name": "SFV-T0105", "role": "candidate_grid_cell", "area_ha": 0.0625, "named_subarea": null, "gee_matched": true, "NDVI_raw": 0.22643885130449032, "TreeCover_Pct": 0.0, "Elev_m": 361.4050736777881, "ElevStd_m": 1.5111568631265953, "TRI_m": 0.32577317407411954, "Slope_deg": 0.05246032401919365, "NatCoverPct_2km": 10.977367741003686, "EdgeDensity_2km": 1.3964726635941822, "NatCoverPct_500m": 0.0, "EdgeDensity_500m": 0.0, "gHM": 0.38234999775886536, "DistWater_m": 1904.6049658666882, "LST_C": 30.89688000000001, "NightLights": 1.5612250034921689, "BuiltUp_Pct": 0.0, "SEGMENT_ID": 1235057385.0, "hard_filter_pass": true}}, {"type": "Feature", "geometry": {"type": "Polygon", "coordinates": [[[77.95207491596561, 16.45751609499344], [77.95207833313184, 16.45774179394355], [77.95231222443596, 16.45773849631253], [77.95230880699994, 16.457512797410132], [77.95207491596561, 16.45751609499344]]]}, "properties": {"name": "grid_00105", "display_name": "SFV-T0106", "role": "candidate_grid_cell", "area_ha": 0.0625, "named_subarea": null, "gee_matched": true, "NDVI_raw": 0.29194504900190693, "TreeCover_Pct": 50.36057692307693, "Elev_m": 362.66690081816455, "ElevStd_m": 1.6026187799681302, "TRI_m": 0.34086908411421013, "Slope_deg": 0.05246032401919365, "NatCoverPct_2km": 11.068931904343923, "EdgeDensity_2km": 1.3958994886345206, "NatCoverPct_500m": 0.0, "EdgeDensity_500m": 0.0, "gHM": 0.38234999775886536, "DistWater_m": 1870.8554996179655, "LST_C": 30.88621670285361, "NightLights": 1.5595763554939859, "BuiltUp_Pct": 0.0, "SEGMENT_ID": -1987163335.0, "hard_filter_pass": true}}, {"type": "Feature", "geometry": {"type": "Polygon", "coordinates": [[[77.95207833313184, 16.45774179394355], [77.95208175035155, 16.457967492888123], [77.95231564192545, 16.45796419520938], [77.95231222443596, 16.45773849631253], [77.95207833313184, 16.45774179394355]]]}, "properties": {"name": "grid_00106", "display_name": "SFV-T0107", "role": "candidate_grid_cell", "area_ha": 0.0625, "named_subarea": null, "gee_matched": true, "NDVI_raw": 0.2768843221504806, "TreeCover_Pct": 25.684723067559347, "Elev_m": 363.7145134246139, "ElevStd_m": 1.7867127151785973, "TRI_m": 0.3535907839902131, "Slope_deg": 0.05246032401919365, "NatCoverPct_2km": 11.156372937721763, "EdgeDensity_2km": 1.3952473857023635, "NatCoverPct_500m": 0.0, "EdgeDensity_500m": 0.0, "gHM": 0.38234999775886536, "DistWater_m": 1839.7499182307129, "LST_C": 30.822568535134423, "NightLights": 1.5579036395867567, "BuiltUp_Pct": 0.0, "SEGMENT_ID": -1987163335.0, "hard_filter_pass": true}}, {"type": "Feature", "geometry": {"type": "Polygon", "coordinates": [[[77.95208175035155, 16.457967492888123], [77.95208516762474, 16.458193191827146], [77.95231905946842, 16.458189894100695], [77.95231564192545, 16.45796419520938], [77.95208175035155, 16.457967492888123]]]}, "properties": {"name": "grid_00107", "display_name": "SFV-T0108", "role": "candidate_grid_cell", "area_ha": 0.0625, "named_subarea": null, "gee_matched": true, "NDVI_raw": 0.2543563102431509, "TreeCover_Pct": 8.581862446743761, "Elev_m": 362.9759440686161, "ElevStd_m": 2.0778545607238494, "TRI_m": 0.3648597695034501, "Slope_deg": 0.05246032401919365, "NatCoverPct_2km": 11.238847108405954, "EdgeDensity_2km": 1.4042054919329228, "NatCoverPct_500m": 0.0, "EdgeDensity_500m": 0.0, "gHM": 0.392371176494307, "DistWater_m": 1810.6770074455108, "LST_C": 30.76111372508987, "NightLights": 1.5561347716622287, "BuiltUp_Pct": 0.0, "SEGMENT_ID": -1987163335.0, "hard_filter_pass": true}}, {"type": "Feature", "geometry": {"type": "Polygon", "coordinates": [[[77.95208516762474, 16.458193191827146], [77.9520885849514, 16.458418890760626], [77.95232247706488, 16.458415592986455], [77.95231905946842, 16.458189894100695], [77.95208516762474, 16.458193191827146]]]}, "properties": {"name": "grid_00108", "display_name": "SFV-T0109", "role": "candidate_grid_cell", "area_ha": 0.0625, "named_subarea": null, "gee_matched": true, "NDVI_raw": 0.23017661182761126, "TreeCover_Pct": 4.94273658830621, "Elev_m": 360.9206092287217, "ElevStd_m": 2.435202413033017, "TRI_m": 0.37304097857654384, "Slope_deg": 0.05246032401919365, "NatCoverPct_2km": 11.304530936291805, "EdgeDensity_2km": 1.4147455488665532, "NatCoverPct_500m": 0.0, "EdgeDensity_500m": 0.0, "gHM": 0.3966672122478485, "DistWater_m": 1784.7405009709503, "LST_C": 30.40389048902375, "NightLights": 1.5551051418776967, "BuiltUp_Pct": 0.0, "SEGMENT_ID": -2022071661.0, "hard_filter_pass": true}}, {"type": "Feature", "geometry": {"type": "Polygon", "coordinates": [[[77.9520885849514, 16.458418890760626], [77.95209200233153, 16.45864458968856], [77.9523258947148, 16.458641291866673], [77.95232247706488, 16.458415592986455], [77.9520885849514, 16.458418890760626]]]}, "properties": {"name": "grid_00109", "display_name": "SFV-T0110", "role": "candidate_grid_cell", "area_ha": 0.0625, "named_subarea": null, "gee_matched": true, "NDVI_raw": 0.28284466489037474, "TreeCover_Pct": 46.74626865671642, "Elev_m": 359.67274277416624, "ElevStd_m": 2.778275341502979, "TRI_m": 0.3777451022781893, "Slope_deg": 0.05246032401919365, "NatCoverPct_2km": 11.361901319231873, "EdgeDensity_2km": 1.4176244012624097, "NatCoverPct_500m": 0.0, "EdgeDensity_500m": 0.0, "gHM": 0.3966672122478485, "DistWater_m": 1761.6272666241507, "LST_C": 30.103709677419374, "NightLights": 1.5541511527815863, "BuiltUp_Pct": 0.0, "SEGMENT_ID": -2022071661.0, "hard_filter_pass": true}}, {"type": "Feature", "geometry": {"type": "Polygon", "coordinates": [[[77.95209200233153, 16.45864458968856], [77.95209541976512, 16.45887028861095], [77.9523293124182, 16.45886699074135], [77.9523258947148, 16.458641291866673], [77.95209200233153, 16.45864458968856]]]}, "properties": {"name": "grid_00110", "display_name": "SFV-T0111", "role": "candidate_grid_cell", "area_ha": 0.0625, "named_subarea": null, "gee_matched": true, "NDVI_raw": 0.29478021554839245, "TreeCover_Pct": 29.292929292929294, "Elev_m": 358.6709562812756, "ElevStd_m": 3.0624168937018355, "TRI_m": 0.3762795413403383, "Slope_deg": 0.05246032401919365, "NatCoverPct_2km": 11.415447405322093, "EdgeDensity_2km": 1.4186386063629501, "NatCoverPct_500m": 0.0, "EdgeDensity_500m": 0.0, "gHM": 0.3966672122478485, "DistWater_m": 1741.703445180446, "LST_C": 30.103709677419374, "NightLights": 1.5528175467475855, "BuiltUp_Pct": 0.0, "SEGMENT_ID": -1144890379.0, "hard_filter_pass": true}}, {"type": "Feature", "geometry": {"type": "Polygon", "coordinates": [[[77.95209541976512, 16.45887028861095], [77.9520988372522, 16.4590959875278], [77.95233273017509, 16.459092689610475], [77.9523293124182, 16.45886699074135], [77.95209541976512, 16.45887028861095]]]}, "properties": {"name": "grid_00111", "display_name": "SFV-T0112", "role": "candidate_grid_cell", "area_ha": 0.0625, "named_subarea": null, "gee_matched": true, "NDVI_raw": 0.250419053622623, "TreeCover_Pct": 5.606900800985828, "Elev_m": 357.54597722286803, "ElevStd_m": 3.21929872577464, "TRI_m": 0.3625432705436191, "Slope_deg": 0.05246032401919365, "NatCoverPct_2km": 11.466777770320153, "EdgeDensity_2km": 1.4196083634899948, "NatCoverPct_500m": 0.0, "EdgeDensity_500m": 0.0, "gHM": 0.3966672122478485, "DistWater_m": 1723.8498074272472, "LST_C": 30.103709677419374, "NightLights": 1.5504609853194513, "BuiltUp_Pct": 0.0, "SEGMENT_ID": -1144890379.0, "hard_filter_pass": true}}, {"type": "Feature", "geometry": {"type": "Polygon", "coordinates": [[[77.9520988372522, 16.4590959875278], [77.95210225479273, 16.459321686439097], [77.95233614798543, 16.459318388474067], [77.95233273017509, 16.459092689610475], [77.9520988372522, 16.4590959875278]]]}, "properties": {"name": "grid_00112", "display_name": "SFV-T0113", "role": "candidate_grid_cell", "area_ha": 0.0625, "named_subarea": null, "gee_matched": true, "NDVI_raw": 0.18784947212383218, "TreeCover_Pct": 0.704225352112676, "Elev_m": 356.1055783553862, "ElevStd_m": 3.216536841886505, "TRI_m": 0.3449523473395387, "Slope_deg": 0.05246032401919365, "NatCoverPct_2km": 11.514552815196351, "EdgeDensity_2km": 1.4203311910736078, "NatCoverPct_500m": 0.0, "EdgeDensity_500m": 0.0, "gHM": 0.3966672122478485, "DistWater_m": 1710.6436504123535, "LST_C": 30.103709677419374, "NightLights": 1.5500572516884605, "BuiltUp_Pct": 0.0, "SEGMENT_ID": 1901866486.0, "hard_filter_pass": true}}, {"type": "Feature", "geometry": {"type": "Polygon", "coordinates": [[[77.95210225479273, 16.459321686439097], [77.95210567238675, 16.45954738534486], [77.95233956584926, 16.459544087332105], [77.95233614798543, 16.459318388474067], [77.95210225479273, 16.459321686439097]]]}, "properties": {"name": "grid_00113", "display_name": "SFV-T0114", "role": "candidate_grid_cell", "area_ha": 0.0625, "named_subarea": null, "gee_matched": true, "NDVI_raw": 0.19186936807180635, "TreeCover_Pct": 0.0, "Elev_m": 354.99716800433896, "ElevStd_m": 3.0536181938382354, "TRI_m": 0.3111564706643845, "Slope_deg": 0.05246032401919365, "NatCoverPct_2km": 11.55993456946761, "EdgeDensity_2km": 1.421000265991664, "NatCoverPct_500m": 0.0, "EdgeDensity_500m": 0.0, "gHM": 0.3966672122478485, "DistWater_m": 1698.6911001757505, "LST_C": 30.103709677419374, "NightLights": 1.54864617040484, "BuiltUp_Pct": 0.0, "SEGMENT_ID": 1901866486.0, "hard_filter_pass": true}}, {"type": "Feature", "geometry": {"type": "Polygon", "coordinates": [[[77.95210567238675, 16.45954738534486], [77.95210909003424, 16.459773084245064], [77.95234298376657, 16.4597697861846], [77.95233956584926, 16.459544087332105], [77.95210567238675, 16.45954738534486]]]}, "properties": {"name": "grid_00114", "display_name": "SFV-T0115", "role": "candidate_grid_cell", "area_ha": 0.0625, "named_subarea": null, "gee_matched": true, "NDVI_raw": 0.21188627655913195, "TreeCover_Pct": 0.0, "Elev_m": 354.2963409795995, "ElevStd_m": 2.7417621979863687, "TRI_m": 0.2825740703656703, "Slope_deg": 0.05246032401919365, "NatCoverPct_2km": 11.601895655760371, "EdgeDensity_2km": 1.4208810788295045, "NatCoverPct_500m": 0.0, "EdgeDensity_500m": 0.0, "gHM": 0.3966672122478485, "DistWater_m": 1691.8955579143828, "LST_C": 30.103709677419374, "NightLights": 1.5470693931346988, "BuiltUp_Pct": 0.0, "SEGMENT_ID": -1825272994.0, "hard_filter_pass": true}}, {"type": "Feature", "geometry": {"type": "Polygon", "coordinates": [[[77.95210909003424, 16.459773084245064], [77.95211250773521, 16.459998783139742], [77.95234640173736, 16.459995485031552], [77.95234298376657, 16.4597697861846], [77.95210909003424, 16.459773084245064]]]}, "properties": {"name": "grid_00115", "display_name": "SFV-T0116", "role": "candidate_grid_cell", "area_ha": 0.0625, "named_subarea": null, "gee_matched": true, "NDVI_raw": 0.21903293129733614, "TreeCover_Pct": 0.0, "Elev_m": 353.85909285011707, "ElevStd_m": 2.454963953903549, "TRI_m": 0.2570818568851971, "Slope_deg": 0.05246032401919365, "NatCoverPct_2km": 11.6416256523284, "EdgeDensity_2km": 1.4193978995960734, "NatCoverPct_500m": 0.0, "EdgeDensity_500m": 0.0, "gHM": 0.3966672122478485, "DistWater_m": 1686.9876466373585, "LST_C": 30.103709677419374, "NightLights": 1.5452685351836553, "BuiltUp_Pct": 0.0, "SEGMENT_ID": -1825272994.0, "hard_filter_pass": true}}, {"type": "Feature", "geometry": {"type": "Polygon", "coordinates": [[[77.95211250773521, 16.459998783139742], [77.95211592548965, 16.46022448202886], [77.95234981976162, 16.460221183872957], [77.95234640173736, 16.459995485031552], [77.95211250773521, 16.459998783139742]]]}, "properties": {"name": "grid_00116", "display_name": "SFV-T0117", "role": "candidate_grid_cell", "area_ha": 0.0625, "named_subarea": null, "gee_matched": true, "NDVI_raw": 0.21317596968142052, "TreeCover_Pct": 0.0, "Elev_m": 353.29453199361285, "ElevStd_m": 2.22109260455597, "TRI_m": 0.24047840885946117, "Slope_deg": 0.05246032401919365, "NatCoverPct_2km": 11.679151078680725, "EdgeDensity_2km": 1.4163335174410552, "NatCoverPct_500m": 0.0, "EdgeDensity_500m": 0.0, "gHM": 0.3966672122478485, "DistWater_m": 1685.7720144752711, "LST_C": 30.103709677419374, "NightLights": 1.5443690020155127, "BuiltUp_Pct": 0.0, "SEGMENT_ID": -1825272994.0, "hard_filter_pass": true}}, {"type": "Feature", "geometry": {"type": "Polygon", "coordinates": [[[77.95211592548965, 16.46022448202886], [77.95211934329755, 16.460450180912435], [77.95235323783936, 16.46044688270882], [77.95234981976162, 16.460221183872957], [77.95211592548965, 16.46022448202886]]]}, "properties": {"name": "grid_00117", "display_name": "SFV-T0118", "role": "candidate_grid_cell", "area_ha": 0.0625, "named_subarea": null, "gee_matched": true, "NDVI_raw": 0.25877978763094656, "TreeCover_Pct": 0.0, "Elev_m": 352.950998376917, "ElevStd_m": 2.0309650304818336, "TRI_m": 0.2272662115473709, "Slope_deg": 0.05246032401919365, "NatCoverPct_2km": 11.712620978635055, "EdgeDensity_2km": 1.4139131152413598, "NatCoverPct_500m": 0.0, "EdgeDensity_500m": 0.0, "gHM": 0.3966672122478485, "DistWater_m": 1684.5878136200715, "LST_C": 30.103709677419374, "NightLights": 1.5435170584682067, "BuiltUp_Pct": 0.0, "SEGMENT_ID": -1825272994.0, "hard_filter_pass": true}}, {"type": "Feature", "geometry": {"type": "Polygon", "coordinates": [[[77.95227805248207, 16.45548150703909], [77.9525119410351, 16.455478209624857], [77.95250879437616, 16.455270377751997], [77.9522749420321, 16.455276050467123], [77.95227805248207, 16.45548150703909]]]}, "properties": {"name": "grid_00118", "display_name": "SFV-T0119", "role": "candidate_grid_cell", "area_ha": 0.05722, "named_subarea": null, "gee_matched": true, "NDVI_raw": 0.2346838443240018, "TreeCover_Pct": 16.978695932859914, "Elev_m": 361.46238443511317, "ElevStd_m": 1.696173593462845, "TRI_m": 0.20773576386420317, "Slope_deg": 0.05246032401919365, "NatCoverPct_2km": 10.002507809623525, "EdgeDensity_2km": 1.3001150484664297, "NatCoverPct_500m": 0.07742180083785767, "EdgeDensity_500m": 0.19633511018219996, "gHM": 0.3695297885933871, "DistWater_m": 1484.2509337325873, "LST_C": 30.89688000000001, "NightLights": 1.513124942779541, "BuiltUp_Pct": 0.0, "SEGMENT_ID": -471511329.0, "hard_filter_pass": true}}, {"type": "Feature", "geometry": {"type": "Polygon", "coordinates": [[[77.95227805248207, 16.45548150703909], [77.95228146943683, 16.455707205991377], [77.95251535825959, 16.455703908529433], [77.9525119410351, 16.455478209624857], [77.95227805248207, 16.45548150703909]]]}, "properties": {"name": "grid_00119", "display_name": "SFV-T0120", "role": "candidate_grid_cell", "area_ha": 0.0625, "named_subarea": null, "gee_matched": true, "NDVI_raw": 0.2213810825129398, "TreeCover_Pct": 0.0, "Elev_m": 361.30134457808276, "ElevStd_m": 1.5936501399622838, "TRI_m": 0.20303278553383763, "Slope_deg": 0.05246032401919365, "NatCoverPct_2km": 10.166727677374732, "EdgeDensity_2km": 1.3270997637104434, "NatCoverPct_500m": 0.0, "EdgeDensity_500m": 0.02998239743118555, "gHM": 0.38234999775886536, "DistWater_m": 1548.2385872385632, "LST_C": 30.89688000000001, "NightLights": 1.513124942779541, "BuiltUp_Pct": 0.0, "SEGMENT_ID": -471511329.0, "hard_filter_pass": true}}, {"type": "Feature", "geometry": {"type": "Polygon", "coordinates": [[[77.95228146943683, 16.455707205991377], [77.95228488644507, 16.455932904938127], [77.95251877553758, 16.455929607428462], [77.95251535825959, 16.455703908529433], [77.95228146943683, 16.455707205991377]]]}, "properties": {"name": "grid_00120", "display_name": "SFV-T0121", "role": "candidate_grid_cell", "area_ha": 0.0625, "named_subarea": null, "gee_matched": true, "NDVI_raw": 0.2521019906236206, "TreeCover_Pct": 17.700180614087902, "Elev_m": 361.3304713810158, "ElevStd_m": 1.4814268911898743, "TRI_m": 0.20193714116381384, "Slope_deg": 0.05246032401919365, "NatCoverPct_2km": 10.324514121491447, "EdgeDensity_2km": 1.3453259587118602, "NatCoverPct_500m": 0.0, "EdgeDensity_500m": 0.0, "gHM": 0.38234999775886536, "DistWater_m": 1616.7149282844332, "LST_C": 30.89688000000001, "NightLights": 1.513124942779541, "BuiltUp_Pct": 0.0, "SEGMENT_ID": -471511329.0, "hard_filter_pass": true}}, {"type": "Feature", "geometry": {"type": "Polygon", "coordinates": [[[77.95228488644507, 16.455932904938127], [77.95228830350678, 16.456158603879334], [77.95252219286904, 16.456155306321946], [77.95251877553758, 16.455929607428462], [77.95228488644507, 16.455932904938127]]]}, "properties": {"name": "grid_00121", "display_name": "SFV-T0122", "role": "candidate_grid_cell", "area_ha": 0.0625, "named_subarea": null, "gee_matched": true, "NDVI_raw": 0.17640085420560161, "TreeCover_Pct": 0.0, "Elev_m": 361.9313825001864, "ElevStd_m": 1.386057502430523, "TRI_m": 0.20696167529443665, "Slope_deg": 0.05246032401919365, "NatCoverPct_2km": 10.475463830569462, "EdgeDensity_2km": 1.3596042482913917, "NatCoverPct_500m": 0.0, "EdgeDensity_500m": 0.0, "gHM": 0.38234999775886536, "DistWater_m": 1682.9006424572635, "LST_C": 30.89688000000001, "NightLights": 1.513124942779541, "BuiltUp_Pct": 0.0, "SEGMENT_ID": 1664052502.0, "hard_filter_pass": true}}, {"type": "Feature", "geometry": {"type": "Polygon", "coordinates": [[[77.95228830350678, 16.456158603879334], [77.95229172062194, 16.45638430281499], [77.95252561025396, 16.456381005209884], [77.95252219286904, 16.456155306321946], [77.95228830350678, 16.456158603879334]]]}, "properties": {"name": "grid_00122", "display_name": "SFV-T0123", "role": "candidate_grid_cell", "area_ha": 0.0625, "named_subarea": null, "gee_matched": true, "NDVI_raw": 0.2114989360173543, "TreeCover_Pct": 0.0, "Elev_m": 362.35454500001777, "ElevStd_m": 1.3085212238369353, "TRI_m": 0.20840606271350015, "Slope_deg": 0.05246032401919365, "NatCoverPct_2km": 10.611933057459575, "EdgeDensity_2km": 1.3832632172161197, "NatCoverPct_500m": 0.0, "EdgeDensity_500m": 0.0, "gHM": 0.38234999775886536, "DistWater_m": 1752.2952171157299, "LST_C": 30.89688000000001, "NightLights": 1.5325644228241402, "BuiltUp_Pct": 0.0, "SEGMENT_ID": 1664052502.0, "hard_filter_pass": true}}, {"type": "Feature", "geometry": {"type": "Polygon", "coordinates": [[[77.95229172062194, 16.45638430281499], [77.9522951377906, 16.456610001745112], [77.95252902769238, 16.45660670409229], [77.95252561025396, 16.456381005209884], [77.95229172062194, 16.45638430281499]]]}, "properties": {"name": "grid_00123", "display_name": "SFV-T0124", "role": "candidate_grid_cell", "area_ha": 0.0625, "named_subarea": null, "gee_matched": true, "NDVI_raw": 0.2556245235052515, "TreeCover_Pct": 0.0, "Elev_m": 362.03486914359337, "ElevStd_m": 1.277958504856858, "TRI_m": 0.219941439009965, "Slope_deg": 0.05246032401919365, "NatCoverPct_2km": 10.726069840966913, "EdgeDensity_2km": 1.3952396779685454, "NatCoverPct_500m": 0.0, "EdgeDensity_500m": 0.0, "gHM": 0.38234999775886536, "DistWater_m": 1819.8350492402787, "LST_C": 30.89688000000001, "NightLights": 1.543125033378601, "BuiltUp_Pct": 0.0, "SEGMENT_ID": 1664052502.0, "hard_filter_pass": true}}, {"type": "Feature", "geometry": {"type": "Polygon", "coordinates": [[[77.9522951377906, 16.456610001745112], [77.95229855501272, 16.45683570066968], [77.95253244518426, 16.45683240296914], [77.95252902769238, 16.45660670409229], [77.9522951377906, 16.456610001745112]]]}, "properties": {"name": "grid_00124", "display_name": "SFV-T0125", "role": "candidate_grid_cell", "area_ha": 0.0625, "named_subarea": null, "gee_matched": true, "NDVI_raw": 0.17375010038484368, "TreeCover_Pct": 0.0, "Elev_m": 361.3756566331876, "ElevStd_m": 1.35230594756138, "TRI_m": 0.25535443085455234, "Slope_deg": 0.05246032401919365, "NatCoverPct_2km": 10.833151350198786, "EdgeDensity_2km": 1.3957671206476912, "NatCoverPct_500m": 0.0, "EdgeDensity_500m": 0.0, "gHM": 0.38234999775886536, "DistWater_m": 1888.6800616938488, "LST_C": 30.89688000000001, "NightLights": 1.543125033378601, "BuiltUp_Pct": 0.0, "SEGMENT_ID": -1111774134.0, "hard_filter_pass": true}}, {"type": "Feature", "geometry": {"type": "Polygon", "coordinates": [[[77.95229855501272, 16.45683570066968], [77.95230197228831, 16.457061399588707], [77.95253586272963, 16.45705810184045], [77.95253244518426, 16.45683240296914], [77.95229855501272, 16.45683570066968]]]}, "properties": {"name": "grid_00125", "display_name": "SFV-T0126", "role": "candidate_grid_cell", "area_ha": 0.0625, "named_subarea": null, "gee_matched": true, "NDVI_raw": 0.1839483994256211, "TreeCover_Pct": 0.0, "Elev_m": 361.1923078129084, "ElevStd_m": 1.393358300867026, "TRI_m": 0.28392225769390783, "Slope_deg": 0.05246032401919365, "NatCoverPct_2km": 10.935500494287691, "EdgeDensity_2km": 1.3954757645904332, "NatCoverPct_500m": 0.0, "EdgeDensity_500m": 0.0, "gHM": 0.38234999775886536, "DistWater_m": 1908.888670814396, "LST_C": 30.89688000000001, "NightLights": 1.543125033378601, "BuiltUp_Pct": 0.0, "SEGMENT_ID": -1060108935.0, "hard_filter_pass": true}}, {"type": "Feature", "geometry": {"type": "Polygon", "coordinates": [[[77.95230197228831, 16.457061399588707], [77.9523053896174, 16.457287098502192], [77.95253928032848, 16.457283800706218], [77.95253586272963, 16.45705810184045], [77.95230197228831, 16.457061399588707]]]}, "properties": {"name": "grid_00126", "display_name": "SFV-T0127", "role": "candidate_grid_cell", "area_ha": 0.0625, "named_subarea": null, "gee_matched": true, "NDVI_raw": 0.21752082652437227, "TreeCover_Pct": 0.0, "Elev_m": 361.11286450847314, "ElevStd_m": 1.4087573865958563, "TRI_m": 0.3166945491420822, "Slope_deg": 0.05246032401919365, "NatCoverPct_2km": 11.035713555756974, "EdgeDensity_2km": 1.3964023705661104, "NatCoverPct_500m": 0.0, "EdgeDensity_500m": 0.0, "gHM": 0.38234999775886536, "DistWater_m": 1872.2580617589472, "LST_C": 30.89688000000001, "NightLights": 1.543125033378601, "BuiltUp_Pct": 0.0, "SEGMENT_ID": -1060108935.0, "hard_filter_pass": true}}, {"type": "Feature", "geometry": {"type": "Polygon", "coordinates": [[[77.9523053896174, 16.457287098502192], [77.95230880699994, 16.457512797410132], [77.9525426979808, 16.457509499566434], [77.95253928032848, 16.457283800706218], [77.9523053896174, 16.457287098502192]]]}, "properties": {"name": "grid_00127", "display_name": "SFV-T0128", "role": "candidate_grid_cell", "area_ha": 0.0625, "named_subarea": null, "gee_matched": true, "NDVI_raw": 0.22634931395567812, "TreeCover_Pct": 0.0, "Elev_m": 361.6120947589839, "ElevStd_m": 1.4581725837429613, "TRI_m": 0.3372574769774276, "Slope_deg": 0.05246032401919365, "NatCoverPct_2km": 11.130262896047128, "EdgeDensity_2km": 1.398016541042787, "NatCoverPct_500m": 0.0, "EdgeDensity_500m": 0.0, "gHM": 0.38234999775886536, "DistWater_m": 1835.180337493743, "LST_C": 30.89688000000001, "NightLights": 1.543125033378601, "BuiltUp_Pct": 0.0, "SEGMENT_ID": 1235057385.0, "hard_filter_pass": true}}, {"type": "Feature", "geometry": {"type": "Polygon", "coordinates": [[[77.95230880699994, 16.457512797410132], [77.95231222443596, 16.45773849631253], [77.9525461156866, 16.457735198421116], [77.9525426979808, 16.457509499566434], [77.95230880699994, 16.457512797410132]]]}, "properties": {"name": "grid_00128", "display_name": "SFV-T0129", "role": "candidate_grid_cell", "area_ha": 0.0625, "named_subarea": null, "gee_matched": true, "NDVI_raw": 0.24400431607834625, "TreeCover_Pct": 0.0, "Elev_m": 362.3232093292879, "ElevStd_m": 1.5811580024695275, "TRI_m": 0.35036372010504413, "Slope_deg": 0.05246032401919365, "NatCoverPct_2km": 11.219423753402795, "EdgeDensity_2km": 1.4005916221051247, "NatCoverPct_500m": 0.0, "EdgeDensity_500m": 0.0, "gHM": 0.38234999775886536, "DistWater_m": 1800.4318129691144, "LST_C": 30.89688000000001, "NightLights": 1.543125033378601, "BuiltUp_Pct": 0.0, "SEGMENT_ID": 1235057385.0, "hard_filter_pass": true}}, {"type": "Feature", "geometry": {"type": "Polygon", "coordinates": [[[77.95231222443596, 16.45773849631253], [77.95231564192545, 16.45796419520938], [77.95254953344588, 16.457960897270247], [77.9525461156866, 16.457735198421116], [77.95231222443596, 16.45773849631253]]]}, "properties": {"name": "grid_00129", "display_name": "SFV-T0130", "role": "candidate_grid_cell", "area_ha": 0.0625, "named_subarea": null, "gee_matched": true, "NDVI_raw": 0.2583781935322557, "TreeCover_Pct": 9.771796372147454, "Elev_m": 362.913115740799, "ElevStd_m": 1.8172369972686078, "TRI_m": 0.360415914685437, "Slope_deg": 0.05246032401919365, "NatCoverPct_2km": 11.301732725685635, "EdgeDensity_2km": 1.4085941850336838, "NatCoverPct_500m": 0.0, "EdgeDensity_500m": 0.0, "gHM": 0.38234999775886536, "DistWater_m": 1767.1521546521697, "LST_C": 30.89688000000001, "NightLights": 1.543125033378601, "BuiltUp_Pct": 0.0, "SEGMENT_ID": 1235057385.0, "hard_filter_pass": true}}, {"type": "Feature", "geometry": {"type": "Polygon", "coordinates": [[[77.95231564192545, 16.45796419520938], [77.95231905946842, 16.458189894100695], [77.95255295125864, 16.458186596113837], [77.95254953344588, 16.457960897270247], [77.95231564192545, 16.45796419520938]]]}, "properties": {"name": "grid_00130", "display_name": "SFV-T0131", "role": "candidate_grid_cell", "area_ha": 0.0625, "named_subarea": null, "gee_matched": true, "NDVI_raw": 0.3543230264419922, "TreeCover_Pct": 100.0, "Elev_m": 365.4902478827806, "ElevStd_m": 2.119961875780341, "TRI_m": 0.3621507309368294, "Slope_deg": 0.05246032401919365, "NatCoverPct_2km": 11.368114040655785, "EdgeDensity_2km": 1.4192863116512304, "NatCoverPct_500m": 0.0, "EdgeDensity_500m": 0.0, "gHM": 0.3923120668568464, "DistWater_m": 1738.1302632099357, "LST_C": 30.89688000000001, "NightLights": 1.543125033378601, "BuiltUp_Pct": 0.0, "SEGMENT_ID": -1987163335.0, "hard_filter_pass": true}}, {"type": "Feature", "geometry": {"type": "Polygon", "coordinates": [[[77.95231905946842, 16.458189894100695], [77.95232247706488, 16.458415592986455], [77.95255636912489, 16.458412294951877], [77.95255295125864, 16.458186596113837], [77.95231905946842, 16.458189894100695]]]}, "properties": {"name": "grid_00131", "display_name": "SFV-T0132", "role": "candidate_grid_cell", "area_ha": 0.0625, "named_subarea": null, "gee_matched": true, "NDVI_raw": 0.3085821008869189, "TreeCover_Pct": 50.361881785283465, "Elev_m": 362.24930065417317, "ElevStd_m": 2.4574205380747776, "TRI_m": 0.3687509143730893, "Slope_deg": 0.05246032401919365, "NatCoverPct_2km": 11.426879963233565, "EdgeDensity_2km": 1.4218366996140124, "NatCoverPct_500m": 0.0, "EdgeDensity_500m": 0.0, "gHM": 0.3966672122478485, "DistWater_m": 1711.1365899682542, "LST_C": 30.380456122806333, "NightLights": 1.543125033378601, "BuiltUp_Pct": 0.0, "SEGMENT_ID": -1987163335.0, "hard_filter_pass": true}}, {"type": "Feature", "geometry": {"type": "Polygon", "coordinates": [[[77.95232247706488, 16.458415592986455], [77.9523258947148, 16.458641291866673], [77.9525597870446, 16.458637993784382], [77.95255636912489, 16.458412294951877], [77.95232247706488, 16.458415592986455]]]}, "properties": {"name": "grid_00132", "display_name": "SFV-T0133", "role": "candidate_grid_cell", "area_ha": 0.0625, "named_subarea": null, "gee_matched": true, "NDVI_raw": 0.2854012788030933, "TreeCover_Pct": 54.50121654501216, "Elev_m": 359.9413054157638, "ElevStd_m": 2.7865079092454588, "TRI_m": 0.37353647252301975, "Slope_deg": 0.05246032401919365, "NatCoverPct_2km": 11.481829826927477, "EdgeDensity_2km": 1.4223852586368226, "NatCoverPct_500m": 0.0, "EdgeDensity_500m": 0.0, "gHM": 0.3966672122478485, "DistWater_m": 1687.272363852922, "LST_C": 29.891351934699006, "NightLights": 1.543125033378601, "BuiltUp_Pct": 0.0, "SEGMENT_ID": 1901866486.0, "hard_filter_pass": true}}, {"type": "Feature", "geometry": {"type": "Polygon", "coordinates": [[[77.9523258947148, 16.458641291866673], [77.9523293124182, 16.45886699074135], [77.95256320501781, 16.458863692611335], [77.9525597870446, 16.458637993784382], [77.9523258947148, 16.458641291866673]]]}, "properties": {"name": "grid_00133", "display_name": "SFV-T0134", "role": "candidate_grid_cell", "area_ha": 0.0625, "named_subarea": null, "gee_matched": true, "NDVI_raw": 0.30100294588126947, "TreeCover_Pct": 64.53558504221952, "Elev_m": 358.75117130072465, "ElevStd_m": 3.0496278258509006, "TRI_m": 0.3665109410299796, "Slope_deg": 0.05246032401919365, "NatCoverPct_2km": 11.533745922911917, "EdgeDensity_2km": 1.4231445525822168, "NatCoverPct_500m": 0.0, "EdgeDensity_500m": 0.0, "gHM": 0.3966672122478485, "DistWater_m": 1666.6309470196945, "LST_C": 30.042045799447457, "NightLights": 1.543125033378601, "BuiltUp_Pct": 0.0, "SEGMENT_ID": 1901866486.0, "hard_filter_pass": true}}, {"type": "Feature", "geometry": {"type": "Polygon", "coordinates": [[[77.9523293124182, 16.45886699074135], [77.95233273017509, 16.459092689610475], [77.9525666230445, 16.459089391432745], [77.95256320501781, 16.458863692611335], [77.9523293124182, 16.45886699074135]]]}, "properties": {"name": "grid_00134", "display_name": "SFV-T0135", "role": "candidate_grid_cell", "area_ha": 0.0625, "named_subarea": null, "gee_matched": true, "NDVI_raw": 0.2582952080377892, "TreeCover_Pct": 15.402985074626866, "Elev_m": 357.93430649486936, "ElevStd_m": 3.1706402039752972, "TRI_m": 0.35403940450444976, "Slope_deg": 0.05246032401919365, "NatCoverPct_2km": 11.582944419342125, "EdgeDensity_2km": 1.4237205039169922, "NatCoverPct_500m": 0.0, "EdgeDensity_500m": 0.0, "gHM": 0.3966672122478485, "DistWater_m": 1649.2240465711454, "LST_C": 30.103505536831992, "NightLights": 1.543125033378601, "BuiltUp_Pct": 0.0, "SEGMENT_ID": -1144890379.0, "hard_filter_pass": true}}, {"type": "Feature", "geometry": {"type": "Polygon", "coordinates": [[[77.95233273017509, 16.459092689610475], [77.95233614798543, 16.459318388474067], [77.95257004112466, 16.459315090248612], [77.9525666230445, 16.459089391432745], [77.95233273017509, 16.459092689610475]]]}, "properties": {"name": "grid_00135", "display_name": "SFV-T0136", "role": "candidate_grid_cell", "area_ha": 0.0625, "named_subarea": null, "gee_matched": true, "NDVI_raw": 0.21246200887015068, "TreeCover_Pct": 0.5421686746987951, "Elev_m": 356.7528324173158, "ElevStd_m": 3.155115461605144, "TRI_m": 0.34028984003277596, "Slope_deg": 0.05246032401919365, "NatCoverPct_2km": 11.629385555580269, "EdgeDensity_2km": 1.4238486279538858, "NatCoverPct_500m": 0.0, "EdgeDensity_500m": 0.0, "gHM": 0.3966672122478485, "DistWater_m": 1634.7530922358508, "LST_C": 30.103709677419374, "NightLights": 1.543125033378601, "BuiltUp_Pct": 0.0, "SEGMENT_ID": 1901866486.0, "hard_filter_pass": true}}, {"type": "Feature", "geometry": {"type": "Polygon", "coordinates": [[[77.95233614798543, 16.459318388474067], [77.95233956584926, 16.459544087332105], [77.9525734592583, 16.459540789058934], [77.95257004112466, 16.459315090248612], [77.95233614798543, 16.459318388474067]]]}, "properties": {"name": "grid_00136", "display_name": "SFV-T0137", "role": "candidate_grid_cell", "area_ha": 0.0625, "named_subarea": null, "gee_matched": true, "NDVI_raw": 0.24828564286555935, "TreeCover_Pct": 1.1473429951690821, "Elev_m": 355.68264656251176, "ElevStd_m": 3.0198775684277015, "TRI_m": 0.3129702901194855, "Slope_deg": 0.05246032401919365, "NatCoverPct_2km": 11.672690566519973, "EdgeDensity_2km": 1.4231826075317406, "NatCoverPct_500m": 0.0, "EdgeDensity_500m": 0.002901447967608234, "gHM": 0.3966672122478485, "DistWater_m": 1623.792429957318, "LST_C": 30.103709677419374, "NightLights": 1.543125033378601, "BuiltUp_Pct": 0.0, "SEGMENT_ID": 1901866486.0, "hard_filter_pass": true}}, {"type": "Feature", "geometry": {"type": "Polygon", "coordinates": [[[77.95233956584926, 16.459544087332105], [77.95234298376657, 16.4597697861846], [77.95257687744542, 16.459766487863707], [77.9525734592583, 16.459540789058934], [77.95233956584926, 16.459544087332105]]]}, "properties": {"name": "grid_00137", "display_name": "SFV-T0138", "role": "candidate_grid_cell", "area_ha": 0.0625, "named_subarea": null, "gee_matched": true, "NDVI_raw": 0.29079539546724953, "TreeCover_Pct": 19.842233009708735, "Elev_m": 354.98341502958135, "ElevStd_m": 2.688975827489293, "TRI_m": 0.2858248077014176, "Slope_deg": 0.05246032401919365, "NatCoverPct_2km": 11.713636174607355, "EdgeDensity_2km": 1.4198557887437597, "NatCoverPct_500m": 0.0, "EdgeDensity_500m": 0.023791758283472974, "gHM": 0.3966672122478485, "DistWater_m": 1615.2283276784399, "LST_C": 30.103709677419374, "NightLights": 1.543125033378601, "BuiltUp_Pct": 0.0, "SEGMENT_ID": -1825272994.0, "hard_filter_pass": true}}, {"type": "Feature", "geometry": {"type": "Polygon", "coordinates": [[[77.95234298376657, 16.4597697861846], [77.95234640173736, 16.459995485031552], [77.95258029568603, 16.459992186662944], [77.95257687744542, 16.459766487863707], [77.95234298376657, 16.4597697861846]]]}, "properties": {"name": "grid_00138", "display_name": "SFV-T0139", "role": "candidate_grid_cell", "area_ha": 0.0625, "named_subarea": null, "gee_matched": true, "NDVI_raw": 0.2801638571387629, "TreeCover_Pct": 25.65751022793688, "Elev_m": 354.40536554315366, "ElevStd_m": 2.3370422647863753, "TRI_m": 0.2596473997223754, "Slope_deg": 0.05246032401919365, "NatCoverPct_2km": 11.750794468141343, "EdgeDensity_2km": 1.4164400560944823, "NatCoverPct_500m": 0.0, "EdgeDensity_500m": 0.046761601906441935, "gHM": 0.3966672122478485, "DistWater_m": 1611.5653012659138, "LST_C": 30.103709677419374, "NightLights": 1.543125033378601, "BuiltUp_Pct": 0.0, "SEGMENT_ID": -1825272994.0, "hard_filter_pass": true}}, {"type": "Feature", "geometry": {"type": "Polygon", "coordinates": [[[77.95234640173736, 16.459995485031552], [77.95234981976162, 16.460221183872957], [77.95258371398013, 16.460217885456625], [77.95258029568603, 16.459992186662944], [77.95234640173736, 16.459995485031552]]]}, "properties": {"name": "grid_00139", "display_name": "SFV-T0140", "role": "candidate_grid_cell", "area_ha": 0.0625, "named_subarea": null, "gee_matched": true, "NDVI_raw": 0.2761831335884705, "TreeCover_Pct": 10.649502633118784, "Elev_m": 354.20173397700364, "ElevStd_m": 2.093890189147528, "TRI_m": 0.23779175095776783, "Slope_deg": 0.05246032401919365, "NatCoverPct_2km": 11.786336801508531, "EdgeDensity_2km": 1.413104060052869, "NatCoverPct_500m": 0.0, "EdgeDensity_500m": 0.06968280541717319, "gHM": 0.3966672122478485, "DistWater_m": 1608.9233469865414, "LST_C": 30.103709677419374, "NightLights": 1.543125033378601, "BuiltUp_Pct": 0.0, "SEGMENT_ID": -1825272994.0, "hard_filter_pass": true}}, {"type": "Feature", "geometry": {"type": "Polygon", "coordinates": [[[77.95234981976162, 16.460221183872957], [77.95235323783936, 16.46044688270882], [77.95258713232771, 16.460443584244768], [77.95258371398013, 16.460217885456625], [77.95234981976162, 16.460221183872957]]]}, "properties": {"name": "grid_00140", "display_name": "SFV-T0141", "role": "candidate_grid_cell", "area_ha": 0.0625, "named_subarea": null, "gee_matched": true, "NDVI_raw": 0.27870190528309435, "TreeCover_Pct": 14.45336627547869, "Elev_m": 354.2093809150191, "ElevStd_m": 1.9188140016279602, "TRI_m": 0.2208400876450389, "Slope_deg": 0.05246032401919365, "NatCoverPct_2km": 11.818961406140659, "EdgeDensity_2km": 1.4101052541042742, "NatCoverPct_500m": 0.0, "EdgeDensity_500m": 0.09129836625248729, "gHM": 0.3966672122478485, "DistWater_m": 1608.5299567634338, "LST_C": 30.103709677419374, "NightLights": 1.543125033378601, "BuiltUp_Pct": 0.0, "SEGMENT_ID": -1825272994.0, "hard_filter_pass": true}}, {"type": "Feature", "geometry": {"type": "Polygon", "coordinates": [[[77.95259055072877, 16.460669283027364], [77.95258713232771, 16.460443584244768], [77.95235323783936, 16.46044688270882], [77.95235405226487, 16.4605006594562], [77.9523978, 16.460492900000002], [77.95247940000002, 16.4606039], [77.95251212346307, 16.460670389080654], [77.95259055072877, 16.460669283027364]]]}, "properties": {"name": "grid_00141", "display_name": "SFV-T0142", "role": "candidate_grid_cell", "area_ha": 0.0405, "named_subarea": null, "gee_matched": true, "NDVI_raw": 0.25407413630103265, "TreeCover_Pct": 4.541241890639482, "Elev_m": 353.5068673035742, "ElevStd_m": 1.8158068982921838, "TRI_m": 0.19885723634569563, "Slope_deg": 0.05246032401919365, "NatCoverPct_2km": 11.861490503301479, "EdgeDensity_2km": 1.404487010902474, "NatCoverPct_500m": 0.011992634201445307, "EdgeDensity_500m": 0.17660121009547686, "gHM": 0.3966672122478485, "DistWater_m": 1595.088044485635, "LST_C": 30.103709677419374, "NightLights": 1.5217081520488904, "BuiltUp_Pct": 0.0, "SEGMENT_ID": -1825272994.0, "hard_filter_pass": true}}, {"type": "Feature", "geometry": {"type": "Polygon", "coordinates": [[[77.9525119410351, 16.455478209624857], [77.95274582953463, 16.455474911950276], [77.95274264666106, 16.455264704777534], [77.95250879437616, 16.455270377751997], [77.9525119410351, 16.455478209624857]]]}, "properties": {"name": "grid_00142", "display_name": "SFV-T0143", "role": "candidate_grid_cell", "area_ha": 0.05788, "named_subarea": null, "gee_matched": true, "NDVI_raw": 0.23109339966550863, "TreeCover_Pct": 20.484293193717278, "Elev_m": 362.2864740181967, "ElevStd_m": 1.4956357633635597, "TRI_m": 0.20254683378512428, "Slope_deg": 0.05246032401919365, "NatCoverPct_2km": 10.175762719989518, "EdgeDensity_2km": 1.3119250950437111, "NatCoverPct_500m": 0.021278005361090174, "EdgeDensity_500m": 0.11059726877457553, "gHM": 0.3685168040750539, "DistWater_m": 1522.6820941078972, "LST_C": 30.89688000000001, "NightLights": 1.513124942779541, "BuiltUp_Pct": 0.0, "SEGMENT_ID": -471511329.0, "hard_filter_pass": true}}, {"type": "Feature", "geometry": {"type": "Polygon", "coordinates": [[[77.9525119410351, 16.455478209624857], [77.95251535825959, 16.455703908529433], [77.95274924702889, 16.45570061080713], [77.95274582953463, 16.455474911950276], [77.9525119410351, 16.455478209624857]]]}, "properties": {"name": "grid_00143", "display_name": "SFV-T0144", "role": "candidate_grid_cell", "area_ha": 0.0625, "named_subarea": null, "gee_matched": true, "NDVI_raw": 0.21998342609067137, "TreeCover_Pct": 0.0, "Elev_m": 362.06452812858055, "ElevStd_m": 1.387978163446287, "TRI_m": 0.19984312349394429, "Slope_deg": 0.05246032401919365, "NatCoverPct_2km": 10.332414686566294, "EdgeDensity_2km": 1.333026985209825, "NatCoverPct_500m": 0.0, "EdgeDensity_500m": 0.00029015111069845176, "gHM": 0.38234999775886536, "DistWater_m": 1582.7858229582494, "LST_C": 30.89688000000001, "NightLights": 1.513124942779541, "BuiltUp_Pct": 0.0, "SEGMENT_ID": -471511329.0, "hard_filter_pass": true}}, {"type": "Feature", "geometry": {"type": "Polygon", "coordinates": [[[77.95251535825959, 16.455703908529433], [77.95251877553758, 16.455929607428462], [77.95275266457661, 16.455926309658434], [77.95274924702889, 16.45570061080713], [77.95251535825959, 16.455703908529433]]]}, "properties": {"name": "grid_00144", "display_name": "SFV-T0145", "role": "candidate_grid_cell", "area_ha": 0.0625, "named_subarea": null, "gee_matched": true, "NDVI_raw": 0.21685218811958973, "TreeCover_Pct": 1.0539367637941723, "Elev_m": 361.91870476663007, "ElevStd_m": 1.2768249521164456, "TRI_m": 0.20492908160951648, "Slope_deg": 0.05246032401919365, "NatCoverPct_2km": 10.487223860867276, "EdgeDensity_2km": 1.3488939798591117, "NatCoverPct_500m": 0.0, "EdgeDensity_500m": 0.0, "gHM": 0.38234999775886536, "DistWater_m": 1650.7413805150018, "LST_C": 30.89688000000001, "NightLights": 1.513124942779541, "BuiltUp_Pct": 0.0, "SEGMENT_ID": 1664052502.0, "hard_filter_pass": true}}, {"type": "Feature", "geometry": {"type": "Polygon", "coordinates": [[[77.95251877553758, 16.455929607428462], [77.95252219286904, 16.456155306321946], [77.95275608217781, 16.4561520085042], [77.95275266457661, 16.455926309658434], [77.95251877553758, 16.455929607428462]]]}, "properties": {"name": "grid_00145", "display_name": "SFV-T0146", "role": "candidate_grid_cell", "area_ha": 0.0625, "named_subarea": null, "gee_matched": true, "NDVI_raw": 0.19211394738278398, "TreeCover_Pct": 0.4722550177095632, "Elev_m": 362.5337867962005, "ElevStd_m": 1.2107073887331792, "TRI_m": 0.2062270869365851, "Slope_deg": 0.05246032401919365, "NatCoverPct_2km": 10.633975574203825, "EdgeDensity_2km": 1.3685338348712772, "NatCoverPct_500m": 0.0, "EdgeDensity_500m": 0.0, "gHM": 0.38234999775886536, "DistWater_m": 1715.2609808055788, "LST_C": 30.89688000000001, "NightLights": 1.513124942779541, "BuiltUp_Pct": 0.0, "SEGMENT_ID": 1664052502.0, "hard_filter_pass": true}}, {"type": "Feature", "geometry": {"type": "Polygon", "coordinates": [[[77.95252219286904, 16.456155306321946], [77.95252561025396, 16.456381005209884], [77.95275949983251, 16.456377707344416], [77.95275608217781, 16.4561520085042], [77.95252219286904, 16.456155306321946]]]}, "properties": {"name": "grid_00146", "display_name": "SFV-T0147", "role": "candidate_grid_cell", "area_ha": 0.0625, "named_subarea": null, "gee_matched": true, "NDVI_raw": 0.21067905083104244, "TreeCover_Pct": 3.8552787663107955, "Elev_m": 362.57061269812175, "ElevStd_m": 1.1817302426627654, "TRI_m": 0.20624279688208286, "Slope_deg": 0.05246032401919365, "NatCoverPct_2km": 10.760263037943743, "EdgeDensity_2km": 1.3888536509150375, "NatCoverPct_500m": 0.0, "EdgeDensity_500m": 0.0, "gHM": 0.38234999775886536, "DistWater_m": 1786.0501678627936, "LST_C": 30.89688000000001, "NightLights": 1.532359876313102, "BuiltUp_Pct": 0.0, "SEGMENT_ID": 1664052502.0, "hard_filter_pass": true}}, {"type": "Feature", "geometry": {"type": "Polygon", "coordinates": [[[77.95252561025396, 16.456381005209884], [77.95252902769238, 16.45660670409229], [77.95276291754068, 16.456603406179095], [77.95275949983251, 16.456377707344416], [77.95252561025396, 16.456381005209884]]]}, "properties": {"name": "grid_00147", "display_name": "SFV-T0148", "role": "candidate_grid_cell", "area_ha": 0.0625, "named_subarea": null, "gee_matched": true, "NDVI_raw": 0.18093601963775754, "TreeCover_Pct": 0.0, "Elev_m": 362.1294812019032, "ElevStd_m": 1.1984827514274627, "TRI_m": 0.2168700426207053, "Slope_deg": 0.05246032401919365, "NatCoverPct_2km": 10.87081591138421, "EdgeDensity_2km": 1.3941159213779821, "NatCoverPct_500m": 0.0, "EdgeDensity_500m": 0.0, "gHM": 0.38234999775886536, "DistWater_m": 1851.6223769243554, "LST_C": 30.89688000000001, "NightLights": 1.543125033378601, "BuiltUp_Pct": 0.0, "SEGMENT_ID": 1664052502.0, "hard_filter_pass": true}}, {"type": "Feature", "geometry": {"type": "Polygon", "coordinates": [[[77.95252902769238, 16.45660670409229], [77.95253244518426, 16.45683240296914], [77.95276633530233, 16.45682910500822], [77.95276291754068, 16.456603406179095], [77.95252902769238, 16.45660670409229]]]}, "properties": {"name": "grid_00148", "display_name": "SFV-T0149", "role": "candidate_grid_cell", "area_ha": 0.0625, "named_subarea": null, "gee_matched": true, "NDVI_raw": 0.23802861344127374, "TreeCover_Pct": 0.0, "Elev_m": 361.6005619777207, "ElevStd_m": 1.3198332877673356, "TRI_m": 0.24952658495737703, "Slope_deg": 0.05246032401919365, "NatCoverPct_2km": 10.978218788537424, "EdgeDensity_2km": 1.3966701880171617, "NatCoverPct_500m": 0.0, "EdgeDensity_500m": 0.0, "gHM": 0.38234999775886536, "DistWater_m": 1882.3235829135253, "LST_C": 30.89688000000001, "NightLights": 1.543125033378601, "BuiltUp_Pct": 0.0, "SEGMENT_ID": -1111774134.0, "hard_filter_pass": true}}, {"type": "Feature", "geometry": {"type": "Polygon", "coordinates": [[[77.95253244518426, 16.45683240296914], [77.95253586272963, 16.45705810184045], [77.95276975311745, 16.457054803831813], [77.95276633530233, 16.45682910500822], [77.95253244518426, 16.45683240296914]]]}, "properties": {"name": "grid_00149", "display_name": "SFV-T0150", "role": "candidate_grid_cell", "area_ha": 0.0625, "named_subarea": null, "gee_matched": true, "NDVI_raw": 0.25843602393504983, "TreeCover_Pct": 0.0, "Elev_m": 361.3025210305677, "ElevStd_m": 1.3905716542168771, "TRI_m": 0.2841637092888407, "Slope_deg": 0.05246032401919365, "NatCoverPct_2km": 11.080077096345867, "EdgeDensity_2km": 1.3985874438645123, "NatCoverPct_500m": 0.0, "EdgeDensity_500m": 0.0, "gHM": 0.38234999775886536, "DistWater_m": 1847.3297214422312, "LST_C": 30.89688000000001, "NightLights": 1.543125033378601, "BuiltUp_Pct": 0.0, "SEGMENT_ID": -1060108935.0, "hard_filter_pass": true}}, {"type": "Feature", "geometry": {"type": "Polygon", "coordinates": [[[77.95253586272963, 16.45705810184045], [77.95253928032848, 16.457283800706218], [77.95277317098608, 16.45728050264986], [77.95276975311745, 16.457054803831813], [77.95253586272963, 16.45705810184045]]]}, "properties": {"name": "grid_00150", "display_name": "SFV-T0151", "role": "candidate_grid_cell", "area_ha": 0.0625, "named_subarea": null, "gee_matched": true, "NDVI_raw": 0.2222764610309509, "TreeCover_Pct": 0.0, "Elev_m": 361.2938663128346, "ElevStd_m": 1.4368366650060869, "TRI_m": 0.32776648606597514, "Slope_deg": 0.05246032401919365, "NatCoverPct_2km": 11.176988138911186, "EdgeDensity_2km": 1.398076146640043, "NatCoverPct_500m": 0.0, "EdgeDensity_500m": 0.0, "gHM": 0.38234999775886536, "DistWater_m": 1805.469581101952, "LST_C": 30.89688000000001, "NightLights": 1.543125033378601, "BuiltUp_Pct": 0.0, "SEGMENT_ID": 1235057385.0, "hard_filter_pass": true}}, {"type": "Feature", "geometry": {"type": "Polygon", "coordinates": [[[77.95253928032848, 16.457283800706218], [77.9525426979808, 16.457509499566434], [77.95277658890818, 16.457506201462355], [77.95277317098608, 16.45728050264986], [77.95253928032848, 16.457283800706218]]]}, "properties": {"name": "grid_00151", "display_name": "SFV-T0152", "role": "candidate_grid_cell", "area_ha": 0.0625, "named_subarea": null, "gee_matched": true, "NDVI_raw": 0.24612346214052455, "TreeCover_Pct": 0.0, "Elev_m": 361.46844422225814, "ElevStd_m": 1.5183005626641686, "TRI_m": 0.3464797271574374, "Slope_deg": 0.05246032401919365, "NatCoverPct_2km": 11.268827584192616, "EdgeDensity_2km": 1.397681267496488, "NatCoverPct_500m": 0.0, "EdgeDensity_500m": 0.0, "gHM": 0.38234999775886536, "DistWater_m": 1767.554591844844, "LST_C": 30.89688000000001, "NightLights": 1.543125033378601, "BuiltUp_Pct": 0.0, "SEGMENT_ID": 1235057385.0, "hard_filter_pass": true}}, {"type": "Feature", "geometry": {"type": "Polygon", "coordinates": [[[77.9525426979808, 16.457509499566434], [77.9525461156866, 16.457735198421116], [77.95278000688376, 16.457731900269312], [77.95277658890818, 16.457506201462355], [77.9525426979808, 16.457509499566434]]]}, "properties": {"name": "grid_00152", "display_name": "SFV-T0153", "role": "candidate_grid_cell", "area_ha": 0.0625, "named_subarea": null, "gee_matched": true, "NDVI_raw": 0.2588240409235124, "TreeCover_Pct": 0.0, "Elev_m": 361.6155176789306, "ElevStd_m": 1.6511623808522575, "TRI_m": 0.3550945902279773, "Slope_deg": 0.05246032401919365, "NatCoverPct_2km": 11.354858160502788, "EdgeDensity_2km": 1.405306430168534, "NatCoverPct_500m": 0.0, "EdgeDensity_500m": 0.0, "gHM": 0.38234999775886536, "DistWater_m": 1730.590820770379, "LST_C": 30.89688000000001, "NightLights": 1.543125033378601, "BuiltUp_Pct": 0.0, "SEGMENT_ID": 1235057385.0, "hard_filter_pass": true}}, {"type": "Feature", "geometry": {"type": "Polygon", "coordinates": [[[77.9525461156866, 16.457735198421116], [77.95254953344588, 16.457960897270247], [77.95278342491282, 16.45795759907072], [77.95278000688376, 16.457731900269312], [77.9525461156866, 16.457735198421116]]]}, "properties": {"name": "grid_00153", "display_name": "SFV-T0154", "role": "candidate_grid_cell", "area_ha": 0.0625, "named_subarea": null, "gee_matched": true, "NDVI_raw": 0.2587007817412485, "TreeCover_Pct": 6.020469596628537, "Elev_m": 361.67641041553003, "ElevStd_m": 1.881697984439404, "TRI_m": 0.36443144187296606, "Slope_deg": 0.05246032401919365, "NatCoverPct_2km": 11.427250785368463, "EdgeDensity_2km": 1.4177751381493167, "NatCoverPct_500m": 0.0, "EdgeDensity_500m": 0.0, "gHM": 0.38234999775886536, "DistWater_m": 1697.3745107331831, "LST_C": 30.89688000000001, "NightLights": 1.543125033378601, "BuiltUp_Pct": 0.0, "SEGMENT_ID": 1235057385.0, "hard_filter_pass": true}}, {"type": "Feature", "geometry": {"type": "Polygon", "coordinates": [[[77.95254953344588, 16.457960897270247], [77.95255295125864, 16.458186596113837], [77.95278684299538, 16.458183297866583], [77.95278342491282, 16.45795759907072], [77.95254953344588, 16.457960897270247]]]}, "properties": {"name": "grid_00154", "display_name": "SFV-T0155", "role": "candidate_grid_cell", "area_ha": 0.0625, "named_subarea": null, "gee_matched": true, "NDVI_raw": 0.3294339541034826, "TreeCover_Pct": 88.84826325411335, "Elev_m": 365.4421450878192, "ElevStd_m": 2.1675454850870195, "TRI_m": 0.3666008096016161, "Slope_deg": 0.05246032401919365, "NatCoverPct_2km": 11.48924886998612, "EdgeDensity_2km": 1.4236418153337618, "NatCoverPct_500m": 0.0, "EdgeDensity_500m": 0.0, "gHM": 0.3917901111513577, "DistWater_m": 1665.1812938064909, "LST_C": 30.89688000000001, "NightLights": 1.543125033378601, "BuiltUp_Pct": 0.0, "SEGMENT_ID": -1987163335.0, "hard_filter_pass": true}}, {"type": "Feature", "geometry": {"type": "Polygon", "coordinates": [[[77.95255295125864, 16.458186596113837], [77.95255636912489, 16.458412294951877], [77.95279026113141, 16.45840899665691], [77.95278684299538, 16.458183297866583], [77.95255295125864, 16.458186596113837]]]}, "properties": {"name": "grid_00155", "display_name": "SFV-T0156", "role": "candidate_grid_cell", "area_ha": 0.0625, "named_subarea": null, "gee_matched": true, "NDVI_raw": 0.2915908943343177, "TreeCover_Pct": 51.36866627839255, "Elev_m": 363.7120425313729, "ElevStd_m": 2.459808475268933, "TRI_m": 0.3694271557082248, "Slope_deg": 0.05246032401919365, "NatCoverPct_2km": 11.54481372755687, "EdgeDensity_2km": 1.4257763746788266, "NatCoverPct_500m": 0.0, "EdgeDensity_500m": 0.0, "gHM": 0.3966672122478485, "DistWater_m": 1638.0555392332542, "LST_C": 30.370645741447014, "NightLights": 1.543125033378601, "BuiltUp_Pct": 0.0, "SEGMENT_ID": -1987163335.0, "hard_filter_pass": true}}, {"type": "Feature", "geometry": {"type": "Polygon", "coordinates": [[[77.95255636912489, 16.458412294951877], [77.9525597870446, 16.458637993784382], [77.95279367932093, 16.45863469544168], [77.95279026113141, 16.45840899665691], [77.95255636912489, 16.458412294951877]]]}, "properties": {"name": "grid_00156", "display_name": "SFV-T0157", "role": "candidate_grid_cell", "area_ha": 0.0625, "named_subarea": null, "gee_matched": true, "NDVI_raw": 0.25700739309734516, "TreeCover_Pct": 9.929494712103406, "Elev_m": 360.78287411968796, "ElevStd_m": 2.771144713290802, "TRI_m": 0.3750307237442364, "Slope_deg": 0.05246032401919365, "NatCoverPct_2km": 11.598130523565192, "EdgeDensity_2km": 1.4270754156227814, "NatCoverPct_500m": 0.0, "EdgeDensity_500m": 0.0010155126815772951, "gHM": 0.3966672122478485, "DistWater_m": 1611.0618018751118, "LST_C": 29.761774193548376, "NightLights": 1.543125033378601, "BuiltUp_Pct": 0.0, "SEGMENT_ID": -2022071661.0, "hard_filter_pass": true}}, {"type": "Feature", "geometry": {"type": "Polygon", "coordinates": [[[77.9525597870446, 16.458637993784382], [77.95256320501781, 16.458863692611335], [77.95279709756393, 16.458860394220913], [77.95279367932093, 16.45863469544168], [77.9525597870446, 16.458637993784382]]]}, "properties": {"name": "grid_00157", "display_name": "SFV-T0158", "role": "candidate_grid_cell", "area_ha": 0.0625, "named_subarea": null, "gee_matched": true, "NDVI_raw": 0.2826171349470432, "TreeCover_Pct": 33.10769230769231, "Elev_m": 358.84904157902645, "ElevStd_m": 3.0102647166367267, "TRI_m": 0.36879576495071464, "Slope_deg": 0.05246032401919365, "NatCoverPct_2km": 11.647926175292408, "EdgeDensity_2km": 1.4267476072096505, "NatCoverPct_500m": 0.0, "EdgeDensity_500m": 0.02263152397200655, "gHM": 0.3966672122478485, "DistWater_m": 1589.6934293371282, "LST_C": 29.76387841191066, "NightLights": 1.543125033378601, "BuiltUp_Pct": 0.0, "SEGMENT_ID": 1901866486.0, "hard_filter_pass": true}}, {"type": "Feature", "geometry": {"type": "Polygon", "coordinates": [[[77.95256320501781, 16.458863692611335], [77.9525666230445, 16.459089391432745], [77.95280051586043, 16.4590860929946], [77.95279709756393, 16.458860394220913], [77.95256320501781, 16.458863692611335]]]}, "properties": {"name": "grid_00158", "display_name": "SFV-T0159", "role": "candidate_grid_cell", "area_ha": 0.0625, "named_subarea": null, "gee_matched": true, "NDVI_raw": 0.26496753537798073, "TreeCover_Pct": 26.546546546546548, "Elev_m": 357.76394129114465, "ElevStd_m": 3.095575377872531, "TRI_m": 0.3578392957584759, "Slope_deg": 0.05246032401919365, "NatCoverPct_2km": 11.695232761607418, "EdgeDensity_2km": 1.422918384862475, "NatCoverPct_500m": 0.002514627150912932, "EdgeDensity_500m": 0.0805647852580951, "gHM": 0.3966672122478485, "DistWater_m": 1569.8153482397938, "LST_C": 29.800999225031475, "NightLights": 1.543125033378601, "BuiltUp_Pct": 0.0, "SEGMENT_ID": 1901866486.0, "hard_filter_pass": true}}, {"type": "Feature", "geometry": {"type": "Polygon", "coordinates": [[[77.9525666230445, 16.459089391432745], [77.95257004112466, 16.459315090248612], [77.9528039342104, 16.459311791762744], [77.95280051586043, 16.4590860929946], [77.9525666230445, 16.459089391432745]]]}, "properties": {"name": "grid_00159", "display_name": "SFV-T0160", "role": "candidate_grid_cell", "area_ha": 0.0625, "named_subarea": null, "gee_matched": true, "NDVI_raw": 0.292035348376978, "TreeCover_Pct": 53.94340758579168, "Elev_m": 356.7110531397571, "ElevStd_m": 3.0564932257029893, "TRI_m": 0.34273147132039583, "Slope_deg": 0.05246032401919365, "NatCoverPct_2km": 11.738420732699597, "EdgeDensity_2km": 1.4169520117375525, "NatCoverPct_500m": 0.031190867314050456, "EdgeDensity_500m": 0.16117699342283748, "gHM": 0.3966672122478485, "DistWater_m": 1555.1415970797934, "LST_C": 29.955077877687366, "NightLights": 1.543125033378601, "BuiltUp_Pct": 0.0, "SEGMENT_ID": -1210000004.0, "hard_filter_pass": true}}, {"type": "Feature", "geometry": {"type": "Polygon", "coordinates": [[[77.95257004112466, 16.459315090248612], [77.9525734592583, 16.459540789058934], [77.95280735261385, 16.459537490525342], [77.9528039342104, 16.459311791762744], [77.95257004112466, 16.459315090248612]]]}, "properties": {"name": "grid_00160", "display_name": "SFV-T0161", "role": "candidate_grid_cell", "area_ha": 0.0625, "named_subarea": null, "gee_matched": true, "NDVI_raw": 0.3069382302800909, "TreeCover_Pct": 70.04773269689737, "Elev_m": 355.94008194006136, "ElevStd_m": 2.895261053164645, "TRI_m": 0.3160460574433139, "Slope_deg": 0.05246032401919365, "NatCoverPct_2km": 11.776396336556616, "EdgeDensity_2km": 1.4087721710967738, "NatCoverPct_500m": 0.09120319549690269, "EdgeDensity_500m": 0.2569260751193234, "gHM": 0.3966672122478485, "DistWater_m": 1543.7682294229344, "LST_C": 30.042300023096477, "NightLights": 1.543125033378601, "BuiltUp_Pct": 0.0, "SEGMENT_ID": -1210000004.0, "hard_filter_pass": true}}, {"type": "Feature", "geometry": {"type": "Polygon", "coordinates": [[[77.9525734592583, 16.459540789058934], [77.95257687744542, 16.459766487863707], [77.9528107710708, 16.45976318928239], [77.95280735261385, 16.459537490525342], [77.9525734592583, 16.459540789058934]]]}, "properties": {"name": "grid_00161", "display_name": "SFV-T0162", "role": "candidate_grid_cell", "area_ha": 0.0625, "named_subarea": null, "gee_matched": true, "NDVI_raw": 0.26229186963052387, "TreeCover_Pct": 7.220216606498195, "Elev_m": 355.20360017081026, "ElevStd_m": 2.5602412810552355, "TRI_m": 0.28294754229334657, "Slope_deg": 0.05246032401919365, "NatCoverPct_2km": 11.811970895010536, "EdgeDensity_2km": 1.4015999310892557, "NatCoverPct_500m": 0.16765679440402534, "EdgeDensity_500m": 0.3376831252735244, "gHM": 0.3966672122478485, "DistWater_m": 1536.030836477187, "LST_C": 30.103709677419374, "NightLights": 1.543125033378601, "BuiltUp_Pct": 0.0, "SEGMENT_ID": -1825272994.0, "hard_filter_pass": true}}, {"type": "Feature", "geometry": {"type": "Polygon", "coordinates": [[[77.95257687744542, 16.459766487863707], [77.95258029568603, 16.459992186662944], [77.95281418958123, 16.459988888033905], [77.9528107710708, 16.45976318928239], [77.95257687744542, 16.459766487863707]]]}, "properties": {"name": "grid_00162", "display_name": "SFV-T0163", "role": "candidate_grid_cell", "area_ha": 0.0625, "named_subarea": null, "gee_matched": true, "NDVI_raw": 0.302558142066437, "TreeCover_Pct": 51.703163017031635, "Elev_m": 354.5797665078565, "ElevStd_m": 2.207190016687205, "TRI_m": 0.2519303550420147, "Slope_deg": 0.05246032401919365, "NatCoverPct_2km": 11.844384830296574, "EdgeDensity_2km": 1.396492665745856, "NatCoverPct_500m": 0.24304544746765605, "EdgeDensity_500m": 0.40044953252679266, "gHM": 0.3966672122478485, "DistWater_m": 1531.875060577079, "LST_C": 30.103709677419374, "NightLights": 1.543125033378601, "BuiltUp_Pct": 0.0, "SEGMENT_ID": -1825272994.0, "hard_filter_pass": true}}, {"type": "Feature", "geometry": {"type": "Polygon", "coordinates": [[[77.95258029568603, 16.459992186662944], [77.95258371398013, 16.460217885456625], [77.95281760814515, 16.460214586779863], [77.95281418958123, 16.459988888033905], [77.95258029568603, 16.459992186662944]]]}, "properties": {"name": "grid_00163", "display_name": "SFV-T0164", "role": "candidate_grid_cell", "area_ha": 0.0625, "named_subarea": null, "gee_matched": true, "NDVI_raw": 0.34291011531527593, "TreeCover_Pct": 100.0, "Elev_m": 354.3951446056938, "ElevStd_m": 1.9730268564788978, "TRI_m": 0.22993438916109446, "Slope_deg": 0.05246032401919365, "NatCoverPct_2km": 11.875101225329422, "EdgeDensity_2km": 1.3906780627045179, "NatCoverPct_500m": 0.317370203662403, "EdgeDensity_500m": 0.45388339655269144, "gHM": 0.3966672122478485, "DistWater_m": 1530.5762304921968, "LST_C": 30.103709677419374, "NightLights": 1.543125033378601, "BuiltUp_Pct": 0.0, "SEGMENT_ID": -1210000004.0, "hard_filter_pass": true}}, {"type": "Feature", "geometry": {"type": "Polygon", "coordinates": [[[77.95258371398013, 16.460217885456625], [77.95258713232771, 16.460443584244768], [77.95282102676255, 16.46044028552028], [77.95281760814515, 16.460214586779863], [77.95258371398013, 16.460217885456625]]]}, "properties": {"name": "grid_00164", "display_name": "SFV-T0165", "role": "candidate_grid_cell", "area_ha": 0.0625, "named_subarea": null, "gee_matched": true, "NDVI_raw": 0.29033940340286957, "TreeCover_Pct": 42.4296828246559, "Elev_m": 354.4414598155636, "ElevStd_m": 1.8016340250624974, "TRI_m": 0.2097867208037523, "Slope_deg": 0.05246032401919365, "NatCoverPct_2km": 11.903978536615414, "EdgeDensity_2km": 1.3876931510219646, "NatCoverPct_500m": 0.3839575383582772, "EdgeDensity_500m": 0.4877324599347083, "gHM": 0.3966672122478485, "DistWater_m": 1529.569120287253, "LST_C": 30.103709677419374, "NightLights": 1.543125033378601, "BuiltUp_Pct": 0.0, "SEGMENT_ID": -1825272994.0, "hard_filter_pass": true}}, {"type": "Feature", "geometry": {"type": "Polygon", "coordinates": [[[77.95258713232771, 16.460443584244768], [77.95259055072877, 16.460669283027364], [77.95282444543345, 16.46066598425515], [77.95282102676255, 16.46044028552028], [77.95258713232771, 16.460443584244768]]]}, "properties": {"name": "grid_00165", "display_name": "SFV-T0166", "role": "candidate_grid_cell", "area_ha": 0.0625, "named_subarea": null, "gee_matched": true, "NDVI_raw": 0.27016316571693827, "TreeCover_Pct": 0.0, "Elev_m": 353.73685704205246, "ElevStd_m": 1.749325253445233, "TRI_m": 0.18956451696949644, "Slope_deg": 0.05246032401919365, "NatCoverPct_2km": 11.932181346069408, "EdgeDensity_2km": 1.3841216628222084, "NatCoverPct_500m": 0.42626673514014346, "EdgeDensity_500m": 0.5220135457558537, "gHM": 0.3966672122478485, "DistWater_m": 1529.2348754448399, "LST_C": 30.103709677419374, "NightLights": 1.5217274346809797, "BuiltUp_Pct": 0.0, "SEGMENT_ID": -1825272994.0, "hard_filter_pass": true}}, {"type": "Feature", "geometry": {"type": "Polygon", "coordinates": [[[77.95282786415784, 16.460891682984474], [77.95282444543345, 16.46066598425515], [77.95259055072877, 16.460669283027364], [77.95259305820191, 16.46083483585165], [77.95262246213044, 16.460894579958097], [77.95282786415784, 16.460891682984474]]]}, "properties": {"name": "grid_00166", "display_name": "SFV-T0167", "role": "candidate_grid_cell", "area_ha": 0.06149, "named_subarea": null, "gee_matched": true, "NDVI_raw": 0.2535755259609619, "TreeCover_Pct": 0.0, "Elev_m": 352.60741692473323, "ElevStd_m": 1.7533667097019152, "TRI_m": 0.1819917130537721, "Slope_deg": 0.05246032401919365, "NatCoverPct_2km": 11.961601636726371, "EdgeDensity_2km": 1.3816132885759251, "NatCoverPct_500m": 0.46698421141710394, "EdgeDensity_500m": 0.5577504291689839, "gHM": 0.42198775302280067, "DistWater_m": 1527.219251336898, "LST_C": 30.103709677419374, "NightLights": 1.519374966621399, "BuiltUp_Pct": 0.0, "SEGMENT_ID": 229044935.0, "hard_filter_pass": true}}, {"type": "Feature", "geometry": {"type": "Polygon", "coordinates": [[[77.95283128293569, 16.46111738170826], [77.95282786415784, 16.460891682984474], [77.95262246213044, 16.460894579958097], [77.9527118, 16.461076100000003], [77.95272618607483, 16.461118864030805], [77.95283128293569, 16.46111738170826]]]}, "properties": {"name": "grid_00167", "display_name": "SFV-T0168", "role": "candidate_grid_cell", "area_ha": 0.04077, "named_subarea": null, "gee_matched": true, "NDVI_raw": 0.2449197471556889, "TreeCover_Pct": 0.0, "Elev_m": 352.600060791469, "ElevStd_m": 1.7489023152417198, "TRI_m": 0.17850337325021098, "Slope_deg": 0.05246032401919365, "NatCoverPct_2km": 11.998620889303977, "EdgeDensity_2km": 1.379255763783291, "NatCoverPct_500m": 0.5762222720836846, "EdgeDensity_500m": 0.6039308455902263, "gHM": 0.4317408502101898, "DistWater_m": 1514.637564039789, "LST_C": 30.103709677419374, "NightLights": 1.519374966621399, "BuiltUp_Pct": 0.0, "SEGMENT_ID": 229044935.0, "hard_filter_pass": true}}, {"type": "Feature", "geometry": {"type": "Polygon", "coordinates": [[[77.95274582953463, 16.455474911950276], [77.95297971798071, 16.455471614015345], [77.95297649888681, 16.455259031543726], [77.95274264666106, 16.455264704777534], [77.95274582953463, 16.455474911950276]]]}, "properties": {"name": "grid_00168", "display_name": "SFV-T0169", "role": "candidate_grid_cell", "area_ha": 0.05854, "named_subarea": null, "gee_matched": true, "NDVI_raw": 0.26168901266614875, "TreeCover_Pct": 20.819987187700193, "Elev_m": 362.63530448214664, "ElevStd_m": 1.3419321046679087, "TRI_m": 0.19967275935706286, "Slope_deg": 0.05246032401919365, "NatCoverPct_2km": 10.338713555882894, "EdgeDensity_2km": 1.313107043302127, "NatCoverPct_500m": 0.0, "EdgeDensity_500m": 0.03568867290847693, "gHM": 0.3676317848317674, "DistWater_m": 1566.163920211413, "LST_C": 30.89688000000001, "NightLights": 1.513124942779541, "BuiltUp_Pct": 0.0, "SEGMENT_ID": -1266363162.0, "hard_filter_pass": true}}, {"type": "Feature", "geometry": {"type": "Polygon", "coordinates": [[[77.95274582953463, 16.455474911950276], [77.95274924702889, 16.45570061080713], [77.9529831357447, 16.45569731282447], [77.95297971798071, 16.455471614015345], [77.95274582953463, 16.455474911950276]]]}, "properties": {"name": "grid_00169", "display_name": "SFV-T0170", "role": "candidate_grid_cell", "area_ha": 0.0625, "named_subarea": null, "gee_matched": true, "NDVI_raw": 0.2932565539177642, "TreeCover_Pct": 31.325301204819276, "Elev_m": 362.7874094400062, "ElevStd_m": 1.2200343503984978, "TRI_m": 0.19900497794286753, "Slope_deg": 0.05246032401919365, "NatCoverPct_2km": 10.493206915254301, "EdgeDensity_2km": 1.3343996839118206, "NatCoverPct_500m": 0.0, "EdgeDensity_500m": 0.0, "gHM": 0.38234999775886536, "DistWater_m": 1625.39539385027, "LST_C": 30.89688000000001, "NightLights": 1.513124942779541, "BuiltUp_Pct": 0.0, "SEGMENT_ID": -1266363162.0, "hard_filter_pass": true}}, {"type": "Feature", "geometry": {"type": "Polygon", "coordinates": [[[77.95274924702889, 16.45570061080713], [77.95275266457661, 16.455926309658434], [77.95298655356217, 16.455923011628048], [77.9529831357447, 16.45569731282447], [77.95274924702889, 16.45570061080713]]]}, "properties": {"name": "grid_00170", "display_name": "SFV-T0171", "role": "candidate_grid_cell", "area_ha": 0.0625, "named_subarea": null, "gee_matched": true, "NDVI_raw": 0.34632815593317284, "TreeCover_Pct": 69.89247311827957, "Elev_m": 362.56458970665796, "ElevStd_m": 1.1348524451858333, "TRI_m": 0.2029116985343794, "Slope_deg": 0.05246032401919365, "NatCoverPct_2km": 10.643453294557334, "EdgeDensity_2km": 1.3542100873684955, "NatCoverPct_500m": 0.0, "EdgeDensity_500m": 0.0, "gHM": 0.38234999775886536, "DistWater_m": 1691.3710998846868, "LST_C": 30.89688000000001, "NightLights": 1.513124942779541, "BuiltUp_Pct": 0.0, "SEGMENT_ID": -1266363162.0, "hard_filter_pass": true}}, {"type": "Feature", "geometry": {"type": "Polygon", "coordinates": [[[77.95275266457661, 16.455926309658434], [77.95275608217781, 16.4561520085042], [77.95298997143313, 16.45614871042609], [77.95298655356217, 16.455923011628048], [77.95275266457661, 16.455926309658434]]]}, "properties": {"name": "grid_00171", "display_name": "SFV-T0172", "role": "candidate_grid_cell", "area_ha": 0.0625, "named_subarea": null, "gee_matched": true, "NDVI_raw": 0.3122014409271329, "TreeCover_Pct": 46.11211573236889, "Elev_m": 362.9460345470021, "ElevStd_m": 1.114506203090835, "TRI_m": 0.20362541261873254, "Slope_deg": 0.05246032401919365, "NatCoverPct_2km": 10.77728130801946, "EdgeDensity_2km": 1.378012796125554, "NatCoverPct_500m": 0.0, "EdgeDensity_500m": 0.0, "gHM": 0.38234999775886536, "DistWater_m": 1753.1795079404185, "LST_C": 30.89688000000001, "NightLights": 1.513124942779541, "BuiltUp_Pct": 0.0, "SEGMENT_ID": -1266363162.0, "hard_filter_pass": true}}, {"type": "Feature", "geometry": {"type": "Polygon", "coordinates": [[[77.95275608217781, 16.4561520085042], [77.95275949983251, 16.456377707344416], [77.95299338935756, 16.45637440921858], [77.95298997143313, 16.45614871042609], [77.95275608217781, 16.4561520085042]]]}, "properties": {"name": "grid_00172", "display_name": "SFV-T0173", "role": "candidate_grid_cell", "area_ha": 0.0625, "named_subarea": null, "gee_matched": true, "NDVI_raw": 0.42257646033518037, "TreeCover_Pct": 92.14628297362108, "Elev_m": 362.5142375479499, "ElevStd_m": 1.1447222845327458, "TRI_m": 0.20294171611743395, "Slope_deg": 0.05246032401919365, "NatCoverPct_2km": 10.892800662917782, "EdgeDensity_2km": 1.3919268340340218, "NatCoverPct_500m": 0.0, "EdgeDensity_500m": 0.0, "gHM": 0.38234999775886536, "DistWater_m": 1821.3713845545142, "LST_C": 30.89688000000001, "NightLights": 1.5312904652645831, "BuiltUp_Pct": 0.0, "SEGMENT_ID": 998507734.0, "hard_filter_pass": true}}, {"type": "Feature", "geometry": {"type": "Polygon", "coordinates": [[[77.95275949983251, 16.456377707344416], [77.95276291754068, 16.456603406179095], [77.9529968073355, 16.45660010800553], [77.95299338935756, 16.45637440921858], [77.95275949983251, 16.456377707344416]]]}, "properties": {"name": "grid_00173", "display_name": "SFV-T0174", "role": "candidate_grid_cell", "area_ha": 0.0625, "named_subarea": null, "gee_matched": true, "NDVI_raw": 0.37178211779156123, "TreeCover_Pct": 41.39420111042566, "Elev_m": 362.090355978418, "ElevStd_m": 1.189319916220384, "TRI_m": 0.21513675254774303, "Slope_deg": 0.05246032401919365, "NatCoverPct_2km": 11.003539992814773, "EdgeDensity_2km": 1.3926600211636146, "NatCoverPct_500m": 0.0, "EdgeDensity_500m": 0.0, "gHM": 0.38234999775886536, "DistWater_m": 1862.1333424640063, "LST_C": 30.89688000000001, "NightLights": 1.543125033378601, "BuiltUp_Pct": 0.0, "SEGMENT_ID": -1266363162.0, "hard_filter_pass": true}}, {"type": "Feature", "geometry": {"type": "Polygon", "coordinates": [[[77.95276291754068, 16.456603406179095], [77.95276633530233, 16.45682910500822], [77.9530002253669, 16.456825806786934], [77.9529968073355, 16.45660010800553], [77.95276291754068, 16.456603406179095]]]}, "properties": {"name": "grid_00174", "display_name": "SFV-T0175", "role": "candidate_grid_cell", "area_ha": 0.0625, "named_subarea": null, "gee_matched": true, "NDVI_raw": 0.22984404754491936, "TreeCover_Pct": 0.0, "Elev_m": 361.8402193165609, "ElevStd_m": 1.3378160114652156, "TRI_m": 0.242417966360457, "Slope_deg": 0.05246032401919365, "NatCoverPct_2km": 11.108963702664884, "EdgeDensity_2km": 1.3927167026517884, "NatCoverPct_500m": 0.0, "EdgeDensity_500m": 0.0, "gHM": 0.38234999775886536, "DistWater_m": 1827.2751895716276, "LST_C": 30.89688000000001, "NightLights": 1.543125033378601, "BuiltUp_Pct": 0.0, "SEGMENT_ID": -1111774134.0, "hard_filter_pass": true}}, {"type": "Feature", "geometry": {"type": "Polygon", "coordinates": [[[77.95276633530233, 16.45682910500822], [77.95276975311745, 16.457054803831813], [77.95300364345181, 16.4570515055628], [77.9530002253669, 16.456825806786934], [77.95276633530233, 16.45682910500822]]]}, "properties": {"name": "grid_00175", "display_name": "SFV-T0176", "role": "candidate_grid_cell", "area_ha": 0.0625, "named_subarea": null, "gee_matched": true, "NDVI_raw": 0.235703541400278, "TreeCover_Pct": 0.0, "Elev_m": 361.31051751676887, "ElevStd_m": 1.4528909192836774, "TRI_m": 0.2852415426190824, "Slope_deg": 0.05246032401919365, "NatCoverPct_2km": 11.210968929499002, "EdgeDensity_2km": 1.3931927469990824, "NatCoverPct_500m": 0.0, "EdgeDensity_500m": 0.0, "gHM": 0.38234999775886536, "DistWater_m": 1782.564041633109, "LST_C": 30.89688000000001, "NightLights": 1.543125033378601, "BuiltUp_Pct": 0.0, "SEGMENT_ID": -1060108935.0, "hard_filter_pass": true}}, {"type": "Feature", "geometry": {"type": "Polygon", "coordinates": [[[77.95276975311745, 16.457054803831813], [77.95277317098608, 16.45728050264986], [77.9530070615902, 16.457277204333117], [77.95300364345181, 16.4570515055628], [77.95276975311745, 16.457054803831813]]]}, "properties": {"name": "grid_00176", "display_name": "SFV-T0177", "role": "candidate_grid_cell", "area_ha": 0.0625, "named_subarea": null, "gee_matched": true, "NDVI_raw": 0.2281298208211315, "TreeCover_Pct": 0.0, "Elev_m": 361.1118293261006, "ElevStd_m": 1.524306163974643, "TRI_m": 0.33395629420624484, "Slope_deg": 0.05246032401919365, "NatCoverPct_2km": 11.307635725256036, "EdgeDensity_2km": 1.3936370358547434, "NatCoverPct_500m": 0.0, "EdgeDensity_500m": 0.0, "gHM": 0.38234999775886536, "DistWater_m": 1739.9695737509246, "LST_C": 30.89688000000001, "NightLights": 1.543125033378601, "BuiltUp_Pct": 0.0, "SEGMENT_ID": 1235057385.0, "hard_filter_pass": true}}, {"type": "Feature", "geometry": {"type": "Polygon", "coordinates": [[[77.95277317098608, 16.45728050264986], [77.95277658890818, 16.457506201462355], [77.95301047978208, 16.457502903097886], [77.9530070615902, 16.457277204333117], [77.95277317098608, 16.45728050264986]]]}, "properties": {"name": "grid_00177", "display_name": "SFV-T0178", "role": "candidate_grid_cell", "area_ha": 0.0625, "named_subarea": null, "gee_matched": true, "NDVI_raw": 0.2185295112925358, "TreeCover_Pct": 0.0, "Elev_m": 361.11531300654025, "ElevStd_m": 1.6271289261977573, "TRI_m": 0.3542757457550511, "Slope_deg": 0.05246032401919365, "NatCoverPct_2km": 11.401197461167987, "EdgeDensity_2km": 1.4010494895446415, "NatCoverPct_500m": 0.0, "EdgeDensity_500m": 0.0, "gHM": 0.38234999775886536, "DistWater_m": 1700.403166939937, "LST_C": 30.89688000000001, "NightLights": 1.543125033378601, "BuiltUp_Pct": 0.0, "SEGMENT_ID": 1235057385.0, "hard_filter_pass": true}}, {"type": "Feature", "geometry": {"type": "Polygon", "coordinates": [[[77.95277658890818, 16.457506201462355], [77.95278000688376, 16.457731900269312], [77.95301389802744, 16.457728601857117], [77.95301047978208, 16.457502903097886], [77.95277658890818, 16.457506201462355]]]}, "properties": {"name": "grid_00178", "display_name": "SFV-T0179", "role": "candidate_grid_cell", "area_ha": 0.0625, "named_subarea": null, "gee_matched": true, "NDVI_raw": 0.24223719059093252, "TreeCover_Pct": 0.0, "Elev_m": 361.10974176212807, "ElevStd_m": 1.7640549771135787, "TRI_m": 0.3664450998949433, "Slope_deg": 0.05246032401919365, "NatCoverPct_2km": 11.48047513636112, "EdgeDensity_2km": 1.414382461804479, "NatCoverPct_500m": 0.0, "EdgeDensity_500m": 0.0, "gHM": 0.38234999775886536, "DistWater_m": 1662.3226272006075, "LST_C": 30.89688000000001, "NightLights": 1.543125033378601, "BuiltUp_Pct": 0.0, "SEGMENT_ID": 1235057385.0, "hard_filter_pass": true}}, {"type": "Feature", "geometry": {"type": "Polygon", "coordinates": [[[77.95278000688376, 16.457731900269312], [77.95278342491282, 16.45795759907072], [77.95301731632628, 16.457954300610794], [77.95301389802744, 16.457728601857117], [77.95278000688376, 16.457731900269312]]]}, "properties": {"name": "grid_00179", "display_name": "SFV-T0180", "role": "candidate_grid_cell", "area_ha": 0.0625, "named_subarea": null, "gee_matched": true, "NDVI_raw": 0.21787677480482104, "TreeCover_Pct": 1.132975551580203, "Elev_m": 361.1671359676936, "ElevStd_m": 1.979354850595302, "TRI_m": 0.3761988197832613, "Slope_deg": 0.05246032401919365, "NatCoverPct_2km": 11.547616568381217, "EdgeDensity_2km": 1.4244708766912473, "NatCoverPct_500m": 0.0, "EdgeDensity_500m": 0.0, "gHM": 0.38234999775886536, "DistWater_m": 1628.1753075477866, "LST_C": 30.89688000000001, "NightLights": 1.543125033378601, "BuiltUp_Pct": 0.0, "SEGMENT_ID": 1235057385.0, "hard_filter_pass": true}}, {"type": "Feature", "geometry": {"type": "Polygon", "coordinates": [[[77.95278342491282, 16.45795759907072], [77.95278684299538, 16.458183297866583], [77.95302073467862, 16.458179999358936], [77.95301731632628, 16.457954300610794], [77.95278342491282, 16.45795759907072]]]}, "properties": {"name": "grid_00180", "display_name": "SFV-T0181", "role": "candidate_grid_cell", "area_ha": 0.0625, "named_subarea": null, "gee_matched": true, "NDVI_raw": 0.24673971475392248, "TreeCover_Pct": 7.836045810729357, "Elev_m": 363.48547790049076, "ElevStd_m": 2.234992168228891, "TRI_m": 0.38026722047905953, "Slope_deg": 0.05246032401919365, "NatCoverPct_2km": 11.605769559036025, "EdgeDensity_2km": 1.4305262778847017, "NatCoverPct_500m": 0.0, "EdgeDensity_500m": 0.006044785574530272, "gHM": 0.39162727658686847, "DistWater_m": 1595.3344502272898, "LST_C": 30.89688000000001, "NightLights": 1.543125033378601, "BuiltUp_Pct": 0.0, "SEGMENT_ID": 1953133070.0, "hard_filter_pass": true}}, {"type": "Feature", "geometry": {"type": "Polygon", "coordinates": [[[77.95278684299538, 16.458183297866583], [77.95279026113141, 16.45840899665691], [77.95302415308446, 16.458405698101533], [77.95302073467862, 16.458179999358936], [77.95278684299538, 16.458183297866583]]]}, "properties": {"name": "grid_00181", "display_name": "SFV-T0182", "role": "candidate_grid_cell", "area_ha": 0.0625, "named_subarea": null, "gee_matched": true, "NDVI_raw": 0.27251054337486436, "TreeCover_Pct": 9.92691839220463, "Elev_m": 363.5417043892679, "ElevStd_m": 2.5017417483449678, "TRI_m": 0.38494210466239875, "Slope_deg": 0.05246032401919365, "NatCoverPct_2km": 11.659456928192984, "EdgeDensity_2km": 1.4276739320258545, "NatCoverPct_500m": 0.004207130069954417, "EdgeDensity_500m": 0.07374567076644238, "gHM": 0.3966672122478485, "DistWater_m": 1566.4048511580997, "LST_C": 30.38601325763232, "NightLights": 1.543125033378601, "BuiltUp_Pct": 0.0, "SEGMENT_ID": 1953133070.0, "hard_filter_pass": true}}, {"type": "Feature", "geometry": {"type": "Polygon", "coordinates": [[[77.95279026113141, 16.45840899665691], [77.95279367932093, 16.45863469544168], [77.95302757154376, 16.458631396838577], [77.95302415308446, 16.458405698101533], [77.95279026113141, 16.45840899665691]]]}, "properties": {"name": "grid_00182", "display_name": "SFV-T0183", "role": "candidate_grid_cell", "area_ha": 0.0625, "named_subarea": null, "gee_matched": true, "NDVI_raw": 0.3204135673356099, "TreeCover_Pct": 74.77531455961653, "Elev_m": 361.0929333210848, "ElevStd_m": 2.778957561107219, "TRI_m": 0.3832392377859678, "Slope_deg": 0.05246032401919365, "NatCoverPct_2km": 11.707646777730275, "EdgeDensity_2km": 1.4228920315357618, "NatCoverPct_500m": 0.05512764467621699, "EdgeDensity_500m": 0.16770409801501804, "gHM": 0.3966672122478485, "DistWater_m": 1539.5843038266316, "LST_C": 29.761774193548376, "NightLights": 1.543125033378601, "BuiltUp_Pct": 0.0, "SEGMENT_ID": -1210000004.0, "hard_filter_pass": true}}, {"type": "Feature", "geometry": {"type": "Polygon", "coordinates": [[[77.95279367932093, 16.45863469544168], [77.95279709756393, 16.458860394220913], [77.95303099005658, 16.45885709557009], [77.95302757154376, 16.458631396838577], [77.95279367932093, 16.45863469544168]]]}, "properties": {"name": "grid_00183", "display_name": "SFV-T0184", "role": "candidate_grid_cell", "area_ha": 0.0625, "named_subarea": null, "gee_matched": true, "NDVI_raw": 0.2969414611848501, "TreeCover_Pct": 52.103365384615394, "Elev_m": 359.0410225207989, "ElevStd_m": 2.9780722915436764, "TRI_m": 0.37212824280710566, "Slope_deg": 0.05246032401919365, "NatCoverPct_2km": 11.75197845699503, "EdgeDensity_2km": 1.4162839090139954, "NatCoverPct_500m": 0.1329827103133652, "EdgeDensity_500m": 0.26417619870615056, "gHM": 0.3966672122478485, "DistWater_m": 1516.417080785564, "LST_C": 29.761774193548376, "NightLights": 1.543125033378601, "BuiltUp_Pct": 0.0, "SEGMENT_ID": -1210000004.0, "hard_filter_pass": true}}, {"type": "Feature", "geometry": {"type": "Polygon", "coordinates": [[[77.95279709756393, 16.458860394220913], [77.95280051586043, 16.4590860929946], [77.95303440862287, 16.45908279429604], [77.95303099005658, 16.45885709557009], [77.95279709756393, 16.458860394220913]]]}, "properties": {"name": "grid_00184", "display_name": "SFV-T0185", "role": "candidate_grid_cell", "area_ha": 0.0625, "named_subarea": null, "gee_matched": true, "NDVI_raw": 0.26139964961140044, "TreeCover_Pct": 28.807556080283355, "Elev_m": 357.6929889124991, "ElevStd_m": 3.033911463008672, "TRI_m": 0.3589703408624713, "Slope_deg": 0.05246032401919365, "NatCoverPct_2km": 11.7927772438157, "EdgeDensity_2km": 1.4090827881472139, "NatCoverPct_500m": 0.22757243655801757, "EdgeDensity_500m": 0.35185232647601694, "gHM": 0.3966672122478485, "DistWater_m": 1496.9865998207288, "LST_C": 29.761774193548376, "NightLights": 1.543125033378601, "BuiltUp_Pct": 0.0, "SEGMENT_ID": 1901866486.0, "hard_filter_pass": true}}, {"type": "Feature", "geometry": {"type": "Polygon", "coordinates": [[[77.95280051586043, 16.4590860929946], [77.9528039342104, 16.459311791762744], [77.95303782724265, 16.459308493016458], [77.95303440862287, 16.45908279429604], [77.95280051586043, 16.4590860929946]]]}, "properties": {"name": "grid_00185", "display_name": "SFV-T0186", "role": "candidate_grid_cell", "area_ha": 0.0625, "named_subarea": null, "gee_matched": true, "NDVI_raw": 0.29112768954341217, "TreeCover_Pct": 48.583234946871315, "Elev_m": 356.41198458440755, "ElevStd_m": 2.962733475478756, "TRI_m": 0.34239490920742033, "Slope_deg": 0.05246032401919365, "NatCoverPct_2km": 11.830104358517184, "EdgeDensity_2km": 1.4014448430692479, "NatCoverPct_500m": 0.34213056185817253, "EdgeDensity_500m": 0.4383623382677504, "gHM": 0.3966672122478485, "DistWater_m": 1479.8415697763312, "LST_C": 29.761774193548376, "NightLights": 1.543125033378601, "BuiltUp_Pct": 0.0, "SEGMENT_ID": 1901866486.0, "hard_filter_pass": true}}, {"type": "Feature", "geometry": {"type": "Polygon", "coordinates": [[[77.9528039342104, 16.459311791762744], [77.95280735261385, 16.459537490525342], [77.95304124591593, 16.45953419173133], [77.95303782724265, 16.459308493016458], [77.9528039342104, 16.459311791762744]]]}, "properties": {"name": "grid_00186", "display_name": "SFV-T0187", "role": "candidate_grid_cell", "area_ha": 0.0625, "named_subarea": null, "gee_matched": true, "NDVI_raw": 0.30266546820564577, "TreeCover_Pct": 49.81751824817518, "Elev_m": 356.1181332850398, "ElevStd_m": 2.744024028785529, "TRI_m": 0.3154759775290292, "Slope_deg": 0.05246032401919365, "NatCoverPct_2km": 11.863922232986335, "EdgeDensity_2km": 1.393432367712514, "NatCoverPct_500m": 0.4813088428228982, "EdgeDensity_500m": 0.5200920932945112, "gHM": 0.3966672122478485, "DistWater_m": 1467.1988739128699, "LST_C": 29.773629620908864, "NightLights": 1.543125033378601, "BuiltUp_Pct": 0.0, "SEGMENT_ID": 1901866486.0, "hard_filter_pass": true}}, {"type": "Feature", "geometry": {"type": "Polygon", "coordinates": [[[77.95280735261385, 16.459537490525342], [77.9528107710708, 16.45976318928239], [77.95304466464269, 16.459759890440655], [77.95304124591593, 16.45953419173133], [77.95280735261385, 16.459537490525342]]]}, "properties": {"name": "grid_00187", "display_name": "SFV-T0188", "role": "candidate_grid_cell", "area_ha": 0.0625, "named_subarea": null, "gee_matched": true, "NDVI_raw": 0.3305603166001841, "TreeCover_Pct": 77.3220747889023, "Elev_m": 355.63340437167807, "ElevStd_m": 2.39857729661216, "TRI_m": 0.279743056700571, "Slope_deg": 0.05246032401919365, "NatCoverPct_2km": 11.893023846435009, "EdgeDensity_2km": 1.3866381291700651, "NatCoverPct_500m": 0.6318462910342237, "EdgeDensity_500m": 0.5817957085131444, "gHM": 0.3966672122478485, "DistWater_m": 1458.5958107495462, "LST_C": 29.865509747460997, "NightLights": 1.543125033378601, "BuiltUp_Pct": 0.0, "SEGMENT_ID": -1210000004.0, "hard_filter_pass": true}}, {"type": "Feature", "geometry": {"type": "Polygon", "coordinates": [[[77.9528107710708, 16.45976318928239], [77.95281418958123, 16.459988888033905], [77.95304808342294, 16.45998558914443], [77.95304466464269, 16.459759890440655], [77.9528107710708, 16.45976318928239]]]}, "properties": {"name": "grid_00188", "display_name": "SFV-T0189", "role": "candidate_grid_cell", "area_ha": 0.0625, "named_subarea": null, "gee_matched": true, "NDVI_raw": 0.2995362665922133, "TreeCover_Pct": 50.301568154402894, "Elev_m": 354.8297564203978, "ElevStd_m": 2.056623459209691, "TRI_m": 0.24792595208798907, "Slope_deg": 0.05246032401919365, "NatCoverPct_2km": 11.921406702019109, "EdgeDensity_2km": 1.3812415445260458, "NatCoverPct_500m": 0.7598518886040594, "EdgeDensity_500m": 0.6336854291521411, "gHM": 0.3966672122478485, "DistWater_m": 1454.3578528284418, "LST_C": 30.02039126036034, "NightLights": 1.543125033378601, "BuiltUp_Pct": 0.0, "SEGMENT_ID": -1210000004.0, "hard_filter_pass": true}}, {"type": "Feature", "geometry": {"type": "Polygon", "coordinates": [[[77.95281418958123, 16.459988888033905], [77.95281760814515, 16.460214586779863], [77.95305150225668, 16.460211287842665], [77.95304808342294, 16.45998558914443], [77.95281418958123, 16.459988888033905]]]}, "properties": {"name": "grid_00189", "display_name": "SFV-T0190", "role": "candidate_grid_cell", "area_ha": 0.0625, "named_subarea": null, "gee_matched": true, "NDVI_raw": 0.3143219829802095, "TreeCover_Pct": 66.6058394160584, "Elev_m": 354.67793775126876, "ElevStd_m": 1.8404904965533713, "TRI_m": 0.22243361639658826, "Slope_deg": 0.05246032401919365, "NatCoverPct_2km": 11.947872800322607, "EdgeDensity_2km": 1.3778643315627457, "NatCoverPct_500m": 0.876919379415364, "EdgeDensity_500m": 0.6782657558001489, "gHM": 0.3966672122478485, "DistWater_m": 1452.4817518248174, "LST_C": 30.080622792559467, "NightLights": 1.543125033378601, "BuiltUp_Pct": 0.0, "SEGMENT_ID": -1210000004.0, "hard_filter_pass": true}}, {"type": "Feature", "geometry": {"type": "Polygon", "coordinates": [[[77.95281760814515, 16.460214586779863], [77.95282102676255, 16.46044028552028], [77.95305492114393, 16.46043698653536], [77.95305150225668, 16.460211287842665], [77.95281760814515, 16.460214586779863]]]}, "properties": {"name": "grid_00190", "display_name": "SFV-T0191", "role": "candidate_grid_cell", "area_ha": 0.0625, "named_subarea": null, "gee_matched": true, "NDVI_raw": 0.30680623889985204, "TreeCover_Pct": 49.908703590992104, "Elev_m": 354.86101373636507, "ElevStd_m": 1.69470768513065, "TRI_m": 0.2056984683716957, "Slope_deg": 0.05246032401919365, "NatCoverPct_2km": 11.976283391052647, "EdgeDensity_2km": 1.3755212814824427, "NatCoverPct_500m": 0.9772588684223374, "EdgeDensity_500m": 0.7197546141619116, "gHM": 0.3966672122478485, "DistWater_m": 1450.7547169811323, "LST_C": 30.103709677419374, "NightLights": 1.543125033378601, "BuiltUp_Pct": 0.0, "SEGMENT_ID": -1210000004.0, "hard_filter_pass": true}}, {"type": "Feature", "geometry": {"type": "Polygon", "coordinates": [[[77.95282102676255, 16.46044028552028], [77.95282444543345, 16.46066598425515], [77.95305834008464, 16.460662685222502], [77.95305492114393, 16.46043698653536], [77.95282102676255, 16.46044028552028]]]}, "properties": {"name": "grid_00191", "display_name": "SFV-T0192", "role": "candidate_grid_cell", "area_ha": 0.0625, "named_subarea": null, "gee_matched": true, "NDVI_raw": 0.3016741896041464, "TreeCover_Pct": 48.676293622142, "Elev_m": 354.15750452585604, "ElevStd_m": 1.644626646609391, "TRI_m": 0.19066552591552885, "Slope_deg": 0.05246032401919365, "NatCoverPct_2km": 12.001685366454378, "EdgeDensity_2km": 1.3736349111991122, "NatCoverPct_500m": 1.069854372335822, "EdgeDensity_500m": 0.7592078125868921, "gHM": 0.3966672122478485, "DistWater_m": 1449.5306859205778, "LST_C": 30.103709677419374, "NightLights": 1.5217328252344782, "BuiltUp_Pct": 0.0, "SEGMENT_ID": -1210000004.0, "hard_filter_pass": true}}, {"type": "Feature", "geometry": {"type": "Polygon", "coordinates": [[[77.95282444543345, 16.46066598425515], [77.95282786415784, 16.460891682984474], [77.95306175907886, 16.4608883839041], [77.95305834008464, 16.460662685222502], [77.95282444543345, 16.46066598425515]]]}, "properties": {"name": "grid_00192", "display_name": "SFV-T0193", "role": "candidate_grid_cell", "area_ha": 0.0625, "named_subarea": null, "gee_matched": true, "NDVI_raw": 0.25154328421025296, "TreeCover_Pct": 0.0, "Elev_m": 353.0376931102758, "ElevStd_m": 1.6676306365747606, "TRI_m": 0.1835672410365952, "Slope_deg": 0.05246032401919365, "NatCoverPct_2km": 12.025594594040461, "EdgeDensity_2km": 1.3719025294271552, "NatCoverPct_500m": 1.138084710060408, "EdgeDensity_500m": 0.7853195534897396, "gHM": 0.4212229492202882, "DistWater_m": 1448.2795698924729, "LST_C": 30.103709677419374, "NightLights": 1.519374966621399, "BuiltUp_Pct": 0.0, "SEGMENT_ID": 229044935.0, "hard_filter_pass": true}}, {"type": "Feature", "geometry": {"type": "Polygon", "coordinates": [[[77.95282786415784, 16.460891682984474], [77.95283128293569, 16.46111738170826], [77.95306517812658, 16.461114082580153], [77.95306175907886, 16.4608883839041], [77.95282786415784, 16.460891682984474]]]}, "properties": {"name": "grid_00193", "display_name": "SFV-T0194", "role": "candidate_grid_cell", "area_ha": 0.0625, "named_subarea": null, "gee_matched": true, "NDVI_raw": 0.2883700794411041, "TreeCover_Pct": 42.062097246631524, "Elev_m": 352.610233943785, "ElevStd_m": 1.693215798041493, "TRI_m": 0.18062487808751818, "Slope_deg": 0.05246032401919365, "NatCoverPct_2km": 12.048409925956772, "EdgeDensity_2km": 1.372788435023308, "NatCoverPct_500m": 1.1865328019234438, "EdgeDensity_500m": 0.7877336000054164, "gHM": 0.4317408502101898, "DistWater_m": 1447.6384293217232, "LST_C": 30.103709677419374, "NightLights": 1.519374966621399, "BuiltUp_Pct": 0.0, "SEGMENT_ID": 229044935.0, "hard_filter_pass": true}}, {"type": "Feature", "geometry": {"type": "Polygon", "coordinates": [[[77.95283128293569, 16.46111738170826], [77.95283470176705, 16.461343080426488], [77.95306859722778, 16.46133978125066], [77.95306517812658, 16.461114082580153], [77.95283128293569, 16.46111738170826]]]}, "properties": {"name": "grid_00194", "display_name": "SFV-T0195", "role": "candidate_grid_cell", "area_ha": 0.0625, "named_subarea": null, "gee_matched": true, "NDVI_raw": 0.31804163429004406, "TreeCover_Pct": 74.41140024783147, "Elev_m": 352.37920265245026, "ElevStd_m": 1.7236994644782009, "TRI_m": 0.18817067948210375, "Slope_deg": 0.05246032401919365, "NatCoverPct_2km": 12.070221324050069, "EdgeDensity_2km": 1.3732027906092725, "NatCoverPct_500m": 1.1877014077750658, "EdgeDensity_500m": 0.7839187134661288, "gHM": 0.4317408502101898, "DistWater_m": 1448.470297858626, "LST_C": 30.103709677419374, "NightLights": 1.519374966621399, "BuiltUp_Pct": 0.0, "SEGMENT_ID": 1528333622.0, "hard_filter_pass": true}}, {"type": "Feature", "geometry": {"type": "Polygon", "coordinates": [[[77.95307201638248, 16.46156547991562], [77.95306859722778, 16.46133978125066], [77.95283470176705, 16.461343080426488], [77.95283626191527, 16.46144607451985], [77.9528395, 16.4614557], [77.95287647059436, 16.461568238210766], [77.95307201638248, 16.46156547991562]]]}, "properties": {"name": "grid_00195", "display_name": "SFV-T0196", "role": "candidate_grid_cell", "area_ha": 0.05971, "named_subarea": null, "gee_matched": true, "NDVI_raw": 0.2518098534505694, "TreeCover_Pct": 2.268546903740037, "Elev_m": 351.8824061540503, "ElevStd_m": 1.8184940187746383, "TRI_m": 0.20075708294097566, "Slope_deg": 0.05246032401919365, "NatCoverPct_2km": 12.095251247996945, "EdgeDensity_2km": 1.370936555088718, "NatCoverPct_500m": 1.1596958542638247, "EdgeDensity_500m": 0.7845911615140752, "gHM": 0.4317408502101898, "DistWater_m": 1452.7351060740607, "LST_C": 30.103709677419374, "NightLights": 1.519374966621399, "BuiltUp_Pct": 0.0, "SEGMENT_ID": 229044935.0, "hard_filter_pass": true}}, {"type": "Feature", "geometry": {"type": "Polygon", "coordinates": [[[77.95307543559066, 16.461791178575034], [77.95307201638248, 16.46156547991562], [77.95287647059436, 16.461568238210766], [77.9529418, 16.4617671], [77.9529524685104, 16.4617929131467], [77.95307543559066, 16.461791178575034]]]}, "properties": {"name": "grid_00196", "display_name": "SFV-T0197", "role": "candidate_grid_cell", "area_ha": 0.04281, "named_subarea": null, "gee_matched": true, "NDVI_raw": 0.26547714890095225, "TreeCover_Pct": 13.24561403508772, "Elev_m": 351.90995526230114, "ElevStd_m": 1.9176073371398765, "TRI_m": 0.21752273400698405, "Slope_deg": 0.05246032401919365, "NatCoverPct_2km": 12.127497675542527, "EdgeDensity_2km": 1.3679176581461137, "NatCoverPct_500m": 1.1819992581979042, "EdgeDensity_500m": 0.8049568241198836, "gHM": 0.4317408502101898, "DistWater_m": 1451.718837909087, "LST_C": 30.103709677419374, "NightLights": 1.519374966621399, "BuiltUp_Pct": 0.0, "SEGMENT_ID": 1528333622.0, "hard_filter_pass": true}}, {"type": "Feature", "geometry": {"type": "Polygon", "coordinates": [[[77.95297971798071, 16.455471614015345], [77.9532136063733, 16.45546831582006], [77.95321035105341, 16.45525335805057], [77.95297649888681, 16.455259031543726], [77.95297971798071, 16.455471614015345]]]}, "properties": {"name": "grid_00197", "display_name": "SFV-T0198", "role": "candidate_grid_cell", "area_ha": 0.0592, "named_subarea": null, "gee_matched": true, "NDVI_raw": 0.28491705859124544, "TreeCover_Pct": 38.61264579496624, "Elev_m": 362.9423337670614, "ElevStd_m": 1.2891171667511427, "TRI_m": 0.20366263947716276, "Slope_deg": 0.05246032401919365, "NatCoverPct_2km": 10.496951237203872, "EdgeDensity_2km": 1.3077312910673868, "NatCoverPct_500m": 0.0, "EdgeDensity_500m": 0.00096717504611007, "gHM": 0.3670442819485567, "DistWater_m": 1610.8971002385158, "LST_C": 30.89688000000001, "NightLights": 1.513124942779541, "BuiltUp_Pct": 0.0, "SEGMENT_ID": -1266363162.0, "hard_filter_pass": true}}, {"type": "Feature", "geometry": {"type": "Polygon", "coordinates": [[[77.95297971798071, 16.455471614015345], [77.9529831357447, 16.45569731282447], [77.95321702440702, 16.455694014581457], [77.9532136063733, 16.45546831582006], [77.95297971798071, 16.455471614015345]]]}, "properties": {"name": "grid_00198", "display_name": "SFV-T0199", "role": "candidate_grid_cell", "area_ha": 0.0625, "named_subarea": null, "gee_matched": true, "NDVI_raw": 0.3212716624619673, "TreeCover_Pct": 82.89872650090965, "Elev_m": 362.92545158983074, "ElevStd_m": 1.155005481690434, "TRI_m": 0.204970283381491, "Slope_deg": 0.05246032401919365, "NatCoverPct_2km": 10.644080573846843, "EdgeDensity_2km": 1.3303492839438784, "NatCoverPct_500m": 0.0, "EdgeDensity_500m": 0.0, "gHM": 0.38234999775886536, "DistWater_m": 1668.4150175592708, "LST_C": 30.89688000000001, "NightLights": 1.513124942779541, "BuiltUp_Pct": 0.0, "SEGMENT_ID": -1266363162.0, "hard_filter_pass": true}}, {"type": "Feature", "geometry": {"type": "Polygon", "coordinates": [[[77.9529831357447, 16.45569731282447], [77.95298655356217, 16.455923011628048], [77.95322044249423, 16.455919713337305], [77.95321702440702, 16.455694014581457], [77.9529831357447, 16.45569731282447]]]}, "properties": {"name": "grid_00199", "display_name": "SFV-T0200", "role": "candidate_grid_cell", "area_ha": 0.0625, "named_subarea": null, "gee_matched": true, "NDVI_raw": 0.37863008445241547, "TreeCover_Pct": 100.0, "Elev_m": 362.57532841125925, "ElevStd_m": 1.106809391541599, "TRI_m": 0.20601067738930226, "Slope_deg": 0.05246032401919365, "NatCoverPct_2km": 10.785395156056309, "EdgeDensity_2km": 1.3541876080057287, "NatCoverPct_500m": 0.0, "EdgeDensity_500m": 0.0, "gHM": 0.38234999775886536, "DistWater_m": 1733.3191941735329, "LST_C": 30.89688000000001, "NightLights": 1.513124942779541, "BuiltUp_Pct": 0.0, "SEGMENT_ID": -1266363162.0, "hard_filter_pass": true}}, {"type": "Feature", "geometry": {"type": "Polygon", "coordinates": [[[77.95298655356217, 16.455923011628048], [77.95298997143313, 16.45614871042609], [77.95322386063495, 16.45614541208761], [77.95322044249423, 16.455919713337305], [77.95298655356217, 16.455923011628048]]]}, "properties": {"name": "grid_00200", "display_name": "SFV-T0201", "role": "candidate_grid_cell", "area_ha": 0.0625, "named_subarea": null, "gee_matched": true, "NDVI_raw": 0.33581050296301157, "TreeCover_Pct": 59.73477998794456, "Elev_m": 362.739384628765, "ElevStd_m": 1.13480658115351, "TRI_m": 0.20074796136227577, "Slope_deg": 0.05246032401919365, "NatCoverPct_2km": 10.907098011718514, "EdgeDensity_2km": 1.3776703176253438, "NatCoverPct_500m": 0.0, "EdgeDensity_500m": 0.0, "gHM": 0.38234999775886536, "DistWater_m": 1794.279758807168, "LST_C": 30.89688000000001, "NightLights": 1.513124942779541, "BuiltUp_Pct": 0.0, "SEGMENT_ID": -1266363162.0, "hard_filter_pass": true}}, {"type": "Feature", "geometry": {"type": "Polygon", "coordinates": [[[77.95298997143313, 16.45614871042609], [77.95299338935756, 16.45637440921858], [77.95322727882913, 16.456371110832382], [77.95322386063495, 16.45614541208761], [77.95298997143313, 16.45614871042609]]]}, "properties": {"name": "grid_00201", "display_name": "SFV-T0202", "role": "candidate_grid_cell", "area_ha": 0.0625, "named_subarea": null, "gee_matched": true, "NDVI_raw": 0.4569283018604383, "TreeCover_Pct": 100.0, "Elev_m": 362.17880491197536, "ElevStd_m": 1.212308752231752, "TRI_m": 0.2011912671364605, "Slope_deg": 0.05246032401919365, "NatCoverPct_2km": 11.017858755908525, "EdgeDensity_2km": 1.385102446238785, "NatCoverPct_500m": 0.0, "EdgeDensity_500m": 0.0, "gHM": 0.38234999775886536, "DistWater_m": 1842.076998058206, "LST_C": 30.89688000000001, "NightLights": 1.531114257249741, "BuiltUp_Pct": 0.0, "SEGMENT_ID": 998507734.0, "hard_filter_pass": true}}, {"type": "Feature", "geometry": {"type": "Polygon", "coordinates": [[[77.95299338935756, 16.45637440921858], [77.9529968073355, 16.45660010800553], [77.95323069707682, 16.4565968095716], [77.95322727882913, 16.456371110832382], [77.95299338935756, 16.45637440921858]]]}, "properties": {"name": "grid_00202", "display_name": "SFV-T0203", "role": "candidate_grid_cell", "area_ha": 0.0625, "named_subarea": null, "gee_matched": true, "NDVI_raw": 0.39567959740020975, "TreeCover_Pct": 60.193003618817855, "Elev_m": 361.79906037518145, "ElevStd_m": 1.2800295163063964, "TRI_m": 0.20967385400942298, "Slope_deg": 0.05246032401919365, "NatCoverPct_2km": 11.128412862969538, "EdgeDensity_2km": 1.3877923506942669, "NatCoverPct_500m": 0.0, "EdgeDensity_500m": 0.0, "gHM": 0.38234999775886536, "DistWater_m": 1815.1324980206464, "LST_C": 30.89688000000001, "NightLights": 1.543125033378601, "BuiltUp_Pct": 0.0, "SEGMENT_ID": 998507734.0, "hard_filter_pass": true}}, {"type": "Feature", "geometry": {"type": "Polygon", "coordinates": [[[77.9529968073355, 16.45660010800553], [77.9530002253669, 16.456825806786934], [77.95323411537801, 16.456822508305272], [77.95323069707682, 16.4565968095716], [77.9529968073355, 16.45660010800553]]]}, "properties": {"name": "grid_00203", "display_name": "SFV-T0204", "role": "candidate_grid_cell", "area_ha": 0.0625, "named_subarea": null, "gee_matched": true, "NDVI_raw": 0.24233003151025218, "TreeCover_Pct": 0.0, "Elev_m": 361.7269644632827, "ElevStd_m": 1.4109426031760517, "TRI_m": 0.238654212653654, "Slope_deg": 0.05246032401919365, "NatCoverPct_2km": 11.236025327689218, "EdgeDensity_2km": 1.3897172253741648, "NatCoverPct_500m": 0.0, "EdgeDensity_500m": 0.0, "gHM": 0.38234999775886536, "DistWater_m": 1765.1588277274031, "LST_C": 30.89688000000001, "NightLights": 1.543125033378601, "BuiltUp_Pct": 0.0, "SEGMENT_ID": -1111774134.0, "hard_filter_pass": true}}, {"type": "Feature", "geometry": {"type": "Polygon", "coordinates": [[[77.9530002253669, 16.456825806786934], [77.95300364345181, 16.4570515055628], [77.95323753373268, 16.457048207033406], [77.95323411537801, 16.456822508305272], [77.9530002253669, 16.456825806786934]]]}, "properties": {"name": "grid_00204", "display_name": "SFV-T0205", "role": "candidate_grid_cell", "area_ha": 0.0625, "named_subarea": null, "gee_matched": true, "NDVI_raw": 0.24819573805024084, "TreeCover_Pct": 0.0, "Elev_m": 361.34756042185614, "ElevStd_m": 1.5712176776219227, "TRI_m": 0.28311167895201467, "Slope_deg": 0.05246032401919365, "NatCoverPct_2km": 11.339931033471117, "EdgeDensity_2km": 1.391622886261961, "NatCoverPct_500m": 0.0, "EdgeDensity_500m": 0.0, "gHM": 0.38234999775886536, "DistWater_m": 1720.2288294570837, "LST_C": 30.89688000000001, "NightLights": 1.543125033378601, "BuiltUp_Pct": 0.0, "SEGMENT_ID": -1060108935.0, "hard_filter_pass": true}}, {"type": "Feature", "geometry": {"type": "Polygon", "coordinates": [[[77.95300364345181, 16.4570515055628], [77.9530070615902, 16.457277204333117], [77.95324095214083, 16.457273905755994], [77.95323753373268, 16.457048207033406], [77.95300364345181, 16.4570515055628]]]}, "properties": {"name": "grid_00205", "display_name": "SFV-T0206", "role": "candidate_grid_cell", "area_ha": 0.0625, "named_subarea": null, "gee_matched": true, "NDVI_raw": 0.23471378246725225, "TreeCover_Pct": 0.0, "Elev_m": 360.7497108547808, "ElevStd_m": 1.696140763981739, "TRI_m": 0.3343669779148743, "Slope_deg": 0.05246032401919365, "NatCoverPct_2km": 11.43929173540868, "EdgeDensity_2km": 1.3992806042985808, "NatCoverPct_500m": 0.0, "EdgeDensity_500m": 0.0, "gHM": 0.38234999775886536, "DistWater_m": 1674.1492904693134, "LST_C": 30.89688000000001, "NightLights": 1.543125033378601, "BuiltUp_Pct": 0.0, "SEGMENT_ID": 1235057385.0, "hard_filter_pass": true}}, {"type": "Feature", "geometry": {"type": "Polygon", "coordinates": [[[77.9530070615902, 16.457277204333117], [77.95301047978208, 16.457502903097886], [77.95324437060248, 16.45749960447303], [77.95324095214083, 16.457273905755994], [77.9530070615902, 16.457277204333117]]]}, "properties": {"name": "grid_00206", "display_name": "SFV-T0207", "role": "candidate_grid_cell", "area_ha": 0.0625, "named_subarea": null, "gee_matched": true, "NDVI_raw": 0.21002416522961664, "TreeCover_Pct": 0.0, "Elev_m": 360.8417928534417, "ElevStd_m": 1.800898045234175, "TRI_m": 0.36137722796863314, "Slope_deg": 0.05246032401919365, "NatCoverPct_2km": 11.525103044235633, "EdgeDensity_2km": 1.4129975568550621, "NatCoverPct_500m": 0.0, "EdgeDensity_500m": 0.0, "gHM": 0.38234999775886536, "DistWater_m": 1634.0943125852011, "LST_C": 30.89688000000001, "NightLights": 1.543125033378601, "BuiltUp_Pct": 0.0, "SEGMENT_ID": 1235057385.0, "hard_filter_pass": true}}, {"type": "Feature", "geometry": {"type": "Polygon", "coordinates": [[[77.95301047978208, 16.457502903097886], [77.95301389802744, 16.457728601857117], [77.95324778911763, 16.457725303184528], [77.95324437060248, 16.45749960447303], [77.95301047978208, 16.457502903097886]]]}, "properties": {"name": "grid_00207", "display_name": "SFV-T0208", "role": "candidate_grid_cell", "area_ha": 0.0625, "named_subarea": null, "gee_matched": true, "NDVI_raw": 0.2432027108065531, "TreeCover_Pct": 0.0, "Elev_m": 361.1234055013692, "ElevStd_m": 1.9464422227378617, "TRI_m": 0.3755986937286055, "Slope_deg": 0.05246032401919365, "NatCoverPct_2km": 11.600425320612857, "EdgeDensity_2km": 1.4239110766180298, "NatCoverPct_500m": 0.0, "EdgeDensity_500m": 9.671642888126657e-05, "gHM": 0.38234999775886536, "DistWater_m": 1591.8076877866085, "LST_C": 30.89688000000001, "NightLights": 1.543125033378601, "BuiltUp_Pct": 0.0, "SEGMENT_ID": 1235057385.0, "hard_filter_pass": true}}, {"type": "Feature", "geometry": {"type": "Polygon", "coordinates": [[[77.95301389802744, 16.457728601857117], [77.95301731632628, 16.457954300610794], [77.95325120768625, 16.457951001890482], [77.95324778911763, 16.457725303184528], [77.95301389802744, 16.457728601857117]]]}, "properties": {"name": "grid_00208", "display_name": "SFV-T0209", "role": "candidate_grid_cell", "area_ha": 0.0625, "named_subarea": null, "gee_matched": true, "NDVI_raw": 0.22065893199839468, "TreeCover_Pct": 11.412708204811846, "Elev_m": 361.63097624922887, "ElevStd_m": 2.1413093685059548, "TRI_m": 0.3826806487283282, "Slope_deg": 0.05246032401919365, "NatCoverPct_2km": 11.66441620019928, "EdgeDensity_2km": 1.4321961076413416, "NatCoverPct_500m": 4.835812090013807e-05, "EdgeDensity_500m": 0.04806797217473724, "gHM": 0.38234999775886536, "DistWater_m": 1556.5506585311018, "LST_C": 30.89688000000001, "NightLights": 1.543125033378601, "BuiltUp_Pct": 0.0, "SEGMENT_ID": 1953133070.0, "hard_filter_pass": true}}, {"type": "Feature", "geometry": {"type": "Polygon", "coordinates": [[[77.95301731632628, 16.457954300610794], [77.95302073467862, 16.458179999358936], [77.9532546263084, 16.458176700590894], [77.95325120768625, 16.457951001890482], [77.95301731632628, 16.457954300610794]]]}, "properties": {"name": "grid_00209", "display_name": "SFV-T0210", "role": "candidate_grid_cell", "area_ha": 0.0625, "named_subarea": null, "gee_matched": true, "NDVI_raw": 0.27545556794809906, "TreeCover_Pct": 22.843545508625812, "Elev_m": 361.7872210609848, "ElevStd_m": 2.369259197998243, "TRI_m": 0.3900042281427491, "Slope_deg": 0.05246032401919365, "NatCoverPct_2km": 11.718627723262856, "EdgeDensity_2km": 1.4291344376585784, "NatCoverPct_500m": 0.04521525848136697, "EdgeDensity_500m": 0.15721369553253906, "gHM": 0.39157399733743087, "DistWater_m": 1521.4551510636445, "LST_C": 30.89688000000001, "NightLights": 1.543125033378601, "BuiltUp_Pct": 0.0, "SEGMENT_ID": 1953133070.0, "hard_filter_pass": true}}, {"type": "Feature", "geometry": {"type": "Polygon", "coordinates": [[[77.95302073467862, 16.458179999358936], [77.95302415308446, 16.458405698101533], [77.953258044984, 16.45840239928576], [77.9532546263084, 16.458176700590894], [77.95302073467862, 16.458179999358936]]]}, "properties": {"name": "grid_00210", "display_name": "SFV-T0211", "role": "candidate_grid_cell", "area_ha": 0.0625, "named_subarea": null, "gee_matched": true, "NDVI_raw": 0.23610099863479075, "TreeCover_Pct": 5.017921146953404, "Elev_m": 361.5128364882019, "ElevStd_m": 2.60196213524446, "TRI_m": 0.39253478440664985, "Slope_deg": 0.05246032401919365, "NatCoverPct_2km": 11.766063089026897, "EdgeDensity_2km": 1.4210405203885006, "NatCoverPct_500m": 0.14265652564142245, "EdgeDensity_500m": 0.2827017114914426, "gHM": 0.3966672122478485, "DistWater_m": 1491.821169835257, "LST_C": 30.385607731144255, "NightLights": 1.543125033378601, "BuiltUp_Pct": 0.0, "SEGMENT_ID": 1953133070.0, "hard_filter_pass": true}}, {"type": "Feature", "geometry": {"type": "Polygon", "coordinates": [[[77.95302415308446, 16.458405698101533], [77.95302757154376, 16.458631396838577], [77.95326146371312, 16.458628097975073], [77.953258044984, 16.45840239928576], [77.95302415308446, 16.458405698101533]]]}, "properties": {"name": "grid_00211", "display_name": "SFV-T0212", "role": "candidate_grid_cell", "area_ha": 0.0625, "named_subarea": null, "gee_matched": true, "NDVI_raw": 0.32831242711106895, "TreeCover_Pct": 100.0, "Elev_m": 360.0803526543594, "ElevStd_m": 2.8268004342748045, "TRI_m": 0.38832500160475436, "Slope_deg": 0.05246032401919365, "NatCoverPct_2km": 11.808850399010087, "EdgeDensity_2km": 1.413620486452437, "NatCoverPct_500m": 0.26993633622596885, "EdgeDensity_500m": 0.36645961231106994, "gHM": 0.3966672122478485, "DistWater_m": 1464.1356900042915, "LST_C": 29.761774193548376, "NightLights": 1.543125033378601, "BuiltUp_Pct": 0.0, "SEGMENT_ID": -1210000004.0, "hard_filter_pass": true}}, {"type": "Feature", "geometry": {"type": "Polygon", "coordinates": [[[77.95302757154376, 16.458631396838577], [77.95303099005658, 16.45885709557009], [77.95326488249573, 16.458853796658847], [77.95326146371312, 16.458628097975073], [77.95302757154376, 16.458631396838577]]]}, "properties": {"name": "grid_00212", "display_name": "SFV-T0213", "role": "candidate_grid_cell", "area_ha": 0.0625, "named_subarea": null, "gee_matched": true, "NDVI_raw": 0.3456166322250147, "TreeCover_Pct": 100.0, "Elev_m": 358.7851085430805, "ElevStd_m": 2.9833196785371863, "TRI_m": 0.374759489059448, "Slope_deg": 0.05246032401919365, "NatCoverPct_2km": 11.848441138214074, "EdgeDensity_2km": 1.4055816945137194, "NatCoverPct_500m": 0.42216659961003994, "EdgeDensity_500m": 0.44745790907121413, "gHM": 0.3966672122478485, "DistWater_m": 1440.6987487906856, "LST_C": 29.761774193548376, "NightLights": 1.543125033378601, "BuiltUp_Pct": 0.0, "SEGMENT_ID": -1210000004.0, "hard_filter_pass": true}}, {"type": "Feature", "geometry": {"type": "Polygon", "coordinates": [[[77.95303099005658, 16.45885709557009], [77.95303440862287, 16.45908279429604], [77.95326830133183, 16.459079495337075], [77.95326488249573, 16.458853796658847], [77.95303099005658, 16.45885709557009]]]}, "properties": {"name": "grid_00213", "display_name": "SFV-T0214", "role": "candidate_grid_cell", "area_ha": 0.0625, "named_subarea": null, "gee_matched": true, "NDVI_raw": 0.2948117577720651, "TreeCover_Pct": 52.139843279083784, "Elev_m": 357.64379658391493, "ElevStd_m": 3.01228123815998, "TRI_m": 0.35669675672086004, "Slope_deg": 0.05246032401919365, "NatCoverPct_2km": 11.883629173835601, "EdgeDensity_2km": 1.396863973438295, "NatCoverPct_500m": 0.5973612234081658, "EdgeDensity_500m": 0.5283065948137464, "gHM": 0.3966672122478485, "DistWater_m": 1419.981618854311, "LST_C": 29.761774193548376, "NightLights": 1.543125033378601, "BuiltUp_Pct": 0.0, "SEGMENT_ID": -1210000004.0, "hard_filter_pass": true}}, {"type": "Feature", "geometry": {"type": "Polygon", "coordinates": [[[77.95303440862287, 16.45908279429604], [77.95303782724265, 16.459308493016458], [77.95327172022141, 16.459305194009758], [77.95326830133183, 16.459079495337075], [77.95303440862287, 16.45908279429604]]]}, "properties": {"name": "grid_00214", "display_name": "SFV-T0215", "role": "candidate_grid_cell", "area_ha": 0.0625, "named_subarea": null, "gee_matched": true, "NDVI_raw": 0.30840070161586164, "TreeCover_Pct": 81.44391408114559, "Elev_m": 356.25172761175116, "ElevStd_m": 2.893612950416449, "TRI_m": 0.3345405427895646, "Slope_deg": 0.05246032401919365, "NatCoverPct_2km": 11.913512711234118, "EdgeDensity_2km": 1.3897414825649952, "NatCoverPct_500m": 0.7909838384356155, "EdgeDensity_500m": 0.6050492013514961, "gHM": 0.3966672122478485, "DistWater_m": 1403.7893316757918, "LST_C": 29.761774193548376, "NightLights": 1.543125033378601, "BuiltUp_Pct": 0.0, "SEGMENT_ID": -1210000004.0, "hard_filter_pass": true}}, {"type": "Feature", "geometry": {"type": "Polygon", "coordinates": [[[77.95303782724265, 16.459308493016458], [77.95304124591593, 16.45953419173133], [77.9532751391645, 16.4595308926769], [77.95327172022141, 16.459305194009758], [77.95303782724265, 16.459308493016458]]]}, "properties": {"name": "grid_00215", "display_name": "SFV-T0216", "role": "candidate_grid_cell", "area_ha": 0.0625, "named_subarea": null, "gee_matched": true, "NDVI_raw": 0.31762723376788526, "TreeCover_Pct": 76.06538237011092, "Elev_m": 356.2649560717902, "ElevStd_m": 2.577457736488065, "TRI_m": 0.30767541622404043, "Slope_deg": 0.05246032401919365, "NatCoverPct_2km": 11.941608601016885, "EdgeDensity_2km": 1.3831177493427251, "NatCoverPct_500m": 0.9862016872878934, "EdgeDensity_500m": 0.6722651690044275, "gHM": 0.3966672122478485, "DistWater_m": 1391.0034331348065, "LST_C": 29.761774193548376, "NightLights": 1.543125033378601, "BuiltUp_Pct": 0.0, "SEGMENT_ID": -1210000004.0, "hard_filter_pass": true}}, {"type": "Feature", "geometry": {"type": "Polygon", "coordinates": [[[77.95304124591593, 16.45953419173133], [77.95304466464269, 16.459759890440655], [77.95327855816109, 16.45975659133849], [77.9532751391645, 16.4595308926769], [77.95304124591593, 16.45953419173133]]]}, "properties": {"name": "grid_00216", "display_name": "SFV-T0217", "role": "candidate_grid_cell", "area_ha": 0.0625, "named_subarea": null, "gee_matched": true, "NDVI_raw": 0.35932954571577985, "TreeCover_Pct": 100.0, "Elev_m": 355.96771538981426, "ElevStd_m": 2.2180878465527023, "TRI_m": 0.2778167951885489, "Slope_deg": 0.05246032401919365, "NatCoverPct_2km": 11.965797169624574, "EdgeDensity_2km": 1.3789849906053457, "NatCoverPct_500m": 1.1913840452123408, "EdgeDensity_500m": 0.738661009482425, "gHM": 0.3966672122478485, "DistWater_m": 1381.909599211163, "LST_C": 29.761774193548376, "NightLights": 1.543125033378601, "BuiltUp_Pct": 0.0, "SEGMENT_ID": -1210000004.0, "hard_filter_pass": true}}, {"type": "Feature", "geometry": {"type": "Polygon", "coordinates": [[[77.95304466464269, 16.459759890440655], [77.95304808342294, 16.45998558914443], [77.95328197721116, 16.45998228999454], [77.95327855816109, 16.45975659133849], [77.95304466464269, 16.459759890440655]]]}, "properties": {"name": "grid_00217", "display_name": "SFV-T0218", "role": "candidate_grid_cell", "area_ha": 0.0625, "named_subarea": null, "gee_matched": true, "NDVI_raw": 0.3877074278917167, "TreeCover_Pct": 92.59043173862308, "Elev_m": 355.0226455029696, "ElevStd_m": 1.8905121143957115, "TRI_m": 0.24531063803317077, "Slope_deg": 0.05246032401919365, "NatCoverPct_2km": 11.98941592758541, "EdgeDensity_2km": 1.3755174192189035, "NatCoverPct_500m": 1.3738376057216641, "EdgeDensity_500m": 0.7910809360084725, "gHM": 0.3966672122478485, "DistWater_m": 1376.9958175685958, "LST_C": 29.761774193548376, "NightLights": 1.543125033378601, "BuiltUp_Pct": 0.0, "SEGMENT_ID": -1210000004.0, "hard_filter_pass": true}}, {"type": "Feature", "geometry": {"type": "Polygon", "coordinates": [[[77.95304808342294, 16.45998558914443], [77.95305150225668, 16.460211287842665], [77.95328539631473, 16.460207988645042], [77.95328197721116, 16.45998228999454], [77.95304808342294, 16.45998558914443]]]}, "properties": {"name": "grid_00218", "display_name": "SFV-T0219", "role": "candidate_grid_cell", "area_ha": 0.0625, "named_subarea": null, "gee_matched": true, "NDVI_raw": 0.31827005189724494, "TreeCover_Pct": 75.87641117052881, "Elev_m": 354.7517655407184, "ElevStd_m": 1.7021685908851767, "TRI_m": 0.22593845838979765, "Slope_deg": 0.05246032401919365, "NatCoverPct_2km": 12.012675754395962, "EdgeDensity_2km": 1.372205216982028, "NatCoverPct_500m": 1.54792773048939, "EdgeDensity_500m": 0.8415194741011048, "gHM": 0.3966672122478485, "DistWater_m": 1375.8110516934046, "LST_C": 29.80220506775535, "NightLights": 1.543125033378601, "BuiltUp_Pct": 0.0, "SEGMENT_ID": -1210000004.0, "hard_filter_pass": true}}, {"type": "Feature", "geometry": {"type": "Polygon", "coordinates": [[[77.95305150225668, 16.460211287842665], [77.95305492114393, 16.46043698653536], [77.95328881547181, 16.46043368729], [77.95328539631473, 16.460207988645042], [77.95305150225668, 16.460211287842665]]]}, "properties": {"name": "grid_00219", "display_name": "SFV-T0220", "role": "candidate_grid_cell", "area_ha": 0.0625, "named_subarea": null, "gee_matched": true, "NDVI_raw": 0.32270678281424775, "TreeCover_Pct": 86.49789029535863, "Elev_m": 354.9052697952574, "ElevStd_m": 1.5818644825307482, "TRI_m": 0.21045787080143943, "Slope_deg": 0.05246032401919365, "NatCoverPct_2km": 12.03493139852289, "EdgeDensity_2km": 1.3686381697211936, "NatCoverPct_500m": 1.686479679793726, "EdgeDensity_500m": 0.8870762221114292, "gHM": 0.3966672122478485, "DistWater_m": 1374.846292947559, "LST_C": 29.930783896245323, "NightLights": 1.543125033378601, "BuiltUp_Pct": 0.0, "SEGMENT_ID": -1210000004.0, "hard_filter_pass": true}}, {"type": "Feature", "geometry": {"type": "Polygon", "coordinates": [[[77.95305492114393, 16.46043698653536], [77.95305834008464, 16.460662685222502], [77.95329223468235, 16.460659385929414], [77.95328881547181, 16.46043368729], [77.95305492114393, 16.46043698653536]]]}, "properties": {"name": "grid_00220", "display_name": "SFV-T0221", "role": "candidate_grid_cell", "area_ha": 0.0625, "named_subarea": null, "gee_matched": true, "NDVI_raw": 0.32243077765844513, "TreeCover_Pct": 71.55015197568389, "Elev_m": 354.47891359648077, "ElevStd_m": 1.528952703876949, "TRI_m": 0.19719815363085974, "Slope_deg": 0.05246032401919365, "NatCoverPct_2km": 12.05790784808817, "EdgeDensity_2km": 1.3676735716260213, "NatCoverPct_500m": 1.7989107885322324, "EdgeDensity_500m": 0.9246498168689468, "gHM": 0.3966672122478485, "DistWater_m": 1373.671732522796, "LST_C": 30.03199676438869, "NightLights": 1.5217427544318431, "BuiltUp_Pct": 0.0, "SEGMENT_ID": -1210000004.0, "hard_filter_pass": true}}, {"type": "Feature", "geometry": {"type": "Polygon", "coordinates": [[[77.95305834008464, 16.460662685222502], [77.95306175907886, 16.4608883839041], [77.95329565394641, 16.46088508456328], [77.95329223468235, 16.460659385929414], [77.95305834008464, 16.460662685222502]]]}, "properties": {"name": "grid_00221", "display_name": "SFV-T0222", "role": "candidate_grid_cell", "area_ha": 0.0625, "named_subarea": null, "gee_matched": true, "NDVI_raw": 0.2542577964988919, "TreeCover_Pct": 0.0, "Elev_m": 353.4903739237306, "ElevStd_m": 1.5457285325830097, "TRI_m": 0.19014203052493678, "Slope_deg": 0.05246032401919365, "NatCoverPct_2km": 12.07678433999828, "EdgeDensity_2km": 1.3676834191753462, "NatCoverPct_500m": 1.8906966678997918, "EdgeDensity_500m": 0.9516348592664589, "gHM": 0.421216624090023, "DistWater_m": 1371.9293974437007, "LST_C": 30.100796045785653, "NightLights": 1.519374966621399, "BuiltUp_Pct": 0.0, "SEGMENT_ID": 229044935.0, "hard_filter_pass": true}}, {"type": "Feature", "geometry": {"type": "Polygon", "coordinates": [[[77.95306175907886, 16.4608883839041], [77.95306517812658, 16.461114082580153], [77.95329907326396, 16.4611107831916], [77.95329565394641, 16.46088508456328], [77.95306175907886, 16.4608883839041]]]}, "properties": {"name": "grid_00222", "display_name": "SFV-T0223", "role": "candidate_grid_cell", "area_ha": 0.0625, "named_subarea": null, "gee_matched": true, "NDVI_raw": 0.28307227006698227, "TreeCover_Pct": 27.771084337349397, "Elev_m": 352.7733265336738, "ElevStd_m": 1.5804997528009865, "TRI_m": 0.1896649724950523, "Slope_deg": 0.05246032401919365, "NatCoverPct_2km": 12.095683067271946, "EdgeDensity_2km": 1.3648888972848967, "NatCoverPct_500m": 1.9563534337977733, "EdgeDensity_500m": 0.962412152448173, "gHM": 0.4317408502101898, "DistWater_m": 1370.7942438880598, "LST_C": 30.103709677419374, "NightLights": 1.519374966621399, "BuiltUp_Pct": 0.0, "SEGMENT_ID": 229044935.0, "hard_filter_pass": true}}, {"type": "Feature", "geometry": {"type": "Polygon", "coordinates": [[[77.95306517812658, 16.461114082580153], [77.95306859722778, 16.46133978125066], [77.953302492635, 16.461336481814374], [77.95329907326396, 16.4611107831916], [77.95306517812658, 16.461114082580153]]]}, "properties": {"name": "grid_00223", "display_name": "SFV-T0224", "role": "candidate_grid_cell", "area_ha": 0.0625, "named_subarea": null, "gee_matched": true, "NDVI_raw": 0.32138178626103187, "TreeCover_Pct": 88.59701492537312, "Elev_m": 352.3574407503498, "ElevStd_m": 1.6398360283708886, "TRI_m": 0.19946789164675527, "Slope_deg": 0.05246032401919365, "NatCoverPct_2km": 12.117603902734944, "EdgeDensity_2km": 1.364299584788482, "NatCoverPct_500m": 1.9782934160692927, "EdgeDensity_500m": 0.968449822625757, "gHM": 0.4317408502101898, "DistWater_m": 1372.3699266913698, "LST_C": 30.103709677419374, "NightLights": 1.519374966621399, "BuiltUp_Pct": 0.0, "SEGMENT_ID": 1528333622.0, "hard_filter_pass": true}}, {"type": "Feature", "geometry": {"type": "Polygon", "coordinates": [[[77.95306859722778, 16.46133978125066], [77.95307201638248, 16.46156547991562], [77.95330591205956, 16.461562180431603], [77.953302492635, 16.461336481814374], [77.95306859722778, 16.46133978125066]]]}, "properties": {"name": "grid_00224", "display_name": "SFV-T0225", "role": "candidate_grid_cell", "area_ha": 0.0625, "named_subarea": null, "gee_matched": true, "NDVI_raw": 0.26858289288177806, "TreeCover_Pct": 9.615384615384617, "Elev_m": 352.11747754537146, "ElevStd_m": 1.7761734007097851, "TRI_m": 0.21321025878211466, "Slope_deg": 0.05246032401919365, "NatCoverPct_2km": 12.140669092855527, "EdgeDensity_2km": 1.365604045555082, "NatCoverPct_500m": 1.9566322250006147, "EdgeDensity_500m": 0.9721747380607079, "gHM": 0.4317408502101898, "DistWater_m": 1378.0339772844864, "LST_C": 30.103709677419374, "NightLights": 1.519374966621399, "BuiltUp_Pct": 0.0, "SEGMENT_ID": 1528333622.0, "hard_filter_pass": true}}, {"type": "Feature", "geometry": {"type": "Polygon", "coordinates": [[[77.95307201638248, 16.46156547991562], [77.95307543559066, 16.461791178575034], [77.9533093315376, 16.461787879043282], [77.95330591205956, 16.461562180431603], [77.95307201638248, 16.46156547991562]]]}, "properties": {"name": "grid_00225", "display_name": "SFV-T0226", "role": "candidate_grid_cell", "area_ha": 0.0625, "named_subarea": null, "gee_matched": true, "NDVI_raw": 0.28180652690669117, "TreeCover_Pct": 17.497034400948994, "Elev_m": 352.01790969142706, "ElevStd_m": 1.9351593959003663, "TRI_m": 0.2262677886932994, "Slope_deg": 0.05246032401919365, "NatCoverPct_2km": 12.165928204401428, "EdgeDensity_2km": 1.371346718486412, "NatCoverPct_500m": 1.8914264907060707, "EdgeDensity_500m": 0.9622512588474743, "gHM": 0.4317408502101898, "DistWater_m": 1388.491065117155, "LST_C": 30.103709677419374, "NightLights": 1.519374966621399, "BuiltUp_Pct": 0.0, "SEGMENT_ID": 1528333622.0, "hard_filter_pass": true}}, {"type": "Feature", "geometry": {"type": "Polygon", "coordinates": [[[77.95307543559066, 16.461791178575034], [77.95307885485235, 16.4620168772289], [77.95331275106915, 16.462013577649422], [77.9533093315376, 16.461787879043282], [77.95307543559066, 16.461791178575034]]]}, "properties": {"name": "grid_00226", "display_name": "SFV-T0227", "role": "candidate_grid_cell", "area_ha": 0.0625, "named_subarea": null, "gee_matched": true, "NDVI_raw": 0.283768693717087, "TreeCover_Pct": 2.4705882352941178, "Elev_m": 351.7222349638098, "ElevStd_m": 2.0672660376172707, "TRI_m": 0.22883657282151765, "Slope_deg": 0.05246032401919365, "NatCoverPct_2km": 12.192700944150854, "EdgeDensity_2km": 1.375915376808798, "NatCoverPct_500m": 1.7777992698082636, "EdgeDensity_500m": 0.9525375371744964, "gHM": 0.4317408502101898, "DistWater_m": 1401.7389885181688, "LST_C": 30.103709677419374, "NightLights": 1.519374966621399, "BuiltUp_Pct": 0.0, "SEGMENT_ID": 1528333622.0, "hard_filter_pass": true}}, {"type": "Feature", "geometry": {"type": "Polygon", "coordinates": [[[77.95331275106915, 16.462013577649422], [77.95307885485235, 16.4620168772289], [77.9530801418158, 16.46210182620865], [77.9531003, 16.4621506], [77.9533102, 16.462147599999998], [77.95331480734855, 16.462149296114493], [77.95331275106915, 16.462013577649422]]]}, "properties": {"name": "grid_00227", "display_name": "SFV-T0228", "role": "candidate_grid_cell", "area_ha": 0.03654, "named_subarea": null, "gee_matched": true, "NDVI_raw": 0.27761242497990635, "TreeCover_Pct": 4.459308807134894, "Elev_m": 351.6394873101309, "ElevStd_m": 2.122151573319835, "TRI_m": 0.2216274426103787, "Slope_deg": 0.05246032401919365, "NatCoverPct_2km": 12.215047683460362, "EdgeDensity_2km": 1.380397734507752, "NatCoverPct_500m": 1.6531171601936578, "EdgeDensity_500m": 0.919403164066051, "gHM": 0.4317408502101898, "DistWater_m": 1414.849989175153, "LST_C": 30.103709677419374, "NightLights": 1.519374966621399, "BuiltUp_Pct": 0.0, "SEGMENT_ID": 1528333622.0, "hard_filter_pass": true}}, {"type": "Feature", "geometry": {"type": "Polygon", "coordinates": [[[77.9532136063733, 16.45546831582006], [77.95344749471238, 16.455465017364425], [77.95344420316086, 16.455247684298072], [77.95321035105341, 16.45525335805057], [77.9532136063733, 16.45546831582006]]]}, "properties": {"name": "grid_00228", "display_name": "SFV-T0229", "role": "candidate_grid_cell", "area_ha": 0.05985, "named_subarea": null, "gee_matched": true, "NDVI_raw": 0.2565118613419319, "TreeCover_Pct": 0.0, "Elev_m": 362.5615528176573, "ElevStd_m": 1.3178597773384957, "TRI_m": 0.21073992870514546, "Slope_deg": 0.05246032401919365, "NatCoverPct_2km": 10.64365421645309, "EdgeDensity_2km": 1.3135329263173507, "NatCoverPct_500m": 0.0, "EdgeDensity_500m": 0.0, "gHM": 0.36574131771875046, "DistWater_m": 1657.2973250837993, "LST_C": 30.89688000000001, "NightLights": 1.513124942779541, "BuiltUp_Pct": 0.0, "SEGMENT_ID": -1266363162.0, "hard_filter_pass": true}}, {"type": "Feature", "geometry": {"type": "Polygon", "coordinates": [[[77.9532136063733, 16.45546831582006], [77.95321702440702, 16.455694014581457], [77.95345091301586, 16.455690716078088], [77.95344749471238, 16.455465017364425], [77.9532136063733, 16.45546831582006]]]}, "properties": {"name": "grid_00229", "display_name": "SFV-T0230", "role": "candidate_grid_cell", "area_ha": 0.0625, "named_subarea": null, "gee_matched": true, "NDVI_raw": 0.3065464370889687, "TreeCover_Pct": 60.622710622710635, "Elev_m": 362.5653076171875, "ElevStd_m": 1.1736652125412947, "TRI_m": 0.20931198928450434, "Slope_deg": 0.05246032401919365, "NatCoverPct_2km": 10.78214036766593, "EdgeDensity_2km": 1.331026671340771, "NatCoverPct_500m": 0.0, "EdgeDensity_500m": 0.0, "gHM": 0.38234999775886536, "DistWater_m": 1713.8471344686598, "LST_C": 30.89688000000001, "NightLights": 1.513124942779541, "BuiltUp_Pct": 0.0, "SEGMENT_ID": -1266363162.0, "hard_filter_pass": true}}, {"type": "Feature", "geometry": {"type": "Polygon", "coordinates": [[[77.95321702440702, 16.455694014581457], [77.95322044249423, 16.455919713337305], [77.95345433137281, 16.455916414786206], [77.95345091301586, 16.455690716078088], [77.95321702440702, 16.455694014581457]]]}, "properties": {"name": "grid_00230", "display_name": "SFV-T0231", "role": "candidate_grid_cell", "area_ha": 0.0625, "named_subarea": null, "gee_matched": true, "NDVI_raw": 0.3359639270276558, "TreeCover_Pct": 100.0, "Elev_m": 362.42341427686733, "ElevStd_m": 1.1600859829894714, "TRI_m": 0.2045500455579983, "Slope_deg": 0.05246032401919365, "NatCoverPct_2km": 10.913003971155169, "EdgeDensity_2km": 1.3522695276400898, "NatCoverPct_500m": 0.0, "EdgeDensity_500m": 0.0, "gHM": 0.38234999775886536, "DistWater_m": 1775.2769133200054, "LST_C": 30.89688000000001, "NightLights": 1.513124942779541, "BuiltUp_Pct": 0.0, "SEGMENT_ID": -1266363162.0, "hard_filter_pass": true}}, {"type": "Feature", "geometry": {"type": "Polygon", "coordinates": [[[77.95322044249423, 16.455919713337305], [77.95322386063495, 16.45614541208761], [77.95345774978328, 16.456142113488777], [77.95345433137281, 16.455916414786206], [77.95322044249423, 16.455919713337305]]]}, "properties": {"name": "grid_00231", "display_name": "SFV-T0232", "role": "candidate_grid_cell", "area_ha": 0.0625, "named_subarea": null, "gee_matched": true, "NDVI_raw": 0.3094865044905805, "TreeCover_Pct": 47.58539458186101, "Elev_m": 362.63898700763536, "ElevStd_m": 1.2338446681433022, "TRI_m": 0.1979549800950296, "Slope_deg": 0.05246032401919365, "NatCoverPct_2km": 11.029477473508987, "EdgeDensity_2km": 1.3674944418317256, "NatCoverPct_500m": 0.0, "EdgeDensity_500m": 0.0, "gHM": 0.38234999775886536, "DistWater_m": 1828.4567755665332, "LST_C": 30.89688000000001, "NightLights": 1.513124942779541, "BuiltUp_Pct": 0.0, "SEGMENT_ID": -1266363162.0, "hard_filter_pass": true}}, {"type": "Feature", "geometry": {"type": "Polygon", "coordinates": [[[77.95322386063495, 16.45614541208761], [77.95322727882913, 16.456371110832382], [77.95346116824723, 16.45636781218581], [77.95345774978328, 16.456142113488777], [77.95322386063495, 16.45614541208761]]]}, "properties": {"name": "grid_00232", "display_name": "SFV-T0233", "role": "candidate_grid_cell", "area_ha": 0.0625, "named_subarea": null, "gee_matched": true, "NDVI_raw": 0.3796836345123967, "TreeCover_Pct": 64.65888137676706, "Elev_m": 362.118378623395, "ElevStd_m": 1.3263594428761944, "TRI_m": 0.19583509832507562, "Slope_deg": 0.05246032401919365, "NatCoverPct_2km": 11.142809697678452, "EdgeDensity_2km": 1.3742268956199086, "NatCoverPct_500m": 0.0, "EdgeDensity_500m": 0.0, "gHM": 0.38234999775886536, "DistWater_m": 1806.6044428836049, "LST_C": 30.89688000000001, "NightLights": 1.5309922370576539, "BuiltUp_Pct": 0.0, "SEGMENT_ID": 998507734.0, "hard_filter_pass": true}}, {"type": "Feature", "geometry": {"type": "Polygon", "coordinates": [[[77.95322727882913, 16.456371110832382], [77.95323069707682, 16.4565968095716], [77.95346458676468, 16.456593510877294], [77.95346116824723, 16.45636781218581], [77.95322727882913, 16.456371110832382]]]}, "properties": {"name": "grid_00233", "display_name": "SFV-T0234", "role": "candidate_grid_cell", "area_ha": 0.0625, "named_subarea": null, "gee_matched": true, "NDVI_raw": 0.30527599359261975, "TreeCover_Pct": 37.06793802145411, "Elev_m": 361.3127709480804, "ElevStd_m": 1.4137826730952219, "TRI_m": 0.20304187769278867, "Slope_deg": 0.05246032401919365, "NatCoverPct_2km": 11.25503807599413, "EdgeDensity_2km": 1.382349855809039, "NatCoverPct_500m": 0.0, "EdgeDensity_500m": 0.0, "gHM": 0.38234999775886536, "DistWater_m": 1756.9958120254955, "LST_C": 30.89688000000001, "NightLights": 1.543125033378601, "BuiltUp_Pct": 0.0, "SEGMENT_ID": -1266363162.0, "hard_filter_pass": true}}, {"type": "Feature", "geometry": {"type": "Polygon", "coordinates": [[[77.95323069707682, 16.4565968095716], [77.95323411537801, 16.456822508305272], [77.95346800533561, 16.45681920956324], [77.95346458676468, 16.456593510877294], [77.95323069707682, 16.4565968095716]]]}, "properties": {"name": "grid_00234", "display_name": "SFV-T0235", "role": "candidate_grid_cell", "area_ha": 0.0625, "named_subarea": null, "gee_matched": true, "NDVI_raw": 0.23138544812638273, "TreeCover_Pct": 0.0, "Elev_m": 360.7940078243132, "ElevStd_m": 1.5213884324371176, "TRI_m": 0.23385611470931847, "Slope_deg": 0.05246032401919365, "NatCoverPct_2km": 11.36448869170856, "EdgeDensity_2km": 1.3888022493337155, "NatCoverPct_500m": 0.0, "EdgeDensity_500m": 0.0, "gHM": 0.38234999775886536, "DistWater_m": 1705.5086362745276, "LST_C": 30.89688000000001, "NightLights": 1.543125033378601, "BuiltUp_Pct": 0.0, "SEGMENT_ID": 1664052502.0, "hard_filter_pass": true}}, {"type": "Feature", "geometry": {"type": "Polygon", "coordinates": [[[77.95323411537801, 16.456822508305272], [77.95323753373268, 16.457048207033406], [77.95347142396005, 16.45704490824363], [77.95346800533561, 16.45681920956324], [77.95323411537801, 16.456822508305272]]]}, "properties": {"name": "grid_00235", "display_name": "SFV-T0236", "role": "candidate_grid_cell", "area_ha": 0.0625, "named_subarea": null, "gee_matched": true, "NDVI_raw": 0.2853224273907859, "TreeCover_Pct": 15.352197471402771, "Elev_m": 361.21515487863826, "ElevStd_m": 1.691470117040963, "TRI_m": 0.2809691270150123, "Slope_deg": 0.05246032401919365, "NatCoverPct_2km": 11.469794148952921, "EdgeDensity_2km": 1.3983101075776165, "NatCoverPct_500m": 0.0, "EdgeDensity_500m": 0.0, "gHM": 0.38234999775886536, "DistWater_m": 1659.6457525353944, "LST_C": 30.89688000000001, "NightLights": 1.543125033378601, "BuiltUp_Pct": 0.0, "SEGMENT_ID": -1060108935.0, "hard_filter_pass": true}}, {"type": "Feature", "geometry": {"type": "Polygon", "coordinates": [[[77.95323753373268, 16.457048207033406], [77.95324095214083, 16.457273905755994], [77.95347484263797, 16.457270606918485], [77.95347142396005, 16.45704490824363], [77.95323753373268, 16.457048207033406]]]}, "properties": {"name": "grid_00236", "display_name": "SFV-T0237", "role": "candidate_grid_cell", "area_ha": 0.0625, "named_subarea": null, "gee_matched": true, "NDVI_raw": 0.2442511812740724, "TreeCover_Pct": 0.0, "Elev_m": 360.48708170869935, "ElevStd_m": 1.8953784091148977, "TRI_m": 0.3224915547360727, "Slope_deg": 0.05246032401919365, "NatCoverPct_2km": 11.565433595239098, "EdgeDensity_2km": 1.4135561829402041, "NatCoverPct_500m": 0.0, "EdgeDensity_500m": 0.0, "gHM": 0.38234999775886536, "DistWater_m": 1612.1937818774022, "LST_C": 30.89688000000001, "NightLights": 1.543125033378601, "BuiltUp_Pct": 0.0, "SEGMENT_ID": 1235057385.0, "hard_filter_pass": true}}, {"type": "Feature", "geometry": {"type": "Polygon", "coordinates": [[[77.95324095214083, 16.457273905755994], [77.95324437060248, 16.45749960447303], [77.9534782613694, 16.457496305587792], [77.95347484263797, 16.457270606918485], [77.95324095214083, 16.457273905755994]]]}, "properties": {"name": "grid_00237", "display_name": "SFV-T0238", "role": "candidate_grid_cell", "area_ha": 0.0625, "named_subarea": null, "gee_matched": true, "NDVI_raw": 0.20790547435228549, "TreeCover_Pct": 0.0, "Elev_m": 360.51362724953907, "ElevStd_m": 2.0295828088481693, "TRI_m": 0.35348067132981176, "Slope_deg": 0.05246032401919365, "NatCoverPct_2km": 11.64915335717042, "EdgeDensity_2km": 1.4225007685499065, "NatCoverPct_500m": 0.0, "EdgeDensity_500m": 0.02229317997946705, "gHM": 0.38234999775886536, "DistWater_m": 1569.999193012302, "LST_C": 30.89688000000001, "NightLights": 1.543125033378601, "BuiltUp_Pct": 0.0, "SEGMENT_ID": 1235057385.0, "hard_filter_pass": true}}, {"type": "Feature", "geometry": {"type": "Polygon", "coordinates": [[[77.95324437060248, 16.45749960447303], [77.95324778911763, 16.457725303184528], [77.95348168015433, 16.457722004251558], [77.9534782613694, 16.457496305587792], [77.95324437060248, 16.45749960447303]]]}, "properties": {"name": "grid_00238", "display_name": "SFV-T0239", "role": "candidate_grid_cell", "area_ha": 0.0625, "named_subarea": null, "gee_matched": true, "NDVI_raw": 0.2512162904135462, "TreeCover_Pct": 0.0, "Elev_m": 360.9578201458806, "ElevStd_m": 2.166507296885507, "TRI_m": 0.37004706127710935, "Slope_deg": 0.05246032401919365, "NatCoverPct_2km": 11.719731514683678, "EdgeDensity_2km": 1.4284724585654933, "NatCoverPct_500m": 0.02016534616694005, "EdgeDensity_500m": 0.11485059267741637, "gHM": 0.38234999775886536, "DistWater_m": 1527.358677976995, "LST_C": 30.89688000000001, "NightLights": 1.543125033378601, "BuiltUp_Pct": 0.0, "SEGMENT_ID": 1235057385.0, "hard_filter_pass": true}}, {"type": "Feature", "geometry": {"type": "Polygon", "coordinates": [[[77.95324778911763, 16.457725303184528], [77.95325120768625, 16.457951001890482], [77.95348509899274, 16.457947702909774], [77.95348168015433, 16.457722004251558], [77.95324778911763, 16.457725303184528]]]}, "properties": {"name": "grid_00239", "display_name": "SFV-T0240", "role": "candidate_grid_cell", "area_ha": 0.0625, "named_subarea": null, "gee_matched": true, "NDVI_raw": 0.30097862539944753, "TreeCover_Pct": 58.56019358741681, "Elev_m": 362.4279639122346, "ElevStd_m": 2.3279014489862306, "TRI_m": 0.3788974749057542, "Slope_deg": 0.05246032401919365, "NatCoverPct_2km": 11.774501237205426, "EdgeDensity_2km": 1.4252451804114856, "NatCoverPct_500m": 0.1063388393543651, "EdgeDensity_500m": 0.24647979271905357, "gHM": 0.38234999775886536, "DistWater_m": 1490.5379121691997, "LST_C": 30.89688000000001, "NightLights": 1.543125033378601, "BuiltUp_Pct": 0.0, "SEGMENT_ID": 1953133070.0, "hard_filter_pass": true}}, {"type": "Feature", "geometry": {"type": "Polygon", "coordinates": [[[77.95325120768625, 16.457951001890482], [77.9532546263084, 16.458176700590894], [77.95348851788465, 16.458173401562448], [77.95348509899274, 16.457947702909774], [77.95325120768625, 16.457951001890482]]]}, "properties": {"name": "grid_00240", "display_name": "SFV-T0241", "role": "candidate_grid_cell", "area_ha": 0.0625, "named_subarea": null, "gee_matched": true, "NDVI_raw": 0.34506305386771025, "TreeCover_Pct": 82.68656716417911, "Elev_m": 362.0917006034282, "ElevStd_m": 2.5163125189369144, "TRI_m": 0.3819845137284271, "Slope_deg": 0.05246032401919365, "NatCoverPct_2km": 11.822928974101185, "EdgeDensity_2km": 1.4176230265255507, "NatCoverPct_500m": 0.2263148019552051, "EdgeDensity_500m": 0.34928884925693304, "gHM": 0.39104289754113153, "DistWater_m": 1454.0267256498537, "LST_C": 30.89688000000001, "NightLights": 1.543125033378601, "BuiltUp_Pct": 0.0, "SEGMENT_ID": 1953133070.0, "hard_filter_pass": true}}, {"type": "Feature", "geometry": {"type": "Polygon", "coordinates": [[[77.9532546263084, 16.458176700590894], [77.953258044984, 16.45840239928576], [77.95349193683006, 16.458399100209583], [77.95348851788465, 16.458173401562448], [77.9532546263084, 16.458176700590894]]]}, "properties": {"name": "grid_00241", "display_name": "SFV-T0242", "role": "candidate_grid_cell", "area_ha": 0.0625, "named_subarea": null, "gee_matched": true, "NDVI_raw": 0.26008116413006743, "TreeCover_Pct": 9.91150442477876, "Elev_m": 359.4023163832043, "ElevStd_m": 2.6965082795489934, "TRI_m": 0.3825676036842158, "Slope_deg": 0.05246032401919365, "NatCoverPct_2km": 11.866204059721532, "EdgeDensity_2km": 1.4087914705189626, "NatCoverPct_500m": 0.3990485120548726, "EdgeDensity_500m": 0.4518552225691626, "gHM": 0.3966672122478485, "DistWater_m": 1420.62788520922, "LST_C": 30.401317583024074, "NightLights": 1.543125033378601, "BuiltUp_Pct": 0.0, "SEGMENT_ID": 1953133070.0, "hard_filter_pass": true}}, {"type": "Feature", "geometry": {"type": "Polygon", "coordinates": [[[77.953258044984, 16.45840239928576], [77.95326146371312, 16.458628097975073], [77.95349535582898, 16.45862479885116], [77.95349193683006, 16.458399100209583], [77.953258044984, 16.45840239928576]]]}, "properties": {"name": "grid_00242", "display_name": "SFV-T0243", "role": "candidate_grid_cell", "area_ha": 0.0625, "named_subarea": null, "gee_matched": true, "NDVI_raw": 0.29019496969829334, "TreeCover_Pct": 45.27393136664659, "Elev_m": 358.41080746314816, "ElevStd_m": 2.8642496730702915, "TRI_m": 0.3841720384795441, "Slope_deg": 0.05246032401919365, "NatCoverPct_2km": 11.902508491081951, "EdgeDensity_2km": 1.4014040927150437, "NatCoverPct_500m": 0.6114911001326949, "EdgeDensity_500m": 0.5372610614847165, "gHM": 0.3966672122478485, "DistWater_m": 1390.9347115805547, "LST_C": 29.761774193548376, "NightLights": 1.543125033378601, "BuiltUp_Pct": 0.0, "SEGMENT_ID": 1953133070.0, "hard_filter_pass": true}}, {"type": "Feature", "geometry": {"type": "Polygon", "coordinates": [[[77.95326146371312, 16.458628097975073], [77.95326488249573, 16.458853796658847], [77.95349877488138, 16.458850497487198], [77.95349535582898, 16.45862479885116], [77.95326146371312, 16.458628097975073]]]}, "properties": {"name": "grid_00243", "display_name": "SFV-T0244", "role": "candidate_grid_cell", "area_ha": 0.0625, "named_subarea": null, "gee_matched": true, "NDVI_raw": 0.31389431995039624, "TreeCover_Pct": 85.68019093078757, "Elev_m": 357.9532179183778, "ElevStd_m": 2.983336991707333, "TRI_m": 0.3730033131569774, "Slope_deg": 0.05246032401919365, "NatCoverPct_2km": 11.93351869744323, "EdgeDensity_2km": 1.3944958600299706, "NatCoverPct_500m": 0.8426955425052028, "EdgeDensity_500m": 0.6166678272711092, "gHM": 0.3966672122478485, "DistWater_m": 1365.9369738939013, "LST_C": 29.761774193548376, "NightLights": 1.543125033378601, "BuiltUp_Pct": 0.0, "SEGMENT_ID": -1210000004.0, "hard_filter_pass": true}}, {"type": "Feature", "geometry": {"type": "Polygon", "coordinates": [[[77.95326488249573, 16.458853796658847], [77.95326830133183, 16.459079495337075], [77.95350219398729, 16.459076196117696], [77.95349877488138, 16.458850497487198], [77.95326488249573, 16.458853796658847]]]}, "properties": {"name": "grid_00244", "display_name": "SFV-T0245", "role": "candidate_grid_cell", "area_ha": 0.0625, "named_subarea": null, "gee_matched": true, "NDVI_raw": 0.30642816253917043, "TreeCover_Pct": 60.38531005418424, "Elev_m": 357.371388875742, "ElevStd_m": 2.9935224748842506, "TRI_m": 0.35052784174954277, "Slope_deg": 0.05246032401919365, "NatCoverPct_2km": 11.961297106199885, "EdgeDensity_2km": 1.388346939312365, "NatCoverPct_500m": 1.0864088158405036, "EdgeDensity_500m": 0.6817981792279562, "gHM": 0.3966672122478485, "DistWater_m": 1343.7651173815607, "LST_C": 29.761774193548376, "NightLights": 1.543125033378601, "BuiltUp_Pct": 0.0, "SEGMENT_ID": -1210000004.0, "hard_filter_pass": true}}, {"type": "Feature", "geometry": {"type": "Polygon", "coordinates": [[[77.95326830133183, 16.459079495337075], [77.95327172022141, 16.459305194009758], [77.95350561314669, 16.459301894742644], [77.95350219398729, 16.459076196117696], [77.95326830133183, 16.459079495337075]]]}, "properties": {"name": "grid_00245", "display_name": "SFV-T0246", "role": "candidate_grid_cell", "area_ha": 0.0625, "named_subarea": null, "gee_matched": true, "NDVI_raw": 0.30837655678727033, "TreeCover_Pct": 64.57699330493003, "Elev_m": 356.49040054070537, "ElevStd_m": 2.794433262049635, "TRI_m": 0.3202226356393814, "Slope_deg": 0.05246032401919365, "NatCoverPct_2km": 11.985714790921929, "EdgeDensity_2km": 1.3821472668871855, "NatCoverPct_500m": 1.3329425999054114, "EdgeDensity_500m": 0.7606245158145486, "gHM": 0.3966672122478485, "DistWater_m": 1326.1617542116553, "LST_C": 29.761774193548376, "NightLights": 1.543125033378601, "BuiltUp_Pct": 0.0, "SEGMENT_ID": -1210000004.0, "hard_filter_pass": true}}, {"type": "Feature", "geometry": {"type": "Polygon", "coordinates": [[[77.95327172022141, 16.459305194009758], [77.9532751391645, 16.4595308926769], [77.95350903235958, 16.459527593362047], [77.95350561314669, 16.459301894742644], [77.95327172022141, 16.459305194009758]]]}, "properties": {"name": "grid_00246", "display_name": "SFV-T0247", "role": "candidate_grid_cell", "area_ha": 0.0625, "named_subarea": null, "gee_matched": true, "NDVI_raw": 0.32189084664975787, "TreeCover_Pct": 81.78528347406515, "Elev_m": 356.187863118686, "ElevStd_m": 2.3957004064256684, "TRI_m": 0.2981580026088309, "Slope_deg": 0.05246032401919365, "NatCoverPct_2km": 12.007335198446368, "EdgeDensity_2km": 1.376868096312975, "NatCoverPct_500m": 1.5821756438378427, "EdgeDensity_500m": 0.8255670454061876, "gHM": 0.3966672122478485, "DistWater_m": 1312.0458756240953, "LST_C": 29.761774193548376, "NightLights": 1.543125033378601, "BuiltUp_Pct": 0.0, "SEGMENT_ID": -1210000004.0, "hard_filter_pass": true}}, {"type": "Feature", "geometry": {"type": "Polygon", "coordinates": [[[77.9532751391645, 16.4595308926769], [77.95327855816109, 16.45975659133849], [77.95351245162598, 16.459753291975908], [77.95350903235958, 16.459527593362047], [77.9532751391645, 16.4595308926769]]]}, "properties": {"name": "grid_00247", "display_name": "SFV-T0248", "role": "candidate_grid_cell", "area_ha": 0.0625, "named_subarea": null, "gee_matched": true, "NDVI_raw": 0.31481986428374675, "TreeCover_Pct": 62.925373134328375, "Elev_m": 355.71642660112525, "ElevStd_m": 2.0182811192226446, "TRI_m": 0.27230267021602356, "Slope_deg": 0.05246032401919365, "NatCoverPct_2km": 12.02897414470256, "EdgeDensity_2km": 1.3732102798619472, "NatCoverPct_500m": 1.8412651129682596, "EdgeDensity_500m": 0.895921807646889, "gHM": 0.3966672122478485, "DistWater_m": 1302.652353539111, "LST_C": 29.761774193548376, "NightLights": 1.543125033378601, "BuiltUp_Pct": 0.0, "SEGMENT_ID": -1210000004.0, "hard_filter_pass": true}}, {"type": "Feature", "geometry": {"type": "Polygon", "coordinates": [[[77.95327855816109, 16.45975659133849], [77.95328197721116, 16.45998228999454], [77.95351587094588, 16.459978990584222], [77.95351245162598, 16.459753291975908], [77.95327855816109, 16.45975659133849]]]}, "properties": {"name": "grid_00248", "display_name": "SFV-T0249", "role": "candidate_grid_cell", "area_ha": 0.0625, "named_subarea": null, "gee_matched": true, "NDVI_raw": 0.27453618803919977, "TreeCover_Pct": 25.16556291390729, "Elev_m": 355.01492388574286, "ElevStd_m": 1.7446995743309537, "TRI_m": 0.24171939739220993, "Slope_deg": 0.05246032401919365, "NatCoverPct_2km": 12.047275440962293, "EdgeDensity_2km": 1.370604033349377, "NatCoverPct_500m": 2.074431559909863, "EdgeDensity_500m": 0.9413716065263018, "gHM": 0.3966672122478485, "DistWater_m": 1297.0935504798626, "LST_C": 29.761774193548376, "NightLights": 1.543125033378601, "BuiltUp_Pct": 0.0, "SEGMENT_ID": 483745710.0, "hard_filter_pass": true}}, {"type": "Feature", "geometry": {"type": "Polygon", "coordinates": [[[77.95328197721116, 16.45998228999454], [77.95328539631473, 16.460207988645042], [77.95351929031928, 16.460204689186984], [77.95351587094588, 16.459978990584222], [77.95328197721116, 16.45998228999454]]]}, "properties": {"name": "grid_00249", "display_name": "SFV-T0250", "role": "candidate_grid_cell", "area_ha": 0.0625, "named_subarea": null, "gee_matched": true, "NDVI_raw": 0.30288153202980667, "TreeCover_Pct": 67.65227675931402, "Elev_m": 354.5801956474535, "ElevStd_m": 1.580597082911075, "TRI_m": 0.22362292499824923, "Slope_deg": 0.05246032401919365, "NatCoverPct_2km": 12.066897376845963, "EdgeDensity_2km": 1.3678715814130893, "NatCoverPct_500m": 2.281299687032145, "EdgeDensity_500m": 0.987841063394367, "gHM": 0.3966672122478485, "DistWater_m": 1295.570668243643, "LST_C": 29.761774193548376, "NightLights": 1.543125033378601, "BuiltUp_Pct": 0.0, "SEGMENT_ID": -1210000004.0, "hard_filter_pass": true}}, {"type": "Feature", "geometry": {"type": "Polygon", "coordinates": [[[77.95328539631473, 16.460207988645042], [77.95328881547181, 16.46043368729], [77.95352270974618, 16.460430387784207], [77.95351929031928, 16.460204689186984], [77.95328539631473, 16.460207988645042]]]}, "properties": {"name": "grid_00250", "display_name": "SFV-T0251", "role": "candidate_grid_cell", "area_ha": 0.0625, "named_subarea": null, "gee_matched": true, "NDVI_raw": 0.34482408910715, "TreeCover_Pct": 100.0, "Elev_m": 354.4607670929949, "ElevStd_m": 1.4602226227378168, "TRI_m": 0.2079503053707343, "Slope_deg": 0.05246032401919365, "NatCoverPct_2km": 12.083900025657734, "EdgeDensity_2km": 1.366592865700264, "NatCoverPct_500m": 2.4539892134149035, "EdgeDensity_500m": 1.0337829113914871, "gHM": 0.3966672122478485, "DistWater_m": 1293.9643515673017, "LST_C": 29.761774193548376, "NightLights": 1.543125033378601, "BuiltUp_Pct": 0.0, "SEGMENT_ID": -1210000004.0, "hard_filter_pass": true}}, {"type": "Feature", "geometry": {"type": "Polygon", "coordinates": [[[77.95328881547181, 16.46043368729], [77.95329223468235, 16.460659385929414], [77.95352612922657, 16.460656086375884], [77.95352270974618, 16.460430387784207], [77.95328881547181, 16.46043368729]]]}, "properties": {"name": "grid_00251", "display_name": "SFV-T0252", "role": "candidate_grid_cell", "area_ha": 0.0625, "named_subarea": null, "gee_matched": true, "NDVI_raw": 0.32921944537049574, "TreeCover_Pct": 82.62883613202082, "Elev_m": 354.70058440720334, "ElevStd_m": 1.3943326561935445, "TRI_m": 0.19898173574306985, "Slope_deg": 0.05246032401919365, "NatCoverPct_2km": 12.100474336814514, "EdgeDensity_2km": 1.3647156840175823, "NatCoverPct_500m": 2.5945501583693997, "EdgeDensity_500m": 1.0790396286177137, "gHM": 0.3966672122478485, "DistWater_m": 1293.1962941517083, "LST_C": 29.761774193548376, "NightLights": 1.5225654793531134, "BuiltUp_Pct": 0.0, "SEGMENT_ID": -1210000004.0, "hard_filter_pass": true}}, {"type": "Feature", "geometry": {"type": "Polygon", "coordinates": [[[77.95329223468235, 16.460659385929414], [77.95329565394641, 16.46088508456328], [77.95352954876046, 16.46088178496202], [77.95352612922657, 16.460656086375884], [77.95329223468235, 16.460659385929414]]]}, "properties": {"name": "grid_00252", "display_name": "SFV-T0253", "role": "candidate_grid_cell", "area_ha": 0.0625, "named_subarea": null, "gee_matched": true, "NDVI_raw": 0.281506713461933, "TreeCover_Pct": 20.1555023923445, "Elev_m": 353.9487743103904, "ElevStd_m": 1.387875454146597, "TRI_m": 0.19632722392322435, "Slope_deg": 0.05246032401919365, "NatCoverPct_2km": 12.11772316541594, "EdgeDensity_2km": 1.3632254405477786, "NatCoverPct_500m": 2.704924533301869, "EdgeDensity_500m": 1.1077733697239562, "gHM": 0.42095864332463756, "DistWater_m": 1292.1710526315792, "LST_C": 29.84378144775428, "NightLights": 1.519374966621399, "BuiltUp_Pct": 0.0, "SEGMENT_ID": 229044935.0, "hard_filter_pass": true}}, {"type": "Feature", "geometry": {"type": "Polygon", "coordinates": [[[77.95329565394641, 16.46088508456328], [77.95329907326396, 16.4611107831916], [77.95353296834786, 16.4611074835426], [77.95352954876046, 16.46088178496202], [77.95329565394641, 16.46088508456328]]]}, "properties": {"name": "grid_00253", "display_name": "SFV-T0254", "role": "candidate_grid_cell", "area_ha": 0.0625, "named_subarea": null, "gee_matched": true, "NDVI_raw": 0.3140116468289472, "TreeCover_Pct": 50.0, "Elev_m": 353.1833089935229, "ElevStd_m": 1.436534223316469, "TRI_m": 0.20457321940396642, "Slope_deg": 0.05246032401919365, "NatCoverPct_2km": 12.136685226519313, "EdgeDensity_2km": 1.3664570363341673, "NatCoverPct_500m": 2.7779994168072677, "EdgeDensity_500m": 1.1138691065980575, "gHM": 0.4317408502101898, "DistWater_m": 1291.8478947237595, "LST_C": 29.94168550349267, "NightLights": 1.519374966621399, "BuiltUp_Pct": 0.0, "SEGMENT_ID": 229044935.0, "hard_filter_pass": true}}, {"type": "Feature", "geometry": {"type": "Polygon", "coordinates": [[[77.95329907326396, 16.4611107831916], [77.953302492635, 16.461336481814374], [77.95353638798875, 16.461333182117638], [77.95353296834786, 16.4611074835426], [77.95329907326396, 16.4611107831916]]]}, "properties": {"name": "grid_00254", "display_name": "SFV-T0255", "role": "candidate_grid_cell", "area_ha": 0.0625, "named_subarea": null, "gee_matched": true, "NDVI_raw": 0.3536574535452537, "TreeCover_Pct": 100.0, "Elev_m": 352.6785357955599, "ElevStd_m": 1.5348406856751513, "TRI_m": 0.2130199097062813, "Slope_deg": 0.05246032401919365, "NatCoverPct_2km": 12.155601321661493, "EdgeDensity_2km": 1.3761875587221062, "NatCoverPct_500m": 2.817279416920506, "EdgeDensity_500m": 1.1194356446607874, "gHM": 0.4317408502101898, "DistWater_m": 1293.7635285080855, "LST_C": 30.07375912408761, "NightLights": 1.519374966621399, "BuiltUp_Pct": 0.0, "SEGMENT_ID": 1528333622.0, "hard_filter_pass": true}}, {"type": "Feature", "geometry": {"type": "Polygon", "coordinates": [[[77.953302492635, 16.461336481814374], [77.95330591205956, 16.461562180431603], [77.95353980768316, 16.46155888068713], [77.95353638798875, 16.461333182117638], [77.953302492635, 16.461336481814374]]]}, "properties": {"name": "grid_00255", "display_name": "SFV-T0256", "role": "candidate_grid_cell", "area_ha": 0.0625, "named_subarea": null, "gee_matched": true, "NDVI_raw": 0.2933005063648683, "TreeCover_Pct": 21.927710843373493, "Elev_m": 352.4061494022966, "ElevStd_m": 1.7130869744260329, "TRI_m": 0.22831974895980675, "Slope_deg": 0.05246032401919365, "NatCoverPct_2km": 12.172981389486191, "EdgeDensity_2km": 1.3866686438792943, "NatCoverPct_500m": 2.8085641403822685, "EdgeDensity_500m": 1.1269267502448113, "gHM": 0.4317408502101898, "DistWater_m": 1300.2850823685403, "LST_C": 30.103709677419374, "NightLights": 1.519374966621399, "BuiltUp_Pct": 0.0, "SEGMENT_ID": 1528333622.0, "hard_filter_pass": true}}, {"type": "Feature", "geometry": {"type": "Polygon", "coordinates": [[[77.95330591205956, 16.461562180431603], [77.9533093315376, 16.461787879043282], [77.95354322743104, 16.461784579251077], [77.95353980768316, 16.46155888068713], [77.95330591205956, 16.461562180431603]]]}, "properties": {"name": "grid_00256", "display_name": "SFV-T0257", "role": "candidate_grid_cell", "area_ha": 0.0625, "named_subarea": null, "gee_matched": true, "NDVI_raw": 0.25997818448650306, "TreeCover_Pct": 0.0, "Elev_m": 352.2661354178813, "ElevStd_m": 1.9368333260601711, "TRI_m": 0.23633115029732332, "Slope_deg": 0.05246032401919365, "NatCoverPct_2km": 12.18807791035033, "EdgeDensity_2km": 1.393329100817836, "NatCoverPct_500m": 2.7547611229881652, "EdgeDensity_500m": 1.1311218324260743, "gHM": 0.4317408502101898, "DistWater_m": 1311.0783189516112, "LST_C": 30.103709677419374, "NightLights": 1.519374966621399, "BuiltUp_Pct": 0.0, "SEGMENT_ID": 1528333622.0, "hard_filter_pass": true}}, {"type": "Feature", "geometry": {"type": "Polygon", "coordinates": [[[77.9533093315376, 16.461787879043282], [77.95331275106915, 16.462013577649422], [77.95354664723246, 16.46201027780948], [77.95354322743104, 16.461784579251077], [77.9533093315376, 16.461787879043282]]]}, "properties": {"name": "grid_00257", "display_name": "SFV-T0258", "role": "candidate_grid_cell", "area_ha": 0.0625, "named_subarea": null, "gee_matched": true, "NDVI_raw": 0.22256707963441846, "TreeCover_Pct": 0.0, "Elev_m": 351.97941473523656, "ElevStd_m": 2.1113400562929643, "TRI_m": 0.2333746773249549, "Slope_deg": 0.05246032401919365, "NatCoverPct_2km": 12.20473324291908, "EdgeDensity_2km": 1.3980677733229738, "NatCoverPct_500m": 2.6600829906820467, "EdgeDensity_500m": 1.1382808907208766, "gHM": 0.4317408502101898, "DistWater_m": 1326.2791968526117, "LST_C": 30.103709677419374, "NightLights": 1.519374966621399, "BuiltUp_Pct": 0.0, "SEGMENT_ID": 1528333622.0, "hard_filter_pass": true}}, {"type": "Feature", "geometry": {"type": "Polygon", "coordinates": [[[77.95355006708735, 16.462235976362333], [77.95354664723246, 16.46201027780948], [77.95331275106915, 16.462013577649422], [77.95331480734855, 16.462149296114493], [77.9534922, 16.4622146], [77.95348292252321, 16.462236923686625], [77.95355006708735, 16.462235976362333]]]}, "properties": {"name": "grid_00258", "display_name": "SFV-T0259", "role": "candidate_grid_cell", "area_ha": 0.05092, "named_subarea": null, "gee_matched": true, "NDVI_raw": 0.27271393285263645, "TreeCover_Pct": 4.70242468772961, "Elev_m": 351.96224291687236, "ElevStd_m": 2.1984215233878954, "TRI_m": 0.22495142186370312, "Slope_deg": 0.05246032401919365, "NatCoverPct_2km": 12.220045538744314, "EdgeDensity_2km": 1.4036218166245915, "NatCoverPct_500m": 2.574799509460678, "EdgeDensity_500m": 1.1364515592419082, "gHM": 0.4317408502101898, "DistWater_m": 1340.126099389745, "LST_C": 30.103709677419374, "NightLights": 1.519374966621399, "BuiltUp_Pct": 0.0, "SEGMENT_ID": 1528333622.0, "hard_filter_pass": true}}, {"type": "Feature", "geometry": {"type": "Polygon", "coordinates": [[[77.95355690695766, 16.46268737345141], [77.95355348699576, 16.462461674909648], [77.95338855121678, 16.462464001935903], [77.9533829, 16.4624776], [77.95343010451677, 16.46268916250193], [77.95355690695766, 16.46268737345141]]]}, "properties": {"name": "grid_00259", "display_name": "SFV-T0260", "role": "candidate_grid_cell", "area_ha": 0.04007, "named_subarea": null, "gee_matched": true, "NDVI_raw": 0.2833410061657702, "TreeCover_Pct": 12.420091324200916, "Elev_m": 350.7586186935913, "ElevStd_m": 2.2028557591281963, "TRI_m": 0.20419868422074772, "Slope_deg": 0.05246032401919365, "NatCoverPct_2km": 12.260784400765312, "EdgeDensity_2km": 1.4184328573835776, "NatCoverPct_500m": 2.219486294679384, "EdgeDensity_500m": 1.0380298226848155, "gHM": 0.4317408502101898, "DistWater_m": 1381.2003431562862, "LST_C": 30.103709677419374, "NightLights": 1.519374966621399, "BuiltUp_Pct": 0.0, "SEGMENT_ID": -1886056852.0, "hard_filter_pass": true}}, {"type": "Feature", "geometry": {"type": "Polygon", "coordinates": [[[77.95344749471238, 16.455465017364425], [77.95368138299798, 16.455461718648436], [77.95367805520912, 16.455242010286227], [77.95344420316086, 16.455247684298072], [77.95344749471238, 16.455465017364425]]]}, "properties": {"name": "grid_00260", "display_name": "SFV-T0261", "role": "candidate_grid_cell", "area_ha": 0.06051, "named_subarea": null, "gee_matched": true, "NDVI_raw": 0.2638251522668486, "TreeCover_Pct": 7.7681874229346475, "Elev_m": 362.242065297984, "ElevStd_m": 1.3958104684409613, "TRI_m": 0.2124545730920335, "Slope_deg": 0.05246032401919365, "NatCoverPct_2km": 10.777885528499882, "EdgeDensity_2km": 1.3179964735951475, "NatCoverPct_500m": 0.0, "EdgeDensity_500m": 0.0, "gHM": 0.36508139067601625, "DistWater_m": 1707.5895226115722, "LST_C": 30.89688000000001, "NightLights": 1.513124942779541, "BuiltUp_Pct": 0.0, "SEGMENT_ID": -1266363162.0, "hard_filter_pass": true}}, {"type": "Feature", "geometry": {"type": "Polygon", "coordinates": [[[77.95344749471238, 16.455465017364425], [77.95345091301586, 16.455690716078088], [77.95368480157119, 16.455687417314365], [77.95368138299798, 16.455461718648436], [77.95344749471238, 16.455465017364425]]]}, "properties": {"name": "grid_00261", "display_name": "SFV-T0262", "role": "candidate_grid_cell", "area_ha": 0.0625, "named_subarea": null, "gee_matched": true, "NDVI_raw": 0.2949303918354765, "TreeCover_Pct": 29.656419529837247, "Elev_m": 362.49010016387876, "ElevStd_m": 1.2510608313729055, "TRI_m": 0.20546682486870457, "Slope_deg": 0.05246032401919365, "NatCoverPct_2km": 10.915477985180331, "EdgeDensity_2km": 1.335670683418931, "NatCoverPct_500m": 0.0, "EdgeDensity_500m": 0.0, "gHM": 0.38234999775886536, "DistWater_m": 1762.628423843119, "LST_C": 30.89688000000001, "NightLights": 1.513124942779541, "BuiltUp_Pct": 0.0, "SEGMENT_ID": -1266363162.0, "hard_filter_pass": true}}, {"type": "Feature", "geometry": {"type": "Polygon", "coordinates": [[[77.95345091301586, 16.455690716078088], [77.95345433137281, 16.455916414786206], [77.9536882201979, 16.455913115974745], [77.95368480157119, 16.455687417314365], [77.95345091301586, 16.455690716078088]]]}, "properties": {"name": "grid_00262", "display_name": "SFV-T0263", "role": "candidate_grid_cell", "area_ha": 0.0625, "named_subarea": null, "gee_matched": true, "NDVI_raw": 0.28224873550041224, "TreeCover_Pct": 14.668289713937915, "Elev_m": 362.2137178872607, "ElevStd_m": 1.2655739682611786, "TRI_m": 0.19766441719748334, "Slope_deg": 0.05246032401919365, "NatCoverPct_2km": 11.041019440237978, "EdgeDensity_2km": 1.3571295911737802, "NatCoverPct_500m": 0.0, "EdgeDensity_500m": 0.0, "gHM": 0.38234999775886536, "DistWater_m": 1816.980681681203, "LST_C": 30.89688000000001, "NightLights": 1.513124942779541, "BuiltUp_Pct": 0.0, "SEGMENT_ID": -1266363162.0, "hard_filter_pass": true}}, {"type": "Feature", "geometry": {"type": "Polygon", "coordinates": [[[77.95345433137281, 16.455916414786206], [77.95345774978328, 16.456142113488777], [77.95369163887811, 16.456138814629583], [77.9536882201979, 16.455913115974745], [77.95345433137281, 16.455916414786206]]]}, "properties": {"name": "grid_00263", "display_name": "SFV-T0264", "role": "candidate_grid_cell", "area_ha": 0.0625, "named_subarea": null, "gee_matched": true, "NDVI_raw": 0.3008630289790736, "TreeCover_Pct": 55.794504181600956, "Elev_m": 361.94409602631237, "ElevStd_m": 1.3562646660040514, "TRI_m": 0.19331365538244777, "Slope_deg": 0.05246032401919365, "NatCoverPct_2km": 11.15566552023884, "EdgeDensity_2km": 1.3653327294932829, "NatCoverPct_500m": 0.0, "EdgeDensity_500m": 0.0, "gHM": 0.38234999775886536, "DistWater_m": 1806.6757910732783, "LST_C": 30.89688000000001, "NightLights": 1.513124942779541, "BuiltUp_Pct": 0.0, "SEGMENT_ID": -1095698417.0, "hard_filter_pass": true}}, {"type": "Feature", "geometry": {"type": "Polygon", "coordinates": [[[77.95345774978328, 16.456142113488777], [77.95346116824723, 16.45636781218581], [77.95369505761181, 16.456364513278867], [77.95369163887811, 16.456138814629583], [77.95345774978328, 16.456142113488777]]]}, "properties": {"name": "grid_00264", "display_name": "SFV-T0265", "role": "candidate_grid_cell", "area_ha": 0.0625, "named_subarea": null, "gee_matched": true, "NDVI_raw": 0.257420006762427, "TreeCover_Pct": 26.92771084337349, "Elev_m": 361.48151559485007, "ElevStd_m": 1.4601955151217108, "TRI_m": 0.19156591324840275, "Slope_deg": 0.05246032401919365, "NatCoverPct_2km": 11.271483459427541, "EdgeDensity_2km": 1.3729465144425872, "NatCoverPct_500m": 0.0, "EdgeDensity_500m": 0.0, "gHM": 0.38234999775886536, "DistWater_m": 1751.3395337503564, "LST_C": 30.89688000000001, "NightLights": 1.5297514990151642, "BuiltUp_Pct": 0.0, "SEGMENT_ID": -1266363162.0, "hard_filter_pass": true}}, {"type": "Feature", "geometry": {"type": "Polygon", "coordinates": [[[77.95346116824723, 16.45636781218581], [77.95346458676468, 16.456593510877294], [77.95369847639901, 16.45659021192262], [77.95369505761181, 16.456364513278867], [77.95346116824723, 16.45636781218581]]]}, "properties": {"name": "grid_00265", "display_name": "SFV-T0266", "role": "candidate_grid_cell", "area_ha": 0.0625, "named_subarea": null, "gee_matched": true, "NDVI_raw": 0.23077727440184198, "TreeCover_Pct": 0.0, "Elev_m": 360.72428920149457, "ElevStd_m": 1.5763442283078593, "TRI_m": 0.20479096399080088, "Slope_deg": 0.05246032401919365, "NatCoverPct_2km": 11.385041739673648, "EdgeDensity_2km": 1.3777620757200444, "NatCoverPct_500m": 0.0, "EdgeDensity_500m": 0.0, "gHM": 0.38234999775886536, "DistWater_m": 1699.5110581045449, "LST_C": 30.89688000000001, "NightLights": 1.543125033378601, "BuiltUp_Pct": 0.0, "SEGMENT_ID": -1266363162.0, "hard_filter_pass": true}}, {"type": "Feature", "geometry": {"type": "Polygon", "coordinates": [[[77.95346458676468, 16.456593510877294], [77.95346800533561, 16.45681920956324], [77.95370189523972, 16.45681591056082], [77.95369847639901, 16.45659021192262], [77.95346458676468, 16.456593510877294]]]}, "properties": {"name": "grid_00266", "display_name": "SFV-T0267", "role": "candidate_grid_cell", "area_ha": 0.0625, "named_subarea": null, "gee_matched": true, "NDVI_raw": 0.2425939074594499, "TreeCover_Pct": 0.0, "Elev_m": 359.7523049534673, "ElevStd_m": 1.678912976056993, "TRI_m": 0.2289740790581973, "Slope_deg": 0.05246032401919365, "NatCoverPct_2km": 11.49808185629382, "EdgeDensity_2km": 1.3850435694691199, "NatCoverPct_500m": 0.0, "EdgeDensity_500m": 0.0, "gHM": 0.38234999775886536, "DistWater_m": 1644.7707560582096, "LST_C": 30.89688000000001, "NightLights": 1.543125033378601, "BuiltUp_Pct": 0.0, "SEGMENT_ID": 1664052502.0, "hard_filter_pass": true}}, {"type": "Feature", "geometry": {"type": "Polygon", "coordinates": [[[77.95346800533561, 16.45681920956324], [77.95347142396005, 16.45704490824363], [77.95370531413391, 16.457041609193485], [77.95370189523972, 16.45681591056082], [77.95346800533561, 16.45681920956324]]]}, "properties": {"name": "grid_00267", "display_name": "SFV-T0268", "role": "candidate_grid_cell", "area_ha": 0.0625, "named_subarea": null, "gee_matched": true, "NDVI_raw": 0.24610380311016578, "TreeCover_Pct": 0.0, "Elev_m": 359.04058837890625, "ElevStd_m": 1.8093859769984943, "TRI_m": 0.27068104742807514, "Slope_deg": 0.05246032401919365, "NatCoverPct_2km": 11.60066099324558, "EdgeDensity_2km": 1.4018913789344445, "NatCoverPct_500m": 0.0, "EdgeDensity_500m": 0.0, "gHM": 0.38234999775886536, "DistWater_m": 1596.6894082827484, "LST_C": 30.89688000000001, "NightLights": 1.543125033378601, "BuiltUp_Pct": 0.0, "SEGMENT_ID": -1060108935.0, "hard_filter_pass": true}}, {"type": "Feature", "geometry": {"type": "Polygon", "coordinates": [[[77.95347142396005, 16.45704490824363], [77.95347484263797, 16.457270606918485], [77.95370873308163, 16.4572673078206], [77.95370531413391, 16.457041609193485], [77.95347142396005, 16.45704490824363]]]}, "properties": {"name": "grid_00268", "display_name": "SFV-T0269", "role": "candidate_grid_cell", "area_ha": 0.0625, "named_subarea": null, "gee_matched": true, "NDVI_raw": 0.22420772632556177, "TreeCover_Pct": 0.0, "Elev_m": 359.45068359375, "ElevStd_m": 2.029982158689256, "TRI_m": 0.30428183019232014, "Slope_deg": 0.05246032401919365, "NatCoverPct_2km": 11.690348997412874, "EdgeDensity_2km": 1.4110686025863997, "NatCoverPct_500m": 0.002272860259231803, "EdgeDensity_500m": 0.050051284432019484, "gHM": 0.38234999775886536, "DistWater_m": 1547.7151854913955, "LST_C": 30.89688000000001, "NightLights": 1.543125033378601, "BuiltUp_Pct": 0.0, "SEGMENT_ID": -1060108935.0, "hard_filter_pass": true}}, {"type": "Feature", "geometry": {"type": "Polygon", "coordinates": [[[77.95347484263797, 16.457270606918485], [77.9534782613694, 16.457496305587792], [77.95371215208282, 16.45749300644217], [77.95370873308163, 16.4572673078206], [77.95347484263797, 16.457270606918485]]]}, "properties": {"name": "grid_00269", "display_name": "SFV-T0270", "role": "candidate_grid_cell", "area_ha": 0.0625, "named_subarea": null, "gee_matched": true, "NDVI_raw": 0.21080655031202783, "TreeCover_Pct": 0.0, "Elev_m": 359.9518911916183, "ElevStd_m": 2.2056488831153587, "TRI_m": 0.33620950795581167, "Slope_deg": 0.05246032401919365, "NatCoverPct_2km": 11.765971691820143, "EdgeDensity_2km": 1.4168693674844726, "NatCoverPct_500m": 0.0640267093898264, "EdgeDensity_500m": 0.17413910914861394, "gHM": 0.38234999775886536, "DistWater_m": 1504.636395829031, "LST_C": 30.89688000000001, "NightLights": 1.543125033378601, "BuiltUp_Pct": 0.0, "SEGMENT_ID": 1235057385.0, "hard_filter_pass": true}}, {"type": "Feature", "geometry": {"type": "Polygon", "coordinates": [[[77.9534782613694, 16.457496305587792], [77.95348168015433, 16.457722004251558], [77.95371557113752, 16.457718705058195], [77.95371215208282, 16.45749300644217], [77.9534782613694, 16.457496305587792]]]}, "properties": {"name": "grid_00270", "display_name": "SFV-T0271", "role": "candidate_grid_cell", "area_ha": 0.0625, "named_subarea": null, "gee_matched": true, "NDVI_raw": 0.24362954946910084, "TreeCover_Pct": 0.0, "Elev_m": 361.1600407138647, "ElevStd_m": 2.3502517282638875, "TRI_m": 0.3538994294726398, "Slope_deg": 0.05246032401919365, "NatCoverPct_2km": 11.823953295402562, "EdgeDensity_2km": 1.419640494859475, "NatCoverPct_500m": 0.1695927501154556, "EdgeDensity_500m": 0.2871519105177004, "gHM": 0.38234999775886536, "DistWater_m": 1460.4773028663642, "LST_C": 30.89688000000001, "NightLights": 1.543125033378601, "BuiltUp_Pct": 0.0, "SEGMENT_ID": 1235057385.0, "hard_filter_pass": true}}, {"type": "Feature", "geometry": {"type": "Polygon", "coordinates": [[[77.95348168015433, 16.457722004251558], [77.95348509899274, 16.457947702909774], [77.95371899024572, 16.457944403668677], [77.95371557113752, 16.457718705058195], [77.95348168015433, 16.457722004251558]]]}, "properties": {"name": "grid_00271", "display_name": "SFV-T0272", "role": "candidate_grid_cell", "area_ha": 0.0625, "named_subarea": null, "gee_matched": true, "NDVI_raw": 0.3080515466033155, "TreeCover_Pct": 52.501506931886695, "Elev_m": 362.9665832519531, "ElevStd_m": 2.4875137696168244, "TRI_m": 0.3682183477156191, "Slope_deg": 0.05246032401919365, "NatCoverPct_2km": 11.873563828684626, "EdgeDensity_2km": 1.4136927429068011, "NatCoverPct_500m": 0.3235162981611315, "EdgeDensity_500m": 0.38884821427707905, "gHM": 0.38234999775886536, "DistWater_m": 1422.1954739827388, "LST_C": 30.89688000000001, "NightLights": 1.543125033378601, "BuiltUp_Pct": 0.0, "SEGMENT_ID": 1953133070.0, "hard_filter_pass": true}}, {"type": "Feature", "geometry": {"type": "Polygon", "coordinates": [[[77.95348509899274, 16.457947702909774], [77.95348851788465, 16.458173401562448], [77.95372240940743, 16.458170102273613], [77.95371899024572, 16.457944403668677], [77.95348509899274, 16.457947702909774]]]}, "properties": {"name": "grid_00272", "display_name": "SFV-T0273", "role": "candidate_grid_cell", "area_ha": 0.0625, "named_subarea": null, "gee_matched": true, "NDVI_raw": 0.3300142396256976, "TreeCover_Pct": 72.62969588550982, "Elev_m": 362.3800964355469, "ElevStd_m": 2.632507273475345, "TRI_m": 0.3713627980078571, "Slope_deg": 0.05246032401919365, "NatCoverPct_2km": 11.915716365278708, "EdgeDensity_2km": 1.4065196636507686, "NatCoverPct_500m": 0.5267606805285697, "EdgeDensity_500m": 0.49034731484069544, "gHM": 0.3909386189728885, "DistWater_m": 1384.032012033639, "LST_C": 30.89688000000001, "NightLights": 1.543125033378601, "BuiltUp_Pct": 0.0, "SEGMENT_ID": 1953133070.0, "hard_filter_pass": true}}, {"type": "Feature", "geometry": {"type": "Polygon", "coordinates": [[[77.95348851788465, 16.458173401562448], [77.95349193683006, 16.458399100209583], [77.95372582862262, 16.458395800873003], [77.95372240940743, 16.458170102273613], [77.95348851788465, 16.458173401562448]]]}, "properties": {"name": "grid_00273", "display_name": "SFV-T0274", "role": "candidate_grid_cell", "area_ha": 0.0625, "named_subarea": null, "gee_matched": true, "NDVI_raw": 0.26448335328567174, "TreeCover_Pct": 5.71944611679711, "Elev_m": 359.4993604353434, "ElevStd_m": 2.752627260304959, "TRI_m": 0.3717918012658285, "Slope_deg": 0.05246032401919365, "NatCoverPct_2km": 11.950227228832773, "EdgeDensity_2km": 1.3990826641894403, "NatCoverPct_500m": 0.776234797002415, "EdgeDensity_500m": 0.5900583723538169, "gHM": 0.3966672122478485, "DistWater_m": 1351.7287194287396, "LST_C": 30.445161193218237, "NightLights": 1.543125033378601, "BuiltUp_Pct": 0.0, "SEGMENT_ID": 1953133070.0, "hard_filter_pass": true}}, {"type": "Feature", "geometry": {"type": "Polygon", "coordinates": [[[77.95349193683006, 16.458399100209583], [77.95349535582898, 16.45862479885116], [77.95372924789133, 16.458621499466847], [77.95372582862262, 16.458395800873003], [77.95349193683006, 16.458399100209583]]]}, "properties": {"name": "grid_00274", "display_name": "SFV-T0275", "role": "candidate_grid_cell", "area_ha": 0.0625, "named_subarea": null, "gee_matched": true, "NDVI_raw": 0.2835522451139284, "TreeCover_Pct": 35.672169811320764, "Elev_m": 358.7435937917458, "ElevStd_m": 2.866157836221076, "TRI_m": 0.37436505487896404, "Slope_deg": 0.05246032401919365, "NatCoverPct_2km": 11.979120425738616, "EdgeDensity_2km": 1.3921005681633938, "NatCoverPct_500m": 1.0704475995202913, "EdgeDensity_500m": 0.675074470965995, "gHM": 0.3966672122478485, "DistWater_m": 1320.2367589147482, "LST_C": 29.761774193548376, "NightLights": 1.543125033378601, "BuiltUp_Pct": 0.0, "SEGMENT_ID": 1953133070.0, "hard_filter_pass": true}}, {"type": "Feature", "geometry": {"type": "Polygon", "coordinates": [[[77.95349535582898, 16.45862479885116], [77.95349877488138, 16.458850497487198], [77.95373266721354, 16.45884719805515], [77.95372924789133, 16.458621499466847], [77.95349535582898, 16.45862479885116]]]}, "properties": {"name": "grid_00275", "display_name": "SFV-T0276", "role": "candidate_grid_cell", "area_ha": 0.0625, "named_subarea": null, "gee_matched": true, "NDVI_raw": 0.29682350419369286, "TreeCover_Pct": 38.21339950372208, "Elev_m": 358.35960687301286, "ElevStd_m": 2.951551612118559, "TRI_m": 0.3697138089683682, "Slope_deg": 0.05246032401919365, "NatCoverPct_2km": 12.005380847475065, "EdgeDensity_2km": 1.3862374780578561, "NatCoverPct_500m": 1.36445162497697, "EdgeDensity_500m": 0.7568412383936264, "gHM": 0.3966672122478485, "DistWater_m": 1293.6491021429729, "LST_C": 29.761774193548376, "NightLights": 1.543125033378601, "BuiltUp_Pct": 0.0, "SEGMENT_ID": 1953133070.0, "hard_filter_pass": true}}, {"type": "Feature", "geometry": {"type": "Polygon", "coordinates": [[[77.95349877488138, 16.458850497487198], [77.95350219398729, 16.459076196117696], [77.95373608658926, 16.459072896637906], [77.95373266721354, 16.45884719805515], [77.95349877488138, 16.458850497487198]]]}, "properties": {"name": "grid_00276", "display_name": "SFV-T0277", "role": "candidate_grid_cell", "area_ha": 0.0625, "named_subarea": null, "gee_matched": true, "NDVI_raw": 0.2761768703911643, "TreeCover_Pct": 29.772329246935204, "Elev_m": 357.79077554625934, "ElevStd_m": 2.9231295221850537, "TRI_m": 0.34243673828131216, "Slope_deg": 0.05246032401919365, "NatCoverPct_2km": 12.026511430147998, "EdgeDensity_2km": 1.3817777664158104, "NatCoverPct_500m": 1.6646283758134428, "EdgeDensity_500m": 0.8340792559053616, "gHM": 0.3966672122478485, "DistWater_m": 1269.7746986913112, "LST_C": 29.761774193548376, "NightLights": 1.543125033378601, "BuiltUp_Pct": 0.0, "SEGMENT_ID": 1953133070.0, "hard_filter_pass": true}}, {"type": "Feature", "geometry": {"type": "Polygon", "coordinates": [[[77.95350219398729, 16.459076196117696], [77.95350561314669, 16.459301894742644], [77.95373950601847, 16.459298595215113], [77.95373608658926, 16.459072896637906], [77.95350219398729, 16.459076196117696]]]}, "properties": {"name": "grid_00277", "display_name": "SFV-T0278", "role": "candidate_grid_cell", "area_ha": 0.0625, "named_subarea": null, "gee_matched": true, "NDVI_raw": 0.3065893284524664, "TreeCover_Pct": 43.69797859690845, "Elev_m": 357.4864470383218, "ElevStd_m": 2.6586221637882415, "TRI_m": 0.3065032372560589, "Slope_deg": 0.05246032401919365, "NatCoverPct_2km": 12.047231237543182, "EdgeDensity_2km": 1.3768207164957107, "NatCoverPct_500m": 1.9632894516049315, "EdgeDensity_500m": 0.9121783523146832, "gHM": 0.3966672122478485, "DistWater_m": 1251.1916508658328, "LST_C": 29.761774193548376, "NightLights": 1.543125033378601, "BuiltUp_Pct": 0.0, "SEGMENT_ID": 257565382.0, "hard_filter_pass": true}}, {"type": "Feature", "geometry": {"type": "Polygon", "coordinates": [[[77.95350561314669, 16.459301894742644], [77.95350903235958, 16.459527593362047], [77.95374292550117, 16.459524293786775], [77.95373950601847, 16.459298595215113], [77.95350561314669, 16.459301894742644]]]}, "properties": {"name": "grid_00278", "display_name": "SFV-T0279", "role": "candidate_grid_cell", "area_ha": 0.0625, "named_subarea": null, "gee_matched": true, "NDVI_raw": 0.3017926048341467, "TreeCover_Pct": 47.98071127185051, "Elev_m": 355.8385818417062, "ElevStd_m": 2.2338079250425302, "TRI_m": 0.28458673572606835, "Slope_deg": 0.05246032401919365, "NatCoverPct_2km": 12.064495060242262, "EdgeDensity_2km": 1.3726614085095463, "NatCoverPct_500m": 2.2645151805886545, "EdgeDensity_500m": 0.978865556621584, "gHM": 0.3966672122478485, "DistWater_m": 1236.4752192612937, "LST_C": 29.761774193548376, "NightLights": 1.543125033378601, "BuiltUp_Pct": 0.0, "SEGMENT_ID": 483745710.0, "hard_filter_pass": true}}, {"type": "Feature", "geometry": {"type": "Polygon", "coordinates": [[[77.95350903235958, 16.459527593362047], [77.95351245162598, 16.459753291975908], [77.95374634503739, 16.4597499923529], [77.95374292550117, 16.459524293786775], [77.95350903235958, 16.459527593362047]]]}, "properties": {"name": "grid_00279", "display_name": "SFV-T0280", "role": "candidate_grid_cell", "area_ha": 0.0625, "named_subarea": null, "gee_matched": true, "NDVI_raw": 0.3223188881531621, "TreeCover_Pct": 81.13207547169813, "Elev_m": 355.09888219107825, "ElevStd_m": 1.8313292028263368, "TRI_m": 0.25763766279903877, "Slope_deg": 0.05246032401919365, "NatCoverPct_2km": 12.080872744528563, "EdgeDensity_2km": 1.3704162609452126, "NatCoverPct_500m": 2.562194287482802, "EdgeDensity_500m": 1.037276677232865, "gHM": 0.3966672122478485, "DistWater_m": 1226.5605832059991, "LST_C": 29.761774193548376, "NightLights": 1.543125033378601, "BuiltUp_Pct": 0.0, "SEGMENT_ID": 257565382.0, "hard_filter_pass": true}}, {"type": "Feature", "geometry": {"type": "Polygon", "coordinates": [[[77.95351245162598, 16.459753291975908], [77.95351587094588, 16.459978990584222], [77.9537497646271, 16.459975690913474], [77.95374634503739, 16.4597499923529], [77.95351245162598, 16.459753291975908]]]}, "properties": {"name": "grid_00280", "display_name": "SFV-T0281", "role": "candidate_grid_cell", "area_ha": 0.0625, "named_subarea": null, "gee_matched": true, "NDVI_raw": 0.30376697707341577, "TreeCover_Pct": 57.84077201447528, "Elev_m": 355.1150522634692, "ElevStd_m": 1.6165929609933851, "TRI_m": 0.23505101620477334, "Slope_deg": 0.05246032401919365, "NatCoverPct_2km": 12.095496943041333, "EdgeDensity_2km": 1.3710335400040026, "NatCoverPct_500m": 2.832595154471122, "EdgeDensity_500m": 1.083548887364013, "gHM": 0.3966672122478485, "DistWater_m": 1220.7092011340908, "LST_C": 29.761774193548376, "NightLights": 1.543125033378601, "BuiltUp_Pct": 0.0, "SEGMENT_ID": 257565382.0, "hard_filter_pass": true}}, {"type": "Feature", "geometry": {"type": "Polygon", "coordinates": [[[77.95351587094588, 16.459978990584222], [77.95351929031928, 16.460204689186984], [77.95375318427033, 16.4602013894685], [77.9537497646271, 16.459975690913474], [77.95351587094588, 16.459978990584222]]]}, "properties": {"name": "grid_00281", "display_name": "SFV-T0282", "role": "candidate_grid_cell", "area_ha": 0.0625, "named_subarea": null, "gee_matched": true, "NDVI_raw": 0.27801304987035536, "TreeCover_Pct": 35.68439928272565, "Elev_m": 354.90333937458547, "ElevStd_m": 1.4756117825687074, "TRI_m": 0.2217287558141703, "Slope_deg": 0.05246032401919365, "NatCoverPct_2km": 12.107159461690124, "EdgeDensity_2km": 1.3703879528697434, "NatCoverPct_500m": 3.065577654949634, "EdgeDensity_500m": 1.128616539244558, "gHM": 0.3966672122478485, "DistWater_m": 1218.792588164973, "LST_C": 29.761774193548376, "NightLights": 1.543125033378601, "BuiltUp_Pct": 0.0, "SEGMENT_ID": 483745710.0, "hard_filter_pass": true}}, {"type": "Feature", "geometry": {"type": "Polygon", "coordinates": [[[77.95351929031928, 16.460204689186984], [77.95352270974618, 16.460430387784207], [77.95375660396705, 16.460427088017987], [77.95375318427033, 16.4602013894685], [77.95351929031928, 16.460204689186984]]]}, "properties": {"name": "grid_00282", "display_name": "SFV-T0283", "role": "candidate_grid_cell", "area_ha": 0.0625, "named_subarea": null, "gee_matched": true, "NDVI_raw": 0.2878811382579113, "TreeCover_Pct": 27.064496684749848, "Elev_m": 354.55882047040404, "ElevStd_m": 1.3517662018450776, "TRI_m": 0.20722063329760435, "Slope_deg": 0.05246032401919365, "NatCoverPct_2km": 12.119792310238294, "EdgeDensity_2km": 1.3666088962637897, "NatCoverPct_500m": 3.2722982105336937, "EdgeDensity_500m": 1.172957563946641, "gHM": 0.3966672122478485, "DistWater_m": 1217.5226039783, "LST_C": 29.761774193548376, "NightLights": 1.543125033378601, "BuiltUp_Pct": 0.0, "SEGMENT_ID": 483745710.0, "hard_filter_pass": true}}, {"type": "Feature", "geometry": {"type": "Polygon", "coordinates": [[[77.95352270974618, 16.460430387784207], [77.95352612922657, 16.460656086375884], [77.9537600237173, 16.460652786561916], [77.95375660396705, 16.460427088017987], [77.95352270974618, 16.460430387784207]]]}, "properties": {"name": "grid_00283", "display_name": "SFV-T0284", "role": "candidate_grid_cell", "area_ha": 0.0625, "named_subarea": null, "gee_matched": true, "NDVI_raw": 0.2967052339999617, "TreeCover_Pct": 53.31710286062082, "Elev_m": 355.11034348267884, "ElevStd_m": 1.2750579324077713, "TRI_m": 0.2006783403687594, "Slope_deg": 0.05246032401919365, "NatCoverPct_2km": 12.134779156497117, "EdgeDensity_2km": 1.3683396448670238, "NatCoverPct_500m": 3.430138486044523, "EdgeDensity_500m": 1.2169634040544808, "gHM": 0.3966672122478485, "DistWater_m": 1216.232501521607, "LST_C": 29.761774193548376, "NightLights": 1.5229165164421627, "BuiltUp_Pct": 0.0, "SEGMENT_ID": -1210000004.0, "hard_filter_pass": true}}, {"type": "Feature", "geometry": {"type": "Polygon", "coordinates": [[[77.95352612922657, 16.460656086375884], [77.95352954876046, 16.46088178496202], [77.95376344352101, 16.460878485100313], [77.9537600237173, 16.460652786561916], [77.95352612922657, 16.460656086375884]]]}, "properties": {"name": "grid_00284", "display_name": "SFV-T0285", "role": "candidate_grid_cell", "area_ha": 0.0625, "named_subarea": null, "gee_matched": true, "NDVI_raw": 0.292890738998622, "TreeCover_Pct": 45.22968197879859, "Elev_m": 354.2473714983505, "ElevStd_m": 1.2488498270375732, "TRI_m": 0.20315023050388403, "Slope_deg": 0.05246032401919365, "NatCoverPct_2km": 12.148074379678796, "EdgeDensity_2km": 1.3782633888392828, "NatCoverPct_500m": 3.561097469097533, "EdgeDensity_500m": 1.2605188306532333, "gHM": 0.41982242317587243, "DistWater_m": 1215.4593639575971, "LST_C": 29.761774193548376, "NightLights": 1.519374966621399, "BuiltUp_Pct": 0.0, "SEGMENT_ID": 229044935.0, "hard_filter_pass": true}}, {"type": "Feature", "geometry": {"type": "Polygon", "coordinates": [[[77.95352954876046, 16.46088178496202], [77.95353296834786, 16.4611074835426], [77.95376686337825, 16.461104183633157], [77.95376344352101, 16.460878485100313], [77.95352954876046, 16.46088178496202]]]}, "properties": {"name": "grid_00285", "display_name": "SFV-T0286", "role": "candidate_grid_cell", "area_ha": 0.0625, "named_subarea": null, "gee_matched": true, "NDVI_raw": 0.29357020181580434, "TreeCover_Pct": 48.749272833042475, "Elev_m": 353.6882344102221, "ElevStd_m": 1.3164516409894553, "TRI_m": 0.21610676836171322, "Slope_deg": 0.05246032401919365, "NatCoverPct_2km": 12.156160149704718, "EdgeDensity_2km": 1.3947098196418521, "NatCoverPct_500m": 3.6569461134308994, "EdgeDensity_500m": 1.2805404372919134, "gHM": 0.4317408502101898, "DistWater_m": 1213.3960810967296, "LST_C": 29.761774193548376, "NightLights": 1.519374966621399, "BuiltUp_Pct": 0.0, "SEGMENT_ID": 1528333622.0, "hard_filter_pass": true}}, {"type": "Feature", "geometry": {"type": "Polygon", "coordinates": [[[77.95353296834786, 16.4611074835426], [77.95353638798875, 16.461333182117638], [77.953770283289, 16.461329882160452], [77.95376686337825, 16.461104183633157], [77.95353296834786, 16.4611074835426]]]}, "properties": {"name": "grid_00286", "display_name": "SFV-T0287", "role": "candidate_grid_cell", "area_ha": 0.0625, "named_subarea": null, "gee_matched": true, "NDVI_raw": 0.2859963993013123, "TreeCover_Pct": 47.680097680097674, "Elev_m": 353.3312977102649, "ElevStd_m": 1.4685967348110855, "TRI_m": 0.22918323126208698, "Slope_deg": 0.05246032401919365, "NatCoverPct_2km": 12.161054291049018, "EdgeDensity_2km": 1.405191203921053, "NatCoverPct_500m": 3.705804554763302, "EdgeDensity_500m": 1.2848020619503904, "gHM": 0.4317408502101898, "DistWater_m": 1216.2850861379961, "LST_C": 29.782231872070568, "NightLights": 1.519374966621399, "BuiltUp_Pct": 0.0, "SEGMENT_ID": 1528333622.0, "hard_filter_pass": true}}, {"type": "Feature", "geometry": {"type": "Polygon", "coordinates": [[[77.95353638798875, 16.461333182117638], [77.95353980768316, 16.46155888068713], [77.95377370325325, 16.46155558068221], [77.953770283289, 16.461329882160452], [77.95353638798875, 16.461333182117638]]]}, "properties": {"name": "grid_00287", "display_name": "SFV-T0288", "role": "candidate_grid_cell", "area_ha": 0.0625, "named_subarea": null, "gee_matched": true, "NDVI_raw": 0.22569671812648162, "TreeCover_Pct": 4.570054119061936, "Elev_m": 352.69026741032417, "ElevStd_m": 1.6905077586239465, "TRI_m": 0.24284833650608775, "Slope_deg": 0.05246032401919365, "NatCoverPct_2km": 12.166650365386149, "EdgeDensity_2km": 1.4087626786513407, "NatCoverPct_500m": 3.7150981169666446, "EdgeDensity_500m": 1.292155478398793, "gHM": 0.4317408502101898, "DistWater_m": 1222.0483678874198, "LST_C": 29.85018805889085, "NightLights": 1.519374966621399, "BuiltUp_Pct": 0.0, "SEGMENT_ID": 1528333622.0, "hard_filter_pass": true}}, {"type": "Feature", "geometry": {"type": "Polygon", "coordinates": [[[77.95353980768316, 16.46155888068713], [77.95354322743104, 16.461784579251077], [77.953777123271, 16.461781279198412], [77.95377370325325, 16.46155558068221], [77.95353980768316, 16.46155888068713]]]}, "properties": {"name": "grid_00288", "display_name": "SFV-T0289", "role": "candidate_grid_cell", "area_ha": 0.0625, "named_subarea": null, "gee_matched": true, "NDVI_raw": 0.19548921043090683, "TreeCover_Pct": 0.0, "Elev_m": 352.7544757752468, "ElevStd_m": 1.9464905820560798, "TRI_m": 0.24786886208281406, "Slope_deg": 0.05246032401919365, "NatCoverPct_2km": 12.17351167726952, "EdgeDensity_2km": 1.4112058886135819, "NatCoverPct_500m": 3.6872532260443394, "EdgeDensity_500m": 1.297429561374028, "gHM": 0.4317408502101898, "DistWater_m": 1233.0865515426335, "LST_C": 30.003813735692002, "NightLights": 1.519374966621399, "BuiltUp_Pct": 0.0, "SEGMENT_ID": 1528333622.0, "hard_filter_pass": true}}, {"type": "Feature", "geometry": {"type": "Polygon", "coordinates": [[[77.953777123271, 16.461781279198412], [77.95354322743104, 16.461784579251077], [77.95354664723246, 16.46201027780948], [77.95375581441938, 16.462007326628164], [77.9537379, 16.461956599999997], [77.9537699, 16.461908599999994], [77.95377898510644, 16.46190414651711], [77.953777123271, 16.461781279198412]]]}, "properties": {"name": "grid_00289", "display_name": "SFV-T0290", "role": "candidate_grid_cell", "area_ha": 0.05903, "named_subarea": null, "gee_matched": true, "NDVI_raw": 0.23201750909269542, "TreeCover_Pct": 0.7722007722007721, "Elev_m": 352.6939286829728, "ElevStd_m": 2.142284946942105, "TRI_m": 0.2405062446695239, "Slope_deg": 0.05246032401919365, "NatCoverPct_2km": 12.1837086723282, "EdgeDensity_2km": 1.4121504818676496, "NatCoverPct_500m": 3.5830859888412094, "EdgeDensity_500m": 1.291752378907583, "gHM": 0.4317408502101898, "DistWater_m": 1250.8861879361511, "LST_C": 30.070484286129464, "NightLights": 1.519374966621399, "BuiltUp_Pct": 0.0, "SEGMENT_ID": 1528333622.0, "hard_filter_pass": true}}, {"type": "Feature", "geometry": {"type": "Polygon", "coordinates": [[[77.95354664723246, 16.46201027780948], [77.95355006708735, 16.462235976362333], [77.95378396346703, 16.46223267621419], [77.9537816575196, 16.462080504116493], [77.95375581441938, 16.462007326628164], [77.95354664723246, 16.46201027780948]]]}, "properties": {"name": "grid_00290", "display_name": "SFV-T0291", "role": "candidate_grid_cell", "area_ha": 0.06142, "named_subarea": null, "gee_matched": true, "NDVI_raw": 0.2843917998689704, "TreeCover_Pct": 51.58536585365853, "Elev_m": 352.4927118068788, "ElevStd_m": 2.2508946121101974, "TRI_m": 0.22734132195809384, "Slope_deg": 0.05246032401919365, "NatCoverPct_2km": 12.193494137337476, "EdgeDensity_2km": 1.4172729865172429, "NatCoverPct_500m": 3.470593526136565, "EdgeDensity_500m": 1.2808845105239701, "gHM": 0.4317408502101898, "DistWater_m": 1269.4463580629479, "LST_C": 30.103709677419374, "NightLights": 1.519374966621399, "BuiltUp_Pct": 0.0, "SEGMENT_ID": 1528333622.0, "hard_filter_pass": true}}, {"type": "Feature", "geometry": {"type": "Polygon", "coordinates": [[[77.95355006708735, 16.462235976362333], [77.95355348699576, 16.462461674909648], [77.95378738364529, 16.462458374713762], [77.95378396346703, 16.46223267621419], [77.95355006708735, 16.462235976362333]]]}, "properties": {"name": "grid_00291", "display_name": "SFV-T0292", "role": "candidate_grid_cell", "area_ha": 0.0625, "named_subarea": null, "gee_matched": true, "NDVI_raw": 0.272046093960101, "TreeCover_Pct": 23.947051744885684, "Elev_m": 351.5861475424645, "ElevStd_m": 2.2854717328853438, "TRI_m": 0.21603318579370892, "Slope_deg": 0.05246032401919365, "NatCoverPct_2km": 12.207086836811701, "EdgeDensity_2km": 1.4234801448847454, "NatCoverPct_500m": 3.282440570170457, "EdgeDensity_500m": 1.2489705954177661, "gHM": 0.4317408502101898, "DistWater_m": 1292.27728917397, "LST_C": 30.103709677419374, "NightLights": 1.519374966621399, "BuiltUp_Pct": 0.0, "SEGMENT_ID": 1528333622.0, "hard_filter_pass": true}}, {"type": "Feature", "geometry": {"type": "Polygon", "coordinates": [[[77.95355348699576, 16.462461674909648], [77.95355690695766, 16.46268737345141], [77.95379080387707, 16.46268407320779], [77.95378738364529, 16.462458374713762], [77.95355348699576, 16.462461674909648]]]}, "properties": {"name": "grid_00292", "display_name": "SFV-T0293", "role": "candidate_grid_cell", "area_ha": 0.0625, "named_subarea": null, "gee_matched": true, "NDVI_raw": 0.23926625025540013, "TreeCover_Pct": 0.0, "Elev_m": 350.39283311714246, "ElevStd_m": 2.2463566190569724, "TRI_m": 0.2109089750878319, "Slope_deg": 0.05246032401919365, "NatCoverPct_2km": 12.223705767729637, "EdgeDensity_2km": 1.4317697047370488, "NatCoverPct_500m": 3.028118171078522, "EdgeDensity_500m": 1.1859081767411317, "gHM": 0.4317408502101898, "DistWater_m": 1319.0607695040846, "LST_C": 30.103709677419374, "NightLights": 1.519374966621399, "BuiltUp_Pct": 0.0, "SEGMENT_ID": -1886056852.0, "hard_filter_pass": true}}, {"type": "Feature", "geometry": {"type": "Polygon", "coordinates": [[[77.95355690695766, 16.46268737345141], [77.95356032697308, 16.462913071987625], [77.95379422416235, 16.46290977169626], [77.95379080387707, 16.46268407320779], [77.95355690695766, 16.46268737345141]]]}, "properties": {"name": "grid_00293", "display_name": "SFV-T0294", "role": "candidate_grid_cell", "area_ha": 0.0625, "named_subarea": null, "gee_matched": true, "NDVI_raw": 0.2403072602979366, "TreeCover_Pct": 18.36858006042296, "Elev_m": 349.36227169901224, "ElevStd_m": 2.164491159002041, "TRI_m": 0.21059211984560042, "Slope_deg": 0.05246032401919365, "NatCoverPct_2km": 12.243755980965343, "EdgeDensity_2km": 1.4401350600099248, "NatCoverPct_500m": 2.701631017426244, "EdgeDensity_500m": 1.1171809303119535, "gHM": 0.4317408502101898, "DistWater_m": 1338.931215987586, "LST_C": 30.103709677419374, "NightLights": 1.519374966621399, "BuiltUp_Pct": 0.0, "SEGMENT_ID": -1886056852.0, "hard_filter_pass": true}}, {"type": "Feature", "geometry": {"type": "Polygon", "coordinates": [[[77.95356032697308, 16.462913071987625], [77.95356374704198, 16.463138770518295], [77.95379764450115, 16.463135470179193], [77.95379422416235, 16.46290977169626], [77.95356032697308, 16.462913071987625]]]}, "properties": {"name": "grid_00294", "display_name": "SFV-T0295", "role": "candidate_grid_cell", "area_ha": 0.0625, "named_subarea": null, "gee_matched": true, "NDVI_raw": 0.23728473551930326, "TreeCover_Pct": 10.63454759106933, "Elev_m": 347.53720596618297, "ElevStd_m": 2.037011103947485, "TRI_m": 0.21473172106124513, "Slope_deg": 0.05246032401919365, "NatCoverPct_2km": 12.264037810042632, "EdgeDensity_2km": 1.4465481186047977, "NatCoverPct_500m": 2.340886770017269, "EdgeDensity_500m": 1.054363757430571, "gHM": 0.4317408502101898, "DistWater_m": 1359.9359190083755, "LST_C": 30.103709677419374, "NightLights": 1.519374966621399, "BuiltUp_Pct": 0.0, "SEGMENT_ID": -1886056852.0, "hard_filter_pass": true}}, {"type": "Feature", "geometry": {"type": "Polygon", "coordinates": [[[77.95356374704198, 16.463138770518295], [77.9535671671644, 16.463364469043423], [77.95380106489344, 16.463361168656576], [77.95379764450115, 16.463135470179193], [77.95356374704198, 16.463138770518295]]]}, "properties": {"name": "grid_00295", "display_name": "SFV-T0296", "role": "candidate_grid_cell", "area_ha": 0.0625, "named_subarea": null, "gee_matched": true, "NDVI_raw": 0.19077097585302735, "TreeCover_Pct": 0.0, "Elev_m": 347.09581368347654, "ElevStd_m": 1.8609437301630296, "TRI_m": 0.2146487810692834, "Slope_deg": 0.05246032401919365, "NatCoverPct_2km": 12.28488067604155, "EdgeDensity_2km": 1.4491813146354098, "NatCoverPct_500m": 1.962445496356109, "EdgeDensity_500m": 0.9975430141766298, "gHM": 0.4317408502101898, "DistWater_m": 1383.3467590763698, "LST_C": 30.103709677419374, "NightLights": 1.519374966621399, "BuiltUp_Pct": 50.58175137783222, "SEGMENT_ID": -1886056852.0, "hard_filter_pass": false}}, {"type": "Feature", "geometry": {"type": "Polygon", "coordinates": [[[77.95368138299798, 16.455461718648436], [77.95391527123009, 16.455458419672095], [77.95391190719823, 16.455236336015044], [77.95367805520912, 16.455242010286227], [77.95368138299798, 16.455461718648436]]]}, "properties": {"name": "grid_00296", "display_name": "SFV-T0297", "role": "candidate_grid_cell", "area_ha": 0.06117, "named_subarea": null, "gee_matched": true, "NDVI_raw": 0.27211682768968437, "TreeCover_Pct": 11.876923076923077, "Elev_m": 361.5556479492187, "ElevStd_m": 1.4672537215920762, "TRI_m": 0.21030886201957327, "Slope_deg": 0.05246032401919365, "NatCoverPct_2km": 10.912660200251821, "EdgeDensity_2km": 1.321222705486478, "NatCoverPct_500m": 0.0, "EdgeDensity_500m": 0.0, "gHM": 0.36415430921774655, "DistWater_m": 1757.0343051716159, "LST_C": 30.89688000000001, "NightLights": 1.513124942779541, "BuiltUp_Pct": 0.0, "SEGMENT_ID": -220651898.0, "hard_filter_pass": true}}, {"type": "Feature", "geometry": {"type": "Polygon", "coordinates": [[[77.95368138299798, 16.455461718648436], [77.95368480157119, 16.455687417314365], [77.95391869007304, 16.455684118290282], [77.95391527123009, 16.455458419672095], [77.95368138299798, 16.455461718648436]]]}, "properties": {"name": "grid_00297", "display_name": "SFV-T0298", "role": "candidate_grid_cell", "area_ha": 0.0625, "named_subarea": null, "gee_matched": true, "NDVI_raw": 0.3141140984243422, "TreeCover_Pct": 63.462686567164184, "Elev_m": 362.21557886835365, "ElevStd_m": 1.32840124977805, "TRI_m": 0.20148928254706322, "Slope_deg": 0.05246032401919365, "NatCoverPct_2km": 11.047472287280618, "EdgeDensity_2km": 1.3435184394156519, "NatCoverPct_500m": 0.0, "EdgeDensity_500m": 0.0, "gHM": 0.38234999775886536, "DistWater_m": 1810.6458429650518, "LST_C": 30.89688000000001, "NightLights": 1.513124942779541, "BuiltUp_Pct": 0.0, "SEGMENT_ID": -1095698417.0, "hard_filter_pass": true}}, {"type": "Feature", "geometry": {"type": "Polygon", "coordinates": [[[77.95368480157119, 16.455687417314365], [77.9536882201979, 16.455913115974745], [77.9539221089695, 16.455909816902924], [77.95391869007304, 16.455684118290282], [77.95368480157119, 16.455687417314365]]]}, "properties": {"name": "grid_00298", "display_name": "SFV-T0299", "role": "candidate_grid_cell", "area_ha": 0.0625, "named_subarea": null, "gee_matched": true, "NDVI_raw": 0.36663103319336054, "TreeCover_Pct": 90.47044632086852, "Elev_m": 362.1149007431417, "ElevStd_m": 1.3624341261429873, "TRI_m": 0.19101389986467787, "Slope_deg": 0.05246032401919365, "NatCoverPct_2km": 11.167472286345642, "EdgeDensity_2km": 1.3609319084001783, "NatCoverPct_500m": 0.0, "EdgeDensity_500m": 0.0, "gHM": 0.38234999775886536, "DistWater_m": 1810.2793160061951, "LST_C": 30.89688000000001, "NightLights": 1.513124942779541, "BuiltUp_Pct": 0.0, "SEGMENT_ID": -1095698417.0, "hard_filter_pass": true}}, {"type": "Feature", "geometry": {"type": "Polygon", "coordinates": [[[77.9536882201979, 16.455913115974745], [77.95369163887811, 16.456138814629583], [77.95392552791944, 16.456135515510024], [77.9539221089695, 16.455909816902924], [77.9536882201979, 16.455913115974745]]]}, "properties": {"name": "grid_00299", "display_name": "SFV-T0300", "role": "candidate_grid_cell", "area_ha": 0.0625, "named_subarea": null, "gee_matched": true, "NDVI_raw": 0.32646279204784195, "TreeCover_Pct": 65.00304321363359, "Elev_m": 361.7636019427531, "ElevStd_m": 1.4632340622276998, "TRI_m": 0.18867995371668647, "Slope_deg": 0.05246032401919365, "NatCoverPct_2km": 11.287002997236154, "EdgeDensity_2km": 1.3684408298280877, "NatCoverPct_500m": 0.0, "EdgeDensity_500m": 0.0, "gHM": 0.38234999775886536, "DistWater_m": 1756.4400958071144, "LST_C": 30.89688000000001, "NightLights": 1.513124942779541, "BuiltUp_Pct": 0.0, "SEGMENT_ID": -1095698417.0, "hard_filter_pass": true}}, {"type": "Feature", "geometry": {"type": "Polygon", "coordinates": [[[77.95369163887811, 16.456138814629583], [77.95369505761181, 16.456364513278867], [77.9539289469229, 16.45636121411157], [77.95392552791944, 16.456135515510024], [77.95369163887811, 16.456138814629583]]]}, "properties": {"name": "grid_00300", "display_name": "SFV-T0301", "role": "candidate_grid_cell", "area_ha": 0.0625, "named_subarea": null, "gee_matched": true, "NDVI_raw": 0.23778758841502687, "TreeCover_Pct": 6.99939135727328, "Elev_m": 361.43591451615873, "ElevStd_m": 1.5784643018993296, "TRI_m": 0.19197410162527398, "Slope_deg": 0.05246032401919365, "NatCoverPct_2km": 11.40733321701861, "EdgeDensity_2km": 1.3723975389251302, "NatCoverPct_500m": 0.0, "EdgeDensity_500m": 0.0, "gHM": 0.38234999775886536, "DistWater_m": 1698.716512724135, "LST_C": 30.89688000000001, "NightLights": 1.5296131240400108, "BuiltUp_Pct": 0.0, "SEGMENT_ID": -1266363162.0, "hard_filter_pass": true}}, {"type": "Feature", "geometry": {"type": "Polygon", "coordinates": [[[77.95369505761181, 16.456364513278867], [77.95369847639901, 16.45659021192262], [77.95393236597987, 16.45658691270758], [77.9539289469229, 16.45636121411157], [77.95369505761181, 16.456364513278867]]]}, "properties": {"name": "grid_00301", "display_name": "SFV-T0302", "role": "candidate_grid_cell", "area_ha": 0.0625, "named_subarea": null, "gee_matched": true, "NDVI_raw": 0.2219091511642688, "TreeCover_Pct": 0.0, "Elev_m": 360.74118194764134, "ElevStd_m": 1.7076419045571913, "TRI_m": 0.20689722511068742, "Slope_deg": 0.05246032401919365, "NatCoverPct_2km": 11.524940552335474, "EdgeDensity_2km": 1.3778098997137314, "NatCoverPct_500m": 0.0, "EdgeDensity_500m": 0.0, "gHM": 0.38234999775886536, "DistWater_m": 1644.7187259127395, "LST_C": 30.89688000000001, "NightLights": 1.543125033378601, "BuiltUp_Pct": 0.0, "SEGMENT_ID": -1266363162.0, "hard_filter_pass": true}}, {"type": "Feature", "geometry": {"type": "Polygon", "coordinates": [[[77.95369847639901, 16.45659021192262], [77.95370189523972, 16.45681591056082], [77.95393578509032, 16.45681261129804], [77.95393236597987, 16.45658691270758], [77.95369847639901, 16.45659021192262]]]}, "properties": {"name": "grid_00302", "display_name": "SFV-T0303", "role": "candidate_grid_cell", "area_ha": 0.0625, "named_subarea": null, "gee_matched": true, "NDVI_raw": 0.22601906814464698, "TreeCover_Pct": 0.0, "Elev_m": 359.5497700356331, "ElevStd_m": 1.8079554484757159, "TRI_m": 0.22531630173091974, "Slope_deg": 0.05246032401919365, "NatCoverPct_2km": 11.63079167434063, "EdgeDensity_2km": 1.3914902683432924, "NatCoverPct_500m": 0.0, "EdgeDensity_500m": 0.0, "gHM": 0.38234999775886536, "DistWater_m": 1590.5710592800247, "LST_C": 30.89688000000001, "NightLights": 1.543125033378601, "BuiltUp_Pct": 0.0, "SEGMENT_ID": 1664052502.0, "hard_filter_pass": true}}, {"type": "Feature", "geometry": {"type": "Polygon", "coordinates": [[[77.95370189523972, 16.45681591056082], [77.95370531413391, 16.457041609193485], [77.9539392042543, 16.457038309882957], [77.95393578509032, 16.45681261129804], [77.95370189523972, 16.45681591056082]]]}, "properties": {"name": "grid_00303", "display_name": "SFV-T0304", "role": "candidate_grid_cell", "area_ha": 0.0625, "named_subarea": null, "gee_matched": true, "NDVI_raw": 0.22072439628574894, "TreeCover_Pct": 0.0, "Elev_m": 358.25124535605175, "ElevStd_m": 1.9143232828699863, "TRI_m": 0.2586139897291841, "Slope_deg": 0.05246032401919365, "NatCoverPct_2km": 11.724800631760312, "EdgeDensity_2km": 1.3997097747893497, "NatCoverPct_500m": 0.0010638719717126113, "EdgeDensity_500m": 0.04579485260053831, "gHM": 0.38234999775886536, "DistWater_m": 1539.6222736533837, "LST_C": 30.89688000000001, "NightLights": 1.543125033378601, "BuiltUp_Pct": 0.0, "SEGMENT_ID": -1111774134.0, "hard_filter_pass": true}}, {"type": "Feature", "geometry": {"type": "Polygon", "coordinates": [[[77.95370531413391, 16.457041609193485], [77.95370873308163, 16.4572673078206], [77.95394262347178, 16.457264008462335], [77.9539392042543, 16.457038309882957], [77.95370531413391, 16.457041609193485]]]}, "properties": {"name": "grid_00304", "display_name": "SFV-T0305", "role": "candidate_grid_cell", "area_ha": 0.0625, "named_subarea": null, "gee_matched": true, "NDVI_raw": 0.1921439165839497, "TreeCover_Pct": 0.0, "Elev_m": 358.44275776170053, "ElevStd_m": 2.078062144701905, "TRI_m": 0.2879339431606604, "Slope_deg": 0.05246032401919365, "NatCoverPct_2km": 11.80338645831253, "EdgeDensity_2km": 1.4034908318089878, "NatCoverPct_500m": 0.06750793677659273, "EdgeDensity_500m": 0.19062771258834427, "gHM": 0.38234999775886536, "DistWater_m": 1488.1694257213394, "LST_C": 30.89688000000001, "NightLights": 1.543125033378601, "BuiltUp_Pct": 0.0, "SEGMENT_ID": -1060108935.0, "hard_filter_pass": true}}, {"type": "Feature", "geometry": {"type": "Polygon", "coordinates": [[[77.95370873308163, 16.4572673078206], [77.95371215208282, 16.45749300644217], [77.95394604274274, 16.457489707036164], [77.95394262347178, 16.457264008462335], [77.95370873308163, 16.4572673078206]]]}, "properties": {"name": "grid_00305", "display_name": "SFV-T0306", "role": "candidate_grid_cell", "area_ha": 0.0625, "named_subarea": null, "gee_matched": true, "NDVI_raw": 0.23961536470522116, "TreeCover_Pct": 0.0, "Elev_m": 359.45490213198093, "ElevStd_m": 2.2512344323264055, "TRI_m": 0.31196354392193776, "Slope_deg": 0.05246032401919365, "NatCoverPct_2km": 11.864169749385708, "EdgeDensity_2km": 1.4059062284943187, "NatCoverPct_500m": 0.20083156745338998, "EdgeDensity_500m": 0.3083318261697121, "gHM": 0.38234999775886536, "DistWater_m": 1441.8640030460385, "LST_C": 30.89688000000001, "NightLights": 1.543125033378601, "BuiltUp_Pct": 0.0, "SEGMENT_ID": -1060108935.0, "hard_filter_pass": true}}, {"type": "Feature", "geometry": {"type": "Polygon", "coordinates": [[[77.95371215208282, 16.45749300644217], [77.95371557113752, 16.457718705058195], [77.95394946206721, 16.45771540560445], [77.95394604274274, 16.457489707036164], [77.95371215208282, 16.45749300644217]]]}, "properties": {"name": "grid_00306", "display_name": "SFV-T0307", "role": "candidate_grid_cell", "area_ha": 0.0625, "named_subarea": null, "gee_matched": true, "NDVI_raw": 0.2797382961943097, "TreeCover_Pct": 33.452593917710196, "Elev_m": 361.4548588424619, "ElevStd_m": 2.4184867297986417, "TRI_m": 0.33401285639699585, "Slope_deg": 0.05246032401919365, "NatCoverPct_2km": 11.914595204638545, "EdgeDensity_2km": 1.402615569650501, "NatCoverPct_500m": 0.38647959738807114, "EdgeDensity_500m": 0.4098850184511125, "gHM": 0.38234999775886536, "DistWater_m": 1395.1561739821454, "LST_C": 30.89688000000001, "NightLights": 1.543125033378601, "BuiltUp_Pct": 0.0, "SEGMENT_ID": 1235057385.0, "hard_filter_pass": true}}, {"type": "Feature", "geometry": {"type": "Polygon", "coordinates": [[[77.95371557113752, 16.457718705058195], [77.95371899024572, 16.457944403668677], [77.95395288144522, 16.457941104167187], [77.95394946206721, 16.45771540560445], [77.95371557113752, 16.457718705058195]]]}, "properties": {"name": "grid_00307", "display_name": "SFV-T0308", "role": "candidate_grid_cell", "area_ha": 0.0625, "named_subarea": null, "gee_matched": true, "NDVI_raw": 0.31565486200966697, "TreeCover_Pct": 64.61723930078361, "Elev_m": 362.9866856166294, "ElevStd_m": 2.5348641615006478, "TRI_m": 0.35181824130362116, "Slope_deg": 0.05246032401919365, "NatCoverPct_2km": 11.956749435823141, "EdgeDensity_2km": 1.3977454071993276, "NatCoverPct_500m": 0.6187451490525389, "EdgeDensity_500m": 0.5100839259246722, "gHM": 0.38234999775886536, "DistWater_m": 1354.874170310082, "LST_C": 30.89688000000001, "NightLights": 1.543125033378601, "BuiltUp_Pct": 0.0, "SEGMENT_ID": 1953133070.0, "hard_filter_pass": true}}, {"type": "Feature", "geometry": {"type": "Polygon", "coordinates": [[[77.95371899024572, 16.457944403668677], [77.95372240940743, 16.458170102273613], [77.9539563008767, 16.458166802724378], [77.95395288144522, 16.457941104167187], [77.95371899024572, 16.457944403668677]]]}, "properties": {"name": "grid_00308", "display_name": "SFV-T0309", "role": "candidate_grid_cell", "area_ha": 0.0625, "named_subarea": null, "gee_matched": true, "NDVI_raw": 0.3051962795158893, "TreeCover_Pct": 55.56908094948266, "Elev_m": 360.8555045612542, "ElevStd_m": 2.6560201267650023, "TRI_m": 0.3609901153296238, "Slope_deg": 0.05246032401919365, "NatCoverPct_2km": 11.99339332839516, "EdgeDensity_2km": 1.3935951946180536, "NatCoverPct_500m": 0.9039697196983004, "EdgeDensity_500m": 0.6118346382936336, "gHM": 0.3909333551974827, "DistWater_m": 1314.2162835080267, "LST_C": 30.89688000000001, "NightLights": 1.543125033378601, "BuiltUp_Pct": 0.0, "SEGMENT_ID": 1953133070.0, "hard_filter_pass": true}}, {"type": "Feature", "geometry": {"type": "Polygon", "coordinates": [[[77.95372240940743, 16.458170102273613], [77.95372582862262, 16.458395800873003], [77.9539597203617, 16.458392501276027], [77.9539563008767, 16.458166802724378], [77.95372240940743, 16.458170102273613]]]}, "properties": {"name": "grid_00309", "display_name": "SFV-T0310", "role": "candidate_grid_cell", "area_ha": 0.0625, "named_subarea": null, "gee_matched": true, "NDVI_raw": 0.23280850253909466, "TreeCover_Pct": 0.0, "Elev_m": 358.595383407409, "ElevStd_m": 2.7486599530559994, "TRI_m": 0.3603259270608352, "Slope_deg": 0.05246032401919365, "NatCoverPct_2km": 12.022253530725404, "EdgeDensity_2km": 1.3893917516776548, "NatCoverPct_500m": 1.2366634218336159, "EdgeDensity_500m": 0.7124125261194555, "gHM": 0.3966672122478485, "DistWater_m": 1279.7496481964235, "LST_C": 30.44010248270502, "NightLights": 1.543125033378601, "BuiltUp_Pct": 0.0, "SEGMENT_ID": 1953133070.0, "hard_filter_pass": true}}, {"type": "Feature", "geometry": {"type": "Polygon", "coordinates": [[[77.95372582862262, 16.458395800873003], [77.95372924789133, 16.458621499466847], [77.9539631399002, 16.45861819982213], [77.9539597203617, 16.458392501276027], [77.95372582862262, 16.458395800873003]]]}, "properties": {"name": "grid_00310", "display_name": "SFV-T0311", "role": "candidate_grid_cell", "area_ha": 0.0625, "named_subarea": null, "gee_matched": true, "NDVI_raw": 0.2685652838189827, "TreeCover_Pct": 36.49940262843489, "Elev_m": 358.67082595369436, "ElevStd_m": 2.8337713601737575, "TRI_m": 0.3576480144631285, "Slope_deg": 0.05246032401919365, "NatCoverPct_2km": 12.046028771060602, "EdgeDensity_2km": 1.3868438584816676, "NatCoverPct_500m": 1.5880829942618173, "EdgeDensity_500m": 0.7987322416632898, "gHM": 0.3966672122478485, "DistWater_m": 1246.2649277670885, "LST_C": 29.761774193548376, "NightLights": 1.543125033378601, "BuiltUp_Pct": 0.0, "SEGMENT_ID": 1953133070.0, "hard_filter_pass": true}}, {"type": "Feature", "geometry": {"type": "Polygon", "coordinates": [[[77.95372924789133, 16.458621499466847], [77.95373266721354, 16.45884719805515], [77.9539665594922, 16.45884389836269], [77.9539631399002, 16.45861819982213], [77.95372924789133, 16.458621499466847]]]}, "properties": {"name": "grid_00311", "display_name": "SFV-T0312", "role": "candidate_grid_cell", "area_ha": 0.0625, "named_subarea": null, "gee_matched": true, "NDVI_raw": 0.3330793343709088, "TreeCover_Pct": 90.95295536791316, "Elev_m": 358.6819426717172, "ElevStd_m": 2.863587571857103, "TRI_m": 0.3530746673746114, "Slope_deg": 0.05246032401919365, "NatCoverPct_2km": 12.065276144360443, "EdgeDensity_2km": 1.3841510786239046, "NatCoverPct_500m": 1.950854822782766, "EdgeDensity_500m": 0.8804041173859263, "gHM": 0.3966672122478485, "DistWater_m": 1218.7643220430214, "LST_C": 29.761774193548376, "NightLights": 1.543125033378601, "BuiltUp_Pct": 0.0, "SEGMENT_ID": 257565382.0, "hard_filter_pass": true}}, {"type": "Feature", "geometry": {"type": "Polygon", "coordinates": [[[77.95373266721354, 16.45884719805515], [77.95373608658926, 16.459072896637906], [77.95396997913771, 16.4590695968977], [77.9539665594922, 16.45884389836269], [77.95373266721354, 16.45884719805515]]]}, "properties": {"name": "grid_00312", "display_name": "SFV-T0313", "role": "candidate_grid_cell", "area_ha": 0.0625, "named_subarea": null, "gee_matched": true, "NDVI_raw": 0.34975151946074773, "TreeCover_Pct": 90.99756690997567, "Elev_m": 357.9789632903979, "ElevStd_m": 2.789523998255889, "TRI_m": 0.32845685682671155, "Slope_deg": 0.05246032401919365, "NatCoverPct_2km": 12.082787832846382, "EdgeDensity_2km": 1.381816362445274, "NatCoverPct_500m": 2.3049147238614096, "EdgeDensity_500m": 0.9599942744649355, "gHM": 0.3966672122478485, "DistWater_m": 1193.2709035122925, "LST_C": 29.761774193548376, "NightLights": 1.543125033378601, "BuiltUp_Pct": 0.0, "SEGMENT_ID": 257565382.0, "hard_filter_pass": true}}, {"type": "Feature", "geometry": {"type": "Polygon", "coordinates": [[[77.95373608658926, 16.459072896637906], [77.95373950601847, 16.459298595215113], [77.95397339883674, 16.459295295427165], [77.95396997913771, 16.4590695968977], [77.95373608658926, 16.459072896637906]]]}, "properties": {"name": "grid_00313", "display_name": "SFV-T0314", "role": "candidate_grid_cell", "area_ha": 0.0625, "named_subarea": null, "gee_matched": true, "NDVI_raw": 0.3545713507260989, "TreeCover_Pct": 97.33570159857904, "Elev_m": 357.61868974539993, "ElevStd_m": 2.5204331644388414, "TRI_m": 0.298410370816985, "Slope_deg": 0.05246032401919365, "NatCoverPct_2km": 12.09644108086446, "EdgeDensity_2km": 1.37804565462488, "NatCoverPct_500m": 2.6706326159839486, "EdgeDensity_500m": 1.042730025140998, "gHM": 0.3966672122478485, "DistWater_m": 1173.9955545687847, "LST_C": 29.761774193548376, "NightLights": 1.543125033378601, "BuiltUp_Pct": 0.0, "SEGMENT_ID": 257565382.0, "hard_filter_pass": true}}, {"type": "Feature", "geometry": {"type": "Polygon", "coordinates": [[[77.95373950601847, 16.459298595215113], [77.95374292550117, 16.459524293786775], [77.95397681858925, 16.459520993951088], [77.95397339883674, 16.459295295427165], [77.95373950601847, 16.459298595215113]]]}, "properties": {"name": "grid_00314", "display_name": "SFV-T0315", "role": "candidate_grid_cell", "area_ha": 0.0625, "named_subarea": null, "gee_matched": true, "NDVI_raw": 0.2829953725186159, "TreeCover_Pct": 20.45990566037736, "Elev_m": 355.51287841796875, "ElevStd_m": 2.0498358805978643, "TRI_m": 0.2713057630054977, "Slope_deg": 0.05246032401919365, "NatCoverPct_2km": 12.109646764802163, "EdgeDensity_2km": 1.37528479027092, "NatCoverPct_500m": 3.0140049412136776, "EdgeDensity_500m": 1.125144046195367, "gHM": 0.3966672122478485, "DistWater_m": 1157.1048117761247, "LST_C": 29.761774193548376, "NightLights": 1.543125033378601, "BuiltUp_Pct": 0.0, "SEGMENT_ID": 483745710.0, "hard_filter_pass": true}}, {"type": "Feature", "geometry": {"type": "Polygon", "coordinates": [[[77.95374292550117, 16.459524293786775], [77.95374634503739, 16.4597499923529], [77.95398023839527, 16.459746692469473], [77.95397681858925, 16.459520993951088], [77.95374292550117, 16.459524293786775]]]}, "properties": {"name": "grid_00315", "display_name": "SFV-T0316", "role": "candidate_grid_cell", "area_ha": 0.0625, "named_subarea": null, "gee_matched": true, "NDVI_raw": 0.29722274706046076, "TreeCover_Pct": 44.36407474382158, "Elev_m": 354.59530152176575, "ElevStd_m": 1.675731950421579, "TRI_m": 0.23895798521096243, "Slope_deg": 0.05246032401919365, "NatCoverPct_2km": 12.117580812686985, "EdgeDensity_2km": 1.374657964307877, "NatCoverPct_500m": 3.3364314424873593, "EdgeDensity_500m": 1.184664069542073, "gHM": 0.3966672122478485, "DistWater_m": 1147.5768063023634, "LST_C": 29.761774193548376, "NightLights": 1.543125033378601, "BuiltUp_Pct": 0.0, "SEGMENT_ID": 483745710.0, "hard_filter_pass": true}}, {"type": "Feature", "geometry": {"type": "Polygon", "coordinates": [[[77.95374634503739, 16.4597499923529], [77.9537497646271, 16.459975690913474], [77.95398365825481, 16.4599723909823], [77.95398023839527, 16.459746692469473], [77.95374634503739, 16.4597499923529]]]}, "properties": {"name": "grid_00316", "display_name": "SFV-T0317", "role": "candidate_grid_cell", "area_ha": 0.0625, "named_subarea": null, "gee_matched": true, "NDVI_raw": 0.3150246923471153, "TreeCover_Pct": 75.62724014336918, "Elev_m": 354.40036535775783, "ElevStd_m": 1.5103022433433888, "TRI_m": 0.22336062543343965, "Slope_deg": 0.05246032401919365, "NatCoverPct_2km": 12.12562025289197, "EdgeDensity_2km": 1.3721877766679844, "NatCoverPct_500m": 3.637734367292937, "EdgeDensity_500m": 1.2305189592573758, "gHM": 0.3966672122478485, "DistWater_m": 1141.3849477546144, "LST_C": 29.761774193548376, "NightLights": 1.543125033378601, "BuiltUp_Pct": 0.0, "SEGMENT_ID": 257565382.0, "hard_filter_pass": true}}, {"type": "Feature", "geometry": {"type": "Polygon", "coordinates": [[[77.9537497646271, 16.459975690913474], [77.95375318427033, 16.4602013894685], [77.95398707816787, 16.460198089489584], [77.95398365825481, 16.4599723909823], [77.9537497646271, 16.459975690913474]]]}, "properties": {"name": "grid_00317", "display_name": "SFV-T0318", "role": "candidate_grid_cell", "area_ha": 0.0625, "named_subarea": null, "gee_matched": true, "NDVI_raw": 0.34233442710263895, "TreeCover_Pct": 100.0, "Elev_m": 354.599962666087, "ElevStd_m": 1.3831888587969472, "TRI_m": 0.2138485541105846, "Slope_deg": 0.05246032401919365, "NatCoverPct_2km": 12.135922736977095, "EdgeDensity_2km": 1.3739263409909903, "NatCoverPct_500m": 3.8962213374818253, "EdgeDensity_500m": 1.2682425319200488, "gHM": 0.3966672122478485, "DistWater_m": 1140.0547445255477, "LST_C": 29.761774193548376, "NightLights": 1.543125033378601, "BuiltUp_Pct": 0.0, "SEGMENT_ID": 257565382.0, "hard_filter_pass": true}}, {"type": "Feature", "geometry": {"type": "Polygon", "coordinates": [[[77.95375318427033, 16.4602013894685], [77.95375660396705, 16.460427088017987], [77.95399049813443, 16.460423787991328], [77.95398707816787, 16.460198089489584], [77.95375318427033, 16.4602013894685]]]}, "properties": {"name": "grid_00318", "display_name": "SFV-T0319", "role": "candidate_grid_cell", "area_ha": 0.0625, "named_subarea": null, "gee_matched": true, "NDVI_raw": 0.33908479015391735, "TreeCover_Pct": 80.83182640144665, "Elev_m": 354.86572265625, "ElevStd_m": 1.2653051364666992, "TRI_m": 0.20473864893006105, "Slope_deg": 0.05246032401919365, "NatCoverPct_2km": 12.144396246025128, "EdgeDensity_2km": 1.3863188557546247, "NatCoverPct_500m": 4.120617935527428, "EdgeDensity_500m": 1.313156517811636, "gHM": 0.3966672122478485, "DistWater_m": 1139.204339963834, "LST_C": 29.761774193548376, "NightLights": 1.543125033378601, "BuiltUp_Pct": 0.0, "SEGMENT_ID": 257565382.0, "hard_filter_pass": true}}, {"type": "Feature", "geometry": {"type": "Polygon", "coordinates": [[[77.95399049813443, 16.460423787991328], [77.95375660396705, 16.460427088017987], [77.9537600237173, 16.460652786561916], [77.9539939181545, 16.460649486487515], [77.95399349554557, 16.460621597311093], [77.9539415, 16.4605753], [77.95399186723321, 16.460514139796864], [77.95399049813443, 16.460423787991328]]]}, "properties": {"name": "grid_00319", "display_name": "SFV-T0320", "role": "candidate_grid_cell", "area_ha": 0.05924, "named_subarea": null, "gee_matched": true, "NDVI_raw": 0.2801807041025975, "TreeCover_Pct": 25.063131313131315, "Elev_m": 354.8219794841729, "ElevStd_m": 1.1946401391157249, "TRI_m": 0.20505799547737255, "Slope_deg": 0.05246032401919365, "NatCoverPct_2km": 12.14494573023206, "EdgeDensity_2km": 1.403426266993868, "NatCoverPct_500m": 4.291274746520292, "EdgeDensity_500m": 1.3546481797867134, "gHM": 0.3966672122478485, "DistWater_m": 1140.0568181818182, "LST_C": 29.761774193548376, "NightLights": 1.5231233988747452, "BuiltUp_Pct": 0.0, "SEGMENT_ID": 483745710.0, "hard_filter_pass": true}}, {"type": "Feature", "geometry": {"type": "Polygon", "coordinates": [[[77.9537600237173, 16.460652786561916], [77.95376344352101, 16.460878485100313], [77.95399733822806, 16.460875184978164], [77.9539939181545, 16.460649486487515], [77.9537600237173, 16.460652786561916]]]}, "properties": {"name": "grid_00320", "display_name": "SFV-T0321", "role": "candidate_grid_cell", "area_ha": 0.0625, "named_subarea": null, "gee_matched": true, "NDVI_raw": 0.29957829903521543, "TreeCover_Pct": 57.98673899939723, "Elev_m": 354.5079644256647, "ElevStd_m": 1.1851304918009455, "TRI_m": 0.21297654366704757, "Slope_deg": 0.05246032401919365, "NatCoverPct_2km": 12.140393686021698, "EdgeDensity_2km": 1.4157479502175332, "NatCoverPct_500m": 4.472086873934921, "EdgeDensity_500m": 1.4037320664862607, "gHM": 0.4193942531215778, "DistWater_m": 1137.50452079566, "LST_C": 29.761774193548376, "NightLights": 1.519374966621399, "BuiltUp_Pct": 0.0, "SEGMENT_ID": -125914953.0, "hard_filter_pass": true}}, {"type": "Feature", "geometry": {"type": "Polygon", "coordinates": [[[77.95376344352101, 16.460878485100313], [77.95376686337825, 16.461104183633157], [77.95400075835515, 16.46110088346327], [77.95399733822806, 16.460875184978164], [77.95376344352101, 16.460878485100313]]]}, "properties": {"name": "grid_00321", "display_name": "SFV-T0322", "role": "candidate_grid_cell", "area_ha": 0.0625, "named_subarea": null, "gee_matched": true, "NDVI_raw": 0.31755891418846716, "TreeCover_Pct": 90.55690072639227, "Elev_m": 354.29200266175366, "ElevStd_m": 1.2982766644951513, "TRI_m": 0.2274720111129951, "Slope_deg": 0.05246032401919365, "NatCoverPct_2km": 12.135604104512526, "EdgeDensity_2km": 1.417211248031711, "NatCoverPct_500m": 4.597170332300748, "EdgeDensity_500m": 1.4353372863701475, "gHM": 0.4317408502101898, "DistWater_m": 1137.1037931738022, "LST_C": 29.761774193548376, "NightLights": 1.519374966621399, "BuiltUp_Pct": 0.0, "SEGMENT_ID": -125914953.0, "hard_filter_pass": true}}, {"type": "Feature", "geometry": {"type": "Polygon", "coordinates": [[[77.95376686337825, 16.461104183633157], [77.953770283289, 16.461329882160452], [77.95400417853574, 16.46132658194282], [77.95400075835515, 16.46110088346327], [77.95376686337825, 16.461104183633157]]]}, "properties": {"name": "grid_00322", "display_name": "SFV-T0323", "role": "candidate_grid_cell", "area_ha": 0.0625, "named_subarea": null, "gee_matched": true, "NDVI_raw": 0.2640709016289113, "TreeCover_Pct": 0.0, "Elev_m": 354.00854086890376, "ElevStd_m": 1.5072012737356624, "TRI_m": 0.24187936142554486, "Slope_deg": 0.05246032401919365, "NatCoverPct_2km": 12.13248537446321, "EdgeDensity_2km": 1.4198877384433017, "NatCoverPct_500m": 4.661462816423563, "EdgeDensity_500m": 1.4353787024482152, "gHM": 0.4317408502101898, "DistWater_m": 1139.1781020334106, "LST_C": 29.761774193548376, "NightLights": 1.519374966621399, "BuiltUp_Pct": 0.0, "SEGMENT_ID": 1528333622.0, "hard_filter_pass": true}}, {"type": "Feature", "geometry": {"type": "Polygon", "coordinates": [[[77.953770283289, 16.461329882160452], [77.95377370325325, 16.46155558068221], [77.95400759876983, 16.461552280416832], [77.95400417853574, 16.46132658194282], [77.953770283289, 16.461329882160452]]]}, "properties": {"name": "grid_00323", "display_name": "SFV-T0324", "role": "candidate_grid_cell", "area_ha": 0.0625, "named_subarea": null, "gee_matched": true, "NDVI_raw": 0.2070978938817838, "TreeCover_Pct": 0.0, "Elev_m": 353.35172845273155, "ElevStd_m": 1.75222398486459, "TRI_m": 0.2531281729514814, "Slope_deg": 0.05246032401919365, "NatCoverPct_2km": 12.131666823285494, "EdgeDensity_2km": 1.423917996435542, "NatCoverPct_500m": 4.678249457313585, "EdgeDensity_500m": 1.4316089388878759, "gHM": 0.43104489845609767, "DistWater_m": 1146.7165285788647, "LST_C": 29.761774193548376, "NightLights": 1.519374966621399, "BuiltUp_Pct": 0.0, "SEGMENT_ID": 1528333622.0, "hard_filter_pass": true}}, {"type": "Feature", "geometry": {"type": "Polygon", "coordinates": [[[77.95377370325325, 16.46155558068221], [77.953777123271, 16.461781279198412], [77.95401101905745, 16.461777978885298], [77.95400759876983, 16.461552280416832], [77.95377370325325, 16.46155558068221]]]}, "properties": {"name": "grid_00324", "display_name": "SFV-T0325", "role": "candidate_grid_cell", "area_ha": 0.0625, "named_subarea": null, "gee_matched": true, "NDVI_raw": 0.2047496757411762, "TreeCover_Pct": 0.0, "Elev_m": 353.43355875032, "ElevStd_m": 2.007776414950327, "TRI_m": 0.2561552230076011, "Slope_deg": 0.05246032401919365, "NatCoverPct_2km": 12.133132048913154, "EdgeDensity_2km": 1.4281537733623773, "NatCoverPct_500m": 4.649184653043541, "EdgeDensity_500m": 1.4356702325100077, "gHM": 0.43050783945845894, "DistWater_m": 1158.1482152401575, "LST_C": 29.761774193548376, "NightLights": 1.519374966621399, "BuiltUp_Pct": 0.0, "SEGMENT_ID": 1528333622.0, "hard_filter_pass": true}}, {"type": "Feature", "geometry": {"type": "Polygon", "coordinates": [[[77.95378738364529, 16.462458374713762], [77.95379080387707, 16.46268407320779], [77.95400105957088, 16.462681106314665], [77.95391697571841, 16.46245654610471], [77.95378738364529, 16.462458374713762]]]}, "properties": {"name": "grid_00325", "display_name": "SFV-T0326", "role": "candidate_grid_cell", "area_ha": 0.04541, "named_subarea": null, "gee_matched": true, "NDVI_raw": 0.20211086110837428, "TreeCover_Pct": 0.0, "Elev_m": 349.76207291585695, "ElevStd_m": 2.288903758728175, "TRI_m": 0.2206984558056609, "Slope_deg": 0.05246032401919365, "NatCoverPct_2km": 12.16644375855569, "EdgeDensity_2km": 1.4362486241248291, "NatCoverPct_500m": 3.8764012071864467, "EdgeDensity_500m": 1.361929138484557, "gHM": 0.4317408502101898, "DistWater_m": 1257.4258038106357, "LST_C": 30.103709677419374, "NightLights": 1.519374966621399, "BuiltUp_Pct": 0.0, "SEGMENT_ID": -1886056852.0, "hard_filter_pass": true}}, {"type": "Feature", "geometry": {"type": "Polygon", "coordinates": [[[77.95379080387707, 16.46268407320779], [77.95379422416235, 16.46290977169626], [77.95402812129814, 16.46290647114442], [77.95402653993732, 16.462802128676582], [77.9540142, 16.4627162], [77.95400105957088, 16.462681106314665], [77.95379080387707, 16.46268407320779]]]}, "properties": {"name": "grid_00326", "display_name": "SFV-T0327", "role": "candidate_grid_cell", "area_ha": 0.06121, "named_subarea": null, "gee_matched": true, "NDVI_raw": 0.21872745004794542, "TreeCover_Pct": 0.0, "Elev_m": 348.5433577032166, "ElevStd_m": 2.2247537616082753, "TRI_m": 0.2165914952663153, "Slope_deg": 0.05246032401919365, "NatCoverPct_2km": 12.171174781998536, "EdgeDensity_2km": 1.4325063151353372, "NatCoverPct_500m": 3.704608153426192, "EdgeDensity_500m": 1.331985792796299, "gHM": 0.4275743508691924, "DistWater_m": 1265.9891172803457, "LST_C": 30.103709677419374, "NightLights": 1.519374966621399, "BuiltUp_Pct": 0.0, "SEGMENT_ID": -1886056852.0, "hard_filter_pass": true}}, {"type": "Feature", "geometry": {"type": "Polygon", "coordinates": [[[77.95379422416235, 16.46290977169626], [77.95379764450115, 16.463135470179193], [77.95403154190682, 16.463132169579612], [77.95402812129814, 16.46290647114442], [77.95379422416235, 16.46290977169626]]]}, "properties": {"name": "grid_00327", "display_name": "SFV-T0328", "role": "candidate_grid_cell", "area_ha": 0.0625, "named_subarea": null, "gee_matched": true, "NDVI_raw": 0.18807263966930754, "TreeCover_Pct": 0.0, "Elev_m": 347.3765267699304, "ElevStd_m": 2.0817876553479513, "TRI_m": 0.2176605846621426, "Slope_deg": 0.05246032401919365, "NatCoverPct_2km": 12.189420422741163, "EdgeDensity_2km": 1.4318084279575016, "NatCoverPct_500m": 3.3486978521911355, "EdgeDensity_500m": 1.2585784692993311, "gHM": 0.42582502939405237, "DistWater_m": 1286.0193798421192, "LST_C": 30.103709677419374, "NightLights": 1.519374966621399, "BuiltUp_Pct": 0.0, "SEGMENT_ID": -1886056852.0, "hard_filter_pass": true}}, {"type": "Feature", "geometry": {"type": "Polygon", "coordinates": [[[77.95379764450115, 16.463135470179193], [77.95380106489344, 16.463361168656576], [77.954034962569, 16.463357868009247], [77.95403154190682, 16.463132169579612], [77.95379764450115, 16.463135470179193]]]}, "properties": {"name": "grid_00328", "display_name": "SFV-T0329", "role": "candidate_grid_cell", "area_ha": 0.0625, "named_subarea": null, "gee_matched": true, "NDVI_raw": 0.1397865991579114, "TreeCover_Pct": 0.0, "Elev_m": 347.3345123162251, "ElevStd_m": 1.863133164439009, "TRI_m": 0.21703964542758347, "Slope_deg": 0.05246032401919365, "NatCoverPct_2km": 12.213056027512222, "EdgeDensity_2km": 1.4316295558549634, "NatCoverPct_500m": 2.9125166648855316, "EdgeDensity_500m": 1.1783047247761207, "gHM": 0.4248688939179621, "DistWater_m": 1311.249467419735, "LST_C": 30.103709677419374, "NightLights": 1.519374966621399, "BuiltUp_Pct": 55.153707052441256, "SEGMENT_ID": -1886056852.0, "hard_filter_pass": false}}, {"type": "Feature", "geometry": {"type": "Polygon", "coordinates": [[[77.95391527123009, 16.455458419672095], [77.95414915940869, 16.45545512043541], [77.95414575912817, 16.45523066148452], [77.95391190719823, 16.455236336015044], [77.95391527123009, 16.455458419672095]]]}, "properties": {"name": "grid_00329", "display_name": "SFV-T0330", "role": "candidate_grid_cell", "area_ha": 0.06183, "named_subarea": null, "gee_matched": true, "NDVI_raw": 0.25872779586733724, "TreeCover_Pct": 3.908188585607941, "Elev_m": 361.28799048487656, "ElevStd_m": 1.4968847432607626, "TRI_m": 0.2061208833546702, "Slope_deg": 0.05246032401919365, "NatCoverPct_2km": 11.048436509582704, "EdgeDensity_2km": 1.3279872976417584, "NatCoverPct_500m": 0.0, "EdgeDensity_500m": 0.0, "gHM": 0.369603974795519, "DistWater_m": 1810.8143144626024, "LST_C": 30.89688000000001, "NightLights": 1.513124942779541, "BuiltUp_Pct": 0.0, "SEGMENT_ID": -220651898.0, "hard_filter_pass": true}}, {"type": "Feature", "geometry": {"type": "Polygon", "coordinates": [[[77.95391527123009, 16.455458419672095], [77.95391869007304, 16.455684118290282], [77.95415257852137, 16.455680819005853], [77.95414915940869, 16.45545512043541], [77.95391527123009, 16.455458419672095]]]}, "properties": {"name": "grid_00330", "display_name": "SFV-T0331", "role": "candidate_grid_cell", "area_ha": 0.0625, "named_subarea": null, "gee_matched": true, "NDVI_raw": 0.33282619219215603, "TreeCover_Pct": 81.76400476758047, "Elev_m": 361.58493629428284, "ElevStd_m": 1.3695912949008249, "TRI_m": 0.19652763892213518, "Slope_deg": 0.05246032401919365, "NatCoverPct_2km": 11.178008538601796, "EdgeDensity_2km": 1.3529812086928261, "NatCoverPct_500m": 0.0, "EdgeDensity_500m": 0.0, "gHM": 0.3699459650945606, "DistWater_m": 1821.448631379199, "LST_C": 30.89688000000001, "NightLights": 1.513124942779541, "BuiltUp_Pct": 0.0, "SEGMENT_ID": -1095698417.0, "hard_filter_pass": true}}, {"type": "Feature", "geometry": {"type": "Polygon", "coordinates": [[[77.95391869007304, 16.455684118290282], [77.9539221089695, 16.455909816902924], [77.95415599768758, 16.45590651757075], [77.95415257852137, 16.455680819005853], [77.95391869007304, 16.455684118290282]]]}, "properties": {"name": "grid_00331", "display_name": "SFV-T0332", "role": "candidate_grid_cell", "area_ha": 0.0625, "named_subarea": null, "gee_matched": true, "NDVI_raw": 0.36861227030497246, "TreeCover_Pct": 100.0, "Elev_m": 361.28434274570725, "ElevStd_m": 1.41546048597494, "TRI_m": 0.18495006641481243, "Slope_deg": 0.05246032401919365, "NatCoverPct_2km": 11.302893775654672, "EdgeDensity_2km": 1.3613343581610327, "NatCoverPct_500m": 0.0, "EdgeDensity_500m": 0.0, "gHM": 0.36927073094688473, "DistWater_m": 1763.444550980953, "LST_C": 30.89688000000001, "NightLights": 1.513124942779541, "BuiltUp_Pct": 0.0, "SEGMENT_ID": -1095698417.0, "hard_filter_pass": true}}, {"type": "Feature", "geometry": {"type": "Polygon", "coordinates": [[[77.9539221089695, 16.455909816902924], [77.95392552791944, 16.456135515510024], [77.95415941690727, 16.456132216130097], [77.95415599768758, 16.45590651757075], [77.9539221089695, 16.455909816902924]]]}, "properties": {"name": "grid_00332", "display_name": "SFV-T0333", "role": "candidate_grid_cell", "area_ha": 0.0625, "named_subarea": null, "gee_matched": true, "NDVI_raw": 0.3546216778439383, "TreeCover_Pct": 78.28162291169451, "Elev_m": 361.0194399339771, "ElevStd_m": 1.5321976313782784, "TRI_m": 0.18272964100984984, "Slope_deg": 0.05246032401919365, "NatCoverPct_2km": 11.424314067997654, "EdgeDensity_2km": 1.3644798729458667, "NatCoverPct_500m": 0.0, "EdgeDensity_500m": 0.0, "gHM": 0.3692006434631803, "DistWater_m": 1704.6666867415904, "LST_C": 30.89688000000001, "NightLights": 1.513124942779541, "BuiltUp_Pct": 0.0, "SEGMENT_ID": -1095698417.0, "hard_filter_pass": true}}, {"type": "Feature", "geometry": {"type": "Polygon", "coordinates": [[[77.95392552791944, 16.456135515510024], [77.9539289469229, 16.45636121411157], [77.95416283618049, 16.4563579146839], [77.95415941690727, 16.456132216130097], [77.95392552791944, 16.456135515510024]]]}, "properties": {"name": "grid_00333", "display_name": "SFV-T0334", "role": "candidate_grid_cell", "area_ha": 0.0625, "named_subarea": null, "gee_matched": true, "NDVI_raw": 0.21763716018329257, "TreeCover_Pct": 1.928872814948764, "Elev_m": 360.62655509042764, "ElevStd_m": 1.6578572424459954, "TRI_m": 0.19135195370574515, "Slope_deg": 0.05246032401919365, "NatCoverPct_2km": 11.542955522326013, "EdgeDensity_2km": 1.3705522454960866, "NatCoverPct_500m": 0.0, "EdgeDensity_500m": 0.0, "gHM": 0.3688965219377824, "DistWater_m": 1645.89918988415, "LST_C": 30.89688000000001, "NightLights": 1.529544522203258, "BuiltUp_Pct": 0.0, "SEGMENT_ID": 1580398033.0, "hard_filter_pass": true}}, {"type": "Feature", "geometry": {"type": "Polygon", "coordinates": [[[77.9539289469229, 16.45636121411157], [77.95393236597987, 16.45658691270758], [77.9541662555072, 16.456583613232166], [77.95416283618049, 16.4563579146839], [77.9539289469229, 16.45636121411157]]]}, "properties": {"name": "grid_00334", "display_name": "SFV-T0335", "role": "candidate_grid_cell", "area_ha": 0.0625, "named_subarea": null, "gee_matched": true, "NDVI_raw": 0.21366360891372596, "TreeCover_Pct": 0.0, "Elev_m": 360.06212807513293, "ElevStd_m": 1.7799178135570197, "TRI_m": 0.2075615503586779, "Slope_deg": 0.05246032401919365, "NatCoverPct_2km": 11.6533226621272, "EdgeDensity_2km": 1.3857469828702431, "NatCoverPct_500m": 0.0, "EdgeDensity_500m": 0.0, "gHM": 0.3685746002161031, "DistWater_m": 1590.5180106493353, "LST_C": 30.89688000000001, "NightLights": 1.543125033378601, "BuiltUp_Pct": 0.0, "SEGMENT_ID": 1580398033.0, "hard_filter_pass": true}}, {"type": "Feature", "geometry": {"type": "Polygon", "coordinates": [[[77.95393236597987, 16.45658691270758], [77.95393578509032, 16.45681261129804], [77.95416967488744, 16.456809311774883], [77.9541662555072, 16.456583613232166], [77.95393236597987, 16.45658691270758]]]}, "properties": {"name": "grid_00335", "display_name": "SFV-T0336", "role": "candidate_grid_cell", "area_ha": 0.0625, "named_subarea": null, "gee_matched": true, "NDVI_raw": 0.21231485897821398, "TreeCover_Pct": 0.0, "Elev_m": 359.3083523583717, "ElevStd_m": 1.889312684040157, "TRI_m": 0.22663709313820168, "Slope_deg": 0.05246032401919365, "NatCoverPct_2km": 11.750509439746864, "EdgeDensity_2km": 1.3944222593818014, "NatCoverPct_500m": 0.00024179317688670002, "EdgeDensity_500m": 0.037429583782061175, "gHM": 0.3681913435967029, "DistWater_m": 1534.5093394761814, "LST_C": 30.89688000000001, "NightLights": 1.543125033378601, "BuiltUp_Pct": 0.0, "SEGMENT_ID": 1580398033.0, "hard_filter_pass": true}}, {"type": "Feature", "geometry": {"type": "Polygon", "coordinates": [[[77.95393578509032, 16.45681261129804], [77.9539392042543, 16.457038309882957], [77.95417309432116, 16.457035010312058], [77.95416967488744, 16.456809311774883], [77.95393578509032, 16.45681261129804]]]}, "properties": {"name": "grid_00336", "display_name": "SFV-T0337", "role": "candidate_grid_cell", "area_ha": 0.0625, "named_subarea": null, "gee_matched": true, "NDVI_raw": 0.22392414103609964, "TreeCover_Pct": 0.0, "Elev_m": 358.2183301810758, "ElevStd_m": 1.9954965931551707, "TRI_m": 0.25155761244039687, "Slope_deg": 0.05246032401919365, "NatCoverPct_2km": 11.83331728959258, "EdgeDensity_2km": 1.3981201292121839, "NatCoverPct_500m": 0.0601098419106322, "EdgeDensity_500m": 0.17829846108165803, "gHM": 0.3679373335407441, "DistWater_m": 1482.4219504462358, "LST_C": 30.89688000000001, "NightLights": 1.543125033378601, "BuiltUp_Pct": 0.0, "SEGMENT_ID": 896933969.0, "hard_filter_pass": true}}, {"type": "Feature", "geometry": {"type": "Polygon", "coordinates": [[[77.9539392042543, 16.457038309882957], [77.95394262347178, 16.457264008462335], [77.9541765138084, 16.457260708843688], [77.95417309432116, 16.457035010312058], [77.9539392042543, 16.457038309882957]]]}, "properties": {"name": "grid_00337", "display_name": "SFV-T0338", "role": "candidate_grid_cell", "area_ha": 0.0625, "named_subarea": null, "gee_matched": true, "NDVI_raw": 0.1940020233161276, "TreeCover_Pct": 0.0, "Elev_m": 358.05629512372127, "ElevStd_m": 2.106819703089252, "TRI_m": 0.275045733236556, "Slope_deg": 0.05246032401919365, "NatCoverPct_2km": 11.898693198365768, "EdgeDensity_2km": 1.4009523975932758, "NatCoverPct_500m": 0.19551216643728764, "EdgeDensity_500m": 0.31843868810030646, "gHM": 0.3676981683486678, "DistWater_m": 1430.4959297875746, "LST_C": 30.89688000000001, "NightLights": 1.543125033378601, "BuiltUp_Pct": 0.0, "SEGMENT_ID": 896933969.0, "hard_filter_pass": true}}, {"type": "Feature", "geometry": {"type": "Polygon", "coordinates": [[[77.95394262347178, 16.457264008462335], [77.95394604274274, 16.457489707036164], [77.95417993334917, 16.45748640736977], [77.9541765138084, 16.457260708843688], [77.95394262347178, 16.457264008462335]]]}, "properties": {"name": "grid_00338", "display_name": "SFV-T0339", "role": "candidate_grid_cell", "area_ha": 0.0625, "named_subarea": null, "gee_matched": true, "NDVI_raw": 0.25859082307980724, "TreeCover_Pct": 12.710843373493976, "Elev_m": 358.60338620105426, "ElevStd_m": 2.2142345349234307, "TRI_m": 0.2965017113519356, "Slope_deg": 0.05246032401919365, "NatCoverPct_2km": 11.949802320750976, "EdgeDensity_2km": 1.3980844658649898, "NatCoverPct_500m": 0.40828899684607256, "EdgeDensity_500m": 0.42956664206841905, "gHM": 0.3673690489616739, "DistWater_m": 1382.65032686835, "LST_C": 30.89688000000001, "NightLights": 1.543125033378601, "BuiltUp_Pct": 0.0, "SEGMENT_ID": 896933969.0, "hard_filter_pass": true}}, {"type": "Feature", "geometry": {"type": "Polygon", "coordinates": [[[77.95394604274274, 16.457489707036164], [77.95394946206721, 16.45771540560445], [77.95418335294342, 16.457712105890305], [77.95417993334917, 16.45748640736977], [77.95394604274274, 16.457489707036164]]]}, "properties": {"name": "grid_00339", "display_name": "SFV-T0340", "role": "candidate_grid_cell", "area_ha": 0.0625, "named_subarea": null, "gee_matched": true, "NDVI_raw": 0.28923008840168474, "TreeCover_Pct": 48.37758112094396, "Elev_m": 360.07871952563266, "ElevStd_m": 2.3543433351573566, "TRI_m": 0.31435485004680735, "Slope_deg": 0.05246032401919365, "NatCoverPct_2km": 11.994089131951984, "EdgeDensity_2km": 1.3935892072434115, "NatCoverPct_500m": 0.6758939382802494, "EdgeDensity_500m": 0.5313047649628032, "gHM": 0.3671099985067824, "DistWater_m": 1334.8969822703218, "LST_C": 30.89688000000001, "NightLights": 1.543125033378601, "BuiltUp_Pct": 0.0, "SEGMENT_ID": 1953133070.0, "hard_filter_pass": true}}, {"type": "Feature", "geometry": {"type": "Polygon", "coordinates": [[[77.95394946206721, 16.45771540560445], [77.95395288144522, 16.457941104167187], [77.95418677259119, 16.4579378044053], [77.95418335294342, 16.457712105890305], [77.95394946206721, 16.45771540560445]]]}, "properties": {"name": "grid_00340", "display_name": "SFV-T0341", "role": "candidate_grid_cell", "area_ha": 0.0625, "named_subarea": null, "gee_matched": true, "NDVI_raw": 0.3505787005085917, "TreeCover_Pct": 100.0, "Elev_m": 362.1487089439257, "ElevStd_m": 2.4644350824443015, "TRI_m": 0.3239724170477292, "Slope_deg": 0.05246032401919365, "NatCoverPct_2km": 12.030232474471225, "EdgeDensity_2km": 1.3878596077588896, "NatCoverPct_500m": 0.9935630692036549, "EdgeDensity_500m": 0.6331026818852453, "gHM": 0.3666967374685954, "DistWater_m": 1290.4075571600615, "LST_C": 30.89688000000001, "NightLights": 1.543125033378601, "BuiltUp_Pct": 0.0, "SEGMENT_ID": 1953133070.0, "hard_filter_pass": true}}, {"type": "Feature", "geometry": {"type": "Polygon", "coordinates": [[[77.95395288144522, 16.457941104167187], [77.9539563008767, 16.458166802724378], [77.95419019229246, 16.458163502914747], [77.95418677259119, 16.4579378044053], [77.95395288144522, 16.457941104167187]]]}, "properties": {"name": "grid_00341", "display_name": "SFV-T0342", "role": "candidate_grid_cell", "area_ha": 0.0625, "named_subarea": null, "gee_matched": true, "NDVI_raw": 0.24191296360156203, "TreeCover_Pct": 8.76876876876877, "Elev_m": 359.72383708782024, "ElevStd_m": 2.579423478934704, "TRI_m": 0.33683033205605517, "Slope_deg": 0.05246032401919365, "NatCoverPct_2km": 12.05969438483508, "EdgeDensity_2km": 1.3842922334036378, "NatCoverPct_500m": 1.3555186209117676, "EdgeDensity_500m": 0.733443363539252, "gHM": 0.37031425767474707, "DistWater_m": 1248.1335513398865, "LST_C": 30.89688000000001, "NightLights": 1.543125033378601, "BuiltUp_Pct": 0.0, "SEGMENT_ID": -1271285149.0, "hard_filter_pass": true}}, {"type": "Feature", "geometry": {"type": "Polygon", "coordinates": [[[77.9539563008767, 16.458166802724378], [77.9539597203617, 16.458392501276027], [77.95419361204725, 16.458389201418655], [77.95419019229246, 16.458163502914747], [77.9539563008767, 16.458166802724378]]]}, "properties": {"name": "grid_00342", "display_name": "SFV-T0343", "role": "candidate_grid_cell", "area_ha": 0.0625, "named_subarea": null, "gee_matched": true, "NDVI_raw": 0.2836712942322929, "TreeCover_Pct": 16.736652669466107, "Elev_m": 357.610281062684, "ElevStd_m": 2.6638470053108136, "TRI_m": 0.33555071306496476, "Slope_deg": 0.05246032401919365, "NatCoverPct_2km": 12.08188817047509, "EdgeDensity_2km": 1.3818146813888992, "NatCoverPct_500m": 1.7511934790009585, "EdgeDensity_500m": 0.8363057472687315, "gHM": 0.37227456088400773, "DistWater_m": 1211.6526350789395, "LST_C": 30.44746798304855, "NightLights": 1.543125033378601, "BuiltUp_Pct": 0.0, "SEGMENT_ID": 483745710.0, "hard_filter_pass": true}}, {"type": "Feature", "geometry": {"type": "Polygon", "coordinates": [[[77.9539597203617, 16.458392501276027], [77.9539631399002, 16.45861819982213], [77.95419703185554, 16.45861489991701], [77.95419361204725, 16.458389201418655], [77.9539597203617, 16.458392501276027]]]}, "properties": {"name": "grid_00343", "display_name": "SFV-T0344", "role": "candidate_grid_cell", "area_ha": 0.0625, "named_subarea": null, "gee_matched": true, "NDVI_raw": 0.2836619636401933, "TreeCover_Pct": 19.951338199513383, "Elev_m": 356.86534150209457, "ElevStd_m": 2.7446425133194516, "TRI_m": 0.33345886377110007, "Slope_deg": 0.05246032401919365, "NatCoverPct_2km": 12.10024777543222, "EdgeDensity_2km": 1.3813708426676155, "NatCoverPct_500m": 2.170658320671522, "EdgeDensity_500m": 0.9237399523574177, "gHM": 0.37178596587729285, "DistWater_m": 1176.258075116801, "LST_C": 29.761774193548376, "NightLights": 1.543125033378601, "BuiltUp_Pct": 0.0, "SEGMENT_ID": 483745710.0, "hard_filter_pass": true}}, {"type": "Feature", "geometry": {"type": "Polygon", "coordinates": [[[77.9539631399002, 16.45861819982213], [77.9539665594922, 16.45884389836269], [77.95420045171736, 16.45884059840982], [77.95419703185554, 16.45861489991701], [77.9539631399002, 16.45861819982213]]]}, "properties": {"name": "grid_00344", "display_name": "SFV-T0345", "role": "candidate_grid_cell", "area_ha": 0.0625, "named_subarea": null, "gee_matched": true, "NDVI_raw": 0.316479011274964, "TreeCover_Pct": 60.060240963855414, "Elev_m": 356.6135632986046, "ElevStd_m": 2.753651663955389, "TRI_m": 0.33017195468497185, "Slope_deg": 0.05246032401919365, "NatCoverPct_2km": 12.114335647551805, "EdgeDensity_2km": 1.3816161330061103, "NatCoverPct_500m": 2.5895327728296595, "EdgeDensity_500m": 1.0132491771853789, "gHM": 0.371460363771542, "DistWater_m": 1147.1123086615048, "LST_C": 29.761774193548376, "NightLights": 1.543125033378601, "BuiltUp_Pct": 0.0, "SEGMENT_ID": 257565382.0, "hard_filter_pass": true}}, {"type": "Feature", "geometry": {"type": "Polygon", "coordinates": [[[77.9539665594922, 16.45884389836269], [77.95396997913771, 16.4590695968977], [77.95420387163267, 16.45906629689709], [77.95420045171736, 16.45884059840982], [77.9539665594922, 16.45884389836269]]]}, "properties": {"name": "grid_00345", "display_name": "SFV-T0346", "role": "candidate_grid_cell", "area_ha": 0.0625, "named_subarea": null, "gee_matched": true, "NDVI_raw": 0.3043962105717466, "TreeCover_Pct": 30.906921241050117, "Elev_m": 356.2967259809908, "ElevStd_m": 2.633866213606533, "TRI_m": 0.3139492033804106, "Slope_deg": 0.05246032401919365, "NatCoverPct_2km": 12.124722402251157, "EdgeDensity_2km": 1.381489649288722, "NatCoverPct_500m": 3.0160901664434934, "EdgeDensity_500m": 1.1037236164647473, "gHM": 0.37114097841244037, "DistWater_m": 1120.1593240199722, "LST_C": 29.761774193548376, "NightLights": 1.543125033378601, "BuiltUp_Pct": 0.0, "SEGMENT_ID": 483745710.0, "hard_filter_pass": true}}, {"type": "Feature", "geometry": {"type": "Polygon", "coordinates": [[[77.95396997913771, 16.4590695968977], [77.95397339883674, 16.459295295427165], [77.95420729160149, 16.45929199537881], [77.95420387163267, 16.45906629689709], [77.95396997913771, 16.4590695968977]]]}, "properties": {"name": "grid_00346", "display_name": "SFV-T0347", "role": "candidate_grid_cell", "area_ha": 0.0625, "named_subarea": null, "gee_matched": true, "NDVI_raw": 0.31603292045463993, "TreeCover_Pct": 75.36144578313254, "Elev_m": 355.6825828460326, "ElevStd_m": 2.350093010181769, "TRI_m": 0.2893273495912064, "Slope_deg": 0.05246032401919365, "NatCoverPct_2km": 12.130761662882062, "EdgeDensity_2km": 1.3830131489844462, "NatCoverPct_500m": 3.423548282737231, "EdgeDensity_500m": 1.1994701904770653, "gHM": 0.3706031120505678, "DistWater_m": 1099.4906257857165, "LST_C": 29.761774193548376, "NightLights": 1.543125033378601, "BuiltUp_Pct": 0.0, "SEGMENT_ID": 257565382.0, "hard_filter_pass": true}}, {"type": "Feature", "geometry": {"type": "Polygon", "coordinates": [[[77.95397339883674, 16.459295295427165], [77.95397681858925, 16.459520993951088], [77.95421071162383, 16.459517693854984], [77.95420729160149, 16.45929199537881], [77.95397339883674, 16.459295295427165]]]}, "properties": {"name": "grid_00347", "display_name": "SFV-T0348", "role": "candidate_grid_cell", "area_ha": 0.0625, "named_subarea": null, "gee_matched": true, "NDVI_raw": 0.28887879742364536, "TreeCover_Pct": 25.105612552806278, "Elev_m": 355.2106558616146, "ElevStd_m": 1.8908773440509756, "TRI_m": 0.26070944525638734, "Slope_deg": 0.05246032401919365, "NatCoverPct_2km": 12.13371050795654, "EdgeDensity_2km": 1.3829539176655823, "NatCoverPct_500m": 3.8166240877941995, "EdgeDensity_500m": 1.2921152439133485, "gHM": 0.37017220213748486, "DistWater_m": 1082.383236523492, "LST_C": 29.761774193548376, "NightLights": 1.543125033378601, "BuiltUp_Pct": 0.0, "SEGMENT_ID": 483745710.0, "hard_filter_pass": true}}, {"type": "Feature", "geometry": {"type": "Polygon", "coordinates": [[[77.95421071162383, 16.459517693854984], [77.95397681858925, 16.459520993951088], [77.95398023839527, 16.459746692469473], [77.95419785355351, 16.459743622012407], [77.9542127621963, 16.459653016152995], [77.95421071162383, 16.459517693854984]]]}, "properties": {"name": "grid_00348", "display_name": "SFV-T0349", "role": "candidate_grid_cell", "area_ha": 0.06163, "named_subarea": null, "gee_matched": true, "NDVI_raw": 0.28929780476429656, "TreeCover_Pct": 31.696706028589187, "Elev_m": 354.7029140323048, "ElevStd_m": 1.5899693948880746, "TRI_m": 0.23246035311225016, "Slope_deg": 0.05246032401919365, "NatCoverPct_2km": 12.134449581439206, "EdgeDensity_2km": 1.3831910170082635, "NatCoverPct_500m": 4.176354302470879, "EdgeDensity_500m": 1.3521263796418443, "gHM": 0.3693629803310795, "DistWater_m": 1070.5658370460226, "LST_C": 29.761774193548376, "NightLights": 1.543125033378601, "BuiltUp_Pct": 0.0, "SEGMENT_ID": 483745710.0, "hard_filter_pass": true}}, {"type": "Feature", "geometry": {"type": "Polygon", "coordinates": [[[77.95398023839527, 16.459746692469473], [77.95398365825481, 16.4599723909823], [77.95416062183182, 16.459969894085635], [77.95419785355351, 16.459743622012407], [77.95398023839527, 16.459746692469473]]]}, "properties": {"name": "grid_00349", "display_name": "SFV-T0350", "role": "candidate_grid_cell", "area_ha": 0.05272, "named_subarea": null, "gee_matched": true, "NDVI_raw": 0.2897757230639373, "TreeCover_Pct": 53.26774420238931, "Elev_m": 354.10235291170716, "ElevStd_m": 1.4514754964360497, "TRI_m": 0.22445351010457526, "Slope_deg": 0.05246032401919365, "NatCoverPct_2km": 12.13739697359487, "EdgeDensity_2km": 1.389123908734666, "NatCoverPct_500m": 4.424502736087925, "EdgeDensity_500m": 1.3851626468386524, "gHM": 0.36979415692331413, "DistWater_m": 1071.1385906908781, "LST_C": 29.761774193548376, "NightLights": 1.543125033378601, "BuiltUp_Pct": 0.0, "SEGMENT_ID": 257565382.0, "hard_filter_pass": true}}, {"type": "Feature", "geometry": {"type": "Polygon", "coordinates": [[[77.95398365825481, 16.4599723909823], [77.95398707816787, 16.460198089489584], [77.95412339006823, 16.460196166162053], [77.95416062183182, 16.459969894085635], [77.95398365825481, 16.4599723909823]]]}, "properties": {"name": "grid_00350", "display_name": "SFV-T0351", "role": "candidate_grid_cell", "area_ha": 0.04186, "named_subarea": null, "gee_matched": true, "NDVI_raw": 0.29412877595974535, "TreeCover_Pct": 43.16797214969539, "Elev_m": 354.02460035518317, "ElevStd_m": 1.3327253650259592, "TRI_m": 0.21962417666906855, "Slope_deg": 0.05246032401919365, "NatCoverPct_2km": 12.137361571581478, "EdgeDensity_2km": 1.4009194674401597, "NatCoverPct_500m": 4.630019178710182, "EdgeDensity_500m": 1.4154333005467334, "gHM": 0.36994720804784686, "DistWater_m": 1073.9686684073106, "LST_C": 29.761774193548376, "NightLights": 1.543125033378601, "BuiltUp_Pct": 0.0, "SEGMENT_ID": 483745710.0, "hard_filter_pass": true}}, {"type": "Feature", "geometry": {"type": "Polygon", "coordinates": [[[77.9539939181545, 16.460649486487515], [77.95399733822806, 16.460875184978164], [77.9542312328816, 16.46087188459558], [77.95423063984775, 16.46083275228207], [77.95402433531339, 16.460649057305115], [77.9539939181545, 16.460649486487515]]]}, "properties": {"name": "grid_00351", "display_name": "SFV-T0352", "role": "candidate_grid_cell", "area_ha": 0.04003, "named_subarea": null, "gee_matched": true, "NDVI_raw": 0.31398431758272277, "TreeCover_Pct": 77.3921200750469, "Elev_m": 354.6437043266941, "ElevStd_m": 1.2905279363271691, "TRI_m": 0.23166242016764393, "Slope_deg": 0.05246032401919365, "NatCoverPct_2km": 12.103176336568342, "EdgeDensity_2km": 1.4303812758621597, "NatCoverPct_500m": 5.3564900335599654, "EdgeDensity_500m": 1.5502384015010102, "gHM": 0.37828417357204114, "DistWater_m": 1066.4634146341464, "LST_C": 29.761774193548376, "NightLights": 1.519374966621399, "BuiltUp_Pct": 0.0, "SEGMENT_ID": -125914953.0, "hard_filter_pass": true}}, {"type": "Feature", "geometry": {"type": "Polygon", "coordinates": [[[77.95399733822806, 16.460875184978164], [77.95400075835515, 16.46110088346327], [77.95423465327852, 16.46109758303294], [77.9542312328816, 16.46087188459558], [77.95399733822806, 16.460875184978164]]]}, "properties": {"name": "grid_00352", "display_name": "SFV-T0353", "role": "candidate_grid_cell", "area_ha": 0.0625, "named_subarea": null, "gee_matched": true, "NDVI_raw": 0.2798528888194935, "TreeCover_Pct": 38.47072879330945, "Elev_m": 354.252418545412, "ElevStd_m": 1.4788072460044948, "TRI_m": 0.2423966736332215, "Slope_deg": 0.05246032401919365, "NatCoverPct_2km": 12.088434083125202, "EdgeDensity_2km": 1.434660074968979, "NatCoverPct_500m": 5.570522278172136, "EdgeDensity_500m": 1.5861340931302506, "gHM": 0.37900075398323235, "DistWater_m": 1056.6540183616335, "LST_C": 29.761774193548376, "NightLights": 1.519374966621399, "BuiltUp_Pct": 0.0, "SEGMENT_ID": -1111379484.0, "hard_filter_pass": true}}, {"type": "Feature", "geometry": {"type": "Polygon", "coordinates": [[[77.95400075835515, 16.46110088346327], [77.95400417853574, 16.46132658194282], [77.95423807372896, 16.46132328146474], [77.95423465327852, 16.46109758303294], [77.95400075835515, 16.46110088346327]]]}, "properties": {"name": "grid_00353", "display_name": "SFV-T0354", "role": "candidate_grid_cell", "area_ha": 0.0625, "named_subarea": null, "gee_matched": true, "NDVI_raw": 0.2723337325024418, "TreeCover_Pct": 0.0, "Elev_m": 353.60974888172115, "ElevStd_m": 1.7124992529074308, "TRI_m": 0.2516013589982443, "Slope_deg": 0.05246032401919365, "NatCoverPct_2km": 12.07873294852844, "EdgeDensity_2km": 1.4372671868678464, "NatCoverPct_500m": 5.640944053340195, "EdgeDensity_500m": 1.5962308274828891, "gHM": 0.37803537188846714, "DistWater_m": 1058.9223322875544, "LST_C": 29.761774193548376, "NightLights": 1.519374966621399, "BuiltUp_Pct": 0.0, "SEGMENT_ID": -1111379484.0, "hard_filter_pass": true}}, {"type": "Feature", "geometry": {"type": "Polygon", "coordinates": [[[77.95400417853574, 16.46132658194282], [77.95400759876983, 16.461552280416832], [77.9542414942329, 16.461548979891006], [77.95423807372896, 16.46132328146474], [77.95400417853574, 16.46132658194282]]]}, "properties": {"name": "grid_00354", "display_name": "SFV-T0355", "role": "candidate_grid_cell", "area_ha": 0.0625, "named_subarea": null, "gee_matched": true, "NDVI_raw": 0.20553011198838558, "TreeCover_Pct": 0.0, "Elev_m": 353.1627468656741, "ElevStd_m": 1.945341648224893, "TRI_m": 0.25724105761128574, "Slope_deg": 0.05246032401919365, "NatCoverPct_2km": 12.070378005685253, "EdgeDensity_2km": 1.4384130232508323, "NatCoverPct_500m": 5.6703909939142205, "EdgeDensity_500m": 1.594924405264189, "gHM": 0.37770968675613403, "DistWater_m": 1066.4856459829289, "LST_C": 29.761774193548376, "NightLights": 1.519374966621399, "BuiltUp_Pct": 0.0, "SEGMENT_ID": -1111379484.0, "hard_filter_pass": true}}, {"type": "Feature", "geometry": {"type": "Polygon", "coordinates": [[[77.9542414942329, 16.461548979891006], [77.95400759876983, 16.461552280416832], [77.95401101905745, 16.461777978885298], [77.95406265530276, 16.461777250253057], [77.9541565, 16.4617356], [77.95424405714368, 16.461718088597976], [77.9542414942329, 16.461548979891006]]]}, "properties": {"name": "grid_00355", "display_name": "SFV-T0356", "role": "candidate_grid_cell", "area_ha": 0.05521, "named_subarea": null, "gee_matched": true, "NDVI_raw": 0.2448055018994552, "TreeCover_Pct": 0.7338225483655769, "Elev_m": 353.677734375, "ElevStd_m": 2.131319107824921, "TRI_m": 0.2583349222801288, "Slope_deg": 0.05246032401919365, "NatCoverPct_2km": 12.066511936963762, "EdgeDensity_2km": 1.435310557832861, "NatCoverPct_500m": 5.630825800935804, "EdgeDensity_500m": 1.5968424860103407, "gHM": 0.37770968675613403, "DistWater_m": 1081.4217376987574, "LST_C": 29.761774193548376, "NightLights": 1.519374966621399, "BuiltUp_Pct": 0.0, "SEGMENT_ID": -1111379484.0, "hard_filter_pass": true}}, {"type": "Feature", "geometry": {"type": "Polygon", "coordinates": [[[77.95416283618049, 16.4563579146839], [77.9541662555072, 16.456583613232166], [77.95440014498105, 16.456580313496385], [77.95439827927484, 16.45645717452462], [77.9542412, 16.456476], [77.9542321, 16.4564317], [77.9542343176966, 16.456356906256755], [77.95416283618049, 16.4563579146839]]]}, "properties": {"name": "grid_00356", "display_name": "SFV-T0357", "role": "candidate_grid_cell", "area_ha": 0.04103, "named_subarea": null, "gee_matched": true, "NDVI_raw": 0.22746092547725533, "TreeCover_Pct": 0.0, "Elev_m": 359.28304632872454, "ElevStd_m": 1.797652603440923, "TRI_m": 0.20982903802742295, "Slope_deg": 0.05246032401919365, "NatCoverPct_2km": 11.772746603793143, "EdgeDensity_2km": 1.3908432269548723, "NatCoverPct_500m": 0.00014507513441211196, "EdgeDensity_500m": 0.03530161604028058, "gHM": 0.36227867007255554, "DistWater_m": 1534.904342680835, "LST_C": 30.89688000000001, "NightLights": 1.543125033378601, "BuiltUp_Pct": 0.0, "SEGMENT_ID": 1580398033.0, "hard_filter_pass": true}}, {"type": "Feature", "geometry": {"type": "Polygon", "coordinates": [[[77.9541662555072, 16.456583613232166], [77.95416967488744, 16.456809311774883], [77.95440356463102, 16.45680601199135], [77.95440014498105, 16.456580313496385], [77.9541662555072, 16.456583613232166]]]}, "properties": {"name": "grid_00357", "display_name": "SFV-T0358", "role": "candidate_grid_cell", "area_ha": 0.0625, "named_subarea": null, "gee_matched": true, "NDVI_raw": 0.26246758370873435, "TreeCover_Pct": 0.0, "Elev_m": 358.75655736348716, "ElevStd_m": 1.9046535796484938, "TRI_m": 0.22783386626753357, "Slope_deg": 0.05246032401919365, "NatCoverPct_2km": 11.855261029764106, "EdgeDensity_2km": 1.395336976632977, "NatCoverPct_500m": 0.05261437339569684, "EdgeDensity_500m": 0.16572560443662965, "gHM": 0.36227867007255554, "DistWater_m": 1480.418193597431, "LST_C": 30.89688000000001, "NightLights": 1.543125033378601, "BuiltUp_Pct": 0.0, "SEGMENT_ID": 1580398033.0, "hard_filter_pass": true}}, {"type": "Feature", "geometry": {"type": "Polygon", "coordinates": [[[77.95416967488744, 16.456809311774883], [77.95417309432116, 16.457035010312058], [77.95440698433453, 16.457031710480774], [77.95440356463102, 16.45680601199135], [77.95416967488744, 16.456809311774883]]]}, "properties": {"name": "grid_00358", "display_name": "SFV-T0359", "role": "candidate_grid_cell", "area_ha": 0.0625, "named_subarea": null, "gee_matched": true, "NDVI_raw": 0.24194874510241546, "TreeCover_Pct": 0.0, "Elev_m": 357.9654324571001, "ElevStd_m": 2.0170746464880907, "TRI_m": 0.2512683821185545, "Slope_deg": 0.05246032401919365, "NatCoverPct_2km": 11.924175740569728, "EdgeDensity_2km": 1.398607192411446, "NatCoverPct_500m": 0.18052322235644466, "EdgeDensity_500m": 0.30717479464455844, "gHM": 0.36227867007255554, "DistWater_m": 1425.972341595103, "LST_C": 30.89688000000001, "NightLights": 1.543125033378601, "BuiltUp_Pct": 0.0, "SEGMENT_ID": 896933969.0, "hard_filter_pass": true}}, {"type": "Feature", "geometry": {"type": "Polygon", "coordinates": [[[77.95417309432116, 16.457035010312058], [77.9541765138084, 16.457260708843688], [77.95441040409153, 16.457257408964665], [77.95440698433453, 16.457031710480774], [77.95417309432116, 16.457035010312058]]]}, "properties": {"name": "grid_00359", "display_name": "SFV-T0360", "role": "candidate_grid_cell", "area_ha": 0.0625, "named_subarea": null, "gee_matched": true, "NDVI_raw": 0.2173547098187506, "TreeCover_Pct": 0.0, "Elev_m": 357.83222609442754, "ElevStd_m": 2.11398976802633, "TRI_m": 0.27080446885255033, "Slope_deg": 0.05246032401919365, "NatCoverPct_2km": 11.980667473214837, "EdgeDensity_2km": 1.3973273269478288, "NatCoverPct_500m": 0.3975551879235299, "EdgeDensity_500m": 0.4395303616393338, "gHM": 0.36227867007255554, "DistWater_m": 1371.2497970339077, "LST_C": 30.89688000000001, "NightLights": 1.543125033378601, "BuiltUp_Pct": 0.0, "SEGMENT_ID": 896933969.0, "hard_filter_pass": true}}, {"type": "Feature", "geometry": {"type": "Polygon", "coordinates": [[[77.9541765138084, 16.457260708843688], [77.95417993334917, 16.45748640736977], [77.95441382390207, 16.45748310744299], [77.95441040409153, 16.457257408964665], [77.9541765138084, 16.457260708843688]]]}, "properties": {"name": "grid_00360", "display_name": "SFV-T0361", "role": "candidate_grid_cell", "area_ha": 0.0625, "named_subarea": null, "gee_matched": true, "NDVI_raw": 0.25116133660257584, "TreeCover_Pct": 0.7228915662650602, "Elev_m": 357.9144644128271, "ElevStd_m": 2.185678345903601, "TRI_m": 0.2840561124145405, "Slope_deg": 0.05246032401919365, "NatCoverPct_2km": 12.025898593608, "EdgeDensity_2km": 1.3957309681072652, "NatCoverPct_500m": 0.6949061973349845, "EdgeDensity_500m": 0.552588247525878, "gHM": 0.36227867007255554, "DistWater_m": 1320.8911941040865, "LST_C": 30.89688000000001, "NightLights": 1.543125033378601, "BuiltUp_Pct": 0.0, "SEGMENT_ID": 896933969.0, "hard_filter_pass": true}}, {"type": "Feature", "geometry": {"type": "Polygon", "coordinates": [[[77.95417993334917, 16.45748640736977], [77.95418335294342, 16.457712105890305], [77.9544172437661, 16.45770880591578], [77.95441382390207, 16.45748310744299], [77.95417993334917, 16.45748640736977]]]}, "properties": {"name": "grid_00361", "display_name": "SFV-T0362", "role": "candidate_grid_cell", "area_ha": 0.0625, "named_subarea": null, "gee_matched": true, "NDVI_raw": 0.2878218843154053, "TreeCover_Pct": 40.835820895522374, "Elev_m": 358.3585918733966, "ElevStd_m": 2.2732559858979045, "TRI_m": 0.29552668848989877, "Slope_deg": 0.05246032401919365, "NatCoverPct_2km": 12.062915764586464, "EdgeDensity_2km": 1.3935875898994785, "NatCoverPct_500m": 1.0396522467446494, "EdgeDensity_500m": 0.6528836217172664, "gHM": 0.36227867007255554, "DistWater_m": 1271.2132344914871, "LST_C": 30.89688000000001, "NightLights": 1.543125033378601, "BuiltUp_Pct": 0.0, "SEGMENT_ID": 896933969.0, "hard_filter_pass": true}}, {"type": "Feature", "geometry": {"type": "Polygon", "coordinates": [[[77.95418335294342, 16.457712105890305], [77.95418677259119, 16.4579378044053], [77.95442066368365, 16.457934504383022], [77.9544172437661, 16.45770880591578], [77.95418335294342, 16.457712105890305]]]}, "properties": {"name": "grid_00362", "display_name": "SFV-T0363", "role": "candidate_grid_cell", "area_ha": 0.0625, "named_subarea": null, "gee_matched": true, "NDVI_raw": 0.2936563583944013, "TreeCover_Pct": 42.2275163787969, "Elev_m": 360.02365735743, "ElevStd_m": 2.344198503506866, "TRI_m": 0.30155057437587984, "Slope_deg": 0.05246032401919365, "NatCoverPct_2km": 12.091173557811343, "EdgeDensity_2km": 1.3901053272262125, "NatCoverPct_500m": 1.437197098138512, "EdgeDensity_500m": 0.7542866869705419, "gHM": 0.36227867007255554, "DistWater_m": 1226.0556308166485, "LST_C": 30.89688000000001, "NightLights": 1.543125033378601, "BuiltUp_Pct": 0.0, "SEGMENT_ID": 896933969.0, "hard_filter_pass": true}}, {"type": "Feature", "geometry": {"type": "Polygon", "coordinates": [[[77.95418677259119, 16.4579378044053], [77.95419019229246, 16.458163502914747], [77.95442408365471, 16.458160202844724], [77.95442066368365, 16.457934504383022], [77.95418677259119, 16.4579378044053]]]}, "properties": {"name": "grid_00363", "display_name": "SFV-T0364", "role": "candidate_grid_cell", "area_ha": 0.0625, "named_subarea": null, "gee_matched": true, "NDVI_raw": 0.24437980049933025, "TreeCover_Pct": 2.587800369685767, "Elev_m": 358.07013388849384, "ElevStd_m": 2.4283776756296973, "TRI_m": 0.31382035748648424, "Slope_deg": 0.05246032401919365, "NatCoverPct_2km": 12.113008196129408, "EdgeDensity_2km": 1.3860981730213746, "NatCoverPct_500m": 1.8667540974727763, "EdgeDensity_500m": 0.8676346920409439, "gHM": 0.3645685477272934, "DistWater_m": 1181.4815714768165, "LST_C": 30.89688000000001, "NightLights": 1.543125033378601, "BuiltUp_Pct": 0.0, "SEGMENT_ID": 483745710.0, "hard_filter_pass": true}}, {"type": "Feature", "geometry": {"type": "Polygon", "coordinates": [[[77.95419019229246, 16.458163502914747], [77.95419361204725, 16.458389201418655], [77.95442750367928, 16.45838590130088], [77.95442408365471, 16.458160202844724], [77.95419019229246, 16.458163502914747]]]}, "properties": {"name": "grid_00364", "display_name": "SFV-T0365", "role": "candidate_grid_cell", "area_ha": 0.0625, "named_subarea": null, "gee_matched": true, "NDVI_raw": 0.28753082420079756, "TreeCover_Pct": 28.537874339401053, "Elev_m": 356.4829539703888, "ElevStd_m": 2.5168465123628003, "TRI_m": 0.315023124133281, "Slope_deg": 0.05246032401919365, "NatCoverPct_2km": 12.12861976489928, "EdgeDensity_2km": 1.383356357518464, "NatCoverPct_500m": 2.3384321667527423, "EdgeDensity_500m": 0.9884792671297394, "gHM": 0.36638981103897095, "DistWater_m": 1143.1643120956685, "LST_C": 30.478297236376036, "NightLights": 1.543125033378601, "BuiltUp_Pct": 0.0, "SEGMENT_ID": 483745710.0, "hard_filter_pass": true}}, {"type": "Feature", "geometry": {"type": "Polygon", "coordinates": [[[77.95419361204725, 16.458389201418655], [77.95419703185554, 16.45861489991701], [77.95443092375739, 16.458611599751485], [77.95442750367928, 16.45838590130088], [77.95419361204725, 16.458389201418655]]]}, "properties": {"name": "grid_00365", "display_name": "SFV-T0366", "role": "candidate_grid_cell", "area_ha": 0.0625, "named_subarea": null, "gee_matched": true, "NDVI_raw": 0.25808260916099607, "TreeCover_Pct": 6.355685131195336, "Elev_m": 355.6609872356449, "ElevStd_m": 2.5886449174319046, "TRI_m": 0.31482868542112086, "Slope_deg": 0.05246032401919365, "NatCoverPct_2km": 12.138514287762755, "EdgeDensity_2km": 1.3822879073148198, "NatCoverPct_500m": 2.825008474686921, "EdgeDensity_500m": 1.1033292825699992, "gHM": 0.36638981103897095, "DistWater_m": 1104.5824354091133, "LST_C": 29.761774193548376, "NightLights": 1.543125033378601, "BuiltUp_Pct": 0.0, "SEGMENT_ID": 483745710.0, "hard_filter_pass": true}}, {"type": "Feature", "geometry": {"type": "Polygon", "coordinates": [[[77.95419703185554, 16.45861489991701], [77.95420045171736, 16.45884059840982], [77.95443434388899, 16.45883729819655], [77.95443092375739, 16.458611599751485], [77.95419703185554, 16.45861489991701]]]}, "properties": {"name": "grid_00366", "display_name": "SFV-T0367", "role": "candidate_grid_cell", "area_ha": 0.0625, "named_subarea": null, "gee_matched": true, "NDVI_raw": 0.2839066754219886, "TreeCover_Pct": 19.22141119221411, "Elev_m": 355.29104096350005, "ElevStd_m": 2.598080417155326, "TRI_m": 0.3106906430415863, "Slope_deg": 0.05246032401919365, "NatCoverPct_2km": 12.14096237462574, "EdgeDensity_2km": 1.3831663019781826, "NatCoverPct_500m": 3.3179473912002733, "EdgeDensity_500m": 1.2310526837548148, "gHM": 0.36638981103897095, "DistWater_m": 1074.3074701886208, "LST_C": 29.761774193548376, "NightLights": 1.543125033378601, "BuiltUp_Pct": 0.0, "SEGMENT_ID": 483745710.0, "hard_filter_pass": true}}, {"type": "Feature", "geometry": {"type": "Polygon", "coordinates": [[[77.95420045171736, 16.45884059840982], [77.95420387163267, 16.45906629689709], [77.95443776407411, 16.45906299663606], [77.95443434388899, 16.45883729819655], [77.95420045171736, 16.45884059840982]]]}, "properties": {"name": "grid_00367", "display_name": "SFV-T0368", "role": "candidate_grid_cell", "area_ha": 0.0625, "named_subarea": null, "gee_matched": true, "NDVI_raw": 0.2937985575213481, "TreeCover_Pct": 30.40337146297411, "Elev_m": 355.00823127613376, "ElevStd_m": 2.457004343039014, "TRI_m": 0.296374061725116, "Slope_deg": 0.05246032401919365, "NatCoverPct_2km": 12.135922627434201, "EdgeDensity_2km": 1.3822967918073437, "NatCoverPct_500m": 3.8230220816192513, "EdgeDensity_500m": 1.36219068541853, "gHM": 0.36638981103897095, "DistWater_m": 1045.4277966001816, "LST_C": 29.761774193548376, "NightLights": 1.543125033378601, "BuiltUp_Pct": 0.0, "SEGMENT_ID": 483745710.0, "hard_filter_pass": true}}, {"type": "Feature", "geometry": {"type": "Polygon", "coordinates": [[[77.95420387163267, 16.45906629689709], [77.95420729160149, 16.45929199537881], [77.95444118431274, 16.459288695070036], [77.95443776407411, 16.45906299663606], [77.95420387163267, 16.45906629689709]]]}, "properties": {"name": "grid_00368", "display_name": "SFV-T0369", "role": "candidate_grid_cell", "area_ha": 0.0625, "named_subarea": null, "gee_matched": true, "NDVI_raw": 0.2738999181989444, "TreeCover_Pct": 19.325707405177603, "Elev_m": 354.9642914387923, "ElevStd_m": 2.156938837425939, "TRI_m": 0.27610537579204525, "Slope_deg": 0.05246032401919365, "NatCoverPct_2km": 12.128896768889545, "EdgeDensity_2km": 1.3810335857769032, "NatCoverPct_500m": 4.311136902171286, "EdgeDensity_500m": 1.4652062478843275, "gHM": 0.36638981103897095, "DistWater_m": 1023.7583405613057, "LST_C": 29.761774193548376, "NightLights": 1.543125033378601, "BuiltUp_Pct": 0.0, "SEGMENT_ID": 483745710.0, "hard_filter_pass": true}}, {"type": "Feature", "geometry": {"type": "Polygon", "coordinates": [[[77.95444118431274, 16.459288695070036], [77.95420729160149, 16.45929199537881], [77.95421071162383, 16.459517693854984], [77.9543433770565, 16.459515821906], [77.95444326050463, 16.459425699357116], [77.95444118431274, 16.459288695070036]]]}, "properties": {"name": "grid_00369", "display_name": "SFV-T0370", "role": "candidate_grid_cell", "area_ha": 0.05719, "named_subarea": null, "gee_matched": true, "NDVI_raw": 0.29144053214292387, "TreeCover_Pct": 37.648612945838835, "Elev_m": 354.3294194371413, "ElevStd_m": 1.7834374243874098, "TRI_m": 0.25122804674396826, "Slope_deg": 0.05246032401919365, "NatCoverPct_2km": 12.12502776855696, "EdgeDensity_2km": 1.3851605798709767, "NatCoverPct_500m": 4.69979041762697, "EdgeDensity_500m": 1.5217208386002954, "gHM": 0.36638981103897095, "DistWater_m": 1009.0251439959295, "LST_C": 29.761774193548376, "NightLights": 1.543125033378601, "BuiltUp_Pct": 0.0, "SEGMENT_ID": 483745710.0, "hard_filter_pass": true}}, {"type": "Feature", "geometry": {"type": "Polygon", "coordinates": [[[77.9542312328816, 16.46087188459558], [77.95423465327852, 16.46109758303294], [77.95446854814838, 16.46109428234216], [77.95446778465751, 16.461043906896847], [77.95427391234816, 16.460871282336587], [77.9542312328816, 16.46087188459558]]]}, "properties": {"name": "grid_00370", "display_name": "SFV-T0371", "role": "candidate_grid_cell", "area_ha": 0.04265, "named_subarea": null, "gee_matched": true, "NDVI_raw": 0.23731740379333496, "TreeCover_Pct": 0.0, "Elev_m": 353.7277907714843, "ElevStd_m": 1.7525086495312276, "TRI_m": 0.25103350672661756, "Slope_deg": 0.05246032401919365, "NatCoverPct_2km": 12.01762202359013, "EdgeDensity_2km": 1.4362260637451683, "NatCoverPct_500m": 6.524110770563958, "EdgeDensity_500m": 1.7334376574654455, "gHM": 0.37770968675613403, "DistWater_m": 988.6852170128483, "LST_C": 29.761774193548376, "NightLights": 1.519374966621399, "BuiltUp_Pct": 0.0, "SEGMENT_ID": -1111379484.0, "hard_filter_pass": true}}, {"type": "Feature", "geometry": {"type": "Polygon", "coordinates": [[[77.95423465327852, 16.46109758303294], [77.95423807372896, 16.46132328146474], [77.95447196886866, 16.461319980726213], [77.95446854814838, 16.46109428234216], [77.95423465327852, 16.46109758303294]]]}, "properties": {"name": "grid_00371", "display_name": "SFV-T0372", "role": "candidate_grid_cell", "area_ha": 0.0625, "named_subarea": null, "gee_matched": true, "NDVI_raw": 0.2362486576014118, "TreeCover_Pct": 0.0, "Elev_m": 353.4964225231508, "ElevStd_m": 1.9749765191486595, "TRI_m": 0.2594390111060077, "Slope_deg": 0.05246032401919365, "NatCoverPct_2km": 11.99710084387003, "EdgeDensity_2km": 1.427956573006094, "NatCoverPct_500m": 6.713647806832175, "EdgeDensity_500m": 1.7668461382972862, "gHM": 0.37770968675613403, "DistWater_m": 982.3237061820965, "LST_C": 29.761774193548376, "NightLights": 1.519374966621399, "BuiltUp_Pct": 0.0, "SEGMENT_ID": -1111379484.0, "hard_filter_pass": true}}, {"type": "Feature", "geometry": {"type": "Polygon", "coordinates": [[[77.95423807372896, 16.46132328146474], [77.9542414942329, 16.461548979891006], [77.95447538964247, 16.461545679104727], [77.95447196886866, 16.461319980726213], [77.95423807372896, 16.46132328146474]]]}, "properties": {"name": "grid_00372", "display_name": "SFV-T0373", "role": "candidate_grid_cell", "area_ha": 0.0625, "named_subarea": null, "gee_matched": true, "NDVI_raw": 0.2740100016422209, "TreeCover_Pct": 34.13030484160192, "Elev_m": 353.4416805981021, "ElevStd_m": 2.1841835027097787, "TRI_m": 0.26238835532644506, "Slope_deg": 0.05246032401919365, "NatCoverPct_2km": 11.986205464332842, "EdgeDensity_2km": 1.4212973913147775, "NatCoverPct_500m": 6.7553452312905975, "EdgeDensity_500m": 1.7777300647317733, "gHM": 0.37770968675613403, "DistWater_m": 990.7222987066825, "LST_C": 29.761774193548376, "NightLights": 1.519374966621399, "BuiltUp_Pct": 0.0, "SEGMENT_ID": -1111379484.0, "hard_filter_pass": true}}, {"type": "Feature", "geometry": {"type": "Polygon", "coordinates": [[[77.95447538964247, 16.461545679104727], [77.9542414942329, 16.461548979891006], [77.95424405714368, 16.461718088597976], [77.9543655, 16.4616938], [77.95447669618383, 16.46163188213638], [77.95447538964247, 16.461545679104727]]]}, "properties": {"name": "grid_00373", "display_name": "SFV-T0374", "role": "candidate_grid_cell", "area_ha": 0.0382, "named_subarea": null, "gee_matched": true, "NDVI_raw": 0.2686071065656021, "TreeCover_Pct": 13.082259663032705, "Elev_m": 353.59484996360874, "ElevStd_m": 2.3103290047430827, "TRI_m": 0.2615202133967121, "Slope_deg": 0.05246032401919365, "NatCoverPct_2km": 11.98492953725013, "EdgeDensity_2km": 1.4169113114189105, "NatCoverPct_500m": 6.6979794502000045, "EdgeDensity_500m": 1.7790064759723623, "gHM": 0.37770968675613403, "DistWater_m": 1005.4094752788224, "LST_C": 29.761774193548376, "NightLights": 1.519374966621399, "BuiltUp_Pct": 0.0, "SEGMENT_ID": -1111379484.0, "hard_filter_pass": true}}, {"type": "Feature", "geometry": {"type": "Polygon", "coordinates": [[[77.95440014498105, 16.456580313496385], [77.95463403440138, 16.456577013500237], [77.95463179449202, 16.456429188212756], [77.95439827927484, 16.45645717452462], [77.95440014498105, 16.456580313496385]]]}, "properties": {"name": "grid_00374", "display_name": "SFV-T0375", "role": "candidate_grid_cell", "area_ha": 0.03752, "named_subarea": null, "gee_matched": true, "NDVI_raw": 0.23260871429348767, "TreeCover_Pct": 0.0, "Elev_m": 358.9188891204182, "ElevStd_m": 1.7718249901795962, "TRI_m": 0.20818974443897773, "Slope_deg": 0.05246032401919365, "NatCoverPct_2km": 11.889406953281712, "EdgeDensity_2km": 1.3924681109928012, "NatCoverPct_500m": 0.06151182724461343, "EdgeDensity_500m": 0.174525302300165, "gHM": 0.36227867007255554, "DistWater_m": 1479.2124503547016, "LST_C": 30.89688000000001, "NightLights": 1.543125033378601, "BuiltUp_Pct": 0.0, "SEGMENT_ID": 1580398033.0, "hard_filter_pass": true}}, {"type": "Feature", "geometry": {"type": "Polygon", "coordinates": [[[77.95440014498105, 16.456580313496385], [77.95440356463102, 16.45680601199135], [77.95463745432112, 16.45680271194745], [77.95463403440138, 16.456577013500237], [77.95440014498105, 16.456580313496385]]]}, "properties": {"name": "grid_00375", "display_name": "SFV-T0376", "role": "candidate_grid_cell", "area_ha": 0.0625, "named_subarea": null, "gee_matched": true, "NDVI_raw": 0.2588732478824275, "TreeCover_Pct": 9.298245614035089, "Elev_m": 358.4312775372065, "ElevStd_m": 1.8686129811079653, "TRI_m": 0.22282181908539267, "Slope_deg": 0.05246032401919365, "NatCoverPct_2km": 11.945293808010668, "EdgeDensity_2km": 1.3971944696115706, "NatCoverPct_500m": 0.16523929958267033, "EdgeDensity_500m": 0.2861343095202401, "gHM": 0.36227867007255554, "DistWater_m": 1432.401480810492, "LST_C": 30.89688000000001, "NightLights": 1.543125033378601, "BuiltUp_Pct": 0.0, "SEGMENT_ID": 1580398033.0, "hard_filter_pass": true}}, {"type": "Feature", "geometry": {"type": "Polygon", "coordinates": [[[77.95440356463102, 16.45680601199135], [77.95440698433453, 16.457031710480774], [77.95464087429438, 16.457028410389125], [77.95463745432112, 16.45680271194745], [77.95440356463102, 16.45680601199135]]]}, "properties": {"name": "grid_00376", "display_name": "SFV-T0377", "role": "candidate_grid_cell", "area_ha": 0.0625, "named_subarea": null, "gee_matched": true, "NDVI_raw": 0.26894888174575693, "TreeCover_Pct": 20.479812755997656, "Elev_m": 357.76361492909206, "ElevStd_m": 1.9718288824871997, "TRI_m": 0.24746474851104677, "Slope_deg": 0.05246032401919365, "NatCoverPct_2km": 12.003954050714636, "EdgeDensity_2km": 1.398305553289048, "NatCoverPct_500m": 0.37434039491194937, "EdgeDensity_500m": 0.4173791433258023, "gHM": 0.36227867007255554, "DistWater_m": 1373.7052518006687, "LST_C": 30.89688000000001, "NightLights": 1.543125033378601, "BuiltUp_Pct": 0.0, "SEGMENT_ID": -849192612.0, "hard_filter_pass": true}}, {"type": "Feature", "geometry": {"type": "Polygon", "coordinates": [[[77.95440698433453, 16.457031710480774], [77.95441040409153, 16.457257408964665], [77.95464429432117, 16.45725410882525], [77.95464087429438, 16.457028410389125], [77.95440698433453, 16.457031710480774]]]}, "properties": {"name": "grid_00377", "display_name": "SFV-T0378", "role": "candidate_grid_cell", "area_ha": 0.0625, "named_subarea": null, "gee_matched": true, "NDVI_raw": 0.21439301818518874, "TreeCover_Pct": 0.0, "Elev_m": 357.37071998832164, "ElevStd_m": 2.067870897267322, "TRI_m": 0.2656384545930376, "Slope_deg": 0.05246032401919365, "NatCoverPct_2km": 12.049858888235857, "EdgeDensity_2km": 1.396488079840661, "NatCoverPct_500m": 0.6679217198839208, "EdgeDensity_500m": 0.5474133991518957, "gHM": 0.36227867007255554, "DistWater_m": 1317.4751357428468, "LST_C": 30.89688000000001, "NightLights": 1.543125033378601, "BuiltUp_Pct": 0.0, "SEGMENT_ID": 896933969.0, "hard_filter_pass": true}}, {"type": "Feature", "geometry": {"type": "Polygon", "coordinates": [[[77.95441040409153, 16.457257408964665], [77.95441382390207, 16.45748310744299], [77.95464771440146, 16.45747980725583], [77.95464429432117, 16.45725410882525], [77.95441040409153, 16.457257408964665]]]}, "properties": {"name": "grid_00378", "display_name": "SFV-T0379", "role": "candidate_grid_cell", "area_ha": 0.0625, "named_subarea": null, "gee_matched": true, "NDVI_raw": 0.23934362657660802, "TreeCover_Pct": 0.0, "Elev_m": 357.1675580811284, "ElevStd_m": 2.140835208644486, "TRI_m": 0.2763255073090955, "Slope_deg": 0.05246032401919365, "NatCoverPct_2km": 12.086861134160259, "EdgeDensity_2km": 1.3949960352286124, "NatCoverPct_500m": 1.045800814260339, "EdgeDensity_500m": 0.6604803255880751, "gHM": 0.36227867007255554, "DistWater_m": 1264.7398177443479, "LST_C": 30.89688000000001, "NightLights": 1.543125033378601, "BuiltUp_Pct": 0.0, "SEGMENT_ID": 896933969.0, "hard_filter_pass": true}}, {"type": "Feature", "geometry": {"type": "Polygon", "coordinates": [[[77.95441382390207, 16.45748310744299], [77.9544172437661, 16.45770880591578], [77.95465113453528, 16.457705505680867], [77.95464771440146, 16.45747980725583], [77.95441382390207, 16.45748310744299]]]}, "properties": {"name": "grid_00379", "display_name": "SFV-T0380", "role": "candidate_grid_cell", "area_ha": 0.0625, "named_subarea": null, "gee_matched": true, "NDVI_raw": 0.2659055812015667, "TreeCover_Pct": 22.7023737066342, "Elev_m": 356.9813507135801, "ElevStd_m": 2.1970946841147736, "TRI_m": 0.28511522335216966, "Slope_deg": 0.05246032401919365, "NatCoverPct_2km": 12.114894297307066, "EdgeDensity_2km": 1.395061036277722, "NatCoverPct_500m": 1.4748331032281614, "EdgeDensity_500m": 0.7657061891440325, "gHM": 0.36227867007255554, "DistWater_m": 1212.2819427712288, "LST_C": 30.89688000000001, "NightLights": 1.543125033378601, "BuiltUp_Pct": 0.0, "SEGMENT_ID": 896933969.0, "hard_filter_pass": true}}, {"type": "Feature", "geometry": {"type": "Polygon", "coordinates": [[[77.9544172437661, 16.45770880591578], [77.95442066368365, 16.457934504383022], [77.95465455472261, 16.457931204100355], [77.95465113453528, 16.457705505680867], [77.9544172437661, 16.45770880591578]]]}, "properties": {"name": "grid_00380", "display_name": "SFV-T0381", "role": "candidate_grid_cell", "area_ha": 0.0625, "named_subarea": null, "gee_matched": true, "NDVI_raw": 0.23727970573916493, "TreeCover_Pct": 8.915662650602409, "Elev_m": 357.7378929781626, "ElevStd_m": 2.2265979734396093, "TRI_m": 0.28941813113981735, "Slope_deg": 0.05246032401919365, "NatCoverPct_2km": 12.133835262635387, "EdgeDensity_2km": 1.3919498658715046, "NatCoverPct_500m": 1.9457486436677323, "EdgeDensity_500m": 0.9321565477517448, "gHM": 0.36227867007255554, "DistWater_m": 1164.5572817329821, "LST_C": 30.89688000000001, "NightLights": 1.543125033378601, "BuiltUp_Pct": 0.0, "SEGMENT_ID": 896933969.0, "hard_filter_pass": true}}, {"type": "Feature", "geometry": {"type": "Polygon", "coordinates": [[[77.95442066368365, 16.457934504383022], [77.95442408365471, 16.458160202844724], [77.95465797496345, 16.458156902514304], [77.95465455472261, 16.457931204100355], [77.95442066368365, 16.457934504383022]]]}, "properties": {"name": "grid_00381", "display_name": "SFV-T0382", "role": "candidate_grid_cell", "area_ha": 0.0625, "named_subarea": null, "gee_matched": true, "NDVI_raw": 0.2529062255950276, "TreeCover_Pct": 6.1455847255369935, "Elev_m": 356.88059225514854, "ElevStd_m": 2.288846407155018, "TRI_m": 0.2960941714292226, "Slope_deg": 0.05246032401919365, "NatCoverPct_2km": 12.143766131966176, "EdgeDensity_2km": 1.386251797052474, "NatCoverPct_500m": 2.4780331642398767, "EdgeDensity_500m": 1.126510597759068, "gHM": 0.36453783524562766, "DistWater_m": 1118.109532471129, "LST_C": 30.89688000000001, "NightLights": 1.543125033378601, "BuiltUp_Pct": 0.0, "SEGMENT_ID": -253738561.0, "hard_filter_pass": true}}, {"type": "Feature", "geometry": {"type": "Polygon", "coordinates": [[[77.95442408365471, 16.458160202844724], [77.95442750367928, 16.45838590130088], [77.95466139525783, 16.45838260092271], [77.95465797496345, 16.458156902514304], [77.95442408365471, 16.458160202844724]]]}, "properties": {"name": "grid_00382", "display_name": "SFV-T0383", "role": "candidate_grid_cell", "area_ha": 0.0625, "named_subarea": null, "gee_matched": true, "NDVI_raw": 0.2949311962370266, "TreeCover_Pct": 38.35039133052378, "Elev_m": 355.72856609567253, "ElevStd_m": 2.370319001041087, "TRI_m": 0.30025104383475787, "Slope_deg": 0.05246032401919365, "NatCoverPct_2km": 12.14278313435486, "EdgeDensity_2km": 1.3841409054829275, "NatCoverPct_500m": 3.06508277701345, "EdgeDensity_500m": 1.2773314054562463, "gHM": 0.36638981103897095, "DistWater_m": 1076.6372608413908, "LST_C": 30.50188231419083, "NightLights": 1.543125033378601, "BuiltUp_Pct": 0.0, "SEGMENT_ID": 483745710.0, "hard_filter_pass": true}}, {"type": "Feature", "geometry": {"type": "Polygon", "coordinates": [[[77.95442750367928, 16.45838590130088], [77.95443092375739, 16.458611599751485], [77.95466481560571, 16.45860829932556], [77.95466139525783, 16.45838260092271], [77.95442750367928, 16.45838590130088]]]}, "properties": {"name": "grid_00383", "display_name": "SFV-T0384", "role": "candidate_grid_cell", "area_ha": 0.0625, "named_subarea": null, "gee_matched": true, "NDVI_raw": 0.25802517055133406, "TreeCover_Pct": 15.760869565217394, "Elev_m": 355.1908065869613, "ElevStd_m": 2.4290515034746885, "TRI_m": 0.3020669068671053, "Slope_deg": 0.05246032401919365, "NatCoverPct_2km": 12.13462435722529, "EdgeDensity_2km": 1.3826089471059546, "NatCoverPct_500m": 3.672865804416222, "EdgeDensity_500m": 1.3914934895997046, "gHM": 0.36638981103897095, "DistWater_m": 1037.322369597621, "LST_C": 29.761774193548376, "NightLights": 1.543125033378601, "BuiltUp_Pct": 0.0, "SEGMENT_ID": 483745710.0, "hard_filter_pass": true}}, {"type": "Feature", "geometry": {"type": "Polygon", "coordinates": [[[77.95443092375739, 16.458611599751485], [77.95443434388899, 16.45883729819655], [77.95466823600711, 16.458833997722866], [77.95466481560571, 16.45860829932556], [77.95443092375739, 16.458611599751485]]]}, "properties": {"name": "grid_00384", "display_name": "SFV-T0385", "role": "candidate_grid_cell", "area_ha": 0.0625, "named_subarea": null, "gee_matched": true, "NDVI_raw": 0.2976199961332599, "TreeCover_Pct": 33.65794278758369, "Elev_m": 354.86728956578935, "ElevStd_m": 2.4091455964806956, "TRI_m": 0.2973477514322791, "Slope_deg": 0.05246032401919365, "NatCoverPct_2km": 12.124814432142212, "EdgeDensity_2km": 1.3807441412137158, "NatCoverPct_500m": 4.259384272566549, "EdgeDensity_500m": 1.491057715742521, "gHM": 0.36638981103897095, "DistWater_m": 1002.9327721905439, "LST_C": 29.761774193548376, "NightLights": 1.543125033378601, "BuiltUp_Pct": 0.0, "SEGMENT_ID": 483745710.0, "hard_filter_pass": true}}, {"type": "Feature", "geometry": {"type": "Polygon", "coordinates": [[[77.95466823600711, 16.458833997722866], [77.95443434388899, 16.45883729819655], [77.95443776407411, 16.45906299663606], [77.95451816605846, 16.45906186209045], [77.95449150000002, 16.45895429999999], [77.95466866568024, 16.458862349857135], [77.95466823600711, 16.458833997722866]]]}, "properties": {"name": "grid_00385", "display_name": "SFV-T0386", "role": "candidate_grid_cell", "area_ha": 0.03184, "named_subarea": null, "gee_matched": true, "NDVI_raw": 0.28471865068624697, "TreeCover_Pct": 27.099664053751393, "Elev_m": 354.56119724457363, "ElevStd_m": 2.3109402092075686, "TRI_m": 0.2892456027674045, "Slope_deg": 0.05246032401919365, "NatCoverPct_2km": 12.118536498025504, "EdgeDensity_2km": 1.3805140079145846, "NatCoverPct_500m": 4.574251555788101, "EdgeDensity_500m": 1.530231057926238, "gHM": 0.36638981103897095, "DistWater_m": 988.6370909274822, "LST_C": 29.761774193548376, "NightLights": 1.543125033378601, "BuiltUp_Pct": 0.0, "SEGMENT_ID": 483745710.0, "hard_filter_pass": true}}, {"type": "Feature", "geometry": {"type": "Polygon", "coordinates": [[[77.95463403440138, 16.456577013500237], [77.95486792376818, 16.456573713243717], [77.95486510627933, 16.45638778442015], [77.95468760000001, 16.45642249999999], [77.95463179449202, 16.456429188212756], [77.95463403440138, 16.456577013500237]]]}, "properties": {"name": "grid_00386", "display_name": "SFV-T0387", "role": "candidate_grid_cell", "area_ha": 0.04577, "named_subarea": null, "gee_matched": true, "NDVI_raw": 0.2477755695704688, "TreeCover_Pct": 0.0, "Elev_m": 359.16113924921007, "ElevStd_m": 1.6942146090935162, "TRI_m": 0.195262247770131, "Slope_deg": 0.05246032401919365, "NatCoverPct_2km": 11.974505151408032, "EdgeDensity_2km": 1.39677296247244, "NatCoverPct_500m": 0.14536669062041493, "EdgeDensity_500m": 0.2695038479133642, "gHM": 0.36227867007255554, "DistWater_m": 1433.2956034638041, "LST_C": 30.89688000000001, "NightLights": 1.543125033378601, "BuiltUp_Pct": 0.0, "SEGMENT_ID": 1580398033.0, "hard_filter_pass": true}}, {"type": "Feature", "geometry": {"type": "Polygon", "coordinates": [[[77.95463403440138, 16.456577013500237], [77.95463745432112, 16.45680271194745], [77.95487134395769, 16.45679941164317], [77.95486792376818, 16.456573713243717], [77.95463403440138, 16.456577013500237]]]}, "properties": {"name": "grid_00387", "display_name": "SFV-T0388", "role": "candidate_grid_cell", "area_ha": 0.0625, "named_subarea": null, "gee_matched": true, "NDVI_raw": 0.2571118412052968, "TreeCover_Pct": 6.317689530685919, "Elev_m": 358.5228983744817, "ElevStd_m": 1.7835324548696183, "TRI_m": 0.21236329643075993, "Slope_deg": 0.05246032401919365, "NatCoverPct_2km": 12.022313042244255, "EdgeDensity_2km": 1.3969475243950176, "NatCoverPct_500m": 0.3210536012987221, "EdgeDensity_500m": 0.3800512505809094, "gHM": 0.36227867007255554, "DistWater_m": 1382.67070180659, "LST_C": 30.89688000000001, "NightLights": 1.543125033378601, "BuiltUp_Pct": 0.0, "SEGMENT_ID": 1580398033.0, "hard_filter_pass": true}}, {"type": "Feature", "geometry": {"type": "Polygon", "coordinates": [[[77.95463745432112, 16.45680271194745], [77.95464087429438, 16.457028410389125], [77.95487476420072, 16.457025110037094], [77.95487134395769, 16.45679941164317], [77.95463745432112, 16.45680271194745]]]}, "properties": {"name": "grid_00388", "display_name": "SFV-T0389", "role": "candidate_grid_cell", "area_ha": 0.0625, "named_subarea": null, "gee_matched": true, "NDVI_raw": 0.28325953057859665, "TreeCover_Pct": 29.086538461538463, "Elev_m": 357.7906494140625, "ElevStd_m": 1.8779843644342717, "TRI_m": 0.23601398193264767, "Slope_deg": 0.05246032401919365, "NatCoverPct_2km": 12.070968658531985, "EdgeDensity_2km": 1.3922359448606698, "NatCoverPct_500m": 0.6111006872646175, "EdgeDensity_500m": 0.5116281768821439, "gHM": 0.36227867007255554, "DistWater_m": 1323.396483933026, "LST_C": 30.89688000000001, "NightLights": 1.543125033378601, "BuiltUp_Pct": 0.0, "SEGMENT_ID": -849192612.0, "hard_filter_pass": true}}, {"type": "Feature", "geometry": {"type": "Polygon", "coordinates": [[[77.95464087429438, 16.457028410389125], [77.95464429432117, 16.45725410882525], [77.95487818449728, 16.457250808425464], [77.95487476420072, 16.457025110037094], [77.95464087429438, 16.457028410389125]]]}, "properties": {"name": "grid_00389", "display_name": "SFV-T0390", "role": "candidate_grid_cell", "area_ha": 0.0625, "named_subarea": null, "gee_matched": true, "NDVI_raw": 0.25306169733223394, "TreeCover_Pct": 6.7682926829268295, "Elev_m": 356.90524208254925, "ElevStd_m": 1.9563500953059152, "TRI_m": 0.2533271879206773, "Slope_deg": 0.05246032401919365, "NatCoverPct_2km": 12.109969410781488, "EdgeDensity_2km": 1.3897420281084505, "NatCoverPct_500m": 0.9865032810905705, "EdgeDensity_500m": 0.6424844408122213, "gHM": 0.36227867007255554, "DistWater_m": 1265.2295795949635, "LST_C": 30.89688000000001, "NightLights": 1.543125033378601, "BuiltUp_Pct": 0.0, "SEGMENT_ID": -849192612.0, "hard_filter_pass": true}}, {"type": "Feature", "geometry": {"type": "Polygon", "coordinates": [[[77.95464429432117, 16.45725410882525], [77.95464771440146, 16.45747980725583], [77.95488160484734, 16.457476506808284], [77.95487818449728, 16.457250808425464], [77.95464429432117, 16.45725410882525]]]}, "properties": {"name": "grid_00390", "display_name": "SFV-T0391", "role": "candidate_grid_cell", "area_ha": 0.0625, "named_subarea": null, "gee_matched": true, "NDVI_raw": 0.2566582657969915, "TreeCover_Pct": 30.710955710955716, "Elev_m": 356.63668154558667, "ElevStd_m": 2.0124525716387156, "TRI_m": 0.2664682565628272, "Slope_deg": 0.05246032401919365, "NatCoverPct_2km": 12.135471219168133, "EdgeDensity_2km": 1.390773460376289, "NatCoverPct_500m": 1.4406774743268107, "EdgeDensity_500m": 0.789151977159614, "gHM": 0.36227867007255554, "DistWater_m": 1210.1835174443, "LST_C": 30.89688000000001, "NightLights": 1.543125033378601, "BuiltUp_Pct": 0.0, "SEGMENT_ID": -253738561.0, "hard_filter_pass": true}}, {"type": "Feature", "geometry": {"type": "Polygon", "coordinates": [[[77.95464771440146, 16.45747980725583], [77.95465113453528, 16.457705505680867], [77.95488502525093, 16.45770220518557], [77.95488160484734, 16.457476506808284], [77.95464771440146, 16.45747980725583]]]}, "properties": {"name": "grid_00391", "display_name": "SFV-T0392", "role": "candidate_grid_cell", "area_ha": 0.0625, "named_subarea": null, "gee_matched": true, "NDVI_raw": 0.22064924175286563, "TreeCover_Pct": 10.052910052910056, "Elev_m": 356.2806705427759, "ElevStd_m": 2.052298435292551, "TRI_m": 0.2726933365638236, "Slope_deg": 0.05246032401919365, "NatCoverPct_2km": 12.14803985769317, "EdgeDensity_2km": 1.3865716604903795, "NatCoverPct_500m": 1.9824277449938816, "EdgeDensity_500m": 1.01797991120542, "gHM": 0.36227867007255554, "DistWater_m": 1154.578280540713, "LST_C": 30.89688000000001, "NightLights": 1.543125033378601, "BuiltUp_Pct": 0.0, "SEGMENT_ID": -253738561.0, "hard_filter_pass": true}}, {"type": "Feature", "geometry": {"type": "Polygon", "coordinates": [[[77.95465113453528, 16.457705505680867], [77.95465455472261, 16.457931204100355], [77.95488844570805, 16.457927903557298], [77.95488502525093, 16.45770220518557], [77.95465113453528, 16.457705505680867]]]}, "properties": {"name": "grid_00392", "display_name": "SFV-T0393", "role": "candidate_grid_cell", "area_ha": 0.0625, "named_subarea": null, "gee_matched": true, "NDVI_raw": 0.3171263802865334, "TreeCover_Pct": 79.45879458794586, "Elev_m": 356.50286865234375, "ElevStd_m": 2.0843385276468394, "TRI_m": 0.27712928255909997, "Slope_deg": 0.05246032401919365, "NatCoverPct_2km": 12.146461169502233, "EdgeDensity_2km": 1.3812840328579459, "NatCoverPct_500m": 2.630432354197063, "EdgeDensity_500m": 1.241639509630734, "gHM": 0.36227867007255554, "DistWater_m": 1104.6551443576798, "LST_C": 30.89688000000001, "NightLights": 1.543125033378601, "BuiltUp_Pct": 0.0, "SEGMENT_ID": -1928792974.0, "hard_filter_pass": true}}, {"type": "Feature", "geometry": {"type": "Polygon", "coordinates": [[[77.95465455472261, 16.457931204100355], [77.95465797496345, 16.458156902514304], [77.95489186621869, 16.45815360192349], [77.95488844570805, 16.457927903557298], [77.95465455472261, 16.457931204100355]]]}, "properties": {"name": "grid_00393", "display_name": "SFV-T0394", "role": "candidate_grid_cell", "area_ha": 0.0625, "named_subarea": null, "gee_matched": true, "NDVI_raw": 0.3171468335128132, "TreeCover_Pct": 63.154726068633366, "Elev_m": 356.43635909087976, "ElevStd_m": 2.147887429618141, "TRI_m": 0.28224520767550293, "Slope_deg": 0.05246032401919365, "NatCoverPct_2km": 12.137656706602716, "EdgeDensity_2km": 1.3794542809231083, "NatCoverPct_500m": 3.313559621199701, "EdgeDensity_500m": 1.3749234125297338, "gHM": 0.3645136852999326, "DistWater_m": 1055.3473724851458, "LST_C": 30.89688000000001, "NightLights": 1.543125033378601, "BuiltUp_Pct": 0.0, "SEGMENT_ID": -1928792974.0, "hard_filter_pass": true}}, {"type": "Feature", "geometry": {"type": "Polygon", "coordinates": [[[77.95465797496345, 16.458156902514304], [77.95466139525783, 16.45838260092271], [77.95489528678284, 16.45837930028413], [77.95489186621869, 16.45815360192349], [77.95465797496345, 16.458156902514304]]]}, "properties": {"name": "grid_00394", "display_name": "SFV-T0395", "role": "candidate_grid_cell", "area_ha": 0.0625, "named_subarea": null, "gee_matched": true, "NDVI_raw": 0.2867634113612883, "TreeCover_Pct": 12.484921592279857, "Elev_m": 355.49705514574225, "ElevStd_m": 2.216262580489272, "TRI_m": 0.2839497781467594, "Slope_deg": 0.05246032401919365, "NatCoverPct_2km": 12.124956382405024, "EdgeDensity_2km": 1.3775165063421846, "NatCoverPct_500m": 4.011075976147771, "EdgeDensity_500m": 1.487451756589659, "gHM": 0.36638981103897095, "DistWater_m": 1011.5300133572166, "LST_C": 30.49705986069498, "NightLights": 1.543125033378601, "BuiltUp_Pct": 0.0, "SEGMENT_ID": -253738561.0, "hard_filter_pass": true}}, {"type": "Feature", "geometry": {"type": "Polygon", "coordinates": [[[77.95466139525783, 16.45838260092271], [77.95466481560571, 16.45860829932556], [77.95489870740052, 16.458604998639224], [77.95489528678284, 16.45837930028413], [77.95466139525783, 16.45838260092271]]]}, "properties": {"name": "grid_00395", "display_name": "SFV-T0396", "role": "candidate_grid_cell", "area_ha": 0.0625, "named_subarea": null, "gee_matched": true, "NDVI_raw": 0.3154908216355452, "TreeCover_Pct": 65.13432835820895, "Elev_m": 355.1100738798683, "ElevStd_m": 2.2501707909217394, "TRI_m": 0.2837498180112488, "Slope_deg": 0.05246032401919365, "NatCoverPct_2km": 12.108585026594133, "EdgeDensity_2km": 1.374097362070916, "NatCoverPct_500m": 4.681963718625673, "EdgeDensity_500m": 1.5972780022950894, "gHM": 0.36638981103897095, "DistWater_m": 970.1093263125172, "LST_C": 29.761774193548376, "NightLights": 1.543125033378601, "BuiltUp_Pct": 0.0, "SEGMENT_ID": -1928792974.0, "hard_filter_pass": true}}, {"type": "Feature", "geometry": {"type": "Polygon", "coordinates": [[[77.95489870740052, 16.458604998639224], [77.95466481560571, 16.45860829932556], [77.95466823600711, 16.458833997722866], [77.95470736689072, 16.458833445517786], [77.954854, 16.4586877], [77.954899757494, 16.45867428493926], [77.95489870740052, 16.458604998639224]]]}, "properties": {"name": "grid_00396", "display_name": "SFV-T0397", "role": "candidate_grid_cell", "area_ha": 0.04168, "named_subarea": null, "gee_matched": true, "NDVI_raw": 0.316282593924216, "TreeCover_Pct": 71.48014440433212, "Elev_m": 354.9491294007008, "ElevStd_m": 2.2397892068606695, "TRI_m": 0.2834431189091676, "Slope_deg": 0.05246032401919365, "NatCoverPct_2km": 12.097379897488103, "EdgeDensity_2km": 1.3754066538390868, "NatCoverPct_500m": 5.142311944067523, "EdgeDensity_500m": 1.659395276997875, "gHM": 0.36638981103897095, "DistWater_m": 945.6687544904905, "LST_C": 29.761774193548376, "NightLights": 1.543125033378601, "BuiltUp_Pct": 0.0, "SEGMENT_ID": -1928792974.0, "hard_filter_pass": true}}, {"type": "Feature", "geometry": {"type": "Polygon", "coordinates": [[[77.95486792376818, 16.456573713243717], [77.95510181308147, 16.45657041272683], [77.95509885682476, 16.456375341842556], [77.9548819, 16.4563845], [77.95486510627933, 16.45638778442015], [77.95486792376818, 16.456573713243717]]]}, "properties": {"name": "grid_00397", "display_name": "SFV-T0398", "role": "candidate_grid_cell", "area_ha": 0.05308, "named_subarea": null, "gee_matched": true, "NDVI_raw": 0.22708089576427182, "TreeCover_Pct": 0.0, "Elev_m": 358.9594662912776, "ElevStd_m": 1.6213089264954637, "TRI_m": 0.17726823733811925, "Slope_deg": 0.05246032401919365, "NatCoverPct_2km": 12.045422593182966, "EdgeDensity_2km": 1.3914121853968446, "NatCoverPct_500m": 0.2555740284560039, "EdgeDensity_500m": 0.3541767614781026, "gHM": 0.36227867007255554, "DistWater_m": 1395.7698630741388, "LST_C": 30.89688000000001, "NightLights": 1.543125033378601, "BuiltUp_Pct": 0.0, "SEGMENT_ID": -441511163.0, "hard_filter_pass": true}}, {"type": "Feature", "geometry": {"type": "Polygon", "coordinates": [[[77.95486792376818, 16.456573713243717], [77.95487134395769, 16.45679941164317], [77.95510523354075, 16.456796111078532], [77.95510181308147, 16.45657041272683], [77.95486792376818, 16.456573713243717]]]}, "properties": {"name": "grid_00398", "display_name": "SFV-T0399", "role": "candidate_grid_cell", "area_ha": 0.0625, "named_subarea": null, "gee_matched": true, "NDVI_raw": 0.26672557863485385, "TreeCover_Pct": 6.325301204819278, "Elev_m": 358.3384267416346, "ElevStd_m": 1.6986124113063021, "TRI_m": 0.19635342690530913, "Slope_deg": 0.05246032401919365, "NatCoverPct_2km": 12.092076555281835, "EdgeDensity_2km": 1.3877622628086304, "NatCoverPct_500m": 0.5185987581484417, "EdgeDensity_500m": 0.4750275644621544, "gHM": 0.36227867007255554, "DistWater_m": 1337.0034019853454, "LST_C": 30.89688000000001, "NightLights": 1.543125033378601, "BuiltUp_Pct": 0.0, "SEGMENT_ID": 1299361426.0, "hard_filter_pass": true}}, {"type": "Feature", "geometry": {"type": "Polygon", "coordinates": [[[77.95487134395769, 16.45679941164317], [77.95487476420072, 16.457025110037094], [77.95510865405353, 16.457021809424685], [77.95510523354075, 16.456796111078532], [77.95487134395769, 16.45679941164317]]]}, "properties": {"name": "grid_00399", "display_name": "SFV-T0400", "role": "candidate_grid_cell", "area_ha": 0.0625, "named_subarea": null, "gee_matched": true, "NDVI_raw": 0.2741875105295608, "TreeCover_Pct": 27.462686567164177, "Elev_m": 357.7179574903802, "ElevStd_m": 1.7700059365440057, "TRI_m": 0.21805800532350275, "Slope_deg": 0.05246032401919365, "NatCoverPct_2km": 12.131034042321794, "EdgeDensity_2km": 1.3861891859209627, "NatCoverPct_500m": 0.8855972570809568, "EdgeDensity_500m": 0.6112086349722174, "gHM": 0.36227867007255554, "DistWater_m": 1275.6254687637893, "LST_C": 30.89688000000001, "NightLights": 1.543125033378601, "BuiltUp_Pct": 0.0, "SEGMENT_ID": -849192612.0, "hard_filter_pass": true}}, {"type": "Feature", "geometry": {"type": "Polygon", "coordinates": [[[77.95487476420072, 16.457025110037094], [77.95487818449728, 16.457250808425464], [77.95511207461985, 16.457247507765295], [77.95510865405353, 16.457021809424685], [77.95487476420072, 16.457025110037094]]]}, "properties": {"name": "grid_00400", "display_name": "SFV-T0401", "role": "candidate_grid_cell", "area_ha": 0.0625, "named_subarea": null, "gee_matched": true, "NDVI_raw": 0.2607243060796214, "TreeCover_Pct": 4.88245931283906, "Elev_m": 356.78009051598286, "ElevStd_m": 1.8145551096009878, "TRI_m": 0.23767611183950135, "Slope_deg": 0.05246032401919365, "NatCoverPct_2km": 12.156706334426794, "EdgeDensity_2km": 1.382028799592718, "NatCoverPct_500m": 1.3527361074103321, "EdgeDensity_500m": 0.8518373621718444, "gHM": 0.36227867007255554, "DistWater_m": 1215.8046554314196, "LST_C": 30.89688000000001, "NightLights": 1.543125033378601, "BuiltUp_Pct": 0.0, "SEGMENT_ID": -849192612.0, "hard_filter_pass": true}}, {"type": "Feature", "geometry": {"type": "Polygon", "coordinates": [[[77.95487818449728, 16.457250808425464], [77.95488160484734, 16.457476506808284], [77.9551154952397, 16.457473206100357], [77.95511207461985, 16.457247507765295], [77.95487818449728, 16.457250808425464]]]}, "properties": {"name": "grid_00401", "display_name": "SFV-T0402", "role": "candidate_grid_cell", "area_ha": 0.0625, "named_subarea": null, "gee_matched": true, "NDVI_raw": 0.2948718097829558, "TreeCover_Pct": 45.34388314059647, "Elev_m": 356.5853118060641, "ElevStd_m": 1.8272158819717426, "TRI_m": 0.2487143622339947, "Slope_deg": 0.05246032401919365, "NatCoverPct_2km": 12.161974921278379, "EdgeDensity_2km": 1.3783258010685135, "NatCoverPct_500m": 1.9861685835056901, "EdgeDensity_500m": 1.134677143635019, "gHM": 0.36227867007255554, "DistWater_m": 1157.4900302550661, "LST_C": 30.89688000000001, "NightLights": 1.543125033378601, "BuiltUp_Pct": 0.0, "SEGMENT_ID": -849192612.0, "hard_filter_pass": true}}, {"type": "Feature", "geometry": {"type": "Polygon", "coordinates": [[[77.95488160484734, 16.457476506808284], [77.95488502525093, 16.45770220518557], [77.95511891591306, 16.457698904429876], [77.9551154952397, 16.457473206100357], [77.95488160484734, 16.457476506808284]]]}, "properties": {"name": "grid_00402", "display_name": "SFV-T0403", "role": "candidate_grid_cell", "area_ha": 0.0625, "named_subarea": null, "gee_matched": true, "NDVI_raw": 0.23540900932829922, "TreeCover_Pct": 3.827751196172249, "Elev_m": 356.28400976007634, "ElevStd_m": 1.8559054348550268, "TRI_m": 0.2546059060317059, "Slope_deg": 0.05246032401919365, "NatCoverPct_2km": 12.150485020931699, "EdgeDensity_2km": 1.3749002804237327, "NatCoverPct_500m": 2.745574033686186, "EdgeDensity_500m": 1.3317310714682942, "gHM": 0.36227867007255554, "DistWater_m": 1101.2631774958754, "LST_C": 30.89688000000001, "NightLights": 1.543125033378601, "BuiltUp_Pct": 0.0, "SEGMENT_ID": -849192612.0, "hard_filter_pass": true}}, {"type": "Feature", "geometry": {"type": "Polygon", "coordinates": [[[77.95488502525093, 16.45770220518557], [77.95488844570805, 16.457927903557298], [77.95512233663997, 16.45792460275385], [77.95511891591306, 16.457698904429876], [77.95488502525093, 16.45770220518557]]]}, "properties": {"name": "grid_00403", "display_name": "SFV-T0404", "role": "candidate_grid_cell", "area_ha": 0.0625, "named_subarea": null, "gee_matched": true, "NDVI_raw": 0.20780686888163194, "TreeCover_Pct": 1.9230769230769234, "Elev_m": 355.4112930297852, "ElevStd_m": 1.8841161792954635, "TRI_m": 0.26332578789301153, "Slope_deg": 0.05246032401919365, "NatCoverPct_2km": 12.134469658748417, "EdgeDensity_2km": 1.3748634005209248, "NatCoverPct_500m": 3.5144043429188208, "EdgeDensity_500m": 1.42752275477074, "gHM": 0.36227867007255554, "DistWater_m": 1047.3056243863127, "LST_C": 30.89688000000001, "NightLights": 1.543125033378601, "BuiltUp_Pct": 0.0, "SEGMENT_ID": -253738561.0, "hard_filter_pass": true}}, {"type": "Feature", "geometry": {"type": "Polygon", "coordinates": [[[77.95488844570805, 16.457927903557298], [77.95489186621869, 16.45815360192349], [77.95512575742038, 16.45815030107228], [77.95512233663997, 16.45792460275385], [77.95488844570805, 16.457927903557298]]]}, "properties": {"name": "grid_00404", "display_name": "SFV-T0405", "role": "candidate_grid_cell", "area_ha": 0.0625, "named_subarea": null, "gee_matched": true, "NDVI_raw": 0.22013297218745828, "TreeCover_Pct": 10.212514757969302, "Elev_m": 355.4526517433427, "ElevStd_m": 1.9370427942024204, "TRI_m": 0.26942249246158617, "Slope_deg": 0.05246032401919365, "NatCoverPct_2km": 12.115530367139433, "EdgeDensity_2km": 1.373391941533646, "NatCoverPct_500m": 4.26852385576287, "EdgeDensity_500m": 1.523167150887265, "gHM": 0.36436579004369907, "DistWater_m": 996.4205566257762, "LST_C": 30.89688000000001, "NightLights": 1.543125033378601, "BuiltUp_Pct": 0.0, "SEGMENT_ID": -253738561.0, "hard_filter_pass": true}}, {"type": "Feature", "geometry": {"type": "Polygon", "coordinates": [[[77.95489186621869, 16.45815360192349], [77.95489528678284, 16.45837930028413], [77.95512917825432, 16.45837599938516], [77.95512575742038, 16.45815030107228], [77.95489186621869, 16.45815360192349]]]}, "properties": {"name": "grid_00405", "display_name": "SFV-T0406", "role": "candidate_grid_cell", "area_ha": 0.0625, "named_subarea": null, "gee_matched": true, "NDVI_raw": 0.3079692736964194, "TreeCover_Pct": 73.62507392075693, "Elev_m": 356.1121652017747, "ElevStd_m": 1.9915820433095166, "TRI_m": 0.2723291061736754, "Slope_deg": 0.05246032401919365, "NatCoverPct_2km": 12.093726532953594, "EdgeDensity_2km": 1.374290842662443, "NatCoverPct_500m": 5.038483411222186, "EdgeDensity_500m": 1.6280252855064847, "gHM": 0.36638981103897095, "DistWater_m": 946.9123469466427, "LST_C": 30.51090375002384, "NightLights": 1.543125033378601, "BuiltUp_Pct": 0.0, "SEGMENT_ID": -1928792974.0, "hard_filter_pass": true}}, {"type": "Feature", "geometry": {"type": "Polygon", "coordinates": [[[77.95489528678284, 16.45837930028413], [77.95489870740052, 16.458604998639224], [77.9551325991418, 16.458601697692494], [77.95512917825432, 16.45837599938516], [77.95489528678284, 16.45837930028413]]]}, "properties": {"name": "grid_00406", "display_name": "SFV-T0407", "role": "candidate_grid_cell", "area_ha": 0.0625, "named_subarea": null, "gee_matched": true, "NDVI_raw": 0.3161764320541327, "TreeCover_Pct": 47.24799010513296, "Elev_m": 355.72820208849697, "ElevStd_m": 2.0055798557083726, "TRI_m": 0.2701141484844006, "Slope_deg": 0.05246032401919365, "NatCoverPct_2km": 12.067762051378871, "EdgeDensity_2km": 1.384002194225304, "NatCoverPct_500m": 5.781620617868724, "EdgeDensity_500m": 1.736676797644005, "gHM": 0.36638981103897095, "DistWater_m": 902.3054556886677, "LST_C": 29.761774193548376, "NightLights": 1.543125033378601, "BuiltUp_Pct": 0.0, "SEGMENT_ID": -253738561.0, "hard_filter_pass": true}}, {"type": "Feature", "geometry": {"type": "Polygon", "coordinates": [[[77.95510181308147, 16.45657041272683], [77.95533570234124, 16.456567111949575], [77.9553326463044, 16.456365472895815], [77.95509885682476, 16.456375341842556], [77.95510181308147, 16.45657041272683]]]}, "properties": {"name": "grid_00407", "display_name": "SFV-T0408", "role": "candidate_grid_cell", "area_ha": 0.05493, "named_subarea": null, "gee_matched": true, "NDVI_raw": 0.23486392127057473, "TreeCover_Pct": 0.0, "Elev_m": 358.8647042902694, "ElevStd_m": 1.5768491617396878, "TRI_m": 0.16942368008655667, "Slope_deg": 0.05246032401919365, "NatCoverPct_2km": 12.114272546437983, "EdgeDensity_2km": 1.3855866862669513, "NatCoverPct_500m": 0.4122567685065813, "EdgeDensity_500m": 0.4465429912480669, "gHM": 0.36227867007255554, "DistWater_m": 1356.5433667192096, "LST_C": 30.89688000000001, "NightLights": 1.543125033378601, "BuiltUp_Pct": 0.0, "SEGMENT_ID": -441511163.0, "hard_filter_pass": true}}, {"type": "Feature", "geometry": {"type": "Polygon", "coordinates": [[[77.95510181308147, 16.45657041272683], [77.95510523354075, 16.456796111078532], [77.95533912307027, 16.45679281025351], [77.95533570234124, 16.456567111949575], [77.95510181308147, 16.45657041272683]]]}, "properties": {"name": "grid_00408", "display_name": "SFV-T0409", "role": "candidate_grid_cell", "area_ha": 0.0625, "named_subarea": null, "gee_matched": true, "NDVI_raw": 0.2606082262973937, "TreeCover_Pct": 17.577895355673135, "Elev_m": 358.24980943109057, "ElevStd_m": 1.6400805329363946, "TRI_m": 0.1812584583334329, "Slope_deg": 0.05246032401919365, "NatCoverPct_2km": 12.151192093540217, "EdgeDensity_2km": 1.3834647558387352, "NatCoverPct_500m": 0.7536104050849364, "EdgeDensity_500m": 0.5998804591297894, "gHM": 0.36227867007255554, "DistWater_m": 1294.704638380536, "LST_C": 30.89688000000001, "NightLights": 1.543125033378601, "BuiltUp_Pct": 0.0, "SEGMENT_ID": -441511163.0, "hard_filter_pass": true}}, {"type": "Feature", "geometry": {"type": "Polygon", "coordinates": [[[77.95510523354075, 16.456796111078532], [77.95510865405353, 16.457021809424685], [77.95534254385284, 16.4570185085519], [77.95533912307027, 16.45679281025351], [77.95510523354075, 16.456796111078532]]]}, "properties": {"name": "grid_00409", "display_name": "SFV-T0410", "role": "candidate_grid_cell", "area_ha": 0.0625, "named_subarea": null, "gee_matched": true, "NDVI_raw": 0.24612599588329237, "TreeCover_Pct": 20.271102895871845, "Elev_m": 357.47677448716934, "ElevStd_m": 1.6757931174076302, "TRI_m": 0.2015463868265237, "Slope_deg": 0.05246032401919365, "NatCoverPct_2km": 12.176614720117747, "EdgeDensity_2km": 1.3745856018744393, "NatCoverPct_500m": 1.2396174662555584, "EdgeDensity_500m": 0.912473354559418, "gHM": 0.36227867007255554, "DistWater_m": 1231.058460965561, "LST_C": 30.89688000000001, "NightLights": 1.543125033378601, "BuiltUp_Pct": 0.0, "SEGMENT_ID": 1299361426.0, "hard_filter_pass": true}}, {"type": "Feature", "geometry": {"type": "Polygon", "coordinates": [[[77.95510865405353, 16.457021809424685], [77.95511207461985, 16.457247507765295], [77.95534596468892, 16.457244206844752], [77.95534254385284, 16.4570185085519], [77.95510865405353, 16.457021809424685]]]}, "properties": {"name": "grid_00410", "display_name": "SFV-T0411", "role": "candidate_grid_cell", "area_ha": 0.0625, "named_subarea": null, "gee_matched": true, "NDVI_raw": 0.2591678685354094, "TreeCover_Pct": 0.0, "Elev_m": 356.91762621242464, "ElevStd_m": 1.6733826633868432, "TRI_m": 0.2216892820989885, "Slope_deg": 0.05246032401919365, "NatCoverPct_2km": 12.175687864203287, "EdgeDensity_2km": 1.369906247769544, "NatCoverPct_500m": 1.963746515762006, "EdgeDensity_500m": 1.208916941182388, "gHM": 0.36227867007255554, "DistWater_m": 1168.8157185438683, "LST_C": 30.89688000000001, "NightLights": 1.543125033378601, "BuiltUp_Pct": 0.0, "SEGMENT_ID": -849192612.0, "hard_filter_pass": true}}, {"type": "Feature", "geometry": {"type": "Polygon", "coordinates": [[[77.95511207461985, 16.457247507765295], [77.9551154952397, 16.457473206100357], [77.95534938557853, 16.457469905132047], [77.95534596468892, 16.457244206844752], [77.95511207461985, 16.457247507765295]]]}, "properties": {"name": "grid_00411", "display_name": "SFV-T0412", "role": "candidate_grid_cell", "area_ha": 0.0625, "named_subarea": null, "gee_matched": true, "NDVI_raw": 0.2347087035209012, "TreeCover_Pct": 0.0, "Elev_m": 356.71011052097515, "ElevStd_m": 1.656883687412752, "TRI_m": 0.2306817679828863, "Slope_deg": 0.05246032401919365, "NatCoverPct_2km": 12.159394237935954, "EdgeDensity_2km": 1.3700892085737206, "NatCoverPct_500m": 2.778301663247711, "EdgeDensity_500m": 1.3571373995227973, "gHM": 0.36227867007255554, "DistWater_m": 1108.3561939930412, "LST_C": 30.89688000000001, "NightLights": 1.543125033378601, "BuiltUp_Pct": 0.0, "SEGMENT_ID": -849192612.0, "hard_filter_pass": true}}, {"type": "Feature", "geometry": {"type": "Polygon", "coordinates": [[[77.9551154952397, 16.457473206100357], [77.95511891591306, 16.457698904429876], [77.95535280652167, 16.457695603413804], [77.95534938557853, 16.457469905132047], [77.9551154952397, 16.457473206100357]]]}, "properties": {"name": "grid_00412", "display_name": "SFV-T0413", "role": "candidate_grid_cell", "area_ha": 0.0625, "named_subarea": null, "gee_matched": true, "NDVI_raw": 0.22775195683347044, "TreeCover_Pct": 0.0, "Elev_m": 356.3015025812508, "ElevStd_m": 1.6616732742412725, "TRI_m": 0.23585879481366306, "Slope_deg": 0.05246032401919365, "NatCoverPct_2km": 12.138004594466414, "EdgeDensity_2km": 1.369822694371272, "NatCoverPct_500m": 3.6106025392164525, "EdgeDensity_500m": 1.4626559929435037, "gHM": 0.36227867007255554, "DistWater_m": 1050.0570750237148, "LST_C": 30.89688000000001, "NightLights": 1.543125033378601, "BuiltUp_Pct": 0.0, "SEGMENT_ID": -849192612.0, "hard_filter_pass": true}}, {"type": "Feature", "geometry": {"type": "Polygon", "coordinates": [[[77.95511891591306, 16.457698904429876], [77.95512233663997, 16.45792460275385], [77.95535622751835, 16.457921301690007], [77.95535280652167, 16.457695603413804], [77.95511891591306, 16.457698904429876]]]}, "properties": {"name": "grid_00413", "display_name": "SFV-T0414", "role": "candidate_grid_cell", "area_ha": 0.0625, "named_subarea": null, "gee_matched": true, "NDVI_raw": 0.21160694899641735, "TreeCover_Pct": 0.0, "Elev_m": 355.61008232799304, "ElevStd_m": 1.6742366713783567, "TRI_m": 0.2438027687016187, "Slope_deg": 0.05246032401919365, "NatCoverPct_2km": 12.111780618069057, "EdgeDensity_2km": 1.370231186759556, "NatCoverPct_500m": 4.458497389131161, "EdgeDensity_500m": 1.5615887468119733, "gHM": 0.36227867007255554, "DistWater_m": 993.5536783069815, "LST_C": 30.89688000000001, "NightLights": 1.543125033378601, "BuiltUp_Pct": 0.0, "SEGMENT_ID": -849192612.0, "hard_filter_pass": true}}, {"type": "Feature", "geometry": {"type": "Polygon", "coordinates": [[[77.95512233663997, 16.45792460275385], [77.95512575742038, 16.45815030107228], [77.95535964856856, 16.458146999960675], [77.95535622751835, 16.457921301690007], [77.95512233663997, 16.45792460275385]]]}, "properties": {"name": "grid_00414", "display_name": "SFV-T0415", "role": "candidate_grid_cell", "area_ha": 0.0625, "named_subarea": null, "gee_matched": true, "NDVI_raw": 0.1461329534560083, "TreeCover_Pct": 0.0, "Elev_m": 354.89066358819053, "ElevStd_m": 1.700175181095436, "TRI_m": 0.25316502780046524, "Slope_deg": 0.05246032401919365, "NatCoverPct_2km": 12.082249017361844, "EdgeDensity_2km": 1.3775245525758033, "NatCoverPct_500m": 5.303440248406233, "EdgeDensity_500m": 1.6478529215345188, "gHM": 0.36434414691953787, "DistWater_m": 939.5801539636077, "LST_C": 30.89688000000001, "NightLights": 1.543125033378601, "BuiltUp_Pct": 0.0, "SEGMENT_ID": -253738561.0, "hard_filter_pass": true}}, {"type": "Feature", "geometry": {"type": "Polygon", "coordinates": [[[77.95512575742038, 16.45815030107228], [77.95512917825432, 16.45837599938516], [77.9553630696723, 16.458372698225794], [77.95535964856856, 16.458146999960675], [77.95512575742038, 16.45815030107228]]]}, "properties": {"name": "grid_00415", "display_name": "SFV-T0416", "role": "candidate_grid_cell", "area_ha": 0.0625, "named_subarea": null, "gee_matched": true, "NDVI_raw": 0.18814683874193727, "TreeCover_Pct": 5.77724836212031, "Elev_m": 354.80787992221815, "ElevStd_m": 1.7492861421222285, "TRI_m": 0.258212816744972, "Slope_deg": 0.05246032401919365, "NatCoverPct_2km": 12.045963593204984, "EdgeDensity_2km": 1.390917624518231, "NatCoverPct_500m": 6.125059298400187, "EdgeDensity_500m": 1.749139598951802, "gHM": 0.36638981103897095, "DistWater_m": 888.812021078728, "LST_C": 30.554793318603636, "NightLights": 1.543125033378601, "BuiltUp_Pct": 0.0, "SEGMENT_ID": -253738561.0, "hard_filter_pass": true}}, {"type": "Feature", "geometry": {"type": "Polygon", "coordinates": [[[77.9553630696723, 16.458372698225794], [77.95512917825432, 16.45837599938516], [77.9551325991418, 16.458601697692494], [77.95514809078003, 16.458601479047626], [77.9551545, 16.4585996], [77.9552594, 16.458497300000005], [77.95536432661552, 16.45845562084037], [77.9553630696723, 16.458372698225794]]]}, "properties": {"name": "grid_00416", "display_name": "SFV-T0417", "role": "candidate_grid_cell", "area_ha": 0.04059, "named_subarea": null, "gee_matched": true, "NDVI_raw": 0.3027174892799824, "TreeCover_Pct": 63.611615245009084, "Elev_m": 354.8515247268815, "ElevStd_m": 1.7869964128563767, "TRI_m": 0.2578404342855404, "Slope_deg": 0.05246032401919365, "NatCoverPct_2km": 12.016212343334821, "EdgeDensity_2km": 1.3998612166672186, "NatCoverPct_500m": 6.710201428871245, "EdgeDensity_500m": 1.831545229374745, "gHM": 0.36638981103897095, "DistWater_m": 853.6570720772144, "LST_C": 29.761774193548376, "NightLights": 1.543125033378601, "BuiltUp_Pct": 0.0, "SEGMENT_ID": -1928792974.0, "hard_filter_pass": true}}, {"type": "Feature", "geometry": {"type": "Polygon", "coordinates": [[[77.95533570234124, 16.456567111949575], [77.95556959154747, 16.456563810911952], [77.95556632105617, 16.456348038985766], [77.9553628, 16.456364199999996], [77.9553326463044, 16.456365472895815], [77.95533570234124, 16.456567111949575]]]}, "properties": {"name": "grid_00417", "display_name": "SFV-T0418", "role": "candidate_grid_cell", "area_ha": 0.05766, "named_subarea": null, "gee_matched": true, "NDVI_raw": 0.28143952598562316, "TreeCover_Pct": 23.759099933818664, "Elev_m": 358.9577597738654, "ElevStd_m": 1.5661213902962614, "TRI_m": 0.16247185239228154, "Slope_deg": 0.05246032401919365, "NatCoverPct_2km": 12.173032076911872, "EdgeDensity_2km": 1.3797028036329249, "NatCoverPct_500m": 0.6057897971786551, "EdgeDensity_500m": 0.5926362229124624, "gHM": 0.36227867007255554, "DistWater_m": 1320.4464406137238, "LST_C": 30.89688000000001, "NightLights": 1.543125033378601, "BuiltUp_Pct": 0.0, "SEGMENT_ID": -441511163.0, "hard_filter_pass": true}}, {"type": "Feature", "geometry": {"type": "Polygon", "coordinates": [[[77.95533570234124, 16.456567111949575], [77.95533912307027, 16.45679281025351], [77.95557301254625, 16.456789509168118], [77.95556959154747, 16.456563810911952], [77.95533570234124, 16.456567111949575]]]}, "properties": {"name": "grid_00418", "display_name": "SFV-T0419", "role": "candidate_grid_cell", "area_ha": 0.0625, "named_subarea": null, "gee_matched": true, "NDVI_raw": 0.21439462779631083, "TreeCover_Pct": 0.0, "Elev_m": 358.3387744828139, "ElevStd_m": 1.6458733275873072, "TRI_m": 0.16972242352193845, "Slope_deg": 0.05246032401919365, "NatCoverPct_2km": 12.194382050544322, "EdgeDensity_2km": 1.3682502762390887, "NatCoverPct_500m": 1.1021320653164732, "EdgeDensity_500m": 0.9394066737237422, "gHM": 0.36227867007255554, "DistWater_m": 1257.167515817251, "LST_C": 30.89688000000001, "NightLights": 1.543125033378601, "BuiltUp_Pct": 0.0, "SEGMENT_ID": -441511163.0, "hard_filter_pass": true}}, {"type": "Feature", "geometry": {"type": "Polygon", "coordinates": [[[77.95533912307027, 16.45679281025351], [77.95534254385284, 16.4570185085519], [77.95557643359858, 16.457015207418742], [77.95557301254625, 16.456789509168118], [77.95533912307027, 16.45679281025351]]]}, "properties": {"name": "grid_00419", "display_name": "SFV-T0420", "role": "candidate_grid_cell", "area_ha": 0.0625, "named_subarea": null, "gee_matched": true, "NDVI_raw": 0.21379655701582684, "TreeCover_Pct": 0.0, "Elev_m": 357.5713396540271, "ElevStd_m": 1.6564195208459613, "TRI_m": 0.18433268535244082, "Slope_deg": 0.05246032401919365, "NatCoverPct_2km": 12.1919601972548, "EdgeDensity_2km": 1.3611850505787197, "NatCoverPct_500m": 1.8711171526406647, "EdgeDensity_500m": 1.2394645992642819, "gHM": 0.36227867007255554, "DistWater_m": 1190.5457284769425, "LST_C": 30.89688000000001, "NightLights": 1.543125033378601, "BuiltUp_Pct": 0.0, "SEGMENT_ID": 1299361426.0, "hard_filter_pass": true}}, {"type": "Feature", "geometry": {"type": "Polygon", "coordinates": [[[77.95534254385284, 16.4570185085519], [77.95534596468892, 16.457244206844752], [77.95557985470444, 16.457240905663824], [77.95557643359858, 16.457015207418742], [77.95534254385284, 16.4570185085519]]]}, "properties": {"name": "grid_00420", "display_name": "SFV-T0421", "role": "candidate_grid_cell", "area_ha": 0.0625, "named_subarea": null, "gee_matched": true, "NDVI_raw": 0.2568813498874209, "TreeCover_Pct": 3.701492537313433, "Elev_m": 356.9077036387884, "ElevStd_m": 1.6019977800848997, "TRI_m": 0.2031591066496843, "Slope_deg": 0.05246032401919365, "NatCoverPct_2km": 12.174863557799767, "EdgeDensity_2km": 1.3666947759918426, "NatCoverPct_500m": 2.7225894993087283, "EdgeDensity_500m": 1.365090832773593, "gHM": 0.36227867007255554, "DistWater_m": 1126.8829911804742, "LST_C": 30.89688000000001, "NightLights": 1.543125033378601, "BuiltUp_Pct": 0.0, "SEGMENT_ID": 1299361426.0, "hard_filter_pass": true}}, {"type": "Feature", "geometry": {"type": "Polygon", "coordinates": [[[77.95534596468892, 16.457244206844752], [77.95534938557853, 16.457469905132047], [77.95558327586383, 16.457466603903356], [77.95557985470444, 16.457240905663824], [77.95534596468892, 16.457244206844752]]]}, "properties": {"name": "grid_00421", "display_name": "SFV-T0422", "role": "candidate_grid_cell", "area_ha": 0.0625, "named_subarea": null, "gee_matched": true, "NDVI_raw": 0.3069547539161257, "TreeCover_Pct": 70.543093270366, "Elev_m": 356.7231747245563, "ElevStd_m": 1.541100327067839, "TRI_m": 0.21280782405509138, "Slope_deg": 0.05246032401919365, "NatCoverPct_2km": 12.146086845735683, "EdgeDensity_2km": 1.3653728553891662, "NatCoverPct_500m": 3.6328018461169487, "EdgeDensity_500m": 1.4861396154954682, "gHM": 0.36227867007255554, "DistWater_m": 1060.7941573876976, "LST_C": 30.89688000000001, "NightLights": 1.543125033378601, "BuiltUp_Pct": 0.0, "SEGMENT_ID": 1299361426.0, "hard_filter_pass": true}}, {"type": "Feature", "geometry": {"type": "Polygon", "coordinates": [[[77.95534938557853, 16.457469905132047], [77.95535280652167, 16.457695603413804], [77.95558669707675, 16.457692302137342], [77.95558327586383, 16.457466603903356], [77.95534938557853, 16.457469905132047]]]}, "properties": {"name": "grid_00422", "display_name": "SFV-T0423", "role": "candidate_grid_cell", "area_ha": 0.0625, "named_subarea": null, "gee_matched": true, "NDVI_raw": 0.27966421340094055, "TreeCover_Pct": 45.89963280293757, "Elev_m": 356.5153897494406, "ElevStd_m": 1.5114796108910786, "TRI_m": 0.2193430443220942, "Slope_deg": 0.05246032401919365, "NatCoverPct_2km": 12.114764359503926, "EdgeDensity_2km": 1.369327689047804, "NatCoverPct_500m": 4.546648116419726, "EdgeDensity_500m": 1.5786569640557542, "gHM": 0.36227867007255554, "DistWater_m": 999.8142870352913, "LST_C": 30.89688000000001, "NightLights": 1.543125033378601, "BuiltUp_Pct": 0.0, "SEGMENT_ID": -849192612.0, "hard_filter_pass": true}}, {"type": "Feature", "geometry": {"type": "Polygon", "coordinates": [[[77.95535280652167, 16.457695603413804], [77.95535622751835, 16.457921301690007], [77.95559011834321, 16.45791800036578], [77.95558669707675, 16.457692302137342], [77.95535280652167, 16.457695603413804]]]}, "properties": {"name": "grid_00423", "display_name": "SFV-T0424", "role": "candidate_grid_cell", "area_ha": 0.0625, "named_subarea": null, "gee_matched": true, "NDVI_raw": 0.2488998737464004, "TreeCover_Pct": 8.338226658837346, "Elev_m": 355.8930940028855, "ElevStd_m": 1.5118201272918323, "TRI_m": 0.22539472583153358, "Slope_deg": 0.05246032401919365, "NatCoverPct_2km": 12.076774458168758, "EdgeDensity_2km": 1.3821216813961732, "NatCoverPct_500m": 5.454424998512987, "EdgeDensity_500m": 1.674888377043561, "gHM": 0.36227867007255554, "DistWater_m": 939.944929584857, "LST_C": 30.89688000000001, "NightLights": 1.543125033378601, "BuiltUp_Pct": 0.0, "SEGMENT_ID": -849192612.0, "hard_filter_pass": true}}, {"type": "Feature", "geometry": {"type": "Polygon", "coordinates": [[[77.95535622751835, 16.457921301690007], [77.95535964856856, 16.458146999960675], [77.9555935396632, 16.45814369858867], [77.95559011834321, 16.45791800036578], [77.95535622751835, 16.457921301690007]]]}, "properties": {"name": "grid_00424", "display_name": "SFV-T0425", "role": "candidate_grid_cell", "area_ha": 0.0625, "named_subarea": null, "gee_matched": true, "NDVI_raw": 0.19068804605267448, "TreeCover_Pct": 0.0, "Elev_m": 354.8200352649204, "ElevStd_m": 1.5410849903630546, "TRI_m": 0.2327186078046518, "Slope_deg": 0.05246032401919365, "NatCoverPct_2km": 12.02874006135095, "EdgeDensity_2km": 1.3955550237047194, "NatCoverPct_500m": 6.376763095397564, "EdgeDensity_500m": 1.7792592714384718, "gHM": 0.3643243222422134, "DistWater_m": 883.2580794463821, "LST_C": 30.89688000000001, "NightLights": 1.543125033378601, "BuiltUp_Pct": 0.0, "SEGMENT_ID": 411345295.0, "hard_filter_pass": true}}, {"type": "Feature", "geometry": {"type": "Polygon", "coordinates": [[[77.95535964856856, 16.458146999960675], [77.9553630696723, 16.458372698225794], [77.95559696103673, 16.458369396806024], [77.9555935396632, 16.45814369858867], [77.95535964856856, 16.458146999960675]]]}, "properties": {"name": "grid_00425", "display_name": "SFV-T0426", "role": "candidate_grid_cell", "area_ha": 0.0625, "named_subarea": null, "gee_matched": true, "NDVI_raw": 0.15542564238634188, "TreeCover_Pct": 0.0, "Elev_m": 354.4933200309136, "ElevStd_m": 1.600908373337884, "TRI_m": 0.23776527705266212, "Slope_deg": 0.05246032401919365, "NatCoverPct_2km": 11.976473827934688, "EdgeDensity_2km": 1.4037326938748793, "NatCoverPct_500m": 7.260313189411799, "EdgeDensity_500m": 1.8829858125641363, "gHM": 0.36638981103897095, "DistWater_m": 829.3286929060492, "LST_C": 30.556279170675207, "NightLights": 1.543125033378601, "BuiltUp_Pct": 0.0, "SEGMENT_ID": 411345295.0, "hard_filter_pass": true}}, {"type": "Feature", "geometry": {"type": "Polygon", "coordinates": [[[77.95556959154747, 16.456563810911952], [77.95580348070017, 16.45656050961396], [77.95580010309996, 16.456337688699055], [77.9557003, 16.456337399999995], [77.95556632105617, 16.456348038985766], [77.95556959154747, 16.456563810911952]]]}, "properties": {"name": "grid_00426", "display_name": "SFV-T0427", "role": "candidate_grid_cell", "area_ha": 0.06138, "named_subarea": null, "gee_matched": true, "NDVI_raw": 0.28634731290725673, "TreeCover_Pct": 34.39024390243902, "Elev_m": 359.0114023534263, "ElevStd_m": 1.5605720942533499, "TRI_m": 0.15969975187790617, "Slope_deg": 0.05246032401919365, "NatCoverPct_2km": 12.212858269206329, "EdgeDensity_2km": 1.3630994399713692, "NatCoverPct_500m": 0.9194400666573501, "EdgeDensity_500m": 0.9355434455137587, "gHM": 0.36227867007255554, "DistWater_m": 1289.1009750337657, "LST_C": 30.89688000000001, "NightLights": 1.543125033378601, "BuiltUp_Pct": 0.0, "SEGMENT_ID": -441511163.0, "hard_filter_pass": true}}, {"type": "Feature", "geometry": {"type": "Polygon", "coordinates": [[[77.95556959154747, 16.456563810911952], [77.95557301254625, 16.456789509168118], [77.95580690196873, 16.456786207822358], [77.95580348070017, 16.45656050961396], [77.95556959154747, 16.456563810911952]]]}, "properties": {"name": "grid_00427", "display_name": "SFV-T0428", "role": "candidate_grid_cell", "area_ha": 0.0625, "named_subarea": null, "gee_matched": true, "NDVI_raw": 0.2287096522489991, "TreeCover_Pct": 5.782105903834451, "Elev_m": 358.20265765198843, "ElevStd_m": 1.6687078889331555, "TRI_m": 0.16577177958288597, "Slope_deg": 0.05246032401919365, "NatCoverPct_2km": 12.210826318837144, "EdgeDensity_2km": 1.3541844579899738, "NatCoverPct_500m": 1.708861494060549, "EdgeDensity_500m": 1.2347499937133313, "gHM": 0.36227867007255554, "DistWater_m": 1222.4151926125137, "LST_C": 30.89688000000001, "NightLights": 1.543125033378601, "BuiltUp_Pct": 0.0, "SEGMENT_ID": -441511163.0, "hard_filter_pass": true}}, {"type": "Feature", "geometry": {"type": "Polygon", "coordinates": [[[77.95557301254625, 16.456789509168118], [77.95557643359858, 16.457015207418742], [77.9558103232908, 16.457011906025212], [77.95580690196873, 16.456786207822358], [77.95557301254625, 16.456789509168118]]]}, "properties": {"name": "grid_00428", "display_name": "SFV-T0429", "role": "candidate_grid_cell", "area_ha": 0.0625, "named_subarea": null, "gee_matched": true, "NDVI_raw": 0.21806170580182924, "TreeCover_Pct": 0.0, "Elev_m": 357.5257143726971, "ElevStd_m": 1.6995566562268323, "TRI_m": 0.1778426228121306, "Slope_deg": 0.05246032401919365, "NatCoverPct_2km": 12.191947226833932, "EdgeDensity_2km": 1.360554963650006, "NatCoverPct_500m": 2.607056088144038, "EdgeDensity_500m": 1.3618242380631838, "gHM": 0.36227867007255554, "DistWater_m": 1153.3930482804658, "LST_C": 30.89688000000001, "NightLights": 1.543125033378601, "BuiltUp_Pct": 0.0, "SEGMENT_ID": 1299361426.0, "hard_filter_pass": true}}, {"type": "Feature", "geometry": {"type": "Polygon", "coordinates": [[[77.95557643359858, 16.457015207418742], [77.95557985470444, 16.457240905663824], [77.95581374466644, 16.457237604222517], [77.9558103232908, 16.457011906025212], [77.95557643359858, 16.457015207418742]]]}, "properties": {"name": "grid_00429", "display_name": "SFV-T0430", "role": "candidate_grid_cell", "area_ha": 0.0625, "named_subarea": null, "gee_matched": true, "NDVI_raw": 0.255065542503969, "TreeCover_Pct": 2.208955223880597, "Elev_m": 356.90441766995104, "ElevStd_m": 1.6392597276433645, "TRI_m": 0.19139091507558664, "Slope_deg": 0.05246032401919365, "NatCoverPct_2km": 12.161897855328437, "EdgeDensity_2km": 1.3626005760582032, "NatCoverPct_500m": 3.5477606223910705, "EdgeDensity_500m": 1.481312406426628, "gHM": 0.36227867007255554, "DistWater_m": 1088.1876006083476, "LST_C": 30.89688000000001, "NightLights": 1.543125033378601, "BuiltUp_Pct": 0.0, "SEGMENT_ID": 1299361426.0, "hard_filter_pass": true}}, {"type": "Feature", "geometry": {"type": "Polygon", "coordinates": [[[77.95557985470444, 16.457240905663824], [77.95558327586383, 16.457466603903356], [77.9558171660956, 16.457463302414272], [77.95581374466644, 16.457237604222517], [77.95557985470444, 16.457240905663824]]]}, "properties": {"name": "grid_00430", "display_name": "SFV-T0431", "role": "candidate_grid_cell", "area_ha": 0.0625, "named_subarea": null, "gee_matched": true, "NDVI_raw": 0.2859402687559639, "TreeCover_Pct": 40.457555689343764, "Elev_m": 356.74302012829946, "ElevStd_m": 1.544592056669528, "TRI_m": 0.19961813121477937, "Slope_deg": 0.05246032401919365, "NatCoverPct_2km": 12.123135058280168, "EdgeDensity_2km": 1.3726798925113728, "NatCoverPct_500m": 4.529676540793157, "EdgeDensity_500m": 1.6078661596134434, "gHM": 0.36227867007255554, "DistWater_m": 1021.5760457736885, "LST_C": 30.89688000000001, "NightLights": 1.543125033378601, "BuiltUp_Pct": 0.0, "SEGMENT_ID": 1299361426.0, "hard_filter_pass": true}}, {"type": "Feature", "geometry": {"type": "Polygon", "coordinates": [[[77.95558327586383, 16.457466603903356], [77.95558669707675, 16.457692302137342], [77.9558205875783, 16.457689000600492], [77.9558171660956, 16.457463302414272], [77.95558327586383, 16.457466603903356]]]}, "properties": {"name": "grid_00431", "display_name": "SFV-T0432", "role": "candidate_grid_cell", "area_ha": 0.0625, "named_subarea": null, "gee_matched": true, "NDVI_raw": 0.33920934402478015, "TreeCover_Pct": 100.0, "Elev_m": 356.5435264299324, "ElevStd_m": 1.4890675758763676, "TRI_m": 0.20508496033175663, "Slope_deg": 0.05246032401919365, "NatCoverPct_2km": 12.073826865131958, "EdgeDensity_2km": 1.388391441846213, "NatCoverPct_500m": 5.526565086383857, "EdgeDensity_500m": 1.7030147670051214, "gHM": 0.36227867007255554, "DistWater_m": 958.6835504361127, "LST_C": 30.89688000000001, "NightLights": 1.543125033378601, "BuiltUp_Pct": 0.0, "SEGMENT_ID": 1299361426.0, "hard_filter_pass": true}}, {"type": "Feature", "geometry": {"type": "Polygon", "coordinates": [[[77.95558669707675, 16.457692302137342], [77.95559011834321, 16.45791800036578], [77.95582400911454, 16.45791469878116], [77.9558205875783, 16.457689000600492], [77.95558669707675, 16.457692302137342]]]}, "properties": {"name": "grid_00432", "display_name": "SFV-T0433", "role": "candidate_grid_cell", "area_ha": 0.0625, "named_subarea": null, "gee_matched": true, "NDVI_raw": 0.3604772774738398, "TreeCover_Pct": 88.60227954409118, "Elev_m": 356.0019968418426, "ElevStd_m": 1.4891410428529284, "TRI_m": 0.21200711697323257, "Slope_deg": 0.05246032401919365, "NatCoverPct_2km": 12.016300987208991, "EdgeDensity_2km": 1.3992824055574673, "NatCoverPct_500m": 6.5196397734729725, "EdgeDensity_500m": 1.796441933710232, "gHM": 0.36227867007255554, "DistWater_m": 894.7760391910496, "LST_C": 30.89688000000001, "NightLights": 1.543125033378601, "BuiltUp_Pct": 0.0, "SEGMENT_ID": 1299361426.0, "hard_filter_pass": true}}, {"type": "Feature", "geometry": {"type": "Polygon", "coordinates": [[[77.95559011834321, 16.45791800036578], [77.9555935396632, 16.45814369858867], [77.95582743070432, 16.45814039695628], [77.95582400911454, 16.45791469878116], [77.95559011834321, 16.45791800036578]]]}, "properties": {"name": "grid_00433", "display_name": "SFV-T0434", "role": "candidate_grid_cell", "area_ha": 0.0625, "named_subarea": null, "gee_matched": true, "NDVI_raw": 0.27463614988487095, "TreeCover_Pct": 40.10507880910683, "Elev_m": 355.24972090579166, "ElevStd_m": 1.5312630318603995, "TRI_m": 0.21516237866624643, "Slope_deg": 0.05246032401919365, "NatCoverPct_2km": 11.952824173905132, "EdgeDensity_2km": 1.4031933622723036, "NatCoverPct_500m": 7.492121306492179, "EdgeDensity_500m": 1.9041364772991582, "gHM": 0.36426824150347126, "DistWater_m": 833.4249464228311, "LST_C": 30.89688000000001, "NightLights": 1.543125033378601, "BuiltUp_Pct": 0.0, "SEGMENT_ID": 411345295.0, "hard_filter_pass": true}}, {"type": "Feature", "geometry": {"type": "Polygon", "coordinates": [[[77.95582743070432, 16.45814039695628], [77.9555935396632, 16.45814369858867], [77.95559696103673, 16.458369396806024], [77.95561033739857, 16.458369207988312], [77.955778, 16.458313700000005], [77.95583009751027, 16.458316304906845], [77.95582743070432, 16.45814039695628]]]}, "properties": {"name": "grid_00434", "display_name": "SFV-T0435", "role": "candidate_grid_cell", "area_ha": 0.05403, "named_subarea": null, "gee_matched": true, "NDVI_raw": 0.2137336524317781, "TreeCover_Pct": 0.0, "Elev_m": 355.2129749198488, "ElevStd_m": 1.6086390805743893, "TRI_m": 0.22008999335893137, "Slope_deg": 0.05246032401919365, "NatCoverPct_2km": 11.897280607575055, "EdgeDensity_2km": 1.4015310847575766, "NatCoverPct_500m": 8.332797369343664, "EdgeDensity_500m": 1.999975821173398, "gHM": 0.36638981103897095, "DistWater_m": 780.624852492826, "LST_C": 30.699017519976326, "NightLights": 1.543125033378601, "BuiltUp_Pct": 0.0, "SEGMENT_ID": 411345295.0, "hard_filter_pass": true}}, {"type": "Feature", "geometry": {"type": "Polygon", "coordinates": [[[77.95580348070017, 16.45656050961396], [77.95603736979935, 16.456557208055607], [77.9560341102158, 16.456342189779868], [77.9559769, 16.456338199999998], [77.95580010309996, 16.456337688699055], [77.95580348070017, 16.45656050961396]]]}, "properties": {"name": "grid_00435", "display_name": "SFV-T0436", "role": "candidate_grid_cell", "area_ha": 0.06102, "named_subarea": null, "gee_matched": true, "NDVI_raw": 0.19518610932139638, "TreeCover_Pct": 0.0, "Elev_m": 358.989368139619, "ElevStd_m": 1.5654275857856486, "TRI_m": 0.15938948202182282, "Slope_deg": 0.05246032401919365, "NatCoverPct_2km": 12.233422555158825, "EdgeDensity_2km": 1.3493463234327896, "NatCoverPct_500m": 1.4813231515740024, "EdgeDensity_500m": 1.2204764200647913, "gHM": 0.36227867007255554, "DistWater_m": 1257.9693236775463, "LST_C": 30.89688000000001, "NightLights": 1.543125033378601, "BuiltUp_Pct": 0.0, "SEGMENT_ID": -441511163.0, "hard_filter_pass": true}}, {"type": "Feature", "geometry": {"type": "Polygon", "coordinates": [[[77.95580348070017, 16.45656050961396], [77.95580690196873, 16.456786207822358], [77.95604079133766, 16.456782906216226], [77.95603736979935, 16.456557208055607], [77.95580348070017, 16.45656050961396]]]}, "properties": {"name": "grid_00436", "display_name": "SFV-T0437", "role": "candidate_grid_cell", "area_ha": 0.0625, "named_subarea": null, "gee_matched": true, "NDVI_raw": 0.18649787704149878, "TreeCover_Pct": 0.0, "Elev_m": 357.987415966564, "ElevStd_m": 1.6911376796431095, "TRI_m": 0.16495557405030012, "Slope_deg": 0.05246032401919365, "NatCoverPct_2km": 12.213167508099126, "EdgeDensity_2km": 1.3567284702916138, "NatCoverPct_500m": 2.3952446190293575, "EdgeDensity_500m": 1.3493470877788893, "gHM": 0.36227867007255554, "DistWater_m": 1189.5195663779207, "LST_C": 30.89688000000001, "NightLights": 1.543125033378601, "BuiltUp_Pct": 0.0, "SEGMENT_ID": -441511163.0, "hard_filter_pass": true}}, {"type": "Feature", "geometry": {"type": "Polygon", "coordinates": [[[77.95580690196873, 16.456786207822358], [77.9558103232908, 16.457011906025212], [77.9560442129295, 16.457008604371303], [77.95604079133766, 16.456782906216226], [77.95580690196873, 16.456786207822358]]]}, "properties": {"name": "grid_00437", "display_name": "SFV-T0438", "role": "candidate_grid_cell", "area_ha": 0.0625, "named_subarea": null, "gee_matched": true, "NDVI_raw": 0.22276417040322197, "TreeCover_Pct": 0.0, "Elev_m": 357.41456013874836, "ElevStd_m": 1.7500863804661515, "TRI_m": 0.1746742219355931, "Slope_deg": 0.05246032401919365, "NatCoverPct_2km": 12.180242642807885, "EdgeDensity_2km": 1.36544486873528, "NatCoverPct_500m": 3.376783525196033, "EdgeDensity_500m": 1.4681183914966258, "gHM": 0.36227867007255554, "DistWater_m": 1118.9576092619507, "LST_C": 30.89688000000001, "NightLights": 1.543125033378601, "BuiltUp_Pct": 0.0, "SEGMENT_ID": 1299361426.0, "hard_filter_pass": true}}, {"type": "Feature", "geometry": {"type": "Polygon", "coordinates": [[[77.9558103232908, 16.457011906025212], [77.95581374466644, 16.457237604222517], [77.9560476345749, 16.45723430252083], [77.9560442129295, 16.457008604371303], [77.9558103232908, 16.457011906025212]]]}, "properties": {"name": "grid_00438", "display_name": "SFV-T0439", "role": "candidate_grid_cell", "area_ha": 0.0625, "named_subarea": null, "gee_matched": true, "NDVI_raw": 0.254668636451455, "TreeCover_Pct": 1.642335766423358, "Elev_m": 357.12232133999953, "ElevStd_m": 1.724519059605046, "TRI_m": 0.18487152686172625, "Slope_deg": 0.05246032401919365, "NatCoverPct_2km": 12.132704333903812, "EdgeDensity_2km": 1.3800578630989406, "NatCoverPct_500m": 4.420849728925671, "EdgeDensity_500m": 1.5827781359003388, "gHM": 0.36227867007255554, "DistWater_m": 1051.684760044368, "LST_C": 30.89688000000001, "NightLights": 1.543125033378601, "BuiltUp_Pct": 0.0, "SEGMENT_ID": 1299361426.0, "hard_filter_pass": true}}, {"type": "Feature", "geometry": {"type": "Polygon", "coordinates": [[[77.95581374466644, 16.457237604222517], [77.9558171660956, 16.457463302414272], [77.95605105627382, 16.45746000066482], [77.9560476345749, 16.45723430252083], [77.95581374466644, 16.457237604222517]]]}, "properties": {"name": "grid_00439", "display_name": "SFV-T0440", "role": "candidate_grid_cell", "area_ha": 0.0625, "named_subarea": null, "gee_matched": true, "NDVI_raw": 0.2894562144750856, "TreeCover_Pct": 36.34719710669077, "Elev_m": 356.9376088625842, "ElevStd_m": 1.6408810022769649, "TRI_m": 0.19187718276331397, "Slope_deg": 0.05246032401919365, "NatCoverPct_2km": 12.076286622361541, "EdgeDensity_2km": 1.3939873052495224, "NatCoverPct_500m": 5.4647649481305525, "EdgeDensity_500m": 1.7016911973785769, "gHM": 0.36227867007255554, "DistWater_m": 982.6870976442598, "LST_C": 30.89688000000001, "NightLights": 1.543125033378601, "BuiltUp_Pct": 0.0, "SEGMENT_ID": 1299361426.0, "hard_filter_pass": true}}, {"type": "Feature", "geometry": {"type": "Polygon", "coordinates": [[[77.9558171660956, 16.457463302414272], [77.9558205875783, 16.457689000600492], [77.9560544780263, 16.45768569880326], [77.95605105627382, 16.45746000066482], [77.9558171660956, 16.457463302414272]]]}, "properties": {"name": "grid_00440", "display_name": "SFV-T0441", "role": "candidate_grid_cell", "area_ha": 0.0625, "named_subarea": null, "gee_matched": true, "NDVI_raw": 0.3565639123178327, "TreeCover_Pct": 100.0, "Elev_m": 356.50530319395966, "ElevStd_m": 1.5762639275115897, "TRI_m": 0.19723697849614305, "Slope_deg": 0.05246032401919365, "NatCoverPct_2km": 12.009945483339045, "EdgeDensity_2km": 1.4009764435980077, "NatCoverPct_500m": 6.523849016274924, "EdgeDensity_500m": 1.805402085685755, "gHM": 0.36227867007255554, "DistWater_m": 917.6622879236628, "LST_C": 30.89688000000001, "NightLights": 1.543125033378601, "BuiltUp_Pct": 0.0, "SEGMENT_ID": 1299361426.0, "hard_filter_pass": true}}, {"type": "Feature", "geometry": {"type": "Polygon", "coordinates": [[[77.9558205875783, 16.457689000600492], [77.95582400911454, 16.45791469878116], [77.95605789983232, 16.457911396936147], [77.9560544780263, 16.45768569880326], [77.9558205875783, 16.457689000600492]]]}, "properties": {"name": "grid_00441", "display_name": "SFV-T0442", "role": "candidate_grid_cell", "area_ha": 0.0625, "named_subarea": null, "gee_matched": true, "NDVI_raw": 0.34241066075951215, "TreeCover_Pct": 75.24096385542168, "Elev_m": 356.14486898399264, "ElevStd_m": 1.586944921839994, "TRI_m": 0.2069505350402114, "Slope_deg": 0.05246032401919365, "NatCoverPct_2km": 11.94037005606404, "EdgeDensity_2km": 1.4000218443124623, "NatCoverPct_500m": 7.580191845316747, "EdgeDensity_500m": 1.9170991471607186, "gHM": 0.36227867007255554, "DistWater_m": 851.5593858589151, "LST_C": 30.89688000000001, "NightLights": 1.543125033378601, "BuiltUp_Pct": 0.0, "SEGMENT_ID": 1299361426.0, "hard_filter_pass": true}}, {"type": "Feature", "geometry": {"type": "Polygon", "coordinates": [[[77.95582400911454, 16.45791469878116], [77.95582743070432, 16.45814039695628], [77.95606132169188, 16.458137095063496], [77.95605789983232, 16.457911396936147], [77.95582400911454, 16.45791469878116]]]}, "properties": {"name": "grid_00442", "display_name": "SFV-T0443", "role": "candidate_grid_cell", "area_ha": 0.0625, "named_subarea": null, "gee_matched": true, "NDVI_raw": 0.23798854591057547, "TreeCover_Pct": 0.0, "Elev_m": 355.8841281528891, "ElevStd_m": 1.6500960977185397, "TRI_m": 0.21005788158746896, "Slope_deg": 0.05246032401919365, "NatCoverPct_2km": 11.87262734399667, "EdgeDensity_2km": 1.3961254514167547, "NatCoverPct_500m": 8.58788131421327, "EdgeDensity_500m": 2.03562623977593, "gHM": 0.3641291836462463, "DistWater_m": 789.4885797846692, "LST_C": 30.89688000000001, "NightLights": 1.543125033378601, "BuiltUp_Pct": 0.0, "SEGMENT_ID": 411345295.0, "hard_filter_pass": true}}, {"type": "Feature", "geometry": {"type": "Polygon", "coordinates": [[[77.95606132169188, 16.458137095063496], [77.95582743070432, 16.45814039695628], [77.95583009751027, 16.458316304906845], [77.95606421625008, 16.45832801082207], [77.95606132169188, 16.458137095063496]]]}, "properties": {"name": "grid_00443", "display_name": "SFV-T0444", "role": "candidate_grid_cell", "area_ha": 0.05079, "named_subarea": null, "gee_matched": true, "NDVI_raw": 0.25340622565749776, "TreeCover_Pct": 0.0, "Elev_m": 356.29138624007777, "ElevStd_m": 1.7476532704563195, "TRI_m": 0.21558573622672308, "Slope_deg": 0.05246032401919365, "NatCoverPct_2km": 11.809323653161012, "EdgeDensity_2km": 1.3891397163041452, "NatCoverPct_500m": 9.488443977202278, "EdgeDensity_500m": 2.1526398913694202, "gHM": 0.36638981103897095, "DistWater_m": 732.2807468196845, "LST_C": 30.79015357942256, "NightLights": 1.543125033378601, "BuiltUp_Pct": 0.0, "SEGMENT_ID": 411345295.0, "hard_filter_pass": true}}, {"type": "Feature", "geometry": {"type": "Polygon", "coordinates": [[[77.95603736979935, 16.456557208055607], [77.95627125884496, 16.45655390623688], [77.95626829666158, 16.45635852152772], [77.9560341102158, 16.456342189779868], [77.95603736979935, 16.456557208055607]]]}, "properties": {"name": "grid_00444", "display_name": "SFV-T0445", "role": "candidate_grid_cell", "area_ha": 0.05682, "named_subarea": null, "gee_matched": true, "NDVI_raw": 0.15790833183048236, "TreeCover_Pct": 0.0, "Elev_m": 359.21128042821846, "ElevStd_m": 1.5867494733644274, "TRI_m": 0.16325538252136393, "Slope_deg": 0.05246032401919365, "NatCoverPct_2km": 12.235137941669688, "EdgeDensity_2km": 1.3557395076556686, "NatCoverPct_500m": 2.1252519469064177, "EdgeDensity_500m": 1.3404929454866192, "gHM": 0.36227867007255554, "DistWater_m": 1232.999821589552, "LST_C": 30.89688000000001, "NightLights": 1.5447771473167886, "BuiltUp_Pct": 0.0, "SEGMENT_ID": -441511163.0, "hard_filter_pass": true}}, {"type": "Feature", "geometry": {"type": "Polygon", "coordinates": [[[77.95603736979935, 16.456557208055607], [77.95604079133766, 16.456782906216226], [77.95627468065304, 16.45677960434972], [77.95627125884496, 16.45655390623688], [77.95603736979935, 16.456557208055607]]]}, "properties": {"name": "grid_00445", "display_name": "SFV-T0446", "role": "candidate_grid_cell", "area_ha": 0.0625, "named_subarea": null, "gee_matched": true, "NDVI_raw": 0.2325600170823206, "TreeCover_Pct": 15.070921985815604, "Elev_m": 358.3051057098606, "ElevStd_m": 1.703305826700598, "TRI_m": 0.16578225384457349, "Slope_deg": 0.05246032401919365, "NatCoverPct_2km": 12.19859649491563, "EdgeDensity_2km": 1.3676210186168052, "NatCoverPct_500m": 3.1140635298748625, "EdgeDensity_500m": 1.4489032157604613, "gHM": 0.36227867007255554, "DistWater_m": 1165.2250183533592, "LST_C": 30.89688000000001, "NightLights": 1.5449926438906516, "BuiltUp_Pct": 0.0, "SEGMENT_ID": -441511163.0, "hard_filter_pass": true}}, {"type": "Feature", "geometry": {"type": "Polygon", "coordinates": [[[77.95604079133766, 16.456782906216226], [77.9560442129295, 16.457008604371303], [77.95627810251464, 16.45700530245702], [77.95627468065304, 16.45677960434972], [77.95604079133766, 16.456782906216226]]]}, "properties": {"name": "grid_00446", "display_name": "SFV-T0447", "role": "candidate_grid_cell", "area_ha": 0.0625, "named_subarea": null, "gee_matched": true, "NDVI_raw": 0.2459052652212121, "TreeCover_Pct": 0.0, "Elev_m": 357.86263456977264, "ElevStd_m": 1.7770631472656486, "TRI_m": 0.17289304590245633, "Slope_deg": 0.05246032401919365, "NatCoverPct_2km": 12.147313114354048, "EdgeDensity_2km": 1.3843736994013756, "NatCoverPct_500m": 4.177126125233028, "EdgeDensity_500m": 1.5590174596995505, "gHM": 0.36227867007255554, "DistWater_m": 1091.4049671337245, "LST_C": 30.89688000000001, "NightLights": 1.5454591834867326, "BuiltUp_Pct": 0.0, "SEGMENT_ID": 1299361426.0, "hard_filter_pass": true}}, {"type": "Feature", "geometry": {"type": "Polygon", "coordinates": [[[77.9560442129295, 16.457008604371303], [77.9560476345749, 16.45723430252083], [77.9562815244298, 16.457231000558767], [77.95627810251464, 16.45700530245702], [77.9560442129295, 16.457008604371303]]]}, "properties": {"name": "grid_00447", "display_name": "SFV-T0448", "role": "candidate_grid_cell", "area_ha": 0.0625, "named_subarea": null, "gee_matched": true, "NDVI_raw": 0.2724387769739776, "TreeCover_Pct": 25.390399074609604, "Elev_m": 357.61442469723175, "ElevStd_m": 1.7852932477889811, "TRI_m": 0.1793575319766023, "Slope_deg": 0.05246032401919365, "NatCoverPct_2km": 12.085912166774595, "EdgeDensity_2km": 1.397053549308168, "NatCoverPct_500m": 5.273873103624363, "EdgeDensity_500m": 1.6728629928448873, "gHM": 0.36227867007255554, "DistWater_m": 1022.2389021151873, "LST_C": 30.89688000000001, "NightLights": 1.5457392587628649, "BuiltUp_Pct": 0.0, "SEGMENT_ID": 1299361426.0, "hard_filter_pass": true}}, {"type": "Feature", "geometry": {"type": "Polygon", "coordinates": [[[77.9560476345749, 16.45723430252083], [77.95605105627382, 16.45746000066482], [77.95628494639853, 16.457456698654976], [77.9562815244298, 16.457231000558767], [77.9560476345749, 16.45723430252083]]]}, "properties": {"name": "grid_00448", "display_name": "SFV-T0449", "role": "candidate_grid_cell", "area_ha": 0.0625, "named_subarea": null, "gee_matched": true, "NDVI_raw": 0.3181910295649496, "TreeCover_Pct": 66.46670665866826, "Elev_m": 357.3941257524862, "ElevStd_m": 1.749236664711328, "TRI_m": 0.18587376614697534, "Slope_deg": 0.05246032401919365, "NatCoverPct_2km": 12.012586049308966, "EdgeDensity_2km": 1.4011124126611758, "NatCoverPct_500m": 6.382371672891179, "EdgeDensity_500m": 1.7945750735408252, "gHM": 0.36227867007255554, "DistWater_m": 949.6431216942069, "LST_C": 30.89688000000001, "NightLights": 1.5460884378710118, "BuiltUp_Pct": 0.0, "SEGMENT_ID": 1299361426.0, "hard_filter_pass": true}}, {"type": "Feature", "geometry": {"type": "Polygon", "coordinates": [[[77.95605105627382, 16.45746000066482], [77.9560544780263, 16.45768569880326], [77.95628836842076, 16.457682396745636], [77.95628494639853, 16.457456698654976], [77.95605105627382, 16.45746000066482]]]}, "properties": {"name": "grid_00449", "display_name": "SFV-T0450", "role": "candidate_grid_cell", "area_ha": 0.0625, "named_subarea": null, "gee_matched": true, "NDVI_raw": 0.33583417199257315, "TreeCover_Pct": 100.0, "Elev_m": 356.8389862859243, "ElevStd_m": 1.6950929555006624, "TRI_m": 0.19567238164506168, "Slope_deg": 0.05246032401919365, "NatCoverPct_2km": 11.939545922257935, "EdgeDensity_2km": 1.3964885123996096, "NatCoverPct_500m": 7.481913844130224, "EdgeDensity_500m": 1.9308180358628153, "gHM": 0.36227867007255554, "DistWater_m": 881.774168776057, "LST_C": 30.89688000000001, "NightLights": 1.5462169354816653, "BuiltUp_Pct": 0.0, "SEGMENT_ID": 1299361426.0, "hard_filter_pass": true}}, {"type": "Feature", "geometry": {"type": "Polygon", "coordinates": [[[77.9560544780263, 16.45768569880326], [77.95605789983232, 16.457911396936147], [77.95629179049656, 16.45790809483075], [77.95628836842076, 16.457682396745636], [77.9560544780263, 16.45768569880326]]]}, "properties": {"name": "grid_00450", "display_name": "SFV-T0451", "role": "candidate_grid_cell", "area_ha": 0.0625, "named_subarea": null, "gee_matched": true, "NDVI_raw": 0.2747154473989125, "TreeCover_Pct": 37.22891566265061, "Elev_m": 356.5629716252707, "ElevStd_m": 1.7135174321100943, "TRI_m": 0.20740160538340294, "Slope_deg": 0.05246032401919365, "NatCoverPct_2km": 11.864349024883325, "EdgeDensity_2km": 1.3897958894849394, "NatCoverPct_500m": 8.579722704058563, "EdgeDensity_500m": 2.066928800681271, "gHM": 0.36227867007255554, "DistWater_m": 812.4437425331868, "LST_C": 30.89688000000001, "NightLights": 1.5465708132249765, "BuiltUp_Pct": 0.0, "SEGMENT_ID": 411345295.0, "hard_filter_pass": true}}, {"type": "Feature", "geometry": {"type": "Polygon", "coordinates": [[[77.95605789983232, 16.457911396936147], [77.95606132169188, 16.458137095063496], [77.95629521262592, 16.458133792910317], [77.95629179049656, 16.45790809483075], [77.95605789983232, 16.457911396936147]]]}, "properties": {"name": "grid_00451", "display_name": "SFV-T0452", "role": "candidate_grid_cell", "area_ha": 0.0625, "named_subarea": null, "gee_matched": true, "NDVI_raw": 0.21865240282735923, "TreeCover_Pct": 1.9127316198445905, "Elev_m": 356.528599640458, "ElevStd_m": 1.8064821313399, "TRI_m": 0.21244217241188285, "Slope_deg": 0.05246032401919365, "NatCoverPct_2km": 11.791216285592672, "EdgeDensity_2km": 1.3788910321598657, "NatCoverPct_500m": 9.619999129547514, "EdgeDensity_500m": 2.2169941341173867, "gHM": 0.36412905210944185, "DistWater_m": 747.2335470525422, "LST_C": 30.89688000000001, "NightLights": 1.5469146292863745, "BuiltUp_Pct": 0.0, "SEGMENT_ID": 411345295.0, "hard_filter_pass": true}}, {"type": "Feature", "geometry": {"type": "Polygon", "coordinates": [[[77.9562986348088, 16.45835949098434], [77.95629521262592, 16.458133792910317], [77.95606132169188, 16.458137095063496], [77.95606421625008, 16.45832801082207], [77.956078, 16.458328699999996], [77.95609596162558, 16.458362352447708], [77.9562986348088, 16.45835949098434]]]}, "properties": {"name": "grid_00452", "display_name": "SFV-T0453", "role": "candidate_grid_cell", "area_ha": 0.06159, "named_subarea": null, "gee_matched": true, "NDVI_raw": 0.26113047615842694, "TreeCover_Pct": 13.647490820073441, "Elev_m": 356.8807006798585, "ElevStd_m": 1.9376746576250912, "TRI_m": 0.2208687402116419, "Slope_deg": 0.05246032401919365, "NatCoverPct_2km": 11.723061236713814, "EdgeDensity_2km": 1.3656529482623159, "NatCoverPct_500m": 10.589583635572316, "EdgeDensity_500m": 2.365443203249674, "gHM": 0.36638981103897095, "DistWater_m": 681.294949532847, "LST_C": 30.627344471907463, "NightLights": 1.547200916884433, "BuiltUp_Pct": 0.0, "SEGMENT_ID": 411345295.0, "hard_filter_pass": true}}, {"type": "Feature", "geometry": {"type": "Polygon", "coordinates": [[[77.95630205704525, 16.458585189052812], [77.9562986348088, 16.45835949098434], [77.95609596162558, 16.458362352447708], [77.9562093, 16.4585747], [77.9562060457162, 16.458586544641697], [77.95630205704525, 16.458585189052812]]]}, "properties": {"name": "grid_00453", "display_name": "SFV-T0454", "role": "candidate_grid_cell", "area_ha": 0.0387, "named_subarea": null, "gee_matched": true, "NDVI_raw": 0.23256734760787676, "TreeCover_Pct": 0.0, "Elev_m": 356.9445599406755, "ElevStd_m": 2.0849822400698472, "TRI_m": 0.2280822844925442, "Slope_deg": 0.05246032401919365, "NatCoverPct_2km": 11.649074742378481, "EdgeDensity_2km": 1.3509445034984482, "NatCoverPct_500m": 11.630061739230932, "EdgeDensity_500m": 2.5110607860859195, "gHM": 0.36638981103897095, "DistWater_m": 616.2509078118137, "LST_C": 29.761774193548376, "NightLights": 1.5499083116520251, "BuiltUp_Pct": 0.0, "SEGMENT_ID": 411345295.0, "hard_filter_pass": true}}, {"type": "Feature", "geometry": {"type": "Polygon", "coordinates": [[[77.95630547933524, 16.458810887115742], [77.95630205704525, 16.458585189052812], [77.9562060457162, 16.458586544641697], [77.9561685, 16.458723199999998], [77.95619280343615, 16.458812478009246], [77.95630547933524, 16.458810887115742]]]}, "properties": {"name": "grid_00454", "display_name": "SFV-T0455", "role": "candidate_grid_cell", "area_ha": 0.03183, "named_subarea": null, "gee_matched": true, "NDVI_raw": 0.17940124914582287, "TreeCover_Pct": 13.809523809523808, "Elev_m": 356.46122036888477, "ElevStd_m": 2.215199693129767, "TRI_m": 0.23757702442895914, "Slope_deg": 0.05246032401919365, "NatCoverPct_2km": 11.577702620257, "EdgeDensity_2km": 1.3344695615103386, "NatCoverPct_500m": 12.651094145023285, "EdgeDensity_500m": 2.69580582576855, "gHM": 0.36638981103897095, "DistWater_m": 546.0311203975629, "LST_C": 29.761774193548376, "NightLights": 1.5521964532988413, "BuiltUp_Pct": 0.0, "SEGMENT_ID": 411345295.0, "hard_filter_pass": true}}, {"type": "Feature", "geometry": {"type": "Polygon", "coordinates": [[[77.95627125884496, 16.45655390623688], [77.95650514783705, 16.456550604157783], [77.95650248310116, 16.45637485300685], [77.95626829666158, 16.45635852152772], [77.95627125884496, 16.45655390623688]]]}, "properties": {"name": "grid_00455", "display_name": "SFV-T0456", "role": "candidate_grid_cell", "area_ha": 0.05139, "named_subarea": null, "gee_matched": true, "NDVI_raw": 0.19612330329800762, "TreeCover_Pct": 0.0, "Elev_m": 359.6315952693347, "ElevStd_m": 1.6676311054881103, "TRI_m": 0.1738594217952593, "Slope_deg": 0.05246032401919365, "NatCoverPct_2km": 12.21899104351045, "EdgeDensity_2km": 1.3699472741096363, "NatCoverPct_500m": 2.8261712686289324, "EdgeDensity_500m": 1.4392959766640923, "gHM": 0.36227867007255554, "DistWater_m": 1208.9135057573837, "LST_C": 30.89688000000001, "NightLights": 1.5631250143051147, "BuiltUp_Pct": 0.0, "SEGMENT_ID": -441511163.0, "hard_filter_pass": true}}, {"type": "Feature", "geometry": {"type": "Polygon", "coordinates": [[[77.95627125884496, 16.45655390623688], [77.95627468065304, 16.45677960434972], [77.95650856991487, 16.456776302222845], [77.95650514783705, 16.456550604157783], [77.95627125884496, 16.45655390623688]]]}, "properties": {"name": "grid_00456", "display_name": "SFV-T0457", "role": "candidate_grid_cell", "area_ha": 0.0625, "named_subarea": null, "gee_matched": true, "NDVI_raw": 0.255302241747059, "TreeCover_Pct": 0.0, "Elev_m": 358.9132080078125, "ElevStd_m": 1.7592728029119464, "TRI_m": 0.17332903321556367, "Slope_deg": 0.05246032401919365, "NatCoverPct_2km": 12.168107236654656, "EdgeDensity_2km": 1.3862522255888317, "NatCoverPct_500m": 3.8255792360931102, "EdgeDensity_500m": 1.5332976126458975, "gHM": 0.36227867007255554, "DistWater_m": 1143.8810666560425, "LST_C": 30.89688000000001, "NightLights": 1.5631250143051147, "BuiltUp_Pct": 0.0, "SEGMENT_ID": -441511163.0, "hard_filter_pass": true}}, {"type": "Feature", "geometry": {"type": "Polygon", "coordinates": [[[77.95627468065304, 16.45677960434972], [77.95627810251464, 16.45700530245702], [77.95651199204626, 16.457002000282362], [77.95650856991487, 16.456776302222845], [77.95627468065304, 16.45677960434972]]]}, "properties": {"name": "grid_00457", "display_name": "SFV-T0458", "role": "candidate_grid_cell", "area_ha": 0.0625, "named_subarea": null, "gee_matched": true, "NDVI_raw": 0.23506860889498907, "TreeCover_Pct": 0.0, "Elev_m": 358.29681396484375, "ElevStd_m": 1.8130243939270587, "TRI_m": 0.17467154064413568, "Slope_deg": 0.05246032401919365, "NatCoverPct_2km": 12.10035985573534, "EdgeDensity_2km": 1.399148113074491, "NatCoverPct_500m": 4.952995792833311, "EdgeDensity_500m": 1.6436965036994051, "gHM": 0.36227867007255554, "DistWater_m": 1068.6893109180294, "LST_C": 30.89688000000001, "NightLights": 1.5631250143051147, "BuiltUp_Pct": 0.0, "SEGMENT_ID": 1299361426.0, "hard_filter_pass": true}}, {"type": "Feature", "geometry": {"type": "Polygon", "coordinates": [[[77.95627810251464, 16.45700530245702], [77.9562815244298, 16.457231000558767], [77.95651541423118, 16.457227698336332], [77.95651199204626, 16.457002000282362], [77.95627810251464, 16.45700530245702]]]}, "properties": {"name": "grid_00458", "display_name": "SFV-T0459", "role": "candidate_grid_cell", "area_ha": 0.0625, "named_subarea": null, "gee_matched": true, "NDVI_raw": 0.29668375606809505, "TreeCover_Pct": 50.18248175182481, "Elev_m": 358.2458308236153, "ElevStd_m": 1.8183304429660225, "TRI_m": 0.17767608698197537, "Slope_deg": 0.05246032401919365, "NatCoverPct_2km": 12.02534026684266, "EdgeDensity_2km": 1.4004266039274464, "NatCoverPct_500m": 6.096133228815112, "EdgeDensity_500m": 1.7773578135510362, "gHM": 0.36227867007255554, "DistWater_m": 999.3286680574655, "LST_C": 30.89688000000001, "NightLights": 1.5631250143051147, "BuiltUp_Pct": 0.0, "SEGMENT_ID": 1299361426.0, "hard_filter_pass": true}}, {"type": "Feature", "geometry": {"type": "Polygon", "coordinates": [[[77.9562815244298, 16.457231000558767], [77.95628494639853, 16.457456698654976], [77.95651883646966, 16.457453396384757], [77.95651541423118, 16.457227698336332], [77.9562815244298, 16.457231000558767]]]}, "properties": {"name": "grid_00459", "display_name": "SFV-T0460", "role": "candidate_grid_cell", "area_ha": 0.0625, "named_subarea": null, "gee_matched": true, "NDVI_raw": 0.314876135296494, "TreeCover_Pct": 68.87844979448033, "Elev_m": 358.0430532064567, "ElevStd_m": 1.809112596881284, "TRI_m": 0.1831836580331791, "Slope_deg": 0.05246032401919365, "NatCoverPct_2km": 11.948549382654349, "EdgeDensity_2km": 1.395229452110216, "NatCoverPct_500m": 7.234088236204384, "EdgeDensity_500m": 1.9040535730865646, "gHM": 0.36227867007255554, "DistWater_m": 924.08723682983, "LST_C": 30.89688000000001, "NightLights": 1.5631250143051147, "BuiltUp_Pct": 0.0, "SEGMENT_ID": 1299361426.0, "hard_filter_pass": true}}, {"type": "Feature", "geometry": {"type": "Polygon", "coordinates": [[[77.95628494639853, 16.457456698654976], [77.95628836842076, 16.457682396745636], [77.95652225876168, 16.457679094427633], [77.95651883646966, 16.457453396384757], [77.95628494639853, 16.457456698654976]]]}, "properties": {"name": "grid_00460", "display_name": "SFV-T0461", "role": "candidate_grid_cell", "area_ha": 0.0625, "named_subarea": null, "gee_matched": true, "NDVI_raw": 0.3144944133333368, "TreeCover_Pct": 70.5416920267803, "Elev_m": 357.3844579788366, "ElevStd_m": 1.7839845687287024, "TRI_m": 0.19104691444408298, "Slope_deg": 0.05246032401919365, "NatCoverPct_2km": 11.870737089542557, "EdgeDensity_2km": 1.3858628749893558, "NatCoverPct_500m": 8.356661938886393, "EdgeDensity_500m": 2.035959822410839, "gHM": 0.36227867007255554, "DistWater_m": 855.2223942780682, "LST_C": 30.89688000000001, "NightLights": 1.5631250143051147, "BuiltUp_Pct": 0.42604990870359105, "SEGMENT_ID": 1299361426.0, "hard_filter_pass": true}}, {"type": "Feature", "geometry": {"type": "Polygon", "coordinates": [[[77.95628836842076, 16.457682396745636], [77.95629179049656, 16.45790809483075], [77.95652568110727, 16.457904792464962], [77.95652225876168, 16.457679094427633], [77.95628836842076, 16.457682396745636]]]}, "properties": {"name": "grid_00461", "display_name": "SFV-T0462", "role": "candidate_grid_cell", "area_ha": 0.0625, "named_subarea": null, "gee_matched": true, "NDVI_raw": 0.3171767204286617, "TreeCover_Pct": 86.98190309398716, "Elev_m": 357.04218452128487, "ElevStd_m": 1.8030543147823839, "TRI_m": 0.20251636932221814, "Slope_deg": 0.05246032401919365, "NatCoverPct_2km": 11.794660100043512, "EdgeDensity_2km": 1.3724627045024398, "NatCoverPct_500m": 9.451505236678125, "EdgeDensity_500m": 2.193853322720384, "gHM": 0.36227867007255554, "DistWater_m": 782.0578507343384, "LST_C": 30.89688000000001, "NightLights": 1.5631250143051147, "BuiltUp_Pct": 0.0, "SEGMENT_ID": 1299361426.0, "hard_filter_pass": true}}, {"type": "Feature", "geometry": {"type": "Polygon", "coordinates": [[[77.95629179049656, 16.45790809483075], [77.95629521262592, 16.458133792910317], [77.9565291035064, 16.458130490496742], [77.95652568110727, 16.457904792464962], [77.95629179049656, 16.45790809483075]]]}, "properties": {"name": "grid_00462", "display_name": "SFV-T0463", "role": "candidate_grid_cell", "area_ha": 0.0625, "named_subarea": null, "gee_matched": true, "NDVI_raw": 0.2772613237822466, "TreeCover_Pct": 29.234478601567215, "Elev_m": 357.15805566936046, "ElevStd_m": 1.8980673200768938, "TRI_m": 0.21108224471866452, "Slope_deg": 0.05246032401919365, "NatCoverPct_2km": 11.72104212902982, "EdgeDensity_2km": 1.358463216262703, "NatCoverPct_500m": 10.51706153643048, "EdgeDensity_500m": 2.356403631322062, "gHM": 0.3641124520587807, "DistWater_m": 712.8719243387144, "LST_C": 30.89688000000001, "NightLights": 1.5631250143051147, "BuiltUp_Pct": 0.0, "SEGMENT_ID": 411345295.0, "hard_filter_pass": true}}, {"type": "Feature", "geometry": {"type": "Polygon", "coordinates": [[[77.95629521262592, 16.458133792910317], [77.9562986348088, 16.45835949098434], [77.95653252595908, 16.45835618852298], [77.9565291035064, 16.458130490496742], [77.95629521262592, 16.458133792910317]]]}, "properties": {"name": "grid_00463", "display_name": "SFV-T0464", "role": "candidate_grid_cell", "area_ha": 0.0625, "named_subarea": null, "gee_matched": true, "NDVI_raw": 0.17988922877843122, "TreeCover_Pct": 0.0, "Elev_m": 357.19944386309885, "ElevStd_m": 2.0388124522857343, "TRI_m": 0.21809303818952255, "Slope_deg": 0.05246032401919365, "NatCoverPct_2km": 11.653694311659017, "EdgeDensity_2km": 1.3438168711258702, "NatCoverPct_500m": 11.490434229220647, "EdgeDensity_500m": 2.532624979810378, "gHM": 0.36638981103897095, "DistWater_m": 642.9863478732774, "LST_C": 30.61105215235134, "NightLights": 1.5631250143051147, "BuiltUp_Pct": 0.0, "SEGMENT_ID": 411345295.0, "hard_filter_pass": true}}, {"type": "Feature", "geometry": {"type": "Polygon", "coordinates": [[[77.9562986348088, 16.45835949098434], [77.95630205704525, 16.458585189052812], [77.95653594846532, 16.458581886543673], [77.95653252595908, 16.45835618852298], [77.9562986348088, 16.45835949098434]]]}, "properties": {"name": "grid_00464", "display_name": "SFV-T0465", "role": "candidate_grid_cell", "area_ha": 0.0625, "named_subarea": null, "gee_matched": true, "NDVI_raw": 0.161879177965335, "TreeCover_Pct": 0.0, "Elev_m": 357.1624765880073, "ElevStd_m": 2.1749585440345007, "TRI_m": 0.22554617616866693, "Slope_deg": 0.05246032401919365, "NatCoverPct_2km": 11.590196698404805, "EdgeDensity_2km": 1.3310714568484154, "NatCoverPct_500m": 12.40460663915062, "EdgeDensity_500m": 2.6858360111901765, "gHM": 0.36638981103897095, "DistWater_m": 577.9178516292109, "LST_C": 29.761774193548376, "NightLights": 1.5631250143051147, "BuiltUp_Pct": 0.0, "SEGMENT_ID": 411345295.0, "hard_filter_pass": true}}, {"type": "Feature", "geometry": {"type": "Polygon", "coordinates": [[[77.95630205704525, 16.458585189052812], [77.95630547933524, 16.458810887115742], [77.9565393710251, 16.45880758455882], [77.95653594846532, 16.458581886543673], [77.95630205704525, 16.458585189052812]]]}, "properties": {"name": "grid_00465", "display_name": "SFV-T0466", "role": "candidate_grid_cell", "area_ha": 0.0625, "named_subarea": null, "gee_matched": true, "NDVI_raw": 0.15376425531341173, "TreeCover_Pct": 0.0, "Elev_m": 356.85670968160423, "ElevStd_m": 2.2899666485469137, "TRI_m": 0.2334546546273202, "Slope_deg": 0.05246032401919365, "NatCoverPct_2km": 11.530933933442835, "EdgeDensity_2km": 1.3184987475528855, "NatCoverPct_500m": 13.255821488380231, "EdgeDensity_500m": 2.836840677421866, "gHM": 0.36638981103897095, "DistWater_m": 512.660064308922, "LST_C": 29.761774193548376, "NightLights": 1.5631250143051147, "BuiltUp_Pct": 0.0, "SEGMENT_ID": 411345295.0, "hard_filter_pass": true}}, {"type": "Feature", "geometry": {"type": "Polygon", "coordinates": [[[77.95630547933524, 16.458810887115742], [77.95630890167877, 16.459036585173127], [77.95654279363845, 16.459033282568416], [77.9565393710251, 16.45880758455882], [77.95630547933524, 16.458810887115742]]]}, "properties": {"name": "grid_00466", "display_name": "SFV-T0467", "role": "candidate_grid_cell", "area_ha": 0.0625, "named_subarea": null, "gee_matched": true, "NDVI_raw": 0.17137808881650093, "TreeCover_Pct": 0.6093845216331505, "Elev_m": 356.03297436404415, "ElevStd_m": 2.3741715587875216, "TRI_m": 0.24341997326117132, "Slope_deg": 0.05246032401919365, "NatCoverPct_2km": 11.47549930856831, "EdgeDensity_2km": 1.3071533647525078, "NatCoverPct_500m": 14.050183059312554, "EdgeDensity_500m": 2.969956608342048, "gHM": 0.36638981103897095, "DistWater_m": 452.935022031029, "LST_C": 29.761774193548376, "NightLights": 1.5631250143051147, "BuiltUp_Pct": 0.0, "SEGMENT_ID": 411345295.0, "hard_filter_pass": true}}, {"type": "Feature", "geometry": {"type": "Polygon", "coordinates": [[[77.95654279363845, 16.459033282568416], [77.95630890167877, 16.459036585173127], [77.9563093820797, 16.459068266559196], [77.956344, 16.459122699999995], [77.95654592966653, 16.45924007913007], [77.95654279363845, 16.459033282568416]]]}, "properties": {"name": "grid_00467", "display_name": "SFV-T0468", "role": "candidate_grid_cell", "area_ha": 0.03712, "named_subarea": null, "gee_matched": true, "NDVI_raw": 0.2562336382483378, "TreeCover_Pct": 15.84258324924319, "Elev_m": 354.4463215201462, "ElevStd_m": 2.434854585953039, "TRI_m": 0.2522213343151324, "Slope_deg": 0.05246032401919365, "NatCoverPct_2km": 11.42433790208118, "EdgeDensity_2km": 1.2960008809876262, "NatCoverPct_500m": 14.771091888211451, "EdgeDensity_500m": 3.0844758750889802, "gHM": 0.36638981103897095, "DistWater_m": 398.8886573362521, "LST_C": 29.761774193548376, "NightLights": 1.5631250143051147, "BuiltUp_Pct": 0.0, "SEGMENT_ID": 1757724738.0, "hard_filter_pass": true}}, {"type": "Feature", "geometry": {"type": "Polygon", "coordinates": [[[77.95650514783705, 16.456550604157783], [77.95673903677557, 16.456547301818333], [77.95673666953452, 16.456391184217264], [77.95650248310116, 16.45637485300685], [77.95650514783705, 16.456550604157783]]]}, "properties": {"name": "grid_00468", "display_name": "SFV-T0469", "role": "candidate_grid_cell", "area_ha": 0.04595, "named_subarea": null, "gee_matched": true, "NDVI_raw": 0.19759302385193409, "TreeCover_Pct": 0.0, "Elev_m": 360.56432466099665, "ElevStd_m": 1.7631812942120235, "TRI_m": 0.18561605891860206, "Slope_deg": 0.05246032401919365, "NatCoverPct_2km": 12.18636178722158, "EdgeDensity_2km": 1.4000896667587512, "NatCoverPct_500m": 3.522307106802727, "EdgeDensity_500m": 1.5292764758165984, "gHM": 0.3705465786405189, "DistWater_m": 1189.067247369513, "LST_C": 30.89688000000001, "NightLights": 1.5631250143051147, "BuiltUp_Pct": 27.074939564867034, "SEGMENT_ID": -441511163.0, "hard_filter_pass": true}}, {"type": "Feature", "geometry": {"type": "Polygon", "coordinates": [[[77.95650514783705, 16.456550604157783], [77.95650856991487, 16.456776302222845], [77.95674245912316, 16.456772999835604], [77.95673903677557, 16.456547301818333], [77.95650514783705, 16.456550604157783]]]}, "properties": {"name": "grid_00469", "display_name": "SFV-T0470", "role": "candidate_grid_cell", "area_ha": 0.0625, "named_subarea": null, "gee_matched": true, "NDVI_raw": 0.2091441518619738, "TreeCover_Pct": 0.0, "Elev_m": 360.16245526565115, "ElevStd_m": 1.8428390092168938, "TRI_m": 0.18179809115020995, "Slope_deg": 0.05246032401919365, "NatCoverPct_2km": 12.123363370848764, "EdgeDensity_2km": 1.399524509256665, "NatCoverPct_500m": 4.520987345065432, "EdgeDensity_500m": 1.6252323021206656, "gHM": 0.3717261784989443, "DistWater_m": 1125.7186731224153, "LST_C": 30.89688000000001, "NightLights": 1.5631250143051147, "BuiltUp_Pct": 0.0, "SEGMENT_ID": -441511163.0, "hard_filter_pass": true}}, {"type": "Feature", "geometry": {"type": "Polygon", "coordinates": [[[77.95650856991487, 16.456776302222845], [77.95651199204626, 16.457002000282362], [77.95674588152431, 16.456998697847332], [77.95674245912316, 16.456772999835604], [77.95650856991487, 16.456776302222845]]]}, "properties": {"name": "grid_00470", "display_name": "SFV-T0471", "role": "candidate_grid_cell", "area_ha": 0.0625, "named_subarea": null, "gee_matched": true, "NDVI_raw": 0.1953462048028335, "TreeCover_Pct": 0.0, "Elev_m": 359.19024174992825, "ElevStd_m": 1.8805330640818303, "TRI_m": 0.18041071240693385, "Slope_deg": 0.05246032401919365, "NatCoverPct_2km": 12.046869423847102, "EdgeDensity_2km": 1.399029058294866, "NatCoverPct_500m": 5.683590415898769, "EdgeDensity_500m": 1.747971234349332, "gHM": 0.37263750602939194, "DistWater_m": 1049.0436523490057, "LST_C": 30.89688000000001, "NightLights": 1.5631250143051147, "BuiltUp_Pct": 0.0, "SEGMENT_ID": -441511163.0, "hard_filter_pass": true}}, {"type": "Feature", "geometry": {"type": "Polygon", "coordinates": [[[77.95651199204626, 16.457002000282362], [77.95651541423118, 16.457227698336332], [77.956749303979, 16.457224395853515], [77.95674588152431, 16.456998697847332], [77.95651199204626, 16.457002000282362]]]}, "properties": {"name": "grid_00471", "display_name": "SFV-T0472", "role": "candidate_grid_cell", "area_ha": 0.0625, "named_subarea": null, "gee_matched": true, "NDVI_raw": 0.2733717001441129, "TreeCover_Pct": 24.82100238663485, "Elev_m": 358.77673283397166, "ElevStd_m": 1.8596616103413195, "TRI_m": 0.17960406513898466, "Slope_deg": 0.05246032401919365, "NatCoverPct_2km": 11.966803873266157, "EdgeDensity_2km": 1.3910874232843045, "NatCoverPct_500m": 6.853300991250035, "EdgeDensity_500m": 1.8812376262999946, "gHM": 0.37351803694960617, "DistWater_m": 978.536914335641, "LST_C": 30.89688000000001, "NightLights": 1.5631250143051147, "BuiltUp_Pct": 8.770883054892602, "SEGMENT_ID": -441511163.0, "hard_filter_pass": true}}, {"type": "Feature", "geometry": {"type": "Polygon", "coordinates": [[[77.95651541423118, 16.457227698336332], [77.95651883646966, 16.457453396384757], [77.95675272648724, 16.45745009385415], [77.956749303979, 16.457224395853515], [77.95651541423118, 16.457227698336332]]]}, "properties": {"name": "grid_00472", "display_name": "SFV-T0473", "role": "candidate_grid_cell", "area_ha": 0.0625, "named_subarea": null, "gee_matched": true, "NDVI_raw": 0.31384844564499453, "TreeCover_Pct": 84.42969221484611, "Elev_m": 358.614137418168, "ElevStd_m": 1.8199115269637525, "TRI_m": 0.18296135927260285, "Slope_deg": 0.05246032401919365, "NatCoverPct_2km": 11.888002843117947, "EdgeDensity_2km": 1.3795982174548087, "NatCoverPct_500m": 7.997910914023479, "EdgeDensity_500m": 2.0206103806295306, "gHM": 0.3740914813818958, "DistWater_m": 902.4784517260781, "LST_C": 30.89688000000001, "NightLights": 1.5631250143051147, "BuiltUp_Pct": 44.176222088111054, "SEGMENT_ID": 1299361426.0, "hard_filter_pass": true}}, {"type": "Feature", "geometry": {"type": "Polygon", "coordinates": [[[77.95651883646966, 16.457453396384757], [77.95652225876168, 16.457679094427633], [77.95675614904906, 16.457675791849237], [77.95675272648724, 16.45745009385415], [77.95651883646966, 16.457453396384757]]]}, "properties": {"name": "grid_00473", "display_name": "SFV-T0474", "role": "candidate_grid_cell", "area_ha": 0.0625, "named_subarea": null, "gee_matched": true, "NDVI_raw": 0.3333565679288679, "TreeCover_Pct": 100.0, "Elev_m": 358.3454895019531, "ElevStd_m": 1.7925282083040108, "TRI_m": 0.1903063173126394, "Slope_deg": 0.05246032401919365, "NatCoverPct_2km": 11.809042545046301, "EdgeDensity_2km": 1.3687530172577071, "NatCoverPct_500m": 9.144626508541064, "EdgeDensity_500m": 2.1426167324018843, "gHM": 0.37473657101447166, "DistWater_m": 832.3456377177434, "LST_C": 30.89688000000001, "NightLights": 1.5631250143051147, "BuiltUp_Pct": 85.20998174071819, "SEGMENT_ID": 1299361426.0, "hard_filter_pass": true}}, {"type": "Feature", "geometry": {"type": "Polygon", "coordinates": [[[77.95652225876168, 16.457679094427633], [77.95652568110727, 16.457904792464962], [77.9567595716644, 16.45790148983878], [77.95675614904906, 16.457675791849237], [77.95652225876168, 16.457679094427633]]]}, "properties": {"name": "grid_00474", "display_name": "SFV-T0475", "role": "candidate_grid_cell", "area_ha": 0.0625, "named_subarea": null, "gee_matched": true, "NDVI_raw": 0.31676753504448624, "TreeCover_Pct": 100.0, "Elev_m": 357.62640380859375, "ElevStd_m": 1.8145917924281894, "TRI_m": 0.20014873846659034, "Slope_deg": 0.05246032401919365, "NatCoverPct_2km": 11.732381639997238, "EdgeDensity_2km": 1.355169435912542, "NatCoverPct_500m": 10.257074866085187, "EdgeDensity_500m": 2.3093264291299627, "gHM": 0.3756233094866017, "DistWater_m": 756.9299738701179, "LST_C": 30.89688000000001, "NightLights": 1.5631250143051147, "BuiltUp_Pct": 63.73493975903615, "SEGMENT_ID": 1299361426.0, "hard_filter_pass": true}}, {"type": "Feature", "geometry": {"type": "Polygon", "coordinates": [[[77.95652568110727, 16.457904792464962], [77.9565291035064, 16.458130490496742], [77.95676299433333, 16.45812718782278], [77.9567595716644, 16.45790148983878], [77.95652568110727, 16.457904792464962]]]}, "properties": {"name": "grid_00475", "display_name": "SFV-T0476", "role": "candidate_grid_cell", "area_ha": 0.0625, "named_subarea": null, "gee_matched": true, "NDVI_raw": 0.303625857503161, "TreeCover_Pct": 73.5705950991832, "Elev_m": 357.8666297796865, "ElevStd_m": 1.8983222313664538, "TRI_m": 0.20335834987988713, "Slope_deg": 0.05246032401919365, "NatCoverPct_2km": 11.659719644992673, "EdgeDensity_2km": 1.340929494478447, "NatCoverPct_500m": 11.308991010778453, "EdgeDensity_500m": 2.485201320553348, "gHM": 0.37066680789341594, "DistWater_m": 687.0533352769385, "LST_C": 30.89688000000001, "NightLights": 1.5631250143051147, "BuiltUp_Pct": 23.045507584597434, "SEGMENT_ID": 1299361426.0, "hard_filter_pass": true}}, {"type": "Feature", "geometry": {"type": "Polygon", "coordinates": [[[77.9565291035064, 16.458130490496742], [77.95653252595908, 16.45835618852298], [77.95676641705579, 16.458352885801233], [77.95676299433333, 16.45812718782278], [77.9565291035064, 16.458130490496742]]]}, "properties": {"name": "grid_00476", "display_name": "SFV-T0477", "role": "candidate_grid_cell", "area_ha": 0.0625, "named_subarea": null, "gee_matched": true, "NDVI_raw": 0.22422377567661822, "TreeCover_Pct": 0.0, "Elev_m": 357.98969624538915, "ElevStd_m": 2.040288020521084, "TRI_m": 0.21040779462736095, "Slope_deg": 0.05246032401919365, "NatCoverPct_2km": 11.593148257607151, "EdgeDensity_2km": 1.3269178103941175, "NatCoverPct_500m": 12.270169164006205, "EdgeDensity_500m": 2.6575799807924247, "gHM": 0.3622713915938156, "DistWater_m": 611.8890487073274, "LST_C": 30.623256254280577, "NightLights": 1.5631250143051147, "BuiltUp_Pct": 0.0, "SEGMENT_ID": 411345295.0, "hard_filter_pass": true}}, {"type": "Feature", "geometry": {"type": "Polygon", "coordinates": [[[77.95653252595908, 16.45835618852298], [77.95653594846532, 16.458581886543673], [77.95676983983182, 16.458578583774134], [77.95676641705579, 16.458352885801233], [77.95653252595908, 16.45835618852298]]]}, "properties": {"name": "grid_00477", "display_name": "SFV-T0478", "role": "candidate_grid_cell", "area_ha": 0.0625, "named_subarea": null, "gee_matched": true, "NDVI_raw": 0.15096928624459255, "TreeCover_Pct": 0.0, "Elev_m": 357.9441006130643, "ElevStd_m": 2.194519292177889, "TRI_m": 0.2179129309401435, "Slope_deg": 0.05246032401919365, "NatCoverPct_2km": 11.529693757182754, "EdgeDensity_2km": 1.314101364488859, "NatCoverPct_500m": 13.184827339416719, "EdgeDensity_500m": 2.8126193826676924, "gHM": 0.3623366491478166, "DistWater_m": 543.4646359797961, "LST_C": 29.761774193548376, "NightLights": 1.5631250143051147, "BuiltUp_Pct": 0.0, "SEGMENT_ID": 411345295.0, "hard_filter_pass": true}}, {"type": "Feature", "geometry": {"type": "Polygon", "coordinates": [[[77.95653594846532, 16.458581886543673], [77.9565393710251, 16.45880758455882], [77.9567732626614, 16.458804281741493], [77.95676983983182, 16.458578583774134], [77.95653594846532, 16.458581886543673]]]}, "properties": {"name": "grid_00478", "display_name": "SFV-T0479", "role": "candidate_grid_cell", "area_ha": 0.0625, "named_subarea": null, "gee_matched": true, "NDVI_raw": 0.15618831016543358, "TreeCover_Pct": 0.0, "Elev_m": 357.56087557738897, "ElevStd_m": 2.3297864715968273, "TRI_m": 0.22653912341858357, "Slope_deg": 0.05246032401919365, "NatCoverPct_2km": 11.470873898456956, "EdgeDensity_2km": 1.3012744043553288, "NatCoverPct_500m": 14.029144711899297, "EdgeDensity_500m": 2.9646673320798826, "gHM": 0.3618252197783495, "DistWater_m": 472.8477036877016, "LST_C": 29.761774193548376, "NightLights": 1.5631250143051147, "BuiltUp_Pct": 0.0, "SEGMENT_ID": 411345295.0, "hard_filter_pass": true}}, {"type": "Feature", "geometry": {"type": "Polygon", "coordinates": [[[77.9565393710251, 16.45880758455882], [77.95654279363845, 16.459033282568416], [77.95677668554454, 16.459029979703303], [77.9567732626614, 16.458804281741493], [77.9565393710251, 16.45880758455882]]]}, "properties": {"name": "grid_00479", "display_name": "SFV-T0480", "role": "candidate_grid_cell", "area_ha": 0.0625, "named_subarea": null, "gee_matched": true, "NDVI_raw": 0.17784548404859105, "TreeCover_Pct": 0.0, "Elev_m": 356.6430146321032, "ElevStd_m": 2.434352017301367, "TRI_m": 0.23925520105620857, "Slope_deg": 0.05246032401919365, "NatCoverPct_2km": 11.415046466789914, "EdgeDensity_2km": 1.2891492984728, "NatCoverPct_500m": 14.829017774027342, "EdgeDensity_500m": 3.1000456984242515, "gHM": 0.3617356660082634, "DistWater_m": 407.9047347616095, "LST_C": 29.761774193548376, "NightLights": 1.5631250143051147, "BuiltUp_Pct": 0.0, "SEGMENT_ID": 411345295.0, "hard_filter_pass": true}}, {"type": "Feature", "geometry": {"type": "Polygon", "coordinates": [[[77.95677668554454, 16.459029979703303], [77.95654279363845, 16.459033282568416], [77.95654592966653, 16.45924007913007], [77.95657768186969, 16.459258536246097], [77.95658290440065, 16.45925846249809], [77.95677846455705, 16.459147282777526], [77.95677668554454, 16.459029979703303]]]}, "properties": {"name": "grid_00480", "display_name": "SFV-T0481", "role": "candidate_grid_cell", "area_ha": 0.04949, "named_subarea": null, "gee_matched": true, "NDVI_raw": 0.21012085075850553, "TreeCover_Pct": 0.0, "Elev_m": 355.169677734375, "ElevStd_m": 2.509964169273061, "TRI_m": 0.2532593819949398, "Slope_deg": 0.05246032401919365, "NatCoverPct_2km": 11.368599553619587, "EdgeDensity_2km": 1.2784217890219602, "NatCoverPct_500m": 15.497999914889988, "EdgeDensity_500m": 3.2164811655428274, "gHM": 0.36265069684960594, "DistWater_m": 352.17327309994374, "LST_C": 29.761774193548376, "NightLights": 1.5631250143051147, "BuiltUp_Pct": 0.0, "SEGMENT_ID": 1757724738.0, "hard_filter_pass": true}}, {"type": "Feature", "geometry": {"type": "Polygon", "coordinates": [[[77.95673903677557, 16.456547301818333], [77.95697292566055, 16.456543999218507], [77.95697085596169, 16.456407515158958], [77.95673666953452, 16.456391184217264], [77.95673903677557, 16.456547301818333]]]}, "properties": {"name": "grid_00481", "display_name": "SFV-T0482", "role": "candidate_grid_cell", "area_ha": 0.04051, "named_subarea": null, "gee_matched": true, "NDVI_raw": 0.19322851377077965, "TreeCover_Pct": 0.0, "Elev_m": 360.8987860635719, "ElevStd_m": 1.8534111595160672, "TRI_m": 0.20199159308098152, "Slope_deg": 0.05246032401919365, "NatCoverPct_2km": 12.152867865025504, "EdgeDensity_2km": 1.4179682644154068, "NatCoverPct_500m": 4.182351006828249, "EdgeDensity_500m": 1.6230632338433562, "gHM": 0.41489648818969727, "DistWater_m": 1173.0918394688133, "LST_C": 30.89688000000001, "NightLights": 1.5631250143051147, "BuiltUp_Pct": 82.32044198895031, "SEGMENT_ID": -441511163.0, "hard_filter_pass": false}}, {"type": "Feature", "geometry": {"type": "Polygon", "coordinates": [[[77.95673903677557, 16.456547301818333], [77.95674245912316, 16.456772999835604], [77.9569763482779, 16.456769697187987], [77.95697292566055, 16.456543999218507], [77.95673903677557, 16.456547301818333]]]}, "properties": {"name": "grid_00482", "display_name": "SFV-T0483", "role": "candidate_grid_cell", "area_ha": 0.0625, "named_subarea": null, "gee_matched": true, "NDVI_raw": 0.20656068978960312, "TreeCover_Pct": 0.0, "Elev_m": 360.2397854689566, "ElevStd_m": 1.923568686182697, "TRI_m": 0.19719587649109868, "Slope_deg": 0.05246032401919365, "NatCoverPct_2km": 12.078661655632846, "EdgeDensity_2km": 1.4056579841421875, "NatCoverPct_500m": 5.149236012010256, "EdgeDensity_500m": 1.7232466382545757, "gHM": 0.41489648818969727, "DistWater_m": 1114.2111436699965, "LST_C": 30.89688000000001, "NightLights": 1.5631250143051147, "BuiltUp_Pct": 12.10340775558167, "SEGMENT_ID": -441511163.0, "hard_filter_pass": true}}, {"type": "Feature", "geometry": {"type": "Polygon", "coordinates": [[[77.95674245912316, 16.456772999835604], [77.95674588152431, 16.456998697847332], [77.9569797709488, 16.45699539515193], [77.9569763482779, 16.456769697187987], [77.95674245912316, 16.456772999835604]]]}, "properties": {"name": "grid_00483", "display_name": "SFV-T0484", "role": "candidate_grid_cell", "area_ha": 0.0625, "named_subarea": null, "gee_matched": true, "NDVI_raw": 0.18944253875659064, "TreeCover_Pct": 0.0, "Elev_m": 359.4201555551382, "ElevStd_m": 1.9524216208411196, "TRI_m": 0.1894356710306784, "Slope_deg": 0.05246032401919365, "NatCoverPct_2km": 11.995609835670281, "EdgeDensity_2km": 1.3876375190445722, "NatCoverPct_500m": 6.332580398847333, "EdgeDensity_500m": 1.8477118673984203, "gHM": 0.41489648818969727, "DistWater_m": 1036.4792041744156, "LST_C": 30.89688000000001, "NightLights": 1.5631250143051147, "BuiltUp_Pct": 33.907692307692315, "SEGMENT_ID": -441511163.0, "hard_filter_pass": true}}, {"type": "Feature", "geometry": {"type": "Polygon", "coordinates": [[[77.95674588152431, 16.456998697847332], [77.956749303979, 16.457224395853515], [77.95698319367327, 16.457221093110324], [77.9569797709488, 16.45699539515193], [77.95674588152431, 16.456998697847332]]]}, "properties": {"name": "grid_00484", "display_name": "SFV-T0485", "role": "candidate_grid_cell", "area_ha": 0.0625, "named_subarea": null, "gee_matched": true, "NDVI_raw": 0.2817084835449998, "TreeCover_Pct": 39.59085439229843, "Elev_m": 359.19075278455455, "ElevStd_m": 1.9159793601365867, "TRI_m": 0.18302134567488254, "Slope_deg": 0.05246032401919365, "NatCoverPct_2km": 11.914197319845327, "EdgeDensity_2km": 1.3757936806264854, "NatCoverPct_500m": 7.514750521424457, "EdgeDensity_500m": 1.9840968560752408, "gHM": 0.41489648818969727, "DistWater_m": 964.8745583448549, "LST_C": 30.89688000000001, "NightLights": 1.5631250143051147, "BuiltUp_Pct": 89.71119133574007, "SEGMENT_ID": -441511163.0, "hard_filter_pass": true}}, {"type": "Feature", "geometry": {"type": "Polygon", "coordinates": [[[77.956749303979, 16.457224395853515], [77.95675272648724, 16.45745009385415], [77.95698661645127, 16.457446791063166], [77.95698319367327, 16.457221093110324], [77.956749303979, 16.457224395853515]]]}, "properties": {"name": "grid_00485", "display_name": "SFV-T0486", "role": "candidate_grid_cell", "area_ha": 0.0625, "named_subarea": null, "gee_matched": true, "NDVI_raw": 0.31865635013666443, "TreeCover_Pct": 100.0, "Elev_m": 359.09188844610736, "ElevStd_m": 1.8276165888483515, "TRI_m": 0.18439596598008132, "Slope_deg": 0.05246032401919365, "NatCoverPct_2km": 11.83339239305611, "EdgeDensity_2km": 1.3637444483215804, "NatCoverPct_500m": 8.689201533746932, "EdgeDensity_500m": 2.1272541838803747, "gHM": 0.41489648818969727, "DistWater_m": 887.1829416018179, "LST_C": 30.89688000000001, "NightLights": 1.5631250143051147, "BuiltUp_Pct": 78.32630945213728, "SEGMENT_ID": 1299361426.0, "hard_filter_pass": true}}, {"type": "Feature", "geometry": {"type": "Polygon", "coordinates": [[[77.95675272648724, 16.45745009385415], [77.95675614904906, 16.457675791849237], [77.95699003928286, 16.457672489010463], [77.95698661645127, 16.457446791063166], [77.95675272648724, 16.45745009385415]]]}, "properties": {"name": "grid_00486", "display_name": "SFV-T0487", "role": "candidate_grid_cell", "area_ha": 0.0625, "named_subarea": null, "gee_matched": true, "NDVI_raw": 0.3499163484160826, "TreeCover_Pct": 100.0, "Elev_m": 358.93164337449537, "ElevStd_m": 1.7541587100765528, "TRI_m": 0.19051626344367867, "Slope_deg": 0.05246032401919365, "NatCoverPct_2km": 11.754306354568895, "EdgeDensity_2km": 1.352052392320345, "NatCoverPct_500m": 9.837766842304804, "EdgeDensity_500m": 2.265258079741262, "gHM": 0.41489648818969727, "DistWater_m": 816.0301887783174, "LST_C": 30.89688000000001, "NightLights": 1.5631250143051147, "BuiltUp_Pct": 100.0, "hard_filter_pass": true}}, {"type": "Feature", "geometry": {"type": "Polygon", "coordinates": [[[77.95675614904906, 16.457675791849237], [77.9567595716644, 16.45790148983878], [77.956993462168, 16.45789818695221], [77.95699003928286, 16.457672489010463], [77.95675614904906, 16.457675791849237]]]}, "properties": {"name": "grid_00487", "display_name": "SFV-T0488", "role": "candidate_grid_cell", "area_ha": 0.0625, "named_subarea": null, "gee_matched": true, "NDVI_raw": 0.33107595776101517, "TreeCover_Pct": 100.0, "Elev_m": 358.23019639396773, "ElevStd_m": 1.7510094878607678, "TRI_m": 0.19926527890267953, "Slope_deg": 0.05246032401919365, "NatCoverPct_2km": 11.678253672413586, "EdgeDensity_2km": 1.33837669560178, "NatCoverPct_500m": 10.94061005120189, "EdgeDensity_500m": 2.432767281850308, "gHM": 0.41489648818969727, "DistWater_m": 739.2428063465724, "LST_C": 30.89688000000001, "NightLights": 1.5631250143051147, "BuiltUp_Pct": 100.0, "hard_filter_pass": true}}, {"type": "Feature", "geometry": {"type": "Polygon", "coordinates": [[[77.9567595716644, 16.45790148983878], [77.95676299433333, 16.45812718782278], [77.95699688510669, 16.45812388488842], [77.956993462168, 16.45789818695221], [77.9567595716644, 16.45790148983878]]]}, "properties": {"name": "grid_00488", "display_name": "SFV-T0489", "role": "candidate_grid_cell", "area_ha": 0.0625, "named_subarea": null, "gee_matched": true, "NDVI_raw": 0.30620168959376154, "TreeCover_Pct": 64.69872185027388, "Elev_m": 358.1920266316856, "ElevStd_m": 1.8189515906975668, "TRI_m": 0.20210032977825584, "Slope_deg": 0.05246032401919365, "NatCoverPct_2km": 11.60610169447812, "EdgeDensity_2km": 1.3245182558886983, "NatCoverPct_500m": 11.985635613465298, "EdgeDensity_500m": 2.597137568112841, "gHM": 0.389765977387884, "DistWater_m": 668.2038750701408, "LST_C": 30.89688000000001, "NightLights": 1.5631250143051147, "BuiltUp_Pct": 95.7395009129641, "SEGMENT_ID": -914338363.0, "hard_filter_pass": true}}, {"type": "Feature", "geometry": {"type": "Polygon", "coordinates": [[[77.95676299433333, 16.45812718782278], [77.95676641705579, 16.458352885801233], [77.95700030809896, 16.458349582819086], [77.95699688510669, 16.45812388488842], [77.95676299433333, 16.45812718782278]]]}, "properties": {"name": "grid_00489", "display_name": "SFV-T0490", "role": "candidate_grid_cell", "area_ha": 0.0625, "named_subarea": null, "gee_matched": true, "NDVI_raw": 0.3038946887992336, "TreeCover_Pct": 56.28382441371016, "Elev_m": 358.36541226880775, "ElevStd_m": 1.943066213139204, "TRI_m": 0.20591928051328867, "Slope_deg": 0.05246032401919365, "NatCoverPct_2km": 11.537941768069732, "EdgeDensity_2km": 1.3105578941117728, "NatCoverPct_500m": 12.9704199354615, "EdgeDensity_500m": 2.7593037037825097, "gHM": 0.35214659571647644, "DistWater_m": 591.6341505477261, "LST_C": 30.664807856768764, "NightLights": 1.5631250143051147, "BuiltUp_Pct": 20.324714371617556, "SEGMENT_ID": -914338363.0, "hard_filter_pass": true}}, {"type": "Feature", "geometry": {"type": "Polygon", "coordinates": [[[77.95676641705579, 16.458352885801233], [77.95676983983182, 16.458578583774134], [77.95700373114477, 16.458575280744196], [77.95700030809896, 16.458349582819086], [77.95676641705579, 16.458352885801233]]]}, "properties": {"name": "grid_00490", "display_name": "SFV-T0491", "role": "candidate_grid_cell", "area_ha": 0.0625, "named_subarea": null, "gee_matched": true, "NDVI_raw": 0.195920767151959, "TreeCover_Pct": 0.0, "Elev_m": 358.49689246110734, "ElevStd_m": 2.097173206824668, "TRI_m": 0.21489583855604363, "Slope_deg": 0.05246032401919365, "NatCoverPct_2km": 11.474109442381781, "EdgeDensity_2km": 1.2950936520478509, "NatCoverPct_500m": 13.899452395551856, "EdgeDensity_500m": 2.9443652450099527, "gHM": 0.35214659571647644, "DistWater_m": 521.4933074151512, "LST_C": 29.761774193548376, "NightLights": 1.5631250143051147, "BuiltUp_Pct": 0.0, "SEGMENT_ID": -914338363.0, "hard_filter_pass": true}}, {"type": "Feature", "geometry": {"type": "Polygon", "coordinates": [[[77.95676983983182, 16.458578583774134], [77.9567732626614, 16.458804281741493], [77.95700715424415, 16.458800978663763], [77.95700373114477, 16.458575280744196], [77.95676983983182, 16.458578583774134]]]}, "properties": {"name": "grid_00491", "display_name": "SFV-T0492", "role": "candidate_grid_cell", "area_ha": 0.0625, "named_subarea": null, "gee_matched": true, "NDVI_raw": 0.2108364813492946, "TreeCover_Pct": 3.1379514505624635, "Elev_m": 358.1478143740576, "ElevStd_m": 2.2636654806900878, "TRI_m": 0.22596133454515854, "Slope_deg": 0.05246032401919365, "NatCoverPct_2km": 11.415898805997813, "EdgeDensity_2km": 1.282372046728482, "NatCoverPct_500m": 14.744579835061792, "EdgeDensity_500m": 3.091406559035477, "gHM": 0.35214659571647644, "DistWater_m": 446.0689255208814, "LST_C": 29.761774193548376, "NightLights": 1.5631250143051147, "BuiltUp_Pct": 0.0, "SEGMENT_ID": -914338363.0, "hard_filter_pass": true}}, {"type": "Feature", "geometry": {"type": "Polygon", "coordinates": [[[77.95700715424415, 16.458800978663763], [77.9567732626614, 16.458804281741493], [77.95677668554454, 16.459029979703303], [77.95699052927334, 16.459026959716603], [77.95701041289838, 16.459015830805033], [77.95700715424415, 16.458800978663763]]]}, "properties": {"name": "grid_00492", "display_name": "SFV-T0493", "role": "candidate_grid_cell", "area_ha": 0.06237, "named_subarea": null, "gee_matched": true, "NDVI_raw": 0.2309511603769099, "TreeCover_Pct": 10.210396039603959, "Elev_m": 356.8050020425626, "ElevStd_m": 2.3939873411124615, "TRI_m": 0.23757401914471432, "Slope_deg": 0.05246032401919365, "NatCoverPct_2km": 11.358699762466967, "EdgeDensity_2km": 1.271640854133726, "NatCoverPct_500m": 15.57394648169568, "EdgeDensity_500m": 3.21447361803699, "gHM": 0.35214659571647644, "DistWater_m": 377.05170172514016, "LST_C": 29.761774193548376, "NightLights": 1.5631250143051147, "BuiltUp_Pct": 0.0, "SEGMENT_ID": 1757724738.0, "hard_filter_pass": true}}, {"type": "Feature", "geometry": {"type": "Polygon", "coordinates": [[[77.95697292566055, 16.456543999218507], [77.95720681449197, 16.456540696358317], [77.9572050423826, 16.45642384583193], [77.95697085596169, 16.456407515158958], [77.95697292566055, 16.456543999218507]]]}, "properties": {"name": "grid_00493", "display_name": "SFV-T0494", "role": "candidate_grid_cell", "area_ha": 0.03508, "named_subarea": null, "gee_matched": true, "NDVI_raw": 0.1522943828446799, "TreeCover_Pct": 0.0, "Elev_m": 361.38506418645636, "ElevStd_m": 1.834602510530894, "TRI_m": 0.21633144824447587, "Slope_deg": 0.05246032401919365, "NatCoverPct_2km": 12.119926898327687, "EdgeDensity_2km": 1.4251305712840465, "NatCoverPct_500m": 4.7738998438520825, "EdgeDensity_500m": 1.6906433594095684, "gHM": 0.41489648818969727, "DistWater_m": 1131.306732407419, "LST_C": 30.89688000000001, "NightLights": 1.5631250143051147, "BuiltUp_Pct": 100.0, "hard_filter_pass": false}}, {"type": "Feature", "geometry": {"type": "Polygon", "coordinates": [[[77.95697292566055, 16.456543999218507], [77.9569763482779, 16.456769697187987], [77.95721023737907, 16.456766394280006], [77.95720681449197, 16.456540696358317], [77.95697292566055, 16.456543999218507]]]}, "properties": {"name": "grid_00494", "display_name": "SFV-T0495", "role": "candidate_grid_cell", "area_ha": 0.0625, "named_subarea": null, "gee_matched": true, "NDVI_raw": 0.14250930650176435, "TreeCover_Pct": 0.0, "Elev_m": 360.71928910735403, "ElevStd_m": 1.9150656441446112, "TRI_m": 0.21161241304809883, "Slope_deg": 0.05246032401919365, "NatCoverPct_2km": 12.041754767707895, "EdgeDensity_2km": 1.4065948859981003, "NatCoverPct_500m": 5.714783113303348, "EdgeDensity_500m": 1.7902703225494458, "gHM": 0.41489648818969727, "DistWater_m": 1086.7445770680806, "LST_C": 30.89688000000001, "NightLights": 1.5631250143051147, "BuiltUp_Pct": 100.0, "hard_filter_pass": false}}, {"type": "Feature", "geometry": {"type": "Polygon", "coordinates": [[[77.9569763482779, 16.456769697187987], [77.9569797709488, 16.45699539515193], [77.95721366031974, 16.456992092196153], [77.95721023737907, 16.456766394280006], [77.9569763482779, 16.456769697187987]]]}, "properties": {"name": "grid_00495", "display_name": "SFV-T0496", "role": "candidate_grid_cell", "area_ha": 0.0625, "named_subarea": null, "gee_matched": true, "NDVI_raw": 0.21952345943953616, "TreeCover_Pct": 0.0, "Elev_m": 360.0794077310217, "ElevStd_m": 1.9692273408811443, "TRI_m": 0.20161450287394694, "Slope_deg": 0.05246032401919365, "NatCoverPct_2km": 11.949383592802006, "EdgeDensity_2km": 1.3812378847795912, "NatCoverPct_500m": 6.906645221472729, "EdgeDensity_500m": 1.919186887998349, "gHM": 0.41489648818969727, "DistWater_m": 1023.331493746574, "LST_C": 30.89688000000001, "NightLights": 1.5631250143051147, "BuiltUp_Pct": 100.0, "hard_filter_pass": true}}, {"type": "Feature", "geometry": {"type": "Polygon", "coordinates": [[[77.9569797709488, 16.45699539515193], [77.95698319367327, 16.457221093110324], [77.95721708331396, 16.45721779010675], [77.95721366031974, 16.456992092196153], [77.9569797709488, 16.45699539515193]]]}, "properties": {"name": "grid_00496", "display_name": "SFV-T0497", "role": "candidate_grid_cell", "area_ha": 0.0625, "named_subarea": null, "gee_matched": true, "NDVI_raw": 0.2753504281060895, "TreeCover_Pct": 12.632821723730814, "Elev_m": 359.92680076049663, "ElevStd_m": 1.944331423908612, "TRI_m": 0.19153291239972714, "Slope_deg": 0.05246032401919365, "NatCoverPct_2km": 11.866908713034139, "EdgeDensity_2km": 1.3618605981463017, "NatCoverPct_500m": 8.09680144571578, "EdgeDensity_500m": 2.0651839085295585, "gHM": 0.41489648818969727, "DistWater_m": 957.2233141043141, "LST_C": 30.89688000000001, "NightLights": 1.5631250143051147, "BuiltUp_Pct": 100.0, "hard_filter_pass": true}}, {"type": "Feature", "geometry": {"type": "Polygon", "coordinates": [[[77.95698319367327, 16.457221093110324], [77.95698661645127, 16.457446791063166], [77.95722050636176, 16.457443488011798], [77.95721708331396, 16.45721779010675], [77.95698319367327, 16.457221093110324]]]}, "properties": {"name": "grid_00497", "display_name": "SFV-T0498", "role": "candidate_grid_cell", "area_ha": 0.0625, "named_subarea": null, "gee_matched": true, "NDVI_raw": 0.30708106903108295, "TreeCover_Pct": 82.09219858156027, "Elev_m": 359.79834370353825, "ElevStd_m": 1.8349467695043977, "TRI_m": 0.18822523024207705, "Slope_deg": 0.05246032401919365, "NatCoverPct_2km": 11.785975113253325, "EdgeDensity_2km": 1.3487816431793251, "NatCoverPct_500m": 9.273082484247386, "EdgeDensity_500m": 2.213974495988704, "gHM": 0.41489648818969727, "DistWater_m": 879.9091156700583, "LST_C": 30.89688000000001, "NightLights": 1.5631250143051147, "BuiltUp_Pct": 100.0, "hard_filter_pass": true}}, {"type": "Feature", "geometry": {"type": "Polygon", "coordinates": [[[77.95698661645127, 16.457446791063166], [77.95699003928286, 16.457672489010463], [77.95722392946311, 16.4576691859113], [77.95722050636176, 16.457443488011798], [77.95698661645127, 16.457446791063166]]]}, "properties": {"name": "grid_00498", "display_name": "SFV-T0499", "role": "candidate_grid_cell", "area_ha": 0.0625, "named_subarea": null, "gee_matched": true, "NDVI_raw": 0.338851066302782, "TreeCover_Pct": 100.0, "Elev_m": 359.29065793410285, "ElevStd_m": 1.7127993384716065, "TRI_m": 0.18827549173327843, "Slope_deg": 0.05246032401919365, "NatCoverPct_2km": 11.707416004047284, "EdgeDensity_2km": 1.3358461230813299, "NatCoverPct_500m": 10.417573383625905, "EdgeDensity_500m": 2.3609458871318734, "gHM": 0.41489648818969727, "DistWater_m": 806.8968881445038, "LST_C": 30.89688000000001, "NightLights": 1.5631250143051147, "BuiltUp_Pct": 100.0, "hard_filter_pass": true}}, {"type": "Feature", "geometry": {"type": "Polygon", "coordinates": [[[77.95699003928286, 16.457672489010463], [77.956993462168, 16.45789818695221], [77.95722735261803, 16.457894883805256], [77.95722392946311, 16.4576691859113], [77.95699003928286, 16.457672489010463]]]}, "properties": {"name": "grid_00499", "display_name": "SFV-T0500", "role": "candidate_grid_cell", "area_ha": 0.0625, "named_subarea": null, "gee_matched": true, "NDVI_raw": 0.3407708663108934, "TreeCover_Pct": 100.0, "Elev_m": 358.9571674930667, "ElevStd_m": 1.6557846278233619, "TRI_m": 0.19586399669721302, "Slope_deg": 0.05246032401919365, "NatCoverPct_2km": 11.630787762051849, "EdgeDensity_2km": 1.321250345871357, "NatCoverPct_500m": 11.538136050164923, "EdgeDensity_500m": 2.5324254230985184, "gHM": 0.41489648818969727, "DistWater_m": 729.3983834868504, "LST_C": 30.89688000000001, "NightLights": 1.5631250143051147, "BuiltUp_Pct": 100.0, "hard_filter_pass": true}}, {"type": "Feature", "geometry": {"type": "Polygon", "coordinates": [[[77.956993462168, 16.45789818695221], [77.95699688510669, 16.45812388488842], [77.9572307758265, 16.458120581693674], [77.95722735261803, 16.457894883805256], [77.956993462168, 16.45789818695221]]]}, "properties": {"name": "grid_00500", "display_name": "SFV-T0501", "role": "candidate_grid_cell", "area_ha": 0.0625, "named_subarea": null, "gee_matched": true, "NDVI_raw": 0.31178229370554866, "TreeCover_Pct": 84.60144927536233, "Elev_m": 358.6212648769507, "ElevStd_m": 1.6914413756465227, "TRI_m": 0.20008973228636112, "Slope_deg": 0.05246032401919365, "NatCoverPct_2km": 11.558416333449205, "EdgeDensity_2km": 1.3068345479711385, "NatCoverPct_500m": 12.596215177685858, "EdgeDensity_500m": 2.709330424089084, "gHM": 0.3900011504149955, "DistWater_m": 657.1184685580588, "LST_C": 30.89688000000001, "NightLights": 1.5631250143051147, "BuiltUp_Pct": 100.0, "hard_filter_pass": true}}, {"type": "Feature", "geometry": {"type": "Polygon", "coordinates": [[[77.95699688510669, 16.45812388488842], [77.95700030809896, 16.458349582819086], [77.95723419908855, 16.45834627957654], [77.9572307758265, 16.458120581693674], [77.95699688510669, 16.45812388488842]]]}, "properties": {"name": "grid_00501", "display_name": "SFV-T0502", "role": "candidate_grid_cell", "area_ha": 0.0625, "named_subarea": null, "gee_matched": true, "NDVI_raw": 0.3226838263061762, "TreeCover_Pct": 95.07897934386389, "Elev_m": 358.56560923320274, "ElevStd_m": 1.798294646833511, "TRI_m": 0.20331408172757864, "Slope_deg": 0.05246032401919365, "NatCoverPct_2km": 11.489610275313105, "EdgeDensity_2km": 1.2940113006006833, "NatCoverPct_500m": 13.599901348717777, "EdgeDensity_500m": 2.8644173529539767, "gHM": 0.35214659571647644, "DistWater_m": 579.3522329061342, "LST_C": 30.67068637635716, "NightLights": 1.5631250143051147, "BuiltUp_Pct": 77.27825030376671, "SEGMENT_ID": -914338363.0, "hard_filter_pass": true}}, {"type": "Feature", "geometry": {"type": "Polygon", "coordinates": [[[77.95700030809896, 16.458349582819086], [77.95700373114477, 16.458575280744196], [77.95723762240416, 16.458571977453854], [77.95723419908855, 16.45834627957654], [77.95700030809896, 16.458349582819086]]]}, "properties": {"name": "grid_00502", "display_name": "SFV-T0503", "role": "candidate_grid_cell", "area_ha": 0.0625, "named_subarea": null, "gee_matched": true, "NDVI_raw": 0.252538937259547, "TreeCover_Pct": 15.08515815085158, "Elev_m": 358.85011039047055, "ElevStd_m": 1.9494155475836785, "TRI_m": 0.21281059213500683, "Slope_deg": 0.05246032401919365, "NatCoverPct_2km": 11.423848243689354, "EdgeDensity_2km": 1.279157911188229, "NatCoverPct_500m": 14.5574887651235, "EdgeDensity_500m": 3.048855089557428, "gHM": 0.35214659571647644, "DistWater_m": 507.57560059943586, "LST_C": 29.761774193548376, "NightLights": 1.5631250143051147, "BuiltUp_Pct": 7.360097323600972, "SEGMENT_ID": -914338363.0, "hard_filter_pass": true}}, {"type": "Feature", "geometry": {"type": "Polygon", "coordinates": [[[77.95700373114477, 16.458575280744196], [77.95700715424415, 16.458800978663763], [77.95724104577334, 16.458797675325627], [77.95723762240416, 16.458571977453854], [77.95700373114477, 16.458575280744196]]]}, "properties": {"name": "grid_00503", "display_name": "SFV-T0504", "role": "candidate_grid_cell", "area_ha": 0.0625, "named_subarea": null, "gee_matched": true, "NDVI_raw": 0.2845361742165178, "TreeCover_Pct": 19.903498190591073, "Elev_m": 358.88525583890726, "ElevStd_m": 2.130747455715781, "TRI_m": 0.22345064362579653, "Slope_deg": 0.05246032401919365, "NatCoverPct_2km": 11.36233975112737, "EdgeDensity_2km": 1.2672583799406334, "NatCoverPct_500m": 15.451996976644425, "EdgeDensity_500m": 3.190143048434136, "gHM": 0.35214659571647644, "DistWater_m": 430.04706630986504, "LST_C": 29.761774193548376, "NightLights": 1.5631250143051147, "BuiltUp_Pct": 0.0, "SEGMENT_ID": -914338363.0, "hard_filter_pass": true}}, {"type": "Feature", "geometry": {"type": "Polygon", "coordinates": [[[77.95724104577334, 16.458797675325627], [77.95700715424415, 16.458800978663763], [77.95701041289838, 16.459015830805033], [77.95724238541487, 16.458885995027227], [77.95724104577334, 16.458797675325627]]]}, "properties": {"name": "grid_00504", "display_name": "SFV-T0505", "role": "candidate_grid_cell", "area_ha": 0.04198, "named_subarea": null, "gee_matched": true, "NDVI_raw": 0.3199860192868386, "TreeCover_Pct": 81.89884649511981, "Elev_m": 357.35520281110496, "ElevStd_m": 2.2769985355704456, "TRI_m": 0.2331612279424325, "Slope_deg": 0.05246032401919365, "NatCoverPct_2km": 11.314567957208563, "EdgeDensity_2km": 1.2587105180510851, "NatCoverPct_500m": 16.150896315603678, "EdgeDensity_500m": 3.2954045388822566, "gHM": 0.35214659571647644, "DistWater_m": 369.35923327233286, "LST_C": 29.761774193548376, "NightLights": 1.5631250143051147, "BuiltUp_Pct": 0.0, "SEGMENT_ID": 1757724738.0, "hard_filter_pass": true}}, {"type": "Feature", "geometry": {"type": "Polygon", "coordinates": [[[77.95743728016654, 16.456311695358323], [77.9574339803067, 16.45609412002706], [77.9572814, 16.4561765], [77.9572409, 16.4562185], [77.957233, 16.456304800000005], [77.95723312112158, 16.456314578593474], [77.95743728016654, 16.456311695358323]]]}, "properties": {"name": "grid_00505", "display_name": "SFV-T0506", "role": "candidate_grid_cell", "area_ha": 0.03857, "named_subarea": null, "gee_matched": true, "NDVI_raw": 0.2818989661539208, "TreeCover_Pct": 43.804034582132566, "Elev_m": 362.1857664784369, "ElevStd_m": 1.5918423553108554, "TRI_m": 0.22432765853311853, "Slope_deg": 0.05246032401919365, "NatCoverPct_2km": 12.217081328529837, "EdgeDensity_2km": 1.4482007140727098, "NatCoverPct_500m": 4.029848725321512, "EdgeDensity_500m": 1.6125101189906261, "gHM": 0.41489648818969727, "DistWater_m": 1151.4198652897592, "LST_C": 30.89688000000001, "NightLights": 1.5140790174376155, "BuiltUp_Pct": 100.0, "hard_filter_pass": true}}, {"type": "Feature", "geometry": {"type": "Polygon", "coordinates": [[[77.95720681449197, 16.456540696358317], [77.95744070326984, 16.456537393237767], [77.95743728016654, 16.456311695358323], [77.95723312112158, 16.456314578593474], [77.9572345, 16.456425899999992], [77.9572050423826, 16.45642384583193], [77.95720681449197, 16.456540696358317]]]}, "properties": {"name": "grid_00506", "display_name": "SFV-T0507", "role": "candidate_grid_cell", "area_ha": 0.05865, "named_subarea": null, "gee_matched": true, "NDVI_raw": 0.23771357472440185, "TreeCover_Pct": 2.0473448496481126, "Elev_m": 361.98957923308296, "ElevStd_m": 1.687322015990387, "TRI_m": 0.22424407823436615, "Slope_deg": 0.05246032401919365, "NatCoverPct_2km": 12.11951122578089, "EdgeDensity_2km": 1.427807296306249, "NatCoverPct_500m": 5.036800974911504, "EdgeDensity_500m": 1.7184749598622742, "gHM": 0.41489648818969727, "DistWater_m": 1097.3874940664796, "LST_C": 30.89688000000001, "NightLights": 1.5631250143051147, "BuiltUp_Pct": 100.0, "hard_filter_pass": true}}, {"type": "Feature", "geometry": {"type": "Polygon", "coordinates": [[[77.95720681449197, 16.456540696358317], [77.95721023737907, 16.456766394280006], [77.9574441264267, 16.45676309111165], [77.95744070326984, 16.456537393237767], [77.95720681449197, 16.456540696358317]]]}, "properties": {"name": "grid_00507", "display_name": "SFV-T0508", "role": "candidate_grid_cell", "area_ha": 0.0625, "named_subarea": null, "gee_matched": true, "NDVI_raw": 0.21856674583381913, "TreeCover_Pct": 0.0, "Elev_m": 361.3259867840502, "ElevStd_m": 1.8057498377967725, "TRI_m": 0.22306737811983354, "Slope_deg": 0.05246032401919365, "NatCoverPct_2km": 12.015620319955891, "EdgeDensity_2km": 1.4039048349805272, "NatCoverPct_500m": 6.196717490324577, "EdgeDensity_500m": 1.8415576615346514, "gHM": 0.41489648818969727, "DistWater_m": 1039.4748209236457, "LST_C": 30.89688000000001, "NightLights": 1.5631250143051147, "BuiltUp_Pct": 100.0, "hard_filter_pass": true}}, {"type": "Feature", "geometry": {"type": "Polygon", "coordinates": [[[77.95721023737907, 16.456766394280006], [77.95721366031974, 16.456992092196153], [77.95744754963712, 16.456988788979995], [77.9574441264267, 16.45676309111165], [77.95721023737907, 16.456766394280006]]]}, "properties": {"name": "grid_00508", "display_name": "SFV-T0509", "role": "candidate_grid_cell", "area_ha": 0.0625, "named_subarea": null, "gee_matched": true, "NDVI_raw": 0.2412921900130305, "TreeCover_Pct": 0.0, "Elev_m": 360.7466949258574, "ElevStd_m": 1.8940432460564363, "TRI_m": 0.21462005406489387, "Slope_deg": 0.05246032401919365, "NatCoverPct_2km": 11.915260182725168, "EdgeDensity_2km": 1.3796668295003902, "NatCoverPct_500m": 7.4184510067711225, "EdgeDensity_500m": 1.9686657659130187, "gHM": 0.41489648818969727, "DistWater_m": 978.0214324773751, "LST_C": 30.89688000000001, "NightLights": 1.5631250143051147, "BuiltUp_Pct": 100.0, "hard_filter_pass": true}}, {"type": "Feature", "geometry": {"type": "Polygon", "coordinates": [[[77.95721366031974, 16.456992092196153], [77.95721708331396, 16.45721779010675], [77.95745097290111, 16.4572144868428], [77.95744754963712, 16.456988788979995], [77.95721366031974, 16.456992092196153]]]}, "properties": {"name": "grid_00509", "display_name": "SFV-T0510", "role": "candidate_grid_cell", "area_ha": 0.0625, "named_subarea": null, "gee_matched": true, "NDVI_raw": 0.27433687385665373, "TreeCover_Pct": 0.0, "Elev_m": 360.45408880394626, "ElevStd_m": 1.898978289865644, "TRI_m": 0.2016618456941966, "Slope_deg": 0.05246032401919365, "NatCoverPct_2km": 11.825197393259018, "EdgeDensity_2km": 1.3526557215458157, "NatCoverPct_500m": 8.612928169261327, "EdgeDensity_500m": 2.119441772655681, "gHM": 0.41489648818969727, "DistWater_m": 920.9793337680896, "LST_C": 30.89688000000001, "NightLights": 1.5631250143051147, "BuiltUp_Pct": 100.0, "hard_filter_pass": true}}, {"type": "Feature", "geometry": {"type": "Polygon", "coordinates": [[[77.95721708331396, 16.45721779010675], [77.95722050636176, 16.457443488011798], [77.95745439621868, 16.45744018470005], [77.95745097290111, 16.4572144868428], [77.95721708331396, 16.45721779010675]]]}, "properties": {"name": "grid_00510", "display_name": "SFV-T0511", "role": "candidate_grid_cell", "area_ha": 0.0625, "named_subarea": null, "gee_matched": true, "NDVI_raw": 0.3173607381981516, "TreeCover_Pct": 79.83343248066627, "Elev_m": 360.25993653069924, "ElevStd_m": 1.8081635045302018, "TRI_m": 0.19386981429908726, "Slope_deg": 0.05246032401919365, "NatCoverPct_2km": 11.745055778562646, "EdgeDensity_2km": 1.3349820196648283, "NatCoverPct_500m": 9.785304658284923, "EdgeDensity_500m": 2.271765606480369, "gHM": 0.41489648818969727, "DistWater_m": 862.6386203199696, "LST_C": 30.89688000000001, "NightLights": 1.5631250143051147, "BuiltUp_Pct": 100.0, "hard_filter_pass": true}}, {"type": "Feature", "geometry": {"type": "Polygon", "coordinates": [[[77.95722050636176, 16.457443488011798], [77.95722392946311, 16.4576691859113], [77.9574578195898, 16.45766588255176], [77.95745439621868, 16.45744018470005], [77.95722050636176, 16.457443488011798]]]}, "properties": {"name": "grid_00511", "display_name": "SFV-T0512", "role": "candidate_grid_cell", "area_ha": 0.0625, "named_subarea": null, "gee_matched": true, "NDVI_raw": 0.3406984083962224, "TreeCover_Pct": 100.0, "Elev_m": 359.6593723815733, "ElevStd_m": 1.6708388858831398, "TRI_m": 0.191117114239399, "Slope_deg": 0.05246032401919365, "NatCoverPct_2km": 11.665074870102481, "EdgeDensity_2km": 1.3220024669676669, "NatCoverPct_500m": 10.956167592394682, "EdgeDensity_500m": 2.4285732247154392, "gHM": 0.41489648818969727, "DistWater_m": 801.5358536788459, "LST_C": 30.89688000000001, "NightLights": 1.5631250143051147, "BuiltUp_Pct": 100.0, "hard_filter_pass": true}}, {"type": "Feature", "geometry": {"type": "Polygon", "coordinates": [[[77.95722392946311, 16.4576691859113], [77.95722735261803, 16.457894883805256], [77.9574612430145, 16.457891580397913], [77.9574578195898, 16.45766588255176], [77.95722392946311, 16.4576691859113]]]}, "properties": {"name": "grid_00512", "display_name": "SFV-T0513", "role": "candidate_grid_cell", "area_ha": 0.0625, "named_subarea": null, "gee_matched": true, "NDVI_raw": 0.3460023329956507, "TreeCover_Pct": 100.0, "Elev_m": 359.41124082168744, "ElevStd_m": 1.5805865403803492, "TRI_m": 0.19559118598484904, "Slope_deg": 0.05246032401919365, "NatCoverPct_2km": 11.588053326875457, "EdgeDensity_2km": 1.3074944741983274, "NatCoverPct_500m": 12.08362791246478, "EdgeDensity_500m": 2.60899589056067, "gHM": 0.41489648818969727, "DistWater_m": 729.4576680141519, "LST_C": 30.89688000000001, "NightLights": 1.5631250143051147, "BuiltUp_Pct": 100.0, "hard_filter_pass": true}}, {"type": "Feature", "geometry": {"type": "Polygon", "coordinates": [[[77.95722735261803, 16.457894883805256], [77.9572307758265, 16.458120581693674], [77.95746466649275, 16.458117278238532], [77.9574612430145, 16.457891580397913], [77.95722735261803, 16.457894883805256]]]}, "properties": {"name": "grid_00513", "display_name": "SFV-T0514", "role": "candidate_grid_cell", "area_ha": 0.0625, "named_subarea": null, "gee_matched": true, "NDVI_raw": 0.32740987336350885, "TreeCover_Pct": 100.0, "Elev_m": 359.3587707033642, "ElevStd_m": 1.5690418051697987, "TRI_m": 0.19490068465112578, "Slope_deg": 0.05246032401919365, "NatCoverPct_2km": 11.514477668707553, "EdgeDensity_2km": 1.2925196954722062, "NatCoverPct_500m": 13.15873972279473, "EdgeDensity_500m": 2.795796367955141, "gHM": 0.39245562033644493, "DistWater_m": 656.369808800314, "LST_C": 30.89688000000001, "NightLights": 1.5631250143051147, "BuiltUp_Pct": 100.0, "hard_filter_pass": true}}, {"type": "Feature", "geometry": {"type": "Polygon", "coordinates": [[[77.9572307758265, 16.458120581693674], [77.95723419908855, 16.45834627957654], [77.95746809002459, 16.4583429760736], [77.95746466649275, 16.458117278238532], [77.9572307758265, 16.458120581693674]]]}, "properties": {"name": "grid_00514", "display_name": "SFV-T0515", "role": "candidate_grid_cell", "area_ha": 0.0625, "named_subarea": null, "gee_matched": true, "NDVI_raw": 0.316238311566434, "TreeCover_Pct": 82.97625940938043, "Elev_m": 359.29602750547383, "ElevStd_m": 1.6467851322315055, "TRI_m": 0.20146955265993932, "Slope_deg": 0.05246032401919365, "NatCoverPct_2km": 11.44338981293619, "EdgeDensity_2km": 1.2795855107755176, "NatCoverPct_500m": 14.196881019034125, "EdgeDensity_500m": 2.953065376351784, "gHM": 0.35214659571647644, "DistWater_m": 579.3685063196451, "LST_C": 30.699041639987303, "NightLights": 1.5631250143051147, "BuiltUp_Pct": 100.0, "hard_filter_pass": true}}, {"type": "Feature", "geometry": {"type": "Polygon", "coordinates": [[[77.95723419908855, 16.45834627957654], [77.95723762240416, 16.458571977453854], [77.95747151360999, 16.458568673903116], [77.95746809002459, 16.4583429760736], [77.95723419908855, 16.45834627957654]]]}, "properties": {"name": "grid_00515", "display_name": "SFV-T0516", "role": "candidate_grid_cell", "area_ha": 0.0625, "named_subarea": null, "gee_matched": true, "NDVI_raw": 0.29673217266938934, "TreeCover_Pct": 24.113475177304966, "Elev_m": 359.4313994062708, "ElevStd_m": 1.7879001136997827, "TRI_m": 0.21123300042150145, "Slope_deg": 0.05246032401919365, "NatCoverPct_2km": 11.374236845463079, "EdgeDensity_2km": 1.265232223160053, "NatCoverPct_500m": 15.206262591288352, "EdgeDensity_500m": 3.1304735533377377, "gHM": 0.35214659571647644, "DistWater_m": 504.81374623788963, "LST_C": 29.761774193548376, "NightLights": 1.5631250143051147, "BuiltUp_Pct": 54.1371158392435, "SEGMENT_ID": -914338363.0, "hard_filter_pass": true}}, {"type": "Feature", "geometry": {"type": "Polygon", "coordinates": [[[77.95723762240416, 16.458571977453854], [77.95724104577334, 16.458797675325627], [77.95747493724896, 16.45879437172709], [77.95747151360999, 16.458568673903116], [77.95723762240416, 16.458571977453854]]]}, "properties": {"name": "grid_00516", "display_name": "SFV-T0517", "role": "candidate_grid_cell", "area_ha": 0.0625, "named_subarea": null, "gee_matched": true, "NDVI_raw": 0.3081483081200697, "TreeCover_Pct": 64.96350364963504, "Elev_m": 359.3991301413581, "ElevStd_m": 1.9762484303536005, "TRI_m": 0.22131113997643465, "Slope_deg": 0.05246032401919365, "NatCoverPct_2km": 11.307647502337556, "EdgeDensity_2km": 1.253189752919151, "NatCoverPct_500m": 16.176465610164552, "EdgeDensity_500m": 3.27328348226915, "gHM": 0.35214659571647644, "DistWater_m": 426.02189781021906, "LST_C": 29.761774193548376, "NightLights": 1.5631250143051147, "BuiltUp_Pct": 9.124087591240878, "SEGMENT_ID": -914338363.0, "hard_filter_pass": true}}, {"type": "Feature", "geometry": {"type": "Polygon", "coordinates": [[[77.95747836094151, 16.459020069545517], [77.95747493724896, 16.45879437172709], [77.95724104577334, 16.458797675325627], [77.95724238541487, 16.458885995027227], [77.957341, 16.4588308], [77.9573956, 16.4589327], [77.95742756997336, 16.459020786973944], [77.95747836094151, 16.459020069545517]]]}, "properties": {"name": "grid_00517", "display_name": "SFV-T0518", "role": "candidate_grid_cell", "area_ha": 0.03277, "named_subarea": null, "gee_matched": true, "NDVI_raw": 0.2384705959372438, "TreeCover_Pct": 0.0, "Elev_m": 358.63062133789066, "ElevStd_m": 2.112295991907117, "TRI_m": 0.23342569945073854, "Slope_deg": 0.05246032401919365, "NatCoverPct_2km": 11.243525641178548, "EdgeDensity_2km": 1.241463723957897, "NatCoverPct_500m": 17.100147395053572, "EdgeDensity_500m": 3.3988390221634206, "gHM": 0.35214659571647644, "DistWater_m": 364.8208092485549, "LST_C": 29.761774193548376, "NightLights": 1.5631250143051147, "BuiltUp_Pct": 0.0, "SEGMENT_ID": -701647486.0, "hard_filter_pass": true}}, {"type": "Feature", "geometry": {"type": "Polygon", "coordinates": [[[77.95743728016654, 16.456311695358323], [77.95767116862108, 16.456308392025203], [77.9576677453016, 16.456082694188026], [77.95744943190053, 16.456085777513294], [77.9574339803067, 16.45609412002706], [77.95743728016654, 16.456311695358323]]]}, "properties": {"name": "grid_00518", "display_name": "SFV-T0519", "role": "candidate_grid_cell", "area_ha": 0.06243, "named_subarea": null, "gee_matched": true, "NDVI_raw": 0.24616667223026564, "TreeCover_Pct": 29.169157202630007, "Elev_m": 362.98958905499927, "ElevStd_m": 1.4909332604565706, "TRI_m": 0.22318132815991681, "Slope_deg": 0.05246032401919365, "NatCoverPct_2km": 12.224604577136752, "EdgeDensity_2km": 1.4470621979034233, "NatCoverPct_500m": 4.221512755886629, "EdgeDensity_500m": 1.6386609075452117, "gHM": 0.41489648818969727, "DistWater_m": 1127.55241216244, "LST_C": 30.89688000000001, "NightLights": 1.4984220009112317, "BuiltUp_Pct": 100.0, "hard_filter_pass": true}}, {"type": "Feature", "geometry": {"type": "Polygon", "coordinates": [[[77.95743728016654, 16.456311695358323], [77.95744070326984, 16.456537393237767], [77.95767459199412, 16.45653408985684], [77.95767116862108, 16.456308392025203], [77.95743728016654, 16.456311695358323]]]}, "properties": {"name": "grid_00519", "display_name": "SFV-T0520", "role": "candidate_grid_cell", "area_ha": 0.0625, "named_subarea": null, "gee_matched": true, "NDVI_raw": 0.17239355530761352, "TreeCover_Pct": 0.0, "Elev_m": 362.67444287224674, "ElevStd_m": 1.5501142731087185, "TRI_m": 0.22380505343987817, "Slope_deg": 0.05246032401919365, "NatCoverPct_2km": 12.10845289132661, "EdgeDensity_2km": 1.421845836663524, "NatCoverPct_500m": 5.414521577908428, "EdgeDensity_500m": 1.7658477045817447, "gHM": 0.41489648818969727, "DistWater_m": 1059.3247801378564, "LST_C": 30.89688000000001, "NightLights": 1.5631250143051147, "BuiltUp_Pct": 100.0, "hard_filter_pass": false}}, {"type": "Feature", "geometry": {"type": "Polygon", "coordinates": [[[77.95744070326984, 16.456537393237767], [77.9574441264267, 16.45676309111165], [77.95767801542074, 16.45675978768293], [77.95767459199412, 16.45653408985684], [77.95744070326984, 16.456537393237767]]]}, "properties": {"name": "grid_00520", "display_name": "SFV-T0521", "role": "candidate_grid_cell", "area_ha": 0.0625, "named_subarea": null, "gee_matched": true, "NDVI_raw": 0.23989424757732478, "TreeCover_Pct": 0.0, "Elev_m": 361.89587974548334, "ElevStd_m": 1.6587827133654989, "TRI_m": 0.22782738421633308, "Slope_deg": 0.05246032401919365, "NatCoverPct_2km": 11.997862491510086, "EdgeDensity_2km": 1.3986070346157442, "NatCoverPct_500m": 6.626206843190779, "EdgeDensity_500m": 1.8901830121935594, "gHM": 0.41489648818969727, "DistWater_m": 995.8117625652557, "LST_C": 30.89688000000001, "NightLights": 1.5631250143051147, "BuiltUp_Pct": 100.0, "hard_filter_pass": true}}, {"type": "Feature", "geometry": {"type": "Polygon", "coordinates": [[[77.9574441264267, 16.45676309111165], [77.95744754963712, 16.456988788979995], [77.95768143890092, 16.456985485503477], [77.95767801542074, 16.45675978768293], [77.9574441264267, 16.45676309111165]]]}, "properties": {"name": "grid_00521", "display_name": "SFV-T0522", "role": "candidate_grid_cell", "area_ha": 0.0625, "named_subarea": null, "gee_matched": true, "NDVI_raw": 0.2629648516995246, "TreeCover_Pct": 0.0, "Elev_m": 361.24671937826093, "ElevStd_m": 1.7781046108223113, "TRI_m": 0.22486997524115324, "Slope_deg": 0.05246032401919365, "NatCoverPct_2km": 11.893197459378335, "EdgeDensity_2km": 1.3753872302299706, "NatCoverPct_500m": 7.8413935010892795, "EdgeDensity_500m": 2.0151023872217255, "gHM": 0.41489648818969727, "DistWater_m": 931.8651084990556, "LST_C": 30.89688000000001, "NightLights": 1.5631250143051147, "BuiltUp_Pct": 100.0, "hard_filter_pass": true}}, {"type": "Feature", "geometry": {"type": "Polygon", "coordinates": [[[77.95744754963712, 16.456988788979995], [77.95745097290111, 16.4572144868428], [77.95768486243469, 16.457211183318474], [77.95768143890092, 16.456985485503477], [77.95744754963712, 16.456988788979995]]]}, "properties": {"name": "grid_00522", "display_name": "SFV-T0523", "role": "candidate_grid_cell", "area_ha": 0.0625, "named_subarea": null, "gee_matched": true, "NDVI_raw": 0.2684191013133404, "TreeCover_Pct": 0.0, "Elev_m": 360.6766834776398, "ElevStd_m": 1.829887993012672, "TRI_m": 0.20921654233467063, "Slope_deg": 0.05246032401919365, "NatCoverPct_2km": 11.795982531309543, "EdgeDensity_2km": 1.3513421591912391, "NatCoverPct_500m": 9.043121920458672, "EdgeDensity_500m": 2.1677746446724924, "gHM": 0.41489648818969727, "DistWater_m": 871.9609335693452, "LST_C": 30.89688000000001, "NightLights": 1.5631250143051147, "BuiltUp_Pct": 100.0, "hard_filter_pass": true}}, {"type": "Feature", "geometry": {"type": "Polygon", "coordinates": [[[77.95745097290111, 16.4572144868428], [77.95745439621868, 16.45744018470005], [77.95768828602202, 16.457436881127926], [77.95768486243469, 16.457211183318474], [77.95745097290111, 16.4572144868428]]]}, "properties": {"name": "grid_00523", "display_name": "SFV-T0524", "role": "candidate_grid_cell", "area_ha": 0.0625, "named_subarea": null, "gee_matched": true, "NDVI_raw": 0.3165573585853298, "TreeCover_Pct": 79.9147900182593, "Elev_m": 360.4279538118033, "ElevStd_m": 1.7666596338585732, "TRI_m": 0.1980552054788816, "Slope_deg": 0.05246032401919365, "NatCoverPct_2km": 11.708548480742564, "EdgeDensity_2km": 1.3261526726957924, "NatCoverPct_500m": 10.237221909236201, "EdgeDensity_500m": 2.318057735039738, "gHM": 0.41489648818969727, "DistWater_m": 812.4174713374856, "LST_C": 30.89688000000001, "NightLights": 1.5631250143051147, "BuiltUp_Pct": 100.0, "hard_filter_pass": true}}, {"type": "Feature", "geometry": {"type": "Polygon", "coordinates": [[[77.95745439621868, 16.45744018470005], [77.9574578195898, 16.45766588255176], [77.95769170966292, 16.45766257893183], [77.95768828602202, 16.457436881127926], [77.95745439621868, 16.45744018470005]]]}, "properties": {"name": "grid_00524", "display_name": "SFV-T0525", "role": "candidate_grid_cell", "area_ha": 0.0625, "named_subarea": null, "gee_matched": true, "NDVI_raw": 0.3407800258858654, "TreeCover_Pct": 99.81916817359857, "Elev_m": 360.0054695078808, "ElevStd_m": 1.6341457231136827, "TRI_m": 0.19290920257635014, "Slope_deg": 0.05246032401919365, "NatCoverPct_2km": 11.626476442999492, "EdgeDensity_2km": 1.3102119944999717, "NatCoverPct_500m": 11.439565317892232, "EdgeDensity_500m": 2.477535202345178, "gHM": 0.41489648818969727, "DistWater_m": 757.7657139610973, "LST_C": 30.89688000000001, "NightLights": 1.5631250143051147, "BuiltUp_Pct": 100.0, "hard_filter_pass": true}}, {"type": "Feature", "geometry": {"type": "Polygon", "coordinates": [[[77.9574578195898, 16.45766588255176], [77.9574612430145, 16.457891580397913], [77.95769513335739, 16.457888276730184], [77.95769170966292, 16.45766257893183], [77.9574578195898, 16.45766588255176]]]}, "properties": {"name": "grid_00525", "display_name": "SFV-T0526", "role": "candidate_grid_cell", "area_ha": 0.0625, "named_subarea": null, "gee_matched": true, "NDVI_raw": 0.3479317809218791, "TreeCover_Pct": 100.0, "Elev_m": 359.73433996399837, "ElevStd_m": 1.5290836604924811, "TRI_m": 0.19412389495037796, "Slope_deg": 0.05246032401919365, "NatCoverPct_2km": 11.547976276977073, "EdgeDensity_2km": 1.294547521047007, "NatCoverPct_500m": 12.58919102680845, "EdgeDensity_500m": 2.6751384138347567, "gHM": 0.41489648818969727, "DistWater_m": 703.4324330595197, "LST_C": 30.89688000000001, "NightLights": 1.5631250143051147, "BuiltUp_Pct": 100.0, "hard_filter_pass": true}}, {"type": "Feature", "geometry": {"type": "Polygon", "coordinates": [[[77.9574612430145, 16.457891580397913], [77.95746466649275, 16.458117278238532], [77.95769855710545, 16.458113974523], [77.95769513335739, 16.457888276730184], [77.9574612430145, 16.457891580397913]]]}, "properties": {"name": "grid_00526", "display_name": "SFV-T0527", "role": "candidate_grid_cell", "area_ha": 0.0625, "named_subarea": null, "gee_matched": true, "NDVI_raw": 0.31279353176778596, "TreeCover_Pct": 69.98191681735985, "Elev_m": 359.75898509976946, "ElevStd_m": 1.4970670749305308, "TRI_m": 0.19328407936742995, "Slope_deg": 0.05246032401919365, "NatCoverPct_2km": 11.472599129542841, "EdgeDensity_2km": 1.2786769845428512, "NatCoverPct_500m": 13.69135124261087, "EdgeDensity_500m": 2.8758104824982187, "gHM": 0.39307208315229614, "DistWater_m": 645.9489270797374, "LST_C": 30.89688000000001, "NightLights": 1.5631250143051147, "BuiltUp_Pct": 100.0, "hard_filter_pass": true}}, {"type": "Feature", "geometry": {"type": "Polygon", "coordinates": [[[77.95746466649275, 16.458117278238532], [77.95746809002459, 16.4583429760736], [77.95770198090706, 16.458339672310263], [77.95769855710545, 16.458113974523], [77.95746466649275, 16.458117278238532]]]}, "properties": {"name": "grid_00527", "display_name": "SFV-T0528", "role": "candidate_grid_cell", "area_ha": 0.0625, "named_subarea": null, "gee_matched": true, "NDVI_raw": 0.3011727191403517, "TreeCover_Pct": 30.371272063298843, "Elev_m": 359.66840996396877, "ElevStd_m": 1.5466935214259974, "TRI_m": 0.20072872823173038, "Slope_deg": 0.05246032401919365, "NatCoverPct_2km": 11.396180832206495, "EdgeDensity_2km": 1.26528449687512, "NatCoverPct_500m": 14.809011910461182, "EdgeDensity_500m": 3.0387392223141005, "gHM": 0.35214659571647644, "DistWater_m": 578.2597509697393, "LST_C": 30.72761589617734, "NightLights": 1.5631250143051147, "BuiltUp_Pct": 100.0, "hard_filter_pass": true}}, {"type": "Feature", "geometry": {"type": "Polygon", "coordinates": [[[77.95746809002459, 16.4583429760736], [77.95747151360999, 16.458568673903116], [77.95770540476225, 16.45856537009198], [77.95770198090706, 16.458339672310263], [77.95746809002459, 16.4583429760736]]]}, "properties": {"name": "grid_00528", "display_name": "SFV-T0529", "role": "candidate_grid_cell", "area_ha": 0.0625, "named_subarea": null, "gee_matched": true, "NDVI_raw": 0.30831047853473825, "TreeCover_Pct": 36.07632677400119, "Elev_m": 359.45024903217234, "ElevStd_m": 1.6727575166369621, "TRI_m": 0.20854304489767042, "Slope_deg": 0.05246032401919365, "NatCoverPct_2km": 11.323503740135894, "EdgeDensity_2km": 1.251086611543448, "NatCoverPct_500m": 15.871202852702245, "EdgeDensity_500m": 3.2118529895054655, "gHM": 0.35214659571647644, "DistWater_m": 506.4219491294598, "LST_C": 29.761774193548376, "NightLights": 1.5631250143051147, "BuiltUp_Pct": 100.0, "hard_filter_pass": true}}, {"type": "Feature", "geometry": {"type": "Polygon", "coordinates": [[[77.95747151360999, 16.458568673903116], [77.95747493724896, 16.45879437172709], [77.95770882867102, 16.458791067868145], [77.95770540476225, 16.45856537009198], [77.95747151360999, 16.458568673903116]]]}, "properties": {"name": "grid_00529", "display_name": "SFV-T0530", "role": "candidate_grid_cell", "area_ha": 0.0625, "named_subarea": null, "gee_matched": true, "NDVI_raw": 0.3532249886622371, "TreeCover_Pct": 93.63057324840764, "Elev_m": 359.06899722242326, "ElevStd_m": 1.8509629705923845, "TRI_m": 0.2194566257205339, "Slope_deg": 0.05246032401919365, "NatCoverPct_2km": 11.252350325850038, "EdgeDensity_2km": 1.2383414569513769, "NatCoverPct_500m": 16.90634366286541, "EdgeDensity_500m": 3.3558325700872653, "gHM": 0.35214659571647644, "DistWater_m": 428.25130283729, "LST_C": 29.761774193548376, "NightLights": 1.5631250143051147, "BuiltUp_Pct": 62.188766647365384, "SEGMENT_ID": -914338363.0, "hard_filter_pass": true}}, {"type": "Feature", "geometry": {"type": "Polygon", "coordinates": [[[77.95747493724896, 16.45879437172709], [77.95747836094151, 16.459020069545517], [77.95771225263336, 16.459016765638772], [77.95770882867102, 16.458791067868145], [77.95747493724896, 16.45879437172709]]]}, "properties": {"name": "grid_00530", "display_name": "SFV-T0531", "role": "candidate_grid_cell", "area_ha": 0.0625, "named_subarea": null, "gee_matched": true, "NDVI_raw": 0.26302498222533777, "TreeCover_Pct": 34.009840098400986, "Elev_m": 358.5921035710296, "ElevStd_m": 2.049310180020155, "TRI_m": 0.23232029993467054, "Slope_deg": 0.05246032401919365, "NatCoverPct_2km": 11.181755887038374, "EdgeDensity_2km": 1.2270278035177142, "NatCoverPct_500m": 17.927544726015057, "EdgeDensity_500m": 3.482961656231079, "gHM": 0.35214659571647644, "DistWater_m": 354.9446494464945, "LST_C": 29.761774193548376, "NightLights": 1.5631250143051147, "BuiltUp_Pct": 2.5215252152521526, "SEGMENT_ID": -701647486.0, "hard_filter_pass": true}}, {"type": "Feature", "geometry": {"type": "Polygon", "coordinates": [[[77.95771567664926, 16.45924246340385], [77.95771225263336, 16.459016765638772], [77.95747836094151, 16.459020069545517], [77.95748055571863, 16.4591647525263], [77.95751074908775, 16.459245358221857], [77.95771567664926, 16.45924246340385]]]}, "properties": {"name": "grid_00531", "display_name": "SFV-T0532", "role": "candidate_grid_cell", "area_ha": 0.06111, "named_subarea": null, "gee_matched": true, "NDVI_raw": 0.2499452344733531, "TreeCover_Pct": 0.0, "Elev_m": 357.615360378277, "ElevStd_m": 2.2234826255278106, "TRI_m": 0.247155769446697, "Slope_deg": 0.05246032401919365, "NatCoverPct_2km": 11.110078434027413, "EdgeDensity_2km": 1.2147312836681212, "NatCoverPct_500m": 18.961487742143245, "EdgeDensity_500m": 3.6086170820319166, "gHM": 0.35214659571647644, "DistWater_m": 277.96960486322183, "LST_C": 29.761774193548376, "NightLights": 1.5631250143051147, "BuiltUp_Pct": 0.0, "SEGMENT_ID": -701647486.0, "hard_filter_pass": true}}, {"type": "Feature", "geometry": {"type": "Polygon", "coordinates": [[[77.95771910071875, 16.459468161163375], [77.95771567664926, 16.45924246340385], [77.95751074908775, 16.459245358221857], [77.95759486442799, 16.459469916179355], [77.95771910071875, 16.459468161163375]]]}, "properties": {"name": "grid_00532", "display_name": "SFV-T0533", "role": "candidate_grid_cell", "area_ha": 0.04398, "named_subarea": null, "gee_matched": true, "NDVI_raw": 0.246065957087069, "TreeCover_Pct": 0.0, "Elev_m": 357.1882101416894, "ElevStd_m": 2.3442546104347146, "TRI_m": 0.26277088740630483, "Slope_deg": 0.05246032401919365, "NatCoverPct_2km": 11.02995171947683, "EdgeDensity_2km": 1.1995420337781522, "NatCoverPct_500m": 20.11852575432625, "EdgeDensity_500m": 3.7271538102572435, "gHM": 0.35214659571647644, "DistWater_m": 206.9408740359897, "LST_C": 29.761774193548376, "NightLights": 1.5631250143051147, "BuiltUp_Pct": 0.0, "SEGMENT_ID": -701647486.0, "hard_filter_pass": true}}, {"type": "Feature", "geometry": {"type": "Polygon", "coordinates": [[[77.9576677453016, 16.456082694188026], [77.95767116862108, 16.456308392025203], [77.95790505702205, 16.456305088431723], [77.95790163343283, 16.456079390642348], [77.9576677453016, 16.456082694188026]]]}, "properties": {"name": "grid_00533", "display_name": "SFV-T0534", "role": "candidate_grid_cell", "area_ha": 0.0625, "named_subarea": null, "gee_matched": true, "NDVI_raw": 0.29792326009095604, "TreeCover_Pct": 56.537313432835816, "Elev_m": 364.400822462395, "ElevStd_m": 1.4014109115334892, "TRI_m": 0.22378590955223648, "Slope_deg": 0.05246032401919365, "NatCoverPct_2km": 12.224683524818138, "EdgeDensity_2km": 1.443593571567493, "NatCoverPct_500m": 4.533580285122926, "EdgeDensity_500m": 1.6885409211366225, "gHM": 0.41489648818969727, "DistWater_m": 1089.1092575034563, "LST_C": 30.89688000000001, "NightLights": 1.4970343326454734, "BuiltUp_Pct": 100.0, "hard_filter_pass": true}}, {"type": "Feature", "geometry": {"type": "Polygon", "coordinates": [[[77.95767116862108, 16.456308392025203], [77.95767459199412, 16.45653408985684], [77.95790848066484, 16.45653078621556], [77.95790505702205, 16.456305088431723], [77.95767116862108, 16.456308392025203]]]}, "properties": {"name": "grid_00534", "display_name": "SFV-T0535", "role": "candidate_grid_cell", "area_ha": 0.0625, "named_subarea": null, "gee_matched": true, "NDVI_raw": 0.22123387340489808, "TreeCover_Pct": 3.3633633633633635, "Elev_m": 363.59155240445523, "ElevStd_m": 1.438913962420557, "TRI_m": 0.22444347783887394, "Slope_deg": 0.05246032401919365, "NatCoverPct_2km": 12.101740480084782, "EdgeDensity_2km": 1.4177263424418018, "NatCoverPct_500m": 5.748328729602377, "EdgeDensity_500m": 1.8136862344575722, "gHM": 0.41489648818969727, "DistWater_m": 1024.3847841525508, "LST_C": 30.89688000000001, "NightLights": 1.5631250143051147, "BuiltUp_Pct": 100.0, "hard_filter_pass": true}}, {"type": "Feature", "geometry": {"type": "Polygon", "coordinates": [[[77.95767459199412, 16.45653408985684], [77.95767801542074, 16.45675978768293], [77.95791190436121, 16.45675648399384], [77.95790848066484, 16.45653078621556], [77.95767459199412, 16.45653408985684]]]}, "properties": {"name": "grid_00535", "display_name": "SFV-T0536", "role": "candidate_grid_cell", "area_ha": 0.0625, "named_subarea": null, "gee_matched": true, "NDVI_raw": 0.24807127067986093, "TreeCover_Pct": 5.240706886045095, "Elev_m": 362.3455505371094, "ElevStd_m": 1.5379745624469887, "TRI_m": 0.22754107080616043, "Slope_deg": 0.05246032401919365, "NatCoverPct_2km": 11.986488294862092, "EdgeDensity_2km": 1.393914832517158, "NatCoverPct_500m": 6.966996097987001, "EdgeDensity_500m": 1.938916982243399, "gHM": 0.41489648818969727, "DistWater_m": 957.3412674778257, "LST_C": 30.89688000000001, "NightLights": 1.5631250143051147, "BuiltUp_Pct": 100.0, "hard_filter_pass": true}}, {"type": "Feature", "geometry": {"type": "Polygon", "coordinates": [[[77.95767801542074, 16.45675978768293], [77.95768143890092, 16.456985485503477], [77.95791532811116, 16.456982181766584], [77.95791190436121, 16.45675648399384], [77.95767801542074, 16.45675978768293]]]}, "properties": {"name": "grid_00536", "display_name": "SFV-T0537", "role": "candidate_grid_cell", "area_ha": 0.0625, "named_subarea": null, "gee_matched": true, "NDVI_raw": 0.2586118443559357, "TreeCover_Pct": 0.0, "Elev_m": 361.5037214988859, "ElevStd_m": 1.6767347624219187, "TRI_m": 0.2278806668072003, "Slope_deg": 0.05246032401919365, "NatCoverPct_2km": 11.878428548502736, "EdgeDensity_2km": 1.3709680695148618, "NatCoverPct_500m": 8.177624665665018, "EdgeDensity_500m": 2.0633866737978583, "gHM": 0.41489648818969727, "DistWater_m": 891.1118186580545, "LST_C": 30.89688000000001, "NightLights": 1.5631250143051147, "BuiltUp_Pct": 100.0, "hard_filter_pass": true}}, {"type": "Feature", "geometry": {"type": "Polygon", "coordinates": [[[77.95768143890092, 16.456985485503477], [77.95768486243469, 16.457211183318474], [77.95791875191469, 16.457207879533772], [77.95791532811116, 16.456982181766584], [77.95768143890092, 16.456985485503477]]]}, "properties": {"name": "grid_00537", "display_name": "SFV-T0538", "role": "candidate_grid_cell", "area_ha": 0.0625, "named_subarea": null, "gee_matched": true, "NDVI_raw": 0.24684624932706345, "TreeCover_Pct": 0.0, "Elev_m": 360.7616696580548, "ElevStd_m": 1.7835661253420403, "TRI_m": 0.21370727128333902, "Slope_deg": 0.05246032401919365, "NatCoverPct_2km": 11.775215817436004, "EdgeDensity_2km": 1.346654506960148, "NatCoverPct_500m": 9.406543156563107, "EdgeDensity_500m": 2.2135972660199896, "gHM": 0.41489648818969727, "DistWater_m": 825.5715683774004, "LST_C": 30.89688000000001, "NightLights": 1.5631250143051147, "BuiltUp_Pct": 100.0, "hard_filter_pass": true}}, {"type": "Feature", "geometry": {"type": "Polygon", "coordinates": [[[77.95768486243469, 16.457211183318474], [77.95768828602202, 16.457436881127926], [77.95792217577178, 16.45743357729541], [77.95791875191469, 16.457207879533772], [77.95768486243469, 16.457211183318474]]]}, "properties": {"name": "grid_00538", "display_name": "SFV-T0539", "role": "candidate_grid_cell", "area_ha": 0.0625, "named_subarea": null, "gee_matched": true, "NDVI_raw": 0.25525892769732034, "TreeCover_Pct": 0.0608272506082725, "Elev_m": 360.4760187524949, "ElevStd_m": 1.7503790955700675, "TRI_m": 0.197175817677091, "Slope_deg": 0.05246032401919365, "NatCoverPct_2km": 11.678788160331923, "EdgeDensity_2km": 1.3215367651816234, "NatCoverPct_500m": 10.625496277855637, "EdgeDensity_500m": 2.3634190147077185, "gHM": 0.41489648818969727, "DistWater_m": 762.6382046307349, "LST_C": 30.89688000000001, "NightLights": 1.5631250143051147, "BuiltUp_Pct": 100.0, "hard_filter_pass": true}}, {"type": "Feature", "geometry": {"type": "Polygon", "coordinates": [[[77.95768828602202, 16.457436881127926], [77.95769170966292, 16.45766257893183], [77.95792559968247, 16.457659275051515], [77.95792217577178, 16.45743357729541], [77.95768828602202, 16.457436881127926]]]}, "properties": {"name": "grid_00539", "display_name": "SFV-T0540", "role": "candidate_grid_cell", "area_ha": 0.0625, "named_subarea": null, "gee_matched": true, "NDVI_raw": 0.3117917602363593, "TreeCover_Pct": 73.30183106910809, "Elev_m": 360.20831298828125, "ElevStd_m": 1.6213545714746747, "TRI_m": 0.19097861713312508, "Slope_deg": 0.05246032401919365, "NatCoverPct_2km": 11.59307999402825, "EdgeDensity_2km": 1.2992653352075536, "NatCoverPct_500m": 11.844511081999489, "EdgeDensity_500m": 2.5166557618998584, "gHM": 0.41489648818969727, "DistWater_m": 703.7239287139423, "LST_C": 30.89688000000001, "NightLights": 1.5631250143051147, "BuiltUp_Pct": 100.0, "hard_filter_pass": true}}, {"type": "Feature", "geometry": {"type": "Polygon", "coordinates": [[[77.95769170966292, 16.45766257893183], [77.95769513335739, 16.457888276730184], [77.95792902364671, 16.457884972802066], [77.95792559968247, 16.457659275051515], [77.95769170966292, 16.45766257893183]]]}, "properties": {"name": "grid_00540", "display_name": "SFV-T0541", "role": "candidate_grid_cell", "area_ha": 0.0625, "named_subarea": null, "gee_matched": true, "NDVI_raw": 0.31596978015998284, "TreeCover_Pct": 85.52311435523116, "Elev_m": 359.95985130440005, "ElevStd_m": 1.5078687313195998, "TRI_m": 0.1923547659208631, "Slope_deg": 0.05246032401919365, "NatCoverPct_2km": 11.51021391613331, "EdgeDensity_2km": 1.282219538533398, "NatCoverPct_500m": 13.0591948097669, "EdgeDensity_500m": 2.7249594271245403, "gHM": 0.41489648818969727, "DistWater_m": 646.3003603790592, "LST_C": 30.89688000000001, "NightLights": 1.5631250143051147, "BuiltUp_Pct": 100.0, "hard_filter_pass": true}}, {"type": "Feature", "geometry": {"type": "Polygon", "coordinates": [[[77.95769513335739, 16.457888276730184], [77.95769855710545, 16.458113974523], [77.95793244766455, 16.458110670547075], [77.95792902364671, 16.457884972802066], [77.95769513335739, 16.457888276730184]]]}, "properties": {"name": "grid_00541", "display_name": "SFV-T0542", "role": "candidate_grid_cell", "area_ha": 0.0625, "named_subarea": null, "gee_matched": true, "NDVI_raw": 0.29494834141917975, "TreeCover_Pct": 18.132530120481928, "Elev_m": 359.7478432528944, "ElevStd_m": 1.4681161561148968, "TRI_m": 0.1937783584517482, "Slope_deg": 0.05246032401919365, "NatCoverPct_2km": 11.428985361288795, "EdgeDensity_2km": 1.2640486475393218, "NatCoverPct_500m": 14.24197055159661, "EdgeDensity_500m": 2.951175305432404, "gHM": 0.39282062240393767, "DistWater_m": 594.884483057845, "LST_C": 30.89688000000001, "NightLights": 1.5631250143051147, "BuiltUp_Pct": 100.0, "hard_filter_pass": true}}, {"type": "Feature", "geometry": {"type": "Polygon", "coordinates": [[[77.95769855710545, 16.458113974523], [77.95770198090706, 16.458339672310263], [77.95793587173596, 16.458336368286528], [77.95793244766455, 16.458110670547075], [77.95769855710545, 16.458113974523]]]}, "properties": {"name": "grid_00542", "display_name": "SFV-T0543", "role": "candidate_grid_cell", "area_ha": 0.0625, "named_subarea": null, "gee_matched": true, "NDVI_raw": 0.2872487402610699, "TreeCover_Pct": 4.482964734010759, "Elev_m": 359.52848727447997, "ElevStd_m": 1.5070016852852632, "TRI_m": 0.20083741847385275, "Slope_deg": 0.05246032401919365, "NatCoverPct_2km": 11.34744161755792, "EdgeDensity_2km": 1.2494164979561297, "NatCoverPct_500m": 15.427204401016297, "EdgeDensity_500m": 3.1313138151716298, "gHM": 0.35214659571647644, "DistWater_m": 539.7124263508799, "LST_C": 30.727258690010224, "NightLights": 1.5631250143051147, "BuiltUp_Pct": 100.0, "hard_filter_pass": true}}, {"type": "Feature", "geometry": {"type": "Polygon", "coordinates": [[[77.95770198090706, 16.458339672310263], [77.95770540476225, 16.45856537009198], [77.95793929586094, 16.45856206602044], [77.95793587173596, 16.458336368286528], [77.95770198090706, 16.458339672310263]]]}, "properties": {"name": "grid_00543", "display_name": "SFV-T0544", "role": "candidate_grid_cell", "area_ha": 0.0625, "named_subarea": null, "gee_matched": true, "NDVI_raw": 0.3109386755823012, "TreeCover_Pct": 71.70379289584587, "Elev_m": 359.096653009882, "ElevStd_m": 1.6194632833311735, "TRI_m": 0.2090127588186802, "Slope_deg": 0.05246032401919365, "NatCoverPct_2km": 11.269967881947794, "EdgeDensity_2km": 1.2341992377922555, "NatCoverPct_500m": 16.551841197028313, "EdgeDensity_500m": 3.298095043282602, "gHM": 0.35214659571647644, "DistWater_m": 485.7545162522729, "LST_C": 29.761774193548376, "NightLights": 1.5631250143051147, "BuiltUp_Pct": 100.0, "hard_filter_pass": true}}, {"type": "Feature", "geometry": {"type": "Polygon", "coordinates": [[[77.95770540476225, 16.45856537009198], [77.95770882867102, 16.458791067868145], [77.9579427200395, 16.45878776374881], [77.95793929586094, 16.45856206602044], [77.95770540476225, 16.45856537009198]]]}, "properties": {"name": "grid_00544", "display_name": "SFV-T0545", "role": "candidate_grid_cell", "area_ha": 0.0625, "named_subarea": null, "gee_matched": true, "NDVI_raw": 0.3080496011242961, "TreeCover_Pct": 86.43552311435525, "Elev_m": 358.4832547598512, "ElevStd_m": 1.7843765187115193, "TRI_m": 0.21995126374719842, "Slope_deg": 0.05246032401919365, "NatCoverPct_2km": 11.19463916599191, "EdgeDensity_2km": 1.21954628051747, "NatCoverPct_500m": 17.649618940771383, "EdgeDensity_500m": 3.444233819490116, "gHM": 0.35214659571647644, "DistWater_m": 425.01667546519764, "LST_C": 29.761774193548376, "NightLights": 1.5631250143051147, "BuiltUp_Pct": 100.0, "hard_filter_pass": true}}, {"type": "Feature", "geometry": {"type": "Polygon", "coordinates": [[[77.95770882867102, 16.458791067868145], [77.95771225263336, 16.459016765638772], [77.95794614427163, 16.459013461471624], [77.9579427200395, 16.45878776374881], [77.95770882867102, 16.458791067868145]]]}, "properties": {"name": "grid_00545", "display_name": "SFV-T0546", "role": "candidate_grid_cell", "area_ha": 0.0625, "named_subarea": null, "gee_matched": true, "NDVI_raw": 0.32757295888949584, "TreeCover_Pct": 78.67469879518073, "Elev_m": 358.25628662109375, "ElevStd_m": 1.9882259615191389, "TRI_m": 0.22982376114087774, "Slope_deg": 0.05246032401919365, "NatCoverPct_2km": 11.121458311089372, "EdgeDensity_2km": 1.2061445926687013, "NatCoverPct_500m": 18.731536532821394, "EdgeDensity_500m": 3.5880238015218078, "gHM": 0.35214659571647644, "DistWater_m": 356.4188592308469, "LST_C": 29.761774193548376, "NightLights": 1.5631250143051147, "BuiltUp_Pct": 65.24096385542168, "SEGMENT_ID": -701647486.0, "hard_filter_pass": true}}, {"type": "Feature", "geometry": {"type": "Polygon", "coordinates": [[[77.95771225263336, 16.459016765638772], [77.95771567664926, 16.45924246340385], [77.95794956855735, 16.45923915918889], [77.95794614427163, 16.459013461471624], [77.95771225263336, 16.459016765638772]]]}, "properties": {"name": "grid_00546", "display_name": "SFV-T0547", "role": "candidate_grid_cell", "area_ha": 0.0625, "named_subarea": null, "gee_matched": true, "NDVI_raw": 0.2399299574918798, "TreeCover_Pct": 3.5545023696682474, "Elev_m": 357.6133277133743, "ElevStd_m": 2.1742855598142543, "TRI_m": 0.24143416855177344, "Slope_deg": 0.05246032401919365, "NatCoverPct_2km": 11.047334435858508, "EdgeDensity_2km": 1.1954693307801174, "NatCoverPct_500m": 19.83367965271672, "EdgeDensity_500m": 3.7151518639107484, "gHM": 0.35214659571647644, "DistWater_m": 280.2014218009479, "LST_C": 29.761774193548376, "NightLights": 1.5631250143051147, "BuiltUp_Pct": 1.6587677725118486, "SEGMENT_ID": -701647486.0, "hard_filter_pass": true}}, {"type": "Feature", "geometry": {"type": "Polygon", "coordinates": [[[77.95771567664926, 16.45924246340385], [77.95771910071875, 16.459468161163375], [77.95795299289665, 16.45946485690061], [77.95794956855735, 16.45923915918889], [77.95771567664926, 16.45924246340385]]]}, "properties": {"name": "grid_00547", "display_name": "SFV-T0548", "role": "candidate_grid_cell", "area_ha": 0.0625, "named_subarea": null, "gee_matched": true, "NDVI_raw": 0.24394920811735205, "TreeCover_Pct": 0.0, "Elev_m": 357.32319279674056, "ElevStd_m": 2.311767870424737, "TRI_m": 0.2550544960772173, "Slope_deg": 0.05246032401919365, "NatCoverPct_2km": 10.969632012031576, "EdgeDensity_2km": 1.1890236206709306, "NatCoverPct_500m": 20.996651746855825, "EdgeDensity_500m": 3.810499704053881, "gHM": 0.35214659571647644, "DistWater_m": 205.83430571761957, "LST_C": 29.761774193548376, "NightLights": 1.5631250143051147, "BuiltUp_Pct": 0.0, "SEGMENT_ID": -701647486.0, "hard_filter_pass": true}}, {"type": "Feature", "geometry": {"type": "Polygon", "coordinates": [[[77.95771910071875, 16.459468161163375], [77.95772252484181, 16.459693858917362], [77.95795641728952, 16.459690554606787], [77.95795299289665, 16.45946485690061], [77.95771910071875, 16.459468161163375]]]}, "properties": {"name": "grid_00548", "display_name": "SFV-T0549", "role": "candidate_grid_cell", "area_ha": 0.0625, "named_subarea": null, "gee_matched": true, "NDVI_raw": 0.1952893721336492, "TreeCover_Pct": 0.0, "Elev_m": 356.13880797385025, "ElevStd_m": 2.3977976723795353, "TRI_m": 0.2676718983796408, "Slope_deg": 0.05246032401919365, "NatCoverPct_2km": 10.894471907568105, "EdgeDensity_2km": 1.196562399640639, "NatCoverPct_500m": 22.189108039976226, "EdgeDensity_500m": 3.889930456993445, "gHM": 0.35214659571647644, "DistWater_m": 126.60649819494587, "LST_C": 29.761774193548376, "NightLights": 1.5631250143051147, "BuiltUp_Pct": 0.0, "SEGMENT_ID": 1995432224.0, "hard_filter_pass": true}}, {"type": "Feature", "geometry": {"type": "Polygon", "coordinates": [[[77.95795984173597, 16.45991625230742], [77.95795641728952, 16.459690554606787], [77.95772252484181, 16.459693858917362], [77.95772458102343, 16.459829388436173], [77.95775586191589, 16.459919134080916], [77.95795984173597, 16.45991625230742]]]}, "properties": {"name": "grid_00549", "display_name": "SFV-T0550", "role": "candidate_grid_cell", "area_ha": 0.0609, "named_subarea": null, "gee_matched": true, "NDVI_raw": 0.23285699577579713, "TreeCover_Pct": 0.0, "Elev_m": 355.01362872685047, "ElevStd_m": 2.412343215816258, "TRI_m": 0.2745819207807357, "Slope_deg": 0.05246032401919365, "NatCoverPct_2km": 10.82933349727157, "EdgeDensity_2km": 1.2046010722243876, "NatCoverPct_500m": 23.397558340723943, "EdgeDensity_500m": 3.98851416241686, "gHM": 0.35214659571647644, "DistWater_m": 54.535315985130126, "LST_C": 29.761774193548376, "NightLights": 1.5631250143051147, "BuiltUp_Pct": 0.0, "SEGMENT_ID": 1995432224.0, "hard_filter_pass": true}}, {"type": "Feature", "geometry": {"type": "Polygon", "coordinates": [[[77.95796326623599, 16.460141950002498], [77.95795984173597, 16.45991625230742], [77.95775586191589, 16.459919134080916], [77.9578341604575, 16.460143774022498], [77.95796326623599, 16.460141950002498]]]}, "properties": {"name": "grid_00550", "display_name": "SFV-T0551", "role": "candidate_grid_cell", "area_ha": 0.0445, "named_subarea": null, "gee_matched": true, "NDVI_raw": 0.2142424676378215, "TreeCover_Pct": 0.0, "Elev_m": 354.1512557802668, "ElevStd_m": 2.3559116527082096, "TRI_m": 0.26945389745994247, "Slope_deg": 0.05246032401919365, "NatCoverPct_2km": 10.759706804873046, "EdgeDensity_2km": 1.208398947152871, "NatCoverPct_500m": 24.782134997236334, "EdgeDensity_500m": 4.105596522864402, "gHM": 0.35214659571647644, "DistWater_m": 0.0, "LST_C": 29.761774193548376, "NightLights": 1.5631250143051147, "BuiltUp_Pct": 0.0, "JRC_Water": 0.0, "SEGMENT_ID": 1995432224.0, "hard_filter_pass": true}}, {"type": "Feature", "geometry": {"type": "Polygon", "coordinates": [[[77.95790163343283, 16.456079390642348], [77.95790505702205, 16.456305088431723], [77.95813894536944, 16.456301784577878], [77.95813552151047, 16.456076086836315], [77.95790163343283, 16.456079390642348]]]}, "properties": {"name": "grid_00551", "display_name": "SFV-T0552", "role": "candidate_grid_cell", "area_ha": 0.0625, "named_subarea": null, "gee_matched": true, "NDVI_raw": 0.3060080073479103, "TreeCover_Pct": 72.67194157029826, "Elev_m": 365.291763667863, "ElevStd_m": 1.3593340505503526, "TRI_m": 0.221730549601959, "Slope_deg": 0.05246032401919365, "NatCoverPct_2km": 12.229447193918315, "EdgeDensity_2km": 1.4408689463594058, "NatCoverPct_500m": 4.794185677069855, "EdgeDensity_500m": 1.7263749607686012, "gHM": 0.41489648818969727, "DistWater_m": 1042.0012123138254, "LST_C": 30.89688000000001, "NightLights": 1.4970682483581386, "BuiltUp_Pct": 100.0, "hard_filter_pass": true}}, {"type": "Feature", "geometry": {"type": "Polygon", "coordinates": [[[77.95790505702205, 16.456305088431723], [77.95790848066484, 16.45653078621556], [77.95814236928199, 16.456527482313906], [77.95813894536944, 16.456301784577878], [77.95790505702205, 16.456305088431723]]]}, "properties": {"name": "grid_00552", "display_name": "SFV-T0553", "role": "candidate_grid_cell", "area_ha": 0.0625, "named_subarea": null, "gee_matched": true, "NDVI_raw": 0.2433378401923524, "TreeCover_Pct": 8.082026537997589, "Elev_m": 364.07840435179924, "ElevStd_m": 1.3901654887657988, "TRI_m": 0.2259690004880859, "Slope_deg": 0.05246032401919365, "NatCoverPct_2km": 12.101350893485002, "EdgeDensity_2km": 1.4145505823757167, "NatCoverPct_500m": 6.004703369974738, "EdgeDensity_500m": 1.8504467621171254, "gHM": 0.41489648818969727, "DistWater_m": 983.2531422593723, "LST_C": 30.89688000000001, "NightLights": 1.5631250143051147, "BuiltUp_Pct": 100.0, "hard_filter_pass": true}}, {"type": "Feature", "geometry": {"type": "Polygon", "coordinates": [[[77.95790848066484, 16.45653078621556], [77.95791190436121, 16.45675648399384], [77.95814579324812, 16.45675318004438], [77.95814236928199, 16.456527482313906], [77.95790848066484, 16.45653078621556]]]}, "properties": {"name": "grid_00553", "display_name": "SFV-T0554", "role": "candidate_grid_cell", "area_ha": 0.0625, "named_subarea": null, "gee_matched": true, "NDVI_raw": 0.2352293414400897, "TreeCover_Pct": 6.272401433691756, "Elev_m": 362.7943291339396, "ElevStd_m": 1.5004970174284387, "TRI_m": 0.22674137845601416, "Slope_deg": 0.05246032401919365, "NatCoverPct_2km": 11.981802306079324, "EdgeDensity_2km": 1.390391760746493, "NatCoverPct_500m": 7.218466088650341, "EdgeDensity_500m": 1.9749240404530817, "gHM": 0.41489648818969727, "DistWater_m": 921.8600472333401, "LST_C": 30.89688000000001, "NightLights": 1.5631250143051147, "BuiltUp_Pct": 100.0, "hard_filter_pass": true}}, {"type": "Feature", "geometry": {"type": "Polygon", "coordinates": [[[77.95791190436121, 16.45675648399384], [77.95791532811116, 16.456982181766584], [77.95814921726783, 16.45697887776931], [77.95814579324812, 16.45675318004438], [77.95791190436121, 16.45675648399384]]]}, "properties": {"name": "grid_00554", "display_name": "SFV-T0555", "role": "candidate_grid_cell", "area_ha": 0.0625, "named_subarea": null, "gee_matched": true, "NDVI_raw": 0.23238141404377427, "TreeCover_Pct": 0.0, "Elev_m": 361.77120975352074, "ElevStd_m": 1.6534137108598015, "TRI_m": 0.2256996130099066, "Slope_deg": 0.05246032401919365, "NatCoverPct_2km": 11.86924061221645, "EdgeDensity_2km": 1.3663081851215737, "NatCoverPct_500m": 8.439198906703211, "EdgeDensity_500m": 2.109509573600711, "gHM": 0.41489648818969727, "DistWater_m": 855.1194916605831, "LST_C": 30.89688000000001, "NightLights": 1.5631250143051147, "BuiltUp_Pct": 100.0, "hard_filter_pass": true}}, {"type": "Feature", "geometry": {"type": "Polygon", "coordinates": [[[77.95791532811116, 16.456982181766584], [77.95791875191469, 16.457207879533772], [77.95815264134112, 16.457204575488692], [77.95814921726783, 16.45697887776931], [77.95791532811116, 16.456982181766584]]]}, "properties": {"name": "grid_00555", "display_name": "SFV-T0556", "role": "candidate_grid_cell", "area_ha": 0.0625, "named_subarea": null, "gee_matched": true, "NDVI_raw": 0.24046352721406306, "TreeCover_Pct": 0.0, "Elev_m": 361.069634968927, "ElevStd_m": 1.7860739983923728, "TRI_m": 0.21483058098126218, "Slope_deg": 0.05246032401919365, "NatCoverPct_2km": 11.760397761490712, "EdgeDensity_2km": 1.3415349552455804, "NatCoverPct_500m": 9.689803833385309, "EdgeDensity_500m": 2.2578625020250143, "gHM": 0.41489648818969727, "DistWater_m": 788.0514265413664, "LST_C": 30.89688000000001, "NightLights": 1.5631250143051147, "BuiltUp_Pct": 100.0, "hard_filter_pass": true}}, {"type": "Feature", "geometry": {"type": "Polygon", "coordinates": [[[77.95791875191469, 16.457207879533772], [77.95792217577178, 16.45743357729541], [77.95815606546799, 16.45743027320253], [77.95815264134112, 16.457204575488692], [77.95791875191469, 16.457207879533772]]]}, "properties": {"name": "grid_00556", "display_name": "SFV-T0557", "role": "candidate_grid_cell", "area_ha": 0.0625, "named_subarea": null, "gee_matched": true, "NDVI_raw": 0.23394534189168043, "TreeCover_Pct": 0.0, "Elev_m": 360.7685582101853, "ElevStd_m": 1.7776276272183795, "TRI_m": 0.19770070470073894, "Slope_deg": 0.05246032401919365, "NatCoverPct_2km": 11.656425401089612, "EdgeDensity_2km": 1.3171159338429104, "NatCoverPct_500m": 10.947016681053123, "EdgeDensity_500m": 2.408948143419819, "gHM": 0.41489648818969727, "DistWater_m": 722.4124563053197, "LST_C": 30.89688000000001, "NightLights": 1.5631250143051147, "BuiltUp_Pct": 100.0, "hard_filter_pass": true}}, {"type": "Feature", "geometry": {"type": "Polygon", "coordinates": [[[77.95792217577178, 16.45743357729541], [77.95792559968247, 16.457659275051515], [77.95815948964844, 16.457655970910817], [77.95815606546799, 16.45743027320253], [77.95792217577178, 16.45743357729541]]]}, "properties": {"name": "grid_00557", "display_name": "SFV-T0558", "role": "candidate_grid_cell", "area_ha": 0.0625, "named_subarea": null, "gee_matched": true, "NDVI_raw": 0.3049848406511162, "TreeCover_Pct": 66.76610978520287, "Elev_m": 360.27982392231434, "ElevStd_m": 1.665971614608576, "TRI_m": 0.1902629371732401, "Slope_deg": 0.05246032401919365, "NatCoverPct_2km": 11.560946177413468, "EdgeDensity_2km": 1.2890582133774804, "NatCoverPct_500m": 12.210404149086646, "EdgeDensity_500m": 2.5609729559824443, "gHM": 0.41489648818969727, "DistWater_m": 658.8435266562899, "LST_C": 30.89688000000001, "NightLights": 1.5631250143051147, "BuiltUp_Pct": 100.0, "hard_filter_pass": true}}, {"type": "Feature", "geometry": {"type": "Polygon", "coordinates": [[[77.95792559968247, 16.457659275051515], [77.95792902364671, 16.457884972802066], [77.95816291388246, 16.45788166861356], [77.95815948964844, 16.457655970910817], [77.95792559968247, 16.457659275051515]]]}, "properties": {"name": "grid_00558", "display_name": "SFV-T0559", "role": "candidate_grid_cell", "area_ha": 0.0625, "named_subarea": null, "gee_matched": true, "NDVI_raw": 0.29395006777923244, "TreeCover_Pct": 47.45664739884394, "Elev_m": 359.83757424768, "ElevStd_m": 1.5501283850914778, "TRI_m": 0.18675228350217127, "Slope_deg": 0.05246032401919365, "NatCoverPct_2km": 11.471737900703852, "EdgeDensity_2km": 1.2676537679784832, "NatCoverPct_500m": 13.512886167951779, "EdgeDensity_500m": 2.765684276191236, "gHM": 0.41489648818969727, "DistWater_m": 596.5060372458167, "LST_C": 30.89688000000001, "NightLights": 1.5631250143051147, "BuiltUp_Pct": 100.0, "hard_filter_pass": true}}, {"type": "Feature", "geometry": {"type": "Polygon", "coordinates": [[[77.95792902364671, 16.457884972802066], [77.95793244766455, 16.458110670547075], [77.95816633817009, 16.458107366310756], [77.95816291388246, 16.45788166861356], [77.95792902364671, 16.457884972802066]]]}, "properties": {"name": "grid_00559", "display_name": "SFV-T0560", "role": "candidate_grid_cell", "area_ha": 0.0625, "named_subarea": null, "gee_matched": true, "NDVI_raw": 0.27510748785791217, "TreeCover_Pct": 0.0, "Elev_m": 359.563521024713, "ElevStd_m": 1.4917238433471927, "TRI_m": 0.18940497216754218, "Slope_deg": 0.05246032401919365, "NatCoverPct_2km": 11.384406791375897, "EdgeDensity_2km": 1.2468021342821038, "NatCoverPct_500m": 14.795002275253976, "EdgeDensity_500m": 3.008316162137355, "gHM": 0.39324177051203674, "DistWater_m": 538.9995049372143, "LST_C": 30.89688000000001, "NightLights": 1.5631250143051147, "BuiltUp_Pct": 100.0, "hard_filter_pass": true}}, {"type": "Feature", "geometry": {"type": "Polygon", "coordinates": [[[77.95793244766455, 16.458110670547075], [77.95793587173596, 16.458336368286528], [77.95816976251126, 16.458333064002407], [77.95816633817009, 16.458107366310756], [77.95793244766455, 16.458110670547075]]]}, "properties": {"name": "grid_00560", "display_name": "SFV-T0561", "role": "candidate_grid_cell", "area_ha": 0.0625, "named_subarea": null, "gee_matched": true, "NDVI_raw": 0.2990177889047491, "TreeCover_Pct": 43.87568555758684, "Elev_m": 359.2703916188205, "ElevStd_m": 1.5319700068423707, "TRI_m": 0.19944501782255605, "Slope_deg": 0.05246032401919365, "NatCoverPct_2km": 11.299948445472404, "EdgeDensity_2km": 1.2300003765363225, "NatCoverPct_500m": 16.051484213906306, "EdgeDensity_500m": 3.214378285948617, "gHM": 0.35214659571647644, "DistWater_m": 485.2903951305359, "LST_C": 30.72740960232747, "NightLights": 1.5631250143051147, "BuiltUp_Pct": 100.0, "hard_filter_pass": true}}, {"type": "Feature", "geometry": {"type": "Polygon", "coordinates": [[[77.95793587173596, 16.458336368286528], [77.95793929586094, 16.45856206602044], [77.95817318690605, 16.4585587616885], [77.95816976251126, 16.458333064002407], [77.95793587173596, 16.458336368286528]]]}, "properties": {"name": "grid_00561", "display_name": "SFV-T0562", "role": "candidate_grid_cell", "area_ha": 0.0625, "named_subarea": null, "gee_matched": true, "NDVI_raw": 0.3045879333510752, "TreeCover_Pct": 90.29535864978902, "Elev_m": 358.92692373688493, "ElevStd_m": 1.6496944347956417, "TRI_m": 0.2061581545770941, "Slope_deg": 0.05246032401919365, "NatCoverPct_2km": 11.220795724773748, "EdgeDensity_2km": 1.2159165586840188, "NatCoverPct_500m": 17.230526991790644, "EdgeDensity_500m": 3.3964605433176245, "gHM": 0.35214659571647644, "DistWater_m": 431.9674980324448, "LST_C": 29.761774193548376, "NightLights": 1.5631250143051147, "BuiltUp_Pct": 100.0, "hard_filter_pass": true}}, {"type": "Feature", "geometry": {"type": "Polygon", "coordinates": [[[77.95793929586094, 16.45856206602044], [77.9579427200395, 16.45878776374881], [77.9581766113544, 16.45878445936906], [77.95817318690605, 16.4585587616885], [77.95793929586094, 16.45856206602044]]]}, "properties": {"name": "grid_00562", "display_name": "SFV-T0563", "role": "candidate_grid_cell", "area_ha": 0.0625, "named_subarea": null, "gee_matched": true, "NDVI_raw": 0.30979692861215385, "TreeCover_Pct": 69.55223880597012, "Elev_m": 358.5468947134445, "ElevStd_m": 1.8047363135259336, "TRI_m": 0.21816690281390194, "Slope_deg": 0.05246032401919365, "NatCoverPct_2km": 11.143972362291146, "EdgeDensity_2km": 1.203504952731894, "NatCoverPct_500m": 18.38258868792787, "EdgeDensity_500m": 3.5569953435785258, "gHM": 0.35214659571647644, "DistWater_m": 376.76745298548434, "LST_C": 29.761774193548376, "NightLights": 1.5631250143051147, "BuiltUp_Pct": 100.0, "hard_filter_pass": true}}, {"type": "Feature", "geometry": {"type": "Polygon", "coordinates": [[[77.9579427200395, 16.45878776374881], [77.95794614427163, 16.459013461471624], [77.95818003585633, 16.45901015704407], [77.9581766113544, 16.45878445936906], [77.9579427200395, 16.45878776374881]]]}, "properties": {"name": "grid_00563", "display_name": "SFV-T0564", "role": "candidate_grid_cell", "area_ha": 0.0625, "named_subarea": null, "gee_matched": true, "NDVI_raw": 0.32207176843775975, "TreeCover_Pct": 93.67088607594938, "Elev_m": 358.1438872352862, "ElevStd_m": 1.9946505862664445, "TRI_m": 0.22792996074090183, "Slope_deg": 0.05246032401919365, "NatCoverPct_2km": 11.066241392602238, "EdgeDensity_2km": 1.193974161502553, "NatCoverPct_500m": 19.54852131324483, "EdgeDensity_500m": 3.6941055632820685, "gHM": 0.35214659571647644, "DistWater_m": 325.87914580469607, "LST_C": 29.761774193548376, "NightLights": 1.5631250143051147, "BuiltUp_Pct": 100.0, "hard_filter_pass": true}}, {"type": "Feature", "geometry": {"type": "Polygon", "coordinates": [[[77.95794614427163, 16.459013461471624], [77.95794956855735, 16.45923915918889], [77.95818346041186, 16.459235854713526], [77.95818003585633, 16.45901015704407], [77.95794614427163, 16.459013461471624]]]}, "properties": {"name": "grid_00564", "display_name": "SFV-T0565", "role": "candidate_grid_cell", "area_ha": 0.0625, "named_subarea": null, "gee_matched": true, "NDVI_raw": 0.21593589367876667, "TreeCover_Pct": 4.077906269020084, "Elev_m": 357.6073732103288, "ElevStd_m": 2.172886605348173, "TRI_m": 0.23347711889566586, "Slope_deg": 0.05246032401919365, "NatCoverPct_2km": 10.986073583949107, "EdgeDensity_2km": 1.1876947831372215, "NatCoverPct_500m": 20.750395807965702, "EdgeDensity_500m": 3.8072519176255226, "gHM": 0.35214659571647644, "DistWater_m": 265.72787925538086, "LST_C": 29.761774193548376, "NightLights": 1.5631250143051147, "BuiltUp_Pct": 35.788192331101634, "SEGMENT_ID": -701647486.0, "hard_filter_pass": true}}, {"type": "Feature", "geometry": {"type": "Polygon", "coordinates": [[[77.95794956855735, 16.45923915918889], [77.95795299289665, 16.45946485690061], [77.95818688502095, 16.45946155237744], [77.95818346041186, 16.459235854713526], [77.95794956855735, 16.45923915918889]]]}, "properties": {"name": "grid_00565", "display_name": "SFV-T0566", "role": "candidate_grid_cell", "area_ha": 0.0625, "named_subarea": null, "gee_matched": true, "NDVI_raw": 0.2711510676868143, "TreeCover_Pct": 44.209891435464414, "Elev_m": 357.0543048154603, "ElevStd_m": 2.3096985446703386, "TRI_m": 0.2434166016679251, "Slope_deg": 0.05246032401919365, "NatCoverPct_2km": 10.906862302622805, "EdgeDensity_2km": 1.1936733811754783, "NatCoverPct_500m": 21.989101173202773, "EdgeDensity_500m": 3.911981504200581, "gHM": 0.35214659571647644, "DistWater_m": 203.03919528867166, "LST_C": 29.761774193548376, "NightLights": 1.5631250143051147, "BuiltUp_Pct": 0.0, "SEGMENT_ID": -701647486.0, "hard_filter_pass": true}}, {"type": "Feature", "geometry": {"type": "Polygon", "coordinates": [[[77.95795299289665, 16.45946485690061], [77.95795641728952, 16.459690554606787], [77.95819030968364, 16.459687250035806], [77.95818688502095, 16.45946155237744], [77.95795299289665, 16.45946485690061]]]}, "properties": {"name": "grid_00566", "display_name": "SFV-T0567", "role": "candidate_grid_cell", "area_ha": 0.0625, "named_subarea": null, "gee_matched": true, "NDVI_raw": 0.24644900112472778, "TreeCover_Pct": 1.871345029239766, "Elev_m": 356.10843784265353, "ElevStd_m": 2.3907386670139417, "TRI_m": 0.2521540931951874, "Slope_deg": 0.05246032401919365, "NatCoverPct_2km": 10.836621100162857, "EdgeDensity_2km": 1.201968201653466, "NatCoverPct_500m": 23.267811022236085, "EdgeDensity_500m": 4.015673515810611, "gHM": 0.35214659571647644, "DistWater_m": 129.6308269141617, "LST_C": 29.761774193548376, "NightLights": 1.5631250143051147, "BuiltUp_Pct": 0.0, "SEGMENT_ID": -701647486.0, "hard_filter_pass": true}}, {"type": "Feature", "geometry": {"type": "Polygon", "coordinates": [[[77.95795641728952, 16.459690554606787], [77.95795984173597, 16.45991625230742], [77.95819373439991, 16.459912947688622], [77.95819030968364, 16.459687250035806], [77.95795641728952, 16.459690554606787]]]}, "properties": {"name": "grid_00567", "display_name": "SFV-T0568", "role": "candidate_grid_cell", "area_ha": 0.0625, "named_subarea": null, "gee_matched": true, "NDVI_raw": 0.23293896028611819, "TreeCover_Pct": 13.697788697788697, "Elev_m": 355.44172692826095, "ElevStd_m": 2.4062559166177526, "TRI_m": 0.2547460103875925, "Slope_deg": 0.05246032401919365, "NatCoverPct_2km": 10.769542381103006, "EdgeDensity_2km": 1.2043191309977619, "NatCoverPct_500m": 24.577078099650144, "EdgeDensity_500m": 4.1389598802670315, "gHM": 0.35214659571647644, "DistWater_m": 56.33292383292383, "LST_C": 29.761774193548376, "NightLights": 1.5631250143051147, "BuiltUp_Pct": 0.0, "SEGMENT_ID": 1995432224.0, "hard_filter_pass": true}}, {"type": "Feature", "geometry": {"type": "Polygon", "coordinates": [[[77.95795984173597, 16.45991625230742], [77.95796326623599, 16.460141950002498], [77.95819715916976, 16.460138645335885], [77.95819373439991, 16.459912947688622], [77.95795984173597, 16.45991625230742]]]}, "properties": {"name": "grid_00568", "display_name": "SFV-T0569", "role": "candidate_grid_cell", "area_ha": 0.0625, "named_subarea": null, "gee_matched": true, "NDVI_raw": 0.26039164367500905, "TreeCover_Pct": 26.41509433962264, "Elev_m": 355.03965446184264, "ElevStd_m": 2.36163457262191, "TRI_m": 0.2509899213005298, "Slope_deg": 0.05246032401919365, "NatCoverPct_2km": 10.701964907799109, "EdgeDensity_2km": 1.209407131767689, "NatCoverPct_500m": 25.942845592381214, "EdgeDensity_500m": 4.245090046045781, "gHM": 0.35214659571647644, "DistWater_m": 1.3797169811320753, "LST_C": 29.761774193548376, "NightLights": 1.5631250143051147, "BuiltUp_Pct": 0.0, "JRC_Water": 0.0, "SEGMENT_ID": -508773725.0, "hard_filter_pass": true}}, {"type": "Feature", "geometry": {"type": "Polygon", "coordinates": [[[77.95813552151047, 16.456076086836315], [77.95836940953453, 16.456072782769926], [77.95836620979105, 16.45586187198621], [77.9583583, 16.455864], [77.9583248, 16.455889400000004], [77.9582859, 16.455894200000003], [77.9582105, 16.4559434], [77.95813374304447, 16.455958850542064], [77.95813552151047, 16.456076086836315]]]}, "properties": {"name": "grid_00569", "display_name": "SFV-T0570", "role": "candidate_grid_cell", "area_ha": 0.04361, "named_subarea": null, "gee_matched": true, "NDVI_raw": 0.28461425525867823, "TreeCover_Pct": 17.993079584775085, "Elev_m": 364.72710885968587, "ElevStd_m": 1.4091301927991084, "TRI_m": 0.2210965637402361, "Slope_deg": 0.05246032401919365, "NatCoverPct_2km": 12.361000404748761, "EdgeDensity_2km": 1.4567246881734264, "NatCoverPct_500m": 3.95234744678742, "EdgeDensity_500m": 1.6413872144727584, "gHM": 0.41489648818969727, "DistWater_m": 1047.4304785931593, "LST_C": 30.89688000000001, "NightLights": 1.46875, "BuiltUp_Pct": 100.0, "hard_filter_pass": true}}, {"type": "Feature", "geometry": {"type": "Polygon", "coordinates": [[[77.95813552151047, 16.456076086836315], [77.95813894536944, 16.456301784577878], [77.95837283366325, 16.45629848046368], [77.95836940953453, 16.456072782769926], [77.95813552151047, 16.456076086836315]]]}, "properties": {"name": "grid_00570", "display_name": "SFV-T0571", "role": "candidate_grid_cell", "area_ha": 0.0625, "named_subarea": null, "gee_matched": true, "NDVI_raw": 0.26069449898652264, "TreeCover_Pct": 26.473988439306364, "Elev_m": 364.28766525356764, "ElevStd_m": 1.3632043169056227, "TRI_m": 0.2229909431789055, "Slope_deg": 0.05246032401919365, "NatCoverPct_2km": 12.240103239150955, "EdgeDensity_2km": 1.437656112786777, "NatCoverPct_500m": 4.990993212872092, "EdgeDensity_500m": 1.747872826583684, "gHM": 0.41489648818969727, "DistWater_m": 994.0341198745692, "LST_C": 30.89688000000001, "NightLights": 1.4958078075695591, "BuiltUp_Pct": 100.0, "hard_filter_pass": true}}, {"type": "Feature", "geometry": {"type": "Polygon", "coordinates": [[[77.95813894536944, 16.456301784577878], [77.95814236928199, 16.456527482313906], [77.95837625784556, 16.45652417815189], [77.95837283366325, 16.45629848046368], [77.95813894536944, 16.456301784577878]]]}, "properties": {"name": "grid_00571", "display_name": "SFV-T0572", "role": "candidate_grid_cell", "area_ha": 0.0625, "named_subarea": null, "gee_matched": true, "NDVI_raw": 0.20821956727036664, "TreeCover_Pct": 0.0, "Elev_m": 363.39744257078587, "ElevStd_m": 1.4093644757688433, "TRI_m": 0.2291635137168461, "Slope_deg": 0.05246032401919365, "NatCoverPct_2km": 12.106333884334836, "EdgeDensity_2km": 1.412547520855986, "NatCoverPct_500m": 6.197253252091498, "EdgeDensity_500m": 1.8716572368102906, "gHM": 0.41489648818969727, "DistWater_m": 933.7551819432553, "LST_C": 30.89688000000001, "NightLights": 1.5631250143051147, "BuiltUp_Pct": 100.0, "hard_filter_pass": true}}, {"type": "Feature", "geometry": {"type": "Polygon", "coordinates": [[[77.95814236928199, 16.456527482313906], [77.95814579324812, 16.45675318004438], [77.95837968208144, 16.45674987583455], [77.95837625784556, 16.45652417815189], [77.95814236928199, 16.456527482313906]]]}, "properties": {"name": "grid_00572", "display_name": "SFV-T0573", "role": "candidate_grid_cell", "area_ha": 0.0625, "named_subarea": null, "gee_matched": true, "NDVI_raw": 0.2240108943797519, "TreeCover_Pct": 0.0, "Elev_m": 362.63134520540336, "ElevStd_m": 1.5472434275761697, "TRI_m": 0.2324316619629375, "Slope_deg": 0.05246032401919365, "NatCoverPct_2km": 11.981981264613289, "EdgeDensity_2km": 1.386289921919178, "NatCoverPct_500m": 7.406862927627303, "EdgeDensity_500m": 1.9997166197670768, "gHM": 0.41489648818969727, "DistWater_m": 874.2600611295755, "LST_C": 30.89688000000001, "NightLights": 1.5631250143051147, "BuiltUp_Pct": 100.0, "hard_filter_pass": true}}, {"type": "Feature", "geometry": {"type": "Polygon", "coordinates": [[[77.95814579324812, 16.45675318004438], [77.95814921726783, 16.45697887776931], [77.9583831063709, 16.456975573511667], [77.95837968208144, 16.45674987583455], [77.95814579324812, 16.45675318004438]]]}, "properties": {"name": "grid_00573", "display_name": "SFV-T0574", "role": "candidate_grid_cell", "area_ha": 0.0625, "named_subarea": null, "gee_matched": true, "NDVI_raw": 0.20980309148988135, "TreeCover_Pct": 0.0, "Elev_m": 361.7511027826156, "ElevStd_m": 1.7141380027220032, "TRI_m": 0.2274217599615153, "Slope_deg": 0.05246032401919365, "NatCoverPct_2km": 11.86197298101677, "EdgeDensity_2km": 1.3609558103296469, "NatCoverPct_500m": 8.651897846576432, "EdgeDensity_500m": 2.137465121114965, "gHM": 0.41489648818969727, "DistWater_m": 816.1671529159585, "LST_C": 30.89688000000001, "NightLights": 1.5631250143051147, "BuiltUp_Pct": 100.0, "hard_filter_pass": true}}, {"type": "Feature", "geometry": {"type": "Polygon", "coordinates": [[[77.95814921726783, 16.45697887776931], [77.95815264134112, 16.457204575488692], [77.95838653071397, 16.457201271183237], [77.9583831063709, 16.456975573511667], [77.95814921726783, 16.45697887776931]]]}, "properties": {"name": "grid_00574", "display_name": "SFV-T0575", "role": "candidate_grid_cell", "area_ha": 0.0625, "named_subarea": null, "gee_matched": true, "NDVI_raw": 0.21661451039280133, "TreeCover_Pct": 0.0, "Elev_m": 361.17717768411933, "ElevStd_m": 1.843525051139182, "TRI_m": 0.2140011679593865, "Slope_deg": 0.05246032401919365, "NatCoverPct_2km": 11.7483318830585, "EdgeDensity_2km": 1.3337520819223883, "NatCoverPct_500m": 9.918229829839321, "EdgeDensity_500m": 2.286943708716559, "gHM": 0.41489648818969727, "DistWater_m": 752.638877309907, "LST_C": 30.89688000000001, "NightLights": 1.5631250143051147, "BuiltUp_Pct": 100.0, "hard_filter_pass": true}}, {"type": "Feature", "geometry": {"type": "Polygon", "coordinates": [[[77.95815264134112, 16.457204575488692], [77.95815606546799, 16.45743027320253], [77.9583899551106, 16.457426968849266], [77.95838653071397, 16.457201271183237], [77.95815264134112, 16.457204575488692]]]}, "properties": {"name": "grid_00575", "display_name": "SFV-T0576", "role": "candidate_grid_cell", "area_ha": 0.0625, "named_subarea": null, "gee_matched": true, "NDVI_raw": 0.23233595348625305, "TreeCover_Pct": 0.0, "Elev_m": 360.89914107724843, "ElevStd_m": 1.8335785535617717, "TRI_m": 0.19836184190869002, "Slope_deg": 0.05246032401919365, "NatCoverPct_2km": 11.639438972807344, "EdgeDensity_2km": 1.3066959033682681, "NatCoverPct_500m": 11.207156687705886, "EdgeDensity_500m": 2.455021654986451, "gHM": 0.41489648818969727, "DistWater_m": 684.7744351744672, "LST_C": 30.89688000000001, "NightLights": 1.5631250143051147, "BuiltUp_Pct": 100.0, "hard_filter_pass": true}}, {"type": "Feature", "geometry": {"type": "Polygon", "coordinates": [[[77.95815606546799, 16.45743027320253], [77.95815948964844, 16.457655970910817], [77.95839337956082, 16.45765266650974], [77.9583899551106, 16.457426968849266], [77.95815606546799, 16.45743027320253]]]}, "properties": {"name": "grid_00576", "display_name": "SFV-T0577", "role": "candidate_grid_cell", "area_ha": 0.0625, "named_subarea": null, "gee_matched": true, "NDVI_raw": 0.278009099156172, "TreeCover_Pct": 33.880778588807786, "Elev_m": 360.2100581333875, "ElevStd_m": 1.7405620511870639, "TRI_m": 0.19016089213163043, "Slope_deg": 0.05246032401919365, "NatCoverPct_2km": 11.534208877437434, "EdgeDensity_2km": 1.278605723136921, "NatCoverPct_500m": 12.558664502155093, "EdgeDensity_500m": 2.6101321000066275, "gHM": 0.41489648818969727, "DistWater_m": 617.7422894885686, "LST_C": 30.89688000000001, "NightLights": 1.5631250143051147, "BuiltUp_Pct": 100.0, "hard_filter_pass": true}}, {"type": "Feature", "geometry": {"type": "Polygon", "coordinates": [[[77.95815948964844, 16.457655970910817], [77.95816291388246, 16.45788166861356], [77.95839680406463, 16.457878364164667], [77.95839337956082, 16.45765266650974], [77.95815948964844, 16.457655970910817]]]}, "properties": {"name": "grid_00577", "display_name": "SFV-T0578", "role": "candidate_grid_cell", "area_ha": 0.0625, "named_subarea": null, "gee_matched": true, "NDVI_raw": 0.2889473898712446, "TreeCover_Pct": 17.153284671532845, "Elev_m": 359.5031903863242, "ElevStd_m": 1.6298344322308174, "TRI_m": 0.1809255067325709, "Slope_deg": 0.05246032401919365, "NatCoverPct_2km": 11.439458490636186, "EdgeDensity_2km": 1.2545197751132136, "NatCoverPct_500m": 13.95094677397594, "EdgeDensity_500m": 2.8061087558156363, "gHM": 0.41489648818969727, "DistWater_m": 552.7880007101089, "LST_C": 30.89688000000001, "NightLights": 1.5631250143051147, "BuiltUp_Pct": 100.0, "hard_filter_pass": true}}, {"type": "Feature", "geometry": {"type": "Polygon", "coordinates": [[[77.95816291388246, 16.45788166861356], [77.95816633817009, 16.458107366310756], [77.95840022862203, 16.458104061814048], [77.95839680406463, 16.457878364164667], [77.95816291388246, 16.45788166861356]]]}, "properties": {"name": "grid_00578", "display_name": "SFV-T0579", "role": "candidate_grid_cell", "area_ha": 0.0625, "named_subarea": null, "gee_matched": true, "NDVI_raw": 0.2721246354295058, "TreeCover_Pct": 0.0, "Elev_m": 359.1283638310335, "ElevStd_m": 1.5564251808513876, "TRI_m": 0.18258082611497753, "Slope_deg": 0.05246032401919365, "NatCoverPct_2km": 11.347067773865612, "EdgeDensity_2km": 1.237146085154459, "NatCoverPct_500m": 15.33680089442184, "EdgeDensity_500m": 3.047301453435515, "gHM": 0.3948785707556269, "DistWater_m": 490.43669699836704, "LST_C": 30.89688000000001, "NightLights": 1.5631250143051147, "BuiltUp_Pct": 100.0, "hard_filter_pass": true}}, {"type": "Feature", "geometry": {"type": "Polygon", "coordinates": [[[77.95816633817009, 16.458107366310756], [77.95816976251126, 16.458333064002407], [77.958403653233, 16.458329759457882], [77.95840022862203, 16.458104061814048], [77.95816633817009, 16.458107366310756]]]}, "properties": {"name": "grid_00579", "display_name": "SFV-T0580", "role": "candidate_grid_cell", "area_ha": 0.0625, "named_subarea": null, "gee_matched": true, "NDVI_raw": 0.2831861183636094, "TreeCover_Pct": 0.0, "Elev_m": 358.86505613008177, "ElevStd_m": 1.591099013155235, "TRI_m": 0.19693801895653248, "Slope_deg": 0.05246032401919365, "NatCoverPct_2km": 11.25914391026666, "EdgeDensity_2km": 1.2200917666380222, "NatCoverPct_500m": 16.655455739889728, "EdgeDensity_500m": 3.3022989734143873, "gHM": 0.35214659571647644, "DistWater_m": 431.8758101376449, "LST_C": 30.77405396136877, "NightLights": 1.5631250143051147, "BuiltUp_Pct": 100.0, "hard_filter_pass": true}}, {"type": "Feature", "geometry": {"type": "Polygon", "coordinates": [[[77.95816976251126, 16.458333064002407], [77.95817318690605, 16.4585587616885], [77.95840707789758, 16.45855545709617], [77.958403653233, 16.458329759457882], [77.95816976251126, 16.458333064002407]]]}, "properties": {"name": "grid_00580", "display_name": "SFV-T0581", "role": "candidate_grid_cell", "area_ha": 0.0625, "named_subarea": null, "gee_matched": true, "NDVI_raw": 0.3109943321021519, "TreeCover_Pct": 62.30274693161893, "Elev_m": 358.527146018924, "ElevStd_m": 1.7245745525852896, "TRI_m": 0.20764766659958195, "Slope_deg": 0.05246032401919365, "NatCoverPct_2km": 11.175751232946054, "EdgeDensity_2km": 1.2063983017708246, "NatCoverPct_500m": 17.90607898046789, "EdgeDensity_500m": 3.507712305403133, "gHM": 0.35214659571647644, "DistWater_m": 380.16408689011155, "LST_C": 29.761774193548376, "NightLights": 1.5631250143051147, "BuiltUp_Pct": 100.0, "hard_filter_pass": true}}, {"type": "Feature", "geometry": {"type": "Polygon", "coordinates": [[[77.95817318690605, 16.4585587616885], [77.9581766113544, 16.45878445936906], [77.9584105026157, 16.458781154728914], [77.95840707789758, 16.45855545709617], [77.95817318690605, 16.4585587616885]]]}, "properties": {"name": "grid_00581", "display_name": "SFV-T0582", "role": "candidate_grid_cell", "area_ha": 0.0625, "named_subarea": null, "gee_matched": true, "NDVI_raw": 0.33613395181966704, "TreeCover_Pct": 100.0, "Elev_m": 358.0040434598206, "ElevStd_m": 1.8820257968587335, "TRI_m": 0.21930915733403034, "Slope_deg": 0.05246032401919365, "NatCoverPct_2km": 11.092773980093584, "EdgeDensity_2km": 1.1965098880112555, "NatCoverPct_500m": 19.15061223562112, "EdgeDensity_500m": 3.655908154743452, "gHM": 0.35214659571647644, "DistWater_m": 324.0784929545656, "LST_C": 29.761774193548376, "NightLights": 1.5631250143051147, "BuiltUp_Pct": 100.0, "hard_filter_pass": true}}, {"type": "Feature", "geometry": {"type": "Polygon", "coordinates": [[[77.9581766113544, 16.45878445936906], [77.95818003585633, 16.45901015704407], [77.95841392738745, 16.4590068523561], [77.9584105026157, 16.458781154728914], [77.9581766113544, 16.45878445936906]]]}, "properties": {"name": "grid_00582", "display_name": "SFV-T0583", "role": "candidate_grid_cell", "area_ha": 0.0625, "named_subarea": null, "gee_matched": true, "NDVI_raw": 0.3279288282080927, "TreeCover_Pct": 92.94330518697227, "Elev_m": 357.5872790954369, "ElevStd_m": 2.047063628304045, "TRI_m": 0.2280543383423614, "Slope_deg": 0.05246032401919365, "NatCoverPct_2km": 11.009734181797455, "EdgeDensity_2km": 1.1858834424969054, "NatCoverPct_500m": 20.395791493524616, "EdgeDensity_500m": 3.827057986650268, "gHM": 0.35214659571647644, "DistWater_m": 270.06655366038876, "LST_C": 29.761774193548376, "NightLights": 1.5631250143051147, "BuiltUp_Pct": 100.0, "hard_filter_pass": true}}, {"type": "Feature", "geometry": {"type": "Polygon", "coordinates": [[[77.95818003585633, 16.45901015704407], [77.95818346041186, 16.459235854713526], [77.95841735221278, 16.459232549977752], [77.95841392738745, 16.4590068523561], [77.95818003585633, 16.45901015704407]]]}, "properties": {"name": "grid_00583", "display_name": "SFV-T0584", "role": "candidate_grid_cell", "area_ha": 0.0625, "named_subarea": null, "gee_matched": true, "NDVI_raw": 0.24857199208960024, "TreeCover_Pct": 4.002389486260453, "Elev_m": 357.7378051101519, "ElevStd_m": 2.194412386629667, "TRI_m": 0.2303617723678067, "Slope_deg": 0.05246032401919365, "NatCoverPct_2km": 10.924273983356834, "EdgeDensity_2km": 1.1885217878736378, "NatCoverPct_500m": 21.7172808897155, "EdgeDensity_500m": 3.971232609747969, "gHM": 0.35214659571647644, "DistWater_m": 218.7950001093353, "LST_C": 29.761774193548376, "NightLights": 1.5631250143051147, "BuiltUp_Pct": 69.83273596176821, "SEGMENT_ID": -701647486.0, "hard_filter_pass": true}}, {"type": "Feature", "geometry": {"type": "Polygon", "coordinates": [[[77.95818346041186, 16.459235854713526], [77.95818688502095, 16.45946155237744], [77.95842077709169, 16.459458247593844], [77.95841735221278, 16.459232549977752], [77.95818346041186, 16.459235854713526]]]}, "properties": {"name": "grid_00584", "display_name": "SFV-T0585", "role": "candidate_grid_cell", "area_ha": 0.0625, "named_subarea": null, "gee_matched": true, "NDVI_raw": 0.26455593486375445, "TreeCover_Pct": 2.350813743218806, "Elev_m": 356.8775203766918, "ElevStd_m": 2.313634158187116, "TRI_m": 0.23337644946198002, "Slope_deg": 0.05246032401919365, "NatCoverPct_2km": 10.849002469133238, "EdgeDensity_2km": 1.1967488370005812, "NatCoverPct_500m": 23.061779523400993, "EdgeDensity_500m": 4.080415803069966, "gHM": 0.35214659571647644, "DistWater_m": 162.54549085161815, "LST_C": 29.761774193548376, "NightLights": 1.5631250143051147, "BuiltUp_Pct": 0.0, "SEGMENT_ID": -701647486.0, "hard_filter_pass": true}}, {"type": "Feature", "geometry": {"type": "Polygon", "coordinates": [[[77.95818688502095, 16.45946155237744], [77.95819030968364, 16.459687250035806], [77.95842420202418, 16.4596839452044], [77.95842077709169, 16.459458247593844], [77.95818688502095, 16.45946155237744]]]}, "properties": {"name": "grid_00585", "display_name": "SFV-T0586", "role": "candidate_grid_cell", "area_ha": 0.0625, "named_subarea": null, "gee_matched": true, "NDVI_raw": 0.2924043427805892, "TreeCover_Pct": 36.457699330493, "Elev_m": 355.9999341355253, "ElevStd_m": 2.3888947859344905, "TRI_m": 0.23635990539760932, "Slope_deg": 0.05246032401919365, "NatCoverPct_2km": 10.77694633103357, "EdgeDensity_2km": 1.2004935166302984, "NatCoverPct_500m": 24.44092291905332, "EdgeDensity_500m": 4.184887497902476, "gHM": 0.35214659571647644, "DistWater_m": 112.2886454222356, "LST_C": 29.761774193548376, "NightLights": 1.5631250143051147, "BuiltUp_Pct": 0.0, "SEGMENT_ID": -701647486.0, "hard_filter_pass": true}}, {"type": "Feature", "geometry": {"type": "Polygon", "coordinates": [[[77.95819030968364, 16.459687250035806], [77.95819373439991, 16.459912947688622], [77.95842762701027, 16.4599096428094], [77.95842420202418, 16.4596839452044], [77.95819030968364, 16.459687250035806]]]}, "properties": {"name": "grid_00586", "display_name": "SFV-T0587", "role": "candidate_grid_cell", "area_ha": 0.0625, "named_subarea": null, "gee_matched": true, "NDVI_raw": 0.2507040896627094, "TreeCover_Pct": 0.0, "Elev_m": 355.28091960764334, "ElevStd_m": 2.4074595846974756, "TRI_m": 0.23695886335391705, "Slope_deg": 0.05246032401919365, "NatCoverPct_2km": 10.70445192209121, "EdgeDensity_2km": 1.203557978662703, "NatCoverPct_500m": 25.878936615206054, "EdgeDensity_500m": 4.318435146342345, "gHM": 0.35214659571647644, "DistWater_m": 56.272617611580216, "LST_C": 29.761774193548376, "NightLights": 1.5631250143051147, "BuiltUp_Pct": 0.0, "SEGMENT_ID": -508773725.0, "hard_filter_pass": true}}, {"type": "Feature", "geometry": {"type": "Polygon", "coordinates": [[[77.95819373439991, 16.459912947688622], [77.95819715916976, 16.460138645335885], [77.95843105204993, 16.460135340408854], [77.95842762701027, 16.4599096428094], [77.95819373439991, 16.459912947688622]]]}, "properties": {"name": "grid_00587", "display_name": "SFV-T0588", "role": "candidate_grid_cell", "area_ha": 0.0625, "named_subarea": null, "gee_matched": true, "NDVI_raw": 0.28024046575574996, "TreeCover_Pct": 20.82338902147971, "Elev_m": 354.6653448391643, "ElevStd_m": 2.3717406657674966, "TRI_m": 0.22990953557479368, "Slope_deg": 0.05246032401919365, "NatCoverPct_2km": 10.63328976129254, "EdgeDensity_2km": 1.2109939003011372, "NatCoverPct_500m": 27.339016983248893, "EdgeDensity_500m": 4.402878254477928, "gHM": 0.35214659571647644, "DistWater_m": 1.5035799522673028, "LST_C": 29.761774193548376, "NightLights": 1.5631250143051147, "BuiltUp_Pct": 0.0, "JRC_Water": 0.0, "SEGMENT_ID": -508773725.0, "hard_filter_pass": true}}, {"type": "Feature", "geometry": {"type": "Polygon", "coordinates": [[[77.95836940953453, 16.456072782769926], [77.95860329750501, 16.456069478443176], [77.95860012542408, 16.455860407561726], [77.9585798, 16.455862999999997], [77.9584174, 16.455848100000004], [77.95836620979105, 16.45586187198621], [77.95836940953453, 16.456072782769926]]]}, "properties": {"name": "grid_00588", "display_name": "SFV-T0589", "role": "candidate_grid_cell", "area_ha": 0.05958, "named_subarea": null, "gee_matched": true, "NDVI_raw": 0.2462370860659834, "TreeCover_Pct": 17.00507614213198, "Elev_m": 363.31824384970116, "ElevStd_m": 1.4466795453484373, "TRI_m": 0.22256583811057873, "Slope_deg": 0.05246032401919365, "NatCoverPct_2km": 12.391577201352533, "EdgeDensity_2km": 1.462078749893895, "NatCoverPct_500m": 3.948915896636365, "EdgeDensity_500m": 1.6446280352282805, "gHM": 0.41489648818969727, "DistWater_m": 1018.4943517699185, "LST_C": 30.89688000000001, "NightLights": 1.46875, "BuiltUp_Pct": 100.0, "hard_filter_pass": true}}, {"type": "Feature", "geometry": {"type": "Polygon", "coordinates": [[[77.95836940953453, 16.456072782769926], [77.95837283366325, 16.45629848046368], [77.95860672190348, 16.456295176089117], [77.95860329750501, 16.456069478443176], [77.95836940953453, 16.456072782769926]]]}, "properties": {"name": "grid_00589", "display_name": "SFV-T0590", "role": "candidate_grid_cell", "area_ha": 0.0625, "named_subarea": null, "gee_matched": true, "NDVI_raw": 0.22723115999671067, "TreeCover_Pct": 0.0, "Elev_m": 362.92146937439384, "ElevStd_m": 1.4128626042456376, "TRI_m": 0.22753677485448182, "Slope_deg": 0.05246032401919365, "NatCoverPct_2km": 12.252715875591907, "EdgeDensity_2km": 1.431587156864188, "NatCoverPct_500m": 5.133333591244429, "EdgeDensity_500m": 1.7659495448513836, "gHM": 0.41489648818969727, "DistWater_m": 953.6263894866514, "LST_C": 30.89688000000001, "NightLights": 1.492300673076748, "BuiltUp_Pct": 100.0, "hard_filter_pass": true}}, {"type": "Feature", "geometry": {"type": "Polygon", "coordinates": [[[77.95837283366325, 16.45629848046368], [77.95837625784556, 16.45652417815189], [77.95861014635554, 16.456520873729513], [77.95860672190348, 16.456295176089117], [77.95837283366325, 16.45629848046368]]]}, "properties": {"name": "grid_00590", "display_name": "SFV-T0591", "role": "candidate_grid_cell", "area_ha": 0.0625, "named_subarea": null, "gee_matched": true, "NDVI_raw": 0.21039976144527628, "TreeCover_Pct": 0.0, "Elev_m": 362.47828796791896, "ElevStd_m": 1.4923228963960598, "TRI_m": 0.2322775288005033, "Slope_deg": 0.05246032401919365, "NatCoverPct_2km": 12.114982272641635, "EdgeDensity_2km": 1.4063960079545383, "NatCoverPct_500m": 6.34324677208762, "EdgeDensity_500m": 1.889985008946273, "gHM": 0.41489648818969727, "DistWater_m": 890.902431513781, "LST_C": 30.89688000000001, "NightLights": 1.5631250143051147, "BuiltUp_Pct": 100.0, "hard_filter_pass": true}}, {"type": "Feature", "geometry": {"type": "Polygon", "coordinates": [[[77.95837625784556, 16.45652417815189], [77.95837968208144, 16.45674987583455], [77.95861357086117, 16.456746571364352], [77.95861014635554, 16.456520873729513], [77.95837625784556, 16.45652417815189]]]}, "properties": {"name": "grid_00591", "display_name": "SFV-T0592", "role": "candidate_grid_cell", "area_ha": 0.0625, "named_subarea": null, "gee_matched": true, "NDVI_raw": 0.20494864622693085, "TreeCover_Pct": 0.0, "Elev_m": 362.16275681715746, "ElevStd_m": 1.651241711266765, "TRI_m": 0.23319836063448654, "Slope_deg": 0.05246032401919365, "NatCoverPct_2km": 11.985619922819048, "EdgeDensity_2km": 1.3785511957795336, "NatCoverPct_500m": 7.561632574108998, "EdgeDensity_500m": 2.025823298998984, "gHM": 0.41489648818969727, "DistWater_m": 827.8334641790498, "LST_C": 30.89688000000001, "NightLights": 1.5631250143051147, "BuiltUp_Pct": 100.0, "hard_filter_pass": true}}, {"type": "Feature", "geometry": {"type": "Polygon", "coordinates": [[[77.95837968208144, 16.45674987583455], [77.9583831063709, 16.456975573511667], [77.95861699542041, 16.456972268993653], [77.95861357086117, 16.456746571364352], [77.95837968208144, 16.45674987583455]]]}, "properties": {"name": "grid_00592", "display_name": "SFV-T0593", "role": "candidate_grid_cell", "area_ha": 0.0625, "named_subarea": null, "gee_matched": true, "NDVI_raw": 0.2210844524422584, "TreeCover_Pct": 0.0, "Elev_m": 361.5095979032462, "ElevStd_m": 1.8212064436697029, "TRI_m": 0.22638323476115849, "Slope_deg": 0.05246032401919365, "NatCoverPct_2km": 11.863116169343845, "EdgeDensity_2km": 1.3543899076686148, "NatCoverPct_500m": 8.818271192522305, "EdgeDensity_500m": 2.162472176026917, "gHM": 0.41489648818969727, "DistWater_m": 767.7869573355605, "LST_C": 30.89688000000001, "NightLights": 1.5631250143051147, "BuiltUp_Pct": 100.0, "hard_filter_pass": true}}, {"type": "Feature", "geometry": {"type": "Polygon", "coordinates": [[[77.9583831063709, 16.456975573511667], [77.95838653071397, 16.457201271183237], [77.95862042003323, 16.45719796661741], [77.95861699542041, 16.456972268993653], [77.9583831063709, 16.456975573511667]]]}, "properties": {"name": "grid_00593", "display_name": "SFV-T0594", "role": "candidate_grid_cell", "area_ha": 0.0625, "named_subarea": null, "gee_matched": true, "NDVI_raw": 0.23422334867028782, "TreeCover_Pct": 0.0, "Elev_m": 361.0176367474811, "ElevStd_m": 1.9388744734352326, "TRI_m": 0.20808963266081154, "Slope_deg": 0.05246032401919365, "NatCoverPct_2km": 11.745038469843456, "EdgeDensity_2km": 1.329856494147108, "NatCoverPct_500m": 10.109947608533123, "EdgeDensity_500m": 2.3100313652440594, "gHM": 0.41489648818969727, "DistWater_m": 709.1198329653963, "LST_C": 30.89688000000001, "NightLights": 1.5631250143051147, "BuiltUp_Pct": 100.0, "hard_filter_pass": true}}, {"type": "Feature", "geometry": {"type": "Polygon", "coordinates": [[[77.95838653071397, 16.457201271183237], [77.9583899551106, 16.457426968849266], [77.95862384469963, 16.457423664235616], [77.95862042003323, 16.45719796661741], [77.95838653071397, 16.457201271183237]]]}, "properties": {"name": "grid_00594", "display_name": "SFV-T0595", "role": "candidate_grid_cell", "area_ha": 0.0625, "named_subarea": null, "gee_matched": true, "NDVI_raw": 0.2588397169801733, "TreeCover_Pct": 0.0, "Elev_m": 360.7590427146204, "ElevStd_m": 1.9115851569507667, "TRI_m": 0.1937433678949155, "Slope_deg": 0.05246032401919365, "NatCoverPct_2km": 11.630683630828576, "EdgeDensity_2km": 1.3034506885877217, "NatCoverPct_500m": 11.45827036672559, "EdgeDensity_500m": 2.5037054589328767, "gHM": 0.41489648818969727, "DistWater_m": 650.1176695695287, "LST_C": 30.89688000000001, "NightLights": 1.5631250143051147, "BuiltUp_Pct": 100.0, "hard_filter_pass": true}}, {"type": "Feature", "geometry": {"type": "Polygon", "coordinates": [[[77.9583899551106, 16.457426968849266], [77.95839337956082, 16.45765266650974], [77.95862726941964, 16.457649361848276], [77.95862384469963, 16.457423664235616], [77.9583899551106, 16.457426968849266]]]}, "properties": {"name": "grid_00595", "display_name": "SFV-T0596", "role": "candidate_grid_cell", "area_ha": 0.0625, "named_subarea": null, "gee_matched": true, "NDVI_raw": 0.24195559450049903, "TreeCover_Pct": 1.7313432835820899, "Elev_m": 359.9843202505539, "ElevStd_m": 1.8198566900223154, "TRI_m": 0.18459714051384812, "Slope_deg": 0.05246032401919365, "NatCoverPct_2km": 11.517267409675124, "EdgeDensity_2km": 1.2798120767739587, "NatCoverPct_500m": 12.888710500291364, "EdgeDensity_500m": 2.6590808527512277, "gHM": 0.41489648818969727, "DistWater_m": 583.532252317471, "LST_C": 30.89688000000001, "NightLights": 1.5631250143051147, "BuiltUp_Pct": 100.0, "hard_filter_pass": true}}, {"type": "Feature", "geometry": {"type": "Polygon", "coordinates": [[[77.95839337956082, 16.45765266650974], [77.95839680406463, 16.457878364164667], [77.95863069419322, 16.457875059455386], [77.95862726941964, 16.457649361848276], [77.95839337956082, 16.45765266650974]]]}, "properties": {"name": "grid_00596", "display_name": "SFV-T0597", "role": "candidate_grid_cell", "area_ha": 0.0625, "named_subarea": null, "gee_matched": true, "NDVI_raw": 0.2540777977241809, "TreeCover_Pct": 0.5421686746987951, "Elev_m": 359.0067119368587, "ElevStd_m": 1.7130943525522262, "TRI_m": 0.17698543621417048, "Slope_deg": 0.05246032401919365, "NatCoverPct_2km": 11.411743683066138, "EdgeDensity_2km": 1.2521793132898031, "NatCoverPct_500m": 14.366804455938706, "EdgeDensity_500m": 2.845941664264865, "gHM": 0.41489648818969727, "DistWater_m": 514.56025572857, "LST_C": 30.89688000000001, "NightLights": 1.5631250143051147, "BuiltUp_Pct": 100.0, "hard_filter_pass": true}}, {"type": "Feature", "geometry": {"type": "Polygon", "coordinates": [[[77.95839680406463, 16.457878364164667], [77.95840022862203, 16.458104061814048], [77.95863411902039, 16.45810075705695], [77.95863069419322, 16.457875059455386], [77.95839680406463, 16.457878364164667]]]}, "properties": {"name": "grid_00597", "display_name": "SFV-T0598", "role": "candidate_grid_cell", "area_ha": 0.0625, "named_subarea": null, "gee_matched": true, "NDVI_raw": 0.2789916199090417, "TreeCover_Pct": 0.0, "Elev_m": 358.5178842289314, "ElevStd_m": 1.6610867858180174, "TRI_m": 0.18330360452216093, "Slope_deg": 0.05246032401919365, "NatCoverPct_2km": 11.314796271551469, "EdgeDensity_2km": 1.2332609198630913, "NatCoverPct_500m": 15.820990651349303, "EdgeDensity_500m": 3.104852671222677, "gHM": 0.3960791542546013, "DistWater_m": 447.0916044765683, "LST_C": 30.89688000000001, "NightLights": 1.5631250143051147, "BuiltUp_Pct": 100.0, "hard_filter_pass": true}}, {"type": "Feature", "geometry": {"type": "Polygon", "coordinates": [[[77.95840022862203, 16.458104061814048], [77.958403653233, 16.458329759457882], [77.95863754390115, 16.45832645465297], [77.95863411902039, 16.45810075705695], [77.95840022862203, 16.458104061814048]]]}, "properties": {"name": "grid_00598", "display_name": "SFV-T0599", "role": "candidate_grid_cell", "area_ha": 0.0625, "named_subarea": null, "gee_matched": true, "NDVI_raw": 0.26256447845791553, "TreeCover_Pct": 0.0, "Elev_m": 358.2038100510292, "ElevStd_m": 1.706786181238734, "TRI_m": 0.19298696950559938, "Slope_deg": 0.05246032401919365, "NatCoverPct_2km": 11.21809258895568, "EdgeDensity_2km": 1.215905584328046, "NatCoverPct_500m": 17.270812730758912, "EdgeDensity_500m": 3.3649998428361103, "gHM": 0.35214659571647644, "DistWater_m": 382.4645036273607, "LST_C": 30.78309357347236, "NightLights": 1.5631250143051147, "BuiltUp_Pct": 100.0, "hard_filter_pass": true}}, {"type": "Feature", "geometry": {"type": "Polygon", "coordinates": [[[77.958403653233, 16.458329759457882], [77.95840707789758, 16.45855545709617], [77.95864096883551, 16.45855215224344], [77.95863754390115, 16.45832645465297], [77.958403653233, 16.458329759457882]]]}, "properties": {"name": "grid_00599", "display_name": "SFV-T0600", "role": "candidate_grid_cell", "area_ha": 0.0625, "named_subarea": null, "gee_matched": true, "NDVI_raw": 0.26272680433023543, "TreeCover_Pct": 26.763110307414106, "Elev_m": 358.0517255841716, "ElevStd_m": 1.8365749240383147, "TRI_m": 0.20581873685467544, "Slope_deg": 0.05246032401919365, "NatCoverPct_2km": 11.128449957528483, "EdgeDensity_2km": 1.1992667479721937, "NatCoverPct_500m": 18.615428286529863, "EdgeDensity_500m": 3.614531242519596, "gHM": 0.35214659571647644, "DistWater_m": 322.58889018931654, "LST_C": 29.761774193548376, "NightLights": 1.5631250143051147, "BuiltUp_Pct": 100.0, "hard_filter_pass": true}}, {"type": "Feature", "geometry": {"type": "Polygon", "coordinates": [[[77.95840707789758, 16.45855545709617], [77.9584105026157, 16.458781154728914], [77.95864439382345, 16.458777849828362], [77.95864096883551, 16.45855215224344], [77.95840707789758, 16.45855545709617]]]}, "properties": {"name": "grid_00600", "display_name": "SFV-T0601", "role": "candidate_grid_cell", "area_ha": 0.0625, "named_subarea": null, "gee_matched": true, "NDVI_raw": 0.3012505922141725, "TreeCover_Pct": 59.3914569923932, "Elev_m": 357.93033070840494, "ElevStd_m": 1.9766202065369547, "TRI_m": 0.21792606975301182, "Slope_deg": 0.05246032401919365, "NatCoverPct_2km": 11.038558529097418, "EdgeDensity_2km": 1.183678808992287, "NatCoverPct_500m": 19.963364383662345, "EdgeDensity_500m": 3.85505719962881, "gHM": 0.35214659571647644, "DistWater_m": 270.3369807605724, "LST_C": 29.761774193548376, "NightLights": 1.5631250143051147, "BuiltUp_Pct": 100.0, "hard_filter_pass": true}}, {"type": "Feature", "geometry": {"type": "Polygon", "coordinates": [[[77.9584105026157, 16.458781154728914], [77.95841392738745, 16.4590068523561], [77.95864781886499, 16.459003547407736], [77.95864439382345, 16.458777849828362], [77.9584105026157, 16.458781154728914]]]}, "properties": {"name": "grid_00601", "display_name": "SFV-T0602", "role": "candidate_grid_cell", "area_ha": 0.0625, "named_subarea": null, "gee_matched": true, "NDVI_raw": 0.3387660469053782, "TreeCover_Pct": 100.0, "Elev_m": 356.90194113212726, "ElevStd_m": 2.1055927337842832, "TRI_m": 0.22493682133359946, "Slope_deg": 0.05246032401919365, "NatCoverPct_2km": 10.946902896791773, "EdgeDensity_2km": 1.1828710378077212, "NatCoverPct_500m": 21.36780324662986, "EdgeDensity_500m": 4.038098019806291, "gHM": 0.35214659571647644, "DistWater_m": 216.41374097624356, "LST_C": 29.761774193548376, "NightLights": 1.5631250143051147, "BuiltUp_Pct": 100.0, "hard_filter_pass": true}}, {"type": "Feature", "geometry": {"type": "Polygon", "coordinates": [[[77.95841392738745, 16.4590068523561], [77.95841735221278, 16.459232549977752], [77.95865124396012, 16.459229244981564], [77.95864781886499, 16.459003547407736], [77.95841392738745, 16.4590068523561]]]}, "properties": {"name": "grid_00602", "display_name": "SFV-T0603", "role": "candidate_grid_cell", "area_ha": 0.0625, "named_subarea": null, "gee_matched": true, "NDVI_raw": 0.2673128740862012, "TreeCover_Pct": 5.074257425742574, "Elev_m": 357.5290685597032, "ElevStd_m": 2.202232546347419, "TRI_m": 0.22624814552551917, "Slope_deg": 0.05246032401919365, "NatCoverPct_2km": 10.865383028306114, "EdgeDensity_2km": 1.1914959710821615, "NatCoverPct_500m": 22.796943018160277, "EdgeDensity_500m": 4.146142842911873, "gHM": 0.35214659571647644, "DistWater_m": 160.53717225784575, "LST_C": 29.761774193548376, "NightLights": 1.5631250143051147, "BuiltUp_Pct": 89.35643564356434, "SEGMENT_ID": -701647486.0, "hard_filter_pass": true}}, {"type": "Feature", "geometry": {"type": "Polygon", "coordinates": [[[77.95841735221278, 16.459232549977752], [77.95842077709169, 16.459458247593844], [77.95865466910882, 16.459454942549844], [77.95865124396012, 16.459229244981564], [77.95841735221278, 16.459232549977752]]]}, "properties": {"name": "grid_00603", "display_name": "SFV-T0604", "role": "candidate_grid_cell", "area_ha": 0.0625, "named_subarea": null, "gee_matched": true, "NDVI_raw": 0.2588150221931645, "TreeCover_Pct": 12.788632326820602, "Elev_m": 356.52103734397554, "ElevStd_m": 2.2831409008567087, "TRI_m": 0.22896563430026196, "Slope_deg": 0.05246032401919365, "NatCoverPct_2km": 10.78781961932448, "EdgeDensity_2km": 1.196308687564338, "NatCoverPct_500m": 24.255510110129684, "EdgeDensity_500m": 4.2374340281035225, "gHM": 0.35214659571647644, "DistWater_m": 115.49094625095317, "LST_C": 29.761774193548376, "NightLights": 1.5631250143051147, "BuiltUp_Pct": 8.348134991119005, "SEGMENT_ID": -701647486.0, "hard_filter_pass": true}}, {"type": "Feature", "geometry": {"type": "Polygon", "coordinates": [[[77.95842077709169, 16.459458247593844], [77.95842420202418, 16.4596839452044], [77.95865809431115, 16.459680640112573], [77.95865466910882, 16.459454942549844], [77.95842077709169, 16.459458247593844]]]}, "properties": {"name": "grid_00604", "display_name": "SFV-T0605", "role": "candidate_grid_cell", "area_ha": 0.0625, "named_subarea": null, "gee_matched": true, "NDVI_raw": 0.33985007758625974, "TreeCover_Pct": 90.41916167664672, "Elev_m": 355.45298383335876, "ElevStd_m": 2.3447618970407813, "TRI_m": 0.229588368210576, "Slope_deg": 0.05246032401919365, "NatCoverPct_2km": 10.7122859530735, "EdgeDensity_2km": 1.2015625516303727, "NatCoverPct_500m": 25.730767352264046, "EdgeDensity_500m": 4.325728784692321, "gHM": 0.35214659571647644, "DistWater_m": 56.28003016385743, "LST_C": 29.761774193548376, "NightLights": 1.5631250143051147, "BuiltUp_Pct": 0.0, "JRC_Water": 0.0, "SEGMENT_ID": -701647486.0, "hard_filter_pass": true}}, {"type": "Feature", "geometry": {"type": "Polygon", "coordinates": [[[77.95842420202418, 16.4596839452044], [77.95842762701027, 16.4599096428094], [77.95866151956703, 16.459906337669764], [77.95865809431115, 16.459680640112573], [77.95842420202418, 16.4596839452044]]]}, "properties": {"name": "grid_00605", "display_name": "SFV-T0606", "role": "candidate_grid_cell", "area_ha": 0.0625, "named_subarea": null, "gee_matched": true, "NDVI_raw": 0.30286712244645253, "TreeCover_Pct": 45.885885885885884, "Elev_m": 354.61478036874763, "ElevStd_m": 2.3710974326569394, "TRI_m": 0.2259103821040678, "Slope_deg": 0.05246032401919365, "NatCoverPct_2km": 10.636400662570374, "EdgeDensity_2km": 1.2048788970192488, "NatCoverPct_500m": 27.26242702784259, "EdgeDensity_500m": 4.438486744116772, "gHM": 0.35214659571647644, "DistWater_m": 26.198198198198195, "LST_C": 29.761774193548376, "NightLights": 1.5631250143051147, "BuiltUp_Pct": 0.0, "JRC_Water": 0.0, "SEGMENT_ID": -508773725.0, "hard_filter_pass": true}}, {"type": "Feature", "geometry": {"type": "Polygon", "coordinates": [[[77.95866151956703, 16.459906337669764], [77.95842762701027, 16.4599096428094], [77.95843105204993, 16.460135340408854], [77.95859547799161, 16.46013301689945], [77.9586042, 16.460131199999996], [77.95866478212119, 16.4601213111665], [77.95866151956703, 16.459906337669764]]]}, "properties": {"name": "grid_00606", "display_name": "SFV-T0607", "role": "candidate_grid_cell", "area_ha": 0.06204, "named_subarea": null, "gee_matched": true, "NDVI_raw": 0.21248833636381767, "TreeCover_Pct": 0.0, "Elev_m": 353.98403416723295, "ElevStd_m": 2.337527914691175, "TRI_m": 0.21818808924652347, "Slope_deg": 0.05246032401919365, "NatCoverPct_2km": 10.558457514289318, "EdgeDensity_2km": 1.2167917107795456, "NatCoverPct_500m": 28.81165615691127, "EdgeDensity_500m": 4.508201477813453, "gHM": 0.35214659571647644, "DistWater_m": 1.0325752919483713, "LST_C": 29.761774193548376, "NightLights": 1.5631250143051147, "BuiltUp_Pct": 0.0, "JRC_Water": 0.0, "SEGMENT_ID": -508773725.0, "hard_filter_pass": true}}, {"type": "Feature", "geometry": {"type": "Polygon", "coordinates": [[[77.95860329750501, 16.456069478443176], [77.9588371854219, 16.456066173856073], [77.95883376080728, 16.45584047625241], [77.95874675355398, 16.455841705586334], [77.95860012542408, 16.455860407561726], [77.95860329750501, 16.456069478443176]]]}, "properties": {"name": "grid_00607", "display_name": "SFV-T0608", "role": "candidate_grid_cell", "area_ha": 0.06105, "named_subarea": null, "gee_matched": true, "NDVI_raw": 0.24098809017781536, "TreeCover_Pct": 5.821078431372551, "Elev_m": 362.14919411902343, "ElevStd_m": 1.4957768627204149, "TRI_m": 0.22533763474719487, "Slope_deg": 0.05246032401919365, "NatCoverPct_2km": 12.416251177253121, "EdgeDensity_2km": 1.4664542737698083, "NatCoverPct_500m": 4.014776443188843, "EdgeDensity_500m": 1.6468992971566145, "gHM": 0.41489648818969727, "DistWater_m": 983.0948537084286, "LST_C": 30.89688000000001, "NightLights": 1.46875, "BuiltUp_Pct": 100.0, "hard_filter_pass": true}}, {"type": "Feature", "geometry": {"type": "Polygon", "coordinates": [[[77.95860329750501, 16.456069478443176], [77.95860672190348, 16.456295176089117], [77.95884061009012, 16.45629187145419], [77.9588371854219, 16.456066173856073], [77.95860329750501, 16.456069478443176]]]}, "properties": {"name": "grid_00608", "display_name": "SFV-T0609", "role": "candidate_grid_cell", "area_ha": 0.0625, "named_subarea": null, "gee_matched": true, "NDVI_raw": 0.23973404539655668, "TreeCover_Pct": 0.0, "Elev_m": 362.1514240164745, "ElevStd_m": 1.506962051871294, "TRI_m": 0.23204637430603137, "Slope_deg": 0.05246032401919365, "NatCoverPct_2km": 12.27421812052723, "EdgeDensity_2km": 1.4286348453862359, "NatCoverPct_500m": 5.206529960094478, "EdgeDensity_500m": 1.769248178331088, "gHM": 0.41489648818969727, "DistWater_m": 915.0958594741288, "LST_C": 30.89688000000001, "NightLights": 1.4922874439018723, "BuiltUp_Pct": 100.0, "hard_filter_pass": true}}, {"type": "Feature", "geometry": {"type": "Polygon", "coordinates": [[[77.95860672190348, 16.456295176089117], [77.95861014635554, 16.456520873729513], [77.95884403481193, 16.456517569046767], [77.95884061009012, 16.45629187145419], [77.95860672190348, 16.456295176089117]]]}, "properties": {"name": "grid_00609", "display_name": "SFV-T0610", "role": "candidate_grid_cell", "area_ha": 0.0625, "named_subarea": null, "gee_matched": true, "NDVI_raw": 0.2398635055858591, "TreeCover_Pct": 0.0, "Elev_m": 361.9213812737814, "ElevStd_m": 1.6153007361812832, "TRI_m": 0.23353257654073525, "Slope_deg": 0.05246032401919365, "NatCoverPct_2km": 12.136439577285477, "EdgeDensity_2km": 1.405900862842675, "NatCoverPct_500m": 6.410790217774497, "EdgeDensity_500m": 1.8966832102358322, "gHM": 0.41489648818969727, "DistWater_m": 850.1295702053171, "LST_C": 30.89688000000001, "NightLights": 1.5631250143051147, "BuiltUp_Pct": 100.0, "hard_filter_pass": true}}, {"type": "Feature", "geometry": {"type": "Polygon", "coordinates": [[[77.95861014635554, 16.456520873729513], [77.95861357086117, 16.456746571364352], [77.95884745958733, 16.45674326663379], [77.95884403481193, 16.456517569046767], [77.95861014635554, 16.456520873729513]]]}, "properties": {"name": "grid_00610", "display_name": "SFV-T0611", "role": "candidate_grid_cell", "area_ha": 0.0625, "named_subarea": null, "gee_matched": true, "NDVI_raw": 0.23639598726283603, "TreeCover_Pct": 0.0, "Elev_m": 361.5880790023618, "ElevStd_m": 1.776892778576753, "TRI_m": 0.23145013387338634, "Slope_deg": 0.05246032401919365, "NatCoverPct_2km": 12.00095450048849, "EdgeDensity_2km": 1.3821816990069997, "NatCoverPct_500m": 7.6546846921781, "EdgeDensity_500m": 2.0340115789860573, "gHM": 0.41489648818969727, "DistWater_m": 783.9148459969819, "LST_C": 30.89688000000001, "NightLights": 1.5631250143051147, "BuiltUp_Pct": 100.0, "hard_filter_pass": true}}, {"type": "Feature", "geometry": {"type": "Polygon", "coordinates": [[[77.95861357086117, 16.456746571364352], [77.95861699542041, 16.456972268993653], [77.95885088441632, 16.45696896421527], [77.95884745958733, 16.45674326663379], [77.95861357086117, 16.456746571364352]]]}, "properties": {"name": "grid_00611", "display_name": "SFV-T0612", "role": "candidate_grid_cell", "area_ha": 0.0625, "named_subarea": null, "gee_matched": true, "NDVI_raw": 0.2382891999087181, "TreeCover_Pct": 0.0, "Elev_m": 361.02331393967916, "ElevStd_m": 1.927236373421819, "TRI_m": 0.22300026432093153, "Slope_deg": 0.05246032401919365, "NatCoverPct_2km": 11.872944853412761, "EdgeDensity_2km": 1.3582443827618595, "NatCoverPct_500m": 8.923664808748562, "EdgeDensity_500m": 2.1706015650614687, "gHM": 0.41489648818969727, "DistWater_m": 722.2083621435893, "LST_C": 30.89688000000001, "NightLights": 1.5631250143051147, "BuiltUp_Pct": 100.0, "hard_filter_pass": true}}, {"type": "Feature", "geometry": {"type": "Polygon", "coordinates": [[[77.95861699542041, 16.456972268993653], [77.95862042003323, 16.45719796661741], [77.9588543092989, 16.457194661791206], [77.95885088441632, 16.45696896421527], [77.95861699542041, 16.456972268993653]]]}, "properties": {"name": "grid_00612", "display_name": "SFV-T0613", "role": "candidate_grid_cell", "area_ha": 0.0625, "named_subarea": null, "gee_matched": true, "NDVI_raw": 0.235959803273437, "TreeCover_Pct": 0.0, "Elev_m": 360.6775907481961, "ElevStd_m": 2.00731175594872, "TRI_m": 0.20414703559386663, "Slope_deg": 0.05246032401919365, "NatCoverPct_2km": 11.749062344431989, "EdgeDensity_2km": 1.334594437169069, "NatCoverPct_500m": 10.243839691747633, "EdgeDensity_500m": 2.331332607320608, "gHM": 0.41489648818969727, "DistWater_m": 660.5840848563118, "LST_C": 30.89688000000001, "NightLights": 1.5631250143051147, "BuiltUp_Pct": 100.0, "hard_filter_pass": true}}, {"type": "Feature", "geometry": {"type": "Polygon", "coordinates": [[[77.95862042003323, 16.45719796661741], [77.95862384469963, 16.457423664235616], [77.95885773423508, 16.45742035936159], [77.9588543092989, 16.457194661791206], [77.95862042003323, 16.45719796661741]]]}, "properties": {"name": "grid_00613", "display_name": "SFV-T0614", "role": "candidate_grid_cell", "area_ha": 0.0625, "named_subarea": null, "gee_matched": true, "NDVI_raw": 0.2632290507450966, "TreeCover_Pct": 0.0, "Elev_m": 360.49736806052414, "ElevStd_m": 1.9592746980388847, "TRI_m": 0.19153018386498116, "Slope_deg": 0.05246032401919365, "NatCoverPct_2km": 11.625734519579272, "EdgeDensity_2km": 1.30698747639584, "NatCoverPct_500m": 11.680202019615864, "EdgeDensity_500m": 2.530564558169134, "gHM": 0.41489648818969727, "DistWater_m": 603.8900269637925, "LST_C": 30.89688000000001, "NightLights": 1.5631250143051147, "BuiltUp_Pct": 100.0, "hard_filter_pass": true}}, {"type": "Feature", "geometry": {"type": "Polygon", "coordinates": [[[77.95862384469963, 16.457423664235616], [77.95862726941964, 16.457649361848276], [77.95886115922485, 16.457646056926425], [77.95885773423508, 16.45742035936159], [77.95862384469963, 16.457423664235616]]]}, "properties": {"name": "grid_00614", "display_name": "SFV-T0615", "role": "candidate_grid_cell", "area_ha": 0.0625, "named_subarea": null, "gee_matched": true, "NDVI_raw": 0.2934167083915112, "TreeCover_Pct": 16.50943396226415, "Elev_m": 359.78990050981633, "ElevStd_m": 1.8675777757747467, "TRI_m": 0.1827811922997376, "Slope_deg": 0.05246032401919365, "NatCoverPct_2km": 11.503377106290964, "EdgeDensity_2km": 1.283346168288702, "NatCoverPct_500m": 13.197385562758774, "EdgeDensity_500m": 2.6957757185785405, "gHM": 0.41489648818969727, "DistWater_m": 548.3192413842851, "LST_C": 30.89688000000001, "NightLights": 1.5631250143051147, "BuiltUp_Pct": 100.0, "hard_filter_pass": true}}, {"type": "Feature", "geometry": {"type": "Polygon", "coordinates": [[[77.95862726941964, 16.457649361848276], [77.95863069419322, 16.457875059455386], [77.95886458426821, 16.457871754485716], [77.95886115922485, 16.457646056926425], [77.95862726941964, 16.457649361848276]]]}, "properties": {"name": "grid_00615", "display_name": "SFV-T0616", "role": "candidate_grid_cell", "area_ha": 0.0625, "named_subarea": null, "gee_matched": true, "NDVI_raw": 0.25080372414368063, "TreeCover_Pct": 3.147268408551068, "Elev_m": 358.56336041810664, "ElevStd_m": 1.788632935515447, "TRI_m": 0.181421297182321, "Slope_deg": 0.05246032401919365, "NatCoverPct_2km": 11.386474940300397, "EdgeDensity_2km": 1.2538312208010116, "NatCoverPct_500m": 14.757240049963546, "EdgeDensity_500m": 2.9010975832085264, "gHM": 0.41489648818969727, "DistWater_m": 485.69494343310384, "LST_C": 30.89688000000001, "NightLights": 1.5631250143051147, "BuiltUp_Pct": 100.0, "hard_filter_pass": true}}, {"type": "Feature", "geometry": {"type": "Polygon", "coordinates": [[[77.95863069419322, 16.457875059455386], [77.95863411902039, 16.45810075705695], [77.95886800936516, 16.458097452039464], [77.95886458426821, 16.457871754485716], [77.95863069419322, 16.457875059455386]]]}, "properties": {"name": "grid_00616", "display_name": "SFV-T0617", "role": "candidate_grid_cell", "area_ha": 0.0625, "named_subarea": null, "gee_matched": true, "NDVI_raw": 0.24210480232511897, "TreeCover_Pct": 0.0, "Elev_m": 358.0082963747739, "ElevStd_m": 1.7717443721631239, "TRI_m": 0.1873902549762757, "Slope_deg": 0.05246032401919365, "NatCoverPct_2km": 11.281261059574703, "EdgeDensity_2km": 1.2281628505834798, "NatCoverPct_500m": 16.323903476957284, "EdgeDensity_500m": 3.181101600657671, "gHM": 0.3961014726637088, "DistWater_m": 415.43890225508807, "LST_C": 30.89688000000001, "NightLights": 1.5631250143051147, "BuiltUp_Pct": 100.0, "hard_filter_pass": true}}, {"type": "Feature", "geometry": {"type": "Polygon", "coordinates": [[[77.95863411902039, 16.45810075705695], [77.95863754390115, 16.45832645465297], [77.95887143451571, 16.458323149587656], [77.95886800936516, 16.458097452039464], [77.95863411902039, 16.45810075705695]]]}, "properties": {"name": "grid_00617", "display_name": "SFV-T0618", "role": "candidate_grid_cell", "area_ha": 0.0625, "named_subarea": null, "gee_matched": true, "NDVI_raw": 0.22978785599929738, "TreeCover_Pct": 0.0, "Elev_m": 357.7306573155414, "ElevStd_m": 1.8315521535328967, "TRI_m": 0.19256139299309055, "Slope_deg": 0.05246032401919365, "NatCoverPct_2km": 11.177601051310756, "EdgeDensity_2km": 1.2078377764380503, "NatCoverPct_500m": 17.878465488976662, "EdgeDensity_500m": 3.48582371402734, "gHM": 0.35214659571647644, "DistWater_m": 345.6158746558743, "LST_C": 30.78473701671202, "NightLights": 1.5631250143051147, "BuiltUp_Pct": 100.0, "hard_filter_pass": true}}, {"type": "Feature", "geometry": {"type": "Polygon", "coordinates": [[[77.95863754390115, 16.45832645465297], [77.95864096883551, 16.45855215224344], [77.95887485971986, 16.458548847130306], [77.95887143451571, 16.458323149587656], [77.95863754390115, 16.45832645465297]]]}, "properties": {"name": "grid_00618", "display_name": "SFV-T0619", "role": "candidate_grid_cell", "area_ha": 0.0625, "named_subarea": null, "gee_matched": true, "NDVI_raw": 0.25002314774313855, "TreeCover_Pct": 0.0, "Elev_m": 357.6324436329373, "ElevStd_m": 1.9509297196044733, "TRI_m": 0.199279381672075, "Slope_deg": 0.05246032401919365, "NatCoverPct_2km": 11.075476666971957, "EdgeDensity_2km": 1.1851243921063745, "NatCoverPct_500m": 19.409681604680287, "EdgeDensity_500m": 3.8295353597681867, "gHM": 0.35214659571647644, "DistWater_m": 278.1451428974825, "LST_C": 29.761774193548376, "NightLights": 1.5631250143051147, "BuiltUp_Pct": 100.0, "hard_filter_pass": true}}, {"type": "Feature", "geometry": {"type": "Polygon", "coordinates": [[[77.95864096883551, 16.45855215224344], [77.95864439382345, 16.458777849828362], [77.9588782849776, 16.45877454466741], [77.95887485971986, 16.458548847130306], [77.95864096883551, 16.45855215224344]]]}, "properties": {"name": "grid_00619", "display_name": "SFV-T0620", "role": "candidate_grid_cell", "area_ha": 0.0625, "named_subarea": null, "gee_matched": true, "NDVI_raw": 0.26501484697781963, "TreeCover_Pct": 6.1360874848116636, "Elev_m": 357.52444778757575, "ElevStd_m": 2.062691220084381, "TRI_m": 0.2058817028828706, "Slope_deg": 0.05246032401919365, "NatCoverPct_2km": 10.976006514576092, "EdgeDensity_2km": 1.1811086320389628, "NatCoverPct_500m": 20.922329979713865, "EdgeDensity_500m": 4.045620830643423, "gHM": 0.35214659571647644, "DistWater_m": 215.66544517524233, "LST_C": 29.761774193548376, "NightLights": 1.5631250143051147, "BuiltUp_Pct": 100.0, "hard_filter_pass": true}}, {"type": "Feature", "geometry": {"type": "Polygon", "coordinates": [[[77.95864439382345, 16.458777849828362], [77.95864781886499, 16.459003547407736], [77.95888171028892, 16.459000242198957], [77.9588782849776, 16.45877454466741], [77.95864439382345, 16.458777849828362]]]}, "properties": {"name": "grid_00620", "display_name": "SFV-T0621", "role": "candidate_grid_cell", "area_ha": 0.0625, "named_subarea": null, "gee_matched": true, "NDVI_raw": 0.29064585474959337, "TreeCover_Pct": 46.62650602409639, "Elev_m": 356.51620648855186, "ElevStd_m": 2.134014807178989, "TRI_m": 0.21099467426811355, "Slope_deg": 0.05246032401919365, "NatCoverPct_2km": 10.88793601741344, "EdgeDensity_2km": 1.1884386981301212, "NatCoverPct_500m": 22.44171803468315, "EdgeDensity_500m": 4.163553636720164, "gHM": 0.35214659571647644, "DistWater_m": 163.7713001153432, "LST_C": 29.761774193548376, "NightLights": 1.5631250143051147, "BuiltUp_Pct": 100.0, "hard_filter_pass": true}}, {"type": "Feature", "geometry": {"type": "Polygon", "coordinates": [[[77.95864781886499, 16.459003547407736], [77.95865124396012, 16.459229244981564], [77.95888513565386, 16.459225939724966], [77.95888171028892, 16.459000242198957], [77.95864781886499, 16.459003547407736]]]}, "properties": {"name": "grid_00621", "display_name": "SFV-T0622", "role": "candidate_grid_cell", "area_ha": 0.0625, "named_subarea": null, "gee_matched": true, "NDVI_raw": 0.24403914497156134, "TreeCover_Pct": 10.083532219570406, "Elev_m": 357.0057578439645, "ElevStd_m": 2.1731805128087083, "TRI_m": 0.21377958125233812, "Slope_deg": 0.05246032401919365, "NatCoverPct_2km": 10.805920463023918, "EdgeDensity_2km": 1.190461453314753, "NatCoverPct_500m": 23.957900132499017, "EdgeDensity_500m": 4.2504134549358294, "gHM": 0.35214659571647644, "DistWater_m": 114.20122734827132, "LST_C": 29.761774193548376, "NightLights": 1.5631250143051147, "BuiltUp_Pct": 98.6276849642005, "SEGMENT_ID": -508773725.0, "hard_filter_pass": true}}, {"type": "Feature", "geometry": {"type": "Polygon", "coordinates": [[[77.95865124396012, 16.459229244981564], [77.95865466910882, 16.459454942549844], [77.95888856107238, 16.459451637245422], [77.95888513565386, 16.459225939724966], [77.95865124396012, 16.459229244981564]]]}, "properties": {"name": "grid_00622", "display_name": "SFV-T0623", "role": "candidate_grid_cell", "area_ha": 0.0625, "named_subarea": null, "gee_matched": true, "NDVI_raw": 0.2744210266546345, "TreeCover_Pct": 36.06654783125372, "Elev_m": 355.9670298457926, "ElevStd_m": 2.2172215212216804, "TRI_m": 0.2166689991056698, "Slope_deg": 0.05246032401919365, "NatCoverPct_2km": 10.724664704625654, "EdgeDensity_2km": 1.1910158238275308, "NatCoverPct_500m": 25.490901529548864, "EdgeDensity_500m": 4.3372357865111475, "gHM": 0.35214659571647644, "DistWater_m": 58.10826354054802, "LST_C": 29.761774193548376, "NightLights": 1.5631250143051147, "BuiltUp_Pct": 25.60903149138444, "JRC_Water": 0.0, "SEGMENT_ID": -508773725.0, "hard_filter_pass": true}}, {"type": "Feature", "geometry": {"type": "Polygon", "coordinates": [[[77.95865466910882, 16.459454942549844], [77.95865809431115, 16.459680640112573], [77.95889198654449, 16.45967733476034], [77.95888856107238, 16.459451637245422], [77.95865466910882, 16.459454942549844]]]}, "properties": {"name": "grid_00623", "display_name": "SFV-T0624", "role": "candidate_grid_cell", "area_ha": 0.0625, "named_subarea": null, "gee_matched": true, "NDVI_raw": 0.2913940730633962, "TreeCover_Pct": 46.14435533621222, "Elev_m": 354.8879706108004, "ElevStd_m": 2.2564570082935362, "TRI_m": 0.21902933364376975, "Slope_deg": 0.05246032401919365, "NatCoverPct_2km": 10.642464531845144, "EdgeDensity_2km": 1.1928349759079706, "NatCoverPct_500m": 27.05839400174572, "EdgeDensity_500m": 4.419723057059337, "gHM": 0.35214659571647644, "DistWater_m": 29.666872301048738, "LST_C": 29.761774193548376, "NightLights": 1.5631250143051147, "BuiltUp_Pct": 0.0, "JRC_Water": 0.0, "SEGMENT_ID": -508773725.0, "hard_filter_pass": true}}, {"type": "Feature", "geometry": {"type": "Polygon", "coordinates": [[[77.95865809431115, 16.459680640112573], [77.95866151956703, 16.459906337669764], [77.95889541207022, 16.459903032269704], [77.95889198654449, 16.45967733476034], [77.95865809431115, 16.459680640112573]]]}, "properties": {"name": "grid_00624", "display_name": "SFV-T0625", "role": "candidate_grid_cell", "area_ha": 0.0625, "named_subarea": "Island", "gee_matched": true, "NDVI_raw": 0.30119584402089106, "TreeCover_Pct": 56.682297772567416, "Elev_m": 354.0694314793434, "ElevStd_m": 2.2762698030954662, "TRI_m": 0.2201006006479025, "Slope_deg": 0.05246032401919365, "NatCoverPct_2km": 10.55761715787556, "EdgeDensity_2km": 1.2022083550358487, "NatCoverPct_500m": 28.653345841755595, "EdgeDensity_500m": 4.521165991276342, "gHM": 0.35214659571647644, "DistWater_m": 0.0, "LST_C": 29.761774193548376, "NightLights": 1.5631250143051147, "BuiltUp_Pct": 0.0, "JRC_Water": 0.0, "SEGMENT_ID": -508773725.0, "hard_filter_pass": true}}, {"type": "Feature", "geometry": {"type": "Polygon", "coordinates": [[[77.95889541207022, 16.459903032269704], [77.95866151956703, 16.459906337669764], [77.95866478212119, 16.4601213111665], [77.95889814689141, 16.460083218812933], [77.95889541207022, 16.459903032269704]]]}, "properties": {"name": "grid_00625", "display_name": "SFV-T0626", "role": "candidate_grid_cell", "area_ha": 0.05471, "named_subarea": null, "gee_matched": true, "NDVI_raw": 0.1458434960086031, "TreeCover_Pct": 0.0, "Elev_m": 353.50395169284167, "ElevStd_m": 2.242161834970341, "TRI_m": 0.21658074614445424, "Slope_deg": 0.05246032401919365, "NatCoverPct_2km": 10.472830877890676, "EdgeDensity_2km": 1.2178711931854003, "NatCoverPct_500m": 30.158814591870346, "EdgeDensity_500m": 4.587498899874561, "gHM": 0.35214659571647644, "DistWater_m": 0.0, "LST_C": 29.761774193548376, "NightLights": 1.5631250143051147, "BuiltUp_Pct": 0.0, "JRC_Water": 0.0, "SEGMENT_ID": -508773725.0, "hard_filter_pass": true}}, {"type": "Feature", "geometry": {"type": "Polygon", "coordinates": [[[77.95883376080728, 16.45584047625241], [77.9588371854219, 16.456066173856073], [77.95907107328522, 16.456062869008612], [77.95906764840083, 16.455837171452767], [77.95883376080728, 16.45584047625241]]]}, "properties": {"name": "grid_00626", "display_name": "SFV-T0627", "role": "candidate_grid_cell", "area_ha": 0.0625, "named_subarea": null, "gee_matched": true, "NDVI_raw": 0.23349443702871864, "TreeCover_Pct": 0.0, "Elev_m": 361.9977559515388, "ElevStd_m": 1.545408267026382, "TRI_m": 0.22492349230405387, "Slope_deg": 0.05246032401919365, "NatCoverPct_2km": 12.455116927377665, "EdgeDensity_2km": 1.471816933061255, "NatCoverPct_500m": 3.9950403527462033, "EdgeDensity_500m": 1.6370801334114153, "gHM": 0.41489648818969727, "DistWater_m": 955.3440014109821, "LST_C": 30.89688000000001, "NightLights": 1.46875, "BuiltUp_Pct": 100.0, "hard_filter_pass": true}}, {"type": "Feature", "geometry": {"type": "Polygon", "coordinates": [[[77.9588371854219, 16.456066173856073], [77.95884061009012, 16.45629187145419], [77.95907449822317, 16.456288566558907], [77.95907107328522, 16.456062869008612], [77.9588371854219, 16.456066173856073]]]}, "properties": {"name": "grid_00627", "display_name": "SFV-T0628", "role": "candidate_grid_cell", "area_ha": 0.0625, "named_subarea": null, "gee_matched": true, "NDVI_raw": 0.2513888965977962, "TreeCover_Pct": 4.216867469879519, "Elev_m": 361.99913758427266, "ElevStd_m": 1.5980967500202807, "TRI_m": 0.22942107392176628, "Slope_deg": 0.05246032401919365, "NatCoverPct_2km": 12.30284920510397, "EdgeDensity_2km": 1.4361937551413726, "NatCoverPct_500m": 5.202317729313901, "EdgeDensity_500m": 1.771567678295612, "gHM": 0.41489648818969727, "DistWater_m": 881.8303224128276, "LST_C": 30.89688000000001, "NightLights": 1.4920594914849987, "BuiltUp_Pct": 100.0, "hard_filter_pass": true}}, {"type": "Feature", "geometry": {"type": "Polygon", "coordinates": [[[77.95884061009012, 16.45629187145419], [77.95884403481193, 16.456517569046767], [77.95907792321474, 16.45651426410366], [77.95907449822317, 16.456288566558907], [77.95884061009012, 16.45629187145419]]]}, "properties": {"name": "grid_00628", "display_name": "SFV-T0629", "role": "candidate_grid_cell", "area_ha": 0.0625, "named_subarea": null, "gee_matched": true, "NDVI_raw": 0.26037206455885653, "TreeCover_Pct": 2.5903614457831328, "Elev_m": 361.679040564112, "ElevStd_m": 1.7088100756964912, "TRI_m": 0.2296086405178193, "Slope_deg": 0.05246032401919365, "NatCoverPct_2km": 12.162807663118642, "EdgeDensity_2km": 1.4069025528867092, "NatCoverPct_500m": 6.422867510978652, "EdgeDensity_500m": 1.9078987773450746, "gHM": 0.41489648818969727, "DistWater_m": 813.7401699721083, "LST_C": 30.89688000000001, "NightLights": 1.5631250143051147, "BuiltUp_Pct": 100.0, "hard_filter_pass": true}}, {"type": "Feature", "geometry": {"type": "Polygon", "coordinates": [[[77.95884403481193, 16.456517569046767], [77.95884745958733, 16.45674326663379], [77.95908134825989, 16.456739961642857], [77.95907792321474, 16.45651426410366], [77.95884403481193, 16.456517569046767]]]}, "properties": {"name": "grid_00629", "display_name": "SFV-T0630", "role": "candidate_grid_cell", "area_ha": 0.0625, "named_subarea": null, "gee_matched": true, "NDVI_raw": 0.25261969235406, "TreeCover_Pct": 0.0, "Elev_m": 361.0784130859376, "ElevStd_m": 1.8479571743601837, "TRI_m": 0.22700270874067197, "Slope_deg": 0.05246032401919365, "NatCoverPct_2km": 12.022712300384478, "EdgeDensity_2km": 1.3841633833629172, "NatCoverPct_500m": 7.67650175131984, "EdgeDensity_500m": 2.044278433498447, "gHM": 0.41489648818969727, "DistWater_m": 744.5313571824416, "LST_C": 30.89688000000001, "NightLights": 1.5631250143051147, "BuiltUp_Pct": 100.0, "hard_filter_pass": true}}, {"type": "Feature", "geometry": {"type": "Polygon", "coordinates": [[[77.95884745958733, 16.45674326663379], [77.95885088441632, 16.45696896421527], [77.95908477335864, 16.456965659176515], [77.95908134825989, 16.456739961642857], [77.95884745958733, 16.45674326663379]]]}, "properties": {"name": "grid_00630", "display_name": "SFV-T0631", "role": "candidate_grid_cell", "area_ha": 0.0625, "named_subarea": null, "gee_matched": true, "NDVI_raw": 0.24814829825995055, "TreeCover_Pct": 0.0, "Elev_m": 360.4669636159704, "ElevStd_m": 1.9691820129527935, "TRI_m": 0.21742567766533813, "Slope_deg": 0.05246032401919365, "NatCoverPct_2km": 11.889039461559364, "EdgeDensity_2km": 1.3597285978121023, "NatCoverPct_500m": 8.956354166918535, "EdgeDensity_500m": 2.182219116541217, "gHM": 0.41489648818969727, "DistWater_m": 679.2781854391926, "LST_C": 30.89688000000001, "NightLights": 1.5631250143051147, "BuiltUp_Pct": 100.0, "hard_filter_pass": true}}, {"type": "Feature", "geometry": {"type": "Polygon", "coordinates": [[[77.95885088441632, 16.45696896421527], [77.9588543092989, 16.457194661791206], [77.95908819851098, 16.457191356704623], [77.95908477335864, 16.456965659176515], [77.95885088441632, 16.45696896421527]]]}, "properties": {"name": "grid_00631", "display_name": "SFV-T0632", "role": "candidate_grid_cell", "area_ha": 0.0625, "named_subarea": null, "gee_matched": true, "NDVI_raw": 0.2973165321197823, "TreeCover_Pct": 39.84184914841848, "Elev_m": 360.1941887143174, "ElevStd_m": 2.0088984825336436, "TRI_m": 0.2011687445602088, "Slope_deg": 0.05246032401919365, "NatCoverPct_2km": 11.758252421550646, "EdgeDensity_2km": 1.3326410779325686, "NatCoverPct_500m": 10.330188245841999, "EdgeDensity_500m": 2.364207611559854, "gHM": 0.41489648818969727, "DistWater_m": 613.2083746981239, "LST_C": 30.89688000000001, "NightLights": 1.5631250143051147, "BuiltUp_Pct": 100.0, "hard_filter_pass": true}}, {"type": "Feature", "geometry": {"type": "Polygon", "coordinates": [[[77.9588543092989, 16.457194661791206], [77.95885773423508, 16.45742035936159], [77.95909162371693, 16.457417054227186], [77.95908819851098, 16.457191356704623], [77.9588543092989, 16.457194661791206]]]}, "properties": {"name": "grid_00632", "display_name": "SFV-T0633", "role": "candidate_grid_cell", "area_ha": 0.0625, "named_subarea": null, "gee_matched": true, "NDVI_raw": 0.3177407119288503, "TreeCover_Pct": 64.09638554216869, "Elev_m": 360.0673717085138, "ElevStd_m": 1.958905668596101, "TRI_m": 0.19058875445362894, "Slope_deg": 0.05246032401919365, "NatCoverPct_2km": 11.624251280076162, "EdgeDensity_2km": 1.3059873447759829, "NatCoverPct_500m": 11.86815248676922, "EdgeDensity_500m": 2.5511822599114855, "gHM": 0.41489648818969727, "DistWater_m": 552.5086635126532, "LST_C": 30.89688000000001, "NightLights": 1.5631250143051147, "BuiltUp_Pct": 100.0, "hard_filter_pass": true}}, {"type": "Feature", "geometry": {"type": "Polygon", "coordinates": [[[77.95885773423508, 16.45742035936159], [77.95886115922485, 16.457646056926425], [77.95909504897647, 16.4576427517442], [77.95909162371693, 16.457417054227186], [77.95885773423508, 16.45742035936159]]]}, "properties": {"name": "grid_00633", "display_name": "SFV-T0634", "role": "candidate_grid_cell", "area_ha": 0.0625, "named_subarea": null, "gee_matched": true, "NDVI_raw": 0.3113985296187651, "TreeCover_Pct": 100.0, "Elev_m": 359.5150734985643, "ElevStd_m": 1.8968147340075274, "TRI_m": 0.1863827259435927, "Slope_deg": 0.05246032401919365, "NatCoverPct_2km": 11.495041439755566, "EdgeDensity_2km": 1.2808367436625663, "NatCoverPct_500m": 13.45248066169032, "EdgeDensity_500m": 2.7346371902920623, "gHM": 0.41489648818969727, "DistWater_m": 493.32540089373487, "LST_C": 30.89688000000001, "NightLights": 1.5631250143051147, "BuiltUp_Pct": 100.0, "hard_filter_pass": true}}, {"type": "Feature", "geometry": {"type": "Polygon", "coordinates": [[[77.95886115922485, 16.457646056926425], [77.95886458426821, 16.457871754485716], [77.95909847428962, 16.457868449255663], [77.95909504897647, 16.4576427517442], [77.95886115922485, 16.457646056926425]]]}, "properties": {"name": "grid_00634", "display_name": "SFV-T0635", "role": "candidate_grid_cell", "area_ha": 0.0625, "named_subarea": null, "gee_matched": true, "NDVI_raw": 0.3019975790651399, "TreeCover_Pct": 72.4097098875074, "Elev_m": 358.4007187657557, "ElevStd_m": 1.8622059212200304, "TRI_m": 0.18797828024935723, "Slope_deg": 0.05246032401919365, "NatCoverPct_2km": 11.366777639764381, "EdgeDensity_2km": 1.2516727364985878, "NatCoverPct_500m": 15.118145343217016, "EdgeDensity_500m": 2.9635590175437243, "gHM": 0.41489648818969727, "DistWater_m": 441.2706745980816, "LST_C": 30.89688000000001, "NightLights": 1.5631250143051147, "BuiltUp_Pct": 100.0, "hard_filter_pass": true}}, {"type": "Feature", "geometry": {"type": "Polygon", "coordinates": [[[77.95886458426821, 16.457871754485716], [77.95886800936516, 16.458097452039464], [77.95910189965635, 16.45809414676158], [77.95909847428962, 16.457868449255663], [77.95886458426821, 16.457871754485716]]]}, "properties": {"name": "grid_00635", "display_name": "SFV-T0636", "role": "candidate_grid_cell", "area_ha": 0.0625, "named_subarea": null, "gee_matched": true, "NDVI_raw": 0.2818219024489508, "TreeCover_Pct": 0.0, "Elev_m": 357.78498851676846, "ElevStd_m": 1.8615404265232094, "TRI_m": 0.1926725368531782, "Slope_deg": 0.05246032401919365, "NatCoverPct_2km": 11.2451124311691, "EdgeDensity_2km": 1.2112247284870215, "NatCoverPct_500m": 16.865466805551126, "EdgeDensity_500m": 3.35639047422852, "gHM": 0.39891742635172095, "DistWater_m": 387.8832266516774, "LST_C": 30.89688000000001, "NightLights": 1.5631250143051147, "BuiltUp_Pct": 100.0, "hard_filter_pass": true}}, {"type": "Feature", "geometry": {"type": "Polygon", "coordinates": [[[77.95886800936516, 16.458097452039464], [77.95887143451571, 16.458323149587656], [77.95910532507668, 16.458319844261958], [77.95910189965635, 16.45809414676158], [77.95886800936516, 16.458097452039464]]]}, "properties": {"name": "grid_00636", "display_name": "SFV-T0637", "role": "candidate_grid_cell", "area_ha": 0.0625, "named_subarea": null, "gee_matched": true, "NDVI_raw": 0.29408037761789124, "TreeCover_Pct": 27.995324371712456, "Elev_m": 357.46790592409866, "ElevStd_m": 1.9204023855041357, "TRI_m": 0.19610925252606196, "Slope_deg": 0.05246032401919365, "NatCoverPct_2km": 11.128562107263908, "EdgeDensity_2km": 1.1875377987308626, "NatCoverPct_500m": 18.613790812282716, "EdgeDensity_500m": 3.6749128227348056, "gHM": 0.35214659571647644, "DistWater_m": 324.0869071763386, "LST_C": 30.806655342093862, "NightLights": 1.5631250143051147, "BuiltUp_Pct": 100.0, "hard_filter_pass": true}}, {"type": "Feature", "geometry": {"type": "Polygon", "coordinates": [[[77.95887143451571, 16.458323149587656], [77.95887485971986, 16.458548847130306], [77.95910875055061, 16.458545541756774], [77.95910532507668, 16.458319844261958], [77.95887143451571, 16.458323149587656]]]}, "properties": {"name": "grid_00637", "display_name": "SFV-T0638", "role": "candidate_grid_cell", "area_ha": 0.0625, "named_subarea": null, "gee_matched": true, "NDVI_raw": 0.27304041116626154, "TreeCover_Pct": 10.492379835873388, "Elev_m": 357.17370705643685, "ElevStd_m": 2.01722287204181, "TRI_m": 0.19855608913029926, "Slope_deg": 0.05246032401919365, "NatCoverPct_2km": 11.016073953072755, "EdgeDensity_2km": 1.1748650359774548, "NatCoverPct_500m": 20.30648469148187, "EdgeDensity_500m": 3.945401641567951, "gHM": 0.35214659571647644, "DistWater_m": 248.9092721527919, "LST_C": 29.761774193548376, "NightLights": 1.5631250143051147, "BuiltUp_Pct": 100.0, "hard_filter_pass": true}}, {"type": "Feature", "geometry": {"type": "Polygon", "coordinates": [[[77.95887485971986, 16.458548847130306], [77.9588782849776, 16.45877454466741], [77.95911217607814, 16.458771239246055], [77.95910875055061, 16.458545541756774], [77.95887485971986, 16.458548847130306]]]}, "properties": {"name": "grid_00638", "display_name": "SFV-T0639", "role": "candidate_grid_cell", "area_ha": 0.0625, "named_subarea": null, "gee_matched": true, "NDVI_raw": 0.32479741027708137, "TreeCover_Pct": 64.95468277945618, "Elev_m": 356.75688159400966, "ElevStd_m": 2.084746294008702, "TRI_m": 0.20094636098675492, "Slope_deg": 0.05246032401919365, "NatCoverPct_2km": 10.919166643562992, "EdgeDensity_2km": 1.1736862024744326, "NatCoverPct_500m": 21.906144020565687, "EdgeDensity_500m": 4.123722806520393, "gHM": 0.35214659571647644, "DistWater_m": 177.15986741225697, "LST_C": 29.761774193548376, "NightLights": 1.5631250143051147, "BuiltUp_Pct": 100.0, "hard_filter_pass": true}}, {"type": "Feature", "geometry": {"type": "Polygon", "coordinates": [[[77.9588782849776, 16.45877454466741], [77.95888171028892, 16.459000242198957], [77.95911560165926, 16.458996936729783], [77.95911217607814, 16.458771239246055], [77.9588782849776, 16.45877454466741]]]}, "properties": {"name": "grid_00639", "display_name": "SFV-T0640", "role": "candidate_grid_cell", "area_ha": 0.0625, "named_subarea": null, "gee_matched": true, "NDVI_raw": 0.3547718719703945, "TreeCover_Pct": 92.00484554815263, "Elev_m": 356.3334281454658, "ElevStd_m": 2.105771365352454, "TRI_m": 0.20358973299486485, "Slope_deg": 0.05246032401919365, "NatCoverPct_2km": 10.827988989710793, "EdgeDensity_2km": 1.1716195172927457, "NatCoverPct_500m": 23.491080823868067, "EdgeDensity_500m": 4.240332239794502, "gHM": 0.35214659571647644, "DistWater_m": 109.6746034395871, "LST_C": 29.761774193548376, "NightLights": 1.5631250143051147, "BuiltUp_Pct": 100.0, "hard_filter_pass": true}}, {"type": "Feature", "geometry": {"type": "Polygon", "coordinates": [[[77.95888171028892, 16.459000242198957], [77.95888513565386, 16.459225939724966], [77.95911902729401, 16.459222634207965], [77.95911560165926, 16.458996936729783], [77.95888171028892, 16.459000242198957]]]}, "properties": {"name": "grid_00640", "display_name": "SFV-T0641", "role": "candidate_grid_cell", "area_ha": 0.0625, "named_subarea": null, "gee_matched": true, "NDVI_raw": 0.35719085035170367, "TreeCover_Pct": 76.88564476885645, "Elev_m": 356.2158468204693, "ElevStd_m": 2.1058918912186755, "TRI_m": 0.20497209594094487, "Slope_deg": 0.05246032401919365, "NatCoverPct_2km": 10.738426217033846, "EdgeDensity_2km": 1.1717151345654362, "NatCoverPct_500m": 25.096317287302867, "EdgeDensity_500m": 4.319492433163035, "gHM": 0.35214659571647644, "DistWater_m": 62.32770576948894, "LST_C": 29.761774193548376, "NightLights": 1.5631250143051147, "BuiltUp_Pct": 97.5669099756691, "SEGMENT_ID": -508773725.0, "hard_filter_pass": true}}, {"type": "Feature", "geometry": {"type": "Polygon", "coordinates": [[[77.95888513565386, 16.459225939724966], [77.95888856107238, 16.459451637245422], [77.95912245298233, 16.459448331680594], [77.95911902729401, 16.459222634207965], [77.95888513565386, 16.459225939724966]]]}, "properties": {"name": "grid_00641", "display_name": "SFV-T0642", "role": "candidate_grid_cell", "area_ha": 0.0625, "named_subarea": null, "gee_matched": true, "NDVI_raw": 0.2961636099701973, "TreeCover_Pct": 69.77724262492474, "Elev_m": 355.1465971118208, "ElevStd_m": 2.116929039875516, "TRI_m": 0.20817296326822218, "Slope_deg": 0.05246032401919365, "NatCoverPct_2km": 10.650201410443714, "EdgeDensity_2km": 1.1716151604355711, "NatCoverPct_500m": 26.708031883229577, "EdgeDensity_500m": 4.397846919684069, "gHM": 0.35214659571647644, "DistWater_m": 26.58639373871162, "LST_C": 29.761774193548376, "NightLights": 1.5631250143051147, "BuiltUp_Pct": 52.6791089704997, "JRC_Water": 0.0, "SEGMENT_ID": -508773725.0, "hard_filter_pass": true}}, {"type": "Feature", "geometry": {"type": "Polygon", "coordinates": [[[77.95888856107238, 16.459451637245422], [77.95889198654449, 16.45967733476034], [77.95912587872425, 16.459674029147685], [77.95912245298233, 16.459448331680594], [77.95888856107238, 16.459451637245422]]]}, "properties": {"name": "grid_00642", "display_name": "SFV-T0643", "role": "candidate_grid_cell", "area_ha": 0.0625, "named_subarea": null, "gee_matched": true, "NDVI_raw": 0.2148016310330615, "TreeCover_Pct": 0.0, "Elev_m": 354.2259663961019, "ElevStd_m": 2.1316696873810637, "TRI_m": 0.21554350988699184, "Slope_deg": 0.05246032401919365, "NatCoverPct_2km": 10.559173906045121, "EdgeDensity_2km": 1.1714319489933716, "NatCoverPct_500m": 28.341639578281953, "EdgeDensity_500m": 4.476861312950873, "gHM": 0.35214659571647644, "DistWater_m": 0.0, "LST_C": 29.761774193548376, "NightLights": 1.5631250143051147, "BuiltUp_Pct": 0.0, "JRC_Water": 0.0, "SEGMENT_ID": -508773725.0, "hard_filter_pass": true}}, {"type": "Feature", "geometry": {"type": "Polygon", "coordinates": [[[77.95889198654449, 16.45967733476034], [77.95889541207022, 16.459903032269704], [77.95912930451979, 16.459899726609223], [77.95912587872425, 16.459674029147685], [77.95889198654449, 16.45967733476034]]]}, "properties": {"name": "grid_00643", "display_name": "SFV-T0644", "role": "candidate_grid_cell", "area_ha": 0.0625, "named_subarea": null, "gee_matched": true, "NDVI_raw": 0.11727182448098386, "TreeCover_Pct": 0.0, "Elev_m": 353.52522218430414, "ElevStd_m": 2.1320633804753157, "TRI_m": 0.22343856629433997, "Slope_deg": 0.05246032401919365, "NatCoverPct_2km": 10.457558101037401, "EdgeDensity_2km": 1.1778718924487113, "NatCoverPct_500m": 30.017829415004645, "EdgeDensity_500m": 4.584340580029022, "gHM": 0.35214659571647644, "DistWater_m": 0.0, "LST_C": 29.761774193548376, "NightLights": 1.5631250143051147, "BuiltUp_Pct": 0.0, "JRC_Water": 0.0, "SEGMENT_ID": -508773725.0, "hard_filter_pass": true}}, {"type": "Feature", "geometry": {"type": "Polygon", "coordinates": [[[77.95912930451979, 16.459899726609223], [77.95889541207022, 16.459903032269704], [77.95889814689141, 16.460083218812933], [77.95913151152614, 16.460045126213565], [77.95912930451979, 16.459899726609223]]]}, "properties": {"name": "grid_00644", "display_name": "SFV-T0645", "role": "candidate_grid_cell", "area_ha": 0.04508, "named_subarea": null, "gee_matched": true, "NDVI_raw": -0.01708136717095499, "TreeCover_Pct": 0.0, "Elev_m": 353.03115690772955, "ElevStd_m": 2.1026735060722195, "TRI_m": 0.22237160247772825, "Slope_deg": 0.05246032401919365, "NatCoverPct_2km": 10.360097915483871, "EdgeDensity_2km": 1.1770606096174705, "NatCoverPct_500m": 31.470660202268668, "EdgeDensity_500m": 4.645101264929092, "gHM": 0.35214659571647644, "DistWater_m": 0.0, "LST_C": 29.761774193548376, "NightLights": 1.5631250143051147, "BuiltUp_Pct": 0.0, "JRC_Water": 0.0, "SEGMENT_ID": -508773725.0, "hard_filter_pass": true}}, {"type": "Feature", "geometry": {"type": "Polygon", "coordinates": [[[77.95906764840083, 16.455837171452767], [77.95907107328522, 16.456062869008612], [77.95930496109492, 16.4560595639008], [77.95930153594081, 16.455833866392783], [77.95906764840083, 16.455837171452767]]]}, "properties": {"name": "grid_00645", "display_name": "SFV-T0646", "role": "candidate_grid_cell", "area_ha": 0.0625, "named_subarea": null, "gee_matched": true, "NDVI_raw": 0.21364714252414987, "TreeCover_Pct": 0.0, "Elev_m": 361.8324953904793, "ElevStd_m": 1.542175583416782, "TRI_m": 0.21682050194570332, "Slope_deg": 0.05246032401919365, "NatCoverPct_2km": 12.475776330876908, "EdgeDensity_2km": 1.4532847475864052, "NatCoverPct_500m": 3.9305708757658153, "EdgeDensity_500m": 1.6192327165863996, "gHM": 0.41489648818969727, "DistWater_m": 932.8767200784185, "LST_C": 30.89688000000001, "NightLights": 1.46875, "BuiltUp_Pct": 100.0, "hard_filter_pass": true}}, {"type": "Feature", "geometry": {"type": "Polygon", "coordinates": [[[77.95907107328522, 16.456062869008612], [77.95907449822317, 16.456288566558907], [77.95930838630262, 16.456285261403266], [77.95930496109492, 16.4560595639008], [77.95907107328522, 16.456062869008612]]]}, "properties": {"name": "grid_00646", "display_name": "SFV-T0647", "role": "candidate_grid_cell", "area_ha": 0.0625, "named_subarea": null, "gee_matched": true, "NDVI_raw": 0.258436747706589, "TreeCover_Pct": 5.238375515008829, "Elev_m": 361.8035662708877, "ElevStd_m": 1.6134981598141125, "TRI_m": 0.21908600973543066, "Slope_deg": 0.05246032401919365, "NatCoverPct_2km": 12.31549312447624, "EdgeDensity_2km": 1.4237680959077066, "NatCoverPct_500m": 5.121205556189588, "EdgeDensity_500m": 1.7695798426610283, "gHM": 0.41489648818969727, "DistWater_m": 857.6181102177075, "LST_C": 30.89688000000001, "NightLights": 1.4890803444589003, "BuiltUp_Pct": 100.0, "hard_filter_pass": true}}, {"type": "Feature", "geometry": {"type": "Polygon", "coordinates": [[[77.95907449822317, 16.456288566558907], [77.95907792321474, 16.45651426410366], [77.95931181156394, 16.456510958900186], [77.95930838630262, 16.456285261403266], [77.95907449822317, 16.456288566558907]]]}, "properties": {"name": "grid_00647", "display_name": "SFV-T0648", "role": "candidate_grid_cell", "area_ha": 0.0625, "named_subarea": null, "gee_matched": true, "NDVI_raw": 0.24865564806221513, "TreeCover_Pct": 3.0769230769230775, "Elev_m": 361.32858045228147, "ElevStd_m": 1.7142264659521884, "TRI_m": 0.2198999444543089, "Slope_deg": 0.05246032401919365, "NatCoverPct_2km": 12.170457659721103, "EdgeDensity_2km": 1.3895040531096956, "NatCoverPct_500m": 6.359994100280717, "EdgeDensity_500m": 1.9128147222175202, "gHM": 0.41489648818969727, "DistWater_m": 786.2057991871336, "LST_C": 30.89688000000001, "NightLights": 1.5631250143051147, "BuiltUp_Pct": 100.0, "hard_filter_pass": true}}, {"type": "Feature", "geometry": {"type": "Polygon", "coordinates": [[[77.95907792321474, 16.45651426410366], [77.95908134825989, 16.456739961642857], [77.95931523687885, 16.45673665639156], [77.95931181156394, 16.456510958900186], [77.95907792321474, 16.45651426410366]]]}, "properties": {"name": "grid_00648", "display_name": "SFV-T0649", "role": "candidate_grid_cell", "area_ha": 0.0625, "named_subarea": null, "gee_matched": true, "NDVI_raw": 0.252510180769326, "TreeCover_Pct": 0.0, "Elev_m": 360.83154711567227, "ElevStd_m": 1.8416191643655087, "TRI_m": 0.21985204819348264, "Slope_deg": 0.05246032401919365, "NatCoverPct_2km": 12.02870989549397, "EdgeDensity_2km": 1.3636523361123558, "NatCoverPct_500m": 7.624501970357356, "EdgeDensity_500m": 2.051550873616169, "gHM": 0.41489648818969727, "DistWater_m": 713.6824250314984, "LST_C": 30.89688000000001, "NightLights": 1.5631250143051147, "BuiltUp_Pct": 100.0, "hard_filter_pass": true}}, {"type": "Feature", "geometry": {"type": "Polygon", "coordinates": [[[77.95908134825989, 16.456739961642857], [77.95908477335864, 16.456965659176515], [77.95931866224736, 16.456962353877387], [77.95931523687885, 16.45673665639156], [77.95908134825989, 16.456739961642857]]]}, "properties": {"name": "grid_00649", "display_name": "SFV-T0650", "role": "candidate_grid_cell", "area_ha": 0.0625, "named_subarea": null, "gee_matched": true, "NDVI_raw": 0.29952378504707833, "TreeCover_Pct": 36.9139465875371, "Elev_m": 360.1531778850612, "ElevStd_m": 1.9349311032856513, "TRI_m": 0.21173909842286778, "Slope_deg": 0.05246032401919365, "NatCoverPct_2km": 11.88818493069537, "EdgeDensity_2km": 1.3370198051468556, "NatCoverPct_500m": 8.938901123558553, "EdgeDensity_500m": 2.212008932759609, "gHM": 0.41489648818969727, "DistWater_m": 645.0961296128011, "LST_C": 30.89688000000001, "NightLights": 1.5631250143051147, "BuiltUp_Pct": 100.0, "hard_filter_pass": true}}, {"type": "Feature", "geometry": {"type": "Polygon", "coordinates": [[[77.95908477335864, 16.456965659176515], [77.95908819851098, 16.457191356704623], [77.95932208766948, 16.45718805135767], [77.95931866224736, 16.456962353877387], [77.95908477335864, 16.456965659176515]]]}, "properties": {"name": "grid_00650", "display_name": "SFV-T0651", "role": "candidate_grid_cell", "area_ha": 0.0625, "named_subarea": null, "gee_matched": true, "NDVI_raw": 0.37168556903238825, "TreeCover_Pct": 94.08569704284857, "Elev_m": 359.62548161416294, "ElevStd_m": 1.9563403419665124, "TRI_m": 0.19904606490222146, "Slope_deg": 0.05246032401919365, "NatCoverPct_2km": 11.748960513119066, "EdgeDensity_2km": 1.3088716022825881, "NatCoverPct_500m": 10.38285718983374, "EdgeDensity_500m": 2.3972157247525154, "gHM": 0.41489648818969727, "DistWater_m": 575.4912484965199, "LST_C": 30.89688000000001, "NightLights": 1.5631250143051147, "BuiltUp_Pct": 100.0, "hard_filter_pass": true}}, {"type": "Feature", "geometry": {"type": "Polygon", "coordinates": [[[77.95908819851098, 16.457191356704623], [77.95909162371693, 16.457417054227186], [77.95932551314519, 16.4574137488324], [77.95932208766948, 16.45718805135767], [77.95908819851098, 16.457191356704623]]]}, "properties": {"name": "grid_00651", "display_name": "SFV-T0652", "role": "candidate_grid_cell", "area_ha": 0.0625, "named_subarea": null, "gee_matched": true, "NDVI_raw": 0.3221851295428316, "TreeCover_Pct": 65.2490886998785, "Elev_m": 359.37118775007343, "ElevStd_m": 1.927069687177352, "TRI_m": 0.18911034544401537, "Slope_deg": 0.05246032401919365, "NatCoverPct_2km": 11.607319359384853, "EdgeDensity_2km": 1.282247684967578, "NatCoverPct_500m": 11.980886677495802, "EdgeDensity_500m": 2.5780063320980893, "gHM": 0.41489648818969727, "DistWater_m": 510.22963551544314, "LST_C": 30.89688000000001, "NightLights": 1.5631250143051147, "BuiltUp_Pct": 100.0, "hard_filter_pass": true}}, {"type": "Feature", "geometry": {"type": "Polygon", "coordinates": [[[77.95909162371693, 16.457417054227186], [77.95909504897647, 16.4576427517442], [77.95932893867449, 16.45763944630159], [77.95932551314519, 16.4574137488324], [77.95909162371693, 16.457417054227186]]]}, "properties": {"name": "grid_00652", "display_name": "SFV-T0653", "role": "candidate_grid_cell", "area_ha": 0.0625, "named_subarea": null, "gee_matched": true, "NDVI_raw": 0.3269787133465138, "TreeCover_Pct": 90.20681265206814, "Elev_m": 358.8232829704192, "ElevStd_m": 1.8968077414181126, "TRI_m": 0.19015754918387415, "Slope_deg": 0.05246032401919365, "NatCoverPct_2km": 11.466918869589803, "EdgeDensity_2km": 1.2494122239241618, "NatCoverPct_500m": 13.683139512391376, "EdgeDensity_500m": 2.8185278893247583, "gHM": 0.41489648818969727, "DistWater_m": 445.05522202093914, "LST_C": 30.89688000000001, "NightLights": 1.5631250143051147, "BuiltUp_Pct": 100.0, "hard_filter_pass": true}}, {"type": "Feature", "geometry": {"type": "Polygon", "coordinates": [[[77.95909504897647, 16.4576427517442], [77.95909847428962, 16.457868449255663], [77.9593323642574, 16.45786514376522], [77.95932893867449, 16.45763944630159], [77.95909504897647, 16.4576427517442]]]}, "properties": {"name": "grid_00653", "display_name": "SFV-T0654", "role": "candidate_grid_cell", "area_ha": 0.0625, "named_subarea": null, "gee_matched": true, "NDVI_raw": 0.2954641779563396, "TreeCover_Pct": 18.63691194209892, "Elev_m": 358.4010092409731, "ElevStd_m": 1.8880982339041392, "TRI_m": 0.1921837079733828, "Slope_deg": 0.05246032401919365, "NatCoverPct_2km": 11.323277961832213, "EdgeDensity_2km": 1.20832029986808, "NatCoverPct_500m": 15.51610912734489, "EdgeDensity_500m": 3.1731286292927687, "gHM": 0.41489648818969727, "DistWater_m": 386.4793144515311, "LST_C": 30.89688000000001, "NightLights": 1.5631250143051147, "BuiltUp_Pct": 100.0, "hard_filter_pass": true}}, {"type": "Feature", "geometry": {"type": "Polygon", "coordinates": [[[77.95909847428962, 16.457868449255663], [77.95910189965635, 16.45809414676158], [77.95933578989393, 16.458090841223317], [77.9593323642574, 16.45786514376522], [77.95909847428962, 16.457868449255663]]]}, "properties": {"name": "grid_00654", "display_name": "SFV-T0655", "role": "candidate_grid_cell", "area_ha": 0.0625, "named_subarea": null, "gee_matched": true, "NDVI_raw": 0.29392406833705625, "TreeCover_Pct": 17.49253731343284, "Elev_m": 357.7525829895931, "ElevStd_m": 1.8918433203763392, "TRI_m": 0.19782627822446788, "Slope_deg": 0.05246032401919365, "NatCoverPct_2km": 11.175980233370217, "EdgeDensity_2km": 1.167918221385014, "NatCoverPct_500m": 17.505048570732207, "EdgeDensity_500m": 3.4526614285327404, "gHM": 0.3992371120381712, "DistWater_m": 332.17062111118184, "LST_C": 30.89688000000001, "NightLights": 1.5631250143051147, "BuiltUp_Pct": 100.0, "hard_filter_pass": true}}, {"type": "Feature", "geometry": {"type": "Polygon", "coordinates": [[[77.95910189965635, 16.45809414676158], [77.95910532507668, 16.458319844261958], [77.95933921558404, 16.458316538675856], [77.95933578989393, 16.458090841223317], [77.95910189965635, 16.45809414676158]]]}, "properties": {"name": "grid_00655", "display_name": "SFV-T0656", "role": "candidate_grid_cell", "area_ha": 0.0625, "named_subarea": null, "gee_matched": true, "NDVI_raw": 0.3269595213328735, "TreeCover_Pct": 89.21036769138034, "Elev_m": 357.15637453526455, "ElevStd_m": 1.9407212366396505, "TRI_m": 0.2007031383008381, "Slope_deg": 0.05246032401919365, "NatCoverPct_2km": 11.045683568133594, "EdgeDensity_2km": 1.146409058853066, "NatCoverPct_500m": 19.391088335664968, "EdgeDensity_500m": 3.743038291151634, "gHM": 0.35214659571647644, "DistWater_m": 288.15668813148744, "LST_C": 30.84077470998854, "NightLights": 1.5631250143051147, "BuiltUp_Pct": 100.0, "hard_filter_pass": true}}, {"type": "Feature", "geometry": {"type": "Polygon", "coordinates": [[[77.95910532507668, 16.458319844261958], [77.95910875055061, 16.458545541756774], [77.95934264132777, 16.458542236122852], [77.95933921558404, 16.458316538675856], [77.95910532507668, 16.458319844261958]]]}, "properties": {"name": "grid_00656", "display_name": "SFV-T0657", "role": "candidate_grid_cell", "area_ha": 0.0625, "named_subarea": null, "gee_matched": true, "NDVI_raw": 0.3536357977010824, "TreeCover_Pct": 95.49549549549548, "Elev_m": 356.63929164760464, "ElevStd_m": 2.0032508133817335, "TRI_m": 0.2022067751608829, "Slope_deg": 0.05246032401919365, "NatCoverPct_2km": 10.933558541423228, "EdgeDensity_2km": 1.1400788817189444, "NatCoverPct_500m": 21.166511196962, "EdgeDensity_500m": 3.993854715374381, "gHM": 0.35214659571647644, "DistWater_m": 237.39524026802354, "LST_C": 29.761774193548376, "NightLights": 1.5631250143051147, "BuiltUp_Pct": 100.0, "hard_filter_pass": true}}, {"type": "Feature", "geometry": {"type": "Polygon", "coordinates": [[[77.95910875055061, 16.458545541756774], [77.95911217607814, 16.458771239246055], [77.9593460671251, 16.4587679335643], [77.95934264132777, 16.458542236122852], [77.95910875055061, 16.458545541756774]]]}, "properties": {"name": "grid_00657", "display_name": "SFV-T0658", "role": "candidate_grid_cell", "area_ha": 0.0625, "named_subarea": null, "gee_matched": true, "NDVI_raw": 0.41521957729804204, "TreeCover_Pct": 97.06601466992666, "Elev_m": 356.17480062097684, "ElevStd_m": 2.0250392811897733, "TRI_m": 0.20292198374314052, "Slope_deg": 0.05246032401919365, "NatCoverPct_2km": 10.830815061807805, "EdgeDensity_2km": 1.1302426209370753, "NatCoverPct_500m": 22.870547592128556, "EdgeDensity_500m": 4.1730216651853125, "gHM": 0.35214659571647644, "DistWater_m": 168.93052514938805, "LST_C": 29.761774193548376, "NightLights": 1.5631250143051147, "BuiltUp_Pct": 100.0, "hard_filter_pass": true}}, {"type": "Feature", "geometry": {"type": "Polygon", "coordinates": [[[77.95911217607814, 16.458771239246055], [77.95911560165926, 16.458996936729783], [77.95934949297602, 16.458993631000197], [77.9593460671251, 16.4587679335643], [77.95911217607814, 16.458771239246055]]]}, "properties": {"name": "grid_00658", "display_name": "SFV-T0659", "role": "candidate_grid_cell", "area_ha": 0.0625, "named_subarea": null, "gee_matched": true, "NDVI_raw": 0.4431725282135398, "TreeCover_Pct": 100.0, "Elev_m": 356.15662575655205, "ElevStd_m": 2.0160664639304517, "TRI_m": 0.20303181170207063, "Slope_deg": 0.05246032401919365, "NatCoverPct_2km": 10.732651486186475, "EdgeDensity_2km": 1.120908481911146, "NatCoverPct_500m": 24.53197520631586, "EdgeDensity_500m": 4.298323070331626, "gHM": 0.35214659571647644, "DistWater_m": 92.37365743033688, "LST_C": 29.761774193548376, "NightLights": 1.5631250143051147, "BuiltUp_Pct": 100.0, "hard_filter_pass": true}}, {"type": "Feature", "geometry": {"type": "Polygon", "coordinates": [[[77.95911560165926, 16.458996936729783], [77.95911902729401, 16.459222634207965], [77.95935291888054, 16.459219328430557], [77.95934949297602, 16.458993631000197], [77.95911560165926, 16.458996936729783]]]}, "properties": {"name": "grid_00659", "display_name": "SFV-T0660", "role": "candidate_grid_cell", "area_ha": 0.0625, "named_subarea": null, "gee_matched": true, "NDVI_raw": 0.3981245814488743, "TreeCover_Pct": 100.0, "Elev_m": 355.32888290117376, "ElevStd_m": 1.9964330677394764, "TRI_m": 0.20310113500068597, "Slope_deg": 0.05246032401919365, "NatCoverPct_2km": 10.631322275066074, "EdgeDensity_2km": 1.117764305043944, "NatCoverPct_500m": 26.20933579378618, "EdgeDensity_500m": 4.38882312206709, "gHM": 0.35214659571647644, "DistWater_m": 19.57303843579965, "LST_C": 29.761774193548376, "NightLights": 1.5631250143051147, "BuiltUp_Pct": 86.37971698113206, "JRC_Water": 0.0, "SEGMENT_ID": -508773725.0, "hard_filter_pass": true}}, {"type": "Feature", "geometry": {"type": "Polygon", "coordinates": [[[77.95911902729401, 16.459222634207965], [77.95912245298233, 16.459448331680594], [77.95935634483868, 16.45944502585536], [77.95935291888054, 16.459219328430557], [77.95911902729401, 16.459222634207965]]]}, "properties": {"name": "grid_00660", "display_name": "SFV-T0661", "role": "candidate_grid_cell", "area_ha": 0.0625, "named_subarea": null, "gee_matched": true, "NDVI_raw": 0.2902989462018013, "TreeCover_Pct": 30.413625304136254, "Elev_m": 354.32416402626495, "ElevStd_m": 1.9775459052153577, "TRI_m": 0.20729240884676886, "Slope_deg": 0.05246032401919365, "NatCoverPct_2km": 10.524965546143992, "EdgeDensity_2km": 1.121508071470596, "NatCoverPct_500m": 27.922033018021704, "EdgeDensity_500m": 4.478792746848136, "gHM": 0.35214659571647644, "DistWater_m": 0.291970802919708, "LST_C": 29.761774193548376, "NightLights": 1.5631250143051147, "BuiltUp_Pct": 28.1021897810219, "JRC_Water": 0.0, "SEGMENT_ID": -508773725.0, "hard_filter_pass": true}}, {"type": "Feature", "geometry": {"type": "Polygon", "coordinates": [[[77.95912245298233, 16.459448331680594], [77.95912587872425, 16.459674029147685], [77.95935977085043, 16.459670723274613], [77.95935634483868, 16.45944502585536], [77.95912245298233, 16.459448331680594]]]}, "properties": {"name": "grid_00661", "display_name": "SFV-T0662", "role": "candidate_grid_cell", "area_ha": 0.0625, "named_subarea": null, "gee_matched": true, "NDVI_raw": 0.12231248650814235, "TreeCover_Pct": 0.0, "Elev_m": 353.4952930356278, "ElevStd_m": 1.963704242869816, "TRI_m": 0.21664342406177442, "Slope_deg": 0.05246032401919365, "NatCoverPct_2km": 10.413693231821028, "EdgeDensity_2km": 1.1418247706845244, "NatCoverPct_500m": 29.643916698703798, "EdgeDensity_500m": 4.572576725832544, "gHM": 0.35214659571647644, "DistWater_m": 0.0, "LST_C": 29.761774193548376, "NightLights": 1.5631250143051147, "BuiltUp_Pct": 0.0, "JRC_Water": 0.0, "SEGMENT_ID": -508773725.0, "hard_filter_pass": true}}, {"type": "Feature", "geometry": {"type": "Polygon", "coordinates": [[[77.95935977085043, 16.459670723274613], [77.95912587872425, 16.459674029147685], [77.95912930451979, 16.459899726609223], [77.95935316243595, 16.459896562524705], [77.95936252575402, 16.45985220713687], [77.95935977085043, 16.459670723274613]]]}, "properties": {"name": "grid_00662", "display_name": "SFV-T0663", "role": "candidate_grid_cell", "area_ha": 0.06224, "named_subarea": null, "gee_matched": true, "NDVI_raw": -0.03667138556745003, "TreeCover_Pct": 0.0, "Elev_m": 352.9213425971706, "ElevStd_m": 1.9577659792812212, "TRI_m": 0.22521346898070607, "Slope_deg": 0.05246032401919365, "NatCoverPct_2km": 10.296234223728874, "EdgeDensity_2km": 1.1547188209767358, "NatCoverPct_500m": 31.398535421700995, "EdgeDensity_500m": 4.676630725194994, "gHM": 0.35214659571647644, "DistWater_m": 0.0, "LST_C": 29.761774193548376, "NightLights": 1.5631250143051147, "BuiltUp_Pct": 0.0, "JRC_Water": 0.0, "SEGMENT_ID": -508773725.0, "hard_filter_pass": true}}, {"type": "Feature", "geometry": {"type": "Polygon", "coordinates": [[[77.95912930451979, 16.459899726609223], [77.95913151152614, 16.460045126213565], [77.9593369, 16.4600116], [77.9593369, 16.4599736], [77.95935316243595, 16.459896562524705], [77.95912930451979, 16.459899726609223]]]}, "properties": {"name": "grid_00663", "display_name": "SFV-T0664", "role": "candidate_grid_cell", "area_ha": 0.03256, "named_subarea": null, "gee_matched": true, "NDVI_raw": -0.0683051138056801, "TreeCover_Pct": 0.0, "Elev_m": 352.6376467713523, "ElevStd_m": 1.9535860643540377, "TRI_m": 0.22700499364155016, "Slope_deg": 0.05246032401919365, "NatCoverPct_2km": 10.208792643180812, "EdgeDensity_2km": 1.1595296542510463, "NatCoverPct_500m": 32.72149618579009, "EdgeDensity_500m": 4.722076477628544, "gHM": 0.35214659571647644, "DistWater_m": 0.0, "LST_C": 29.761774193548376, "NightLights": 1.5631250143051147, "BuiltUp_Pct": 0.0, "JRC_Water": 0.0, "SEGMENT_ID": -508773725.0, "hard_filter_pass": true}}, {"type": "Feature", "geometry": {"type": "Polygon", "coordinates": [[[77.95930153594081, 16.455833866392783], [77.95930496109492, 16.4560595639008], [77.95953884885103, 16.45605625853263], [77.95953542342717, 16.455830561072446], [77.95930153594081, 16.455833866392783]]]}, "properties": {"name": "grid_00664", "display_name": "SFV-T0665", "role": "candidate_grid_cell", "area_ha": 0.0625, "named_subarea": null, "gee_matched": true, "NDVI_raw": 0.25626846230109873, "TreeCover_Pct": 7.72976262933658, "Elev_m": 361.6286117730167, "ElevStd_m": 1.4805491923838612, "TRI_m": 0.20765858115460342, "Slope_deg": 0.05246032401919365, "NatCoverPct_2km": 12.478738605180311, "EdgeDensity_2km": 1.4378330049189807, "NatCoverPct_500m": 3.8193148164984114, "EdgeDensity_500m": 1.5577276094790613, "gHM": 0.4314345487428016, "DistWater_m": 913.1611489118824, "LST_C": 30.89688000000001, "NightLights": 1.46875, "BuiltUp_Pct": 100.0, "hard_filter_pass": true}}, {"type": "Feature", "geometry": {"type": "Polygon", "coordinates": [[[77.95930496109492, 16.4560595639008], [77.95930838630262, 16.456285261403266], [77.95954227432848, 16.45628195598726], [77.95953884885103, 16.45605625853263], [77.95930496109492, 16.4560595639008]]]}, "properties": {"name": "grid_00665", "display_name": "SFV-T0666", "role": "candidate_grid_cell", "area_ha": 0.0625, "named_subarea": null, "gee_matched": true, "NDVI_raw": 0.2535122624622036, "TreeCover_Pct": 0.0, "Elev_m": 361.2408636113848, "ElevStd_m": 1.5592520975487665, "TRI_m": 0.20796645104850137, "Slope_deg": 0.05246032401919365, "NatCoverPct_2km": 12.31534581394203, "EdgeDensity_2km": 1.4087470216494808, "NatCoverPct_500m": 4.990751419929058, "EdgeDensity_500m": 1.7519349480266078, "gHM": 0.43178793969502366, "DistWater_m": 836.6957374715206, "LST_C": 30.89688000000001, "NightLights": 1.4877046922579031, "BuiltUp_Pct": 100.0, "hard_filter_pass": true}}, {"type": "Feature", "geometry": {"type": "Polygon", "coordinates": [[[77.95930838630262, 16.456285261403266], [77.95931181156394, 16.456510958900186], [77.95954569985955, 16.45650765343635], [77.95954227432848, 16.45628195598726], [77.95930838630262, 16.456285261403266]]]}, "properties": {"name": "grid_00666", "display_name": "SFV-T0667", "role": "candidate_grid_cell", "area_ha": 0.0625, "named_subarea": null, "gee_matched": true, "NDVI_raw": 0.24818785698818305, "TreeCover_Pct": 0.0, "Elev_m": 360.6851589566185, "ElevStd_m": 1.6501732108709655, "TRI_m": 0.20825870851465855, "Slope_deg": 0.05246032401919365, "NatCoverPct_2km": 12.161514396374425, "EdgeDensity_2km": 1.3716007738794145, "NatCoverPct_500m": 6.233337411582193, "EdgeDensity_500m": 1.9077983694419547, "gHM": 0.4320791802768195, "DistWater_m": 766.3893531759327, "LST_C": 30.89688000000001, "NightLights": 1.5631250143051147, "BuiltUp_Pct": 100.0, "hard_filter_pass": true}}, {"type": "Feature", "geometry": {"type": "Polygon", "coordinates": [[[77.95931181156394, 16.456510958900186], [77.95931523687885, 16.45673665639156], [77.95954912544421, 16.456733350879894], [77.95954569985955, 16.45650765343635], [77.95931181156394, 16.456510958900186]]]}, "properties": {"name": "grid_00667", "display_name": "SFV-T0668", "role": "candidate_grid_cell", "area_ha": 0.0625, "named_subarea": null, "gee_matched": true, "NDVI_raw": 0.26654317697394064, "TreeCover_Pct": 0.0, "Elev_m": 360.1156005859375, "ElevStd_m": 1.766063471718343, "TRI_m": 0.21109363464371939, "Slope_deg": 0.05246032401919365, "NatCoverPct_2km": 12.018792286343603, "EdgeDensity_2km": 1.3426501925912464, "NatCoverPct_500m": 7.506322809019735, "EdgeDensity_500m": 2.056665909057938, "gHM": 0.4326202454562629, "DistWater_m": 690.8840415813852, "LST_C": 30.89688000000001, "NightLights": 1.5631250143051147, "BuiltUp_Pct": 100.0, "hard_filter_pass": true}}, {"type": "Feature", "geometry": {"type": "Polygon", "coordinates": [[[77.95931523687885, 16.45673665639156], [77.95931866224736, 16.456962353877387], [77.95955255108248, 16.45695904831789], [77.95954912544421, 16.456733350879894], [77.95931523687885, 16.45673665639156]]]}, "properties": {"name": "grid_00668", "display_name": "SFV-T0669", "role": "candidate_grid_cell", "area_ha": 0.0625, "named_subarea": null, "gee_matched": true, "NDVI_raw": 0.2910646394760148, "TreeCover_Pct": 14.302812687013766, "Elev_m": 359.70373827365256, "ElevStd_m": 1.8546769707672415, "TRI_m": 0.20430158568324963, "Slope_deg": 0.05246032401919365, "NatCoverPct_2km": 11.87062690149521, "EdgeDensity_2km": 1.3098538302186244, "NatCoverPct_500m": 8.876709096061425, "EdgeDensity_500m": 2.2450246771371627, "gHM": 0.4327030242880543, "DistWater_m": 620.7804541537049, "LST_C": 30.89688000000001, "NightLights": 1.5631250143051147, "BuiltUp_Pct": 100.0, "hard_filter_pass": true}}, {"type": "Feature", "geometry": {"type": "Polygon", "coordinates": [[[77.95931866224736, 16.456962353877387], [77.95932208766948, 16.45718805135767], [77.95955597677435, 16.45718474575034], [77.95955255108248, 16.45695904831789], [77.95931866224736, 16.456962353877387]]]}, "properties": {"name": "grid_00669", "display_name": "SFV-T0670", "role": "candidate_grid_cell", "area_ha": 0.0625, "named_subarea": null, "gee_matched": true, "NDVI_raw": 0.36314454363898996, "TreeCover_Pct": 100.0, "Elev_m": 359.05577246543083, "ElevStd_m": 1.9006614868038159, "TRI_m": 0.19455205695059072, "Slope_deg": 0.05246032401919365, "NatCoverPct_2km": 11.718374126110824, "EdgeDensity_2km": 1.2762988815379275, "NatCoverPct_500m": 10.413445826782858, "EdgeDensity_500m": 2.4325491449591943, "gHM": 0.4336130562369809, "DistWater_m": 546.5107793832237, "LST_C": 30.89688000000001, "NightLights": 1.5631250143051147, "BuiltUp_Pct": 100.0, "hard_filter_pass": true}}, {"type": "Feature", "geometry": {"type": "Polygon", "coordinates": [[[77.95932208766948, 16.45718805135767], [77.95932551314519, 16.4574137488324], [77.95955940251983, 16.45741044317724], [77.95955597677435, 16.45718474575034], [77.95932208766948, 16.45718805135767]]]}, "properties": {"name": "grid_00670", "display_name": "SFV-T0671", "role": "candidate_grid_cell", "area_ha": 0.0625, "named_subarea": null, "gee_matched": true, "NDVI_raw": 0.3295236040261119, "TreeCover_Pct": 85.55684454756383, "Elev_m": 358.69390295608423, "ElevStd_m": 1.896931599678321, "TRI_m": 0.19135240356366362, "Slope_deg": 0.05246032401919365, "NatCoverPct_2km": 11.56610901324739, "EdgeDensity_2km": 1.240795030565724, "NatCoverPct_500m": 12.068973854812146, "EdgeDensity_500m": 2.6661650339424177, "gHM": 0.4335132417400863, "DistWater_m": 478.2300223084849, "LST_C": 30.89688000000001, "NightLights": 1.5631250143051147, "BuiltUp_Pct": 100.0, "hard_filter_pass": true}}, {"type": "Feature", "geometry": {"type": "Polygon", "coordinates": [[[77.95932551314519, 16.4574137488324], [77.95932893867449, 16.45763944630159], [77.95956282831891, 16.45763614059859], [77.95955940251983, 16.45741044317724], [77.95932551314519, 16.4574137488324]]]}, "properties": {"name": "grid_00671", "display_name": "SFV-T0672", "role": "candidate_grid_cell", "area_ha": 0.0625, "named_subarea": null, "gee_matched": true, "NDVI_raw": 0.2875516971586444, "TreeCover_Pct": 0.0, "Elev_m": 358.1838684082031, "ElevStd_m": 1.8831009340777907, "TRI_m": 0.1947705472400142, "Slope_deg": 0.05246032401919365, "NatCoverPct_2km": 11.406057540145131, "EdgeDensity_2km": 1.1965071212080578, "NatCoverPct_500m": 13.938273491510214, "EdgeDensity_500m": 3.0486059260233613, "gHM": 0.4342469345276238, "DistWater_m": 405.6516422169628, "LST_C": 30.89688000000001, "NightLights": 1.5631250143051147, "BuiltUp_Pct": 100.0, "hard_filter_pass": true}}, {"type": "Feature", "geometry": {"type": "Polygon", "coordinates": [[[77.95932893867449, 16.45763944630159], [77.9593323642574, 16.45786514376522], [77.9595662541716, 16.4578618380144], [77.95956282831891, 16.45763614059859], [77.95932893867449, 16.45763944630159]]]}, "properties": {"name": "grid_00672", "display_name": "SFV-T0673", "role": "candidate_grid_cell", "area_ha": 0.0625, "named_subarea": null, "gee_matched": true, "NDVI_raw": 0.28812899539533454, "TreeCover_Pct": 11.941212492345375, "Elev_m": 358.0943269560254, "ElevStd_m": 1.8757471887320079, "TRI_m": 0.19655421681205865, "Slope_deg": 0.05246032401919365, "NatCoverPct_2km": 11.239621576385943, "EdgeDensity_2km": 1.1610429986302497, "NatCoverPct_500m": 16.00468108873999, "EdgeDensity_500m": 3.2992487529589276, "gHM": 0.4345177234095148, "DistWater_m": 340.8435930087805, "LST_C": 30.89688000000001, "NightLights": 1.5631250143051147, "BuiltUp_Pct": 100.0, "hard_filter_pass": true}}, {"type": "Feature", "geometry": {"type": "Polygon", "coordinates": [[[77.9593323642574, 16.45786514376522], [77.95933578989393, 16.458090841223317], [77.9595696800779, 16.458087535424657], [77.9595662541716, 16.4578618380144], [77.9593323642574, 16.45786514376522]]]}, "properties": {"name": "grid_00673", "display_name": "SFV-T0674", "role": "candidate_grid_cell", "area_ha": 0.0625, "named_subarea": null, "gee_matched": true, "NDVI_raw": 0.2865207787186718, "TreeCover_Pct": 14.984894259818732, "Elev_m": 357.5530206317268, "ElevStd_m": 1.8694112611409304, "TRI_m": 0.2018767520326873, "Slope_deg": 0.05246032401919365, "NatCoverPct_2km": 11.076817664431527, "EdgeDensity_2km": 1.1361712355943956, "NatCoverPct_500m": 18.073156117935333, "EdgeDensity_500m": 3.4460913815556924, "gHM": 0.4284268888822135, "DistWater_m": 277.7093003689145, "LST_C": 30.89688000000001, "NightLights": 1.5631250143051147, "BuiltUp_Pct": 100.0, "hard_filter_pass": true}}, {"type": "Feature", "geometry": {"type": "Polygon", "coordinates": [[[77.95933578989393, 16.458090841223317], [77.95933921558404, 16.458316538675856], [77.95957310603781, 16.458313232829365], [77.9595696800779, 16.458087535424657], [77.95933578989393, 16.458090841223317]]]}, "properties": {"name": "grid_00674", "display_name": "SFV-T0675", "role": "candidate_grid_cell", "area_ha": 0.0625, "named_subarea": null, "gee_matched": true, "NDVI_raw": 0.29703223683734914, "TreeCover_Pct": 41.10910186859554, "Elev_m": 356.9325426502929, "ElevStd_m": 1.88787890600403, "TRI_m": 0.20383469715333494, "Slope_deg": 0.05246032401919365, "NatCoverPct_2km": 10.936708162140524, "EdgeDensity_2km": 1.1165872889173822, "NatCoverPct_500m": 20.127501823112613, "EdgeDensity_500m": 3.71479748458817, "gHM": 0.40876131256421416, "DistWater_m": 225.5461961670497, "LST_C": 30.839406288280937, "NightLights": 1.5631250143051147, "BuiltUp_Pct": 100.0, "hard_filter_pass": true}}, {"type": "Feature", "geometry": {"type": "Polygon", "coordinates": [[[77.95933921558404, 16.458316538675856], [77.95934264132777, 16.458542236122852], [77.95957653205132, 16.45853893022853], [77.95957310603781, 16.458313232829365], [77.95933921558404, 16.458316538675856]]]}, "properties": {"name": "grid_00675", "display_name": "SFV-T0676", "role": "candidate_grid_cell", "area_ha": 0.0625, "named_subarea": null, "gee_matched": true, "NDVI_raw": 0.3562431058065215, "TreeCover_Pct": 86.68656716417911, "Elev_m": 356.4498898452076, "ElevStd_m": 1.9067571818411615, "TRI_m": 0.20662390221987018, "Slope_deg": 0.05246032401919365, "NatCoverPct_2km": 10.81694686268296, "EdgeDensity_2km": 1.1020647143221767, "NatCoverPct_500m": 22.01153054937914, "EdgeDensity_500m": 4.035450491271814, "gHM": 0.4095513836127609, "DistWater_m": 187.02600741950394, "LST_C": 29.761774193548376, "NightLights": 1.5631250143051147, "BuiltUp_Pct": 100.0, "hard_filter_pass": true}}, {"type": "Feature", "geometry": {"type": "Polygon", "coordinates": [[[77.95934264132777, 16.458542236122852], [77.9593460671251, 16.4587679335643], [77.95957995811844, 16.458764627622145], [77.95957653205132, 16.45853893022853], [77.95934264132777, 16.458542236122852]]]}, "properties": {"name": "grid_00676", "display_name": "SFV-T0677", "role": "candidate_grid_cell", "area_ha": 0.0625, "named_subarea": null, "gee_matched": true, "NDVI_raw": 0.43903572479907815, "TreeCover_Pct": 100.0, "Elev_m": 356.19908256208663, "ElevStd_m": 1.8971699212712627, "TRI_m": 0.20587904534220286, "Slope_deg": 0.05246032401919365, "NatCoverPct_2km": 10.704168159806922, "EdgeDensity_2km": 1.0938877554849469, "NatCoverPct_500m": 23.81840101320327, "EdgeDensity_500m": 4.256594985146743, "gHM": 0.410901864471568, "DistWater_m": 159.0449605964608, "LST_C": 29.761774193548376, "NightLights": 1.5631250143051147, "BuiltUp_Pct": 100.0, "hard_filter_pass": true}}, {"type": "Feature", "geometry": {"type": "Polygon", "coordinates": [[[77.9593460671251, 16.4587679335643], [77.95934949297602, 16.458993631000197], [77.95958338423917, 16.45899032501021], [77.95957995811844, 16.458764627622145], [77.9593460671251, 16.4587679335643]]]}, "properties": {"name": "grid_00677", "display_name": "SFV-T0678", "role": "candidate_grid_cell", "area_ha": 0.0625, "named_subarea": null, "gee_matched": true, "NDVI_raw": 0.4514693728649828, "TreeCover_Pct": 99.02617163724896, "Elev_m": 356.02184599808504, "ElevStd_m": 1.8806178564844802, "TRI_m": 0.20598543805097874, "Slope_deg": 0.05246032401919365, "NatCoverPct_2km": 10.595228044018867, "EdgeDensity_2km": 1.0965325218745725, "NatCoverPct_500m": 25.59710474738835, "EdgeDensity_500m": 4.390124070510852, "gHM": 0.4121166735216386, "DistWater_m": 93.0310407790627, "LST_C": 29.761774193548376, "NightLights": 1.5631250143051147, "BuiltUp_Pct": 100.0, "hard_filter_pass": true}}, {"type": "Feature", "geometry": {"type": "Polygon", "coordinates": [[[77.95958338423917, 16.45899032501021], [77.95934949297602, 16.458993631000197], [77.95935291888054, 16.459219328430557], [77.95949655325751, 16.459217298201246], [77.9595062, 16.459171599999994], [77.95958437722764, 16.459055737954156], [77.95958338423917, 16.45899032501021]]]}, "properties": {"name": "grid_00678", "display_name": "SFV-T0679", "role": "candidate_grid_cell", "area_ha": 0.05248, "named_subarea": null, "gee_matched": true, "NDVI_raw": 0.3722147901683112, "TreeCover_Pct": 96.65242165242165, "Elev_m": 354.9801818760712, "ElevStd_m": 1.8716258926585165, "TRI_m": 0.20588297707349443, "Slope_deg": 0.05246032401919365, "NatCoverPct_2km": 10.503150736644084, "EdgeDensity_2km": 1.1054996287846501, "NatCoverPct_500m": 27.196256349350673, "EdgeDensity_500m": 4.474430444386847, "gHM": 0.4100466359969218, "DistWater_m": 23.782051282051277, "LST_C": 29.761774193548376, "NightLights": 1.5631250143051147, "BuiltUp_Pct": 60.96866096866097, "JRC_Water": 0.0, "SEGMENT_ID": -776252093.0, "hard_filter_pass": true}}, {"type": "Feature", "geometry": {"type": "Polygon", "coordinates": [[[77.95935291888054, 16.459219328430557], [77.95935634483868, 16.45944502585536], [77.95944875638413, 16.459443719639484], [77.95949655325751, 16.459217298201246], [77.95935291888054, 16.459219328430557]]]}, "properties": {"name": "grid_00679", "display_name": "SFV-T0680", "role": "candidate_grid_cell", "area_ha": 0.03154, "named_subarea": null, "gee_matched": true, "NDVI_raw": 0.21052621467678279, "TreeCover_Pct": 10.71835803876853, "Elev_m": 353.8832034520983, "ElevStd_m": 1.870833579543219, "TRI_m": 0.20917185301519528, "Slope_deg": 0.05246032401919365, "NatCoverPct_2km": 10.414370211212397, "EdgeDensity_2km": 1.1264058594974666, "NatCoverPct_500m": 28.78242897155767, "EdgeDensity_500m": 4.547503172294267, "gHM": 0.4018821725823588, "DistWater_m": 0.0, "LST_C": 29.761774193548376, "NightLights": 1.5631250143051147, "BuiltUp_Pct": 0.0, "JRC_Water": 0.0, "SEGMENT_ID": -776252093.0, "hard_filter_pass": true}}, {"type": "Feature", "geometry": {"type": "Polygon", "coordinates": [[[77.95953542342717, 16.455830561072446], [77.95953884885103, 16.45605625853263], [77.95977273655355, 16.4560529529041], [77.95976931085994, 16.45582725549175], [77.95953542342717, 16.455830561072446]]]}, "properties": {"name": "grid_00680", "display_name": "SFV-T0681", "role": "candidate_grid_cell", "area_ha": 0.0625, "named_subarea": null, "gee_matched": true, "NDVI_raw": 0.25614635888125736, "TreeCover_Pct": 0.0, "Elev_m": 361.17306328380477, "ElevStd_m": 1.3664037402030276, "TRI_m": 0.1955583724344248, "Slope_deg": 0.05246032401919365, "NatCoverPct_2km": 12.449399509304145, "EdgeDensity_2km": 1.408533388095088, "NatCoverPct_500m": 3.706499551956808, "EdgeDensity_500m": 1.471071110958512, "gHM": 0.44179949164390564, "DistWater_m": 901.396436807091, "LST_C": 30.89688000000001, "NightLights": 1.46875, "BuiltUp_Pct": 100.0, "hard_filter_pass": true}}, {"type": "Feature", "geometry": {"type": "Polygon", "coordinates": [[[77.95953884885103, 16.45605625853263], [77.95954227432848, 16.45628195598726], [77.95977616230074, 16.4562786503109], [77.95977273655355, 16.4560529529041], [77.95953884885103, 16.45605625853263]]]}, "properties": {"name": "grid_00681", "display_name": "SFV-T0682", "role": "candidate_grid_cell", "area_ha": 0.0625, "named_subarea": null, "gee_matched": true, "NDVI_raw": 0.2830373970386775, "TreeCover_Pct": 23.067632850241548, "Elev_m": 360.7988736065114, "ElevStd_m": 1.454697431138714, "TRI_m": 0.19712275974443522, "Slope_deg": 0.05246032401919365, "NatCoverPct_2km": 12.28689083603071, "EdgeDensity_2km": 1.3725732613500863, "NatCoverPct_500m": 4.817070664329319, "EdgeDensity_500m": 1.728489391283321, "gHM": 0.44179949164390564, "DistWater_m": 823.6044600442744, "LST_C": 30.89688000000001, "NightLights": 1.487271666454808, "BuiltUp_Pct": 100.0, "hard_filter_pass": true}}, {"type": "Feature", "geometry": {"type": "Polygon", "coordinates": [[[77.95954227432848, 16.45628195598726], [77.95954569985955, 16.45650765343635], [77.95977958810154, 16.456504347712155], [77.95977616230074, 16.4562786503109], [77.95954227432848, 16.45628195598726]]]}, "properties": {"name": "grid_00682", "display_name": "SFV-T0683", "role": "candidate_grid_cell", "area_ha": 0.0625, "named_subarea": null, "gee_matched": true, "NDVI_raw": 0.2642507920023597, "TreeCover_Pct": 7.706310679611652, "Elev_m": 360.41037698393893, "ElevStd_m": 1.5650571908927644, "TRI_m": 0.19647299037939728, "Slope_deg": 0.05246032401919365, "NatCoverPct_2km": 12.125130310088753, "EdgeDensity_2km": 1.339089796381146, "NatCoverPct_500m": 6.047530090155614, "EdgeDensity_500m": 1.8921411366000456, "gHM": 0.44179949164390564, "DistWater_m": 751.9478653885443, "LST_C": 30.89688000000001, "NightLights": 1.5631250143051147, "BuiltUp_Pct": 100.0, "hard_filter_pass": true}}, {"type": "Feature", "geometry": {"type": "Polygon", "coordinates": [[[77.95954569985955, 16.45650765343635], [77.95954912544421, 16.456733350879894], [77.95978301395596, 16.45673004510786], [77.95977958810154, 16.456504347712155], [77.95954569985955, 16.45650765343635]]]}, "properties": {"name": "grid_00683", "display_name": "SFV-T0684", "role": "candidate_grid_cell", "area_ha": 0.0625, "named_subarea": null, "gee_matched": true, "NDVI_raw": 0.2691638310894038, "TreeCover_Pct": 2.591922845087402, "Elev_m": 359.810474692374, "ElevStd_m": 1.704062005284156, "TRI_m": 0.19899781811799805, "Slope_deg": 0.05246032401919365, "NatCoverPct_2km": 11.977822999023537, "EdgeDensity_2km": 1.3057465465983589, "NatCoverPct_500m": 7.336588838241253, "EdgeDensity_500m": 2.0599337873244217, "gHM": 0.44179949164390564, "DistWater_m": 674.5159897353794, "LST_C": 30.89688000000001, "NightLights": 1.5631250143051147, "BuiltUp_Pct": 100.0, "hard_filter_pass": true}}, {"type": "Feature", "geometry": {"type": "Polygon", "coordinates": [[[77.95954912544421, 16.456733350879894], [77.95955255108248, 16.45695904831789], [77.959786439864, 16.45695574249802], [77.95978301395596, 16.45673004510786], [77.95954912544421, 16.456733350879894]]]}, "properties": {"name": "grid_00684", "display_name": "SFV-T0685", "role": "candidate_grid_cell", "area_ha": 0.0625, "named_subarea": null, "gee_matched": true, "NDVI_raw": 0.3047189472469908, "TreeCover_Pct": 59.54653937947494, "Elev_m": 358.87476620184776, "ElevStd_m": 1.825624282067475, "TRI_m": 0.19593200273272746, "Slope_deg": 0.05246032401919365, "NatCoverPct_2km": 11.822001365339837, "EdgeDensity_2km": 1.2731039404264144, "NatCoverPct_500m": 8.77660873463344, "EdgeDensity_500m": 2.2761926085760167, "gHM": 0.44179949164390564, "DistWater_m": 603.4162676241261, "LST_C": 30.89688000000001, "NightLights": 1.5631250143051147, "BuiltUp_Pct": 100.0, "hard_filter_pass": true}}, {"type": "Feature", "geometry": {"type": "Polygon", "coordinates": [[[77.95955255108248, 16.45695904831789], [77.95955597677435, 16.45718474575034], [77.95978986582564, 16.457181439882632], [77.959786439864, 16.45695574249802], [77.95955255108248, 16.45695904831789]]]}, "properties": {"name": "grid_00685", "display_name": "SFV-T0686", "role": "candidate_grid_cell", "area_ha": 0.0625, "named_subarea": null, "gee_matched": true, "NDVI_raw": 0.3393458022590144, "TreeCover_Pct": 100.0, "Elev_m": 358.0585470911969, "ElevStd_m": 1.8963305762218237, "TRI_m": 0.19311926231148704, "Slope_deg": 0.05246032401919365, "NatCoverPct_2km": 11.659706347080933, "EdgeDensity_2km": 1.2385374589180578, "NatCoverPct_500m": 10.368639861037707, "EdgeDensity_500m": 2.483196713185704, "gHM": 0.44179949164390564, "DistWater_m": 526.7089837021641, "LST_C": 30.89688000000001, "NightLights": 1.5631250143051147, "BuiltUp_Pct": 100.0, "hard_filter_pass": true}}, {"type": "Feature", "geometry": {"type": "Polygon", "coordinates": [[[77.95955597677435, 16.45718474575034], [77.95955940251983, 16.45741044317724], [77.95979329184088, 16.4574071372617], [77.95978986582564, 16.457181439882632], [77.95955597677435, 16.45718474575034]]]}, "properties": {"name": "grid_00686", "display_name": "SFV-T0687", "role": "candidate_grid_cell", "area_ha": 0.0625, "named_subarea": null, "gee_matched": true, "NDVI_raw": 0.3089143237506045, "TreeCover_Pct": 68.9592209373098, "Elev_m": 357.65563294311437, "ElevStd_m": 1.896406833269229, "TRI_m": 0.19744081793264315, "Slope_deg": 0.05246032401919365, "NatCoverPct_2km": 11.49199018421998, "EdgeDensity_2km": 1.1923135943137615, "NatCoverPct_500m": 12.181193659875744, "EdgeDensity_500m": 2.9186970993404433, "gHM": 0.44179949164390564, "DistWater_m": 455.8985268896883, "LST_C": 30.89688000000001, "NightLights": 1.5631250143051147, "BuiltUp_Pct": 100.0, "hard_filter_pass": true}}, {"type": "Feature", "geometry": {"type": "Polygon", "coordinates": [[[77.95955940251983, 16.45741044317724], [77.95956282831891, 16.45763614059859], [77.95979671790973, 16.45763283463522], [77.95979329184088, 16.4574071372617], [77.95955940251983, 16.45741044317724]]]}, "properties": {"name": "grid_00687", "display_name": "SFV-T0688", "role": "candidate_grid_cell", "area_ha": 0.0625, "named_subarea": null, "gee_matched": true, "NDVI_raw": 0.2657153631397717, "TreeCover_Pct": 0.0, "Elev_m": 357.82723251506064, "ElevStd_m": 1.8788057874886948, "TRI_m": 0.2001562040859309, "Slope_deg": 0.05246032401919365, "NatCoverPct_2km": 11.311620036147612, "EdgeDensity_2km": 1.1592917683662771, "NatCoverPct_500m": 14.27965570985543, "EdgeDensity_500m": 3.17727054456511, "gHM": 0.44179949164390564, "DistWater_m": 379.62984221395067, "LST_C": 30.89688000000001, "NightLights": 1.5631250143051147, "BuiltUp_Pct": 100.0, "hard_filter_pass": true}}, {"type": "Feature", "geometry": {"type": "Polygon", "coordinates": [[[77.95956282831891, 16.45763614059859], [77.9595662541716, 16.4578618380144], [77.9598001440322, 16.457858532003186], [77.95979671790973, 16.45763283463522], [77.95956282831891, 16.45763614059859]]]}, "properties": {"name": "grid_00688", "display_name": "SFV-T0689", "role": "candidate_grid_cell", "area_ha": 0.0625, "named_subarea": null, "gee_matched": true, "NDVI_raw": 0.27291530431900624, "TreeCover_Pct": 0.0, "Elev_m": 357.6830339109264, "ElevStd_m": 1.8467032818815978, "TRI_m": 0.19941864063153938, "Slope_deg": 0.05246032401919365, "NatCoverPct_2km": 11.134537579386732, "EdgeDensity_2km": 1.140859082953545, "NatCoverPct_500m": 16.426014340006205, "EdgeDensity_500m": 3.3183569391674057, "gHM": 0.44179949164390564, "DistWater_m": 310.3742635304229, "LST_C": 30.89688000000001, "NightLights": 1.5631250143051147, "BuiltUp_Pct": 100.0, "hard_filter_pass": true}}, {"type": "Feature", "geometry": {"type": "Polygon", "coordinates": [[[77.9595662541716, 16.4578618380144], [77.9595696800779, 16.458087535424657], [77.95980357020828, 16.45808422936561], [77.9598001440322, 16.457858532003186], [77.9595662541716, 16.4578618380144]]]}, "properties": {"name": "grid_00689", "display_name": "SFV-T0690", "role": "candidate_grid_cell", "area_ha": 0.0625, "named_subarea": null, "gee_matched": true, "NDVI_raw": 0.27245128613791003, "TreeCover_Pct": 0.0, "Elev_m": 357.08582273165956, "ElevStd_m": 1.8062325008688827, "TRI_m": 0.20397796171305418, "Slope_deg": 0.05246032401919365, "NatCoverPct_2km": 10.972401625454534, "EdgeDensity_2km": 1.1324422037899504, "NatCoverPct_500m": 18.580185481242477, "EdgeDensity_500m": 3.4642572867976402, "gHM": 0.43846142602135063, "DistWater_m": 237.45833358281192, "LST_C": 30.89688000000001, "NightLights": 1.5631250143051147, "BuiltUp_Pct": 100.0, "hard_filter_pass": true}}, {"type": "Feature", "geometry": {"type": "Polygon", "coordinates": [[[77.9595696800779, 16.458087535424657], [77.95957310603781, 16.458313232829365], [77.95980699643796, 16.458309926722478], [77.95980357020828, 16.45808422936561], [77.9595696800779, 16.458087535424657]]]}, "properties": {"name": "grid_00690", "display_name": "SFV-T0691", "role": "candidate_grid_cell", "area_ha": 0.0625, "named_subarea": null, "gee_matched": true, "NDVI_raw": 0.27012228754150397, "TreeCover_Pct": 3.7433155080213902, "Elev_m": 356.6414823390442, "ElevStd_m": 1.7777965832887452, "TRI_m": 0.20598972679895003, "Slope_deg": 0.05246032401919365, "NatCoverPct_2km": 10.82358322221261, "EdgeDensity_2km": 1.1123110349627472, "NatCoverPct_500m": 20.775835722216435, "EdgeDensity_500m": 3.6930004758423007, "gHM": 0.4264534115791321, "DistWater_m": 171.1913015184282, "LST_C": 30.841574785425422, "NightLights": 1.5631250143051147, "BuiltUp_Pct": 100.0, "hard_filter_pass": true}}, {"type": "Feature", "geometry": {"type": "Polygon", "coordinates": [[[77.95980699643796, 16.458309926722478], [77.95957310603781, 16.458313232829365], [77.95957653205132, 16.45853893022853], [77.95976954689422, 16.458536201891693], [77.959788, 16.4584707], [77.95980855302037, 16.458412462910264], [77.95980699643796, 16.458309926722478]]]}, "properties": {"name": "grid_00691", "display_name": "SFV-T0692", "role": "candidate_grid_cell", "area_ha": 0.05936, "named_subarea": null, "gee_matched": true, "NDVI_raw": 0.33905562362097713, "TreeCover_Pct": 82.86445012787723, "Elev_m": 356.5544688232109, "ElevStd_m": 1.759118403173261, "TRI_m": 0.20771405847030838, "Slope_deg": 0.05246032401919365, "NatCoverPct_2km": 10.696764640790665, "EdgeDensity_2km": 1.092787024713582, "NatCoverPct_500m": 22.832107469788625, "EdgeDensity_500m": 4.064160779136625, "gHM": 0.4264534115791321, "DistWater_m": 117.88847700379687, "LST_C": 29.761774193548376, "NightLights": 1.5631250143051147, "BuiltUp_Pct": 100.0, "hard_filter_pass": true}}, {"type": "Feature", "geometry": {"type": "Polygon", "coordinates": [[[77.95957653205132, 16.45853893022853], [77.95957995811844, 16.458764627622145], [77.95970569574622, 16.458762850270382], [77.95976954689422, 16.458536201891693], [77.95957653205132, 16.45853893022853]]]}, "properties": {"name": "grid_00692", "display_name": "SFV-T0693", "role": "candidate_grid_cell", "area_ha": 0.04259, "named_subarea": null, "gee_matched": true, "NDVI_raw": 0.3772690073180367, "TreeCover_Pct": 100.0, "Elev_m": 356.51158523559576, "ElevStd_m": 1.755566329875974, "TRI_m": 0.20817716114047824, "Slope_deg": 0.05246032401919365, "NatCoverPct_2km": 10.597979084063926, "EdgeDensity_2km": 1.0873317041104578, "NatCoverPct_500m": 24.597168659404975, "EdgeDensity_500m": 4.316839343786646, "gHM": 0.4264534115791321, "DistWater_m": 106.20329492242298, "LST_C": 29.761774193548376, "NightLights": 1.5631250143051147, "BuiltUp_Pct": 100.0, "hard_filter_pass": true}}, {"type": "Feature", "geometry": {"type": "Polygon", "coordinates": [[[77.95976931085994, 16.45582725549175], [77.9600031982391, 16.455823949650707], [77.96000112059525, 16.455687075843514], [77.959848, 16.4557113], [77.95976766519807, 16.45571883191961], [77.95976931085994, 16.45582725549175]]]}, "properties": {"name": "grid_00693", "display_name": "SFV-T0694", "role": "candidate_grid_cell", "area_ha": 0.03349, "named_subarea": null, "gee_matched": true, "NDVI_raw": 0.23197691791701594, "TreeCover_Pct": 0.0, "Elev_m": 361.4438755780801, "ElevStd_m": 1.308390538275087, "TRI_m": 0.185297030533626, "Slope_deg": 0.05246032401919365, "NatCoverPct_2km": 12.511706866352974, "EdgeDensity_2km": 1.437571433605181, "NatCoverPct_500m": 2.9284822060262212, "EdgeDensity_500m": 1.2475681416031912, "gHM": 0.44179949164390564, "DistWater_m": 952.6298625311108, "LST_C": 30.89471836262515, "NightLights": 1.46875, "BuiltUp_Pct": 100.0, "hard_filter_pass": true}}, {"type": "Feature", "geometry": {"type": "Polygon", "coordinates": [[[77.95976931085994, 16.45582725549175], [77.95977273655355, 16.4560529529041], [77.96000662420242, 16.45604964701522], [77.9600031982391, 16.455823949650707], [77.95976931085994, 16.45582725549175]]]}, "properties": {"name": "grid_00694", "display_name": "SFV-T0695", "role": "candidate_grid_cell", "area_ha": 0.0625, "named_subarea": null, "gee_matched": true, "NDVI_raw": 0.24728632451531415, "TreeCover_Pct": 0.0, "Elev_m": 361.17638964624456, "ElevStd_m": 1.3522232984417537, "TRI_m": 0.1883917210006258, "Slope_deg": 0.05246032401919365, "NatCoverPct_2km": 12.413529796099587, "EdgeDensity_2km": 1.405783660970616, "NatCoverPct_500m": 3.580067450265826, "EdgeDensity_500m": 1.4066001448817007, "gHM": 0.44179949164390564, "DistWater_m": 897.4076261809496, "LST_C": 30.89688000000001, "NightLights": 1.46875, "BuiltUp_Pct": 100.0, "hard_filter_pass": true}}, {"type": "Feature", "geometry": {"type": "Polygon", "coordinates": [[[77.95977273655355, 16.4560529529041], [77.95977616230074, 16.4562786503109], [77.96001005021938, 16.456275344374184], [77.96000662420242, 16.45604964701522], [77.95977273655355, 16.4560529529041]]]}, "properties": {"name": "grid_00695", "display_name": "SFV-T0696", "role": "candidate_grid_cell", "area_ha": 0.0625, "named_subarea": null, "gee_matched": true, "NDVI_raw": 0.2521742759164096, "TreeCover_Pct": 0.0, "Elev_m": 360.618509062506, "ElevStd_m": 1.4553388852777431, "TRI_m": 0.18942290725128358, "Slope_deg": 0.05246032401919365, "NatCoverPct_2km": 12.257574559882682, "EdgeDensity_2km": 1.3626386833353834, "NatCoverPct_500m": 4.600842205440873, "EdgeDensity_500m": 1.6624562842375668, "gHM": 0.44179949164390564, "DistWater_m": 820.4382963903853, "LST_C": 30.89688000000001, "NightLights": 1.4831981038434041, "BuiltUp_Pct": 100.0, "hard_filter_pass": true}}, {"type": "Feature", "geometry": {"type": "Polygon", "coordinates": [[[77.95977616230074, 16.4562786503109], [77.95977958810154, 16.456504347712155], [77.96001347628994, 16.4565010417276], [77.96001005021938, 16.456275344374184], [77.95977616230074, 16.4562786503109]]]}, "properties": {"name": "grid_00696", "display_name": "SFV-T0697", "role": "candidate_grid_cell", "area_ha": 0.0625, "named_subarea": null, "gee_matched": true, "NDVI_raw": 0.2437128945364468, "TreeCover_Pct": 0.0, "Elev_m": 360.1792005456012, "ElevStd_m": 1.5886267867942059, "TRI_m": 0.19042137021274574, "Slope_deg": 0.05246032401919365, "NatCoverPct_2km": 12.092764017101784, "EdgeDensity_2km": 1.3324524185273385, "NatCoverPct_500m": 5.811755432456678, "EdgeDensity_500m": 1.8480628852045191, "gHM": 0.44179949164390564, "DistWater_m": 747.1616792597729, "LST_C": 30.89688000000001, "NightLights": 1.5631250143051147, "BuiltUp_Pct": 100.0, "hard_filter_pass": true}}, {"type": "Feature", "geometry": {"type": "Polygon", "coordinates": [[[77.96001347628994, 16.4565010417276], [77.95977958810154, 16.456504347712155], [77.95978301395596, 16.45673004510786], [77.96001370831577, 16.456726784226056], [77.9600141, 16.456659299999995], [77.96001529119575, 16.456620599839024], [77.96001347628994, 16.4565010417276]]]}, "properties": {"name": "grid_00697", "display_name": "SFV-T0698", "role": "candidate_grid_cell", "area_ha": 0.06226, "named_subarea": null, "gee_matched": true, "NDVI_raw": 0.2842894175914498, "TreeCover_Pct": 27.525103366804487, "Elev_m": 359.45318837850243, "ElevStd_m": 1.7399095570470289, "TRI_m": 0.1940087585322819, "Slope_deg": 0.05246032401919365, "NatCoverPct_2km": 11.938145875990887, "EdgeDensity_2km": 1.2915247040020794, "NatCoverPct_500m": 7.101344849097391, "EdgeDensity_500m": 2.0547514616348064, "gHM": 0.44179949164390564, "DistWater_m": 668.1793061163869, "LST_C": 30.89688000000001, "NightLights": 1.5631250143051147, "BuiltUp_Pct": 100.0, "hard_filter_pass": true}}, {"type": "Feature", "geometry": {"type": "Polygon", "coordinates": [[[77.95978301395596, 16.45673004510786], [77.959786439864, 16.45695574249802], [77.96001239798815, 16.456952548523287], [77.96001370831577, 16.456726784226056], [77.95978301395596, 16.45673004510786]]]}, "properties": {"name": "grid_00698", "display_name": "SFV-T0699", "role": "candidate_grid_cell", "area_ha": 0.06101, "named_subarea": null, "gee_matched": true, "NDVI_raw": 0.3170288724331699, "TreeCover_Pct": 78.48729076255424, "Elev_m": 358.4035413710137, "ElevStd_m": 1.8668081299211496, "TRI_m": 0.19603238766241168, "Slope_deg": 0.05246032401919365, "NatCoverPct_2km": 11.77772793786991, "EdgeDensity_2km": 1.2604886651444502, "NatCoverPct_500m": 8.62476261954859, "EdgeDensity_500m": 2.292392751427426, "gHM": 0.44179949164390564, "DistWater_m": 595.2727427579206, "LST_C": 30.89688000000001, "NightLights": 1.5631250143051147, "BuiltUp_Pct": 100.0, "hard_filter_pass": true}}, {"type": "Feature", "geometry": {"type": "Polygon", "coordinates": [[[77.959786439864, 16.45695574249802], [77.95978986582564, 16.457181439882632], [77.9600110877032, 16.457178312816794], [77.96001239798815, 16.456952548523287], [77.959786439864, 16.45695574249802]]]}, "properties": {"name": "grid_00699", "display_name": "SFV-T0700", "role": "candidate_grid_cell", "area_ha": 0.05975, "named_subarea": null, "gee_matched": true, "NDVI_raw": 0.3244408847107909, "TreeCover_Pct": 100.0, "Elev_m": 357.6696405187579, "ElevStd_m": 1.9351162418170444, "TRI_m": 0.19819878319802983, "Slope_deg": 0.05246032401919365, "NatCoverPct_2km": 11.606320848042689, "EdgeDensity_2km": 1.2113555324861085, "NatCoverPct_500m": 10.317920109406845, "EdgeDensity_500m": 2.713264515604886, "gHM": 0.44179949164390564, "DistWater_m": 517.2384439571916, "LST_C": 30.89688000000001, "NightLights": 1.5631250143051147, "BuiltUp_Pct": 100.0, "hard_filter_pass": true}}, {"type": "Feature", "geometry": {"type": "Polygon", "coordinates": [[[77.95978986582564, 16.457181439882632], [77.95979329184088, 16.4574071372617], [77.96000977746091, 16.457404077106574], [77.9600110877032, 16.457178312816794], [77.95978986582564, 16.457181439882632]]]}, "properties": {"name": "grid_00700", "display_name": "SFV-T0701", "role": "candidate_grid_cell", "area_ha": 0.05848, "named_subarea": null, "gee_matched": true, "NDVI_raw": 0.31426069456346495, "TreeCover_Pct": 100.0, "Elev_m": 357.35442495528764, "ElevStd_m": 1.9312434780432026, "TRI_m": 0.2045306839021589, "Slope_deg": 0.05246032401919365, "NatCoverPct_2km": 11.418865162291338, "EdgeDensity_2km": 1.1691639346962874, "NatCoverPct_500m": 12.380058436603248, "EdgeDensity_500m": 3.056412309793305, "gHM": 0.44179949164390564, "DistWater_m": 445.47241888292854, "LST_C": 30.89688000000001, "NightLights": 1.5631250143051147, "BuiltUp_Pct": 100.0, "hard_filter_pass": true}}, {"type": "Feature", "geometry": {"type": "Polygon", "coordinates": [[[77.95979329184088, 16.4574071372617], [77.95979671790973, 16.45763283463522], [77.96000791491723, 16.457629849200746], [77.9600085, 16.4576242], [77.96000977746091, 16.457404077106574], [77.95979329184088, 16.4574071372617]]]}, "properties": {"name": "grid_00701", "display_name": "SFV-T0702", "role": "candidate_grid_cell", "area_ha": 0.05721, "named_subarea": null, "gee_matched": true, "NDVI_raw": 0.2493660625220131, "TreeCover_Pct": 0.0, "Elev_m": 357.8323331265836, "ElevStd_m": 1.897970847708552, "TRI_m": 0.2046368191519464, "Slope_deg": 0.05246032401919365, "NatCoverPct_2km": 11.233882779785164, "EdgeDensity_2km": 1.1498780991108106, "NatCoverPct_500m": 14.524128459444169, "EdgeDensity_500m": 3.1875970191838054, "gHM": 0.44179949164390564, "DistWater_m": 367.9032532091895, "LST_C": 30.89688000000001, "NightLights": 1.5631250143051147, "BuiltUp_Pct": 100.0, "hard_filter_pass": true}}, {"type": "Feature", "geometry": {"type": "Polygon", "coordinates": [[[77.95979671790973, 16.45763283463522], [77.9598001440322, 16.457858532003186], [77.95998450034038, 16.457855925960043], [77.96000791491723, 16.457629849200746], [77.95979671790973, 16.45763283463522]]]}, "properties": {"name": "grid_00702", "display_name": "SFV-T0703", "role": "candidate_grid_cell", "area_ha": 0.05285, "named_subarea": null, "gee_matched": true, "NDVI_raw": 0.2566567291244328, "TreeCover_Pct": 0.0, "Elev_m": 357.4167032584869, "ElevStd_m": 1.8345894255788693, "TRI_m": 0.20357843433154987, "Slope_deg": 0.05246032401919365, "NatCoverPct_2km": 11.059372731872168, "EdgeDensity_2km": 1.1395016158531879, "NatCoverPct_500m": 16.735222860016734, "EdgeDensity_500m": 3.3300610767497303, "gHM": 0.44179949164390564, "DistWater_m": 296.83261098273937, "LST_C": 30.89688000000001, "NightLights": 1.5631250143051147, "BuiltUp_Pct": 100.0, "hard_filter_pass": true}}, {"type": "Feature", "geometry": {"type": "Polygon", "coordinates": [[[77.9598001440322, 16.457858532003186], [77.95980357020828, 16.45808422936561], [77.95992499873347, 16.458082512858972], [77.95997600000001, 16.457938], [77.95998450034038, 16.457855925960043], [77.9598001440322, 16.457858532003186]]]}, "properties": {"name": "grid_00703", "display_name": "SFV-T0704", "role": "candidate_grid_cell", "area_ha": 0.04261, "named_subarea": null, "gee_matched": true, "NDVI_raw": 0.2592699846677613, "TreeCover_Pct": 0.0, "Elev_m": 356.774189999229, "ElevStd_m": 1.7520031325533756, "TRI_m": 0.20508709379168472, "Slope_deg": 0.05246032401919365, "NatCoverPct_2km": 10.90267265795269, "EdgeDensity_2km": 1.1264980297068026, "NatCoverPct_500m": 18.936197169885215, "EdgeDensity_500m": 3.507999895546307, "gHM": 0.43924181163311005, "DistWater_m": 221.5830114210427, "LST_C": 30.89688000000001, "NightLights": 1.5631250143051147, "BuiltUp_Pct": 100.0, "hard_filter_pass": true}}]}