{"type": "FeatureCollection", "features": [{"type": "Feature", "geometry": {"type": "MultiPolygon", "coordinates": [[[[84.2233029320001, 19.702849612], [84.2233457740001, 19.7028784280001], [84.2233318010001, 19.702931687], [84.2232541800001, 19.702902567], [84.22320575, 19.7029219620001], [84.2231059470001, 19.703018823], [84.2230476660001, 19.703002757], [84.2231247240001, 19.7028928980001], [84.2231743500001, 19.702863999], [84.223230658, 19.702713788], [84.223174532, 19.702659759], [84.223151972, 19.702688123], [84.2231625790001, 19.702709961], [84.223145317, 19.702729709], [84.2231149, 19.70272621], [84.223062639, 19.7027757770001], [84.2230804930001, 19.702803455], [84.223040595, 19.702861231], [84.222992941, 19.702841376], [84.2229780110001, 19.702807093], [84.223009958, 19.702781761], [84.2230601160001, 19.702772195], [84.2231077100001, 19.702728542], [84.223097705, 19.7027180690001], [84.2231078660001, 19.7026961400001], [84.2231494750001, 19.702685839], [84.2231753820001, 19.702653013], [84.222994435, 19.702543055], [84.2229285980001, 19.702558948], [84.2228914600001, 19.7025303410001], [84.2228256240001, 19.7024524660001], [84.22267901, 19.702427277], [84.2226438340001, 19.703014291], [84.2228167920001, 19.702992877], [84.222869325, 19.7031034830001], [84.2228410370001, 19.703180993], [84.2227485560001, 19.703359902], [84.222694591, 19.703402726], [84.2225391250001, 19.703442856], [84.222631101, 19.7037485760001], [84.2228507180001, 19.703711465], [84.2229689740001, 19.703875812], [84.2232974610001, 19.703812194], [84.2232974390001, 19.7037519040001], [84.223216005, 19.703688969], [84.2231807570001, 19.7037118550001], [84.223129709, 19.703678671], [84.223139432, 19.7036637950001], [84.2230956770001, 19.7036420540001], [84.22314694, 19.7035765540001], [84.223092722, 19.703445307], [84.2231082100001, 19.7034284600001], [84.223137734, 19.7034599300001], [84.22311154, 19.703481342], [84.2231528950001, 19.7035822500001], [84.2232147890001, 19.703599716], [84.223236667, 19.703650064], [84.2232208670001, 19.7036901130001], [84.2232901470001, 19.7037427500001], [84.2234007000001, 19.703550653], [84.2234626430001, 19.7035082410001], [84.2234776590001, 19.703435787], [84.2236015460001, 19.7032908790001], [84.2236595530001, 19.703177178], [84.2235835880001, 19.703097714], [84.223592028, 19.7030405], [84.223667993, 19.703010303], [84.2236612400001, 19.702921303], [84.2235835870001, 19.702881572], [84.2235582650001, 19.7027735], [84.2234519130001, 19.7026972150001], [84.223389453, 19.702744894], [84.2233118, 19.702705162], [84.223233286, 19.7027207840001], [84.223178192, 19.7028652000001], [84.2232244740001, 19.7028868630001], [84.2233029320001, 19.702849612]]], [[[84.1935680820001, 19.704200929], [84.1932172750001, 19.7044358420001], [84.193220001, 19.704885915], [84.1933501520001, 19.7048240610001], [84.1935800210001, 19.704817684], [84.1940978100001, 19.7051633470001], [84.1944369760001, 19.704880024], [84.1945564600001, 19.7045213420001], [84.1944321380001, 19.704377418], [84.1938289400001, 19.704661088], [84.1936513110001, 19.704633589], [84.1937833430001, 19.7044153780001], [84.1935680820001, 19.704200929]]], [[[84.2210942290001, 19.705440089], [84.2211391920001, 19.7052778680001], [84.2211753080001, 19.705241406], [84.2211435, 19.7050917880001], [84.221168268, 19.70502214], [84.2212004250001, 19.7048199490001], [84.2211028030001, 19.7047366950001], [84.221129218, 19.704666414], [84.2210304480001, 19.704589647], [84.2208799960001, 19.7045528850001], [84.2208283140001, 19.704500986], [84.2207490690001, 19.704465305], [84.220708872, 19.704520448], [84.2206744170001, 19.7045258540001], [84.2206365170001, 19.704506392], [84.220466081, 19.7046271720001], [84.220405821, 19.70474677], [84.220739698, 19.7051101610001], [84.2205644100001, 19.70550574], [84.220639755, 19.7055200770001], [84.2206445640001, 19.705482347], [84.2206966640001, 19.7054257520001], [84.220900256, 19.7054061320001], [84.220974799, 19.7054521630001], [84.2210942290001, 19.705440089]]], [[[84.2223879300001, 19.7049964290001], [84.2223672480001, 19.705021576], [84.2223473010001, 19.705031025], [84.222331335, 19.705016331], [84.2223376250001, 19.704995383], [84.2223856470001, 19.704994336], [84.222400485, 19.704960752], [84.2223070810001, 19.7048654910001], [84.222081356, 19.7049695470001], [84.2220393250001, 19.704944632], [84.222011304, 19.704992996], [84.2218597310001, 19.7050484660001], [84.2217258530001, 19.705095364], [84.2215701800001, 19.7050807090001], [84.2215732940001, 19.7051701080001], [84.2214721060001, 19.705280025], [84.2216678350001, 19.705384184], [84.22182503, 19.705273618], [84.221814189, 19.705252355], [84.2218792340001, 19.7052208860001], [84.2219018200001, 19.7052506540001], [84.222078889, 19.7052208860001], [84.22209244, 19.705203876], [84.2221114120001, 19.705212381], [84.2221439350001, 19.70517836], [84.2221448380001, 19.705152845], [84.2221710370001, 19.7051400870001], [84.2221800720001, 19.70516135], [84.2221719410001, 19.705179211], [84.2221466450001, 19.7051809120001], [84.2221132190001, 19.705214932], [84.2221077980001, 19.7052361950001], [84.2220906330001, 19.705237046], [84.222077986, 19.7052242880001], [84.2218918820001, 19.705254907], [84.2218557460001, 19.705288927], [84.221826836, 19.7052753190001], [84.2216696420001, 19.7053858850001], [84.2219233020001, 19.7054592380001], [84.2219698220001, 19.7054987080001], [84.222011921, 19.705571471], [84.2220637010001, 19.705597111], [84.2221623080001, 19.705678881], [84.2222399980001, 19.705650986], [84.2221987, 19.7055916460001], [84.2221676440001, 19.705592424], [84.222157806, 19.705571461], [84.2221748970001, 19.705553653], [84.2221944770001, 19.7055582940001], [84.2222003240001, 19.7055893140001], [84.222239137, 19.7056454990001], [84.222283238, 19.7056259390001], [84.2224098280001, 19.705612929], [84.222657349, 19.7055367190001], [84.2227414120001, 19.705472233], [84.222540591, 19.705167396], [84.2225016730001, 19.705206967], [84.2224296210001, 19.7050985130001], [84.222418039, 19.7051303280001], [84.2223919200001, 19.705120772], [84.2224014720001, 19.705096396], [84.2224250190001, 19.70509428], [84.2223879300001, 19.7049964290001]]], [[[84.1966756410001, 19.7068153170001], [84.1966446150001, 19.7067622110001], [84.1966939740001, 19.7067263640001], [84.1967489740001, 19.706738312], [84.1968375640001, 19.706876213], [84.1974142390001, 19.7067200590001], [84.1972709250001, 19.7064885240001], [84.197125875, 19.706546297], [84.197148971, 19.7066048410001], [84.1970338040001, 19.7066829350001], [84.1969610100001, 19.706641028], [84.196928616, 19.7065077290001], [84.1969993210001, 19.7064544260001], [84.1971226510001, 19.7065439040001], [84.1972701320001, 19.706486786], [84.1973285610001, 19.7063231110001], [84.1972065900001, 19.7059127410001], [84.1971509040001, 19.7059572370001], [84.1971266400001, 19.7059184450001], [84.197190832, 19.7059036150001], [84.19716171, 19.7058511500001], [84.197073317, 19.705888787], [84.197053914, 19.705853432], [84.1971394030001, 19.705815151], [84.1969711360001, 19.705518356], [84.1965868680001, 19.70567407], [84.19664785, 19.705815343], [84.196837169, 19.705737442], [84.1968933800001, 19.7058012700001], [84.196763822, 19.705889196], [84.1966531890001, 19.7058451250001], [84.196585295, 19.705683316], [84.1964881200001, 19.7057281410001], [84.1964935030001, 19.705870282], [84.1964718720001, 19.705889196], [84.1964202080001, 19.7058419860001], [84.196405187, 19.7058655600001], [84.1963942030001, 19.7059621080001], [84.1963543140001, 19.706009335], [84.1962523170001, 19.705985965], [84.196305613, 19.705813779], [84.1962443530001, 19.7057950240001], [84.1962420580001, 19.705703382], [84.1962669440001, 19.705691028], [84.1963012750001, 19.70573124], [84.1963559970001, 19.705698747], [84.1963250580001, 19.705634117], [84.1963449080001, 19.705612678], [84.1964103970001, 19.7057389940001], [84.1965307880001, 19.705666373], [84.1964515980001, 19.705498709], [84.196466237, 19.705467061], [84.196601575, 19.70566022], [84.1969702710001, 19.7055133710001], [84.196647005, 19.7049668280001], [84.1956696870001, 19.705322106], [84.195701983, 19.705421766], [84.1957522220001, 19.7054437250001], [84.1957432510001, 19.705487643], [84.1956983950001, 19.7055028460001], [84.1957342790001, 19.7055754790001], [84.1958060490001, 19.705570412], [84.1958042540001, 19.7056210870001], [84.195737868, 19.7056447350001], [84.1957073660001, 19.7056193970001], [84.195728897, 19.705577169], [84.195682247, 19.7054825760001], [84.1955171770001, 19.7055568980001], [84.1956194480001, 19.70579338], [84.1956696870001, 19.70571399], [84.1957432500001, 19.70573426], [84.195877818, 19.7056717620001], [84.19589576, 19.7057376390001], [84.1956966000001, 19.705781556], [84.1957701630001, 19.705904865], [84.1957927220001, 19.705926198], [84.195808609, 19.70592506], [84.1958545740001, 19.7059535430001], [84.1958246040001, 19.705992426], [84.1957664670001, 19.7059581080001], [84.1958094070001, 19.7060938540001], [84.1958694840001, 19.7061226810001], [84.1959301080001, 19.706123801], [84.195936052, 19.7060991810001], [84.1959538830001, 19.706101419], [84.1960584890001, 19.706241306], [84.1961428880001, 19.706263688], [84.196138133, 19.7062334720001], [84.196185681, 19.706224519], [84.196160718, 19.7061998990001], [84.1961048490001, 19.7061730410001], [84.196098905, 19.706126039], [84.1961785490001, 19.706109253], [84.1961904360001, 19.706159612], [84.1961654730001, 19.7061998990001], [84.196223043, 19.70625562], [84.196253147, 19.7063198920001], [84.1962992790001, 19.706312611], [84.196303555, 19.706270794], [84.1963188140001, 19.70625562], [84.196358962, 19.7063037290001], [84.196399596, 19.706278802], [84.1964167580001, 19.7062908450001], [84.196449714, 19.7062771990001], [84.1964272980001, 19.70625562], [84.1964679700001, 19.7062128000001], [84.1965335740001, 19.7062675940001], [84.1965070040001, 19.706291649], [84.196426145, 19.7062924530001], [84.1964359070001, 19.7063174630001], [84.1963994930001, 19.706344255], [84.196335171, 19.7063255640001], [84.1963344710001, 19.706369583], [84.1963112990001, 19.7064107620001], [84.196239136, 19.7063630320001], [84.196249725, 19.706320702], [84.196221323, 19.706258012], [84.196199946, 19.70629726], [84.1961405100001, 19.7062659260001], [84.1961167360001, 19.706315166], [84.19607632, 19.7063386670001], [84.195934863, 19.7061271580001], [84.1958682950001, 19.706126039], [84.1958623520001, 19.7061663260001], [84.1958311540001, 19.706199955], [84.195755531, 19.706201128], [84.1957323540001, 19.70618355], [84.195750467, 19.706145], [84.1958044390001, 19.7060961720001], [84.1957651100001, 19.7059649610001], [84.1956481550001, 19.7059859440001], [84.195471109, 19.706056226], [84.1955679980001, 19.7062673720001], [84.1955303180001, 19.7062994660001], [84.195469314, 19.7065258120001], [84.195641918, 19.7069972080001], [84.1961834590001, 19.7069985360001], [84.1964091010001, 19.706908254], [84.1965360250001, 19.706942773], [84.196627692, 19.70693879], [84.1968194880001, 19.7068564740001], [84.196772949, 19.7067847810001], [84.1967292310001, 19.7068193000001], [84.1966756410001, 19.7068153170001]]], [[[84.2205607480001, 19.7056537440001], [84.2204238140001, 19.70575043], [84.2202083430001, 19.7057693880001], [84.2202002880001, 19.7056973470001], [84.2199103090001, 19.705854699], [84.220101614, 19.706362777], [84.220564777, 19.7065390870001], [84.2207097670001, 19.70645188], [84.2208507300001, 19.706516337], [84.221038009, 19.706495483], [84.2211326560001, 19.7065656280001], [84.2211668880001, 19.7063779420001], [84.22116286, 19.706239548], [84.221325973, 19.7060347990001], [84.2213360410001, 19.705953279], [84.2214065220001, 19.705862279], [84.2214532230001, 19.705801778], [84.2209005170001, 19.705409628], [84.220698413, 19.7054305120001], [84.220649327, 19.7054838670001], [84.2206470230001, 19.705527865], [84.2205598190001, 19.705513981], [84.220519623, 19.705578788], [84.2205607480001, 19.7056537440001]]], [[[84.235761924, 19.707096903], [84.235475421, 19.7066285700001], [84.2356827840001, 19.706432238], [84.235494078, 19.706247417], [84.2354173290001, 19.7059751940001], [84.2351336940001, 19.7060862860001], [84.234890847, 19.706428073], [84.234853855, 19.706546971], [84.2349136170001, 19.706584607], [84.2350066810001, 19.7064572840001], [84.235188345, 19.706563768], [84.2353068400001, 19.7066642030001], [84.2353081310001, 19.706747115], [84.235229716, 19.7068221270001], [84.235148463, 19.7067943800001], [84.2350824270001, 19.7068139630001], [84.235007888, 19.7068139630001], [84.2349812030001, 19.7068728020001], [84.2349222390001, 19.7068695300001], [84.235189248, 19.707130985], [84.2352360340001, 19.7074418940001], [84.235284075, 19.707380664], [84.235329381, 19.707342119], [84.235363089, 19.707372094], [84.2354625850001, 19.7072865220001], [84.2354605410001, 19.70720543], [84.2355010580001, 19.707203298], [84.2355347600001, 19.7072416830001], [84.235761924, 19.707096903]]], [[[84.197592441, 19.7062416650001], [84.1973299190001, 19.706335982], [84.197274345, 19.7064858480001], [84.1974248390001, 19.706721391], [84.19732888, 19.70676264], [84.1974273500001, 19.7070663590001], [84.197570349, 19.707023973], [84.1976215240001, 19.7071968700001], [84.1979303050001, 19.707110089], [84.197886731, 19.706571447], [84.1978151380001, 19.7065880530001], [84.1977373970001, 19.7065477470001], [84.197695342, 19.7064835620001], [84.1976876480001, 19.706409525], [84.197592441, 19.7062416650001]]], [[[84.196837305, 19.7078735060001], [84.196657493, 19.707735966], [84.196592561, 19.707513787], [84.1962479210001, 19.7076736610001], [84.196413997, 19.707947565], [84.196448961, 19.7079604960001], [84.1964964110001, 19.7079299320001], [84.1965438620001, 19.707927581], [84.1965438620001, 19.707902894], [84.196596307, 19.7078629260001], [84.1966425080001, 19.7079064210001], [84.1966075450001, 19.7079463900001], [84.196646254, 19.7080216250001], [84.196621281, 19.7080404340001], [84.196576328, 19.7080251520001], [84.196597555, 19.708002816], [84.1965863170001, 19.7079581450001], [84.1964826750001, 19.7080169230001], [84.196528877, 19.7081368290001], [84.1965725810001, 19.7081673930001], [84.196592561, 19.708101562], [84.196646254, 19.708103914], [84.1966512490001, 19.70817092], [84.196593809, 19.7081967820001], [84.1967161810001, 19.7082802460001], [84.196812331, 19.7082990550001], [84.1968660250001, 19.70826614], [84.1968947450001, 19.708306108], [84.196944693, 19.708276719], [84.1969147240001, 19.708253208], [84.1969222160001, 19.7082038350001], [84.1969421950001, 19.708169744], [84.1971307490001, 19.708147409], [84.197199427, 19.708089806], [84.197364254, 19.707849993], [84.1973380310001, 19.707759476], [84.1971981770001, 19.7076548520001], [84.196928459, 19.70784059], [84.196837305, 19.7078735060001]]], [[[84.1980875030001, 19.708432499], [84.198142734, 19.708374264], [84.1981758730001, 19.708405461], [84.1982421500001, 19.708374264], [84.1982918580001, 19.70842314], [84.198331625, 19.708460577], [84.1983625550001, 19.7084990540001], [84.198351508, 19.708537531], [84.1982587200001, 19.708533371], [84.19819907, 19.708509453], [84.1981659310001, 19.7085364910001], [84.1981162230001, 19.708539611], [84.1980830840001, 19.708436659], [84.1980068650001, 19.7083888230001], [84.1979460160001, 19.7084426340001], [84.1978756400001, 19.708381902], [84.1975061640001, 19.7084702390001], [84.1975782690001, 19.7087423940001], [84.1977174530001, 19.7086851990001], [84.197724081, 19.7086404820001], [84.1977682660001, 19.708652961], [84.197852217, 19.7087319950001], [84.197757219, 19.7087819110001], [84.1977218710001, 19.7087423940001], [84.1977207670001, 19.708688319], [84.197583792, 19.708743434], [84.1977055630001, 19.7089947490001], [84.1986883430001, 19.7086147520001], [84.19885458, 19.708199614], [84.1988240040001, 19.7077492], [84.1974870510001, 19.7075919760001], [84.197475228, 19.7078439700001], [84.1973153580001, 19.708298627], [84.1982139980001, 19.708176058], [84.198375006, 19.708062811], [84.1984527340001, 19.7081359850001], [84.1982935770001, 19.708217872], [84.1979902960001, 19.708317068], [84.1980875030001, 19.708432499]]], [[[84.23348271, 19.708062231], [84.233552821, 19.708004084], [84.2334309610001, 19.707895648], [84.233105445, 19.7081486650001], [84.2330002780001, 19.708352964], [84.233128815, 19.708436255], [84.233013633, 19.708582408], [84.233295748, 19.708742704], [84.2334059230001, 19.708777277], [84.2334793730001, 19.7087018440001], [84.233642967, 19.708725416], [84.233866655, 19.708428396], [84.2335594990001, 19.7081408070001], [84.23348271, 19.708062231]], [[84.233140501, 19.7081958110001], [84.233217289, 19.708170667], [84.2332990850001, 19.708238243], [84.233275715, 19.7083388200001], [84.2331538550001, 19.7083073900001], [84.233140501, 19.7082036690001], [84.233105445, 19.7081486650001], [84.233140501, 19.7081958110001]]], [[[84.1965254, 19.708337129], [84.1964332960001, 19.7083849040001], [84.1964897920001, 19.70841412], [84.196510711, 19.7085138300001], [84.196567353, 19.7085191520001], [84.196581355, 19.7085843950001], [84.1966209930001, 19.708605715], [84.1966848820001, 19.708541779], [84.1967458770001, 19.708468607], [84.1967727740001, 19.7084739250001], [84.196762806, 19.7085364550001], [84.1967783810001, 19.708547105], [84.1968435590001, 19.70851516], [84.1968676380001, 19.708527137], [84.1968633860001, 19.708615045], [84.1970317550001, 19.7084748250001], [84.1969780140001, 19.7084017930001], [84.1969231470001, 19.708415605], [84.196897774, 19.708396775], [84.1968993260001, 19.708325524], [84.1968649400001, 19.7082683730001], [84.196811106, 19.7083028490001], [84.1968147100001, 19.7083350830001], [84.196778668, 19.7083639250001], [84.1967191990001, 19.7083435660001], [84.1967228030001, 19.7082943670001], [84.1966218850001, 19.7082248090001], [84.1965254, 19.708337129]]], [[[84.197130724, 19.708562624], [84.1971744410001, 19.7086517560001], [84.1969387680001, 19.7088078840001], [84.1969887590001, 19.708904998], [84.197245857, 19.7087757620001], [84.1972918810001, 19.7088452360001], [84.197420429, 19.708783979], [84.197508509, 19.7087301930001], [84.197397343, 19.7085521660001], [84.197433844, 19.7085058500001], [84.1973084700001, 19.708464017], [84.197130724, 19.708562624]]], [[[84.1966399030001, 19.7093522860001], [84.1966248830001, 19.7093071910001], [84.1965630080001, 19.7093258100001], [84.196572437, 19.709355482], [84.196510129, 19.70936914], [84.1964784420001, 19.7093178060001], [84.1965306110001, 19.709290518], [84.1965637310001, 19.709322248], [84.196621237, 19.7093054280001], [84.196656832, 19.70926403], [84.196631273, 19.7092193070001], [84.19669981, 19.7091895930001], [84.196528463, 19.7089413890001], [84.1962947120001, 19.709052405], [84.196350604, 19.7090977500001], [84.196369443, 19.7090741430001], [84.1964054760001, 19.7090757620001], [84.1964443530001, 19.7090206170001], [84.1964912930001, 19.7090556100001], [84.1964607740001, 19.7090944780001], [84.1964670450001, 19.7091150140001], [84.19646269, 19.7091550210001], [84.1964279530001, 19.709182975], [84.196386895, 19.7091642980001], [84.196371125, 19.709179567], [84.1963004740001, 19.709120801], [84.1962595700001, 19.70915839], [84.196293127, 19.709232145], [84.196246403, 19.709281579], [84.196303458, 19.7093867630001], [84.1963668920001, 19.7094379370001], [84.1964286640001, 19.7094562250001], [84.196541385, 19.70946494], [84.1965870940001, 19.7094321930001], [84.196626549, 19.7094727150001], [84.19670906, 19.7094504340001], [84.196639308, 19.7093830090001], [84.1966399030001, 19.7093522860001]]], [[[84.202469717, 19.7094809290001], [84.202553831, 19.7094486030001], [84.202610473, 19.7093944600001], [84.2026748420001, 19.70937345], [84.202689379, 19.7091157130001], [84.202406174, 19.7091044040001], [84.2023212120001, 19.709038972], [84.2021512970001, 19.7090195850001], [84.2020937680001, 19.70936133], [84.202155566, 19.7093621380001], [84.20228002, 19.709354058], [84.2022911780001, 19.7094380980001], [84.2023366710001, 19.709453452], [84.202344397, 19.7094938590001], [84.202402766, 19.7094946670001], [84.202469717, 19.7094809290001]]], [[[84.199865473, 19.709372386], [84.199922831, 19.7093315870001], [84.1998272340001, 19.7092343910001], [84.199485205, 19.709260677], [84.199410002, 19.709662662], [84.19964071, 19.7096266630001], [84.199678949, 19.709823456], [84.199806413, 19.709878654], [84.2000205510001, 19.709780257], [84.2000970290001, 19.7096998600001], [84.200100853, 19.7096170630001], [84.199865473, 19.709372386]]], [[[84.1956044250001, 19.709469912], [84.1955531230001, 19.7095337810001], [84.1956383610001, 19.70963146], [84.1956468060001, 19.7096132780001], [84.195689196, 19.7096186100001], [84.1957162020001, 19.7096803220001], [84.195752972, 19.709671557], [84.1957827940001, 19.7096026520001], [84.1958530050001, 19.7096389920001], [84.1958712750001, 19.709703495], [84.1958124600001, 19.7097235480001], [84.1958398780001, 19.709792855], [84.1957935780001, 19.7098324140001], [84.195754358, 19.7097928540001], [84.195619342, 19.7098032590001], [84.195570575, 19.709789395], [84.195646557, 19.709646547], [84.1955553270001, 19.7095378930001], [84.1955075450001, 19.7095660460001], [84.195240416, 19.709386878], [84.1951844070001, 19.7094230270001], [84.195134893, 19.7093922870001], [84.1950054170001, 19.7095051370001], [84.1952089930001, 19.70988943], [84.1953308240001, 19.710394256], [84.1955576400001, 19.7104081860001], [84.196076207, 19.7104174560001], [84.196227439, 19.7105634700001], [84.1964344560001, 19.710430451], [84.196309608, 19.7102668320001], [84.1963817660001, 19.710223292], [84.196309881, 19.710140519], [84.1962534790001, 19.7101566440001], [84.1961827640001, 19.710079905], [84.1962026320001, 19.7100197660001], [84.1962640550001, 19.7100039260001], [84.1963108940001, 19.710033874], [84.196325663, 19.710079905], [84.1964910180001, 19.710030981], [84.1963122670001, 19.709589732], [84.1962501990001, 19.7096059630001], [84.1962789350001, 19.7096752160001], [84.1961823840001, 19.709710924], [84.1961191660001, 19.7095918970001], [84.1961835330001, 19.7095323830001], [84.1962501990001, 19.7096016350001], [84.196311118, 19.709589732], [84.1962501990001, 19.709451227], [84.1961111700001, 19.7094917160001], [84.196092154, 19.7094569670001], [84.1962618330001, 19.7093959530001], [84.1961154910001, 19.70921895], [84.196077287, 19.7092591700001], [84.196025429, 19.7092401370001], [84.1960028920001, 19.7092782460001], [84.196054044, 19.709327], [84.1960333550001, 19.70936726], [84.195942889, 19.709358491], [84.1959407210001, 19.709281719], [84.195997343, 19.7092765100001], [84.1960182340001, 19.709243594], [84.195982443, 19.7092090850001], [84.1960364590001, 19.7091353700001], [84.195749892, 19.7088104260001], [84.195624723, 19.7089098380001], [84.1955790910001, 19.708906304], [84.1953266850001, 19.7092494230001], [84.1953657980001, 19.7092812280001], [84.1954632270001, 19.7092531700001], [84.1956202520001, 19.709397703], [84.1956044250001, 19.709469912]]], [[[84.19924123, 19.709548817], [84.199211387, 19.709555811], [84.199226976, 19.709486525], [84.199202482, 19.7094660170001], [84.1991187250001, 19.7094968270001], [84.1990883880001, 19.709544163], [84.1990819430001, 19.709600445], [84.1990518440001, 19.7096229850001], [84.199005377, 19.709516373], [84.1990812500001, 19.709462612], [84.1991138860001, 19.709493389], [84.1991976580001, 19.709463746], [84.199184712, 19.7094276240001], [84.1992459190001, 19.7093620470001], [84.19923921, 19.7092794760001], [84.1986550620001, 19.709303682], [84.1985502590001, 19.709312988], [84.198607194, 19.709439622], [84.198779711, 19.7096065870001], [84.1985392190001, 19.7097588240001], [84.1987220140001, 19.7102037340001], [84.1990259180001, 19.710090855], [84.1992653240001, 19.710100454], [84.1992447280001, 19.710022897], [84.1991104430001, 19.710050817], [84.199101381, 19.7099360330001], [84.1991714070001, 19.7099150930001], [84.1991920030001, 19.7098507210001], [84.1992233080001, 19.7098476190001], [84.1992463760001, 19.7098770900001], [84.1992414330001, 19.709914317], [84.1992167180001, 19.709935258], [84.1992290750001, 19.7099608520001], [84.199440801, 19.7098879480001], [84.1994696350001, 19.7099150930001], [84.199242257, 19.710005059], [84.199269443, 19.7101020050001], [84.1993291000001, 19.7101256500001], [84.199427787, 19.7100914120001], [84.1994776980001, 19.710139854], [84.199617066, 19.7101114660001], [84.1996757270001, 19.710080813], [84.1997604630001, 19.7100655250001], [84.1996717370001, 19.7098427390001], [84.199638242, 19.709632132], [84.1994099120001, 19.709668009], [84.199396891, 19.709705161], [84.199413022, 19.7097628870001], [84.199367157, 19.709803864], [84.199323356, 19.709775388], [84.199337708, 19.7097096750001], [84.199390844, 19.709704033], [84.1994039, 19.709670256], [84.1994730220001, 19.7092575560001], [84.199241435, 19.7092773310001], [84.199250641, 19.709363147], [84.1992933110001, 19.709375278], [84.1992992350001, 19.7094265010001], [84.1992624660001, 19.7094512850001], [84.1992907100001, 19.7094728390001], [84.1993010130001, 19.709515219], [84.19924123, 19.709548817]]], [[[84.1932575320001, 19.710253363], [84.1933213020001, 19.7102208850001], [84.193293076, 19.7101834870001], [84.193320257, 19.710125421], [84.193384027, 19.710055545], [84.1933474370001, 19.71002602], [84.1933192110001, 19.7099148090001], [84.193142536, 19.709846902], [84.192979451, 19.7099531920001], [84.1929167260001, 19.7100703080001], [84.192731688, 19.710153962], [84.1926417820001, 19.710184471], [84.1926720980001, 19.7103183180001], [84.1927672310001, 19.7103104440001], [84.192882227, 19.7103212700001], [84.192907317, 19.71034489], [84.1929993140001, 19.710346859], [84.1930317220001, 19.7103813040001], [84.193305621, 19.710346858], [84.19332862, 19.710284856], [84.1932575320001, 19.710253363]]], [[[84.2169685150001, 19.7104486650001], [84.217026559, 19.710441614], [84.2170321770001, 19.7104186990001], [84.216981622, 19.7104204610001], [84.2167887630001, 19.7104451390001], [84.2166539500001, 19.710427511], [84.2166277360001, 19.7105632390001], [84.2166913980001, 19.710610833], [84.216680163, 19.7106549000001], [84.2167644210001, 19.7108946280001], [84.2168580420001, 19.7108717130001], [84.216894745, 19.7108719980001], [84.216902008, 19.7108232200001], [84.2169150300001, 19.710772127], [84.2168912640001, 19.710751551], [84.2168535330001, 19.7108065960001], [84.2167902260001, 19.7107693790001], [84.216816463, 19.710721515], [84.2169218320001, 19.7106848810001], [84.2169511290001, 19.7105990360001], [84.2169327560001, 19.7105487160001], [84.216975189, 19.710538183], [84.217003569, 19.710591059], [84.217096069, 19.710531611], [84.2171002800001, 19.710531611], [84.2171082120001, 19.710575141], [84.2170292980001, 19.710649839], [84.2169776260001, 19.710613693], [84.216962933, 19.710693], [84.2169682540001, 19.710768006], [84.2169486000001, 19.7108065960001], [84.2170131170001, 19.710821832], [84.217027833, 19.7108846130001], [84.217116435, 19.710885815], [84.2173389310001, 19.7110321960001], [84.2175077090001, 19.710990909], [84.2175295700001, 19.7110060420001], [84.217609386, 19.7109469260001], [84.2176032580001, 19.710860503], [84.2175304840001, 19.7107920720001], [84.2174840860001, 19.7108030110001], [84.217459321, 19.7107333330001], [84.217509942, 19.710686961], [84.2175389440001, 19.7107005930001], [84.2175348320001, 19.710790704], [84.217604695, 19.710856393], [84.217626372, 19.710830376], [84.2177238960001, 19.71088243], [84.2179587510001, 19.7108317440001], [84.2179159550001, 19.710720119], [84.2179346790001, 19.7105914420001], [84.2178635270001, 19.7105315100001], [84.217852292, 19.710390494], [84.217826078, 19.710341138], [84.2178017360001, 19.710341138], [84.217777395, 19.710404596], [84.2177436920001, 19.710341139], [84.21783544, 19.710304122], [84.2177024980001, 19.7101084620001], [84.2177343290001, 19.7100502920001], [84.21756394, 19.70985992], [84.217494661, 19.7100309040001], [84.2173448680001, 19.710223039], [84.2171932040001, 19.710339377], [84.2170883490001, 19.7103904950001], [84.2171070730001, 19.710494495], [84.2170284320001, 19.710515647], [84.21695728, 19.7104786300001], [84.2169685150001, 19.7104486650001]]], [[[84.214994797, 19.7108471770001], [84.215272095, 19.7105697310001], [84.2151260780001, 19.71052307], [84.215083211, 19.7105621650001], [84.2151260780001, 19.710594954], [84.2151220590001, 19.7106290040001], [84.215059098, 19.710627743], [84.214993457, 19.7105016310001], [84.2147054430001, 19.7105192870001], [84.214525936, 19.7102178800001], [84.2141026200001, 19.710405785], [84.2141508460001, 19.7106050410001], [84.214219165, 19.7107702480001], [84.2141749580001, 19.71084087], [84.214253995, 19.7109203210001], [84.2143062390001, 19.7109341930001], [84.2143330310001, 19.710961938], [84.2145245950001, 19.71097581], [84.214650518, 19.710995988], [84.214785819, 19.710915277], [84.2149546090001, 19.711002294], [84.2150363250001, 19.710892577], [84.214994797, 19.7108471770001]]], [[[84.1936085790001, 19.7105338050001], [84.1934954530001, 19.7103065050001], [84.193376755, 19.710331626], [84.1933857880001, 19.7103528640001], [84.193320713, 19.7103808570001], [84.193296192, 19.7103661780001], [84.1930290710001, 19.710402274], [84.1930347000001, 19.7104170440001], [84.1929958420001, 19.710433199], [84.1929160060001, 19.7104009340001], [84.192755855, 19.7105392930001], [84.1927623760001, 19.7105948970001], [84.192476389, 19.710934438], [84.1927213720001, 19.7110294240001], [84.193203537, 19.7111016810001], [84.1933935580001, 19.7110999170001], [84.1933894490001, 19.710964318], [84.1934973260001, 19.71096256], [84.1935161060001, 19.711004777], [84.1936903810001, 19.7109010660001], [84.1937016530001, 19.7107815460001], [84.1936203700001, 19.7107459310001], [84.1936079650001, 19.710695011], [84.1936455210001, 19.7106487080001], [84.1936176130001, 19.710542038], [84.1935786650001, 19.7105461580001], [84.193545843, 19.710721832], [84.193497999, 19.710743091], [84.193379415, 19.71064312], [84.19338343, 19.7105626690001], [84.1936085790001, 19.7105338050001]]], [[[84.2104286300001, 19.7106792230001], [84.210459406, 19.710631418], [84.2104193980001, 19.7105966510001], [84.210394777, 19.710615483], [84.2103424580001, 19.710609688], [84.2102732120001, 19.7105401540001], [84.2101962720001, 19.7107110920001], [84.2103270690001, 19.710896518], [84.2103316860001, 19.7109515660001], [84.2103747720001, 19.7109935760001], [84.2104963370001, 19.7109428740001], [84.2105855870001, 19.7110254460001], [84.2106148240001, 19.711097878], [84.2106625270001, 19.711145683], [84.2108471830001, 19.71087334], [84.210893346, 19.7107444110001], [84.2108702640001, 19.7106922610001], [84.2109102730001, 19.710698055], [84.2109272000001, 19.710686466], [84.2109364330001, 19.710634315], [84.2109610530001, 19.7106227260001], [84.211005678, 19.7106444560001], [84.2110579970001, 19.71058651], [84.211005678, 19.7105198730001], [84.21102876, 19.710438749], [84.210893346, 19.7103952910001], [84.2107887080001, 19.7103156160001], [84.210696381, 19.71031127], [84.210464023, 19.710444544], [84.2103932380001, 19.7104749650001], [84.21044248, 19.7105430510001], [84.210422475, 19.710592305], [84.2104671000001, 19.7106328670001], [84.2104947990001, 19.710595202], [84.2105486560001, 19.710637213], [84.2105532730001, 19.7107038500001], [84.2104932600001, 19.710737168], [84.2104286300001, 19.7106792230001]]], [[[84.2135367230001, 19.711146123], [84.213557542, 19.7113039550001], [84.213592829, 19.711334213], [84.2135768530001, 19.711390679], [84.2136011260001, 19.711417924], [84.2138704400001, 19.7112622970001], [84.2138538950001, 19.7111233840001], [84.2135367230001, 19.711146123]]], [[[84.2080577930001, 19.7112773640001], [84.2080524670001, 19.711248536], [84.2080751, 19.7112084290001], [84.2080471410001, 19.7111946420001], [84.2080338280001, 19.711212189], [84.2080072000001, 19.711192135], [84.208028502, 19.7111733350001], [84.2079339740001, 19.7111106670001], [84.207879388, 19.7110417320001], [84.207848766, 19.7110567720001], [84.2078248020001, 19.711016665], [84.2078474350001, 19.7109790640001], [84.2077422560001, 19.7108988480001], [84.20769699, 19.7109539960001], [84.2076943270001, 19.711017918], [84.2077808660001, 19.7111369880001], [84.2076943270001, 19.7112422700001], [84.2076157760001, 19.7112986710001], [84.2076517230001, 19.711355073], [84.207739594, 19.7115543570001], [84.2079100110001, 19.7118589250001], [84.2080524680001, 19.711605745], [84.2079566080001, 19.7115117430001], [84.208024509, 19.7114377940001], [84.2080910780001, 19.711490435], [84.2081456640001, 19.7114728880001], [84.208208239, 19.71140646], [84.2081123790001, 19.711317471], [84.2080577930001, 19.7112773640001]]], [[[84.2144213030001, 19.711207894], [84.2142363440001, 19.71118303], [84.214131857, 19.711320546], [84.2141755650001, 19.7113613700001], [84.214230237, 19.7113229240001], [84.2142518940001, 19.711324511], [84.2142815780001, 19.711277463], [84.214263234, 19.711232298], [84.2142871410001, 19.7112224900001], [84.2143184490001, 19.7112459640001], [84.214362619, 19.7112505420001], [84.214359072, 19.711289118], [84.214309358, 19.7112914580001], [84.2142998890001, 19.711345259], [84.2142551410001, 19.7113776150001], [84.214233139, 19.711421322], [84.2141763870001, 19.7114096830001], [84.2141737470001, 19.711363798], [84.214130083, 19.711322131], [84.2140908160001, 19.7113557160001], [84.2139223600001, 19.7112512090001], [84.2139016020001, 19.7113435640001], [84.2140331130001, 19.7114363430001], [84.2140199670001, 19.711476862], [84.213958856, 19.7115328460001], [84.2141933660001, 19.71175945], [84.214484149, 19.711772792], [84.2145388820001, 19.7116784670001], [84.2146290760001, 19.711509775], [84.2146062780001, 19.711395904], [84.214514272, 19.711334853], [84.2145107950001, 19.7113359420001], [84.214523361, 19.711283757], [84.2144213030001, 19.711207894]]], [[[84.213584612, 19.711843731], [84.2136242970001, 19.7119924130001], [84.213720105, 19.711952501], [84.2138464440001, 19.7117903980001], [84.2138862180001, 19.711736531], [84.2139149560001, 19.711736531], [84.2140200490001, 19.711595495], [84.213917419, 19.711494553], [84.2138259870001, 19.7115604100001], [84.2138493890001, 19.7116001950001], [84.2137964340001, 19.7116558490001], [84.2137447200001, 19.7116273340001], [84.2137327520001, 19.7115919720001], [84.213772293, 19.7115418240001], [84.213827204, 19.711556919], [84.21391436, 19.711491155], [84.2138679620001, 19.7112676470001], [84.2136071950001, 19.711419716], [84.2136342260001, 19.7114456470001], [84.213593126, 19.7114934430001], [84.2135509670001, 19.711449041], [84.2135224640001, 19.711536032], [84.2136441530001, 19.7117805510001], [84.213584612, 19.711843731]]], [[[84.2108024280001, 19.7117474940001], [84.2107640450001, 19.711673374], [84.210820143, 19.711653918], [84.210779792, 19.7115760930001], [84.2107532200001, 19.7115946230001], [84.210721726, 19.711598329], [84.2106951540001, 19.7115844310001], [84.210600674, 19.7116418740001], [84.210707948, 19.7117252580001], [84.210707948, 19.711799377], [84.2107030270001, 19.711852187], [84.2107355050001, 19.7118762760001], [84.2107650290001, 19.711839216], [84.210850652, 19.7118762760001], [84.210971704, 19.7118410690001], [84.2109037960001, 19.711696537], [84.210858525, 19.711668742], [84.2108378570001, 19.711678007], [84.210862461, 19.711733596], [84.2108024280001, 19.7117474940001]]], [[[84.2148389180001, 19.7120447360001], [84.2148176800001, 19.7119979240001], [84.2147681860001, 19.711962982], [84.2147280500001, 19.7119876090001], [84.2147081040001, 19.7119588940001], [84.2147382100001, 19.7119213240001], [84.2148102740001, 19.71194158], [84.2147108070001, 19.711834621], [84.2146234420001, 19.711816963], [84.2145826020001, 19.711835605], [84.2145964590001, 19.7118851710001], [84.2145518570001, 19.7119304230001], [84.2145138440001, 19.711887169], [84.2145542490001, 19.71182578], [84.2144835190001, 19.7118573220001], [84.2143998550001, 19.7118712160001], [84.214324123, 19.711947679], [84.2143008530001, 19.7119415780001], [84.2142639740001, 19.712001023], [84.2143660740001, 19.712081595], [84.214366704, 19.7121338790001], [84.2144129380001, 19.7121782460001], [84.2145585750001, 19.71237309], [84.214673362, 19.712292275], [84.214623406, 19.7122265020001], [84.2146628630001, 19.7121793370001], [84.2147273790001, 19.712195717], [84.2149048100001, 19.7120837160001], [84.2148389180001, 19.7120447360001]]], [[[84.210795191, 19.712333421], [84.210791962, 19.712321264], [84.210800034, 19.712262755], [84.2108742920001, 19.712277952], [84.2109009280001, 19.7122559160001], [84.2108863990001, 19.7122080460001], [84.2109106140001, 19.712176132], [84.2109154570001, 19.7121335800001], [84.2109429000001, 19.71213282], [84.2109469360001, 19.712188289], [84.210965501, 19.7122285620001], [84.210984065, 19.712265035], [84.2109687290001, 19.712279472], [84.210901735, 19.712258956], [84.2108759060001, 19.7122802320001], [84.210877521, 19.712333421], [84.2108218270001, 19.712366095], [84.2108016480001, 19.712362296], [84.2107733980001, 19.712397249], [84.2107483760001, 19.712385092], [84.210703175, 19.712418525], [84.2107338470001, 19.712460317], [84.2107390260001, 19.712505761], [84.2107722950001, 19.7125263140001], [84.2107972470001, 19.712496952], [84.2108066040001, 19.7124568250001], [84.2108377930001, 19.712474442], [84.210840912, 19.712496952], [84.21093448, 19.7125370800001], [84.2110394850001, 19.7124675910001], [84.2112276610001, 19.7123423140001], [84.2113368240001, 19.7121818030001], [84.2112869210001, 19.712120144], [84.2112723650001, 19.7120379310001], [84.2113087530001, 19.711975292], [84.2112287, 19.7119126540001], [84.211233898, 19.7118901440001], [84.2111611230001, 19.711837293], [84.2105581280001, 19.712327633], [84.2105955550001, 19.7123648250001], [84.2106870440001, 19.7123912500001], [84.2106999470001, 19.7124170050001], [84.210747569, 19.712382812], [84.2107629050001, 19.7123402600001], [84.2107822770001, 19.7123463390001], [84.210795191, 19.712333421]]], [[[84.2150604560001, 19.7122501110001], [84.2149464670001, 19.7123353920001], [84.2150225560001, 19.7124179370001], [84.2150392230001, 19.7123865570001], [84.2150587890001, 19.71239065], [84.2150979210001, 19.7124697840001], [84.2150885, 19.7124882030001], [84.21505734, 19.7124957070001], [84.2150080630001, 19.712465691], [84.215020382, 19.7124199840001], [84.214944293, 19.7123367570001], [84.2148638560001, 19.7124015650001], [84.2148638560001, 19.712448636], [84.2148160290001, 19.7125352740001], [84.2147309530001, 19.712524466], [84.214689041, 19.7126074340001], [84.214766221, 19.7127619510001], [84.2148484000001, 19.7127726000001], [84.2150395740001, 19.7127257330001], [84.2151128890001, 19.712695938], [84.215094138, 19.71265664], [84.2151119760001, 19.7126422750001], [84.215153866, 19.712662198], [84.2152875850001, 19.7125224220001], [84.2150604560001, 19.7122501110001]]], [[[84.2158674770001, 19.712400282], [84.2158356020001, 19.712444137], [84.215785339, 19.712392203], [84.2155340210001, 19.7126114810001], [84.2155516980001, 19.7126253480001], [84.215574872, 19.712678419], [84.215618373, 19.7127443850001], [84.215645292, 19.712714669], [84.215623463, 19.712682226], [84.2156616610001, 19.7126319590001], [84.2157188670001, 19.7126717630001], [84.2157092620001, 19.7127204110001], [84.2156483270001, 19.712715626], [84.2156213970001, 19.712746307], [84.2158539920001, 19.712926549], [84.2159790380001, 19.712879231], [84.216045238, 19.712778825], [84.21612615, 19.7127592050001], [84.2161948030001, 19.7125745490001], [84.2159667780001, 19.7124060520001], [84.215926322, 19.7124579860001], [84.2158674770001, 19.712400282]]], [[[84.215654268, 19.712802848], [84.2156171240001, 19.7128254740001], [84.2156046520001, 19.7128067080001], [84.215505476, 19.7128174800001], [84.2155159970001, 19.712845325], [84.2154959760001, 19.712871396], [84.2154291690001, 19.7128138890001], [84.215423446, 19.7128120940001], [84.215444437, 19.712748424], [84.215506427, 19.7128138890001], [84.2155970190001, 19.7128049130001], [84.2156216760001, 19.712753799], [84.215572331, 19.712679431], [84.2155482960001, 19.712628008], [84.215468544, 19.712582755], [84.2153866070001, 19.712467567], [84.2150632280001, 19.71274114], [84.2153177800001, 19.7130836200001], [84.215334167, 19.713139158], [84.2153483700001, 19.7131504710001], [84.215416105, 19.7132800590001], [84.2156499000001, 19.713233777], [84.2156815820001, 19.713176183], [84.215730744, 19.7131535560001], [84.2157493170001, 19.7130784780001], [84.2157984790001, 19.7129848870001], [84.2157766290001, 19.712917008], [84.215654268, 19.712802848]]], [[[84.2096947620001, 19.713480039], [84.2097644790001, 19.713402628], [84.2096581160001, 19.713268], [84.2094793540001, 19.713063533], [84.2091972000001, 19.7132196000001], [84.209160264, 19.7132562200001], [84.209160264, 19.713325216], [84.209414999, 19.7135742790001], [84.2096947620001, 19.713480039]]], [[[84.2112762780001, 19.7132395720001], [84.2112780250001, 19.71326507], [84.2112474450001, 19.713301261], [84.2112081270001, 19.7132872780001], [84.2111373550001, 19.713330049], [84.2111548300001, 19.713353903], [84.2111478400001, 19.7133810460001], [84.2111128910001, 19.713391738], [84.211066583, 19.7133407420001], [84.2110325080001, 19.713363773], [84.2110622150001, 19.7134353320001], [84.21104474, 19.7134665880001], [84.2112020110001, 19.7137314390001], [84.2113383130001, 19.713654122], [84.2114536440001, 19.713329227], [84.211493836, 19.713193511], [84.2114204430001, 19.7131499170001], [84.2113924830001, 19.71317048], [84.211423064, 19.7132042040001], [84.211397726, 19.713227234], [84.211345302, 19.7132124290001], [84.2112762780001, 19.7132395720001]]], [[[84.2080098040001, 19.713314881], [84.207948989, 19.7132417220001], [84.2077388590001, 19.713398135], [84.207567822, 19.7134096360001], [84.2075702650001, 19.7134119360001], [84.2073381450001, 19.7134912930001], [84.2072941640001, 19.713478642], [84.2071854330001, 19.713543047], [84.2072188770001, 19.713584902], [84.2070816470001, 19.713840299], [84.2071809970001, 19.713971551], [84.2072036970001, 19.7140815830001], [84.2071596710001, 19.714251146], [84.2072241970001, 19.714346096], [84.2076367720001, 19.7141564190001], [84.2079268430001, 19.7145127950001], [84.2079913090001, 19.714467083], [84.2079787110001, 19.714367828], [84.207933074, 19.7143523620001], [84.2079312480001, 19.7143283030001], [84.2079495030001, 19.7143042440001], [84.207936724, 19.714252689], [84.207936724, 19.71425097], [84.207986012, 19.714197697], [84.2080462540001, 19.714324866], [84.2080955430001, 19.7143231470001], [84.2084040510001, 19.7141031780001], [84.2082926950001, 19.7139811660001], [84.2082598360001, 19.713989758], [84.2082105470001, 19.7139278920001], [84.2082215, 19.7139021150001], [84.208186815, 19.713857434], [84.2083292030001, 19.7137079240001], [84.208048686, 19.7133579060001], [84.208017091, 19.7133848400001], [84.2080127310001, 19.7134048410001], [84.2079687630001, 19.7134036630001], [84.20795623, 19.7133579060001], [84.2080098040001, 19.713314881]]], [[[84.224193696, 19.7139912270001], [84.22403862, 19.7139529930001], [84.2238946210001, 19.7138765240001], [84.223844775, 19.7138765240001], [84.223807852, 19.7138348140001], [84.2232337010001, 19.7144500420001], [84.223372161, 19.714797629], [84.2237283000001, 19.7146337], [84.2242306190001, 19.7142154210001], [84.2241844650001, 19.714166759], [84.2239260060001, 19.714239752], [84.2239056980001, 19.7141528560001], [84.224090312, 19.714055531], [84.2241715420001, 19.7141163590001], [84.2242712340001, 19.714055531], [84.224193696, 19.7139912270001]]], [[[84.225792061, 19.7144051280001], [84.2258295560001, 19.714320549], [84.2257955150001, 19.7143012340001], [84.2257422930001, 19.71435045], [84.225693074, 19.7143170360001], [84.2257276620001, 19.7142679310001], [84.225774582, 19.714281944], [84.2258499490001, 19.7142312070001], [84.2258682400001, 19.7141371910001], [84.225367245, 19.71392696], [84.2251996080001, 19.7141285180001], [84.225236984, 19.714241692], [84.225194162, 19.714308256], [84.2251624250001, 19.71425743], [84.225108375, 19.714243439], [84.225025884, 19.7143398910001], [84.2250744280001, 19.71436278], [84.225077905, 19.714445826], [84.2250214800001, 19.714470653], [84.225152898, 19.7145507330001], [84.2252281780001, 19.7145239920001], [84.2253057760001, 19.714627654], [84.2252871050001, 19.7146833530001], [84.2252587520001, 19.7146905550001], [84.225192495, 19.714629447], [84.22512643, 19.714616897], [84.2251076470001, 19.7145757340001], [84.2251472470001, 19.7145525170001], [84.2249690730001, 19.7144440550001], [84.224763227, 19.714677954], [84.22511454, 19.714908227], [84.2251203650001, 19.714846235], [84.2251717130001, 19.7148262330001], [84.2252097400001, 19.7148407780001], [84.225232674, 19.714900921], [84.2254444230001, 19.7149319970001], [84.2258340330001, 19.71443874], [84.225792061, 19.7144051280001]]], [[[84.224623502, 19.7151408350001], [84.2245861550001, 19.7151674150001], [84.2245029060001, 19.7150807130001], [84.224611866, 19.7149924560001], [84.2246641710001, 19.71499958], [84.2247136140001, 19.7151336000001], [84.2247735550001, 19.7151239610001], [84.224979621, 19.7153113110001], [84.2252285800001, 19.7150519940001], [84.2249709530001, 19.714823541], [84.224945146, 19.714906999], [84.2248706110001, 19.714883081], [84.2249037990001, 19.714778531], [84.2247507760001, 19.7146797670001], [84.2249596720001, 19.714444015], [84.2248939930001, 19.714412103], [84.2248837010001, 19.714362168], [84.2249238000001, 19.7143079890001], [84.2250203280001, 19.71433504], [84.225352011, 19.7139334780001], [84.225129902, 19.7136156290001], [84.2250651520001, 19.7134907440001], [84.2242817870001, 19.7140698360001], [84.224293033, 19.714189262], [84.2242158070001, 19.7142554760001], [84.224267088, 19.7143117970001], [84.224246577, 19.71438965], [84.224130997, 19.714316496], [84.223981881, 19.7144490800001], [84.22401598, 19.714484925], [84.2239918340001, 19.7145570430001], [84.2239170940001, 19.7145401650001], [84.2238903150001, 19.714600589], [84.2239233400001, 19.7146809660001], [84.223822307, 19.714762052], [84.223903884, 19.7148862650001], [84.223969772, 19.7150209860001], [84.223908281, 19.7150831110001], [84.2242336130001, 19.715467163], [84.2244916390001, 19.715321648], [84.224406485, 19.715198119], [84.2244611240001, 19.7151400290001], [84.2245268680001, 19.715196237], [84.2245718770001, 19.7152872030001], [84.224653387, 19.7152283070001], [84.224672384, 19.7151887140001], [84.224623502, 19.7151408350001]]], [[[84.209714573, 19.715610197], [84.209788539, 19.7156017570001], [84.209828884, 19.7156123070001], [84.2099196600001, 19.715595427], [84.209944315, 19.7156080870001], [84.209957763, 19.715641846], [84.2101381940001, 19.7155511170001], [84.2102446600001, 19.715545842], [84.2103701780001, 19.7154487820001], [84.2103915810001, 19.715338178], [84.210364439, 19.7153296560001], [84.2103074060001, 19.7153568850001], [84.2102394250001, 19.7153514120001], [84.210216115, 19.7153234800001], [84.21023288, 19.715300471], [84.2102687810001, 19.715302761], [84.210309345, 19.715262656], [84.2103471870001, 19.715279213], [84.2103563360001, 19.715324251], [84.210391364, 19.7153343000001], [84.2104066540001, 19.715237313], [84.2103403990001, 19.7151080250001], [84.210238008, 19.7150903470001], [84.2101834870001, 19.7150538120001], [84.210057116, 19.715096669], [84.2100649650001, 19.715118836], [84.2100359230001, 19.7151683430001], [84.2099896130001, 19.7151875540001], [84.2099582160001, 19.715124008], [84.2100351380001, 19.7150774570001], [84.210055546, 19.715095191], [84.210181133, 19.715051596], [84.2101991860001, 19.715002828], [84.210138747, 19.714856524], [84.210157995, 19.714815022], [84.2102236750001, 19.7148216310001], [84.2102355200001, 19.714799643], [84.210137784, 19.7146691], [84.2101138030001, 19.7146722860001], [84.2100869870001, 19.7146978660001], [84.210051955, 19.714676538], [84.209964406, 19.714741944], [84.2098927160001, 19.71475602], [84.2098152300001, 19.7147246850001], [84.209772774, 19.7148062270001], [84.209778337, 19.714832669], [84.2098008660001, 19.71487803], [84.2097358660001, 19.715053159], [84.209745953, 19.7152145740001], [84.209712332, 19.7152578280001], [84.2095901770001, 19.7152609930001], [84.2094937970001, 19.7153485580001], [84.209636125, 19.715595427], [84.209714573, 19.715610197]]], [[[84.2192301480001, 19.718657352], [84.2192270930001, 19.71871679], [84.2192087620001, 19.718746509], [84.2191710810001, 19.7187263770001], [84.2191120150001, 19.718808822], [84.219187376, 19.71886826], [84.2192525520001, 19.718808822], [84.219410403, 19.718908524], [84.2194908550001, 19.7186640630001], [84.2193044900001, 19.7184838330001], [84.219242368, 19.718505883], [84.219185339, 19.718457949], [84.2192107980001, 19.718424396], [84.219105905, 19.718355371], [84.218911393, 19.718556692], [84.219036654, 19.718749385], [84.2191099780001, 19.718807864], [84.2191710810001, 19.7187235010001], [84.219165989, 19.71866598], [84.2191334010001, 19.718619964], [84.219156824, 19.71860846], [84.2191934860001, 19.718641055], [84.2192301480001, 19.718657352]]], [[[84.209450938, 19.719367838], [84.2093994630001, 19.719416294], [84.2093712750001, 19.7193920660001], [84.2093884330001, 19.719329766], [84.209437456, 19.719342457], [84.2095097660001, 19.719277849], [84.2093321580001, 19.7191012210001], [84.209068341, 19.7193382350001], [84.209121404, 19.7193890790001], [84.209146989, 19.719361427], [84.209202894, 19.719399782], [84.2091943660001, 19.7194470580001], [84.20916973, 19.719451518], [84.2091223520001, 19.719418514], [84.2091223520001, 19.71939443], [84.2090654990001, 19.7193391270001], [84.208779335, 19.7196022630001], [84.2091674850001, 19.720119072], [84.209397961, 19.719983599], [84.20940169, 19.71989089], [84.2094870560001, 19.71993063], [84.2095218650001, 19.719998004], [84.2094779870001, 19.7200341870001], [84.2093979380001, 19.7199864770001], [84.2091704590001, 19.720122023], [84.209565943, 19.7206576880001], [84.2098196100001, 19.7205868300001], [84.2097717440001, 19.7204795490001], [84.209788459, 19.7204809790001], [84.2098028950001, 19.720428054], [84.209766426, 19.7204194710001], [84.2097702250001, 19.720400876], [84.20975199, 19.720355103], [84.2097823810001, 19.7203000320001], [84.209829487, 19.720299316], [84.2098841900001, 19.72034509], [84.209862157, 19.720399446], [84.2098044140001, 19.720428054], [84.209789979, 19.720481695], [84.2098196100001, 19.7205045810001], [84.2098431630001, 19.7205489240001], [84.209827208, 19.720578963], [84.209934934, 19.7207389910001], [84.210226586, 19.7206336720001], [84.209794028, 19.7200417350001], [84.2099293850001, 19.7199559630001], [84.2096629690001, 19.719642789], [84.2098754790001, 19.71939919], [84.2097226970001, 19.7193181230001], [84.2095171190001, 19.7192790020001], [84.209442359, 19.719345918], [84.209450938, 19.719367838]]], [[[84.213573463, 19.724377098], [84.2134020710001, 19.724176368], [84.213354677, 19.724218637], [84.2132771830001, 19.7242057450001], [84.2132540370001, 19.7241403940001], [84.213125469, 19.724369262], [84.2131616410001, 19.724413885], [84.2131105780001, 19.7244826990001], [84.213072084, 19.7244586350001], [84.2129488240001, 19.724744292], [84.2129958350001, 19.724753198], [84.213002804, 19.7248100900001], [84.2129508790001, 19.724838053], [84.212892185, 19.724785523], [84.2129006260001, 19.724743179], [84.2129464760001, 19.724743179], [84.213068589, 19.7244597280001], [84.213029003, 19.7244193350001], [84.2130627340001, 19.7243757840001], [84.21310692, 19.724392102], [84.2131899890001, 19.7242469280001], [84.2129120100001, 19.7241837010001], [84.2128881300001, 19.72422786], [84.212843477, 19.7242057460001], [84.2128750700001, 19.724159898], [84.212736711, 19.724108905], [84.2126926060001, 19.724079933], [84.2126587910001, 19.7241398200001], [84.212705622, 19.7241746460001], [84.2126000750001, 19.724242625], [84.2125917420001, 19.7242883810001], [84.212632017, 19.724306029], [84.212628545, 19.7243583210001], [84.2125854920001, 19.724379238], [84.2125632720001, 19.724351131], [84.2125889640001, 19.724289034], [84.2125972970001, 19.7242419720001], [84.2125736880001, 19.724202099], [84.212590597, 19.7241579110001], [84.2126451330001, 19.724151475], [84.212692142, 19.724068749], [84.2127935770001, 19.7238250120001], [84.212964416, 19.723631531], [84.2124519000001, 19.7231917990001], [84.2122223360001, 19.723438559], [84.2122481220001, 19.7234918290001], [84.2121726130001, 19.723678439], [84.2120930170001, 19.723745965], [84.2121883350001, 19.7238597420001], [84.2122207630001, 19.7238578920001], [84.212301342, 19.7239170930001], [84.212252209, 19.7239596430001], [84.2121785090001, 19.723895817], [84.212185387, 19.7238606670001], [84.212091537, 19.723747627], [84.2118806570001, 19.7240617200001], [84.212420604, 19.7244856620001], [84.2124951920001, 19.7245848090001], [84.212764737, 19.724549542], [84.2127678590001, 19.7245015390001], [84.2128323840001, 19.7244986000001], [84.2128584010001, 19.724520152], [84.2128178140001, 19.724607341], [84.212786592, 19.7246122390001], [84.212764737, 19.724552481], [84.212496232, 19.724587748], [84.212475054, 19.724691572], [84.2125046020001, 19.7247224650001], [84.2124855160001, 19.7247601500001], [84.2126127610001, 19.724863296], [84.212641707, 19.724827797], [84.212677968, 19.72485514], [84.2126922190001, 19.724904447], [84.2126815490001, 19.724924215], [84.212506154, 19.72478097], [84.212447276, 19.7247914120001], [84.2124154950001, 19.7248717960001], [84.2124320200001, 19.724950614], [84.212357104, 19.7249609850001], [84.21231634, 19.7249412800001], [84.2122198920001, 19.7250384750001], [84.2123631040001, 19.7251539260001], [84.2124125190001, 19.725157806], [84.212485407, 19.7251606900001], [84.2125559820001, 19.725199332], [84.2125690930001, 19.7252441970001], [84.212525435, 19.725262862], [84.2124791320001, 19.7252412570001], [84.2124601620001, 19.725297455], [84.2124980180001, 19.7253674610001], [84.21254263, 19.725370486], [84.21254903, 19.725439609], [84.212494731, 19.725441658], [84.2124758160001, 19.7254303990001], [84.212494909, 19.7253674610001], [84.2124591500001, 19.7252994400001], [84.2124406780001, 19.725306394], [84.2123475320001, 19.7252032160001], [84.2123609210001, 19.725154923], [84.2122195650001, 19.7250402330001], [84.212072176, 19.7253160830001], [84.2121195400001, 19.725347637], [84.2121259830001, 19.725414288], [84.2120865690001, 19.7254351510001], [84.2120278720001, 19.7254001210001], [84.211970589, 19.725483906], [84.21196581, 19.7256295450001], [84.212039695, 19.725740452], [84.212061389, 19.7257994450001], [84.2121192380001, 19.725827807], [84.212138522, 19.725805118], [84.2121951660001, 19.7257994450001], [84.212226501, 19.72582327], [84.2122132440001, 19.7258845310001], [84.212286761, 19.7259072210001], [84.212373536, 19.725873187], [84.212372331, 19.7258334800001], [84.212344611, 19.725803983], [84.2123578690001, 19.7257574700001], [84.2123964350001, 19.725754066], [84.212415718, 19.725773352], [84.2123795620001, 19.7258368830001], [84.2123771980001, 19.7259195450001], [84.2124099390001, 19.7259659870001], [84.2128152020001, 19.7256127360001], [84.2128142600001, 19.725291359], [84.212861364, 19.7250709190001], [84.2129353870001, 19.725077755], [84.2129235690001, 19.725165524], [84.2131994390001, 19.7249305770001], [84.213573463, 19.724377098]]], [[[84.2130451610001, 19.7254683310001], [84.2131952610001, 19.7256336200001], [84.213299207, 19.7255557870001], [84.213347243, 19.7256010040001], [84.213258259, 19.7256847670001], [84.213203923, 19.725655117], [84.213166125, 19.7256684590001], [84.2131425000001, 19.7257299840001], [84.213165679, 19.7258113340001], [84.21302475, 19.7259196530001], [84.213064875, 19.725998341], [84.21319528, 19.726089619], [84.2132671690001, 19.7261934860001], [84.2135411660001, 19.72602189], [84.213463618, 19.7259383360001], [84.213407192, 19.7259644550001], [84.2133680800001, 19.725928304], [84.2133694170001, 19.725884249], [84.213402473, 19.725846317], [84.2134675490001, 19.7258745560001], [84.213645173, 19.7257470390001], [84.2136627740001, 19.725705368], [84.213619028, 19.72552082], [84.213593206, 19.725506958], [84.2135836680001, 19.725482319], [84.2136244910001, 19.7254705440001], [84.2136416610001, 19.7254882190001], [84.2136233460001, 19.725518837], [84.213667194, 19.725707442], [84.2136980320001, 19.7257001880001], [84.213723916, 19.725751229], [84.2136897170001, 19.725779618], [84.2136507170001, 19.7257480860001], [84.213474239, 19.7258777930001], [84.2134839700001, 19.725900521], [84.213465753, 19.7259343220001], [84.213579807, 19.7260612920001], [84.213522964, 19.7262170930001], [84.21335745, 19.7261431260001], [84.2132671690001, 19.726198207], [84.213731098, 19.7269793670001], [84.213956969, 19.726759886], [84.2138262510001, 19.726581953], [84.213800973, 19.726585073], [84.2137776970001, 19.726549311], [84.2138141720001, 19.7265092060001], [84.213854848, 19.72652305], [84.2138310030001, 19.7265788340001], [84.213963386, 19.726758268], [84.2145407290001, 19.7263639780001], [84.2145359620001, 19.72631188], [84.2145079210001, 19.726304703], [84.2145081180001, 19.7261723550001], [84.2145435960001, 19.726200109], [84.2145661470001, 19.7262975400001], [84.214540201, 19.7263075720001], [84.2145451000001, 19.7263625210001], [84.2146539660001, 19.726300403], [84.214783206, 19.726314858], [84.2149021270001, 19.726157678], [84.2146246230001, 19.7259150250001], [84.2144737070001, 19.725907754], [84.2143227760001, 19.726100838], [84.214187021, 19.7259154760001], [84.2143999630001, 19.725768089], [84.2142611730001, 19.72559241], [84.2141937910001, 19.7256870260001], [84.214072334, 19.7256490830001], [84.2138776990001, 19.726007549], [84.2138038410001, 19.725956325], [84.214099741, 19.7254915980001], [84.2137203490001, 19.7252992950001], [84.2138877290001, 19.7250319190001], [84.213539116, 19.724749633], [84.2134757590001, 19.724832716], [84.2134795750001, 19.724890198], [84.213424235, 19.724909957], [84.2133860700001, 19.7248848090001], [84.2133975190001, 19.724839902], [84.2134662170001, 19.7248291240001], [84.2135330070001, 19.72474829], [84.213399569, 19.7246383730001], [84.2132074400001, 19.724928316], [84.2129223050001, 19.7251732820001], [84.212977433, 19.725207384], [84.2130042090001, 19.7252577940001], [84.213030985, 19.7253423060001], [84.2129994840001, 19.7253497190001], [84.2128656020001, 19.725333409], [84.212904978, 19.7255172590001], [84.2130451610001, 19.7254683310001]], [[84.2140690780001, 19.726018169], [84.2140423820001, 19.726018169], [84.214020593, 19.7261917610001], [84.214039197, 19.7262379220001], [84.2140085500001, 19.7262435580001], [84.2139511180001, 19.7262308900001], [84.2140163760001, 19.7261889820001], [84.2140424730001, 19.726015524], [84.214080811, 19.725988988], [84.2140690780001, 19.726018169]]], [[[84.2114436300001, 19.727067177], [84.2114058550001, 19.727197554], [84.2114788850001, 19.727325561], [84.211252228, 19.7283519850001], [84.2116047920001, 19.7285036980001], [84.2118289220001, 19.7285036980001], [84.2121537840001, 19.7285819250001], [84.2123494030001, 19.728191198], [84.2127372680001, 19.7278104230001], [84.212659402, 19.727749595], [84.212760372, 19.7276492820001], [84.2126377850001, 19.727417169], [84.2126354660001, 19.7273451410001], [84.2120911910001, 19.7267430970001], [84.211922337, 19.7266578480001], [84.2116451960001, 19.726864721], [84.2115972460001, 19.7269723590001], [84.2114914780001, 19.726915466], [84.2114738500001, 19.7269913210001], [84.211559472, 19.727045844], [84.2115267340001, 19.7271074760001], [84.2114436300001, 19.727067177]]], [[[84.304687013, 18.94003144], [84.3047020050001, 18.940064588], [84.3047310260001, 18.940076101], [84.3049480780001, 18.9400374160001], [84.3049451910001, 18.9400309500001], [84.3049770260001, 18.9399349770001], [84.3049718120001, 18.9398785220001], [84.3049612340001, 18.939847657], [84.304903036, 18.9398134510001], [84.3049399370001, 18.9396829630001], [84.304903584, 18.939660862], [84.3048591800001, 18.939649032], [84.3049121480001, 18.939539015], [84.3050633930001, 18.939558956], [84.3051533290001, 18.939581205], [84.3051682170001, 18.939564273], [84.3051247130001, 18.9395309560001], [84.3051163000001, 18.9394898], [84.305173374, 18.9394418360001], [84.305268685, 18.939425606], [84.3053468420001, 18.9394484960001], [84.3053498960001, 18.939480412], [84.3054298770001, 18.939493112], [84.3054301020001, 18.939463237], [84.305501931, 18.939380627], [84.3055372320001, 18.939348576], [84.3055422360001, 18.9393102240001], [84.3054989490001, 18.9393143500001], [84.3054336450001, 18.939315181], [84.305388081, 18.9392718780001], [84.305308762, 18.9392734420001], [84.305280956, 18.939323195], [84.305260488, 18.939375012], [84.305231189, 18.939381021], [84.3051899930001, 18.939369087], [84.3051451010001, 18.9392914380001], [84.3051177880001, 18.939267187], [84.3050729460001, 18.939315607], [84.305045964, 18.9393242150001], [84.304990193, 18.939245973], [84.304970756, 18.939256979], [84.304881612, 18.9392636910001], [84.304777748, 18.9392770050001], [84.304635557, 18.9392857230001], [84.3045526120001, 18.9393571160001], [84.3045464350001, 18.9395590570001], [84.304613724, 18.9395445920001], [84.3046710310001, 18.939723874], [84.3046110000001, 18.9398233000001], [84.3046298730001, 18.939936679], [84.3046171, 18.9399936], [84.3046616020001, 18.9399979190001], [84.304687013, 18.94003144]], [[84.3049144550001, 18.9399688670001], [84.304914754, 18.939969482], [84.304811423, 18.9399937270001], [84.3047952630001, 18.9399787190001], [84.3047497530001, 18.9399175200001], [84.304657911, 18.939881719], [84.3048005510001, 18.939762285], [84.3048199900001, 18.939783866], [84.3047872330001, 18.939865228], [84.3048590130001, 18.939861444], [84.3049174800001, 18.9398773630001], [84.3049234100001, 18.939924363], [84.3049144550001, 18.9399688670001]]], [[[84.3064563330001, 19.606078939], [84.306439233, 19.6060656660001], [84.3064672670001, 19.606023904], [84.306513511, 19.6060002020001], [84.3065362240001, 19.6060078260001], [84.3065462820001, 19.6060454830001], [84.3065301610001, 19.606077375], [84.3065104600001, 19.606071124], [84.3064781050001, 19.6062093740001], [84.3066507, 19.606286577], [84.30670057, 19.606071349], [84.306846675, 19.605792862], [84.3065159510001, 19.605562219], [84.3061384950001, 19.606057886], [84.3064755940001, 19.606207738], [84.3065071790001, 19.6060695640001], [84.3064563330001, 19.606078939]]], [[[84.3052119160001, 19.6064725860001], [84.305582975, 19.6066213670001], [84.305607712, 19.606535325], [84.3056552840001, 19.6065012670001], [84.305695244, 19.6064170170001], [84.3060967480001, 19.605902557], [84.3056590900001, 19.6058523670001], [84.3050178240001, 19.6057699080001], [84.3049207780001, 19.6060549220001], [84.3048313420001, 19.6062037030001], [84.3047951870001, 19.6063381440001], [84.305190984, 19.606436735], [84.3052119160001, 19.6064725860001]]], [[[84.3064386330001, 19.6064573560001], [84.3065069420001, 19.606225362], [84.306124051, 19.606067877], [84.305897552, 19.60638454], [84.3057591360001, 19.606569119], [84.305559262, 19.6068633040001], [84.3051199480001, 19.607475661], [84.305429551, 19.6074817410001], [84.305637317, 19.6074959540001], [84.305739342, 19.60724198], [84.305873105, 19.6070370310001], [84.3058803750001, 19.6070082700001], [84.305984326, 19.6068603580001], [84.306051955, 19.6067447], [84.3062010100001, 19.606821881], [84.306395491, 19.606460742], [84.3064386330001, 19.6064573560001]]], [[[84.3012822470001, 19.6066361490001], [84.3012454660001, 19.606942207], [84.301268964, 19.606977817], [84.3013210700001, 19.606975892], [84.3014559330001, 19.60702209], [84.301586709, 19.607011503], [84.3019330610001, 19.6070153520001], [84.3019463420001, 19.606896009], [84.3017706110001, 19.6066130500001], [84.301681725, 19.606610163], [84.3016623130001, 19.6066351870001], [84.301536646, 19.6066361490001], [84.301434477, 19.6066958210001], [84.3014038270001, 19.606674647], [84.301396675, 19.606627487], [84.3012822470001, 19.6066361490001]]], [[[84.306198383, 19.606825289], [84.3060534410001, 19.6067505190001], [84.305988697, 19.6068600020001], [84.3058835160001, 19.607009066], [84.305874799, 19.6070399450001], [84.3057391070001, 19.607248165], [84.305639639, 19.6074977330001], [84.305769169, 19.607523228], [84.306063351, 19.6075019740001], [84.3061815990001, 19.6074779910001], [84.306193985, 19.6073583470001], [84.3062581390001, 19.6072360700001], [84.3063243000001, 19.607050282], [84.30611373, 19.607021909], [84.306198383, 19.606825289]]], [[[84.3018361590001, 19.6087510470001], [84.3017945730001, 19.608813383], [84.3018342440001, 19.609104577], [84.3017559730001, 19.609109829], [84.3017859650001, 19.609233698], [84.3018468380001, 19.6092839670001], [84.3018924200001, 19.6092695620001], [84.3018882520001, 19.609194492], [84.301957379, 19.609208719], [84.3020052350001, 19.609300213], [84.3019294910001, 19.6094262340001], [84.3018792030001, 19.609457686], [84.3018984730001, 19.6095548970001], [84.3021261860001, 19.6095794390001], [84.3021709230001, 19.609526042], [84.302195295, 19.609424969], [84.302179434, 19.6093855120001], [84.302233346, 19.6091688830001], [84.3022645010001, 19.6089940730001], [84.302277067, 19.6087064220001], [84.3018361590001, 19.6087510470001]]], [[[84.3027324190001, 19.609097965], [84.3022664410001, 19.6090025410001], [84.3022092360001, 19.6093112680001], [84.3026394620001, 19.609402201], [84.3027324190001, 19.609097965]]], [[[84.285038076, 19.6127585560001], [84.285027487, 19.612782629], [84.2849808650001, 19.6127870080001], [84.284964325, 19.6130149800001], [84.2852056730001, 19.613121586], [84.2856472140001, 19.6132993040001], [84.285769708, 19.6129308330001], [84.2856741620001, 19.612907756], [84.2856864120001, 19.6128546780001], [84.2857909400001, 19.61287237], [84.2856504800001, 19.6132977660001], [84.2859343310001, 19.613397365], [84.2862914200001, 19.6135592540001], [84.2865205630001, 19.612573528], [84.2864177810001, 19.61248684], [84.2863487990001, 19.6124687070001], [84.286314399, 19.612491613], [84.28608275, 19.6123360730001], [84.2861000720001, 19.6123101580001], [84.286021615, 19.612280405], [84.2859920660001, 19.6122996010001], [84.285958442, 19.612293842], [84.285925836, 19.612238173], [84.285832096, 19.6121969020001], [84.285603859, 19.612122997], [84.2855855180001, 19.6120865250001], [84.285373387, 19.6125548630001], [84.285273126, 19.6126362730001], [84.2852876640001, 19.6126834930001], [84.285342137, 19.612700954], [84.2853418750001, 19.61273779], [84.2852034190001, 19.612656024], [84.2851557920001, 19.6126669070001], [84.2850989660001, 19.6126342760001], [84.2850432280001, 19.612640798], [84.2850223790001, 19.612631016], [84.28501751, 19.612677795], [84.284999789, 19.61273342], [84.285038076, 19.6127585560001]]], [[[84.284845821, 19.615498217], [84.2848450170001, 19.6155902880001], [84.284756396, 19.615599913], [84.284792785, 19.615663609], [84.2846176840001, 19.6157684620001], [84.2845203310001, 19.6157684610001], [84.2842727460001, 19.616169724], [84.2847993970001, 19.616442949], [84.285208497, 19.6163899250001], [84.2853987290001, 19.616163439], [84.2853933310001, 19.616113931], [84.2854363970001, 19.616027042], [84.2854263190001, 19.6160004270001], [84.2853290720001, 19.616017635], [84.2853418700001, 19.6159817070001], [84.2853920790001, 19.6159817070001], [84.285442372, 19.6158690300001], [84.2854838420001, 19.6158537530001], [84.2854937870001, 19.6157824530001], [84.2854520860001, 19.61576438], [84.2854315550001, 19.6155845170001], [84.2853694170001, 19.6155441780001], [84.285362692, 19.615486752], [84.2848065920001, 19.6153215370001], [84.284688621, 19.6154447860001], [84.2847106280001, 19.61548293], [84.2847786520001, 19.615450502], [84.284845821, 19.615498217]]], [[[84.2873212310001, 19.615774963], [84.2872033840001, 19.615581929], [84.287189932, 19.6155645370001], [84.287164611, 19.615447585], [84.2871057780001, 19.6153449330001], [84.2871431900001, 19.6151294090001], [84.2869058410001, 19.615115561], [84.2867168020001, 19.615168983], [84.286536165, 19.615127434], [84.2863492260001, 19.615153155], [84.2862084980001, 19.6151155630001], [84.2860215590001, 19.615216468], [84.2856118970001, 19.6152089600001], [84.2855530850001, 19.61530393], [84.2855630280001, 19.61598911], [84.2857998760001, 19.615998054], [84.2858019860001, 19.615964763], [84.2858420760001, 19.6159672470001], [84.2858399660001, 19.6160010360001], [84.285564611, 19.6159906010001], [84.285639201, 19.616095348], [84.2856055940001, 19.616138875], [84.2855614840001, 19.616303094], [84.2856034930001, 19.6163743220001], [84.28685949, 19.616586398], [84.28732023, 19.616804055], [84.2873176800001, 19.6167223940001], [84.2872164220001, 19.6166957940001], [84.2872067800001, 19.6165698680001], [84.287323154, 19.6165731720001], [84.2874079220001, 19.6162564800001], [84.2873212310001, 19.615774963]]], [[[84.316444382159, 19.6293662318616], [84.3163642807328, 19.6294293449695], [84.3163188452298, 19.6295052971165], [84.3163525337829, 19.6295883408819], [84.316420824149, 19.6295682514427], [84.3164599620602, 19.6295976338942], [84.3165035538206, 19.6295543796682], [84.3164464800011, 19.6294869867853], [84.3165597964239, 19.629387200454], [84.3165671734303, 19.6293408619809], [84.3165398357741, 19.6293230144656], [84.3164772180061, 19.6292535899301], [84.3165225257708, 19.6291892790268], [84.3166158025173, 19.6292023802406], [84.3166291658125, 19.6291573676784], [84.3165830884015, 19.6291270574046], [84.3165918880636, 19.6290883010682], [84.3165315066117, 19.6290044392979], [84.3164213486228, 19.6290367139242], [84.3161778526262, 19.6292819668889], [84.3162397821122, 19.6293482517441], [84.3163537889787, 19.6292528019955], [84.3164086810731, 19.6292289395793], [84.3164227558694, 19.6293230638436], [84.316444382159, 19.6293662318616]]], [[[84.3165640491605, 19.6301104073948], [84.3166980486923, 19.6300156193981], [84.3166712108984, 19.6298349384325], [84.3166268471412, 19.6297947021958], [84.3166731628395, 19.6297267822311], [84.3167438304579, 19.6297635973114], [84.3168027365165, 19.6297665525861], [84.316877173813, 19.6297947022673], [84.3170269725513, 19.6297121210807], [84.3170890896186, 19.6297326570026], [84.3171713710412, 19.6296829090781], [84.3171218055525, 19.6295947119739], [84.3170102881454, 19.6295990182911], [84.316806833584, 19.6293903480637], [84.3167951697342, 19.6293462200234], [84.3167521895581, 19.6293133492632], [84.3166501986098, 19.6294153221184], [84.3167078182206, 19.6294838695315], [84.3166049656855, 19.6295432873993], [84.3166639985621, 19.6297209133334], [84.3164654309151, 19.6299634319906], [84.3164543450856, 19.6300527342316], [84.3165142624717, 19.6301198121631], [84.3165640491605, 19.6301104073948]]], [[[84.2936639340001, 19.6951728610001], [84.293808987, 19.6951479740001], [84.293840582, 19.695093039], [84.2938839280001, 19.695092247], [84.293919245, 19.695131986], [84.2939743190001, 19.6951264030001], [84.2939807930001, 19.6949780630001], [84.2939547720001, 19.694963403], [84.2939619950001, 19.694933453], [84.2940170750001, 19.694895332], [84.2940127700001, 19.6948688300001], [84.2933756960001, 19.694902932], [84.2934235000001, 19.6950921000001], [84.2934348000001, 19.6951162], [84.293439914, 19.6951495760001], [84.2934801110001, 19.695153583], [84.2934979060001, 19.6951423730001], [84.2935690610001, 19.695154384], [84.2936639340001, 19.6951728610001]]], [[[84.2969298400001, 19.6969425560001], [84.2971422540001, 19.6968232360001], [84.2970101640001, 19.6965677920001], [84.2968352350001, 19.696545945], [84.296781685, 19.6965694720001], [84.296763835, 19.69656107], [84.296781685, 19.6965089720001], [84.2966335310001, 19.6964551940001], [84.2965514210001, 19.696463597], [84.2964746660001, 19.6965543470001], [84.2965424960001, 19.6967745000001], [84.2964943010001, 19.6968585280001], [84.296624605, 19.6970652360001], [84.29666566, 19.6970601940001], [84.2966942200001, 19.6969728060001], [84.2967334900001, 19.6969375140001], [84.2967888250001, 19.6969509580001], [84.2967709750001, 19.6970601940001], [84.2968352350001, 19.69704675], [84.2969298400001, 19.6969425560001]]], [[[84.2957452080001, 19.696479282], [84.2956046690001, 19.696649558], [84.2957106490001, 19.696774282], [84.295861555, 19.697010715], [84.2959548630001, 19.6971907510001], [84.2961265050001, 19.697082295], [84.2958742270001, 19.6966712490001], [84.2958200850001, 19.696697278], [84.295774006, 19.696696194], [84.2957313840001, 19.696634374], [84.2957475110001, 19.696586654], [84.295814325, 19.69654761], [84.2957751580001, 19.6964912130001], [84.2957452080001, 19.696479282]]], [[[84.295307734127, 19.6968742724329], [84.295291521689, 19.6968537682547], [84.2952288871328, 19.6968592343913], [84.2952053056484, 19.6968196357279], [84.2952341995351, 19.6967869163378], [84.2951751929621, 19.696652444783], [84.295059292371, 19.6967080387056], [84.2949982323709, 19.6966876837818], [84.2949923456389, 19.6966456746412], [84.294880607756, 19.6966822588962], [84.2948371892354, 19.696591583957], [84.2947133579891, 19.6966145860561], [84.2946686553061, 19.696674123691], [84.2946434532747, 19.696763768616], [84.2947538111756, 19.6968210002316], [84.2948499970048, 19.6967746590395], [84.2948338430466, 19.69686606899], [84.2946919981433, 19.6969564744078], [84.2947824163203, 19.6970114405419], [84.2947179321037, 19.6970431059067], [84.2947689052722, 19.6971259182744], [84.2947569609894, 19.6971909976267], [84.2948186702694, 19.6971702075858], [84.2948920720918, 19.6971134773782], [84.294934581705, 19.6971148593797], [84.294997498079, 19.6970555087814], [84.2950385991481, 19.6970941381825], [84.2949287610416, 19.6972104187809], [84.294843569332, 19.6972062557159], [84.2948201299274, 19.6971743640973], [84.2947613525822, 19.6971951579096], [84.2948492627326, 19.6973482241051], [84.2949435861533, 19.6973873495853], [84.2953966982982, 19.6971494359009], [84.2953743417815, 19.6971148589314], [84.2953213959609, 19.6970955186759], [84.2953515912219, 19.697036218042], [84.2953159427068, 19.6969770709073], [84.2952617198498, 19.696957846796], [84.2952702563148, 19.6969290407436], [84.295307734127, 19.6968742724329]]], [[[84.2998505890001, 19.698090408], [84.2998670420001, 19.6981382450001], [84.2999327040001, 19.698130244], [84.299992419, 19.6982537590001], [84.3000283090001, 19.698259595], [84.3001385270001, 19.6982026490001], [84.300241482, 19.69818187], [84.3002226200001, 19.698140532], [84.300221487, 19.6980994890001], [84.3001248890001, 19.697898568], [84.3000834650001, 19.697951458], [84.30003787, 19.6979691980001], [84.3000046400001, 19.6979492450001], [84.3000097170001, 19.6979007620001], [84.3000543730001, 19.697874476], [84.3000895530001, 19.697845226], [84.300104032, 19.6978044050001], [84.300043675, 19.6977861190001], [84.3000545560001, 19.6977113340001], [84.3001178260001, 19.697654367], [84.300101662, 19.6976069630001], [84.3000525, 19.6974094290001], [84.2999900020001, 19.69737101], [84.299896274, 19.697371011], [84.2998527810001, 19.697436463], [84.2998706690001, 19.697472046], [84.2998960450001, 19.697473239], [84.2999273240001, 19.697443551], [84.299968929, 19.697440005], [84.2999963680001, 19.697478013], [84.299947677, 19.697524905], [84.299896093, 19.697478013], [84.2998668850001, 19.697475625], [84.299863185, 19.697495974], [84.299836467, 19.6975007790001], [84.299774331, 19.69746609], [84.299798572, 19.6974258600001], [84.2998502450001, 19.697432925], [84.2998937520001, 19.6973686960001], [84.2998772130001, 19.6973284430001], [84.2999179650001, 19.697311337], [84.2999369890001, 19.6972627750001], [84.2998627420001, 19.6971786280001], [84.299753222, 19.6971983660001], [84.299715367, 19.6971264860001], [84.2996368620001, 19.6971559360001], [84.2995510310001, 19.6970519550001], [84.2994376660001, 19.6970974930001], [84.299446807, 19.6971511830001], [84.299412127, 19.697170209], [84.2994177790001, 19.697302934], [84.2992727050001, 19.6974180500001], [84.299382774, 19.697616007], [84.299275062, 19.6977537930001], [84.299321015, 19.6978234690001], [84.299363713, 19.697821764], [84.2993753050001, 19.6978576500001], [84.2992940720001, 19.6978971140001], [84.2992876160001, 19.697873072], [84.299319101, 19.697828588], [84.2992714210001, 19.6977571800001], [84.2992011410001, 19.6978473820001], [84.2991116150001, 19.6978744910001], [84.2991462990001, 19.697992567], [84.2992237860001, 19.6980048460001], [84.29923266, 19.6980193910001], [84.2992249200001, 19.698044091], [84.2992558160001, 19.6980666380001], [84.2992922980001, 19.698057609], [84.2993285190001, 19.6981131380001], [84.2994748090001, 19.6980362210001], [84.2996132370001, 19.698261932], [84.299744305, 19.6981957150001], [84.299700962, 19.698126819], [84.2997345030001, 19.698087006], [84.2997657990001, 19.6980666380001], [84.2998505890001, 19.698090408]]], [[[84.2989420270001, 19.697725545], [84.2989093480001, 19.697685661], [84.2989328680001, 19.6976561060001], [84.2988594290001, 19.697576585], [84.2988128630001, 19.697576585], [84.2987100730001, 19.697715246], [84.29863242, 19.6978985820001], [84.2987396820001, 19.698055728], [84.2988017600001, 19.698063543], [84.2988733280001, 19.6980974310001], [84.298941744, 19.6982058770001], [84.2991622000001, 19.698084393], [84.2991209050001, 19.698036201], [84.299149943, 19.6980192880001], [84.2990913460001, 19.697819683], [84.299087339, 19.6977887], [84.2990502230001, 19.6977887], [84.2990228450001, 19.6977654840001], [84.299024397, 19.6977294070001], [84.2989902290001, 19.697699807], [84.2989420270001, 19.697725545]]], [[[84.239643727, 19.7083049140001], [84.2395894360001, 19.70827401], [84.239560397, 19.70827401], [84.2395401950001, 19.708235974], [84.239484642, 19.708202693], [84.2394404520001, 19.7082252770001], [84.2394164630001, 19.708193184], [84.2394379260001, 19.708161091], [84.239425301, 19.7081468280001], [84.239350808, 19.7081183010001], [84.2393609090001, 19.7080945280001], [84.2392384390001, 19.708037474], [84.2391412200001, 19.708408763], [84.2392144500001, 19.708422587], [84.2392359140001, 19.70845468], [84.2392346510001, 19.708482018], [84.2393255570001, 19.7085402610001], [84.2394467650001, 19.7084701320001], [84.2394543400001, 19.7085188660001], [84.2395162070001, 19.708568788], [84.239643727, 19.7083049140001]]], [[[84.2370624910001, 19.709313169], [84.237161029, 19.7093719960001], [84.237295617, 19.709344845], [84.2373532980001, 19.709496437], [84.23723313, 19.709564314], [84.2371033480001, 19.7095168000001], [84.237057684, 19.709317694], [84.2369375160001, 19.709390096], [84.2368870450001, 19.7094014090001], [84.2367596660001, 19.7094941730001], [84.2368365730001, 19.7096163520001], [84.237004809, 19.709600515], [84.2370312460001, 19.7096570790001], [84.236987985, 19.709774732], [84.2371586240001, 19.7099557380001], [84.2372163050001, 19.7100190900001], [84.2374614490001, 19.7097702080001], [84.237614809, 19.7097258320001], [84.23786232, 19.709772518], [84.2380499560001, 19.7099540880001], [84.2384148730001, 19.7095477400001], [84.2383285170001, 19.709472529], [84.2382898650001, 19.709488299], [84.2382537820001, 19.70947253], [84.238253775, 19.7094446300001], [84.238037278, 19.709280888], [84.2379844530001, 19.7092833140001], [84.2379574020001, 19.709323338], [84.2379831740001, 19.70935366], [84.2379690080001, 19.7094058160001], [84.237917472, 19.709432501], [84.2378710830001, 19.7094021770001], [84.237860772, 19.7093694280001], [84.237914883, 19.709323338], [84.237954824, 19.709319699], [84.2379793000001, 19.709284527], [84.237949659, 19.7092214620001], [84.2379831520001, 19.7091850790001], [84.2380501530001, 19.7092275250001], [84.2380424310001, 19.7092796750001], [84.2382499060001, 19.709434926], [84.2383014420001, 19.7094191580001], [84.2383323810001, 19.7094701030001], [84.2384084270001, 19.7095368220001], [84.2384831360001, 19.709460399], [84.238516115, 19.709240707], [84.238652013, 19.7091197830001], [84.2387260770001, 19.7090115940001], [84.238719131, 19.708904009], [84.2386155870001, 19.708791096], [84.2385047170001, 19.7088474710001], [84.2385126300001, 19.7088980510001], [84.2384718980001, 19.708939806], [84.2383913040001, 19.7089427920001], [84.238375724, 19.7088385600001], [84.23801903, 19.7086615480001], [84.237870022, 19.70864571], [84.2376921730001, 19.7086887], [84.2375551810001, 19.708770153], [84.2375215340001, 19.70883803], [84.237418189, 19.7089307960001], [84.2372595670001, 19.7090461870001], [84.2370624910001, 19.709313169]]], [[[84.3031363790368, 19.7196603375472], [84.3032219187147, 19.7197563458904], [84.3034094480678, 19.7197826707104], [84.3035755922091, 19.7196789194217], [84.3035361120824, 19.719623172662], [84.3034637323329, 19.7196247212968], [84.3034061573094, 19.7195225189691], [84.303425897054, 19.7194667721854], [84.3034637318291, 19.7194652236032], [84.3034966318793, 19.7195256158631], [84.303539401502, 19.7194760631025], [84.3035196613223, 19.7193908944901], [84.3034522164779, 19.7192917893312], [84.3034143816926, 19.7192840468096], [84.3034078016868, 19.7192437852944], [84.3034374113834, 19.7191957811005], [84.3033420019854, 19.7191090641351], [84.303263042761, 19.7192174607029], [84.3032235630991, 19.719229848903], [84.3031923083435, 19.7192081696518], [84.303093609198, 19.7192143637761], [84.3030656444422, 19.7191663596577], [84.3030952541756, 19.7191400348109], [84.3030459046276, 19.7190780940041], [84.3029850401891, 19.719074996922], [84.3029932651463, 19.7189604063214], [84.3027119724777, 19.7191384858551], [84.3027185523616, 19.7191632622002], [84.3027744819781, 19.7191369374703], [84.3028287664399, 19.7192143635892], [84.3028057365634, 19.7192515280367], [84.3026609776446, 19.7192344940095], [84.302644527618, 19.7192855951449], [84.3031363790368, 19.7196603375472]]], [[[84.303928758, 19.722609284], [84.304013142, 19.722684369], [84.3043176790001, 19.7225782800001], [84.3044417790001, 19.7225855670001], [84.3043135450001, 19.7219026860001], [84.304192427, 19.7216392230001], [84.3042148310001, 19.7213838870001], [84.3041440680001, 19.721368393], [84.30400767, 19.7213914380001], [84.3039429680001, 19.7214688060001], [84.3040111670001, 19.721513252], [84.3040881100001, 19.7215083130001], [84.3041143400001, 19.721551112], [84.304091607, 19.7216186040001], [84.3039254810001, 19.7216153110001], [84.3038118160001, 19.7217239550001], [84.3038328000001, 19.72181943], [84.3039114920001, 19.7217914460001], [84.3039199470001, 19.7219038900001], [84.3039759070001, 19.7218901100001], [84.30402925, 19.7218350090001], [84.30410383, 19.7218099730001], [84.304127753, 19.7218562940001], [84.3041716920001, 19.7218562940001], [84.3041809910001, 19.721896373], [84.3040304200001, 19.72195527], [84.3039732350001, 19.7218951200001], [84.3039186060001, 19.7219089010001], [84.3039114920001, 19.7220070880001], [84.3037978260001, 19.722030134], [84.30376635, 19.721873752], [84.3037960780001, 19.7218309530001], [84.3036911560001, 19.7216120190001], [84.3037698480001, 19.7215412350001], [84.303866026, 19.72157745], [84.304026906, 19.7215346510001], [84.303934225, 19.7214704520001], [84.303871272, 19.7214424680001], [84.3037890830001, 19.721407899], [84.303750612, 19.721472098], [84.303666675, 19.721524774], [84.303600224, 19.721473744], [84.3039359740001, 19.721323947], [84.3040041730001, 19.7213848540001], [84.3041405710001, 19.721361808], [84.30416992, 19.7213298930001], [84.30402659, 19.721102654], [84.3038556930001, 19.721068594], [84.3037142970001, 19.721078048], [84.303671546, 19.721117819], [84.3037199680001, 19.721237801], [84.303548918, 19.7212780190001], [84.3033130370001, 19.721370372], [84.303206785, 19.721184351], [84.3031523010001, 19.7210742660001], [84.302831628, 19.721108338], [84.302642292, 19.7211235070001], [84.3027157240001, 19.7213560820001], [84.302964252, 19.7220051040001], [84.303167955, 19.7220329530001], [84.3033602070001, 19.722134415], [84.3034023210001, 19.7221855180001], [84.303588007, 19.722361558], [84.3038350990001, 19.722671518], [84.303928758, 19.722609284]]], [[[84.3059776006303, 19.7234003994299], [84.3058744619751, 19.7233314091301], [84.3056965140032, 19.7233266642072], [84.3056639778623, 19.7234000679057], [84.30561652462, 19.7234270978374], [84.30558412028, 19.723381809598], [84.3055970522978, 19.7233504851422], [84.3056448175836, 19.7232902054925], [84.3056080736055, 19.7231818628052], [84.3054554218952, 19.7232371194495], [84.3054073495843, 19.7231541698025], [84.3052992732815, 19.7231818631837], [84.3052559521678, 19.7231573979008], [84.3051819170408, 19.7231740599407], [84.3051310975068, 19.7231949830987], [84.3052013722129, 19.7233162965755], [84.3051195154323, 19.7233938718413], [84.3050764344676, 19.7233742277982], [84.3051478143946, 19.7235010708885], [84.3051260365068, 19.7235261214999], [84.3051596744027, 19.7235706572375], [84.3051092632792, 19.7235869225943], [84.3050617776326, 19.7235283069125], [84.3050716102856, 19.7234640841168], [84.3051090543747, 19.7234425492741], [84.3050609449263, 19.7233486596059], [84.3050665024871, 19.7233079856466], [84.3050077087238, 19.7232577373838], [84.3049049690438, 19.7232936439607], [84.3049090376666, 19.7233176004823], [84.3048701012188, 19.7233291953039], [84.3048591214301, 19.723303194434], [84.3047398116262, 19.7233549008952], [84.3047496879658, 19.7234794088499], [84.3046141558937, 19.7235855295268], [84.3046349082704, 19.7236055197066], [84.3047341499895, 19.7236368042587], [84.304771416876, 19.7236887049591], [84.3048246586303, 19.7237034875949], [84.3049001805451, 19.7238095815759], [84.304945900977, 19.7238329940922], [84.3049569419755, 19.7238730867846], [84.3049957467772, 19.7239099653876], [84.305017370289, 19.7239120017778], [84.3054914129105, 19.7237024990102], [84.305678912248, 19.7236490448673], [84.3058573468247, 19.7236641769304], [84.3059259872817, 19.7236371510323], [84.3058990694236, 19.7235826310628], [84.3059368926111, 19.7235036440894], [84.3059698939497, 19.7234370013011], [84.3059776006303, 19.7234003994299]]], [[[84.3053236088269, 19.7241167490423], [84.3053125842715, 19.7241748640411], [84.3054261366506, 19.7242028838017], [84.3054592101509, 19.7241084469334], [84.3055242546441, 19.7240461808711], [84.3055540206874, 19.7239133466252], [84.3054856688703, 19.7238324007799], [84.3055132300545, 19.7237846634405], [84.3055727622504, 19.723796078843], [84.3056466263143, 19.7238417405457], [84.3057127732061, 19.7237981541529], [84.3056455237593, 19.7236611687639], [84.3054911810906, 19.7237057930111], [84.3050204352863, 19.7239164593872], [84.3051009138664, 19.72408354024], [84.3053103793674, 19.7241738262669], [84.3053203014789, 19.7241146735093], [84.3053048671952, 19.7241074091271], [84.3052982525237, 19.7240804271611], [84.3053280186788, 19.7240638229034], [84.3053511700888, 19.7240980692393], [84.3053236088269, 19.7241167490423]]], [[[84.3097930680435, 19.7443594725718], [84.3096565578084, 19.7445006102726], [84.3096927536192, 19.7445473319411], [84.309731017805, 19.7445609591561], [84.3097589401845, 19.7446359083393], [84.3098013409009, 19.7447069640554], [84.3098985525133, 19.7447663394248], [84.3100216183719, 19.7447381119188], [84.3101767432919, 19.74472059135], [84.3101891533171, 19.7447624460234], [84.310163299156, 19.7447682862166], [84.3101612308555, 19.7448208479178], [84.3100971125096, 19.7448364217772], [84.3100743608398, 19.7448081941868], [84.3099895591547, 19.7448208479089], [84.3099678415469, 19.7449103975312], [84.310406328962, 19.7449483587039], [84.3104156358926, 19.7447390850501], [84.310370132359, 19.7446582958223], [84.310128137422, 19.7443935407965], [84.3100629850691, 19.7443487659545], [84.3099378511865, 19.7443030176166], [84.3098675279837, 19.7443098310515], [84.3097930680435, 19.7443594725718]]], [[[84.3143915647949, 19.7451832542633], [84.3143232280307, 19.7450889429913], [84.3144033587799, 19.7450495147145], [84.3144189817836, 19.744997055474], [84.3142602542433, 19.7449376887921], [84.314081777352, 19.7449385260368], [84.3140707330257, 19.7450418873917], [84.3140926393932, 19.7450832015109], [84.314043848393, 19.745111499194], [84.3140400422617, 19.7451872137555], [84.3140652266021, 19.7451821291667], [84.3140719535762, 19.7452169798689], [84.3140485413689, 19.7452272273968], [84.3140213087751, 19.7452161269457], [84.3140373521876, 19.7451889097882], [84.3140411874125, 19.7451140040332], [84.3139990386722, 19.7450931700802], [84.3140006566203, 19.7450583705296], [84.3140671614701, 19.7450402421954], [84.3140814860445, 19.7449168381698], [84.3140733242525, 19.7448466307633], [84.3139630886209, 19.7448576685939], [84.3139337703787, 19.744600489587], [84.3138024258571, 19.7446214612498], [84.3137555170841, 19.7446413291356], [84.3137246273785, 19.7446979731371], [84.3135932826831, 19.7447708220383], [84.3135721737151, 19.7447542653728], [84.313554582899, 19.7447564728588], [84.3135170557398, 19.7448745765584], [84.3135815553318, 19.7449838501495], [84.3135921097716, 19.7450346236646], [84.3138594903055, 19.745433085346], [84.3139357174067, 19.7454408117344], [84.3140593982103, 19.7454860893783], [84.3140605132783, 19.7454163201324], [84.3140317774595, 19.7453994718412], [84.3140222636286, 19.745355405287], [84.3140624240773, 19.7453378877706], [84.3140938955439, 19.7453624295946], [84.3140862439759, 19.745408332207], [84.3140642042153, 19.7454163201286], [84.3140631736008, 19.7454914967445], [84.3141346630516, 19.7454860893063], [84.3142394535169, 19.7454617832465], [84.3142471831416, 19.7453464759452], [84.3141554352318, 19.7453382858614], [84.3141359354727, 19.7453004461069], [84.3141530822407, 19.7452596121289], [84.3142897281134, 19.7452361670822], [84.3143007378778, 19.7452779776844], [84.3143480815428, 19.7452687927584], [84.3143915647949, 19.7451832542633]]], [[[84.3137563830001, 19.74591202], [84.3137739700001, 19.746270854], [84.314262274, 19.7461656150001], [84.3141087170001, 19.746421722], [84.313868363, 19.746471446], [84.3138658550001, 19.7464114690001], [84.3137512870001, 19.7464183020001], [84.31377917, 19.746615364], [84.313925183, 19.746618858], [84.313931246, 19.7465517590001], [84.314065192, 19.746459628], [84.3140906410001, 19.7464731630001], [84.314037753, 19.7465494620001], [84.313972022, 19.7465632600001], [84.3139796720001, 19.7466002530001], [84.3141114100001, 19.7466002530001], [84.3141383490001, 19.7465414320001], [84.3141711590001, 19.746556356], [84.3142091890001, 19.7466165290001], [84.314209684, 19.7466692260001], [84.31463433, 19.7466636790001], [84.3146239010001, 19.7464150220001], [84.3144883290001, 19.7463953910001], [84.314516138, 19.745956972], [84.314224139, 19.746071484], [84.313949521, 19.7460911150001], [84.3138591410001, 19.745924254], [84.3139981880001, 19.745888264], [84.3140503320001, 19.7454891080001], [84.3139425700001, 19.745521825], [84.313866095, 19.7454760200001], [84.3138626190001, 19.7454433030001], [84.313570623, 19.7450081550001], [84.3134141950001, 19.7450114260001], [84.3133620520001, 19.745155384], [84.3134107180001, 19.7452797120001], [84.3133203370001, 19.745263353], [84.3132716690001, 19.74547929], [84.313327288, 19.745587259], [84.313334238, 19.7458588170001], [84.3137563830001, 19.74591202]]], [[[84.310764405, 19.747076146], [84.3107770610001, 19.747248235], [84.3113549600001, 19.7471323780001], [84.311428532, 19.747322959], [84.311762372, 19.7472601870001], [84.3118984120001, 19.747292643], [84.3118556210001, 19.7470465910001], [84.3119358440001, 19.747020773], [84.3117242470001, 19.7468295480001], [84.310764405, 19.747076146]]], [[[84.3179824840001, 19.7606843730001], [84.3179795180001, 19.760724824], [84.31793086, 19.760716345], [84.3178321930001, 19.760730546], [84.317806207, 19.760711331], [84.317858845, 19.7606052200001], [84.3179388500001, 19.760611182], [84.317948243, 19.7605909210001], [84.31765405, 19.760246431], [84.3174630080001, 19.7603127880001], [84.317772742, 19.760666326], [84.317706925, 19.760713814], [84.3177562880001, 19.760780917], [84.3176860830001, 19.760828405], [84.3176718230001, 19.7607860790001], [84.317734349, 19.7607540760001], [84.3177014400001, 19.760712782], [84.3174425600001, 19.760840794], [84.317463402, 19.7608862170001], [84.3174304940001, 19.760906864], [84.3174118460001, 19.760858344], [84.3173866160001, 19.760880023], [84.317478759, 19.761057588], [84.3177628700001, 19.760929576], [84.317747512, 19.760896541], [84.317776033, 19.7608862170001], [84.317839656, 19.760905832], [84.31789231, 19.7608841520001], [84.3179115250001, 19.76097982], [84.3178349520001, 19.761025622], [84.3177694030001, 19.7610084360001], [84.3178308400001, 19.761233953], [84.318045779, 19.761169705], [84.3179970260001, 19.7609730670001], [84.3179146090001, 19.7609818070001], [84.3178960370001, 19.76088458], [84.3181084980001, 19.7607909280001], [84.3179595980001, 19.760602239], [84.3179469090001, 19.7606231120001], [84.3179824840001, 19.7606843730001]]], [[[84.318617267, 19.761546622], [84.3186071280001, 19.7614836810001], [84.3186755520001, 19.7614758600001], [84.318758142, 19.7614817250001], [84.3184601980001, 19.760705135], [84.3183271890001, 19.7607583120001], [84.318302584, 19.7608294350001], [84.318130855, 19.7608416680001], [84.3180005090001, 19.7609528080001], [84.3182562420001, 19.7619488730001], [84.3184968040001, 19.7618925680001], [84.3188861930001, 19.761792864], [84.3187582690001, 19.7614915120001], [84.318696226, 19.761546622], [84.318617267, 19.761546622]]], [[[84.30614546, 19.7844998320001], [84.306153855, 19.7844389910001], [84.3060796090001, 19.7844199690001], [84.306114531, 19.784283041], [84.306049929, 19.7842424410001], [84.3060870690001, 19.7841936720001], [84.3054965600001, 19.7840278960001], [84.3057935360001, 19.7837828030001], [84.3057270830001, 19.784024618], [84.3059115470001, 19.784070645], [84.3060317960001, 19.783726168], [84.3061129750001, 19.783641002], [84.306161671, 19.7836563400001], [84.3063741890001, 19.7832099550001], [84.3062893700001, 19.783119229], [84.306166842, 19.7831382320001], [84.3060291450001, 19.7830672420001], [84.305878883, 19.782833623], [84.3056979200001, 19.7828535410001], [84.3056234360001, 19.782749591], [84.3057222410001, 19.782503353], [84.3056710960001, 19.782441954], [84.3054973930001, 19.7824253540001], [84.305426201, 19.7823458030001], [84.3054573470001, 19.7823102140001], [84.3053661330001, 19.7822704390001], [84.3052281980001, 19.7822704390001], [84.3049567790001, 19.7828063630001], [84.305217075, 19.782883821], [84.3053639090001, 19.783003148], [84.3053962380001, 19.7833232], [84.305325042, 19.783454136], [84.3053318250001, 19.783660415], [84.3054129380001, 19.783818411], [84.305408975, 19.7842904140001], [84.3054162870001, 19.7843335100001], [84.3053862460001, 19.784424959], [84.305418897, 19.7845212230001], [84.305344184, 19.7846138530001], [84.3053694880001, 19.7846607000001], [84.3055345340001, 19.7846781420001], [84.3056173670001, 19.784531445], [84.305881652, 19.784565645], [84.305896912, 19.7846363630001], [84.3060445620001, 19.784688874], [84.3060623700001, 19.784578772], [84.30614546, 19.7844998320001]]], [[[84.30437627, 19.7846339990001], [84.3044015130001, 19.7845413650001], [84.3045197540001, 19.7845454530001], [84.3045411290001, 19.784500634], [84.3045864970001, 19.7844986040001], [84.30456882, 19.78458648], [84.3046731580001, 19.7845947180001], [84.3046986460001, 19.784512825], [84.3047143060001, 19.7843601590001], [84.304649947, 19.7842852310001], [84.3046222250001, 19.7843028940001], [84.304587305, 19.7844059610001], [84.304676128, 19.7844219730001], [84.30466799, 19.784472281], [84.30455206, 19.7844561380001], [84.3045510040001, 19.7844239780001], [84.3042162690001, 19.7843959750001], [84.3042382500001, 19.78432258], [84.3038425290001, 19.784273484], [84.30381543, 19.7842267230001], [84.3044188540001, 19.784297], [84.304396769, 19.7842112160001], [84.3037567150001, 19.7841075760001], [84.3037315500001, 19.7839702680001], [84.3039386520001, 19.783996356], [84.303941249, 19.784075316], [84.3040447910001, 19.7840942720001], [84.3041387700001, 19.783966551], [84.304170421, 19.7839832980001], [84.3042103650001, 19.784052649], [84.304204746, 19.7841266340001], [84.3043251190001, 19.784140011], [84.304334075, 19.784071532], [84.304281728, 19.784026313], [84.304318897, 19.783987026], [84.304363843, 19.7840639720001], [84.3044095860001, 19.7840601950001], [84.304362558, 19.783899144], [84.303701597, 19.7837942730001], [84.3036540130001, 19.7834260870001], [84.3043658460001, 19.783518811], [84.3043141270001, 19.783277852], [84.3042602680001, 19.783353821], [84.3042167520001, 19.783323167], [84.3042447880001, 19.78324438], [84.3042431270001, 19.7831465150001], [84.3043134040001, 19.783121749], [84.3042491620001, 19.782921141], [84.3036262270001, 19.7829510010001], [84.3036443330001, 19.7833928100001], [84.30372952, 19.784045038], [84.3037748140001, 19.784168777], [84.3038558740001, 19.784308793], [84.3039418480001, 19.78451893], [84.3041055570001, 19.7844320020001], [84.3041610970001, 19.7845087590001], [84.3041466270001, 19.784543409], [84.3041841740001, 19.7846257090001], [84.30437627, 19.7846339990001]]], [[[84.307228954, 19.789338162], [84.307225583, 19.789248291], [84.3072612920001, 19.7891806440001], [84.306945435, 19.7891883990001], [84.3069490490001, 19.789076843], [84.306494667, 19.7891364560001], [84.306487211, 19.789018103], [84.307300233, 19.788925556], [84.3073027720001, 19.788892333], [84.307330328, 19.7888228420001], [84.3073522190001, 19.7883060400001], [84.307186055, 19.788295539], [84.3069740080001, 19.7883748830001], [84.3069640880001, 19.7884402240001], [84.306778083, 19.7885417360001], [84.306468856, 19.788596969], [84.306497547, 19.7894447210001], [84.3066282780001, 19.7894645440001], [84.306708416, 19.7894291810001], [84.3067782040001, 19.7893631310001], [84.3068736180001, 19.7893129170001], [84.306946644, 19.7893087470001], [84.3070271160001, 19.789332406], [84.307228954, 19.789338162]]], [[[84.3077377330001, 19.7887813290001], [84.307778381, 19.7887212250001], [84.307691278, 19.7885627700001], [84.3077067630001, 19.7885154160001], [84.307644823, 19.78834239], [84.3075673980001, 19.788222182], [84.3074319040001, 19.7882312890001], [84.3073544790001, 19.7883023210001], [84.3073330730001, 19.788823854], [84.3073045780001, 19.7888930010001], [84.307291245, 19.7890329690001], [84.3072652230001, 19.7890364670001], [84.307252212, 19.7891125470001], [84.3072670810001, 19.7891746350001], [84.3072283970001, 19.7892494390001], [84.307234253, 19.789372949], [84.3074051150001, 19.7895590320001], [84.308136748, 19.7895910400001], [84.308211552, 19.7895164600001], [84.307966138, 19.788914285], [84.3078709340001, 19.788882857], [84.3078503790001, 19.78957624], [84.3076717640001, 19.789567882], [84.3076782240001, 19.7893568100001], [84.307712875, 19.7888996520001], [84.3077377330001, 19.7887813290001]]], [[[84.307713215, 19.78935827], [84.3077688010001, 19.7893481880001], [84.3078069750001, 19.7893412560001], [84.3078531850001, 19.7893456670001], [84.307852515, 19.7893620510001], [84.30777148, 19.789360791], [84.307715225, 19.7893645720001], [84.3076824090001, 19.789374024], [84.3076732110001, 19.789566247], [84.307849026, 19.7895750120001], [84.3078676380001, 19.7888859500001], [84.3078151700001, 19.7888763510001], [84.3077991370001, 19.78892983], [84.3077685310001, 19.7889120040001], [84.307716063, 19.788905148], [84.307681739, 19.789366462], [84.307713215, 19.78935827]]], [[[84.3117271460001, 19.789545301], [84.3118396260001, 19.7896312300001], [84.311855225, 19.7895954430001], [84.3119019540001, 19.7895849600001], [84.3119267650001, 19.789619627], [84.311983201, 19.789527648], [84.3120235850001, 19.789403577], [84.3118983850001, 19.7892931280001], [84.3118848700001, 19.789264372], [84.3118295250001, 19.789224953], [84.3118601370001, 19.7892082860001], [84.3119018310001, 19.7892475850001], [84.3119344470001, 19.789246599], [84.311980776, 19.78928518], [84.3119923400001, 19.789262394], [84.3118978620001, 19.789050049], [84.311739549, 19.7889641990001], [84.3116855850001, 19.789068147], [84.311739065, 19.7891828910001], [84.3116393160001, 19.789230848], [84.3116512710001, 19.789290146], [84.311692534, 19.7892871660001], [84.3117212980001, 19.7893230330001], [84.311629662, 19.789410681], [84.311628673, 19.7894432690001], [84.3115358520001, 19.7895183260001], [84.3117271460001, 19.789545301]]], [[[84.3087597150001, 19.7900074930001], [84.3088313330001, 19.789993252], [84.3089085180001, 19.7900021500001], [84.3089989580001, 19.7899914500001], [84.308973789, 19.789917444], [84.3090430020001, 19.7898937620001], [84.309087047, 19.789932245], [84.309332436, 19.789807915], [84.3092091940001, 19.7895851960001], [84.3090091190001, 19.7894371720001], [84.308853679, 19.789256815], [84.3087173540001, 19.789264797], [84.3087724440001, 19.789440116], [84.308907365, 19.789590796], [84.3087035360001, 19.789771661], [84.308649308, 19.7897334840001], [84.3085399430001, 19.789789064], [84.3085981510001, 19.789991474], [84.3087597150001, 19.7900074930001]]], [[[84.3106683070001, 19.7901719110001], [84.3106276140001, 19.790177016], [84.310598676, 19.7901387260001], [84.310610432, 19.790114051], [84.31067102, 19.79012341], [84.310750597, 19.790063849], [84.3107605440001, 19.7900144980001], [84.31069001, 19.790018752], [84.3106845840001, 19.7899642950001], [84.3106420820001, 19.7899489800001], [84.310629422, 19.7899353650001], [84.310643891, 19.789895374], [84.3106303270001, 19.7898741020001], [84.3104892570001, 19.7899745060001], [84.3104557990001, 19.7900544890001], [84.3104820230001, 19.7901046910001], [84.3106194750001, 19.7902876310001], [84.310629422, 19.790318262], [84.3107967000001, 19.7902616000001], [84.310853686, 19.7902204110001], [84.3108781020001, 19.7901693580001], [84.31084193, 19.79007491], [84.3107967160001, 19.790102989], [84.3107524060001, 19.790066401], [84.310673733, 19.790125963], [84.310693627, 19.7901497880001], [84.3106683070001, 19.7901719110001]]], [[[84.3081976810001, 19.791079887], [84.3082308580001, 19.791041185], [84.3081645190001, 19.790958027], [84.308141042, 19.7909704160001], [84.3081064530001, 19.790948137], [84.308113592, 19.790916941], [84.3081620130001, 19.7909063120001], [84.3081862000001, 19.790931695], [84.3081671210001, 19.7909588520001], [84.3082325990001, 19.791039509], [84.3082880000001, 19.7909765860001], [84.3080994700001, 19.7907263820001], [84.3080558550001, 19.7907713920001], [84.3080108330001, 19.790733001], [84.3080164610001, 19.790701229], [84.3080699240001, 19.790678724], [84.3078237110001, 19.790347766], [84.3077815030001, 19.790343794], [84.307609858, 19.7904271950001], [84.3078208970001, 19.7907303530001], [84.307825118, 19.7907952210001], [84.3080952500001, 19.7911394180001], [84.3081976810001, 19.791079887]]], [[[84.3052508810001, 19.7933121360001], [84.3052703230001, 19.793267106], [84.3053914640001, 19.7932220750001], [84.3054453030001, 19.793251626], [84.3055230720001, 19.793212225], [84.3054348350001, 19.79308417], [84.3055679380001, 19.792961744], [84.3054497900001, 19.7927183], [84.305393397, 19.792563521], [84.3054472370001, 19.7925325630001], [84.3054846250001, 19.792493161], [84.305520518, 19.792514269], [84.305646144, 19.7924819040001], [84.3055235090001, 19.7923200770001], [84.305387415, 19.7921863930001], [84.3053290880001, 19.7920949260001], [84.3053231060001, 19.7920513030001], [84.3052288870001, 19.7921878], [84.305350026, 19.7922863040001], [84.3053201150001, 19.7923496280001], [84.305261789, 19.792366514], [84.3051182170001, 19.792310226], [84.3051660740001, 19.7922131300001], [84.305218418, 19.7921948360001], [84.3053597690001, 19.7919910680001], [84.305382202, 19.791895379], [84.3053463090001, 19.791833463], [84.3051758180001, 19.7916463060001], [84.305129456, 19.7916716350001], [84.304979535, 19.79180983], [84.305161991, 19.792001209], [84.3050573030001, 19.7920912700001], [84.3050333750001, 19.792064533], [84.3047477260001, 19.7922151020001], [84.304871856, 19.7923220490001], [84.3048374580001, 19.792423367], [84.3047465940001, 19.7924174], [84.3045925530001, 19.792359704], [84.3045043160001, 19.792437099], [84.304679294, 19.792627071], [84.304743602, 19.792601742], [84.3047465940001, 19.79254264], [84.304806415, 19.792500424], [84.3048587590001, 19.7925567120001], [84.304879697, 19.79262285], [84.3048273530001, 19.792679138], [84.3048138930001, 19.7927255750001], [84.3047705220001, 19.792741054], [84.3047779990001, 19.7927804560001], [84.3048176890001, 19.7928215110001], [84.304871528, 19.7929594170001], [84.304991172, 19.792889057], [84.3049657480001, 19.792849656], [84.305034543, 19.7927821100001], [84.3051063290001, 19.7928172900001], [84.3050764180001, 19.7928721710001], [84.3050315520001, 19.7929143870001], [84.304991172, 19.7928932790001], [84.3048730240001, 19.7929636380001], [84.3050106140001, 19.793228191], [84.3052065310001, 19.793512444], [84.3055604610001, 19.793437376], [84.305529054, 19.793212225], [84.3054438080001, 19.7932558480001], [84.3054557720001, 19.7933473160001], [84.3053989410001, 19.793374053], [84.30532865, 19.7932980640001], [84.305289766, 19.793337466], [84.3052508810001, 19.7933121360001]]], [[[84.306371303, 19.792893667], [84.306246334, 19.792673918], [84.3061764380001, 19.792659304], [84.3061570230001, 19.792621549], [84.3061906760001, 19.7926081520001], [84.3062178580001, 19.7925131550001], [84.306184204, 19.792430338], [84.306022408, 19.792384058], [84.3058831000001, 19.7924207], [84.305903851, 19.792446259], [84.3058973220001, 19.7925023170001], [84.30583448, 19.7924854230001], [84.3058418250001, 19.7924332040001], [84.3055178230001, 19.7925199790001], [84.305520443, 19.792559915], [84.3054814910001, 19.792567498], [84.305449255, 19.7925346380001], [84.3053968720001, 19.792566234], [84.3054519410001, 19.7927141000001], [84.3055728260001, 19.792963071], [84.3054411950001, 19.7930856610001], [84.3055338730001, 19.7932069870001], [84.305563422, 19.793434474], [84.3058199010001, 19.793355252], [84.3057577710001, 19.793273653], [84.305769421, 19.7932285900001], [84.305823784, 19.7932687810001], [84.3059208620001, 19.7931957070001], [84.3060800700001, 19.793154298], [84.306076186, 19.793066609], [84.306371303, 19.792893667]]], [[[84.3047699570001, 19.792775829], [84.304682825, 19.79263767], [84.3045053340001, 19.7924433360001], [84.3044359510001, 19.792538984], [84.3041777810001, 19.792976609], [84.3040874210001, 19.793255964], [84.3041051690001, 19.7935140640001], [84.304607231, 19.793542729], [84.304846039, 19.793548802], [84.304846039, 19.7935989040001], [84.3050154630001, 19.7935897940001], [84.305092915, 19.793595867], [84.3050896880001, 19.793664188], [84.305290911, 19.7937066980001], [84.3051892560001, 19.7935078090001], [84.3050069220001, 19.7932299730001], [84.3049004270001, 19.7930310840001], [84.304871383, 19.793102441], [84.304742527, 19.7931523510001], [84.3045779440001, 19.7929610530001], [84.3045795580001, 19.792895769], [84.3047699570001, 19.792775829]]], [[[84.312443999, 19.793742434], [84.312376919, 19.7936357350001], [84.312496706, 19.793580132], [84.312443999, 19.793488461], [84.3121006100001, 19.793634232], [84.3118626340001, 19.793432857], [84.3119424920001, 19.793399795], [84.3118642320001, 19.79323599], [84.312265585, 19.7930423560001], [84.312126633, 19.7927402940001], [84.312457243, 19.792597529], [84.3124284940001, 19.792499847], [84.3127942410001, 19.792346561], [84.3131376320001, 19.7933878860001], [84.3133123840001, 19.793336332], [84.313246786, 19.79317631], [84.3131990040001, 19.7931603070001], [84.3132062930001, 19.793106967], [84.313261363, 19.793117635], [84.313271081, 19.793142781], [84.3132475960001, 19.7931747860001], [84.313313194, 19.793333283], [84.313728649, 19.79311992], [84.3136282400001, 19.7927435230001], [84.3135867140001, 19.7927510380001], [84.3135835190001, 19.7927149710001], [84.3136202540001, 19.7927029480001], [84.313599578, 19.792488808], [84.3135516620001, 19.7923565620001], [84.313583604, 19.792153684], [84.313024603, 19.792266397], [84.3128600970001, 19.7923039680001], [84.312450841, 19.792442798], [84.3122432120001, 19.792534468], [84.312101065, 19.79263215], [84.3120020420001, 19.7927313340001], [84.311685658, 19.793007759], [84.3114364310001, 19.793273175], [84.3118787000001, 19.7941069], [84.312443999, 19.793742434]]], [[[84.3105863430001, 19.7931704810001], [84.310482043, 19.7931312260001], [84.3104775730001, 19.793190108], [84.310634023, 19.793365355], [84.310604223, 19.793397601], [84.3108053720001, 19.793642946], [84.3108962630001, 19.793527984], [84.3109618230001, 19.7935560240001], [84.3110124830001, 19.793642946], [84.3112806830001, 19.793379375], [84.311384983, 19.7932630120001], [84.311334323, 19.793282639], [84.3110571830001, 19.7932125410001], [84.3109826830001, 19.7931214130001], [84.310887323, 19.792981216], [84.3105863430001, 19.7931704810001]]], [[[84.3225529810001, 19.619914281], [84.3224174000001, 19.6198896], [84.322184947, 19.620238753], [84.3221676640001, 19.6202996280001], [84.3224241840001, 19.6204123250001], [84.322551708, 19.6205128140001], [84.322960385, 19.620553123], [84.3229835130001, 19.6204926830001], [84.322896815, 19.620238753], [84.322743227, 19.620061859], [84.322692868, 19.620060805], [84.3226760810001, 19.6200007200001], [84.3225966250001, 19.619960663], [84.3225529810001, 19.619914281]]], [[[84.323021655, 19.6203931640001], [84.3230122640001, 19.6203958180001], [84.3230366820001, 19.620463935], [84.3230714310001, 19.620523206], [84.3231606520001, 19.620371048], [84.323251751, 19.620248083], [84.3232564470001, 19.620179966], [84.3233109190001, 19.620172005], [84.3233184320001, 19.620136619], [84.3231644090001, 19.620034001], [84.3231118150001, 19.620074694], [84.323108059, 19.6200994640001], [84.323138112, 19.620114503], [84.3230648570001, 19.6202029670001], [84.323021655, 19.620187043], [84.322945583, 19.620240122], [84.3230113280001, 19.6203947990001], [84.323021398, 19.6203925400001], [84.3230272900001, 19.6203630860001], [84.3230545260001, 19.6203613170001], [84.3230601610001, 19.6203825480001], [84.3230413780001, 19.6203958180001], [84.323021655, 19.6203931640001]]], [[[84.323916662, 19.6203820320001], [84.3238773290001, 19.6204366160001], [84.32385809, 19.620428783], [84.3238545190001, 19.6204036240001], [84.3238892850001, 19.620376863], [84.3238847600001, 19.620337405], [84.3239362900001, 19.6202711760001], [84.323956498, 19.6201791990001], [84.3239314200001, 19.620173402], [84.3239150810001, 19.620110235], [84.3238855150001, 19.6200925050001], [84.323871744, 19.6201112210001], [84.3238018420001, 19.620139841], [84.323788264, 19.620107278], [84.323812709, 19.6200767670001], [84.3237346830001, 19.6200659580001], [84.3237088750001, 19.620122069], [84.323663041, 19.620156648], [84.323649624, 19.620221123], [84.3235957160001, 19.6202839330001], [84.3235833410001, 19.620333003], [84.32348061, 19.6204543920001], [84.323667652, 19.620543501], [84.32387693, 19.6206086710001], [84.3240006820001, 19.6206820900001], [84.3240432800001, 19.620653652], [84.324083326, 19.620594281], [84.324049916, 19.6206134880001], [84.3240253580001, 19.620583552], [84.3240718590001, 19.620514526], [84.3241062610001, 19.620556376], [84.324207765, 19.6204288280001], [84.324153562, 19.620230113], [84.3239923790001, 19.620162586], [84.323987125, 19.6201794250001], [84.3239591830001, 19.6201791990001], [84.3239399130001, 19.620273707], [84.3239689980001, 19.620299092], [84.3239465980001, 19.620345957], [84.323916662, 19.6203820320001]]], [[[84.3234809310001, 19.6204563530001], [84.3234746480001, 19.6204885720001], [84.32342271, 19.6205506160001], [84.3233977830001, 19.620553575], [84.323362451, 19.6206074460001], [84.3233901990001, 19.620621859], [84.3233665330001, 19.6206424850001], [84.3233233730001, 19.6207498210001], [84.3233384740001, 19.6207812210001], [84.3233771110001, 19.6208393840001], [84.3234866230001, 19.6208702180001], [84.3235270850001, 19.620905662], [84.323546417, 19.6209510800001], [84.323605274, 19.6209562710001], [84.3236526690001, 19.620857674], [84.323820256, 19.620763461], [84.3238579600001, 19.6206547890001], [84.32384103, 19.620626428], [84.32385944, 19.620605934], [84.323736087, 19.620566189], [84.3237322300001, 19.620600648], [84.3237155670001, 19.6206135050001], [84.3236863590001, 19.6206119890001], [84.3236647940001, 19.6205773730001], [84.323684417, 19.6205506160001], [84.3236627250001, 19.6205447090001], [84.3234809310001, 19.6204563530001]]], [[[84.324404095, 19.620902491], [84.3243819360001, 19.620893046], [84.324419569, 19.620827343], [84.324446111, 19.6208585410001], [84.324431792, 19.62088571], [84.324484302, 19.6209615940001], [84.324677019, 19.6208396320001], [84.324612207, 19.6206852130001], [84.32457572, 19.620642968], [84.324504136, 19.6205225520001], [84.324484043, 19.620442256], [84.3241998980001, 19.6207051910001], [84.3240070150001, 19.6208218950001], [84.32420197, 19.621047634], [84.324246997, 19.6211637800001], [84.324501334, 19.621022569], [84.3244944560001, 19.620979651], [84.324428471, 19.620886758], [84.324404095, 19.620902491]]], [[[84.3231355880001, 19.622462721], [84.3232440240001, 19.622459017], [84.323253101, 19.622428691], [84.3232239650001, 19.622424675], [84.323259616, 19.6223671720001], [84.32324822, 19.6223253970001], [84.3232771790001, 19.6223071640001], [84.3233177330001, 19.622329253], [84.323295708, 19.622368152], [84.3232729010001, 19.6223740410001], [84.3232482280001, 19.622459017], [84.3237513280001, 19.622454953], [84.3237973450001, 19.622407529], [84.323767844, 19.622297981], [84.323707088, 19.622127414], [84.323608268, 19.622045836], [84.3235431090001, 19.6220799270001], [84.3235850940001, 19.622125027], [84.3235466420001, 19.622167001], [84.3234893060001, 19.6221718250001], [84.3234799940001, 19.6221119210001], [84.323521112, 19.6220716730001], [84.3233538040001, 19.622052866], [84.323368869, 19.6220881990001], [84.323340069, 19.6221166820001], [84.32331199, 19.6220917480001], [84.323349917, 19.6220552120001], [84.3232086100001, 19.6220493490001], [84.3231769500001, 19.622035312], [84.3231533960001, 19.6221190640001], [84.323196867, 19.622096486], [84.3232182350001, 19.622117873], [84.3231927900001, 19.622144163], [84.323209444, 19.622197242], [84.3231411890001, 19.622203316], [84.323120547, 19.6222620790001], [84.323076987, 19.622263312], [84.3230453840001, 19.622373231], [84.323079889, 19.622378295], [84.3230976740001, 19.6224331120001], [84.3231355880001, 19.622462721]]], [[[84.3219766000001, 19.6307196610001], [84.3219786120001, 19.630677276], [84.321929718, 19.63066101], [84.321875198, 19.630677276], [84.32188432, 19.630632862], [84.3218726520001, 19.6306134110001], [84.321826318, 19.630631781], [84.321832204, 19.6306761910001], [84.32180551, 19.630707693], [84.3217682910001, 19.6306957350001], [84.32172318, 19.630586442], [84.3216639760001, 19.630619892], [84.321624581, 19.6306155710001], [84.321612735, 19.630655592], [84.3216400860001, 19.630697566], [84.3216043480001, 19.6307586180001], [84.321611196, 19.6307940020001], [84.321581048, 19.6308203620001], [84.3215554430001, 19.63081376], [84.321494993, 19.630845521], [84.3214223730001, 19.630832265], [84.3213983320001, 19.6308774670001], [84.321427256, 19.6309284290001], [84.3214179190001, 19.631016704], [84.3214884070001, 19.6310551650001], [84.3214960480001, 19.631034528], [84.321524944, 19.631048277], [84.3215052470001, 19.6310952800001], [84.321606961, 19.631190481], [84.321851526, 19.630952451], [84.3220117230001, 19.63074363], [84.3219766000001, 19.6307196610001]]], [[[84.3214658800001, 19.6310457050001], [84.3213203350001, 19.631114783], [84.3212118470001, 19.6310670240001], [84.321106897, 19.6312291830001], [84.321046757, 19.6312891590001], [84.321006663, 19.631269167], [84.320846289, 19.6315146260001], [84.321129302, 19.631620141], [84.321250761, 19.631482417], [84.3213321280001, 19.6314291040001], [84.3213958050001, 19.6312980450001], [84.321540849, 19.631146992], [84.3214658800001, 19.6310457050001]]], [[[84.3214015920001, 19.6312980010001], [84.3213349010001, 19.631431094], [84.3212508190001, 19.631485125], [84.3211345170001, 19.6316190900001], [84.3212618200001, 19.6316931040001], [84.3216467, 19.6313091160001], [84.3215730460001, 19.6312380030001], [84.321548207, 19.631254895], [84.3215069880001, 19.6312409780001], [84.3215195650001, 19.6311848980001], [84.3214015920001, 19.6312980010001]]], [[[84.332930407, 19.6334773360001], [84.3328756600001, 19.6333897580001], [84.332802664, 19.6333594750001], [84.3327913670001, 19.633392214], [84.332775725, 19.6334028540001], [84.3327470470001, 19.6334118570001], [84.332738357, 19.633400399], [84.3327531300001, 19.6333807550001], [84.3327991880001, 19.6333602930001], [84.3327427020001, 19.633283356], [84.3326410290001, 19.63328663], [84.3325749850001, 19.6333447420001], [84.332663623, 19.633430682], [84.332800057, 19.63363121], [84.3329399660001, 19.6335419960001], [84.3329095510001, 19.6334986160001], [84.332930407, 19.6334773360001]]], [[[84.3333189580001, 19.6340520430001], [84.3333414250001, 19.633983271], [84.3332749050001, 19.6338684890001], [84.3331809410001, 19.6338099610001], [84.3331703330001, 19.6337885500001], [84.3331051750001, 19.6337143320001], [84.3330218450001, 19.6336379850001], [84.3329907940001, 19.63358305], [84.332913508, 19.63363299], [84.3329975770001, 19.633760717], [84.333115782, 19.6339119840001], [84.3331847320001, 19.633822793], [84.333260495, 19.6338656030001], [84.3331703280001, 19.633961291], [84.3332574890001, 19.6340848150001], [84.3333189580001, 19.6340520430001]]], [[[84.3331182350001, 19.633919963], [84.3329968460001, 19.6337631100001], [84.3328848640001, 19.6338125030001], [84.3330776110001, 19.6340445170001], [84.333075018, 19.6340713820001], [84.3332997470001, 19.634395387], [84.3334112470001, 19.6343164210001], [84.333169158, 19.633962244], [84.3331416730001, 19.633978174], [84.3331078450001, 19.6339393430001], [84.3331182350001, 19.633919963]]], [[[84.3304925199747, 19.6380535778876], [84.3304865521675, 19.6379940235806], [84.330526853753, 19.6379604956717], [84.330561333013, 19.6379828330418], [84.3306202584676, 19.6379293208305], [84.3305644130508, 19.6378805603149], [84.330485349491, 19.6377784073414], [84.3303921525742, 19.6378783505039], [84.3303698798103, 19.6380344305725], [84.3303173650191, 19.6381716478125], [84.3302746718989, 19.6382289900324], [84.3303595414989, 19.6383157176836], [84.3304250452065, 19.6382681998129], [84.3304023174151, 19.6382255388682], [84.3304456902108, 19.6382094512602], [84.3304494176614, 19.6381499567508], [84.3303956387664, 19.6381192256388], [84.3304340275018, 19.638084075951], [84.3304746249855, 19.6380829444759], [84.3304925199747, 19.6380535778876]]], [[[84.333699279, 19.638813171], [84.3336681870001, 19.6388095140001], [84.333552275, 19.638900119], [84.33367953, 19.6390166250001], [84.3340211060001, 19.638879053], [84.3340599250001, 19.63884976], [84.3338954480001, 19.638664389], [84.333833386, 19.6387958020001], [84.3337371370001, 19.6388616580001], [84.33370992, 19.6388543360001], [84.333699279, 19.638813171]]], [[[84.3337601112406, 19.6390170368935], [84.3337146210759, 19.6390448942461], [84.3337127654633, 19.6390820039056], [84.3338680295011, 19.6392601222897], [84.3340105799476, 19.6390820038126], [84.3339890829977, 19.6390570018026], [84.3339639566278, 19.6390621140022], [84.3339412774637, 19.6390214518619], [84.3339693661134, 19.6389888054496], [84.333940057677, 19.638914166317], [84.333749278648, 19.6389919294893], [84.3337601112406, 19.6390170368935]]], [[[84.3317581690572, 19.6389015242901], [84.3316568520731, 19.6390540022917], [84.3317354176718, 19.6391104308319], [84.331779893933, 19.6390529809435], [84.3318224504487, 19.6390427744806], [84.3318578507634, 19.639114553671], [84.331868262014, 19.6392006831662], [84.3319121875574, 19.6392394401816], [84.3319961105784, 19.6392436436501], [84.3320368025244, 19.639217415384], [84.3320991961773, 19.6392773665698], [84.3321755745264, 19.6392763101269], [84.3322523328297, 19.6392436435667], [84.3321296041932, 19.6391517740309], [84.3321045464563, 19.6391663051655], [84.3320835794906, 19.6391559225598], [84.3320911161404, 19.6391424493695], [84.3320065164931, 19.6390949935898], [84.3317581690572, 19.6389015242901]]], [[[84.3335725590001, 19.6391643740001], [84.3334213810001, 19.6392684890001], [84.333353516, 19.6392131910001], [84.333231562, 19.639399086], [84.333528669, 19.639747589], [84.3337357300001, 19.6394519850001], [84.3338661060001, 19.639263666], [84.333710028, 19.6390833570001], [84.3337125370001, 19.6390469040001], [84.333614009, 19.63897057], [84.333545434, 19.638951116], [84.3334753660001, 19.639051345], [84.333549217, 19.6390830400001], [84.3335725590001, 19.6391643740001]]], [[[84.3325771, 19.6400838000001], [84.3322934000001, 19.6396574], [84.3322247560001, 19.6395808400001], [84.3320777320001, 19.639669027], [84.332469653, 19.640196244], [84.3325771, 19.6400838000001]]], [[[84.318334238, 19.7590119180001], [84.3183853250001, 19.7590057140001], [84.318530346, 19.758918861], [84.3186012090001, 19.7588521710001], [84.318624281, 19.758856823], [84.31875447, 19.7588071930001], [84.318840165, 19.758833559], [84.3188714760001, 19.7588180490001], [84.318790725, 19.7586241820001], [84.3188105, 19.758526472], [84.3188418120001, 19.75844117], [84.3189597460001, 19.758150232], [84.318897603, 19.758050698], [84.3187028550001, 19.757892939], [84.318052434, 19.759104974], [84.318093634, 19.759103424], [84.318138129, 19.7590879140001], [84.3182106400001, 19.7591049750001], [84.318334238, 19.7590119180001]]], [[[84.3185039400001, 19.759354753], [84.3184529330001, 19.759448569], [84.3184627250001, 19.75949653], [84.3184382900001, 19.7595137210001], [84.3183712900001, 19.75943325], [84.318434681, 19.75932655], [84.318423609, 19.759286902], [84.3184503050001, 19.7592708920001], [84.3184345540001, 19.7592348100001], [84.3182723040001, 19.7593162220001], [84.318223962, 19.7591667900001], [84.3179510470001, 19.759363711], [84.3180757550001, 19.7596178110001], [84.3181761500001, 19.7595985990001], [84.3181719550001, 19.7595417360001], [84.3183349050001, 19.759489075], [84.3185277030001, 19.759933244], [84.3183532150001, 19.759993663], [84.318370004, 19.7600593720001], [84.3184116740001, 19.7600760080001], [84.3184904380001, 19.760054398], [84.318485772, 19.7600197890001], [84.3185266880001, 19.759990412], [84.318976508, 19.760434764], [84.31903907, 19.7603887120001], [84.3191006200001, 19.7604608230001], [84.319216769, 19.7604125830001], [84.318725612, 19.759856746], [84.318674866, 19.759787375], [84.318585054, 19.759549964], [84.3185186150001, 19.7595802110001], [84.3184558600001, 19.7595722240001], [84.318446737, 19.759553135], [84.3185550850001, 19.7595043330001], [84.3185039400001, 19.759354753]]], [[[84.3201050440001, 19.7612134870001], [84.3201371930001, 19.7612178630001], [84.3201542560001, 19.7612485650001], [84.320597542, 19.7610866410001], [84.3205233780001, 19.760985013], [84.3202897580001, 19.7606832320001], [84.3200708370001, 19.760429435], [84.3198145430001, 19.7601741720001], [84.3197247640001, 19.760263111], [84.31963362, 19.760295813], [84.3197937520001, 19.7605365910001], [84.3197446570001, 19.7605660830001], [84.319770771, 19.7605995070001], [84.3197195870001, 19.7606211350001], [84.319690339, 19.7605768970001], [84.3195973730001, 19.7606358800001], [84.3196966070001, 19.760797102], [84.3197619480001, 19.760810495], [84.319738145, 19.7608417440001], [84.3196848600001, 19.7608261], [84.3196922660001, 19.7608001130001], [84.3194484700001, 19.7603953240001], [84.3192994950001, 19.7604454360001], [84.319214441, 19.7604854590001], [84.3197247640001, 19.7613926400001], [84.3201221130001, 19.7612558910001], [84.320027042, 19.76123247], [84.320036207, 19.7612032820001], [84.3200804740001, 19.761184364], [84.3201050440001, 19.7612134870001]]], [[[84.3200524210001, 19.761967934], [84.3202266820001, 19.7619956410001], [84.3202492760001, 19.7619231840001], [84.3203375570001, 19.761972196], [84.3204258370001, 19.761997772], [84.320805926, 19.7619338370001], [84.3209824850001, 19.761961539], [84.320932283, 19.761761307], [84.3208463510001, 19.761771953], [84.3208213760001, 19.7617208570001], [84.32076707, 19.7617059560001], [84.320769259, 19.761663388], [84.320857339, 19.761603807], [84.320929817, 19.761663388], [84.3210925430001, 19.761625082], [84.3209905580001, 19.7615208450001], [84.320700861, 19.7613040210001], [84.320566286, 19.761109607], [84.319334563, 19.761542531], [84.319470789, 19.76200843], [84.3195205640001, 19.7620212200001], [84.3196270030001, 19.7619487540001], [84.3197966700001, 19.7620382740001], [84.3200524210001, 19.761967934]]], [[[84.3210776080001, 19.7759453090001], [84.3210487490001, 19.7757740120001], [84.3209377530001, 19.7757990800001], [84.3209266530001, 19.7757865460001], [84.3208884730001, 19.7758343090001], [84.3209044540001, 19.775913975], [84.3208045580001, 19.775943221], [84.3207828440001, 19.775888438], [84.3206343370001, 19.775835294], [84.320589366, 19.775856945], [84.3205224330001, 19.7758352930001], [84.320543349, 19.775753609], [84.320582045, 19.775747704], [84.3205998240001, 19.775788054], [84.320616558, 19.775715227], [84.3206050530001, 19.775646336], [84.320642703, 19.775609923], [84.3206813990001, 19.7756492890001], [84.3207242780001, 19.7756778290001], [84.320723232, 19.7757378630001], [84.320684537, 19.77570637], [84.3206374740001, 19.7757299890001], [84.3206207410001, 19.7757191640001], [84.3206029620001, 19.7757900230001], [84.3206291070001, 19.775807737], [84.320635382, 19.7758313570001], [84.3207807530001, 19.7758835170001], [84.3208215400001, 19.7758520240001], [84.3208866950001, 19.775830415], [84.3209288730001, 19.7757740120001], [84.3209000140001, 19.7757343210001], [84.3209865910001, 19.7756570280001], [84.320782358, 19.7749070790001], [84.3205948620001, 19.7750515290001], [84.3205102520001, 19.7750614820001], [84.320317764, 19.7753799650001], [84.320266997, 19.7755173100001], [84.320186617, 19.775654656], [84.3200820490001, 19.7758927350001], [84.319881099, 19.7757892270001], [84.319771105, 19.7756021170001], [84.319798602, 19.7762629700001], [84.3201731410001, 19.7761696650001], [84.32022743, 19.776197736], [84.320265115, 19.7763463970001], [84.3207645990001, 19.7762043450001], [84.3207867990001, 19.7760748270001], [84.3210776080001, 19.7759453090001]]], [[[84.3264082050001, 19.7808200280001], [84.3264337360001, 19.7807395450001], [84.3264694800001, 19.780770778], [84.326460544, 19.7808440530001], [84.326501394, 19.780862072], [84.3265256490001, 19.780812821], [84.3265652220001, 19.78084045], [84.3266290510001, 19.780805614], [84.326706921, 19.780788796], [84.326719687, 19.780750357], [84.326783515, 19.780740747], [84.3268128760001, 19.78077318], [84.3268958530001, 19.7807743810001], [84.3269443620001, 19.780731137], [84.3268805340001, 19.780716722], [84.3268920230001, 19.7806530560001], [84.3269418090001, 19.7806434460001], [84.327022233, 19.7806878920001], [84.3270567000001, 19.780747954], [84.3271307410001, 19.7807599660001], [84.327152443, 19.780787595], [84.327139677, 19.780805613], [84.3270873380001, 19.7807671740001], [84.32706053, 19.7807791860001], [84.327083508, 19.7808212300001], [84.3270413820001, 19.780887298], [84.327314873, 19.780903043], [84.3273652500001, 19.780809591], [84.3274946330001, 19.780809591], [84.327559599, 19.780841584], [84.3276485520001, 19.7808505690001], [84.3276666040001, 19.780824088], [84.327649331, 19.7807856490001], [84.327723291, 19.7807257750001], [84.327733036, 19.7807640680001], [84.3276964510001, 19.7808770950001], [84.3279733150001, 19.780732948], [84.328003569, 19.7808120650001], [84.328187895, 19.7807042750001], [84.328255745, 19.7806637460001], [84.32835249, 19.7807568800001], [84.328352441, 19.7807520900001], [84.3284780050001, 19.7806947280001], [84.328529916, 19.7807856470001], [84.3286284660001, 19.780778449], [84.3287870500001, 19.780850565], [84.3293678790001, 19.7807353320001], [84.3291878270001, 19.7803782560001], [84.329123983, 19.780127791], [84.3290532770001, 19.780162338], [84.328865121, 19.780084147], [84.328823416, 19.780097917], [84.328810031, 19.7801469300001], [84.3288124260001, 19.7802111440001], [84.328782496, 19.780223537], [84.3287453820001, 19.7801863600001], [84.328747777, 19.7801525630001], [84.3288076370001, 19.780145803], [84.3288220030001, 19.780092854], [84.3287166490001, 19.7800207540001], [84.328576576, 19.780001602], [84.3282784720001, 19.780052298], [84.32819097, 19.7801340280001], [84.3280157550001, 19.780212883], [84.3279959480001, 19.7801813410001], [84.3280203260001, 19.7801641360001], [84.3280492740001, 19.780113956], [84.3277216980001, 19.780164137], [84.3275952380001, 19.7803433510001], [84.3275022980001, 19.7803376160001], [84.327351461, 19.78026593], [84.3273222270001, 19.780300133], [84.327260241, 19.780316585], [84.327236144, 19.7802568590001], [84.327140822, 19.780298638], [84.3271424150001, 19.780336054], [84.3270259770001, 19.780363058], [84.3269227550001, 19.7804466010001], [84.326936797, 19.7804850410001], [84.3269814770001, 19.780528286], [84.3270504120001, 19.780509066], [84.32707722, 19.780658019], [84.327049135, 19.7806724340001], [84.327033816, 19.780583543], [84.326975094, 19.780593153], [84.326912543, 19.7805775370001], [84.3268870110001, 19.7806195800001], [84.326835949, 19.7806099700001], [84.32682063, 19.7805222800001], [84.3267989290001, 19.7805571160001], [84.3267606320001, 19.7805595180001], [84.32673893, 19.7805943540001], [84.3266444640001, 19.7806147750001], [84.3266240390001, 19.7806640260001], [84.3265806360001, 19.780712076], [84.3265244670001, 19.7807240880001], [84.3264912760001, 19.7807036670001], [84.3265142550001, 19.7806712330001], [84.326497659, 19.78064841], [84.3264529800001, 19.7806267870001], [84.3264300010001, 19.7806472080001], [84.3263955340001, 19.7806123720001], [84.3263483010001, 19.780674837], [84.326230857, 19.780673635], [84.326279367, 19.780611171], [84.3261529870001, 19.780569127], [84.3261107650001, 19.780623024], [84.3261337430001, 19.7806806840001], [84.3261592740001, 19.7806806840001], [84.3261822520001, 19.780721526], [84.326163104, 19.780735941], [84.3260979990001, 19.780709513], [84.326081403, 19.780763569], [84.3261286360001, 19.780823631], [84.326081403, 19.7808764860001], [84.3261554440001, 19.780877687], [84.3262154430001, 19.780826034], [84.3262422510001, 19.7808416500001], [84.3262128900001, 19.7809017120001], [84.326276718, 19.780895706], [84.3263418230001, 19.7808668770001], [84.3264082050001, 19.7808200280001]]], [[[84.3232631390001, 19.779737552], [84.3232315330001, 19.7799837580001], [84.3231652700001, 19.780046957], [84.323030105, 19.77994389], [84.3229292870001, 19.7799344370001], [84.3228293440001, 19.780088935], [84.3228256020001, 19.7801466], [84.322734881, 19.7801562670001], [84.3223860310001, 19.7805687600001], [84.3224661560001, 19.780668162], [84.3232606220001, 19.781190983], [84.324260494, 19.7814654360001], [84.324434179, 19.780852743], [84.3244710330001, 19.7806331040001], [84.3243864140001, 19.7806174250001], [84.3242683330001, 19.7806417740001], [84.3242667970001, 19.7806764540001], [84.324289831, 19.780692349], [84.324259119, 19.780735699], [84.3241976950001, 19.7807111340001], [84.324205373, 19.780609984], [84.324219193, 19.780508834], [84.3242363700001, 19.7805020550001], [84.3243247650001, 19.7805212650001], [84.3244065370001, 19.7805536290001], [84.3243911810001, 19.7806143190001], [84.3244694970001, 19.780627324], [84.3244802460001, 19.780543514], [84.3244265000001, 19.780052214], [84.324608046, 19.7796848510001], [84.3246011850001, 19.779572005], [84.3244533930001, 19.779572006], [84.3242765730001, 19.7797019770001], [84.3237464380001, 19.779601976], [84.3235746080001, 19.779748173], [84.3233375780001, 19.779710623], [84.3232631390001, 19.779737552]]], [[[84.3262824970001, 19.783054769], [84.3263452900001, 19.783106724], [84.3264232390001, 19.783116912], [84.326429735, 19.7831352490001], [84.3263344630001, 19.7831291360001], [84.3262543480001, 19.783064956], [84.3260962840001, 19.783001794], [84.3260475660001, 19.7829773440001], [84.3260031780001, 19.7829406700001], [84.325965286, 19.782897883], [84.3258732620001, 19.782854077], [84.325810469, 19.78284287], [84.325803996, 19.782883515], [84.325871093, 19.78289827], [84.3258847180001, 19.7828786040001], [84.325918732, 19.7829121450001], [84.325880408, 19.7831007030001], [84.325939937, 19.7833487230001], [84.326061295, 19.783330332], [84.32611051, 19.783462785], [84.3260773050001, 19.7838504060001], [84.326160197, 19.784345439], [84.326417925, 19.7842919020001], [84.326533252, 19.7845933520001], [84.3266062760001, 19.7845711860001], [84.326754679, 19.784706396], [84.3269007270001, 19.784673148], [84.3267052100001, 19.784032562], [84.3266150690001, 19.7840730950001], [84.3265866020001, 19.784006834], [84.326555139, 19.783991325], [84.3264577520001, 19.7840138830001], [84.326372351, 19.783972998], [84.326297438, 19.7839025060001], [84.3261521060001, 19.783934932], [84.326144615, 19.7838531620001], [84.3263169150001, 19.7837911290001], [84.3265626300001, 19.783769982], [84.3265910970001, 19.783846113], [84.326615996, 19.784068201], [84.3267034670001, 19.7840181120001], [84.3266053710001, 19.7837011400001], [84.3265188540001, 19.783703997], [84.326502158, 19.783649724], [84.326585639, 19.7836268720001], [84.326379934, 19.7829661390001], [84.3262781670001, 19.7828214780001], [84.3262262000001, 19.782767485], [84.326094697, 19.7827425520001], [84.3257487590001, 19.7827012650001], [84.3258873360001, 19.782841852], [84.32596312, 19.7828663020001], [84.32604107, 19.7829427070001], [84.3260789620001, 19.7829661380001], [84.326199134, 19.783022169], [84.3262824970001, 19.783054769]]], [[[84.3269653780001, 19.783593948], [84.327157302, 19.783479947], [84.3271908890001, 19.7835070360001], [84.3268841440001, 19.7837035320001], [84.3266416760001, 19.783811525], [84.3268535270001, 19.7844959290001], [84.3271033930001, 19.7845032920001], [84.3273880340001, 19.784476963], [84.3274065190001, 19.784316081], [84.3274187820001, 19.7841138360001], [84.3273889290001, 19.783952804], [84.3275512800001, 19.7839595290001], [84.3275432040001, 19.783863254], [84.3274948440001, 19.7838389], [84.3274643350001, 19.783867523], [84.3274611130001, 19.783928351], [84.3274068810001, 19.783902036], [84.3274496010001, 19.783854746], [84.3274642110001, 19.7838643210001], [84.327491524, 19.7838378490001], [84.3274571060001, 19.7838211070001], [84.3274933550001, 19.783785016], [84.327509949, 19.783814868], [84.3275565260001, 19.783814868], [84.327546956, 19.783870731], [84.32755459, 19.7839584070001], [84.3276468860001, 19.783882125], [84.327416321, 19.783327559], [84.3272842870001, 19.783263979], [84.326996206, 19.783238168], [84.3265125720001, 19.7833824420001], [84.3266271110001, 19.783748584], [84.3267698550001, 19.7836571570001], [84.3268430270001, 19.7836695730001], [84.3269233950001, 19.783631196], [84.3268634190001, 19.783593948], [84.3268430270001, 19.7835420270001], [84.3268790120001, 19.7835171950001], [84.3269653780001, 19.783593948]]], [[[84.3265305140001, 19.786139006], [84.3264500220001, 19.7861491040001], [84.326321234, 19.7862702890001], [84.326247896, 19.786277022], [84.3262210650001, 19.786352762], [84.3261781350001, 19.786361178], [84.3261012200001, 19.7863224660001], [84.3258812070001, 19.7863477120001], [84.3258579530001, 19.7863965230001], [84.3259706430001, 19.786413354], [84.325983164, 19.7864705800001], [84.325942023, 19.786504243], [84.3259187690001, 19.7864840450001], [84.3259366570001, 19.7864200870001], [84.325859741, 19.786428502], [84.3257989240001, 19.786504242], [84.3257881910001, 19.786692752], [84.3258185990001, 19.7867954230001], [84.3263587970001, 19.7867079010001], [84.3263677400001, 19.7866574070001], [84.3264160360001, 19.786648992], [84.326437501, 19.7866843370001], [84.3264929520001, 19.7866927530001], [84.326684345, 19.786549687], [84.326757683, 19.786537905], [84.3268864720001, 19.786462165], [84.32702957, 19.7863443460001], [84.3272388510001, 19.78619623], [84.3271172170001, 19.786054848], [84.3270581890001, 19.7860767280001], [84.3269776960001, 19.7860497990001], [84.326995583, 19.7859420790001], [84.32707071, 19.785925247], [84.327127949, 19.7859572260001], [84.3271887660001, 19.785851189], [84.327135104, 19.785809111], [84.3270635550001, 19.7858663380001], [84.326979484, 19.7858663380001], [84.3268238650001, 19.785980791], [84.3268578510001, 19.7860110870001], [84.3268489070001, 19.7860380170001], [84.3268095550001, 19.7860262360001], [84.3268167100001, 19.785980791], [84.326723697, 19.786027919], [84.3265305140001, 19.786139006]]], [[[84.3257483340001, 19.7874999580001], [84.325698227, 19.787543065], [84.3256567110001, 19.787539023], [84.325659574, 19.7874716690001], [84.3254777600001, 19.787493222], [84.325430516, 19.787536329], [84.3253689570001, 19.787521511], [84.3253288720001, 19.787676425], [84.325343187, 19.787817869], [84.325738313, 19.7877289620001], [84.3257297230001, 19.7876993260001], [84.3257898510001, 19.7876791200001], [84.325822778, 19.787645443], [84.32586, 19.787693937], [84.3258270730001, 19.7877074080001], [84.3258743160001, 19.787827298], [84.326104806, 19.787793621], [84.326051835, 19.7872116820001], [84.3260160440001, 19.7870352150001], [84.3256166260001, 19.787140288], [84.325446265, 19.7871928230001], [84.3254204950001, 19.787451463], [84.325459149, 19.7874568510001], [84.325476328, 19.787487834], [84.325663869, 19.787468975], [84.3255937200001, 19.7873975800001], [84.325626647, 19.787370638], [84.3257082490001, 19.787424522], [84.3257483340001, 19.7874999580001]]], [[[84.332625465, 19.79258678], [84.3328165610001, 19.7927849920001], [84.3329389310001, 19.792772535], [84.3336139530001, 19.792363262], [84.333511506, 19.7923048230001], [84.3334020870001, 19.7923687860001], [84.3333098050001, 19.792384263], [84.3328900050001, 19.7924418740001], [84.332746839, 19.792407504], [84.3326727180001, 19.7924507540001], [84.332625465, 19.79258678]]], [[[84.3332185730001, 19.8001419080001], [84.333457858, 19.8002622650001], [84.3338702090001, 19.800161732], [84.334133572, 19.800037128], [84.3341410960001, 19.799981905], [84.3340508000001, 19.799700129], [84.3333419790001, 19.7997539360001], [84.3333118800001, 19.7998289810001], [84.3333389690001, 19.799904027], [84.333275761, 19.8000498710001], [84.3332516820001, 19.800054119], [84.3332185730001, 19.8001419080001]]], [[[84.328498901, 19.8044055510001], [84.328696784, 19.8042613540001], [84.3287645010001, 19.804196313], [84.328825474, 19.804183563], [84.3289554720001, 19.804113452], [84.328747934, 19.803835839], [84.328303872, 19.8038332950001], [84.328158897, 19.8039694990001], [84.328498901, 19.8044055510001]]], [[[84.3279412150001, 19.804771154], [84.32821477, 19.80457721], [84.3279007850001, 19.804188862], [84.327761448, 19.804132908], [84.3275784090001, 19.8043110020001], [84.3275973200001, 19.8043351860001], [84.3276474530001, 19.8043173660001], [84.327683973, 19.8043415510001], [84.3276378610001, 19.804382291], [84.3279412150001, 19.804771154]]], [[[84.330654678, 19.804997567], [84.330739512, 19.8059347350001], [84.330947214, 19.80591134], [84.3309867070001, 19.80585767], [84.3309559900001, 19.8054861050001], [84.3309223480001, 19.805494362], [84.330903333, 19.8054640870001], [84.3309428260001, 19.8054351870001], [84.330925273, 19.804943897], [84.330654678, 19.804997567]]], [[[84.33110701, 19.807834778], [84.3311164630001, 19.808180291], [84.3312529, 19.8082207300001], [84.33151589, 19.808144638], [84.3318342630001, 19.807993319], [84.33175506, 19.807732464], [84.3313955820001, 19.8077456620001], [84.3313138440001, 19.807755437], [84.3312362120001, 19.8078083620001], [84.33110701, 19.807834778]]], [[[84.3334335910001, 19.808169311], [84.3334975370001, 19.808280376], [84.3339986970001, 19.809396738], [84.3341394460001, 19.809290601], [84.3336445610001, 19.808082746], [84.3334335910001, 19.808169311]]], [[[84.333165336, 19.809289517], [84.3334528240001, 19.8099583960001], [84.333623763, 19.809790262], [84.333375124, 19.8091920480001], [84.333165336, 19.809289517]]], [[[84.3312278010001, 19.810541937], [84.3311980840001, 19.8107303470001], [84.3323027530001, 19.810943067], [84.33240999, 19.81082759], [84.3312278010001, 19.810541937]]], [[[84.3326029900001, 19.811527278], [84.3325509730001, 19.8114497930001], [84.3326680110001, 19.8114593080001], [84.332722919, 19.811403758], [84.3322784550001, 19.811088522], [84.332082976, 19.8113640460001], [84.3329262940001, 19.81198757], [84.3331867350001, 19.811793718], [84.333029239, 19.8116061220001], [84.3327301420001, 19.811399495], [84.3326694560001, 19.8114606680001], [84.3326911300001, 19.8114932930001], [84.3326376680001, 19.8115367940001], [84.3326029900001, 19.811527278]]], [[[84.3316865104418, 19.8113264482513], [84.3317156670279, 19.8113466036885], [84.3318153220697, 19.8113122346187], [84.3317821332961, 19.8112578584047], [84.3315853463951, 19.8112330917075], [84.3314399106776, 19.8113667831155], [84.3314702105028, 19.8113917425647], [84.3315626513507, 19.8113288185179], [84.331584166603, 19.8113798524735], [84.3315639129494, 19.8113965007083], [84.3314955188159, 19.8114000703558], [84.3313877519896, 19.8114215032219], [84.3313445261031, 19.8114429625219], [84.3313180058979, 19.8114274615], [84.3315210179263, 19.8112684843565], [84.3315210480594, 19.8112448812552], [84.3313988044872, 19.8112319133864], [84.3314012077689, 19.8112566788784], [84.3312867376505, 19.8113750990008], [84.3312412077482, 19.8113715345786], [84.3312579098025, 19.8115885769946], [84.33131111113, 19.8116127093974], [84.3313016109105, 19.8116538239133], [84.3312493596043, 19.8116582928986], [84.3312341592227, 19.8116359480611], [84.3312436594545, 19.811611815634], [84.3312189588436, 19.8115885770012], [84.3312018584217, 19.8115975149336], [84.3311800078857, 19.8115796390516], [84.3311999583782, 19.8115501438573], [84.3312218089136, 19.8115724887062], [84.3312208588902, 19.8115867894047], [84.3312436594539, 19.8116082404538], [84.3312550597327, 19.8115912583778], [84.3312427094127, 19.8114241188239], [84.331203876055, 19.8114322295628], [84.3311935078469, 19.8113260105026], [84.331006203216, 19.8113434576644], [84.3309338772178, 19.8116313396837], [84.3309227493659, 19.8119890112675], [84.3312231797119, 19.812009948374], [84.3312287432682, 19.8118773481726], [84.3312639788792, 19.8118546665654], [84.3313029235363, 19.8119785430449], [84.3316608438139, 19.8120221612488], [84.3317201878547, 19.811938413596], [84.3318054946162, 19.8117342787685], [84.3318017852494, 19.8116191259117], [84.3318611292565, 19.8115318886357], [84.3319522806523, 19.8113584700758], [84.3318659384065, 19.8113217086797], [84.331799355586, 19.8113798519819], [84.3318150425773, 19.8114489273838], [84.3317758906099, 19.8114763957742], [84.3317301544774, 19.8114680313767], [84.3316600342497, 19.8113501630991], [84.3316865104418, 19.8113264482513]]], [[[84.3285497860001, 19.811998352], [84.328663986, 19.811945591], [84.3286935560001, 19.811872685], [84.328901563, 19.8118717250001], [84.3289168570001, 19.811646292], [84.3288719920001, 19.811387283], [84.328799598, 19.81140551], [84.3287200660001, 19.811291354], [84.3282836590001, 19.8114083880001], [84.328407036, 19.8117067270001], [84.3283642110001, 19.8119897190001], [84.3285497860001, 19.811998352]]], [[[84.3214052280001, 19.825208075], [84.32122552, 19.825196271], [84.3211162160001, 19.825221651], [84.3210580090001, 19.8252087180001], [84.3209987830001, 19.825232391], [84.321037377, 19.825273097], [84.3210154970001, 19.825308337], [84.320937224, 19.8252896870001], [84.3209244240001, 19.8252657030001], [84.3208975850001, 19.8252888270001], [84.320861865, 19.8252963530001], [84.32084912, 19.8252676120001], [84.320776568, 19.825289722], [84.3207664180001, 19.8252982000001], [84.320712626, 19.8252848670001], [84.3206699880001, 19.825338226], [84.32067634, 19.8253513780001], [84.320718135, 19.825364344], [84.320736981, 19.825391702], [84.320701188, 19.825409683], [84.320652786, 19.825424142], [84.3206314390001, 19.82540033], [84.3206138070001, 19.825400433], [84.3206113940001, 19.825442793], [84.3213092290001, 19.8259998680001], [84.3216506430001, 19.8252505740001], [84.3215979730001, 19.8252454760001], [84.321560263, 19.825285798], [84.3215257100001, 19.8253071550001], [84.3214969410001, 19.825281177], [84.3215130120001, 19.825222384], [84.3214443400001, 19.8252389370001], [84.3214052280001, 19.825208075]]], [[[84.321535946, 19.825515825], [84.321505824, 19.8262165900001], [84.3219135200001, 19.8264530230001], [84.321846431, 19.825261547], [84.3216584020001, 19.8252478220001], [84.321535946, 19.825515825]]], [[[84.328599867, 19.826738306], [84.328493715, 19.826425439], [84.3284996250001, 19.826263738], [84.3284540660001, 19.825984476], [84.3284201870001, 19.8260112900001], [84.3283500470001, 19.8259661120001], [84.3283016, 19.825906203], [84.3283264510001, 19.8258548050001], [84.3282658790001, 19.825728547], [84.3281724180001, 19.8256768860001], [84.3280508000001, 19.8258116000001], [84.3280737000001, 19.8260264], [84.328495, 19.8267283000001], [84.3286392540001, 19.826992798], [84.328686803, 19.8269484320001], [84.3286583410001, 19.826906584], [84.3287034740001, 19.826868962], [84.3286363940001, 19.826753711], [84.328599867, 19.826738306]]], [[[84.3278209000001, 19.8285792410001], [84.327794689, 19.8285882100001], [84.3277271100001, 19.8285524300001], [84.3277088040001, 19.828488431], [84.327561636, 19.8283415820001], [84.32719918, 19.8282268360001], [84.327126858, 19.828234002], [84.327080944, 19.828269097], [84.3270648610001, 19.828540791], [84.32742367, 19.8286500940001], [84.3274701830001, 19.8286893710001], [84.327572967, 19.8287540110001], [84.327766958, 19.828757313], [84.327834835, 19.828728706], [84.3278505790001, 19.8286603290001], [84.327888885, 19.828649786], [84.3278209000001, 19.8285792410001]]], [[[84.3640945820001, 19.620522577], [84.3640991490001, 19.6205045680001], [84.3641175320001, 19.6205105660001], [84.364131408, 19.6205354680001], [84.3641231980001, 19.620557003], [84.3641029280001, 19.620558728], [84.3640945870001, 19.620526012], [84.364055965, 19.6205251530001], [84.364053132, 19.6205786], [84.3640678960001, 19.620582927], [84.3640474840001, 19.6206411530001], [84.3640974940001, 19.6206193740001], [84.3641095610001, 19.6206350480001], [84.3641068480001, 19.620664746], [84.3642333450001, 19.6206892920001], [84.3642883240001, 19.620505424], [84.3642577850001, 19.620486602], [84.3642712110001, 19.6204618630001], [84.3642171980001, 19.620462715], [84.364194126, 19.6204406030001], [84.3640414820001, 19.6204210980001], [84.36394026, 19.6204067150001], [84.363944695, 19.6204210980001], [84.3639854630001, 19.6204746490001], [84.36402953, 19.62044825], [84.3640651970001, 19.6204635670001], [84.3640505100001, 19.620485747], [84.3640568880001, 19.620522577], [84.3640945820001, 19.620522577]]], [[[84.3639426110001, 19.6204214370001], [84.3635939000001, 19.620370995], [84.363562765, 19.620514111], [84.3635515560001, 19.6208202870001], [84.3639949180001, 19.620775709], [84.3640646600001, 19.620584496], [84.3639538200001, 19.6205633810001], [84.3639401200001, 19.620512938], [84.363981218, 19.6204742260001], [84.3639426110001, 19.6204214370001]]], [[[84.333887598, 19.630311039], [84.3341118320001, 19.630235724], [84.334060611, 19.629991138], [84.3338083180001, 19.6301353850001], [84.333887598, 19.630311039]]], [[[84.335497199, 19.6339855430001], [84.335440485, 19.6339585470001], [84.33541474, 19.6339149250001], [84.3354524550001, 19.6338815760001], [84.3353385560001, 19.6337646160001], [84.3350634610001, 19.6339923100001], [84.3350847710001, 19.634021153], [84.3351620970001, 19.633977094], [84.33519262, 19.634016054], [84.335164078, 19.634103313], [84.335246048, 19.634221563], [84.3353239520001, 19.634327753], [84.335389482, 19.6343331090001], [84.3355134780001, 19.634103313], [84.3356105220001, 19.6340843900001], [84.33558843, 19.6339923100001], [84.3355330890001, 19.633951816], [84.335497199, 19.6339855430001]]], [[[84.366788548, 19.6341363660001], [84.366762484, 19.6341458950001], [84.3667590590001, 19.634120599], [84.366746692, 19.6341099580001], [84.36673347, 19.634118716], [84.3667388640001, 19.6341497220001], [84.3667235440001, 19.6341651120001], [84.3667025010001, 19.634170919], [84.3666893070001, 19.634142077], [84.3667058940001, 19.634116836], [84.3667267850001, 19.634120599], [84.3667459910001, 19.6341087110001], [84.3667335900001, 19.6340925760001], [84.366740554, 19.6340765910001], [84.3666508090001, 19.634120599], [84.3666175380001, 19.634146533], [84.366602592, 19.6341490840001], [84.3665596210001, 19.634205508], [84.3665014000001, 19.6343549000001], [84.366523262, 19.634441248], [84.366509249, 19.6344896420001], [84.3665824270001, 19.634486709], [84.3665789010001, 19.634457216], [84.366758034, 19.63445612], [84.3667731560001, 19.6345032300001], [84.3667045270001, 19.634538288], [84.3666475300001, 19.6345328100001], [84.3665800640001, 19.6344889870001], [84.3665079460001, 19.6344911780001], [84.3665114350001, 19.6345580080001], [84.366552147, 19.634610595], [84.3665858800001, 19.634710292], [84.3668103780001, 19.63470591], [84.3670057960001, 19.6346456530001], [84.3669883480001, 19.6345459570001], [84.366943538, 19.6342877810001], [84.366969209, 19.634274717], [84.366945414, 19.634057725], [84.3669169560001, 19.6340307090001], [84.3668735150001, 19.6340480700001], [84.3668208390001, 19.6340901070001], [84.366788548, 19.6341363660001]]], [[[84.3667595110001, 19.635361174], [84.366784039, 19.635392311], [84.3666795290001, 19.6354575980001], [84.3666763290001, 19.63549878], [84.3668011020001, 19.635649443], [84.3667851060001, 19.635815172], [84.366913078, 19.6357810220001], [84.366913078, 19.6357368270001], [84.366929074, 19.6357267830001], [84.366897081, 19.6356665180001], [84.3669493370001, 19.6356383940001], [84.366952536, 19.635589177], [84.3670389170001, 19.635550005], [84.3668757520001, 19.635295887], [84.3668256300001, 19.6352989000001], [84.3667595110001, 19.635361174]]], [[[84.341222337, 19.780253766], [84.34116513, 19.780278438], [84.3411460620001, 19.780245915], [84.3411818160001, 19.780177505], [84.3412366380001, 19.7801943270001], [84.3412239740001, 19.780252284], [84.3412957610001, 19.7803213230001], [84.3416006520001, 19.779991781], [84.341469439, 19.7798443200001], [84.34128666, 19.779899958], [84.3412812880001, 19.779937112], [84.341223948, 19.779951844], [84.3412037410001, 19.7799078100001], [84.341238629, 19.7798820680001], [84.3412855540001, 19.7798954780001], [84.3414659060001, 19.7798421110001], [84.3414877020001, 19.7797861920001], [84.3413648490001, 19.7795089140001], [84.341206099, 19.7795652990001], [84.3412107680001, 19.7795938580001], [84.3411905350001, 19.779604842], [84.3411594080001, 19.7795931250001], [84.3411485130001, 19.779570425], [84.341164077, 19.779548457], [84.3412053210001, 19.7795631020001], [84.3413632930001, 19.7795067170001], [84.341220106, 19.779371978], [84.3411682890001, 19.779414161], [84.3410996690001, 19.77938929], [84.341066239, 19.7793226910001], [84.341112756, 19.7792897690001], [84.3411200340001, 19.7792556810001], [84.3410602550001, 19.7791550040001], [84.3410354310001, 19.779062051], [84.340958997, 19.77899261], [84.340813966, 19.7787470370001], [84.3406965360001, 19.778805977], [84.340685508, 19.7788561350001], [84.3406457830001, 19.778858712], [84.3406036650001, 19.7787841680001], [84.340633804, 19.7787611100001], [84.340696542, 19.7788021260001], [84.340808505, 19.7787457580001], [84.3406697920001, 19.778551431], [84.340580683, 19.7785530260001], [84.3405939580001, 19.778504894], [84.340567186, 19.778406413], [84.3404795690001, 19.7784167190001], [84.3404722670001, 19.7784636690001], [84.340445495, 19.7784659600001], [84.340380999, 19.778326254], [84.340265392, 19.7783617530001], [84.3402203670001, 19.7782884650001], [84.340147352, 19.778349157], [84.3400852890001, 19.778506038], [84.340135182, 19.778558714], [84.340171689, 19.778717887], [84.340211847, 19.778740789], [84.3402228, 19.7787797230001], [84.340175962, 19.7788187040001], [84.340273315, 19.7790557450001], [84.3403487640001, 19.77901452], [84.340432815, 19.7790390660001], [84.3404559360001, 19.7791089180001], [84.340381704, 19.779262365], [84.3404291640001, 19.7793471040001], [84.3403711010001, 19.779484546], [84.3405718750001, 19.7794792980001], [84.3406088230001, 19.77944781], [84.340634617, 19.7794537140001], [84.3406611080001, 19.7794832340001], [84.3406513480001, 19.7795225940001], [84.3406171890001, 19.77950357], [84.3405872120001, 19.7795088180001], [84.3405711780001, 19.7794819220001], [84.3403717990001, 19.779486514], [84.3404073170001, 19.779731553], [84.340475971, 19.779783449], [84.3405168410001, 19.779919926], [84.340632784, 19.7799864560001], [84.3406178050001, 19.78005517], [84.3408031700001, 19.780293027], [84.3409024060001, 19.7801714560001], [84.3410465790001, 19.780245456], [84.3408949170001, 19.78050798], [84.3410915170001, 19.780608408], [84.341153305, 19.780481551], [84.341104623, 19.7804709800001], [84.3411289640001, 19.780430456], [84.341179519, 19.7804445510001], [84.3412938440001, 19.7803232970001], [84.341222337, 19.780253766]]], [[[84.345277094, 19.780551023], [84.345345884, 19.7806279490001], [84.3453759290001, 19.7805600190001], [84.345299583, 19.7804155810001], [84.3452364340001, 19.7803849520001], [84.3452121650001, 19.7802769200001], [84.3452621600001, 19.780225805], [84.345247623, 19.78019199], [84.345176527, 19.780200424], [84.345005321, 19.7800076280001], [84.344907161, 19.7799873000001], [84.3448438720001, 19.780040313], [84.3447779680001, 19.7801772620001], [84.3447650700001, 19.7802769210001], [84.34470342, 19.7802827530001], [84.3446933980001, 19.780115547], [84.3448023700001, 19.7801187150001], [84.3448412340001, 19.780035802], [84.3447606230001, 19.779953458], [84.3446727570001, 19.7799233420001], [84.3446083760001, 19.779919976], [84.3445797620001, 19.779972145], [84.34454936, 19.779960365], [84.3445761850001, 19.7798644420001], [84.3446799110001, 19.7798896850001], [84.344663815, 19.7798139560001], [84.344497496, 19.7798105910001], [84.3444438450001, 19.7797516910001], [84.3443723110001, 19.779817322], [84.3443186590001, 19.7797735680001], [84.3443401200001, 19.7797500080001], [84.3443776760001, 19.779760105], [84.344411655, 19.7797348620001], [84.3443758870001, 19.7796911080001], [84.3442954110001, 19.7796894250001], [84.3442793150001, 19.779781982], [84.34420778, 19.779871174], [84.3442238760001, 19.7800058020001], [84.3441344570001, 19.7800007540001], [84.344114785, 19.779704571], [84.3441684360001, 19.7796742790001], [84.3442256640001, 19.7796725970001], [84.3442202990001, 19.7796120140001], [84.3443454850001, 19.779569942], [84.3442489130001, 19.779448777], [84.3441809550001, 19.779406705], [84.34414229, 19.7792205430001], [84.3440176720001, 19.779147801], [84.3439257410001, 19.77916815], [84.3439222630001, 19.779201368], [84.3438293280001, 19.779217338], [84.343963278, 19.779629589], [84.344028515, 19.7796272260001], [84.3440405920001, 19.779762314], [84.3439046700001, 19.779769447], [84.3438343290001, 19.780068666], [84.3438295280001, 19.7808941220001], [84.343894887, 19.781023127], [84.3439541120001, 19.781029183], [84.343985219, 19.781077866], [84.3440325350001, 19.7810839800001], [84.344258311, 19.7809749040001], [84.344352627, 19.7810004720001], [84.34446826, 19.7809464630001], [84.344507477, 19.780835564], [84.3446020210001, 19.7808322390001], [84.344683817, 19.7808046540001], [84.344614844, 19.7807213890001], [84.344594826, 19.780745649], [84.3445213780001, 19.780684518], [84.3445384520001, 19.780649324], [84.3446404600001, 19.780691587], [84.3446162500001, 19.780718543], [84.344694277, 19.780811898], [84.3447359570001, 19.780780103], [84.3447890250001, 19.7807816440001], [84.3448440290001, 19.7808453590001], [84.345036597, 19.780757468], [84.3449991100001, 19.7807178420001], [84.3450552780001, 19.780664771], [84.3450328860001, 19.780616594], [84.3450498010001, 19.7805596530001], [84.3451632060001, 19.7806165710001], [84.3452083440001, 19.7805645230001], [84.345277094, 19.780551023]]], [[[84.3446115030001, 19.780835236], [84.3445133820001, 19.7808384200001], [84.34447278, 19.7809530380001], [84.344354358, 19.78100557], [84.344296838, 19.78118864], [84.3444592450001, 19.781218887], [84.3451088730001, 19.7812379910001], [84.3453406410001, 19.7812316230001], [84.3454962810001, 19.78117909], [84.3456214700001, 19.7811361080001], [84.34560286, 19.7809896520001], [84.3451207150001, 19.7808750350001], [84.3451071810001, 19.7808002150001], [84.3450378200001, 19.7807683770001], [84.344846654, 19.7808495640001], [84.3448381950001, 19.7808941380001], [84.344684247, 19.780946671], [84.3446115030001, 19.780835236]]], [[[84.343445741, 19.7808462080001], [84.343489269, 19.7808565980001], [84.343502658, 19.78084275], [84.3435270470001, 19.7808574650001], [84.343524044, 19.780878316], [84.3435141670001, 19.7808870310001], [84.3434890010001, 19.780879187], [84.3434902910001, 19.7808600660001], [84.343445826, 19.7808496690001], [84.343424128, 19.7808670110001], [84.343385803, 19.780837568], [84.3434028990001, 19.7808194730001], [84.343436721, 19.7807376270001], [84.3429964420001, 19.780523891], [84.342764742, 19.7804088940001], [84.3426184910001, 19.7804321780001], [84.3424128720001, 19.780415728], [84.3424543720001, 19.780922413], [84.3425417970001, 19.780910916], [84.342553604, 19.7808750200001], [84.3426053750001, 19.780885276], [84.3426607790001, 19.7809562140001], [84.3426489710001, 19.7809724520001], [84.342589026, 19.7809433940001], [84.342543613, 19.780912626], [84.3424555120001, 19.780925445], [84.3425161270001, 19.7816941300001], [84.342637085, 19.7816619160001], [84.3426758830001, 19.7815824570001], [84.342744349, 19.7815867520001], [84.342771736, 19.7816189650001], [84.3428082520001, 19.7816146700001], [84.342801405, 19.7815953420001], [84.3427877120001, 19.7815438010001], [84.3428538960001, 19.78152662], [84.3429041050001, 19.7815201770001], [84.3429383390001, 19.781470783], [84.3429155160001, 19.7813655530001], [84.3429583010001, 19.781283033], [84.343110863, 19.781322091], [84.3431670470001, 19.781292794], [84.3431927680001, 19.781010496], [84.3435547810001, 19.7810618250001], [84.3435593440001, 19.7808341150001], [84.343545561, 19.7807817830001], [84.343440398, 19.780739318], [84.3434056680001, 19.7808203330001], [84.3434424810001, 19.780825497], [84.343445741, 19.7808462080001]]], [[[84.3408678970001, 19.7810211], [84.34083495, 19.781039337], [84.3408504540001, 19.7810584860001], [84.3408756490001, 19.781105902], [84.340925069, 19.781148758], [84.340938635, 19.781181584], [84.3409958080001, 19.781192526], [84.3409880550001, 19.7812271760001], [84.3409127090001, 19.781240417], [84.3409253730001, 19.781278075], [84.341189564, 19.781404777], [84.3413468000001, 19.7814747830001], [84.341362298, 19.781495745], [84.341532714, 19.781623676], [84.3417423750001, 19.7816372190001], [84.341575059, 19.7814435290001], [84.3415046220001, 19.7814643400001], [84.3414584390001, 19.781420236], [84.3415120780001, 19.7813650960001], [84.3415133920001, 19.7813650960001], [84.3414716830001, 19.7813232550001], [84.3414120450001, 19.7813068840001], [84.3412761070001, 19.781139318], [84.341240692, 19.781153923], [84.3410842360001, 19.781184533], [84.3411240410001, 19.781091643], [84.3410571420001, 19.781052473], [84.3410512280001, 19.7809202650001], [84.3408858510001, 19.7809085210001], [84.3407953860001, 19.780850141], [84.3408456660001, 19.7807679160001], [84.340761001, 19.780745037], [84.340759296, 19.78078226], [84.340698042, 19.780779389], [84.340657778, 19.780732206], [84.3405382540001, 19.7807001100001], [84.340548331, 19.7808071010001], [84.3404690730001, 19.780965103], [84.3404753730001, 19.781062375], [84.3405109670001, 19.781210775], [84.3406101370001, 19.7811706420001], [84.3406847520001, 19.7811095490001], [84.340721575, 19.7811177560001], [84.340748707, 19.7811451110001], [84.340841733, 19.781123227], [84.3408000650001, 19.7810429850001], [84.3408359190001, 19.7809973930001], [84.3408678970001, 19.7810211]]], [[[84.3462185750001, 19.781925954], [84.3461295490001, 19.781928599], [84.3460620770001, 19.7818712810001], [84.3460770710001, 19.781798091], [84.3461857760001, 19.7818069090001], [84.3462185750001, 19.781876572], [84.3462682430001, 19.781876572], [84.346293846, 19.7817934070001], [84.3462568530001, 19.7817606420001], [84.346297941, 19.7817101470001], [84.3462796090001, 19.781626212], [84.346243595, 19.781530423], [84.3463131060001, 19.781492971], [84.3462760310001, 19.7813861380001], [84.3462073380001, 19.781343126], [84.3462005330001, 19.781541632], [84.3461392880001, 19.7815915790001], [84.34596372, 19.781619753], [84.3458393120001, 19.7816900080001], [84.3456291620001, 19.7820144400001], [84.3455330740001, 19.7822295930001], [84.3453548260001, 19.7826045090001], [84.3459710010001, 19.7823955490001], [84.346088965, 19.7822886610001], [84.3460787650001, 19.7821258230001], [84.3462069340001, 19.782105927], [84.3462712780001, 19.782010352], [84.3462729280001, 19.781879218], [84.3462185750001, 19.781879218], [84.3462185750001, 19.781925954]]], [[[84.3434113040001, 19.7819261990001], [84.3433154510001, 19.7819109970001], [84.343349915, 19.7818836340001], [84.3433014500001, 19.7818704590001], [84.343131283, 19.781906943], [84.3431334370001, 19.7818593110001], [84.343213136, 19.7818035720001], [84.3432960650001, 19.781856271], [84.343331606, 19.7818552580001], [84.343352069, 19.7818197870001], [84.3434069960001, 19.781831948], [84.343437152, 19.7818593120001], [84.343536236, 19.7818593120001], [84.343597625, 19.7818238410001], [84.343623473, 19.781831949], [84.343640705, 19.7818218140001], [84.3436127030001, 19.7817812760001], [84.3435610070001, 19.7817974910001], [84.34353839, 19.781774182], [84.3435717770001, 19.781740739], [84.3435340820001, 19.781717429], [84.343507157, 19.7817518860001], [84.343466231, 19.7817508730001], [84.343469462, 19.7817052680001], [84.3433384460001, 19.7816593490001], [84.3432157010001, 19.781736139], [84.34313738, 19.781752614], [84.3431144290001, 19.781742304], [84.343082671, 19.781766082], [84.3430270440001, 19.781751581], [84.3429976680001, 19.7817942880001], [84.342966818, 19.7817942880001], [84.3429397790001, 19.781779623], [84.3429561040001, 19.781749517], [84.343003282, 19.781739219], [84.3430166740001, 19.7817228320001], [84.343030926, 19.7817146790001], [84.3430448560001, 19.7817269190001], [84.3431338620001, 19.781699465], [84.3430823530001, 19.7816375640001], [84.342849802, 19.781715697], [84.342822777, 19.781738788], [84.3427828800001, 19.781745432], [84.342726021, 19.781730816], [84.342697404, 19.7817520780001], [84.3427341280001, 19.781799978], [84.3427211270001, 19.7818266260001], [84.342755202, 19.781851967], [84.3428237310001, 19.7818412940001], [84.3428249020001, 19.781897373], [84.3428691760001, 19.7818947000001], [84.3428778570001, 19.7818626440001], [84.342929311, 19.781830626], [84.343004819, 19.781893364], [84.3430062190001, 19.7819174310001], [84.34298189, 19.781945535], [84.3428833010001, 19.7819388410001], [84.3428691560001, 19.781900047], [84.3428263050001, 19.7819027200001], [84.3426621080001, 19.782087849], [84.3426303300001, 19.7821188290001], [84.3426425490001, 19.7822052220001], [84.3427200200001, 19.7822173930001], [84.342780314, 19.7822241580001], [84.3429453970001, 19.7822796890001], [84.3429611400001, 19.782317678], [84.3431789150001, 19.78243523], [84.3431665630001, 19.782500317], [84.3432159700001, 19.7825363480001], [84.34325426, 19.7824805590001], [84.3432937860001, 19.7824875320001], [84.343303667, 19.78240501], [84.34328514, 19.782392225], [84.3432826690001, 19.782336436], [84.3433296060001, 19.7823248130001], [84.343370367, 19.7823387610001], [84.343376542, 19.782389901], [84.3433493690001, 19.78242012], [84.3433073730001, 19.7824073350001], [84.3432903410001, 19.782533228], [84.3434391040001, 19.782520961], [84.343487666, 19.7825629270001], [84.343347925, 19.782834306], [84.3435619950001, 19.782929428], [84.343656255, 19.7826287560001], [84.343617264, 19.782607354], [84.3436994400001, 19.782176975], [84.3436729790001, 19.782162746], [84.3436775150001, 19.782120772], [84.3437190970001, 19.7821036980001], [84.343753119, 19.781961414], [84.3438317470001, 19.7820076560001], [84.3438287230001, 19.781900943], [84.34395519, 19.781836002], [84.3438841070001, 19.781811679], [84.3438927230001, 19.781778236], [84.3438410270001, 19.7817833030001], [84.343847489, 19.7818197870001], [84.3438291800001, 19.7818349890001], [84.343806563, 19.781826881], [84.3437882540001, 19.781800532], [84.3437290190001, 19.781800532], [84.3436396280001, 19.7818532310001], [84.3436600910001, 19.7818704590001], [84.3436719380001, 19.781900863], [84.3435890090001, 19.781891742], [84.3435222350001, 19.781969777], [84.3434113040001, 19.7819261990001]]], [[[84.3437600070001, 19.782162419], [84.3437312040001, 19.782192911], [84.3437006, 19.782182747], [84.3436195880001, 19.7826045520001], [84.343668194, 19.782629962], [84.3437078000001, 19.7825723660001], [84.3437762090001, 19.7825825300001], [84.3437762090001, 19.7826604540001], [84.3438068130001, 19.782662148], [84.3438518190001, 19.782577448], [84.3438806230001, 19.7825926940001], [84.3438716210001, 19.7826757], [84.343954432, 19.7826757], [84.344043297, 19.782758266], [84.344208822, 19.7828582660001], [84.3443093210001, 19.7828729390001], [84.3444282680001, 19.782942325], [84.3444764550001, 19.7830010640001], [84.344577051, 19.7830397920001], [84.3446223780001, 19.783041128], [84.3446662320001, 19.783003734], [84.3447016360001, 19.7830023990001], [84.3447555130001, 19.783035785], [84.3448488540001, 19.782970355], [84.344779234, 19.7828489290001], [84.3447225950001, 19.782835592], [84.344657419, 19.782787591], [84.3446136000001, 19.7828249240001], [84.3445229960001, 19.782798256], [84.34451871, 19.782754267], [84.344552659, 19.7827462700001], [84.3445654270001, 19.7827769260001], [84.344599384, 19.7827742600001], [84.3446290740001, 19.782755599], [84.3446049400001, 19.7826916390001], [84.34453983, 19.782653012], [84.344491717, 19.782623716], [84.3444733090001, 19.782593095], [84.3444676060001, 19.7825305430001], [84.344098709, 19.7823975520001], [84.344172251, 19.7822182240001], [84.344112968, 19.7821784060001], [84.3441002910001, 19.78213064], [84.3439633690001, 19.782127987], [84.34398887, 19.782039136], [84.3439324490001, 19.7820205780001], [84.3438365120001, 19.782012625], [84.3437546070001, 19.7819659150001], [84.343722202, 19.7821031290001], [84.3437564070001, 19.782116681], [84.3437600070001, 19.782162419]]], [[[84.343896166, 19.782774762], [84.3439475100001, 19.7826792340001], [84.3438649550001, 19.7826821580001], [84.3438423380001, 19.7827561830001], [84.3437402820001, 19.7827459600001], [84.343704233, 19.7828073100001], [84.3436706570001, 19.782796734], [84.3436819460001, 19.782736819], [84.3436304570001, 19.782725724], [84.343603876, 19.782809435], [84.343696724, 19.7828812390001], [84.3436669650001, 19.782921856], [84.3436212350001, 19.7829093330001], [84.3436043280001, 19.782978879], [84.3435556540001, 19.7829967500001], [84.3435058750001, 19.782983625], [84.343507962, 19.7829107690001], [84.3433423590001, 19.7828349600001], [84.343302077, 19.78286023], [84.343046959, 19.782759152], [84.342878, 19.782683343], [84.342703471, 19.7826331260001], [84.3425377450001, 19.78264246], [84.342713443, 19.7827421650001], [84.342837962, 19.782778057], [84.3429394250001, 19.782840557], [84.3431727400001, 19.7829580110001], [84.343195855, 19.78292979], [84.3432571850001, 19.782900023], [84.3433107590001, 19.7829470340001], [84.3432947420001, 19.7830286510001], [84.3434723270001, 19.7831356350001], [84.3435018100001, 19.7831270500001], [84.3435172250001, 19.783146437], [84.343545556, 19.7831537110001], [84.3435661940001, 19.783130683], [84.3435970900001, 19.7831621990001], [84.343579038, 19.7831767590001], [84.3438385050001, 19.783263071], [84.3438654230001, 19.783222917], [84.3438847690001, 19.7832217010001], [84.343906841, 19.7832460280001], [84.3439057510001, 19.7832813430001], [84.344007091, 19.7833582320001], [84.3441963000001, 19.783593517], [84.344390784, 19.7837344210001], [84.3445194330001, 19.7839162390001], [84.3448535370001, 19.783460716], [84.3448012200001, 19.783383234], [84.3447650850001, 19.783383234], [84.3447344410001, 19.7833047340001], [84.344677285, 19.783161998], [84.3445527650001, 19.783033458], [84.3444615980001, 19.7830954200001], [84.3444553, 19.7831286910001], [84.3444121810001, 19.7831334000001], [84.344389763, 19.783115439], [84.344430393, 19.783091604], [84.3444606790001, 19.7830923660001], [84.3445481530001, 19.7830327290001], [84.344475333, 19.783004611], [84.3444257020001, 19.7829426160001], [84.3443481480001, 19.782898898], [84.3442569170001, 19.7829300930001], [84.344222739, 19.7829135810001], [84.344205199, 19.782861333], [84.3440306860001, 19.782754132], [84.3439702160001, 19.7828094330001], [84.343923884, 19.782808371], [84.343896166, 19.782774762]]], [[[84.3492758582921, 19.7859733667202], [84.3492889369607, 19.7859456404514], [84.3492765875716, 19.785910311832], [84.3492933021288, 19.78587761215], [84.3492597805014, 19.7857640385373], [84.3492421573049, 19.7857231476818], [84.3491944746747, 19.7857260156947], [84.3492200964432, 19.7858087907038], [84.3491643798775, 19.7858398425013], [84.3491655692873, 19.7858610509706], [84.349234161219, 19.7858847275332], [84.3492267507352, 19.7859288418062], [84.349172191952, 19.7859860777955], [84.3492480444277, 19.7860024700554], [84.3492758582921, 19.7859733667202]]], [[[84.3439683220001, 19.785919872], [84.3436604300001, 19.785831403], [84.3436493250001, 19.7859111280001], [84.343620533, 19.785997185], [84.343490118, 19.7866139290001], [84.3437000540001, 19.786716563], [84.3438188820001, 19.786851703], [84.343899197, 19.7869946760001], [84.3441000700001, 19.7870569570001], [84.344260138, 19.787070418], [84.34435074, 19.7873888340001], [84.344320752, 19.7875118530001], [84.3442477240001, 19.7875735870001], [84.3441162980001, 19.7880239570001], [84.3442547220001, 19.788072936], [84.344430356, 19.787715919], [84.344438417, 19.7875964900001], [84.3445787110001, 19.78756672], [84.3447215570001, 19.7872528450001], [84.344771989, 19.7869361360001], [84.3447471710001, 19.7868442990001], [84.3444341040001, 19.786640622], [84.3443986390001, 19.7866855], [84.3443203720001, 19.786631416], [84.3443020280001, 19.7865807850001], [84.3442824620001, 19.786535907], [84.34431548, 19.786491029], [84.3443399390001, 19.786507139], [84.344383964, 19.786481823], [84.3444463330001, 19.786547414], [84.3444561160001, 19.786578483], [84.344437772, 19.7865957440001], [84.344447556, 19.786617608], [84.3444365490001, 19.7866371700001], [84.3447483940001, 19.7868396960001], [84.3448050690001, 19.7867155010001], [84.3448453710001, 19.786682618], [84.3449940240001, 19.7859100260001], [84.34503943, 19.7854799720001], [84.3448551500001, 19.7853238340001], [84.3447895190001, 19.7854699760001], [84.3446635180001, 19.785604606], [84.344346559, 19.7858135450001], [84.34409709, 19.7860512020001], [84.344010912, 19.786010784], [84.3439683220001, 19.785919872]]], [[[84.3334770170001, 19.797648693], [84.3335227700001, 19.7976459170001], [84.3335168520001, 19.797704229], [84.3334563350001, 19.797718113], [84.3334593010001, 19.7976695180001], [84.3334371890001, 19.7975820560001], [84.333330904, 19.797654246], [84.333372221, 19.7976750710001], [84.3333884460001, 19.797704228], [84.3333308730001, 19.797736163], [84.3332939860001, 19.797704228], [84.3332482230001, 19.7977250540001], [84.3334061190001, 19.797820867], [84.333503744, 19.7978934760001], [84.3335742670001, 19.7980017720001], [84.333635525, 19.7980559260001], [84.3337283530001, 19.7981065880001], [84.3336352210001, 19.7982911930001], [84.3337101180001, 19.798368425], [84.3334851860001, 19.79884488], [84.3336269970001, 19.7988820570001], [84.333659013, 19.798834707], [84.333695564, 19.7988329570001], [84.3337184100001, 19.798889091], [84.3337764180001, 19.79893494], [84.3338959490001, 19.7989014140001], [84.334074564, 19.798519755], [84.3341971450001, 19.798240306], [84.334254759, 19.798257553], [84.334507204, 19.797715338], [84.3338386080001, 19.797519591], [84.333767768, 19.7975806690001], [84.3337146410001, 19.797568175], [84.3337323550001, 19.7975168140001], [84.3336851350001, 19.797490441], [84.3334799930001, 19.797558457], [84.3334770170001, 19.797648693]]], [[[84.338422327, 19.799671161], [84.338361159, 19.799932104], [84.338410766, 19.7999767110001], [84.338397044, 19.800155298], [84.338491004, 19.8002140360001], [84.3385565740001, 19.8001222130001], [84.3387491110001, 19.8001498940001], [84.3389099500001, 19.800287676], [84.3391798110001, 19.799907879], [84.339414285, 19.7996193970001], [84.3395628690001, 19.7995019640001], [84.339685697, 19.7991403460001], [84.3394994700001, 19.7991012030001], [84.3394222060001, 19.799158988], [84.3392874900001, 19.799158988], [84.339271641, 19.799132892], [84.3392775840001, 19.799078836], [84.3392260750001, 19.7990415560001], [84.3384534410001, 19.7989185340001], [84.337910617, 19.7988290600001], [84.3378328160001, 19.7993262040001], [84.3382040500001, 19.79944884], [84.338219714, 19.7995080860001], [84.3383188080001, 19.7995334870001], [84.338318729, 19.7995927740001], [84.3383637760001, 19.799616073], [84.33837049, 19.799658446], [84.338422327, 19.799671161]]], [[[84.3457994010001, 19.8062253320001], [84.3457711820001, 19.8061730700001], [84.3458181240001, 19.8061535520001], [84.3458307820001, 19.80616329], [84.345877181, 19.806142096], [84.3458795860001, 19.8061150080001], [84.3458166920001, 19.8061106690001], [84.3457984230001, 19.806067731], [84.3458144050001, 19.805970363], [84.3457626190001, 19.805972221], [84.3457075470001, 19.805854385], [84.3457262000001, 19.805841849], [84.3457022170001, 19.805770814], [84.3456622450001, 19.8057783350001], [84.345647145, 19.805758278], [84.345553878, 19.805772485], [84.34551213, 19.8057942140001], [84.3454641640001, 19.805788364], [84.3454410690001, 19.805754935], [84.34545617, 19.805722342], [84.345490812, 19.805697271], [84.3455298950001, 19.805703121], [84.345553878, 19.805770814], [84.345648033, 19.8057557710001], [84.345655139, 19.8057332070001], [84.3456915580001, 19.805700614], [84.3456622450001, 19.8056337570001], [84.345598291, 19.8055226070001], [84.3454994940001, 19.8055260840001], [84.345474623, 19.805467584], [84.3454168860001, 19.8054441840001], [84.345366256, 19.805414098], [84.3453253960001, 19.805363119], [84.345034937, 19.8052026620001], [84.3450162840001, 19.8052126910001], [84.345017172, 19.8052352550001], [84.3449621, 19.805232748], [84.344940782, 19.805216869], [84.3449523300001, 19.805168398], [84.3449798660001, 19.8051725760001], [84.3449843070001, 19.8051608760001], [84.3448874870001, 19.805092347], [84.3446336850001, 19.805026964], [84.3447514360001, 19.8052934180001], [84.344931505, 19.805532392], [84.345088816, 19.8058263820001], [84.3451791200001, 19.8058098070001], [84.3453219530001, 19.806193724], [84.3453807880001, 19.8061757830001], [84.3454446410001, 19.8062527220001], [84.3454876390001, 19.8063629070001], [84.3456581790001, 19.8062925400001], [84.3457611040001, 19.806260222], [84.3457994010001, 19.8062253320001]]], [[[84.3449306470001, 19.807206842], [84.344893513, 19.8071182510001], [84.344958498, 19.806979749], [84.3449293210001, 19.8069572900001], [84.3449704340001, 19.8069148660001], [84.3449956320001, 19.8069223520001], [84.3450659210001, 19.8068250270001], [84.3453364710001, 19.806676542], [84.3452767900001, 19.8066004290001], [84.34517865, 19.8066453490001], [84.345142842, 19.8066353670001], [84.3451468210001, 19.806599181], [84.3451561040001, 19.8065829610001], [84.3451202960001, 19.806551767], [84.345128253, 19.806514334], [84.3450950980001, 19.8065105900001], [84.3450553110001, 19.8065367930001], [84.345034092, 19.8065293070001], [84.3450301130001, 19.8064856350001], [84.3449558450001, 19.806370841], [84.345057964, 19.8064132650001], [84.3450871410001, 19.806443211], [84.345279443, 19.806425742], [84.345485007, 19.8063633520001], [84.345442162, 19.806254321], [84.3453785040001, 19.8061782070001], [84.3453201500001, 19.8061956760001], [84.345176918, 19.805813861], [84.3450880620001, 19.8058288340001], [84.344931568, 19.805538105], [84.3446668540001, 19.8056868830001], [84.3447451310001, 19.805891456], [84.3447900670001, 19.805937826], [84.3447436810001, 19.805986923], [84.3447030930001, 19.8059582830001], [84.344558137, 19.80604284], [84.3446480100001, 19.806149218], [84.344892987, 19.806285599], [84.3450002500001, 19.806272456], [84.34504042, 19.8064014330001], [84.3449545190001, 19.8063670980001], [84.3447725140001, 19.8065537260001], [84.344762217, 19.8065904470001], [84.3447966990001, 19.8066116590001], [84.3445646100001, 19.8069847400001], [84.3445022770001, 19.80701843], [84.344499624, 19.807140711], [84.3448842290001, 19.807240532], [84.3449306470001, 19.807206842]]], [[[84.3354093580048, 19.8065897623473], [84.3354958720632, 19.8066934366731], [84.3355272272763, 19.8067819268727], [84.3356257639338, 19.8067403106373], [84.3355919828745, 19.8066769661008], [84.3357132241832, 19.8065951809156], [84.3356592201296, 19.8064889193577], [84.3357776394854, 19.8064198408648], [84.335623571728, 19.8063309490343], [84.3354873368546, 19.8062460139912], [84.3354889779342, 19.80612710455], [84.3353773641572, 19.8059989296953], [84.3352509784006, 19.8060344482949], [84.3351787579581, 19.8059989299771], [84.3349817932518, 19.8060267269877], [84.3349785104823, 19.8060668781997], [84.3345829391016, 19.806120927211], [84.3345629842744, 19.8063253083985], [84.3346453622705, 19.8063044745284], [84.3346424141822, 19.806264285919], [84.3346939367453, 19.8062462125744], [84.3347223421362, 19.8062681651018], [84.334705751731, 19.806324004702], [84.3346556052751, 19.8063331374922], [84.3346451695307, 19.8063109784438], [84.334562845266, 19.8063292217534], [84.3346305373523, 19.806601198185], [84.3347463966058, 19.8066181243666], [84.3348441525965, 19.806668291599], [84.3349998479919, 19.8066691468823], [84.335037599723, 19.8067571710095], [84.3351574206037, 19.8067278296413], [84.3353215589775, 19.806767981005], [84.3353240587591, 19.8067099454192], [84.3353673968765, 19.8066728545776], [84.3353521388485, 19.8066223383909], [84.3354093580048, 19.8065897623473]]], [[[84.3362828410001, 19.806868922], [84.3362437220001, 19.8069629770001], [84.3361698320001, 19.8069697920001], [84.3362200000001, 19.8071483000001], [84.3363205100001, 19.8071333660001], [84.3363335490001, 19.807179712], [84.3363755650001, 19.807185164], [84.3363683210001, 19.8071592650001], [84.3364248250001, 19.807114282], [84.3365045100001, 19.8071429080001], [84.3365204470001, 19.807175623], [84.3364856760001, 19.8071933430001], [84.3364480060001, 19.807155176], [84.336382809, 19.8071865270001], [84.336414683, 19.807205611], [84.3364277220001, 19.80733238], [84.3365146520001, 19.8072928500001], [84.336532038, 19.807403262], [84.336513203, 19.8074550600001], [84.336561014, 19.807512311], [84.3366073770001, 19.807508221], [84.3366682270001, 19.807549115], [84.336765299, 19.8075273050001], [84.336746464, 19.8074591490001], [84.3368000710001, 19.8074414290001], [84.3367479130001, 19.8073937200001], [84.3366769200001, 19.8073746370001], [84.3367073460001, 19.80731466], [84.336765299, 19.80733238], [84.3367537080001, 19.8073909940001], [84.3368044170001, 19.8074387030001], [84.336842087, 19.807376], [84.336988418, 19.807277856], [84.3369391580001, 19.8071156460001], [84.3370507170001, 19.8070788420001], [84.3370405750001, 19.807002507], [84.3364103370001, 19.8070815680001], [84.336353833, 19.806937078], [84.336324856, 19.806930262], [84.3362828410001, 19.806868922]]], [[[84.346542297, 19.81960839], [84.3463996790001, 19.8189447880001], [84.3462526930001, 19.8188415340001], [84.3457875620001, 19.8194473620001], [84.346322661, 19.8199149170001], [84.346542297, 19.81960839]]], [[[84.338535037, 19.826988037], [84.3385597290001, 19.826966461], [84.3385476560001, 19.8269496070001], [84.3385565620001, 19.8269236470001], [84.338568718, 19.826914199], [84.338567239, 19.8268956060001], [84.3385413780001, 19.8268873530001], [84.338525222, 19.8268668210001], [84.3385522010001, 19.8268407360001], [84.3385716320001, 19.8268342430001], [84.3385635490001, 19.8267674860001], [84.3385334230001, 19.8267744770001], [84.3385208060001, 19.8267729470001], [84.3384847070001, 19.8267979450001], [84.3384156650001, 19.8268106940001], [84.3383972870001, 19.8268059650001], [84.3383635110001, 19.8268355760001], [84.338340621, 19.826838036], [84.338346684, 19.8268723030001], [84.3383165640001, 19.826893161], [84.338293526, 19.8271427120001], [84.3382905990001, 19.827217413], [84.338225139, 19.8276990640001], [84.3383598290001, 19.8277139790001], [84.338396554, 19.8275769250001], [84.3384989620001, 19.8275917390001], [84.3385993140001, 19.827615125], [84.3387868130001, 19.8276440400001], [84.339095785, 19.82765478], [84.3390886720001, 19.8276408300001], [84.339089297, 19.827626916], [84.3391026960001, 19.827608963], [84.3391363870001, 19.8276228390001], [84.3391780330001, 19.82735359], [84.339141349, 19.8273307150001], [84.33908531, 19.827304774], [84.3391153970001, 19.8270505360001], [84.3391477580001, 19.826833675], [84.339095129, 19.8264832350001], [84.338969917, 19.826545389], [84.3389317040001, 19.826597124], [84.3388733370001, 19.826570901], [84.3388200690001, 19.826592674], [84.338842877, 19.8266585100001], [84.338873273, 19.826671563], [84.3389049460001, 19.8266858220001], [84.338944294, 19.826665378], [84.338962016, 19.826685695], [84.3389644870001, 19.8267191750001], [84.3389454620001, 19.8267263650001], [84.33892266, 19.8267132720001], [84.3388973190001, 19.82670855], [84.33890869, 19.8267383840001], [84.338906121, 19.826771798], [84.33892509, 19.826790848], [84.3389187340001, 19.826811116], [84.3389186960001, 19.826840885], [84.3389249620001, 19.82689321], [84.338966719, 19.8268706100001], [84.3390299590001, 19.826907465], [84.339059111, 19.8269217390001], [84.3390655440001, 19.826947928], [84.3390478370001, 19.82695269], [84.33906704, 19.8270051490001], [84.339048114, 19.8270278250001], [84.339011961, 19.8270263700001], [84.338946783, 19.827004204], [84.3389234630001, 19.827070577], [84.338895747, 19.827101751], [84.338880825, 19.827127917], [84.3388487780001, 19.8271408640001], [84.338821018, 19.827133643], [84.338799694, 19.8271013500001], [84.338812476, 19.82707427], [84.3388561820001, 19.8270643600001], [84.3388956150001, 19.827034274], [84.3389213230001, 19.8270695640001], [84.338944638, 19.827001185], [84.3389083310001, 19.826993094], [84.338917854, 19.8269609920001], [84.3388975660001, 19.82694293], [84.3388794740001, 19.826949929], [84.3388518190001, 19.8269689430001], [84.338823093, 19.826976928], [84.3388050120001, 19.82696588], [84.3388135100001, 19.8269348600001], [84.3388507010001, 19.8269168740001], [84.338868774, 19.8269118800001], [84.338867699, 19.8268718940001], [84.338853896, 19.826851897], [84.3388485880001, 19.826840894], [84.3388209450001, 19.8268469120001], [84.3388039480001, 19.8268339200001], [84.3388080920001, 19.8268039760001], [84.338797206, 19.826788036], [84.338767627, 19.8268006280001], [84.338750717, 19.8267864260001], [84.3387476360001, 19.826752227], [84.3387669360001, 19.8267356000001], [84.3387905280001, 19.826741235], [84.3388038480001, 19.8267560530001], [84.338808693, 19.826775458], [84.3387984140001, 19.8267868930001], [84.3388093010001, 19.826802834], [84.3388310860001, 19.8267908180001], [84.3388498630001, 19.8267919260001], [84.3388639020001, 19.826775202], [84.338870388, 19.8267508810001], [84.3388492460001, 19.8267144450001], [84.3388124360001, 19.8266519420001], [84.338757156, 19.8266162900001], [84.3387112460001, 19.8266558220001], [84.3387379600001, 19.826708764], [84.338715053, 19.8267305260001], [84.3386694020001, 19.826734087], [84.3385658060001, 19.8267703170001], [84.3385735410001, 19.826831032], [84.3385941080001, 19.8268397860001], [84.3385974240001, 19.82686613], [84.3385968440001, 19.8269029750001], [84.3385988350001, 19.826927315], [84.338623236, 19.8269343220001], [84.338600436, 19.8269728000001], [84.3386173700001, 19.8269904160001], [84.3386631160001, 19.8269753540001], [84.3387211530001, 19.8269626490001], [84.3387317880001, 19.8270228220001], [84.3387267410001, 19.8270346510001], [84.338700707, 19.8270345080001], [84.3386614760001, 19.8270059230001], [84.3386631010001, 19.8269765270001], [84.3386179890001, 19.826991112], [84.338610547, 19.8270046220001], [84.338614663, 19.827057241], [84.338617609, 19.8271086500001], [84.3385957080001, 19.8271141770001], [84.3385454820001, 19.8271141860001], [84.3385092240001, 19.827099579], [84.3384755320001, 19.827066938], [84.3384670740001, 19.827032758], [84.3385116680001, 19.8270051280001], [84.338535037, 19.826988037]]], [[[84.3367418230001, 19.840793772], [84.3366471790001, 19.8407585100001], [84.3366660080001, 19.8406992880001], [84.336583035, 19.840658923], [84.3365669560001, 19.840699252], [84.336517395, 19.8406337010001], [84.3364597790001, 19.8406349570001], [84.3363579360001, 19.8406929270001], [84.3362400090001, 19.840619815], [84.3362507090001, 19.840599624], [84.3363204010001, 19.8405971030001], [84.336365969, 19.8405933180001], [84.3364303000001, 19.840621087], [84.336471848, 19.8405870180001], [84.336534826, 19.840605951], [84.3366741470001, 19.8406085070001], [84.336743568, 19.840653989], [84.336784922, 19.8406653760001], [84.336815701, 19.840655305], [84.336782601, 19.840583343], [84.3359021000001, 19.8404170000001], [84.3359789, 19.8407980000001], [84.3365810000001, 19.8410878], [84.3369049, 19.8409306], [84.3368351870001, 19.840751036], [84.3367886840001, 19.8407233300001], [84.3367673180001, 19.840737161], [84.3367418230001, 19.840793772]]], [[[84.362154231, 19.8470575690001], [84.362482463, 19.846876147], [84.3626195090001, 19.8468522750001], [84.362592438, 19.8468108980001], [84.3626584230001, 19.8467902100001], [84.3625890540001, 19.8466804020001], [84.3625467560001, 19.8466851760001], [84.362502766, 19.8466406160001], [84.362526453, 19.8466167450001], [84.362331882, 19.846390763], [84.36230087610157, 19.846403319925205], [84.3622769030001, 19.8463235400001], [84.362315123, 19.8462752630001], [84.3622309570001, 19.8461778000001], [84.3621610930001, 19.846209699], [84.3621272840001, 19.846225094], [84.3620924000001, 19.846162603], [84.3620663070001, 19.846101393], [84.3620304200001, 19.846130155], [84.3619533010001, 19.8461640830001], [84.3618845980001, 19.8462662850001], [84.3619460410001, 19.8463769480001], [84.3619108620001, 19.846460273], [84.361959717, 19.8465501640001], [84.36197038049484, 19.846546252666855], [84.3620848630001, 19.8467631560001], [84.362037489, 19.846791802], [84.362154231, 19.8470575690001]]], [[[84.3610341310001, 19.8462329760001], [84.3610489390001, 19.846210569], [84.3610817080001, 19.8462118090001], [84.3610793970001, 19.846179723], [84.361013353, 19.846156491], [84.3610530270001, 19.8461081680001], [84.361106878, 19.846162587], [84.361176996, 19.8461443360001], [84.3610795710001, 19.845954104], [84.3607667460001, 19.845891045], [84.3607562930001, 19.845993229], [84.360940091, 19.846019535], [84.3609187070001, 19.8460700110001], [84.360791996, 19.846061998], [84.3607299670001, 19.846149699], [84.3606583630001, 19.8461770820001], [84.360647489, 19.846138798], [84.3607021600001, 19.8460968430001], [84.3606844990001, 19.8460500080001], [84.3607520670001, 19.845991919], [84.360762514, 19.845891045], [84.3605254940001, 19.845855472], [84.360234231, 19.8462630240001], [84.3602223770001, 19.8464082950001], [84.360132305, 19.846499141], [84.3601719440001, 19.846576435], [84.3602869420001, 19.846607394], [84.3603072600001, 19.846569559], [84.3603419830001, 19.8465712780001], [84.3603981310001, 19.8466952410001], [84.3605463100001, 19.846743551], [84.36068756, 19.84643056], [84.3605582120001, 19.8463347410001], [84.3605033540001, 19.8463963130001], [84.3604927220001, 19.846293745], [84.3605420160001, 19.8462493800001], [84.3606366290001, 19.846300575], [84.360643838, 19.8463672250001], [84.360691263, 19.846338159], [84.3607350070001, 19.8463518350001], [84.3607787980001, 19.8464271340001], [84.3607350030001, 19.8464819860001], [84.3608281850001, 19.846533477], [84.360798994, 19.8465901920001], [84.36085575, 19.846641822], [84.3609908000001, 19.846533476], [84.36103467, 19.8465386290001], [84.3608175000001, 19.846816125], [84.3608523620001, 19.8468334240001], [84.360901804, 19.8467971050001], [84.3609330290001, 19.8468230440001], [84.3610720250001, 19.8467349200001], [84.3611595230001, 19.8466538770001], [84.3613744570001, 19.846528323], [84.361178318, 19.846147977], [84.3611081610001, 19.8461662510001], [84.3610833210001, 19.8461784950001], [84.36108432, 19.8462130500001], [84.3611420550001, 19.8462367270001], [84.36111427, 19.846270696], [84.3610745000001, 19.8462744940001], [84.3610341310001, 19.8462329760001]]], [[[84.33663112, 19.846903022], [84.3366316440001, 19.8469240640001], [84.3366164330001, 19.8469370940001], [84.336601826, 19.8469375110001], [84.3365816130001, 19.846956759], [84.336572092, 19.8469556330001], [84.3365637100001, 19.846931989], [84.3365519610001, 19.8469319050001], [84.3365340780001, 19.846921954], [84.336518975, 19.8468920930001], [84.336522329, 19.846882113], [84.3365038490001, 19.8468642870001], [84.336520642, 19.846849546], [84.3365402320001, 19.84686738], [84.336571587, 19.8468785110001], [84.3365845020001, 19.8468649050001], [84.336603596, 19.846871831], [84.336590658, 19.8468854400001], [84.3365766250001, 19.846889044], [84.3365721270001, 19.846907394], [84.3366181960001, 19.846888742], [84.3366294320001, 19.84690196], [84.336628316, 19.846896165], [84.3364958910001, 19.8467294050001], [84.336483517, 19.846728338], [84.3364682230001, 19.8467288750001], [84.3364466900001, 19.846747953], [84.3364385260001, 19.8467728910001], [84.3364281510001, 19.846772931], [84.3364226950001, 19.846765756], [84.3364158750001, 19.8467702240001], [84.3364129980001, 19.8467926810001], [84.336386486, 19.8467971150001], [84.3363831990001, 19.846790662], [84.336381509, 19.846775531], [84.3363888360001, 19.8467638390001], [84.336404579, 19.8467644610001], [84.336415942, 19.846769195], [84.336422068, 19.846764738], [84.3364202700001, 19.846754988], [84.3364218140001, 19.8467463910001], [84.336431271, 19.8467395280001], [84.336446762, 19.846745986], [84.336467902, 19.8467282440001], [84.3364638040001, 19.8467188000001], [84.3364677330001, 19.846705576], [84.3364575850001, 19.846701325], [84.3364372610001, 19.846688575], [84.336444021, 19.846679049], [84.3364304420001, 19.8466599240001], [84.336420843, 19.8466646730001], [84.336416849, 19.8466439600001], [84.3364032520001, 19.846634351], [84.336382287, 19.8466310850001], [84.3363912900001, 19.846601336], [84.3360271380001, 19.846118511], [84.3359520280001, 19.8461746630001], [84.335965684, 19.846220198], [84.335874893, 19.8462233330001], [84.336487886, 19.8469639460001], [84.3365043490001, 19.8469592120001], [84.3365644890001, 19.84698967], [84.336616162, 19.846996194], [84.3366639830001, 19.8469920840001], [84.336687952, 19.8469618620001], [84.336632819, 19.8468977700001], [84.33663112, 19.846903022]]], [[[84.3613859390001, 19.847298444], [84.3614686180001, 19.847255589], [84.361454816, 19.8472034270001], [84.361547326, 19.8471610880001], [84.3617682510001, 19.847109812], [84.3617381240001, 19.847014007], [84.361775423, 19.84698702], [84.3617539040001, 19.8469316960001], [84.3618371100001, 19.846891215], [84.361883016, 19.846853432], [84.3617840300001, 19.846634835], [84.3617108670001, 19.846660473], [84.3616348340001, 19.846507995], [84.3612216770001, 19.846722544], [84.361105476, 19.846830493], [84.3609218500001, 19.847023452], [84.3610308010001, 19.8471327410001], [84.361074634, 19.847112231], [84.3611356120001, 19.8471807720001], [84.3612159200001, 19.847138446], [84.3612154410001, 19.8472244390001], [84.3613859390001, 19.847298444]]], [[[84.362064155, 19.8474199660001], [84.3620230970001, 19.8473626570001], [84.3620958290001, 19.847337908], [84.3621135670001, 19.847363855], [84.3622521290001, 19.847293216], [84.3622495070001, 19.8472583340001], [84.3623093720001, 19.8472410000001], [84.3623819600001, 19.8472690360001], [84.362448364, 19.84723967], [84.362477131, 19.8472837960001], [84.3622884930001, 19.847304007], [84.362280017, 19.8473556440001], [84.3622476500001, 19.847347449], [84.3622549030001, 19.8472986080001], [84.3621148920001, 19.847367966], [84.362148109, 19.8474077820001], [84.3620696240001, 19.8474199660001], [84.361999342, 19.847482863], [84.3622917690001, 19.8475638080001], [84.3623613570001, 19.8474706010001], [84.362524394, 19.847510943], [84.3625009930001, 19.847556743], [84.3626060700001, 19.847590344], [84.3630634240001, 19.84738172], [84.3626876970001, 19.8468448290001], [84.3624844080001, 19.8468810420001], [84.3619830850001, 19.8471536050001], [84.3620051790001, 19.8472336200001], [84.3618582280001, 19.8473401700001], [84.3619105050001, 19.847446125], [84.3619994270001, 19.847477606], [84.362064155, 19.8474199660001]]], [[[84.361298914, 19.8487156800001], [84.361148353, 19.848981155], [84.361108507, 19.8490010950001], [84.361029644, 19.8491467000001], [84.3610645150001, 19.8491985970001], [84.3609818100001, 19.8492471860001], [84.36099742, 19.8493455710001], [84.3609265370001, 19.849403017], [84.3609104070001, 19.8495405780001], [84.3611111430001, 19.8495794500001], [84.3611688930001, 19.8494817070001], [84.361240218, 19.8494537080001], [84.3612207410001, 19.849323424], [84.3612061110001, 19.849221379], [84.3612737880001, 19.8491177110001], [84.3612786790001, 19.8491154050001], [84.3613412330001, 19.84900787], [84.3613433030001, 19.848894541], [84.3613764340001, 19.8487909620001], [84.3614269020001, 19.8487730140001], [84.361469377, 19.8487999270001], [84.36153584, 19.8486415350001], [84.3615977590001, 19.8486238], [84.3617488690001, 19.848282474], [84.361873142, 19.8480186800001], [84.3617765640001, 19.8479950780001], [84.3617350270001, 19.848051995], [84.3616043490001, 19.8481304310001], [84.361519415, 19.84834119], [84.361391639, 19.848542792], [84.361426286, 19.8486206530001], [84.3613798870001, 19.8487156790001], [84.361298914, 19.8487156800001]]], [[[84.3637952160001, 19.8493181960001], [84.363612221, 19.849438494], [84.3638141810001, 19.8497350750001], [84.363922749, 19.849634494], [84.3639059230001, 19.8494925790001], [84.3640921250001, 19.8494699400001], [84.3640591240001, 19.8493332470001], [84.3639914460001, 19.8493171480001], [84.363994066, 19.849245823], [84.3640676480001, 19.8492049760001], [84.3641442630001, 19.849265401], [84.364121427, 19.8493135730001], [84.3640629210001, 19.8493296680001], [84.3640978070001, 19.8494699400001], [84.3643981920001, 19.849626127], [84.3644065570001, 19.849471765], [84.3646085980001, 19.849484251], [84.3646193770001, 19.8494530450001], [84.364372797, 19.849109863], [84.364520778, 19.8490277560001], [84.364537887, 19.848964279], [84.3645135900001, 19.848888694], [84.3642981240001, 19.8486448730001], [84.3641638300001, 19.8487015850001], [84.364028068, 19.848487462], [84.3636857390001, 19.8486145360001], [84.3638507640001, 19.848858106], [84.363752425, 19.8489274840001], [84.3637824400001, 19.848984741], [84.363758374, 19.848999072], [84.363655238, 19.848856068], [84.3635700680001, 19.8488948150001], [84.3637952160001, 19.8493181960001]]], [[[84.3576756790001, 19.8484682960001], [84.357626425, 19.8487594160001], [84.3575794100001, 19.8496103790001], [84.3575597510001, 19.8497455290001], [84.357652622, 19.8497560960001], [84.3577171530001, 19.8496768590001], [84.3577764670001, 19.8491987260001], [84.357815976, 19.8487840780001], [84.357830504, 19.8485093210001], [84.3576756790001, 19.8484682960001]]], [[[84.3562424550001, 19.850058081], [84.3562694010001, 19.8501159250001], [84.3565048, 19.8500921], [84.356529003, 19.850012722], [84.3565947870001, 19.8499474440001], [84.3565403100001, 19.849902361], [84.356207935, 19.8498972350001], [84.3561841540001, 19.849971286], [84.3562069020001, 19.849981601], [84.3562424550001, 19.850058081]]], [[[84.3555856730001, 19.850412368], [84.3556322330001, 19.8502821280001], [84.355534328, 19.8501999650001], [84.3555223930001, 19.850070934], [84.3554808430001, 19.8499797040001], [84.355443909, 19.8498577010001], [84.3553581130001, 19.8499188650001], [84.3552490210001, 19.849943782], [84.3552068130001, 19.8499745660001], [84.355172365, 19.849975047], [84.3551589130001, 19.84994786], [84.3551036950001, 19.8499795590001], [84.3550998900001, 19.8500150720001], [84.3551313840001, 19.850197796], [84.3552082130001, 19.850290762], [84.3553031100001, 19.8502916750001], [84.355293359, 19.850345707], [84.3553888920001, 19.850426166], [84.355388582, 19.850451826], [84.3555856730001, 19.850412368]]], [[[84.3569656290001, 19.850517558], [84.3569701970001, 19.850475101], [84.3569912030001, 19.850415264], [84.3569567070001, 19.850336242], [84.3568709850001, 19.8503284060001], [84.3567067660001, 19.8503644420001], [84.356677167, 19.8504216690001], [84.3565981300001, 19.850424747], [84.3565332260001, 19.8503700970001], [84.3565792140001, 19.8505094540001], [84.3566865230001, 19.850793136], [84.3567647880001, 19.850812128], [84.3567733730001, 19.850819186], [84.3567775920001, 19.850864255], [84.3567335920001, 19.8509887720001], [84.356965567, 19.8509636630001], [84.357062221, 19.8509428840001], [84.357280303, 19.850851413], [84.3572850990001, 19.8508248970001], [84.357234217, 19.8507821490001], [84.357232976, 19.850730431], [84.357236329, 19.850676262], [84.3571164520001, 19.8505958160001], [84.357046745, 19.8505405390001], [84.3569656290001, 19.850517558]], [[84.3568587090001, 19.8508664140001], [84.3568329340001, 19.850776608], [84.3568183670001, 19.850625564], [84.356834436, 19.8505665100001], [84.3569506630001, 19.8506018800001], [84.357073702, 19.850682428], [84.3570983640001, 19.850738683], [84.3570480480001, 19.8508242520001], [84.356944291, 19.8508655950001], [84.3568653820001, 19.850870107], [84.3568587090001, 19.8508664140001]]], [[[84.3552867050001, 19.8506970710001], [84.3552835250001, 19.8506611010001], [84.355313256, 19.8506020930001], [84.3552177460001, 19.8504751300001], [84.3551044550001, 19.8505037410001], [84.3550951350001, 19.8505351790001], [84.355117066, 19.850544594], [84.3550906850001, 19.8506271110001], [84.3551522860001, 19.85064019], [84.355104241, 19.850690381], [84.355147495, 19.850752975], [84.3551921820001, 19.8507507690001], [84.355238183, 19.850714585], [84.355269154, 19.850779736], [84.3553209930001, 19.85074601], [84.3553806050001, 19.8507812390001], [84.355371704, 19.8508546420001], [84.3554397550001, 19.850867926], [84.355464447, 19.850805397], [84.355445548, 19.8507594430001], [84.3553968210001, 19.8507643240001], [84.355397897, 19.8507350790001], [84.3552867050001, 19.8506970710001]]], [[[84.3577079120001, 19.850948112], [84.3576738690001, 19.8508739280001], [84.35769787, 19.8508408770001], [84.357687802, 19.850797082], [84.35768304, 19.850692843], [84.357605322, 19.8506528070001], [84.3575408390001, 19.8505923220001], [84.3575152170001, 19.8505077090001], [84.3574624610001, 19.8504419400001], [84.3573888350001, 19.8504368920001], [84.3574070390001, 19.8503288110001], [84.357434712, 19.850265484], [84.3574055000001, 19.850219419], [84.357349501, 19.850209562], [84.3572631810001, 19.8502498710001], [84.3571782480001, 19.850297461], [84.356995038, 19.8503432790001], [84.3569621820001, 19.8503418550001], [84.3570738110001, 19.8505195540001], [84.357147431, 19.8504098390001], [84.357260522, 19.8504618160001], [84.3571548460001, 19.850556867], [84.3570889820001, 19.850564186], [84.357195081, 19.8506465720001], [84.357326701, 19.850726572], [84.357293633, 19.8507858560001], [84.357284129, 19.850858407], [84.357332978, 19.8508990350001], [84.3574043080001, 19.8510203650001], [84.3574723630001, 19.8512748380001], [84.3577365500001, 19.851230092], [84.3576712000001, 19.8511371220001], [84.3576880460001, 19.8510179790001], [84.3577079120001, 19.850948112]]], [[[84.3572146180001, 19.8513487870001], [84.3572212930001, 19.851346694], [84.357257884, 19.8513652980001], [84.357425968, 19.851317164], [84.3574718090001, 19.8512756960001], [84.357402855, 19.8510210970001], [84.3573317390001, 19.8509004520001], [84.3572768290001, 19.8508542110001], [84.35706028, 19.8509469800001], [84.3571565130001, 19.851173718], [84.3572146180001, 19.8513487870001]]], [[[84.3558166340001, 19.850978071], [84.3558449670001, 19.851094432], [84.35587143, 19.8511649210001], [84.355941311, 19.8511791080001], [84.3559790680001, 19.8512130030001], [84.3560323830001, 19.8513955390001], [84.355935055, 19.851561883], [84.3559687360001, 19.8516462150001], [84.3560663470001, 19.8516535590001], [84.356084632, 19.851739034], [84.3562164300001, 19.85175329], [84.3563028880001, 19.8516929100001], [84.3563339280001, 19.8516283210001], [84.356114636, 19.850886856], [84.356076978, 19.8508887410001], [84.356059025, 19.8507897650001], [84.3560855220001, 19.85077762], [84.3560578840001, 19.8506100720001], [84.355933953, 19.8506532440001], [84.3559259740001, 19.8507067910001], [84.3558577680001, 19.850728808], [84.3558391110001, 19.8506375630001], [84.3556243210001, 19.850663754], [84.3556860530001, 19.8509151820001], [84.3557918910001, 19.8508938250001], [84.3558166340001, 19.850978071]]], [[[84.3568977, 19.8514566280001], [84.3572128710001, 19.8513486860001], [84.3571551050001, 19.8511746390001], [84.357057717, 19.8509456780001], [84.3569681010001, 19.850965092], [84.356733396, 19.850990993], [84.3568977, 19.8514566280001]]], [[[84.3596983800001, 19.850867592], [84.3596512760001, 19.850816509], [84.3596699540001, 19.8506867880001], [84.359637266, 19.8506519100001], [84.3595804350001, 19.850731463], [84.35954515, 19.850708662], [84.3595535210001, 19.8506359530001], [84.359520989, 19.850625114], [84.359381812, 19.850659308], [84.3593838360001, 19.8507332520001], [84.3592662390001, 19.850747647], [84.3591965860001, 19.8508096530001], [84.3593424250001, 19.852239551], [84.359511646, 19.8522612890001], [84.3596050900001, 19.85216897], [84.359524079, 19.851147516], [84.359686104, 19.8511152290001], [84.359687233, 19.8510514480001], [84.3596983800001, 19.850867592]]], [[[84.357251101, 19.8519046530001], [84.357176999, 19.8519239180001], [84.3572146670001, 19.8519610270001], [84.3572655300001, 19.851960924], [84.3573852810001, 19.85196068], [84.357413358, 19.8519137810001], [84.3574442540001, 19.8519499770001], [84.3575199140001, 19.851918105], [84.3575375410001, 19.851877621], [84.357609967, 19.8518897650001], [84.357690446, 19.851818613], [84.3576389070001, 19.851580072], [84.3575537770001, 19.851571219], [84.3575197740001, 19.8515308570001], [84.3575366200001, 19.8514823470001], [84.357534098, 19.851431903], [84.357584735, 19.8514028070001], [84.3575768580001, 19.851333266], [84.3575183130001, 19.851347667], [84.357483404, 19.851323633], [84.357474046, 19.851276329], [84.3574258850001, 19.851317551], [84.3572572680001, 19.851366446], [84.357220828, 19.8513476960001], [84.3568987510001, 19.8514585790001], [84.3569643260001, 19.851684993], [84.3570113710001, 19.8517308350001], [84.3570339620001, 19.8517895260001], [84.3571127980001, 19.85182531], [84.3571965140001, 19.85184911], [84.357251101, 19.8519046530001]]], [[[84.4754917010001, 19.000581342], [84.475496509, 19.000613145], [84.4755799820001, 19.0005934540001], [84.4755752090001, 19.0006358810001], [84.4754434660001, 19.0006692540001], [84.4754323110001, 19.000588911], [84.4754195500001, 19.0005314270001], [84.475302415, 19.0005525940001], [84.4752816970001, 19.0005132950001], [84.475104887, 19.0005873970001], [84.4751459820001, 19.000702662], [84.4750147, 19.0010746], [84.4749863000001, 19.0011771000001], [84.4751399630001, 19.001206321], [84.475250299, 19.0011631580001], [84.475507742, 19.000809184], [84.475578591, 19.0008000400001], [84.475594571, 19.0007041810001], [84.4757293200001, 19.000610115], [84.4758161340001, 19.0006343640001], [84.476077602, 19.000594967], [84.476088347, 19.0005389840001], [84.4760118400001, 19.000182631], [84.4753860070001, 19.000460467], [84.475408401, 19.0004815880001], [84.475526981, 19.0004755520001], [84.475576641, 19.000463483], [84.4755895060001, 19.0005042330001], [84.4755157690001, 19.0005163160001], [84.4754917010001, 19.000581342]]], [[[84.4728945790001, 19.0028524580001], [84.4729715820001, 19.0028871100001], [84.4733419820001, 19.002745927], [84.4737924170001, 19.0026419880001], [84.4741599920001, 19.002637882], [84.474475468, 19.0024473940001], [84.4743201080001, 19.0021507660001], [84.474152809, 19.002276581], [84.474028956, 19.002272824], [84.4739496600001, 19.002200251], [84.473725958, 19.002119925], [84.4736153800001, 19.001943231], [84.4735990080001, 19.001786779], [84.473543524, 19.0017742520001], [84.473467858, 19.001906709], [84.4732778430001, 19.0019919060001], [84.4729945920001, 19.0020482890001], [84.4725979070001, 19.002344818], [84.4728492, 19.0026276410001], [84.4728945790001, 19.0028524580001]]], [[[84.4578989080001, 19.009937791], [84.457861328, 19.0098985990001], [84.4578075050001, 19.009915737], [84.4577347100001, 19.0100765230001], [84.457641601, 19.0104014360001], [84.4576534500001, 19.0104750620001], [84.457785496, 19.0104174420001], [84.4580208080001, 19.01038383], [84.4583226, 19.0104327560001], [84.4582442970001, 19.010160555], [84.4581635200001, 19.010150132], [84.4581350660001, 19.0100853230001], [84.458199171, 19.010056886], [84.4582807670001, 19.010082601], [84.4583286370001, 19.010042485], [84.458309054, 19.009981797], [84.4583862980001, 19.0099324240001], [84.4584047930001, 19.009970482], [84.4583743310001, 19.0099879690001], [84.4583765070001, 19.010048657], [84.458338429, 19.0100383710001], [84.4582818550001, 19.010086716], [84.4583025260001, 19.0101216890001], [84.458247041, 19.0101607760001], [84.4583281020001, 19.0104341090001], [84.458453805, 19.010419245], [84.458604854, 19.010363022], [84.458603161, 19.010308604], [84.458565917, 19.0102877960001], [84.4585845390001, 19.010226975], [84.4586420970001, 19.0102317770001], [84.4586437900001, 19.010284595], [84.458608042, 19.0103080850001], [84.4586100820001, 19.0103775200001], [84.4587080030001, 19.0103505170001], [84.458989526, 19.010086277], [84.459024205, 19.0099184740001], [84.4590915260001, 19.0098201070001], [84.459305709, 19.0096388380001], [84.4591804330001, 19.0092819130001], [84.4586925390001, 19.0093073460001], [84.4587008680001, 19.0094879910001], [84.4587381480001, 19.009543046], [84.458702927, 19.0095687090001], [84.4586660370001, 19.0095610070001], [84.4586617040001, 19.009528946], [84.458696773, 19.0094867130001], [84.458684433, 19.0093098780001], [84.4585910280001, 19.0093200090001], [84.458543907, 19.0092306990001], [84.4580817520001, 19.0093379370001], [84.457998848, 19.009673261], [84.457871878, 19.0098448480001], [84.4579589470001, 19.009963966], [84.4579381950001, 19.0100082220001], [84.4578900560001, 19.010000018], [84.4578764550001, 19.0099656030001], [84.4578989080001, 19.009937791]]], [[[84.4573359820001, 19.0100023790001], [84.4573350780001, 19.0100399290001], [84.4573680130001, 19.010049612], [84.4573871490001, 19.0100345550001], [84.457399809, 19.0100549960001], [84.457390907, 19.010073328], [84.457371616, 19.010074407], [84.4573669050001, 19.0100528420001], [84.4573033340001, 19.0100356300001], [84.457283359, 19.010175406], [84.457653683, 19.010261443], [84.4576696450001, 19.0100697670001], [84.45773669, 19.0099052570001], [84.4578117180001, 19.009864506], [84.4577750020001, 19.0097316910001], [84.4576536810001, 19.0097301820001], [84.4575339560001, 19.009678868], [84.4570375000001, 19.009663776], [84.4569289500001, 19.009636609], [84.4567182360001, 19.0096335900001], [84.4566400160001, 19.0098207390001], [84.456753355, 19.0098539430001], [84.4567836850001, 19.0098131930001], [84.456844345, 19.009875073], [84.456839556, 19.0099218600001], [84.4567916660001, 19.009924878], [84.4567597400001, 19.0098614890001], [84.4566400160001, 19.0098252670001], [84.456600107, 19.010053165], [84.456857115, 19.010118064], [84.4570295180001, 19.010190509], [84.4572498110001, 19.0102357860001], [84.457253677, 19.0101852440001], [84.4572787820001, 19.0101721300001], [84.4573065640001, 19.009997028], [84.4573359820001, 19.0100023790001]]], [[[84.456593109, 19.010471497], [84.456647027, 19.0108141700001], [84.456590797, 19.0109325230001], [84.456582708, 19.011086563], [84.4568068770001, 19.0110592510001], [84.4570645540001, 19.0109314310001], [84.4570264220001, 19.010504272], [84.456593109, 19.010471497]]], [[[84.4539528970001, 19.0113905630001], [84.4539461800001, 19.0114540700001], [84.453912594, 19.011468359], [84.453843744, 19.011388975], [84.453788328, 19.0113778620001], [84.4537900070001, 19.0113238810001], [84.4538588570001, 19.0113238810001], [84.4538823670001, 19.01129689], [84.4539579350001, 19.011339757], [84.4539545760001, 19.0113842120001], [84.4540418980001, 19.011373098], [84.454011671, 19.011281013], [84.453988161, 19.0112826010001], [84.4539293870001, 19.011234971], [84.4539394620001, 19.011158762], [84.453988161, 19.011125421], [84.453823593, 19.010488762], [84.4532963020001, 19.010601487], [84.4532459220001, 19.0113413440001], [84.453383623, 19.0114874110001], [84.453371867, 19.011628715], [84.4539780860001, 19.011585847], [84.454028464, 19.0114715340001], [84.4540452570001, 19.011376274], [84.4539528970001, 19.0113905630001]]], [[[84.456047799, 19.011716203], [84.4559254070001, 19.011349222], [84.4554651230001, 19.0114532280001], [84.4556239440001, 19.011845481], [84.456047799, 19.011716203]]], [[[84.4573841440001, 19.0117787500001], [84.4572237740001, 19.0116897560001], [84.4572065030001, 19.011594786], [84.457051736, 19.0115145840001], [84.4569444630001, 19.0114373660001], [84.4566745970001, 19.0115016870001], [84.4572214010001, 19.012126494], [84.4572600750001, 19.012050177], [84.4572879300001, 19.012032823], [84.4573875830001, 19.011941037], [84.457416127, 19.0118841090001], [84.4573841440001, 19.0117787500001]]], [[[84.4528756830001, 19.0126106330001], [84.4528557900001, 19.012648256], [84.4528209710001, 19.0126325800001], [84.452723151, 19.012740751], [84.452850831, 19.0128740220001], [84.4531790760001, 19.0125604720001], [84.453190588, 19.0121890500001], [84.4530198690001, 19.0122611300001], [84.4529817520001, 19.0123285130001], [84.452888923, 19.0123535870001], [84.4526783920001, 19.0123708260001], [84.4524645060001, 19.0126372820001], [84.4520217410001, 19.0128567740001], [84.452066491, 19.0129163600001], [84.4523765960001, 19.012833255], [84.452635269, 19.0128301190001], [84.452817655, 19.012626309], [84.4527911260001, 19.0125777150001], [84.4528309130001, 19.012533825], [84.4528756830001, 19.0126106330001]]], [[[84.4515020000001, 19.013793783], [84.45160472, 19.013855585], [84.4518152380001, 19.013782023], [84.4517479260001, 19.013738856], [84.451771868, 19.013713443], [84.45175334, 19.0136609100001], [84.4517725370001, 19.0136416990001], [84.4519296620001, 19.013552652], [84.451977238, 19.013338225], [84.452045727, 19.013113818], [84.4519794020001, 19.012879496], [84.4518205730001, 19.012823391], [84.451749013, 19.0127210810001], [84.451675707, 19.012768936], [84.451502915, 19.012739233], [84.4514418260001, 19.012834943], [84.4511712930001, 19.012897649], [84.4511590760001, 19.012859695], [84.4510299180001, 19.012872896], [84.4507628750001, 19.012985106], [84.4507506570001, 19.013094016], [84.450928182, 19.013460191], [84.451163589, 19.013307576], [84.451335772, 19.0131816690001], [84.4513182850001, 19.0130621210001], [84.4513492240001, 19.0130646640001], [84.4513922690001, 19.0131460590001], [84.4515644520001, 19.012975639], [84.4516249850001, 19.0129896290001], [84.4517070410001, 19.0130646640001], [84.451801204, 19.013199474], [84.451842904, 19.013224909], [84.4519168890001, 19.013202017], [84.451939957, 19.013218845], [84.4519514470001, 19.0133251930001], [84.451765714, 19.013328722], [84.451783258, 19.0133505160001], [84.4517708820001, 19.013403585], [84.4517396210001, 19.0134140930001], [84.451741364, 19.013461798], [84.451662583, 19.01345753], [84.4516760880001, 19.0134088350001], [84.4516293400001, 19.0133899750001], [84.4516462400001, 19.013339182], [84.4517087410001, 19.013334043], [84.451728469, 19.013322767], [84.4516323940001, 19.013195071], [84.4515593500001, 19.013218845], [84.4514700660001, 19.013324018], [84.4514832080001, 19.0133642340001], [84.4515058950001, 19.013511813], [84.451463806, 19.0135767190001], [84.4514422280001, 19.013561769], [84.451438937, 19.013495719], [84.4513835640001, 19.013506443], [84.45138353, 19.0134703430001], [84.4514456220001, 19.013438475], [84.4514284750001, 19.013401555], [84.451401145, 19.013411967], [84.4513800760001, 19.013377549], [84.4512869860001, 19.0134168910001], [84.4510825820001, 19.0136436180001], [84.451383617, 19.0144150310001], [84.451898729, 19.014013655], [84.451816648, 19.0137867220001], [84.451636019, 19.0138495940001], [84.4516343400001, 19.013888111], [84.451458121, 19.0139221630001], [84.4514296040001, 19.013847201], [84.4515020000001, 19.013793783]]], [[[84.368488068, 19.635292469], [84.368490514, 19.635224136], [84.3684261130001, 19.635033724], [84.368369865, 19.635014529], [84.3683348120001, 19.635032956], [84.36826389, 19.635088237], [84.3682190550001, 19.6351097360001], [84.3681571000001, 19.6351304660001], [84.3680201480001, 19.6351872820001], [84.367856294, 19.635234117], [84.3678546630001, 19.6353492860001], [84.367936183, 19.6354483310001], [84.3679761270001, 19.6354575440001], [84.368078842, 19.6354659900001], [84.3683323670001, 19.635405335], [84.3684147010001, 19.6353101290001], [84.368488068, 19.635292469]]], [[[84.3689340620001, 19.6358793160001], [84.368890761, 19.635825106], [84.368814135, 19.6358269630001], [84.3687529650001, 19.6358577140001], [84.3686973790001, 19.6358093470001], [84.3685350470001, 19.63588866], [84.368539936, 19.6359273850001], [84.368471056, 19.635972157], [84.368454575, 19.6359734160001], [84.36834903, 19.6360288500001], [84.3683367020001, 19.636025537], [84.36828911, 19.6360562040001], [84.3682415120001, 19.636062011], [84.368195502, 19.636115171], [84.3680953720001, 19.636190143], [84.3680397190001, 19.636185971], [84.368026974, 19.6362377560001], [84.3680373940001, 19.636266205], [84.3680674440001, 19.636274579], [84.3682278320001, 19.6362335750001], [84.3682693100001, 19.63620337], [84.3688246730001, 19.6361655050001], [84.368917233, 19.636147013], [84.3690499960001, 19.636148774], [84.369026622, 19.636059835], [84.3689237770001, 19.6360739240001], [84.3689340620001, 19.6358793160001]]], [[[84.3678522920001, 19.637136759], [84.3678742610001, 19.6371759630001], [84.3679101050001, 19.637187942], [84.3679101050001, 19.637254371], [84.367948261, 19.6373055550001], [84.3679933550001, 19.637277241], [84.368068511, 19.6372968430001], [84.3681170730001, 19.6372260580001], [84.368169105, 19.6372783300001], [84.3681182300001, 19.6373295130001], [84.368152917, 19.6373469370001], [84.3681378860001, 19.637369806], [84.368078917, 19.6373360470001], [84.3680476980001, 19.637367628], [84.3681066670001, 19.637411188], [84.36808123, 19.6374449470001], [84.368028042, 19.6374177220001], [84.3679656040001, 19.6374808840001], [84.368079504, 19.6375681160001], [84.3683241640001, 19.637695901], [84.3683563430001, 19.637685757], [84.368487895, 19.637767019], [84.3685779350001, 19.6377899180001], [84.3686155, 19.63778101], [84.3687715460001, 19.6378166590001], [84.368844041, 19.6378090160001], [84.368751263, 19.6374308970001], [84.3686790990001, 19.63740956], [84.368631157, 19.6374221090001], [84.368635011, 19.6373932550001], [84.3686122380001, 19.6373694430001], [84.368572396, 19.637403288], [84.3685375140001, 19.6373368930001], [84.3683078550001, 19.6372717960001], [84.3682893550001, 19.6371792300001], [84.368244261, 19.63718032], [84.368221136, 19.637203189], [84.3681980110001, 19.637192299], [84.3681066670001, 19.63712478], [84.368050011, 19.6371454710001], [84.367969073, 19.6371400260001], [84.3678788860001, 19.6370474610001], [84.3678014170001, 19.63709211], [84.367814136, 19.637106267], [84.367836105, 19.6371073560001], [84.3678522920001, 19.637136759]]], [[[84.4891214665001, 19.6558365289827], [84.4890031894524, 19.6558522363557], [84.4889442248721, 19.655908979328], [84.4888272107952, 19.6560921415365], [84.4888589741959, 19.6562113927385], [84.4888644074057, 19.656369122889], [84.4896291606892, 19.6563616048124], [84.4896847491579, 19.6560417707157], [84.4895212539016, 19.6560349215416], [84.4890773146927, 19.6560057210237], [84.4890506721187, 19.6559205365451], [84.4891214665001, 19.6558365289827]]], [[[84.3792341160001, 19.697415575], [84.3792653150001, 19.697349568], [84.37926737, 19.697348607], [84.379306576, 19.697378524], [84.379260038, 19.6974332730001], [84.3792341000001, 19.6974185180001], [84.379177504, 19.697455033], [84.3792394610001, 19.6975664710001], [84.379233647, 19.697670353], [84.37942638, 19.697590582], [84.3794800800001, 19.6976364130001], [84.379538675, 19.6975785130001], [84.379428665, 19.697392795], [84.3792345800001, 19.6972069170001], [84.3791172670001, 19.697291426], [84.3791386440001, 19.6973837360001], [84.3791744000001, 19.697453049], [84.3792341160001, 19.697415575]]], [[[84.391668069, 19.6981265270001], [84.3917690060001, 19.698308218], [84.3918439860001, 19.698309656], [84.3918742480001, 19.69829386], [84.392213063, 19.698311093], [84.392227715, 19.6982666550001], [84.3921929050001, 19.698194131], [84.3921940010001, 19.698125126], [84.392214601, 19.6981055300001], [84.39221079, 19.6979821890001], [84.3922571680001, 19.697927438], [84.3922625370001, 19.697882582], [84.39169795, 19.6978636380001], [84.3916784460001, 19.697979441], [84.391668069, 19.6981265270001]]], [[[84.386139041, 19.69940703], [84.3861401630001, 19.6992718400001], [84.3859438420001, 19.699263391], [84.3858350250001, 19.699221145], [84.385805857, 19.6991472120001], [84.385755375, 19.6991366510001], [84.385631974, 19.6991366510001], [84.3855220350001, 19.699175729], [84.3854962330001, 19.699271841], [84.385519791, 19.6992602230001], [84.3855377410001, 19.69928029], [84.3855500810001, 19.6993130320001], [84.385593832, 19.699325706], [84.385717233, 19.6992369870001], [84.3857497660001, 19.699269729], [84.385772203, 19.6993457730001], [84.385720598, 19.6994207610001], [84.385679091, 19.6994355480001], [84.3856084160001, 19.6994270980001], [84.385593832, 19.6993288740001], [84.3855411060001, 19.6993119750001], [84.3854995980001, 19.699334155], [84.3854850150001, 19.699308807], [84.385435654, 19.6993975250001], [84.38535376, 19.6994735700001], [84.3853324450001, 19.6995717940001], [84.3853784400001, 19.699671074], [84.385640949, 19.699739725], [84.3857048930001, 19.6996890290001], [84.385884386, 19.6995485580001], [84.386026858, 19.6995084230001], [84.386139041, 19.69940703]]], [[[84.3862974470001, 19.701297653], [84.3862682490001, 19.7013063850001], [84.3862657440001, 19.7012801980001], [84.386389453, 19.7010903350001], [84.386421973, 19.7010937850001], [84.3864419640001, 19.7010613640001], [84.386422908, 19.7010387660001], [84.3864003750001, 19.701046021], [84.386329678, 19.701005821], [84.386307092, 19.7010186570001], [84.386262737, 19.700975439], [84.3862085550001, 19.701017854], [84.3860964820001, 19.701006622], [84.3860495530001, 19.7011879230001], [84.386030712, 19.701335101], [84.3863487030001, 19.701411444], [84.3864894930001, 19.7014541090001], [84.386697488, 19.701590179], [84.3867547020001, 19.701564918], [84.386828752, 19.7012939110001], [84.386686786, 19.7012428410001], [84.386625984, 19.701271476], [84.3865650660001, 19.701268984], [84.386546486, 19.701213001], [84.3864949250001, 19.7011732770001], [84.386508146, 19.7010891], [84.3864435690001, 19.701061935], [84.3862974470001, 19.701297653]]], [[[84.383022484, 19.7026280580001], [84.3830285670001, 19.7025885570001], [84.382684241, 19.70249605], [84.3826794890001, 19.702513395], [84.382815726, 19.7025743200001], [84.3827785390001, 19.7026473970001], [84.3828201840001, 19.7026889040001], [84.3827372150001, 19.702802831], [84.382630981, 19.7027660680001], [84.3825556790001, 19.7028297250001], [84.3823803930001, 19.7027397150001], [84.3822396470001, 19.7027247560001], [84.3822016080001, 19.702878985], [84.382163168, 19.702872459], [84.382182593, 19.7027990070001], [84.382187736, 19.702718545], [84.3820842220001, 19.702690133], [84.381969865, 19.7027685890001], [84.3820356000001, 19.703035631], [84.3821475990001, 19.7030246730001], [84.382178357, 19.7029933750001], [84.382417188, 19.7030466250001], [84.382534224, 19.703035631], [84.382901707, 19.7030784450001], [84.3828839780001, 19.702966405], [84.3830275270001, 19.7026975200001], [84.383022484, 19.7026280580001]]], [[[84.3881053430001, 19.7062927900001], [84.3880788490001, 19.7064058890001], [84.3881677460001, 19.70644888], [84.3885666560001, 19.7063561190001], [84.3885618050001, 19.7062475650001], [84.388519758, 19.706228347], [84.3885197640001, 19.7062475650001], [84.388494543, 19.706258871], [84.3884789210001, 19.706228347], [84.3884020560001, 19.7062973130001], [84.3883083680001, 19.7061876550001], [84.3881053430001, 19.7062927900001]]], [[[84.7796398300001, 20.122810331], [84.779604131, 20.12276681], [84.7793787420001, 20.1230619790001], [84.779138173, 20.123227028], [84.7789983820001, 20.1233175260001], [84.7789108100001, 20.1232141130001], [84.778938258, 20.12317539], [84.7788698260001, 20.123165069], [84.7788421400001, 20.1230773550001], [84.7786844730001, 20.1231615680001], [84.7786340310001, 20.123095259], [84.7788559780001, 20.1230131630001], [84.778859341, 20.122874231], [84.7785196940001, 20.123038423], [84.778405358, 20.122965799], [84.7785869520001, 20.1228552850001], [84.7785701380001, 20.122804764], [84.778304473, 20.122883702], [84.7782304900001, 20.1229847440001], [84.7781834100001, 20.1231047310001], [84.7782473030001, 20.123202615], [84.778190135, 20.1232057730001], [84.7781464170001, 20.123294184], [84.777981637, 20.1232847110001], [84.7779244690001, 20.123237347], [84.7777765020001, 20.123281553], [84.7779478140001, 20.123601453], [84.7779535910001, 20.123466002], [84.7780238830001, 20.12344396], [84.778138788, 20.1235294860001], [84.778165448, 20.123679198], [84.7782664870001, 20.1237683570001], [84.778331661, 20.123712594], [84.778410239, 20.1237488260001], [84.7783448200001, 20.1238270480001], [84.778426374, 20.123877468], [84.7783570880001, 20.1240180780001], [84.7783885700001, 20.124094348], [84.7785213750001, 20.124083033], [84.7784815360001, 20.1239392360001], [84.7785111950001, 20.1239111400001], [84.7786490510001, 20.1239448590001], [84.7786513350001, 20.1240462980001], [84.7788604950001, 20.124049121], [84.778937166, 20.1239279930001], [84.7791579810001, 20.1240293610001], [84.7797936740001, 20.123493581], [84.779894991, 20.12331213], [84.7800177300001, 20.1232425270001], [84.7801718700001, 20.123304584], [84.7806005750001, 20.1230182250001], [84.7807209330001, 20.122861573], [84.7803984880001, 20.1226339250001], [84.7801719670001, 20.1225880160001], [84.780083919, 20.1224963240001], [84.779712557, 20.1226696700001], [84.7797024050001, 20.122784725], [84.7798498330001, 20.1228052070001], [84.7799374840001, 20.122846199], [84.7799353920001, 20.1229180180001], [84.7797583180001, 20.122979663], [84.779640547, 20.1229334230001], [84.7796398300001, 20.122810331]]], [[[84.7381250770001, 20.1393996890001], [84.738078505, 20.139198218], [84.738016315, 20.139036278], [84.737792648, 20.1391342950001], [84.7377806480001, 20.1392820990001], [84.7377516240001, 20.1393485200001], [84.737560085, 20.1394624610001], [84.7373543100001, 20.1395461860001], [84.73724479, 20.1395566470001], [84.737064058, 20.1395760070001], [84.7368938420001, 20.13957499], [84.736755755, 20.1395984970001], [84.7366055150001, 20.1396960230001], [84.7365102260001, 20.1399708590001], [84.736421443, 20.1402696430001], [84.7365738560001, 20.1404230680001], [84.736807334, 20.14032531], [84.7367619620001, 20.140053412], [84.7374193520001, 20.1399665120001], [84.7373518350001, 20.139741186], [84.7376258500001, 20.1396469750001], [84.7378567480001, 20.1395760400001], [84.7379216790001, 20.139522723], [84.7381250770001, 20.1393996890001]]], [[[84.7384635920001, 20.14025421], [84.7382767710001, 20.1398335170001], [84.738198438, 20.139692462], [84.7378757650001, 20.1397819630001], [84.7377718380001, 20.139945594], [84.73765238, 20.1399928500001], [84.737469864, 20.139982778], [84.7374748550001, 20.1400717870001], [84.73685627, 20.14040627], [84.736903215, 20.140493878], [84.7371131300001, 20.1406876180001], [84.7371343400001, 20.140869117], [84.737049552, 20.1409251750001], [84.7370977460001, 20.1409786900001], [84.737127372, 20.1410308640001], [84.7373547590001, 20.14128336], [84.7373841500001, 20.141244027], [84.7375232430001, 20.141381322], [84.737487382, 20.1414151010001], [84.7376287010001, 20.14155902], [84.737836954, 20.1417966170001], [84.7378898870001, 20.141966478], [84.737876537, 20.141998212], [84.7379028020001, 20.142063636], [84.7380540880001, 20.1419949900001], [84.738243072, 20.1418665950001], [84.738139957, 20.141812359], [84.738083202, 20.141307027], [84.7380844960001, 20.141090837], [84.738152604, 20.140971087], [84.738333894, 20.1408107350001], [84.7385297170001, 20.1406601300001], [84.7385326830001, 20.1405229490001], [84.7384635920001, 20.14025421]]], [[[84.7607641000001, 20.1438845000001], [84.7607891000001, 20.1438724000001], [84.7613334000001, 20.1437781000001], [84.7619750000001, 20.1435405], [84.7619627000001, 20.1426636], [84.7613804000001, 20.1426333000001], [84.7612789, 20.1427815000001], [84.7604931000001, 20.1430760000001], [84.7607641000001, 20.1438845000001]]], [[[84.763398286, 20.1435093800001], [84.7633517100001, 20.1438077020001], [84.7633628150001, 20.144021648], [84.7636443630001, 20.144048738], [84.7636463000001, 20.1444415], [84.763575421, 20.145091215], [84.763659809, 20.1451297080001], [84.7638644, 20.1451074600001], [84.7638549070001, 20.1443248150001], [84.7637906300001, 20.1438741170001], [84.763674468, 20.1434999910001], [84.763649114, 20.143492607], [84.763398286, 20.1435093800001]]], [[[84.7643691470001, 20.1442559750001], [84.764221547, 20.1442579800001], [84.7642240650001, 20.1443213640001], [84.764170445, 20.144367158], [84.764158459, 20.1443669010001], [84.7641489760001, 20.1443668270001], [84.764106988, 20.1443019430001], [84.764079607, 20.1442506600001], [84.7640355180001, 20.1440064760001], [84.764055091, 20.143718607], [84.7638755570001, 20.143491431], [84.7636760820001, 20.143496209], [84.7637933170001, 20.1438758830001], [84.763860046, 20.144321516], [84.763867142, 20.145105023], [84.764049991, 20.145185414], [84.764107133, 20.145158238], [84.7640757780001, 20.1451098860001], [84.76408982, 20.145047907], [84.764187163, 20.144989219], [84.764271013, 20.144976797], [84.764367151, 20.144916359], [84.7642926570001, 20.1448055490001], [84.7643390270001, 20.14472434], [84.764467175, 20.1447269650001], [84.764418016, 20.1442601310001], [84.7643691470001, 20.1442559750001]]], [[[84.761992251, 20.146428185], [84.7620074430001, 20.1461767960001], [84.7618436650001, 20.1461166120001], [84.7616319000001, 20.1461785660001], [84.7613763050001, 20.146227309], [84.761202875, 20.1463037950001], [84.7612278460001, 20.14642543], [84.7611641110001, 20.1464805100001], [84.7612300810001, 20.1467811960001], [84.7613410180001, 20.1467598200001], [84.761347803, 20.146873257], [84.7617543650001, 20.146878234], [84.76175965, 20.146728406], [84.7617960740001, 20.1465294430001], [84.761733281, 20.1464593580001], [84.761828601, 20.14636798], [84.7618812440001, 20.146420554], [84.761992251, 20.146428185]]], [[[84.7617574550001, 20.1468827030001], [84.7613440320001, 20.1468871710001], [84.761257308, 20.146945514], [84.7613319370001, 20.1472098560001], [84.76149975, 20.1472787320001], [84.761670957, 20.147294765], [84.7617931400001, 20.147304429], [84.7618305400001, 20.147233654], [84.7621461000001, 20.1472492], [84.762144574, 20.146745212], [84.7617574550001, 20.1468827030001]]], [[[84.7489231870001, 20.1591521140001], [84.7491112440001, 20.159250608], [84.7490915930001, 20.1594953150001], [84.7490649630001, 20.159826492], [84.748894992, 20.15990779], [84.7487854880001, 20.160165072], [84.7518601690001, 20.1591682530001], [84.752010999, 20.158865394], [84.7520654460001, 20.158608373], [84.7520485840001, 20.1584765590001], [84.752284391, 20.1584498080001], [84.752243843, 20.158330811], [84.7518100240001, 20.157962443], [84.7516614530001, 20.1578333950001], [84.751620985, 20.1576574060001], [84.751569095, 20.1575053500001], [84.7514890260001, 20.1574988240001], [84.7512515180001, 20.157316961], [84.7513004030001, 20.157211057], [84.751027396, 20.156915815], [84.7509534710001, 20.1567060410001], [84.750148305, 20.155793541], [84.749983162, 20.155625747], [84.749796367, 20.155507529], [84.749398172, 20.1555773040001], [84.7489217390001, 20.155545977], [84.749014538, 20.155864562], [84.7485895410001, 20.155995778], [84.748617021, 20.156069686], [84.7484741530001, 20.1561934850001], [84.7480343990001, 20.1563647580001], [84.7480245180001, 20.156915096], [84.7480401460001, 20.1569147660001], [84.7480578380001, 20.1576587800001], [84.7482176140001, 20.158068293], [84.7482127440001, 20.1583030830001], [84.748457305, 20.158316073], [84.748476843, 20.1584581380001], [84.74847607, 20.158581068], [84.7483842770001, 20.158622205], [84.7482375740001, 20.158709705], [84.7483298550001, 20.1590153710001], [84.7488096590001, 20.158908997], [84.7489231870001, 20.1591521140001]], [[84.7488302150001, 20.1569068950001], [84.7484207630001, 20.1569067340001], [84.748817376, 20.1568983650001], [84.7491017980001, 20.1566291130001], [84.7493352880001, 20.156840329], [84.749169705, 20.157062689], [84.7488302150001, 20.1569068950001]]], [[[84.753139923, 20.158607951], [84.7531863470001, 20.158616943], [84.753203408, 20.1586503820001], [84.7532235620001, 20.1586780330001], [84.7533259670001, 20.158703254], [84.753383333, 20.158721981], [84.7534777690001, 20.1587274130001], [84.75357053, 20.1587154480001], [84.7536306260001, 20.1587136420001], [84.7536507400001, 20.1586918470001], [84.7536814750001, 20.1586945450001], [84.753707449, 20.158713117], [84.7537487170001, 20.158711265], [84.753761017, 20.1586894770001], [84.7538023370001, 20.15865589], [84.7538856560001, 20.158683882], [84.7539007970001, 20.158656283], [84.7539310320001, 20.15863434], [84.7541296890001, 20.158576189], [84.754187404, 20.1586302760001], [84.7542569110001, 20.1585867270001], [84.754271739, 20.158540701], [84.754444348, 20.158468515], [84.7544776780001, 20.158166646], [84.7544077370001, 20.1581923360001], [84.7543666180001, 20.1582251670001], [84.754313719, 20.1582365290001], [84.7542486940001, 20.1582264250001], [84.754188136, 20.1581617160001], [84.7541179390001, 20.158115609], [84.7540720690001, 20.1581355930001], [84.754069008, 20.1581370230001], [84.7539954760001, 20.1581527380001], [84.7539616930001, 20.15820877], [84.7539663060001, 20.15825197], [84.753954025, 20.1582822010001], [84.7539509530001, 20.1582822010001], [84.7539263290001, 20.158286522], [84.7538862870001, 20.1582547950001], [84.753847765, 20.158221586], [84.7538152720001, 20.158269192], [84.75377941, 20.158338621], [84.753721317, 20.158321286], [84.7536751900001, 20.158319868], [84.7536504110001, 20.1582865290001], [84.753625615, 20.158240204], [84.7536056210001, 20.1582488720001], [84.7534976250001, 20.158247359], [84.7534682140001, 20.1582879860001], [84.7534062540001, 20.158267634], [84.7533800720001, 20.1582095750001], [84.7533412940001, 20.1582124280001], [84.7532747110001, 20.1582109660001], [84.753259341, 20.1581906650001], [84.7531804550001, 20.158170339], [84.7531151490001, 20.1583766960001], [84.7531213220001, 20.1584101660001], [84.7531197770001, 20.1584145250001], [84.753113597, 20.158458136], [84.753105867, 20.1584988330001], [84.7531012220001, 20.1585264570001], [84.7531182530001, 20.158574459], [84.753139923, 20.158607951]]], [[[84.763875075, 20.1597968520001], [84.7639814250001, 20.160090113], [84.7641015010001, 20.1600844610001], [84.7639276300001, 20.159560578], [84.7638089540001, 20.1594928150001], [84.7635601540001, 20.159389941], [84.763424716, 20.1593436840001], [84.763344121, 20.1596586250001], [84.7637165030001, 20.159738528], [84.763875075, 20.1597968520001]]], [[[84.7605765910001, 20.1595985930001], [84.7607511, 20.1600279], [84.7607663000001, 20.16013], [84.7613517, 20.1598687000001], [84.761179697, 20.159418639], [84.7605765910001, 20.1595985930001]]], [[[84.7511459820001, 20.159965378], [84.7512646970001, 20.159935116], [84.751237513, 20.1598099230001], [84.7514216770001, 20.159712729], [84.751460911, 20.159794844], [84.7515749120001, 20.1597891210001], [84.7517551290001, 20.159971935], [84.751875307, 20.159867895], [84.7518444880001, 20.159829631], [84.7517966120001, 20.1597755120001], [84.7519284140001, 20.1596157340001], [84.7517846320001, 20.159534293], [84.7517468330001, 20.1593528700001], [84.7516716100001, 20.1592373340001], [84.748791177, 20.1601660170001], [84.7487888540001, 20.1605629310001], [84.748831077, 20.1607637500001], [84.7490219640001, 20.160689545], [84.749298523, 20.160487973], [84.749616841, 20.160546094], [84.7498340650001, 20.160751405], [84.7499279450001, 20.160744951], [84.7503511960001, 20.1605481980001], [84.7505067020001, 20.160482087], [84.7509010580001, 20.160440625], [84.7509553770001, 20.160142148], [84.7509892520001, 20.159965647], [84.7511459820001, 20.159965378]]], [[[84.7641226100001, 20.1612110950001], [84.7642470540001, 20.161229522], [84.7643383000001, 20.1610664], [84.7644421000001, 20.1610549000001], [84.7642785520001, 20.160628005], [84.7641144950001, 20.160112215], [84.7639697920001, 20.160094848], [84.7638702550001, 20.1601640580001], [84.7637475170001, 20.1603000760001], [84.763739028, 20.1605037250001], [84.7638299340001, 20.160687984], [84.7638760730001, 20.1607162600001], [84.764075081, 20.1605621090001], [84.7641226100001, 20.1612110950001]]], [[[84.767361448, 20.160681879], [84.7671248620001, 20.1607573700001], [84.7670004070001, 20.1607431360001], [84.7669238270001, 20.160846599], [84.7669019130001, 20.1610470530001], [84.766971718, 20.1611723290001], [84.7670756250001, 20.1611769950001], [84.7671703020001, 20.1611846010001], [84.7672962030001, 20.161148804], [84.7675350750001, 20.16110969], [84.7675413170001, 20.160998557], [84.767532928, 20.1608972490001], [84.767404572, 20.160905644], [84.767361448, 20.160681879]]], [[[84.7644914570001, 20.1615806250001], [84.7644874060001, 20.161545892], [84.764518524, 20.1615312650001], [84.7645257630001, 20.1614899690001], [84.76452162, 20.16145148], [84.76452183, 20.1614142670001], [84.76457256, 20.1613719540001], [84.7646062420001, 20.1613866370001], [84.7646244270001, 20.161435915], [84.7646046140001, 20.161487691], [84.7645567160001, 20.161503355], [84.7645438110001, 20.161564652], [84.7645648530001, 20.1616114780001], [84.7645505940001, 20.1616489150001], [84.7645859520001, 20.1616743540001], [84.7646228120001, 20.161657011], [84.764666736, 20.161657059], [84.764697912, 20.161687737], [84.7648026090001, 20.1616284950001], [84.7648167570001, 20.1616391210001], [84.7650741880001, 20.161594098], [84.7651344080001, 20.161577976], [84.7652851080001, 20.1615575210001], [84.7653551340001, 20.16153895], [84.7652465190001, 20.1610273490001], [84.7647358580001, 20.1610938900001], [84.764754134, 20.16112005], [84.764796313, 20.161131787], [84.7648400250001, 20.161156675], [84.764854326, 20.1612040590001], [84.764810782, 20.161244991], [84.7647416440001, 20.1612370890001], [84.7647162650001, 20.1612080890001], [84.7647148440001, 20.1611660020001], [84.764748518, 20.1611200580001], [84.7647330560001, 20.1610978200001], [84.7646071120001, 20.161055027], [84.7643710280001, 20.161071829], [84.7643354620001, 20.161292567], [84.7643674810001, 20.1612952], [84.7643825170001, 20.1613254750001], [84.764333143, 20.161591178], [84.7644699260001, 20.1616368370001], [84.764488391, 20.1616247910001], [84.7644914570001, 20.1615806250001]]], [[[84.7658973440001, 20.1614961650001], [84.766332321, 20.1615370440001], [84.7665261940001, 20.1616782830001], [84.7666487170001, 20.161831449], [84.7669464190001, 20.1615649300001], [84.7667405560001, 20.161246722], [84.766531743, 20.161100564], [84.7661062770001, 20.1610077030001], [84.766093729, 20.1610865590001], [84.765977138, 20.161075097], [84.7659605480001, 20.160989527], [84.7658349760001, 20.1610228700001], [84.7658973440001, 20.1614961650001]]], [[[84.7664556280001, 20.162389637], [84.7664692480001, 20.162330646], [84.766510188, 20.162237842], [84.766574797, 20.1621966060001], [84.7666140270001, 20.1622073680001], [84.7666387350001, 20.162247236], [84.766561998, 20.162410095], [84.7667638200001, 20.162512411], [84.7668646260001, 20.1623217650001], [84.7669931520001, 20.1623836800001], [84.7670772800001, 20.162462211], [84.767043162, 20.162620148], [84.767072118, 20.1626863020001], [84.767075311, 20.1627043620001], [84.7671960630001, 20.1627698720001], [84.767356148, 20.162659616], [84.7674435200001, 20.16273712], [84.767599568, 20.1625932960001], [84.7674083910001, 20.1623680810001], [84.767205747, 20.162077163], [84.7671330100001, 20.1620129990001], [84.7670551840001, 20.161985315], [84.7669869140001, 20.1619697560001], [84.7669836730001, 20.1618900510001], [84.7668020720001, 20.1617126940001], [84.766648187, 20.1618388040001], [84.7665166300001, 20.1616773170001], [84.7663291330001, 20.161541889], [84.765929934, 20.1615030190001], [84.7659503570001, 20.1615914970001], [84.765780658, 20.161615494], [84.76563616, 20.161500701], [84.765354895, 20.1615243370001], [84.7654285990001, 20.1618502800001], [84.7656929390001, 20.1618774350001], [84.7658807590001, 20.1619458380001], [84.765997881, 20.161927566], [84.7659407250001, 20.1621574100001], [84.7662551350001, 20.162402313], [84.7664556280001, 20.162389637]]], [[[84.76741172, 20.1653996740001], [84.767464557, 20.1651841980001], [84.7675668910001, 20.1649388070001], [84.7673340360001, 20.1648506280001], [84.7674525140001, 20.1641665920001], [84.7676374150001, 20.1640856180001], [84.767710439, 20.163018041], [84.7673994520001, 20.162745305], [84.7672507830001, 20.162736205], [84.7670374320001, 20.1640045770001], [84.766922879, 20.164380904], [84.767111556, 20.1644272190001], [84.7671371870001, 20.1646445330001], [84.767128498, 20.165470299], [84.7674110570001, 20.165505291], [84.76741172, 20.1653996740001]]], [[[84.7495314130001, 20.1652489050001], [84.7494355590001, 20.16540235], [84.749435561, 20.165406746], [84.7494010340001, 20.165477273], [84.7493357450001, 20.1655664260001], [84.7492892510001, 20.165602763], [84.7492786230001, 20.1656392260001], [84.749288096, 20.165652406], [84.749294386, 20.1656568020001], [84.7492696310001, 20.1657081070001], [84.7492604980001, 20.165756593], [84.7492482310001, 20.1658332150001], [84.7492262710001, 20.165861256], [84.749229513, 20.165892269], [84.7492279940001, 20.16591148], [84.7491903660001, 20.1658996950001], [84.749236002, 20.165982453], [84.7492170940001, 20.1659942680001], [84.749195151, 20.1660919230001], [84.7491637090001, 20.1660757390001], [84.749140143, 20.1660447720001], [84.749136998, 20.1660418220001], [84.749149634, 20.1660122480001], [84.7491260350001, 20.165991584], [84.7491071250001, 20.1659916080001], [84.7489289760001, 20.1663936520001], [84.748952435, 20.166424125], [84.7489506850001, 20.1664519650001], [84.7489189240001, 20.1664858340001], [84.7488980510001, 20.166483032], [84.748811495, 20.166634306], [84.748862156, 20.1667072160001], [84.7488561210001, 20.1667661970001], [84.748805324, 20.166799941], [84.7487456900001, 20.1667661980001], [84.7486916620001, 20.1668479300001], [84.748772177, 20.166912725], [84.7487989320001, 20.1669607870001], [84.748891315, 20.1670688730001], [84.7490021200001, 20.16712535], [84.7490859870001, 20.1670709410001], [84.749202601, 20.1670787940001], [84.74921728, 20.16679429], [84.7496893490001, 20.1668423030001], [84.7495314130001, 20.1652489050001]]], [[[84.7717292820001, 20.167176324], [84.771756225, 20.167144831], [84.7717878550001, 20.167127739], [84.771249035, 20.1662686990001], [84.7710363840001, 20.1663617150001], [84.7711172910001, 20.1666937410001], [84.7711576620001, 20.166618181], [84.7711937190001, 20.166640235], [84.7711999900001, 20.1666402280001], [84.7712345400001, 20.166675711], [84.7712158300001, 20.166725947], [84.7711580740001, 20.1667731630001], [84.77131912, 20.1671242080001], [84.7713935510001, 20.1671020260001], [84.771466176, 20.167140966], [84.7714906990001, 20.167194367], [84.771481323, 20.167255128], [84.7716970870001, 20.1674302280001], [84.7717791310001, 20.1674338770001], [84.771830073, 20.167484427], [84.7719404860001, 20.1674247290001], [84.7718419610001, 20.167215464], [84.771807004, 20.1672509960001], [84.7717668750001, 20.1672480300001], [84.7717442540001, 20.1672107740001], [84.7717292820001, 20.167176324]]], [[[84.7682898580001, 20.1678172520001], [84.7689027000001, 20.1682522], [84.7689636760001, 20.16823921], [84.7695147370001, 20.1676776460001], [84.76937051, 20.1673556320001], [84.7692928070001, 20.1672834720001], [84.7684211220001, 20.167556959], [84.768336929, 20.1674205030001], [84.767930128, 20.167492339], [84.7682898580001, 20.1678172520001]]], [[[84.769139265, 20.168171413], [84.7691254760001, 20.1681596130001], [84.7689810540001, 20.168231841], [84.7691315500001, 20.168307057], [84.7694824220001, 20.1685369350001], [84.7697169520001, 20.1683664190001], [84.7695026920001, 20.168158593], [84.7693752810001, 20.1682371970001], [84.769196891, 20.168041229], [84.7691611820001, 20.168064841], [84.7691745760001, 20.168083107], [84.7691880850001, 20.1681015290001], [84.7691962280001, 20.16812573], [84.769186888, 20.1681407830001], [84.769168101, 20.1681677020001], [84.769139265, 20.168171413]]], [[[84.76854094, 20.1686857], [84.768543558, 20.168654771], [84.768523793, 20.168610266], [84.768521133, 20.168559655], [84.7685433870001, 20.1685092060001], [84.768587902, 20.168514191], [84.768621872, 20.168510557], [84.768646646, 20.1684798970001], [84.768683455, 20.168498249], [84.7687045500001, 20.168526491], [84.768744041, 20.168547383], [84.768751938, 20.1685498420001], [84.768754572, 20.1685510720001], [84.7687744310001, 20.168579392], [84.7687839280001, 20.168637362], [84.7687604270001, 20.168708974], [84.768728873, 20.168741061], [84.7687144110001, 20.168771914], [84.7688068130001, 20.16881125], [84.7689156930001, 20.1686698300001], [84.7689270060001, 20.168607169], [84.7689674000001, 20.1685651340001], [84.7689336910001, 20.168486928], [84.7689199650001, 20.1684043860001], [84.768874376, 20.168369098], [84.768795293, 20.1682679460001], [84.768592776, 20.1681479920001], [84.7684014920001, 20.1684683070001], [84.7683162610001, 20.1686551380001], [84.768406342, 20.168690988], [84.7684776930001, 20.16876147], [84.768501439, 20.1687365380001], [84.76854094, 20.1686857]]]]}, "properties": {"site_id": "FCF_GV_EMU_Ganjam_2", "name": "FCF_GV_EMU_Ganjam_2", "n_member_parcels": 224}}]}