{"type": "FeatureCollection", "features": [{"type": "Feature", "geometry": {"type": "MultiPolygon", "coordinates": [[[[83.980830504, 19.754163314], [83.980833751, 19.7540728280001], [83.980756081, 19.7540800250001], [83.9806909150001, 19.754128796], [83.9806200850001, 19.754156032], [83.9805149540001, 19.7541523940001], [83.9803508260001, 19.7542863410001], [83.9804672960001, 19.7544795650001], [83.980763107, 19.7546448160001], [83.9809505430001, 19.7546292910001], [83.9811874790001, 19.754575201], [83.9811969420001, 19.7541433120001], [83.9811365310001, 19.7541378660001], [83.981064577, 19.75419068], [83.9809981060001, 19.7542034860001], [83.980976749, 19.7541687790001], [83.9810255530001, 19.7541433110001], [83.9809578900001, 19.7540566600001], [83.9808395900001, 19.75407103], [83.9808363290001, 19.7541651350001], [83.9809239250001, 19.7541870250001], [83.9809231840001, 19.7542789410001], [83.980858201, 19.7542881960001], [83.9808099320001, 19.7542310010001], [83.980830504, 19.754163314]]], [[[83.961050335, 19.791768212], [83.9610674520001, 19.7916917060001], [83.9611230850001, 19.791665532], [83.9611829980001, 19.791689692], [83.961257888, 19.7916776110001], [83.9611787170001, 19.7913977580001], [83.9610226, 19.7913035], [83.9610096790001, 19.7912608520001], [83.961061032, 19.791198438], [83.9609711640001, 19.7910695850001], [83.960357064, 19.791196427], [83.9604576310001, 19.791480307], [83.9605239620001, 19.791643387], [83.960598717, 19.7916331700001], [83.9606395540001, 19.7916726330001], [83.960710191, 19.7916591330001], [83.96074882, 19.7915937070001], [83.960788554, 19.791595784], [83.9608393240001, 19.791616554], [83.9608580870001, 19.791669518], [83.9607576500001, 19.791699635], [83.960720124, 19.7916632870001], [83.9606406570001, 19.791676787], [83.9606031320001, 19.791752106], [83.9605560580001, 19.791794386], [83.960494006, 19.7917219070001], [83.959961214, 19.7918245860001], [83.9599633540001, 19.791858812], [83.9598028730001, 19.791943372], [83.9601206150001, 19.792757981], [83.9602091580001, 19.792626811], [83.9602269790001, 19.792527738], [83.96034933, 19.7924970450001], [83.9603359880001, 19.7924278680001], [83.960423926, 19.7924246590001], [83.9604493590001, 19.7924728680001], [83.960726143, 19.792389428], [83.9606638820001, 19.792247952], [83.9606149800001, 19.792221118], [83.960621222, 19.7921676300001], [83.960706191, 19.7921394100001], [83.9607318180001, 19.7921817650001], [83.960667222, 19.792246372], [83.9607378970001, 19.7923846320001], [83.9611787210001, 19.7922614780001], [83.9611337850001, 19.791975585], [83.961347759, 19.7919252510001], [83.961279286, 19.7918044510001], [83.9612750060001, 19.7917017710001], [83.9611936970001, 19.791727945], [83.9612129550001, 19.791796398], [83.9611701600001, 19.791830625], [83.961050335, 19.791768212]]], [[[83.9593952930001, 19.793900782], [83.959403502, 19.79398244], [83.9599183490001, 19.7936845], [83.9598902020001, 19.793617188], [83.959835082, 19.793624912], [83.9597893440001, 19.7935862900001], [83.9598198360001, 19.7935487720001], [83.9598749560001, 19.7935344270001], [83.9599054480001, 19.7935851870001], [83.9598995850001, 19.7936160840001], [83.9602052070001, 19.7934731660001], [83.9601779550001, 19.7933781410001], [83.9602196330001, 19.793349483], [83.9601779540001, 19.793274067], [83.9602340600001, 19.7932107180001], [83.9600897870001, 19.793079494], [83.9599054380001, 19.7926858230001], [83.9593706370001, 19.792878715], [83.9591494200001, 19.793011447], [83.9588993470001, 19.793203003], [83.9590880280001, 19.7934627000001], [83.959127902, 19.7935642200001], [83.95922876, 19.793681189], [83.9592862260001, 19.7937363630001], [83.9593952930001, 19.793900782]]], [[[83.8239717310001, 20.0249122930001], [83.8238052450001, 20.0245639300001], [83.8237937520001, 20.024446632], [83.822617613, 20.0243910090001], [83.822484703, 20.0246306290001], [83.8231666870001, 20.02489946], [83.8232459560001, 20.024843145], [83.8232992120001, 20.024842993], [83.823356355, 20.0249615770001], [83.823439277, 20.0249939020001], [83.8234656970001, 20.02495337], [83.8239782410001, 20.025229009], [83.8239717310001, 20.0249122930001]]], [[[83.823790709, 20.0255548710001], [83.8237878040001, 20.025516404], [83.8234789670001, 20.0253679150001], [83.8232837, 20.025647], [83.823844524, 20.0260473920001], [83.823967209, 20.026050001], [83.823949272, 20.0258139110001], [83.8239987110001, 20.025806367], [83.8239551070001, 20.025580489], [83.8238738640001, 20.0255169750001], [83.8238192200001, 20.0255606060001], [83.823790709, 20.0255548710001]]], [[[83.8231788680001, 20.0268047220001], [83.8232185900001, 20.026854305], [83.823195522, 20.0269054250001], [83.8231068320001, 20.0269258480001], [83.823077724, 20.027084943], [83.8236997170001, 20.027139629], [83.82371456, 20.0270114260001], [83.823761942, 20.026815737], [83.8236362270001, 20.0268684010001], [83.8235699670001, 20.0268361770001], [83.823517672, 20.026797301], [83.823385548, 20.0268135170001], [83.8233039190001, 20.0267438070001], [83.8233534450001, 20.0266512960001], [83.823407145, 20.0265607270001], [83.82344899, 20.0265240140001], [83.8234910080001, 20.026571442], [83.823549487, 20.0266221410001], [83.823515893, 20.0266905120001], [83.8235394880001, 20.0267373940001], [83.8236282350001, 20.0266777620001], [83.8236691640001, 20.026757639], [83.8237543800001, 20.0267591530001], [83.8237948070001, 20.0266013250001], [83.823754142, 20.0265797660001], [83.8237588040001, 20.0265068350001], [83.823711469, 20.0264872180001], [83.823598072, 20.026450138], [83.823539683, 20.026488617], [83.823512518, 20.026450202], [83.823542493, 20.0264026900001], [83.8233492210001, 20.02634805], [83.8233142550001, 20.0264245400001], [83.823355345, 20.026435307], [83.823364982, 20.0264798540001], [83.8232870320001, 20.0265210320001], [83.8232603220001, 20.026485141], [83.8232656630001, 20.0264449740001], [83.823308882, 20.0264229850001], [83.823343971, 20.0263481440001], [83.8230433370001, 20.026272921], [83.823014954, 20.0263017790001], [83.822959084, 20.026305587], [83.8227860590001, 20.026368839], [83.822762842, 20.026406577], [83.8226971190001, 20.0264140620001], [83.8226814810001, 20.0264581920001], [83.8226837120001, 20.0264949640001], [83.822743942, 20.02649776], [83.82273059, 20.0265597320001], [83.822644514, 20.0266330100001], [83.822601843, 20.026634492], [83.8225962100001, 20.0266029690001], [83.82261757, 20.0265248810001], [83.822610872, 20.026462732], [83.8226971190001, 20.0263783980001], [83.822740589, 20.0263490180001], [83.8227827480001, 20.0263667570001], [83.8229537650001, 20.026302475], [83.8229390550001, 20.0262630290001], [83.8229318780001, 20.0262183020001], [83.8223988300001, 20.0259976880001], [83.8220259780001, 20.026844274], [83.8226351040001, 20.0270457020001], [83.8230744860001, 20.027086019], [83.823099303, 20.0269584380001], [83.8230506930001, 20.0269505310001], [83.823059373, 20.0269055310001], [83.8230766870001, 20.026877972], [83.8230917670001, 20.026814858], [83.8231788680001, 20.0268047220001]]], [[[83.822274985, 20.028856537], [83.8222877410001, 20.028824801], [83.822345989, 20.0287938430001], [83.8223963930001, 20.0288063880001], [83.8223978120001, 20.0288463310001], [83.8223795260001, 20.0288757600001], [83.822329687, 20.0288819080001], [83.8222792270001, 20.0288962240001], [83.822603729, 20.0292315290001], [83.8226266920001, 20.029223834], [83.82264639, 20.0292450860001], [83.822640667, 20.0292738590001], [83.822599928, 20.0292945080001], [83.8226715330001, 20.029337479], [83.822777435, 20.0293704050001], [83.822823138, 20.02934478], [83.8228624800001, 20.0293594550001], [83.822869187, 20.029387039], [83.8230232070001, 20.029366926], [83.822993947, 20.029038518], [83.8226682860001, 20.0287764390001], [83.822595983, 20.0286559350001], [83.8225055130001, 20.028560939], [83.822092082, 20.028833779], [83.822183894, 20.028838982], [83.8222342980001, 20.028846431], [83.8222656120001, 20.028871796], [83.822274985, 20.028856537]]], [[[83.835927311, 20.030619223], [83.8359107630001, 20.030579898], [83.8359495010001, 20.03055147], [83.8358393090001, 20.0305470060001], [83.8356645540001, 20.0306214570001], [83.835704552, 20.030641933], [83.835694436, 20.030677924], [83.835673199, 20.0307242320001], [83.8357559030001, 20.0307862670001], [83.83583593, 20.030893409], [83.8359083920001, 20.030999803], [83.8360355340001, 20.0309628260001], [83.836104048, 20.0309313180001], [83.8361067920001, 20.03088875], [83.836065009, 20.0308795820001], [83.8360268850001, 20.0308626520001], [83.8359910400001, 20.030881261], [83.8359912970001, 20.030907488], [83.8359618530001, 20.03089334], [83.835946521, 20.0308605550001], [83.8359677490001, 20.030863191], [83.8359910120001, 20.0308783610001], [83.8360248760001, 20.0308617090001], [83.8360446660001, 20.030800938], [83.8361329960001, 20.030786838], [83.8362040750001, 20.0306019500001], [83.836084967, 20.030582924], [83.836070507, 20.0306358490001], [83.8360397230001, 20.0306292550001], [83.836033408, 20.0305604540001], [83.8359810370001, 20.030551627], [83.835965399, 20.030628085], [83.835927311, 20.030619223]]], [[[83.823997025, 20.0312916070001], [83.823967188, 20.0312181090001], [83.823995934, 20.0311925440001], [83.8240378080001, 20.0312306490001], [83.824078639, 20.031197391], [83.8240578950001, 20.0311574310001], [83.824057021, 20.0311574200001], [83.8240544120001, 20.0311549890001], [83.824086026, 20.031089394], [83.824086896, 20.031087816], [83.8241293390001, 20.031156717], [83.8240934120001, 20.031232743], [83.8240540360001, 20.0312967460001], [83.8240039, 20.0313097650001], [83.824040698, 20.031386561], [83.8241296730001, 20.0313732380001], [83.8241306140001, 20.031404309], [83.8240792810001, 20.031413582], [83.8240611400001, 20.0314262960001], [83.8240340350001, 20.0314262970001], [83.8240239140001, 20.0314475650001], [83.8239903560001, 20.0314535360001], [83.8239446380001, 20.0314637540001], [83.8239700710001, 20.031544662], [83.824035252, 20.0316342], [83.8241096570001, 20.031658147], [83.8241593390001, 20.0317514110001], [83.8241157400001, 20.0318653300001], [83.824452766, 20.031915794], [83.824444112, 20.0308164460001], [83.824275217, 20.0308436180001], [83.8238084530001, 20.031131128], [83.8239430530001, 20.031462096], [83.8239876600001, 20.03145183], [83.8239389970001, 20.0313253140001], [83.8239485270001, 20.0312988110001], [83.823997025, 20.0312916070001]]], [[[83.8396412050001, 20.0330956220001], [83.839603815, 20.033077265], [83.839569473, 20.0330980680001], [83.8395755670001, 20.0331490900001], [83.839911665, 20.0332404320001], [83.840000907, 20.0331645970001], [83.8397169, 20.0327743450001], [83.8396345, 20.032739625], [83.8394844970001, 20.0329765770001], [83.839568048, 20.033098078], [83.839601723, 20.033077271], [83.839605948, 20.033050114], [83.8396287580001, 20.033049583], [83.8396461140001, 20.0330620780001], [83.8396458020001, 20.033085369], [83.8396412050001, 20.0330956220001]]], [[[83.837360426, 20.0343907760001], [83.8373776720001, 20.0343907750001], [83.8374006610001, 20.034302204], [83.837278788, 20.0342914030001], [83.8372615440001, 20.03435297], [83.8372029060001, 20.034324887], [83.837173013, 20.034373493], [83.8371661140001, 20.034426421], [83.8371672650001, 20.034504197], [83.8372075090001, 20.034579815], [83.837328244, 20.034604662], [83.8373558380001, 20.0345657710001], [83.8373661790001, 20.0344501860001], [83.8373408830001, 20.0344437040001], [83.837360426, 20.0343907760001]]], [[[83.8413658700001, 20.035365972], [83.8414241830001, 20.0353151670001], [83.84149145, 20.0353578260001], [83.8415554250001, 20.0354147580001], [83.8416597470001, 20.035477993], [83.8416715340001, 20.035515941], [83.8416664650001, 20.0355475760001], [83.841844392, 20.035627639], [83.8421140070001, 20.0357641750001], [83.842208467, 20.035825754], [83.8422691000001, 20.0357075000001], [83.842332393, 20.035665067], [83.842227483, 20.035428494], [83.842088941, 20.0353603620001], [83.8419236190001, 20.0346772720001], [83.8416534630001, 20.0346690330001], [83.841625982, 20.034720534], [83.8415185650001, 20.034701108], [83.8413933960001, 20.035007529], [83.8413913740001, 20.0351642320001], [83.8414396750001, 20.035208013], [83.841427626, 20.035248833], [83.8413938850001, 20.035285124], [83.841332009, 20.0352695390001], [83.8413042110001, 20.035350368], [83.8413658700001, 20.035365972]]], [[[83.8416223900001, 20.035835299], [83.841619129, 20.0357986170001], [83.8416405610001, 20.035787182], [83.8417557910001, 20.0357764610001], [83.8412143240001, 20.0354644220001], [83.841011058, 20.03575806], [83.84160423, 20.036027634], [83.8416509180001, 20.035926556], [83.8416641000001, 20.0359266340001], [83.841682834, 20.0358999010001], [83.8416556610001, 20.035885943], [83.8416354270001, 20.035870362], [83.8416223900001, 20.035835299]]], [[[83.8451066120001, 20.039051762], [83.8450599480001, 20.039038717], [83.8450411200001, 20.03910101], [83.8450866590001, 20.039128433], [83.8450736880001, 20.0391966010001], [83.8450022520001, 20.039212945], [83.844944002, 20.039191913], [83.8449489910001, 20.039129433], [83.8449504610001, 20.039068265], [83.844989168, 20.0390138500001], [83.844961681, 20.038976055], [83.8448911950001, 20.038991406], [83.8448047800001, 20.0391673660001], [83.8447986730001, 20.039300322], [83.844852598, 20.0393188960001], [83.8448802330001, 20.0393396050001], [83.8447342040001, 20.0396428940001], [83.8448820610001, 20.0398018770001], [83.8449019540001, 20.039775698], [83.8448845280001, 20.039731192], [83.844902129, 20.0397113400001], [83.8449414310001, 20.0397078620001], [83.8451723570001, 20.0392694500001], [83.845201677, 20.039216497], [83.845262748, 20.0392175860001], [83.8452883480001, 20.039189961], [83.8452764620001, 20.039132825], [83.845316058, 20.0391316880001], [83.8453564270001, 20.039034343], [83.8453048690001, 20.0389678240001], [83.84524988, 20.0388862680001], [83.8450628040001, 20.038799781], [83.8450351160001, 20.0388487810001], [83.845105548, 20.0389236550001], [83.845139298, 20.038988585], [83.8451066120001, 20.039051762]]], [[[83.843917504, 20.040132773], [83.8439211680001, 20.0401614410001], [83.844024415, 20.0402011], [83.844087513, 20.0401573620001], [83.844210876, 20.040092504], [83.8441879220001, 20.040082163], [83.8441635, 20.0400452050001], [83.8442192160001, 20.0400292360001], [83.844222577, 20.0400282910001], [83.8442592430001, 20.040028792], [83.844299117, 20.040040344], [83.8443256400001, 20.0400074790001], [83.8441803910001, 20.0399848650001], [83.844120509, 20.03994834], [83.8440811070001, 20.039946007], [83.8440630140001, 20.0399179950001], [83.8439774610001, 20.0398876260001], [83.8439064600001, 20.0399196500001], [83.843813911, 20.0398884730001], [83.843755651, 20.039840999], [83.8437276000001, 20.0398875290001], [83.843670548, 20.0398708230001], [83.8436674280001, 20.0398564720001], [83.8436462050001, 20.039819531], [83.843605611, 20.039807475], [83.843515847, 20.0400758930001], [83.843555435, 20.040099905], [83.8435718910001, 20.0401254810001], [83.8435804870001, 20.040165019], [83.843551925, 20.0402049460001], [83.843596457, 20.040293289], [83.8436666000001, 20.0403779000001], [83.8438758, 20.0402619000001], [83.8439784700001, 20.04029182], [83.84399117, 20.040250762], [83.8440235150001, 20.040203499], [83.8439202960001, 20.040162235], [83.843890673, 20.0401924990001], [83.8438574240001, 20.040176478], [83.843849494, 20.040134714], [83.8438755720001, 20.040125194], [83.843917504, 20.040132773]]], [[[83.843376456, 20.0404932170001], [83.8433639820001, 20.040549636], [83.8433848480001, 20.0405718700001], [83.843400192, 20.0406242780001], [83.843372345, 20.040646527], [83.8433375880001, 20.0406255660001], [83.8433000810001, 20.0405667200001], [83.8432404480001, 20.0405523970001], [83.8430040000001, 20.0408846], [83.8430312, 20.0411291], [83.8430941550001, 20.041230322], [83.8431819780001, 20.0412287190001], [83.8432393080001, 20.0412847320001], [83.8434695720001, 20.0412547620001], [83.843759187, 20.041290056], [83.843935329, 20.0412788200001], [83.8440541000001, 20.0411277000001], [83.8440237780001, 20.041066282], [83.8439990640001, 20.0411042760001], [83.8439588950001, 20.0411114300001], [83.8439505960001, 20.0411117630001], [83.8439314780001, 20.0410602760001], [83.8439444380001, 20.0410243310001], [83.843962241, 20.040997819], [83.8440001550001, 20.0410265510001], [83.8440793730001, 20.040863503], [83.844052043, 20.040809116], [83.8440520180001, 20.0407949510001], [83.844097096, 20.0407905870001], [83.844167176, 20.040788487], [83.8442421, 20.040809268], [83.844351836, 20.0408226700001], [83.8444268090001, 20.0405990740001], [83.8443315590001, 20.040589939], [83.84426275, 20.0406123330001], [83.84416752, 20.040625232], [83.844101331, 20.040637342], [83.8440528620001, 20.040631831], [83.844004887, 20.0405762250001], [83.8440055230001, 20.040542713], [83.8440532440001, 20.040518089], [83.8440954700001, 20.0405202760001], [83.84412573, 20.0405559050001], [83.844111351, 20.0406324640001], [83.844164822, 20.0406226970001], [83.8442611350001, 20.0406095220001], [83.844329529, 20.040587881], [83.8442323630001, 20.0404166800001], [83.8441323110001, 20.04044708], [83.844088615, 20.040397506], [83.844117409, 20.040309312], [83.8440727010001, 20.0402450890001], [83.843988724, 20.040297964], [83.843878943, 20.040264263], [83.843665919, 20.0403821680001], [83.8436901800001, 20.0404020010001], [83.843682883, 20.040427476], [83.8436286470001, 20.0404159030001], [83.843577377, 20.04044028], [83.843478513, 20.0404159550001], [83.843376456, 20.0404932170001]]], [[[83.9120918740001, 20.041588984], [83.9120171340001, 20.041576922], [83.9119599700001, 20.041596822], [83.9119256860001, 20.0415590150001], [83.911853519, 20.041554375], [83.9118696930001, 20.0416125400001], [83.9118672450001, 20.041635265], [83.911828466, 20.041652883], [83.9118059800001, 20.0417221320001], [83.9118501940001, 20.041850196], [83.91227803, 20.0417676390001], [83.912339602, 20.041748378], [83.912548056, 20.0417769530001], [83.9125630710001, 20.0416246340001], [83.9124627040001, 20.0415987860001], [83.91237936, 20.0415879610001], [83.9123581060001, 20.041605384], [83.9120958500001, 20.041589861], [83.9120882660001, 20.041619901], [83.9121259120001, 20.0416477580001], [83.9121199860001, 20.041675202], [83.912067375, 20.041679925], [83.912046235, 20.041660114], [83.912085253, 20.041618993], [83.9120918740001, 20.041588984]]], [[[83.9111352850001, 20.041673492], [83.9111679440001, 20.0418951840001], [83.91119955, 20.0418984180001], [83.9112001080001, 20.0420748110001], [83.9112100280001, 20.0421377050001], [83.9112449890001, 20.0421922200001], [83.9112789370001, 20.0421868820001], [83.9112925410001, 20.042156199], [83.9113409590001, 20.0421725680001], [83.9113698200001, 20.042187198], [83.9114226570001, 20.042181941], [83.9114125070001, 20.0420540590001], [83.911465637, 20.042058438], [83.9115183500001, 20.042013433], [83.91150516, 20.0419778470001], [83.9115240580001, 20.041941627], [83.9115516640001, 20.0419270580001], [83.9115947020001, 20.04192541], [83.9115976250001, 20.041895246], [83.9116004840001, 20.041861887], [83.9116454800001, 20.041855621], [83.9116483760001, 20.041857313], [83.9116815080001, 20.0418786330001], [83.9116827080001, 20.041910731], [83.911643756, 20.04191941], [83.9116022970001, 20.041894379], [83.91159593, 20.041935811], [83.9116083270001, 20.0419725260001], [83.911586024, 20.042019485], [83.911550215, 20.0420259860001], [83.9115211500001, 20.0420143330001], [83.9114674830001, 20.042059334], [83.9114676870001, 20.042144174], [83.911421702, 20.0421446550001], [83.9114254070001, 20.04218116], [83.9117420600001, 20.042136774], [83.9117930200001, 20.0421452520001], [83.9118702110001, 20.042098004], [83.91178431, 20.0416159170001], [83.9117323030001, 20.04160405], [83.911313105, 20.0416663880001], [83.9112973050001, 20.0417066360001], [83.9112846350001, 20.041711633], [83.911258907, 20.04170781], [83.9112423070001, 20.0416825230001], [83.9112035810001, 20.041689736], [83.9111352850001, 20.041673492]]], [[[83.9125683330001, 20.0424657930001], [83.912618701, 20.0424295180001], [83.912610966, 20.042169578], [83.9123922570001, 20.042185976], [83.9123784130001, 20.0422409670001], [83.912343181, 20.042256778], [83.912323471, 20.042232573], [83.9122968170001, 20.042201397], [83.9122901170001, 20.042181882], [83.9122893810001, 20.0421686290001], [83.912137042, 20.042170621], [83.912138349, 20.0422348390001], [83.9121691860001, 20.042248445], [83.9121691810001, 20.0422900290001], [83.9121492190001, 20.0423182810001], [83.9121769690001, 20.0423568850001], [83.912205971, 20.0423567060001], [83.912238733, 20.0423815250001], [83.9122396870001, 20.042422855], [83.9122226430001, 20.0424391710001], [83.9121949410001, 20.042431042], [83.912164203, 20.042394373], [83.9121724030001, 20.0423591630001], [83.912145788, 20.042319391], [83.9121110010001, 20.042305442], [83.9121028120001, 20.042294654], [83.912102524, 20.042269936], [83.9121045520001, 20.04224865], [83.912134979, 20.0422359], [83.912134774, 20.0421685790001], [83.911848175, 20.042183934], [83.9118748870001, 20.04241811], [83.9118662930001, 20.0425501550001], [83.9119186930001, 20.0425084610001], [83.911981757, 20.042509969], [83.91203762, 20.042527449], [83.912059733, 20.042562617], [83.9120697930001, 20.042595589], [83.912137655, 20.042604055], [83.9121866290001, 20.0425788160001], [83.9122553650001, 20.042579486], [83.9123018320001, 20.042539429], [83.9123601190001, 20.042555012], [83.9124458060001, 20.0425633610001], [83.9123833420001, 20.04247594], [83.912402285, 20.0424345800001], [83.912452446, 20.0424022130001], [83.9124949750001, 20.042390869], [83.9125267140001, 20.042425559], [83.9125683330001, 20.0424657930001]]], [[[83.911937944, 20.043135169], [83.9119393510001, 20.043096507], [83.911921352, 20.043081645], [83.9119152430001, 20.043066057], [83.9119386120001, 20.0430225440001], [83.911930225, 20.0429222060001], [83.911772435, 20.04294091], [83.9117734550001, 20.0429088010001], [83.9119242470001, 20.042895048], [83.9119437960001, 20.0427729740001], [83.9119156950001, 20.042747521], [83.9119145700001, 20.042720145], [83.9119505040001, 20.042687313], [83.9119024980001, 20.042626134], [83.911882781, 20.042566435], [83.911806643, 20.042543983], [83.9118068540001, 20.0425810520001], [83.911783717, 20.0426367630001], [83.9117743670001, 20.042638568], [83.911764153, 20.0426673850001], [83.9117314790001, 20.0426640640001], [83.911723082, 20.0429125530001], [83.911524861, 20.0429177510001], [83.911519792, 20.042978954], [83.9115612470001, 20.0432047240001], [83.9115857130001, 20.0432225650001], [83.9118110490001, 20.0432006300001], [83.911846805, 20.0431751510001], [83.9118791550001, 20.0431757150001], [83.911937944, 20.043135169]]], [[[83.913325356, 20.0450707200001], [83.9133565770001, 20.045121808], [83.9133111310001, 20.045154418], [83.9132855970001, 20.0451249820001], [83.9132552600001, 20.045119492], [83.91324488, 20.0450944200001], [83.9132636510001, 20.045075974], [83.9132753160001, 20.045055317], [83.9132155440001, 20.0450003870001], [83.9132355420001, 20.0449754790001], [83.9132612060001, 20.0449494310001], [83.9133067020001, 20.044950897], [83.913357782, 20.044855507], [83.9133507780001, 20.044828093], [83.9133146170001, 20.044826277], [83.913289128, 20.044871056], [83.9132622380001, 20.0448718010001], [83.9132573950001, 20.0448441730001], [83.9132642800001, 20.044817774], [83.9132277720001, 20.0448082790001], [83.913151064, 20.0448917350001], [83.913121388, 20.044961781], [83.9131484310001, 20.045057974], [83.9131009760001, 20.0450862710001], [83.913158233, 20.045226836], [83.9130919350001, 20.0454169610001], [83.9131713230001, 20.0454044630001], [83.913160997, 20.0453754660001], [83.9132076060001, 20.0453340290001], [83.9132843940001, 20.0453301700001], [83.913318652, 20.0453023040001], [83.9133572330001, 20.045307623], [83.9133676820001, 20.0453274130001], [83.9133676120001, 20.0453495030001], [83.9133663410001, 20.045380521], [83.9133474800001, 20.0453974120001], [83.9133896650001, 20.045422509], [83.913413093, 20.0454540160001], [83.9136424810001, 20.0453759100001], [83.9136895, 20.0451538], [83.9136747060001, 20.045127633], [83.913661345, 20.0451006270001], [83.9136649960001, 20.045052023], [83.913703512, 20.045038247], [83.9137443100001, 20.0450094070001], [83.913759106, 20.0449127160001], [83.9134699260001, 20.044772966], [83.9134491630001, 20.0447923610001], [83.9134814500001, 20.044884682], [83.9134260860001, 20.044968065], [83.9134503170001, 20.0450297960001], [83.913393737, 20.0450557300001], [83.9133601560001, 20.0450034680001], [83.913313676, 20.0449944650001], [83.9133241650001, 20.0450304510001], [83.9133125610001, 20.045054355], [83.913325356, 20.0450707200001]]], [[[83.9127842980001, 20.045818486], [83.9127383530001, 20.0458134740001], [83.9126082430001, 20.0460314210001], [83.912656004, 20.046102782], [83.9126056000001, 20.046185087], [83.9126773470001, 20.0461712380001], [83.912693453, 20.0461828160001], [83.9126899220001, 20.046229006], [83.912675236, 20.046256688], [83.912641991, 20.046271717], [83.9125936290001, 20.046249871], [83.9126212500001, 20.046305121], [83.9127189280001, 20.0463928400001], [83.9130456950001, 20.0466331420001], [83.913593296, 20.04690529], [83.913763165, 20.0465588920001], [83.9135131130001, 20.046476598], [83.9134621380001, 20.0464921020001], [83.9134154490001, 20.046452629], [83.913413108, 20.046392337], [83.913456146, 20.0463672000001], [83.913486301, 20.046380374], [83.9135290770001, 20.046432822], [83.9135154140001, 20.0464744], [83.913767449, 20.046557724], [83.9137883510001, 20.046151406], [83.913002539, 20.045832869], [83.912999665, 20.0457571170001], [83.9130512360001, 20.045616312], [83.912826889, 20.045550018], [83.912799089, 20.0456516240001], [83.9128544420001, 20.04570519], [83.9128359640001, 20.0458048150001], [83.9127842980001, 20.045818486]]], [[[83.91149827, 20.0467767580001], [83.9115385370001, 20.046816279], [83.911535572, 20.0468547180001], [83.9115394570001, 20.046901685], [83.9115633980001, 20.046934208], [83.9116063340001, 20.046930721], [83.9116039040001, 20.047104281], [83.9116231720001, 20.0471154590001], [83.9116486250001, 20.0470986880001], [83.911696985, 20.047040462], [83.9116918460001, 20.047010082], [83.9117206700001, 20.0470181590001], [83.9117583930001, 20.047016769], [83.911757004, 20.0470481630001], [83.911752527, 20.047051368], [83.9117246040001, 20.0470601260001], [83.9116980860001, 20.047041501], [83.9116508660001, 20.0471007510001], [83.9116778910001, 20.047115907], [83.911678539, 20.047140567], [83.9116674960001, 20.0471703910001], [83.9117941310001, 20.047228623], [83.9118279560001, 20.0472104900001], [83.912006976, 20.047262548], [83.912012088, 20.0472924630001], [83.9119896510001, 20.0473325790001], [83.9120425020001, 20.047379929], [83.912109936, 20.04740036], [83.912117026, 20.0473314600001], [83.9122034590001, 20.0472605570001], [83.912294414, 20.0472540000001], [83.9124874510001, 20.047128468], [83.912556904, 20.046931522], [83.9125145040001, 20.0467062010001], [83.9120729000001, 20.0464398], [83.911810087, 20.0465605740001], [83.9118165770001, 20.0466213760001], [83.911754537, 20.046657565], [83.9117170120001, 20.046630711], [83.9116906140001, 20.0466018070001], [83.9115293580001, 20.046731686], [83.91149827, 20.0467767580001]]], [[[83.9164882960001, 20.0612412610001], [83.9165127850001, 20.061221904], [83.916552768, 20.0612037110001], [83.916577659, 20.0610548290001], [83.916517646, 20.0610184180001], [83.9165272970001, 20.0609741270001], [83.916543715, 20.0609402540001], [83.91661559, 20.060954188], [83.9166178520001, 20.060828681], [83.9165610430001, 20.0608380780001], [83.9165327140001, 20.0608047810001], [83.916431587, 20.0608088720001], [83.9164181560001, 20.060848585], [83.916257407, 20.0608454590001], [83.9161700400001, 20.061298799], [83.916521974, 20.0613355350001], [83.9165453860001, 20.0612964690001], [83.9164965350001, 20.061278928], [83.9164882960001, 20.0612412610001]]], [[[83.917049046, 20.061162933], [83.917020951, 20.0611630980001], [83.9170393140001, 20.0611979440001], [83.9169341890001, 20.0612327700001], [83.9168910340001, 20.061750939], [83.916929655, 20.06175297], [83.916974849, 20.0617308330001], [83.917010528, 20.061768323], [83.917282964, 20.061804124], [83.917330555, 20.061688718], [83.9173057240001, 20.0616503800001], [83.9172421650001, 20.0616522130001], [83.917168673, 20.06167543], [83.917112138, 20.061653429], [83.9170457170001, 20.0616882310001], [83.9170059450001, 20.0616582910001], [83.916986625, 20.0616368410001], [83.917022117, 20.0615996820001], [83.91709855, 20.0616169200001], [83.917121539, 20.0615711890001], [83.917179564, 20.0615444000001], [83.917244979, 20.0616045840001], [83.9173059880001, 20.061565353], [83.917282416, 20.0615252900001], [83.917324981, 20.061466237], [83.9172602530001, 20.061448264], [83.9172603600001, 20.0614140480001], [83.9172578700001, 20.061342902], [83.9173294330001, 20.061273542], [83.9172446330001, 20.0612027170001], [83.9172593860001, 20.0611268850001], [83.91712398, 20.061128425], [83.917112972, 20.0611681510001], [83.91709503, 20.0611908760001], [83.9170518490001, 20.061164358], [83.917049046, 20.061162933]]], [[[83.9240742120001, 20.0626499050001], [83.923960101, 20.062575011], [83.9237885250001, 20.0623716540001], [83.923762342, 20.062348904], [83.9237529970001, 20.062316878], [83.923626664, 20.0620394630001], [83.923604212, 20.0619311930001], [83.923286165, 20.062394683], [83.923736853, 20.06283921], [83.9238347500001, 20.062900314], [83.9238889810001, 20.0630970130001], [83.9241475000001, 20.0632749050001], [83.9245733560001, 20.06275455], [83.9243903110001, 20.0626857560001], [83.9240742120001, 20.0626499050001]]], [[[83.9164563690001, 20.063262679], [83.9164737400001, 20.0632443650001], [83.916501296, 20.0632473810001], [83.916528052, 20.063183699], [83.9164869080001, 20.0631701360001], [83.916494017, 20.0631431190001], [83.9164931430001, 20.063103079], [83.916438719, 20.0630901390001], [83.9164086060001, 20.0630596890001], [83.916415687, 20.063016035], [83.9163633350001, 20.0629876260001], [83.9163761900001, 20.062963527], [83.9164309290001, 20.06297557], [83.9165157620001, 20.0629700850001], [83.9165590170001, 20.0628891100001], [83.9165092810001, 20.0628725220001], [83.9164954610001, 20.0628427890001], [83.916521124, 20.062816479], [83.916582448, 20.0628321400001], [83.9166452970001, 20.062743518], [83.9164106440001, 20.0626776840001], [83.916389451, 20.0627076440001], [83.9163601320001, 20.062689736], [83.916344871, 20.0626707370001], [83.916384882, 20.0626430230001], [83.9163625690001, 20.0626172450001], [83.9163130860001, 20.0625923530001], [83.9162312270001, 20.0627993210001], [83.9162427110001, 20.0628013580001], [83.9160844680001, 20.0632362910001], [83.916221707, 20.063266884], [83.916263751, 20.063236209], [83.916268588, 20.0632362800001], [83.9163829330001, 20.063248318], [83.9163802480001, 20.0632824080001], [83.916453952, 20.0632960030001], [83.9164563690001, 20.063262679]]], [[[83.915958414, 20.063232316], [83.916020367, 20.063274102], [83.916042787, 20.0632270300001], [83.9160776210001, 20.063184227], [83.9161098320001, 20.0631512090001], [83.91623709, 20.062805554], [83.916123563, 20.0627744330001], [83.916117102, 20.062810176], [83.9160808780001, 20.06281232], [83.916080773, 20.0628458210001], [83.9160971640001, 20.0628769730001], [83.9161377520001, 20.0629049610001], [83.9161491290001, 20.062954888], [83.9161208800001, 20.062974748], [83.9160754690001, 20.062982219], [83.9160504180001, 20.062967633], [83.9160386920001, 20.0629323680001], [83.9160024710001, 20.0629176960001], [83.9160166820001, 20.062884432], [83.916040459, 20.062848789], [83.916057955, 20.0628182350001], [83.916062783, 20.062782382], [83.9160969110001, 20.0627466], [83.9160858650001, 20.0627435170001], [83.9160804140001, 20.0627283910001], [83.9160813990001, 20.0626958290001], [83.915958689, 20.062639286], [83.9159507210001, 20.0626692210001], [83.9159645870001, 20.0627008170001], [83.9159282700001, 20.0627080680001], [83.91589342, 20.062805848], [83.915904073, 20.062824995], [83.915906804, 20.0628607890001], [83.9158799720001, 20.0628879830001], [83.9158427730001, 20.0628680040001], [83.915782339, 20.0630082920001], [83.915793029, 20.0630260610001], [83.9157942410001, 20.0630474500001], [83.9158156080001, 20.063048902], [83.9158101470001, 20.063008301], [83.915828235, 20.063001634], [83.915844178, 20.063009788], [83.9158541250001, 20.063042995], [83.915881734, 20.063048125], [83.9158963230001, 20.0630142310001], [83.9159174050001, 20.0629779700001], [83.9159647640001, 20.0629810080001], [83.9159868240001, 20.0630061370001], [83.9160158340001, 20.0630164500001], [83.9160220580001, 20.063064863], [83.915988499, 20.063080207], [83.915934393, 20.063053226], [83.915895667, 20.0631117130001], [83.9158705820001, 20.063103728], [83.9158473080001, 20.0631417500001], [83.915869333, 20.063154759], [83.9158029120001, 20.063167605], [83.915772717, 20.063219922], [83.9158321210001, 20.0632410200001], [83.915848768, 20.0632189070001], [83.9158763670001, 20.0632136630001], [83.9159100900001, 20.063234708], [83.915958414, 20.063232316]]], [[[83.9266013920001, 20.064393099], [83.926554416, 20.06439879], [83.9265272690001, 20.0644237160001], [83.9264628540001, 20.0645107770001], [83.9264064550001, 20.064665318], [83.9263939740001, 20.064868516], [83.9264272450001, 20.064942961], [83.9264424830001, 20.0650423660001], [83.9264669470001, 20.0650789380001], [83.92650639, 20.065087872], [83.92652158, 20.0651001320001], [83.9265032710001, 20.0651280160001], [83.9265669700001, 20.065222926], [83.9266056160001, 20.0652021450001], [83.926653027, 20.0651503660001], [83.9267599660001, 20.0651136180001], [83.926850732, 20.0651246800001], [83.926825357, 20.0650192470001], [83.9267429710001, 20.065026571], [83.9266218930001, 20.0648221110001], [83.9265795170001, 20.0648274820001], [83.926562334, 20.0647888170001], [83.926589747, 20.0647673890001], [83.9266239520001, 20.064766352], [83.9266330510001, 20.0647663670001], [83.9266389000001, 20.0647995460001], [83.926625329, 20.0648221110001], [83.926663492, 20.0648868960001], [83.926771521, 20.064713436], [83.926751052, 20.064641124], [83.9267405480001, 20.064283054], [83.926681074, 20.064247585], [83.926632151, 20.064277584], [83.926595562, 20.064347976], [83.9266210970001, 20.0643646520001], [83.9266013920001, 20.064393099]]], [[[83.906733101, 20.069301614], [83.9066542320001, 20.06928994], [83.906622084, 20.069332764], [83.9062041980001, 20.069498421], [83.9062024740001, 20.0696099850001], [83.90626244, 20.069881062], [83.906350247, 20.06987646], [83.906512714, 20.069935091], [83.906521147, 20.0698167210001], [83.9064619640001, 20.069816313], [83.9064006180001, 20.0697898400001], [83.906404051, 20.06970793], [83.9064217740001, 20.06966684], [83.9064743440001, 20.069643748], [83.9064689510001, 20.069578521], [83.906445922, 20.069529016], [83.906498367, 20.069525126], [83.9065381060001, 20.06960472], [83.906555209, 20.069696288], [83.9066026460001, 20.0697148740001], [83.906594774, 20.0696563240001], [83.9066330730001, 20.069651407], [83.906745405, 20.0696538550001], [83.9067641570001, 20.0695832810001], [83.9067478430001, 20.069560627], [83.906788614, 20.069533141], [83.906733101, 20.069301614]]], [[[83.90511596, 20.070368424], [83.905208805, 20.0703338910001], [83.9053525850001, 20.0703410730001], [83.9053364790001, 20.0701557840001], [83.905275971, 20.070126869], [83.90519076, 20.070128159], [83.905146904, 20.070139516], [83.9050935860001, 20.0701471420001], [83.9050091880001, 20.0701207020001], [83.9050182880001, 20.070018095], [83.905105953, 20.070010645], [83.9051833080001, 20.070041776], [83.905221693, 20.0700318250001], [83.9051876520001, 20.0697713000001], [83.9050181540001, 20.0698528340001], [83.9047550990001, 20.0699006040001], [83.9047029000001, 20.0702229], [83.9048593860001, 20.0705232290001], [83.9049101370001, 20.0704582000001], [83.9049894680001, 20.070403051], [83.90511596, 20.070368424]]], [[[83.9143493980001, 20.0712794620001], [83.914376797, 20.071242962], [83.9144469140001, 20.0712616760001], [83.914477031, 20.0712874000001], [83.9144703330001, 20.0713218990001], [83.914457134, 20.071333409], [83.914458923, 20.071390713], [83.914480789, 20.07143654], [83.914551798, 20.071431514], [83.914599045, 20.0713646], [83.9146399160001, 20.071327922], [83.9146867690001, 20.071354081], [83.9147249270001, 20.071394361], [83.9147713150001, 20.0713935000001], [83.9148035800001, 20.071344954], [83.9148709790001, 20.0713382500001], [83.9149253530001, 20.071302303], [83.915086585, 20.0712038340001], [83.915232486, 20.0712136540001], [83.915241832, 20.0711431450001], [83.915179058, 20.071073052], [83.915111628, 20.071042059], [83.9150090700001, 20.071041273], [83.914959809, 20.0709343410001], [83.9147933620001, 20.070931909], [83.914797477, 20.070961653], [83.9147705570001, 20.070989938], [83.9147032560001, 20.0709945180001], [83.91467298, 20.070964297], [83.9146461650001, 20.070942743], [83.9146396370001, 20.0709585610001], [83.9146050950001, 20.070954542], [83.9145909920001, 20.0709419880001], [83.914539022, 20.070953983], [83.9145019800001, 20.071034888], [83.9144585600001, 20.0710425130001], [83.9144509440001, 20.0710711290001], [83.9145113750001, 20.071095255], [83.914556335, 20.0711002890001], [83.914568618, 20.071052389], [83.9146159330001, 20.0710497170001], [83.9146541420001, 20.0710798370001], [83.9147227990001, 20.0710673140001], [83.9147387180001, 20.071086919], [83.9147063080001, 20.071111665], [83.914713212, 20.0711537340001], [83.9147340040001, 20.0712095640001], [83.914724472, 20.0712477870001], [83.914691303, 20.0712503440001], [83.9146512440001, 20.0712151600001], [83.914678162, 20.0711663910001], [83.914671093, 20.071131215], [83.914656644, 20.0711239400001], [83.914603754, 20.071107974], [83.9145590200001, 20.0711394310001], [83.9143270070001, 20.0710994950001], [83.914313501, 20.0710211690001], [83.914266625, 20.071013878], [83.9142073790001, 20.0710112], [83.914171432, 20.0710868790001], [83.9141285110001, 20.071080619], [83.9140800900001, 20.071188412], [83.9139711240001, 20.0713158290001], [83.9140669290001, 20.071444007], [83.914098988, 20.071448387], [83.9141188450001, 20.0714808810001], [83.9141122880001, 20.0715028820001], [83.9142938210001, 20.071467173], [83.914302181, 20.0714090770001], [83.914350831, 20.0713950300001], [83.9143884410001, 20.0714216760001], [83.9144145450001, 20.0714030870001], [83.9144335400001, 20.071378442], [83.914425098, 20.071332602], [83.9143722100001, 20.0713202430001], [83.9143493980001, 20.0712794620001]]], [[[83.907454037, 20.0722372760001], [83.9074355260001, 20.0722574220001], [83.907382242, 20.072246638], [83.9073745050001, 20.072216113], [83.9073885400001, 20.07218562], [83.9073796490001, 20.0721642730001], [83.9073476730001, 20.072133652], [83.907350557, 20.0720916670001], [83.907396647, 20.0720886280001], [83.9074286030001, 20.072126758], [83.9074583240001, 20.0721719470001], [83.9074562200001, 20.072235259], [83.9075153690001, 20.0722830510001], [83.9075827360001, 20.072266832], [83.907626377, 20.072280522], [83.9077061790001, 20.072243386], [83.9077581290001, 20.0721533080001], [83.9077605260001, 20.0720846020001], [83.9077554230001, 20.0719658470001], [83.907606963, 20.0719909950001], [83.907455197, 20.071806543], [83.9071607590001, 20.071899635], [83.906928953, 20.071953133], [83.9069609000001, 20.07209262], [83.9072150260001, 20.0720524810001], [83.907228665, 20.072078219], [83.9072241110001, 20.072128385], [83.90714798, 20.0721559420001], [83.9071643930001, 20.0722260740001], [83.9072095860001, 20.0722481510001], [83.907214326, 20.0722774000001], [83.9072037870001, 20.0723066530001], [83.9073455110001, 20.0723012720001], [83.9074748530001, 20.072327205], [83.907516463, 20.0722881790001], [83.907454037, 20.0722372760001]]], [[[83.9116128360001, 20.0724747140001], [83.911675346, 20.0727582640001], [83.9116888490001, 20.072835926], [83.9117127750001, 20.072839163], [83.9117349030001, 20.07280826], [83.9117537860001, 20.0728391260001], [83.911766776, 20.0728709750001], [83.9119323840001, 20.0729090310001], [83.91192605, 20.0728789290001], [83.9118890990001, 20.072863527], [83.9118861590001, 20.0728318500001], [83.9119259060001, 20.0728099300001], [83.9118613460001, 20.0724468670001], [83.9116128360001, 20.0724747140001]]], [[[83.913240278, 20.0727954020001], [83.9132590820001, 20.072798753], [83.9132762240001, 20.0728087750001], [83.913280962, 20.072826403], [83.913243095, 20.072833068], [83.9132608800001, 20.0729065260001], [83.9132822290001, 20.0729154580001], [83.9132894320001, 20.072958688], [83.9132892010001, 20.073000275], [83.9132257520001, 20.072989955], [83.91321263, 20.072971394], [83.9132202470001, 20.072934133], [83.9132571910001, 20.0729065140001], [83.913241294, 20.0728347560001], [83.9132178080001, 20.072835524], [83.9132223710001, 20.0728128310001], [83.9132384910001, 20.072795399], [83.9131975280001, 20.0726838320001], [83.9130017160001, 20.07275301], [83.9128102170001, 20.0728110370001], [83.9128224580001, 20.072844122], [83.9128265260001, 20.072877153], [83.9127743320001, 20.07287146], [83.9127372740001, 20.072838211], [83.9126781140001, 20.0730860350001], [83.9127218880001, 20.0730486750001], [83.912744183, 20.073040081], [83.912775524, 20.0730590690001], [83.9127866250001, 20.0730923020001], [83.9127492270001, 20.0731170880001], [83.912703633, 20.0731229670001], [83.912664868, 20.0731281220001], [83.9125976330001, 20.073356157], [83.912656149, 20.073524596], [83.913054737, 20.07353512], [83.9131515120001, 20.0733838840001], [83.913233581, 20.073081686], [83.913346275, 20.073008315], [83.913376096, 20.072960838], [83.9134241390001, 20.0727006330001], [83.913393075, 20.072669048], [83.9132009940001, 20.072683053], [83.913240278, 20.0727954020001]]], [[[83.913437828, 20.0729746600001], [83.913421618, 20.072961186], [83.9134162330001, 20.072944358], [83.9134189490001, 20.072931747], [83.9134558580001, 20.072940155], [83.9134612610001, 20.0729788730001], [83.9134711870001, 20.0730151380001], [83.91349015, 20.073035411], [83.9135280740001, 20.0730404830001], [83.9135632480001, 20.0730066190001], [83.9136075340001, 20.0730286040001], [83.9136210570001, 20.073016749], [83.9136571400001, 20.0730023560001], [83.9137050960001, 20.0730438460001], [83.9136996990001, 20.073090232], [83.9136567780001, 20.0730741880001], [83.913607873, 20.073072503], [83.9135842100001, 20.0730615580001], [83.9135591630001, 20.073084282], [83.913527544, 20.073098658], [83.9135002690001, 20.0730901960001], [83.913481145, 20.0730573450001], [83.9134603580001, 20.073068268], [83.913410657, 20.0730565050001], [83.913404358, 20.073052311], [83.9133807090001, 20.0730158210001], [83.913351284, 20.0730093400001], [83.9132351590001, 20.0730842250001], [83.9132656890001, 20.0730916530001], [83.9132814180001, 20.073066263], [83.913324231, 20.073050091], [83.9133466930001, 20.073093633], [83.913359346, 20.073124632], [83.913343732, 20.0731367450001], [83.913321824, 20.073127221], [83.9132800610001, 20.073102217], [83.9132656140001, 20.0730927700001], [83.9132351430001, 20.073085581], [83.9131561170001, 20.0733866520001], [83.91318484, 20.073467228], [83.9132211290001, 20.073554734], [83.913662017, 20.073531717], [83.913699299, 20.0734373290001], [83.9136805780001, 20.073437438], [83.9136515480001, 20.0734403010001], [83.9136279850001, 20.073429662], [83.913646521, 20.073406273], [83.913677347, 20.073402549], [83.9136980850001, 20.07341674], [83.913730329, 20.073345342], [83.9137358240001, 20.0732951050001], [83.9137710580001, 20.0732192950001], [83.9137843570001, 20.073166798], [83.9138105100001, 20.073123932], [83.9138276840001, 20.0729870340001], [83.9138668040001, 20.0729188240001], [83.9139216610001, 20.0727893270001], [83.913964869, 20.072759456], [83.913837131, 20.0727133080001], [83.9137649630001, 20.072703104], [83.9138139300001, 20.07275099], [83.9138064520001, 20.0727723530001], [83.9137607010001, 20.0728073230001], [83.9137196140001, 20.072838808], [83.9136669160001, 20.0728549450001], [83.913624381, 20.072801327], [83.913619011, 20.0727553200001], [83.9136354130001, 20.0727374000001], [83.9136935210001, 20.0727689500001], [83.9137099430001, 20.072758709], [83.9137483220001, 20.0727322180001], [83.913759466, 20.0727039700001], [83.9136474700001, 20.0726869220001], [83.9134765950001, 20.0726720170001], [83.9134684700001, 20.072691783], [83.913427072, 20.0727007140001], [83.9133801450001, 20.072960654], [83.9133522700001, 20.0730063550001], [83.9133820690001, 20.073013911], [83.913431507, 20.0729898290001], [83.913437828, 20.0729746600001]]], [[[83.9103202260001, 20.0800824070001], [83.9103350020001, 20.0801229790001], [83.910296606, 20.0801992720001], [83.910556226, 20.0803588900001], [83.910698295, 20.0801857180001], [83.9106675790001, 20.0801492300001], [83.910708905, 20.0800819], [83.9107147700001, 20.080080394], [83.9107702330001, 20.0800584470001], [83.9107626570001, 20.080012465], [83.910826451, 20.079979415], [83.9109893560001, 20.080075747], [83.911035671, 20.0799935200001], [83.9109263490001, 20.079890796], [83.910926568, 20.079800344], [83.9109410290001, 20.079640737], [83.9110021920001, 20.079544245], [83.9109311880001, 20.079455797], [83.9108966920001, 20.079483834], [83.910850687, 20.0794896240001], [83.910826376, 20.079450907], [83.9107296700001, 20.0794089], [83.9107571100001, 20.0792694510001], [83.910813401, 20.0792661470001], [83.9108448570001, 20.079261182], [83.9107897430001, 20.079010043], [83.910333193, 20.0793752170001], [83.9103568310001, 20.079445417], [83.9103137220001, 20.0794472160001], [83.910255825, 20.079449009], [83.9101035400001, 20.079598392], [83.910145185, 20.0797253700001], [83.9103306820001, 20.079986123], [83.9103202260001, 20.0800824070001]]], [[[83.9100751970001, 20.080983276], [83.910077082, 20.081015125], [83.9100560940001, 20.0810204220001], [83.9101004350001, 20.081079731], [83.9102168970001, 20.0811137370001], [83.9102755270001, 20.08111239], [83.910394995, 20.081169463], [83.910394974, 20.081183772], [83.9103614310001, 20.0812611470001], [83.9102840910001, 20.0813251880001], [83.9103225650001, 20.08141034], [83.910980442, 20.081281581], [83.91108024, 20.081256238], [83.911049597, 20.0812189980001], [83.9110727920001, 20.081189776], [83.9111249420001, 20.081188694], [83.911156132, 20.0812322420001], [83.911658054, 20.0811384100001], [83.9113525060001, 20.080596927], [83.911024065, 20.080745743], [83.910981421, 20.080780664], [83.91103818, 20.080918646], [83.9110822420001, 20.0808915960001], [83.91109873, 20.080909826], [83.9110962380001, 20.0809215560001], [83.911227388, 20.0809056570001], [83.9112594870001, 20.0808943070001], [83.9113133440001, 20.080913251], [83.9113364980001, 20.080884607], [83.9113633160001, 20.080894217], [83.9113274420001, 20.08093912], [83.9113342150001, 20.0809654920001], [83.9112972710001, 20.0809449990001], [83.9112493960001, 20.080930563], [83.911230001, 20.080908062], [83.9110979210001, 20.0809231220001], [83.911064879, 20.0809340610001], [83.9110113940001, 20.0809724000001], [83.9109875490001, 20.080947645], [83.9107723970001, 20.0810146910001], [83.9107685160001, 20.0810475170001], [83.910759726, 20.0810635610001], [83.910735667, 20.081065719], [83.9107132090001, 20.0810415060001], [83.9106770100001, 20.0810318370001], [83.910667619, 20.0810051620001], [83.910716624, 20.080973557], [83.9107309840001, 20.0809867150001], [83.9107742250001, 20.080987877], [83.910769696, 20.08101321], [83.9109884090001, 20.08094607], [83.910987848, 20.080917852], [83.9110353820001, 20.0809225020001], [83.910978669, 20.08078325], [83.9108553040001, 20.0807452930001], [83.9107672640001, 20.080676193], [83.9106145650001, 20.0807419120001], [83.9103502950001, 20.080769876], [83.9100304740001, 20.080915238], [83.9100398580001, 20.080975301], [83.9100751970001, 20.080983276]]], [[[83.9121442530001, 20.081322388], [83.912109259, 20.081312202], [83.912115032, 20.081285892], [83.9121567170001, 20.0812618780001], [83.9121884560001, 20.081259572], [83.912196109, 20.081308312], [83.9121481170001, 20.081321507], [83.912135725, 20.0814053080001], [83.912151151, 20.0814061240001], [83.912199898, 20.08141656], [83.9122329850001, 20.0814367780001], [83.9122254040001, 20.081478498], [83.912194196, 20.0815152920001], [83.912154189, 20.0815491020001], [83.9121148390001, 20.0816092640001], [83.912117751, 20.081670252], [83.912179973, 20.0817039410001], [83.912203645, 20.0818022070001], [83.912669276, 20.0816254590001], [83.9125724370001, 20.081379161], [83.912505577, 20.081384846], [83.9124937350001, 20.0813300770001], [83.912567068, 20.0813081040001], [83.9125407820001, 20.0812624220001], [83.9124197020001, 20.0812855570001], [83.9124416390001, 20.0811917770001], [83.9125108270001, 20.0811846710001], [83.9124780500001, 20.0811102920001], [83.9124001660001, 20.0810717300001], [83.912402575, 20.0810397540001], [83.9124418980001, 20.0810152650001], [83.91242944, 20.0809501210001], [83.912369782, 20.080914772], [83.9123691070001, 20.080830829], [83.9123132240001, 20.0807121770001], [83.912084507, 20.0807922440001], [83.912098454, 20.0808170780001], [83.9120690840001, 20.080870643], [83.9120759780001, 20.080916404], [83.912174715, 20.081015227], [83.9122124880001, 20.0810051240001], [83.9122326560001, 20.081021435], [83.9122023410001, 20.0810520680001], [83.912207423, 20.0810848620001], [83.9122154190001, 20.08110944], [83.9121913560001, 20.0811159670001], [83.912175264, 20.081100258], [83.9121826310001, 20.081080236], [83.912175367, 20.0810535110001], [83.912149791, 20.081028195], [83.9121739830001, 20.081016591], [83.912073713, 20.080916743], [83.9120620040001, 20.0809302060001], [83.9120084470001, 20.0809134960001], [83.911974564, 20.0808827500001], [83.9120340320001, 20.080842638], [83.912053761, 20.0807953500001], [83.9118357820001, 20.0808928970001], [83.9117713840001, 20.0809725780001], [83.911750005, 20.081046879], [83.9117812710001, 20.0811424450001], [83.911840624, 20.08117902], [83.911927876, 20.0812971330001], [83.9119846740001, 20.081340862], [83.9119741820001, 20.081424473], [83.9120073060001, 20.0814552910001], [83.9120450840001, 20.081477556], [83.9120736340001, 20.0814798390001], [83.9120676000001, 20.081439215], [83.9120988270001, 20.0814064100001], [83.9121318590001, 20.081406228], [83.9121442530001, 20.081322388]]], [[[83.910390598, 20.0815563140001], [83.9104048770001, 20.081593088], [83.9104233240001, 20.081600956], [83.9104252370001, 20.0816128020001], [83.9105247590001, 20.0815629740001], [83.9105268280001, 20.081542637], [83.9105346640001, 20.08152699], [83.9105519700001, 20.081513391], [83.9105714740001, 20.0815249180001], [83.9105801250001, 20.08155205], [83.910740758, 20.081547818], [83.9107432900001, 20.081532903], [83.9107550740001, 20.0815160870001], [83.910779022, 20.0815276020001], [83.9107827340001, 20.081555359], [83.910782597, 20.081574462], [83.910757882, 20.081582682], [83.910748224, 20.0815689900001], [83.9107415030001, 20.0815498640001], [83.9105772280001, 20.081554086], [83.9105693240001, 20.081575152], [83.91052834, 20.081562971], [83.9104256860001, 20.081614685], [83.910411814, 20.0816306450001], [83.910424736, 20.081655981], [83.9104514080001, 20.0816866530001], [83.9104248610001, 20.081709204], [83.9104876700001, 20.0818677280001], [83.9105341360001, 20.0818907460001], [83.910628209, 20.0819068340001], [83.9106105180001, 20.08187222], [83.910550491, 20.0818444070001], [83.9105650980001, 20.08179876], [83.9105983650001, 20.0818138970001], [83.9105973870001, 20.081785649], [83.9106205530001, 20.0817742190001], [83.9106709760001, 20.0817769770001], [83.9107094190001, 20.0818537220001], [83.910704728, 20.0818688030001], [83.910730168, 20.081866414], [83.9108417720001, 20.081857588], [83.9108552110001, 20.081883738], [83.910864814, 20.0818972750001], [83.9108427150001, 20.0819458080001], [83.910791918, 20.081946901], [83.9107747690001, 20.0819787360001], [83.910783445, 20.082039676], [83.9108128570001, 20.082046522], [83.910827069, 20.082070193], [83.9108279550001, 20.082089947], [83.9107986130001, 20.0821001100001], [83.9108127280001, 20.082130321], [83.9112091100001, 20.081960668], [83.911164231, 20.081844113], [83.9111355360001, 20.081854058], [83.9110943800001, 20.0818919820001], [83.9110618230001, 20.0818785000001], [83.9110148500001, 20.0818343290001], [83.9109898660001, 20.0818162780001], [83.9109436700001, 20.0818442190001], [83.9108984690001, 20.081859504], [83.9108725150001, 20.081845038], [83.9108677030001, 20.08181798], [83.910880127, 20.081788209], [83.910931921, 20.081773797], [83.9109741280001, 20.081765691], [83.9109973160001, 20.081781033], [83.910990827, 20.0818135700001], [83.911017723, 20.08183252], [83.9110330560001, 20.0818099430001], [83.9110637250001, 20.0818135330001], [83.9111047000001, 20.081792734], [83.9111258470001, 20.081799049], [83.911133271, 20.0817855], [83.911117672, 20.081766572], [83.911116199, 20.081729705], [83.9111390290001, 20.081719832], [83.910992923, 20.081311058], [83.9103478540001, 20.081418811], [83.9103498580001, 20.081465005], [83.9103687090001, 20.0815001450001], [83.9103917210001, 20.0815000310001], [83.910405542, 20.0814990810001], [83.9104115200001, 20.0815386850001], [83.910390598, 20.0815563140001]]], [[[83.738472841, 20.2279608530001], [83.7384882050001, 20.2279514570001], [83.7385717700001, 20.2279456950001], [83.7385700350001, 20.227893755], [83.7384787, 20.2278634], [83.7380389030001, 20.227785929], [83.7379534, 20.227919], [83.7378128500001, 20.228270949], [83.737887824, 20.2283577790001], [83.7380453970001, 20.2285017740001], [83.7382570070001, 20.2285645760001], [83.7384401740001, 20.22834226], [83.7385230230001, 20.2283645470001], [83.7385994890001, 20.2280730270001], [83.7385847240001, 20.22798103], [83.7385235400001, 20.2279751460001], [83.73848789, 20.2279684150001], [83.738472841, 20.2279608530001]]], [[[83.737798947, 20.228994346], [83.7378205730001, 20.228964306], [83.7378526730001, 20.228955195], [83.737907072, 20.228821866], [83.7377555, 20.2287678000001], [83.737578157, 20.2291682110001], [83.7376761350001, 20.229203134], [83.7378464000001, 20.229305421], [83.737860831, 20.2293450760001], [83.7379702200001, 20.2293728440001], [83.7381010030001, 20.2288958120001], [83.7379102260001, 20.228822752], [83.7378557900001, 20.2289570900001], [83.7378640760001, 20.2289957900001], [83.737850613, 20.2290171540001], [83.7378154420001, 20.2290115770001], [83.737798947, 20.228994346]]], [[[83.7368500690001, 20.2295300100001], [83.736848342, 20.2295591810001], [83.7368279470001, 20.229573986], [83.7368039670001, 20.229553206], [83.7367523360001, 20.2295921960001], [83.7368930590001, 20.229820347], [83.737119261, 20.229661551], [83.7369514820001, 20.2291726930001], [83.7366076000001, 20.2293549], [83.736751444, 20.2295904010001], [83.7368030550001, 20.229551428], [83.7367741020001, 20.229511738], [83.7367932490001, 20.2294971850001], [83.7368233170001, 20.229496548], [83.7368500690001, 20.2295300100001]]], [[[83.7367663360001, 20.229835983], [83.736764898, 20.229811249], [83.7368104070001, 20.229791461], [83.7368704680001, 20.22978936], [83.7365700170001, 20.2293013250001], [83.73627242, 20.2294812490001], [83.7363217000001, 20.2299481000001], [83.7367663360001, 20.229835983]]], [[[83.7358724000001, 20.2297142], [83.7358360790001, 20.229769273], [83.7359171000001, 20.229789248], [83.7359792330001, 20.22986159], [83.73612626, 20.2299287060001], [83.736230715, 20.229932756], [83.7363196540001, 20.229942501], [83.7362763790001, 20.229566214], [83.7361937320001, 20.229556121], [83.7361808800001, 20.2295828740001], [83.73616631, 20.2295862780001], [83.7361450160001, 20.2295793210001], [83.7361263590001, 20.2295573000001], [83.7360824500001, 20.2295449480001], [83.7358724000001, 20.2297142]]], [[[83.9954448570001, 19.706295191], [83.9955816890001, 19.7063232400001], [83.995601552, 19.7062359760001], [83.995560723, 19.7062100050001], [83.9955739650001, 19.70615079], [83.9956225180001, 19.7061518290001], [83.9956434840001, 19.7062016940001], [83.9956280360001, 19.7062359760001], [83.9956059660001, 19.7062359760001], [83.9955850000001, 19.706322202], [83.9957328670001, 19.7063512890001], [83.9958520430001, 19.705924318], [83.995601552, 19.705888997], [83.9955132730001, 19.7058921140001], [83.9953521640001, 19.7058526370001], [83.9953245770001, 19.70590458], [83.9953433360001, 19.705919124], [83.9953687170001, 19.705900425], [83.9953918900001, 19.705917046], [83.995367613, 19.70595029], [83.9953466470001, 19.705939901], [83.9953356120001, 19.705965873], [83.9953245770001, 19.706181956], [83.9953808550001, 19.7062100050001], [83.995441547, 19.706170528], [83.9954735480001, 19.706203772], [83.9954691340001, 19.7062588310001], [83.9954448570001, 19.706295191]]], [[[83.9950072980001, 19.7066232130001], [83.995000523, 19.7065838830001], [83.9949045490001, 19.706567938], [83.9949180980001, 19.7065254190001], [83.9949576170001, 19.706496719], [83.994894387, 19.706301131], [83.99478938, 19.7063213280001], [83.994696794, 19.706278809], [83.994522912, 19.706350028], [83.9944675850001, 19.7063787280001], [83.994505975, 19.706416995], [83.9944314540001, 19.706469081], [83.994634692, 19.7068145490001], [83.9950072980001, 19.7066232130001]]], [[[83.9931369240001, 19.7069979730001], [83.9931901790001, 19.707072323], [83.9932470400001, 19.7071633640001], [83.9933048170001, 19.70733993], [83.993440799, 19.707497631], [83.993518592, 19.707544297], [83.9936316310001, 19.707441997], [83.9937656050001, 19.7073913040001], [83.9939187690001, 19.707269566], [83.994154839, 19.707104244], [83.9942242490001, 19.7070446970001], [83.9941183000001, 19.7068883000001], [83.9939283000001, 19.7066533], [83.9937067970001, 19.7065097500001], [83.993638914, 19.706564687], [83.9935065000001, 19.7065488000001], [83.9934017, 19.706685], [83.9932435800001, 19.7068441980001], [83.9931369240001, 19.7069979730001]]], [[[83.992182545, 19.7076491490001], [83.992133224, 19.7077106850001], [83.992097313, 19.7077625700001], [83.9921319030001, 19.707799568], [83.9921277720001, 19.7078449470001], [83.9920726830001, 19.707877361], [83.9920768150001, 19.707951264], [83.9921004120001, 19.7080564770001], [83.992123387, 19.708137747], [83.9922075000001, 19.7081522], [83.9923391, 19.7081781000001], [83.9925464460001, 19.708088698], [83.993034843, 19.707758825], [83.99286886, 19.707589161], [83.992431357, 19.7073353650001], [83.992308187, 19.7074780250001], [83.9923365800001, 19.7075036430001], [83.992330823, 19.707537475], [83.992302678, 19.707558411], [83.9922572300001, 19.7075259970001], [83.992182545, 19.7076491490001]]], [[[83.983618757, 19.753803427], [83.9836021290001, 19.7537768240001], [83.9835472600001, 19.753770565], [83.983555573, 19.7537283130001], [83.9836087800001, 19.7537157940001], [83.9834558100001, 19.753457591], [83.9835189930001, 19.753374653], [83.9834807500001, 19.7533120580001], [83.9832629350001, 19.753352745], [83.9831764740001, 19.753305799], [83.9830417950001, 19.7532885860001], [83.9828655480001, 19.7533449210001], [83.9830866880001, 19.753712665], [83.9831698240001, 19.7539223580001], [83.9832695870001, 19.753975563], [83.98339429, 19.7539708680001], [83.9835156680001, 19.753870717], [83.9835938160001, 19.7538644570001], [83.983618757, 19.753803427]]], [[[83.9914813980001, 19.7539917390001], [83.9914960390001, 19.754028067], [83.9915426250001, 19.754083189], [83.991611843, 19.754179659], [83.9916730670001, 19.754165877], [83.9916664070001, 19.754124532], [83.991714318, 19.754099475], [83.9917435830001, 19.7540005070001], [83.991730262, 19.7539240950001], [83.9916410930001, 19.753900296], [83.991804733, 19.753632274], [83.9915585540001, 19.753540861], [83.9913177190001, 19.753401877], [83.9912338880001, 19.7535058], [83.9913483170001, 19.753580931], [83.9912950870001, 19.753712423], [83.9913709360001, 19.7537838110001], [83.9913110480001, 19.7539165800001], [83.9913669420001, 19.7539742010001], [83.9914813980001, 19.7539917390001]]], [[[83.9819097990001, 19.754556006], [83.9817748290001, 19.754620996], [83.981799939, 19.7548602800001], [83.9822315310001, 19.7548691420001], [83.9821922950001, 19.7547864270001], [83.982071449, 19.754783473], [83.981963159, 19.7547598400001], [83.9820290750001, 19.7546594], [83.9821122540001, 19.7546623540001], [83.9820824350001, 19.7544629510001], [83.981894105, 19.7544880610001], [83.9819097990001, 19.754556006]]], [[[84.013231934, 19.7607224980001], [84.0131036340001, 19.7606519340001], [84.0128653630001, 19.7609451700001], [84.0129353450001, 19.7610031900001], [84.0129670030001, 19.760989077], [84.0129836660001, 19.7610157350001], [84.0129136840001, 19.7610863], [84.012808711, 19.761018871], [84.0126854100001, 19.761161569], [84.0126620830001, 19.7612729040001], [84.012738729, 19.76129329], [84.01277372, 19.7613277880001], [84.012738729, 19.761354446], [84.012778719, 19.761412466], [84.0129170160001, 19.761461077], [84.013021989, 19.761461077], [84.0133985570001, 19.760774246], [84.013291918, 19.760731907], [84.013265258, 19.760744452], [84.013276922, 19.760791495], [84.013218604, 19.7607946320001], [84.013201941, 19.760755429], [84.013231934, 19.7607224980001]]], [[[84.0140830020001, 19.7618512130001], [84.0143369930001, 19.761118826], [84.014373773, 19.761120557], [84.0144969850001, 19.760639418], [84.0144418150001, 19.7605701900001], [84.0145208920001, 19.7605424980001], [84.0145374430001, 19.7605026910001], [84.0143296350001, 19.760464616], [84.014245041, 19.7605511530001], [84.014188032, 19.760648073], [84.0141457350001, 19.760670572], [84.014138379, 19.760879989], [84.014029479, 19.7611520890001], [84.014077752, 19.7611650690001], [84.0140720050001, 19.761208336], [84.014049018, 19.7612256420001], [84.0139651150001, 19.761208336], [84.0139731610001, 19.7611607420001], [84.0140248810001, 19.761149926], [84.0140444200001, 19.7610980060001], [84.0139628160001, 19.761103414], [84.0138823620001, 19.761155334], [84.0138605240001, 19.761281889], [84.0136156450001, 19.7616817100001], [84.0136810450001, 19.7617444160001], [84.013751294, 19.7617616110001], [84.013761672, 19.7618259760001], [84.0138200050001, 19.761895537], [84.0139078930001, 19.7618717660001], [84.0138787100001, 19.7618228270001], [84.013900511, 19.7617851090001], [84.0139611910001, 19.761808665], [84.0139309520001, 19.7618796830001], [84.014026755, 19.7618923640001], [84.0140516820001, 19.761837009], [84.0140830020001, 19.7618512130001]]], [[[84.0133517450001, 19.7616578], [84.013393658, 19.761642835], [84.0136062230001, 19.7616894820001], [84.0138543610001, 19.7612831120001], [84.0138778070001, 19.761154398], [84.0139618220001, 19.761099234], [84.0140438830001, 19.7610937170001], [84.0140731910001, 19.7610164880001], [84.0137234530001, 19.7608932910001], [84.0134303780001, 19.7607627370001], [84.01340107, 19.7607792860001], [84.0130572, 19.7614048], [84.0130693850001, 19.761432686], [84.013145153, 19.7614890350001], [84.013266447, 19.76154461], [84.0132144180001, 19.761606822], [84.0133517450001, 19.7616578]]], [[[84.00356107, 19.8099677340001], [84.003541634, 19.810171494], [84.003412837, 19.8101827670001], [84.0034730670001, 19.8103582910001], [84.0038047210001, 19.8103469230001], [84.0040617270001, 19.8103010040001], [84.0042644540001, 19.810296011], [84.0045170660001, 19.8102251120001], [84.0045149420001, 19.810125253], [84.004468241, 19.8101332420001], [84.0044756710001, 19.810159205], [84.00445232, 19.8101831710001], [84.0044194170001, 19.810185168], [84.0043896980001, 19.810112272], [84.0044310920001, 19.810090303], [84.0044671800001, 19.810130246], [84.0045149420001, 19.8101232560001], [84.0044862840001, 19.8098965780001], [84.0043238910001, 19.809882599], [84.004199708, 19.8098027120001], [84.0038505110001, 19.8099015720001], [84.003894028, 19.809977464], [84.0038749230001, 19.810004426], [84.003817607, 19.8100024280001], [84.0037634770001, 19.8099105590001], [84.00356107, 19.8099677340001]]], [[[84.0028149870001, 19.8101732210001], [84.002724587, 19.810205421], [84.002686607, 19.8102978380001], [84.0028213840001, 19.8104067730001], [84.0027812210001, 19.8104495590001], [84.0028315910001, 19.8105563820001], [84.002904518, 19.8105563820001], [84.0029191070001, 19.8105966100001], [84.0030168210001, 19.8105875270001], [84.003126152, 19.8104135520001], [84.0032180750001, 19.810426169], [84.003314602, 19.8103556950001], [84.003466266, 19.8103451040001], [84.0034105760001, 19.8101812360001], [84.00336129, 19.8099162570001], [84.0031985260001, 19.809797555], [84.0028149870001, 19.8101732210001]]], [[[84.0040219240001, 19.8103120050001], [84.004058092, 19.810484462], [84.0040515160001, 19.8105324100001], [84.0040186360001, 19.8105571570001], [84.004034254, 19.810666199], [84.004068778, 19.810693267], [84.0042487950001, 19.810654599], [84.004423059, 19.8106136110001], [84.004423881, 19.8105695300001], [84.0043375710001, 19.8102918980001], [84.0042693450001, 19.810301178], [84.0040630240001, 19.8103042720001], [84.0040219240001, 19.8103120050001]]], [[[84.0038151480001, 19.810440193], [84.0037921110001, 19.8105093410001], [84.0037350690001, 19.8105093410001], [84.0037208080001, 19.8104835390001], [84.003628662, 19.8105103730001], [84.0036495040001, 19.81053927], [84.0036187890001, 19.810580552], [84.0035814920001, 19.810583649], [84.003540904, 19.810540302], [84.003626468, 19.8105062440001], [84.00371642, 19.8104794110001], [84.0037372620001, 19.810426776], [84.0037010620001, 19.8103927180001], [84.0037098380001, 19.8103535000001], [84.003460825, 19.8103627880001], [84.0033972000001, 19.8104216150001], [84.003463019, 19.8104112950001], [84.003465212, 19.8104112950001], [84.0034849580001, 19.810420584], [84.003466309, 19.810455673], [84.003363194, 19.810465994], [84.003263368, 19.8106269940001], [84.0034827640001, 19.810685822], [84.0038502510001, 19.810709559], [84.0040312530001, 19.810668277], [84.0040158950001, 19.810556815], [84.004048804, 19.8105320450001], [84.0040553860001, 19.8104845710001], [84.0040191850001, 19.810314281], [84.003805275, 19.8103493720001], [84.003728487, 19.8103524680001], [84.003770172, 19.8103834300001], [84.0037624930001, 19.810434], [84.0038151480001, 19.810440193]]], [[[84.0056788690001, 19.810261945], [84.0055433540001, 19.810273764], [84.005411968, 19.81032867], [84.005390209, 19.810407965], [84.0052808550001, 19.8104956070001], [84.0052831390001, 19.8105474160001], [84.005303434, 19.8107861440001], [84.0053447480001, 19.8107720090001], [84.005449404, 19.810831868], [84.0055993970001, 19.810732875], [84.0056732620001, 19.810753214], [84.006144378, 19.8106551430001], [84.0060620850001, 19.810342113], [84.0057147950001, 19.8103779690001], [84.0056788690001, 19.810261945]]], [[[84.0056736220001, 19.810757612], [84.0056016920001, 19.8107357970001], [84.005448485, 19.8108369290001], [84.005521978, 19.8109130560001], [84.005579255, 19.8109023150001], [84.005653582, 19.8109412690001], [84.006063979, 19.810942389], [84.0061500910001, 19.810829724], [84.0060840680001, 19.8106718180001], [84.0056736220001, 19.810757612]]], [[[84.0098461690001, 19.811460981], [84.009505216, 19.811408396], [84.0094288280001, 19.8115661530001], [84.0094623640001, 19.811590693], [84.00944187, 19.81165029], [84.0093580290001, 19.8116432790001], [84.0093524390001, 19.8116713250001], [84.0094027440001, 19.8116923590001], [84.009415786, 19.8117747430001], [84.009242515, 19.8117239100001], [84.00925183, 19.811669572], [84.0093282190001, 19.811666066], [84.009335671, 19.8116292560001], [84.00937666, 19.811550378], [84.009425101, 19.8115644010001], [84.009499626, 19.811411902], [84.0092443780001, 19.811413655], [84.0087972270001, 19.8112979650001], [84.008754374, 19.811634514], [84.0090319810001, 19.8118080470001], [84.0091698520001, 19.811844857], [84.0093393970001, 19.811978074], [84.009486585, 19.812034166], [84.0095946470001, 19.811972816], [84.009684077, 19.81201839], [84.009814496, 19.81178526], [84.009754876, 19.8117221570001], [84.009684077, 19.8117221570001], [84.009659856, 19.811681842], [84.0098256740001, 19.811623997], [84.0098461690001, 19.811460981]]], [[[84.0035465610001, 19.811688132], [84.0034751320001, 19.8117315160001], [84.00349141, 19.8117595890001], [84.0034480090001, 19.8117885140001], [84.0034181660001, 19.811745978], [84.0034570460001, 19.811713652], [84.0034742270001, 19.8117289640001], [84.0035420400001, 19.811687281], [84.003444378, 19.811588608], [84.0032635420001, 19.8116226330001], [84.0031893990001, 19.811580103], [84.003128825, 19.811482288], [84.0030049540001, 19.8115171600001], [84.0032017, 19.8119311], [84.0032844140001, 19.8119222620001], [84.0033160340001, 19.811885714], [84.0033431370001, 19.8118942140001], [84.0033413300001, 19.811917163], [84.003381081, 19.811918013], [84.0033991500001, 19.8119401110001], [84.0037686520001, 19.811930762], [84.0037379350001, 19.8118092180001], [84.0036503030001, 19.811706374], [84.0036403650001, 19.8117165730001], [84.003615069, 19.8117106240001], [84.0036105520001, 19.811688525], [84.0035879660001, 19.811674926], [84.0035465610001, 19.811688132]]], [[[84.003072273, 19.8121103600001], [84.0031179600001, 19.8122122300001], [84.003222054, 19.8121995930001], [84.003350325, 19.8122330800001], [84.0035068020001, 19.8121901160001], [84.0036491760001, 19.8122065430001], [84.0037894970001, 19.8121766240001], [84.0037282970001, 19.811934609], [84.003402039, 19.8119420350001], [84.00328627, 19.812043525], [84.003208214, 19.8120245480001], [84.003214353, 19.8119453360001], [84.002974045, 19.8120509510001], [84.0030029870001, 19.812107885], [84.003072273, 19.8121103600001]]], [[[84.003179704, 19.812444366], [84.0034136, 19.8123616], [84.0036676180001, 19.8124371600001], [84.0037013200001, 19.812416983], [84.0036477020001, 19.8122080040001], [84.0035060010001, 19.812192151], [84.0033497460001, 19.812236108], [84.003222598, 19.812202239], [84.0031184280001, 19.81221521], [84.003179704, 19.812444366]]], [[[84.0034140180001, 19.8123635900001], [84.0032595390001, 19.812418774], [84.0033552770001, 19.812558417], [84.003365591, 19.8126940820001], [84.0034320660001, 19.812752597], [84.0035132420001, 19.8126948940001], [84.0035659110001, 19.8126794560001], [84.0036125240001, 19.812619335], [84.003613376, 19.8125649150001], [84.0036418430001, 19.8124934570001], [84.003684116, 19.812443936], [84.0034140180001, 19.8123635900001]]], [[[84.002950631, 19.812527416], [84.0029611130001, 19.8125496050001], [84.003080783, 19.812520842], [84.0030947590001, 19.8125561790001], [84.0030659330001, 19.812596448], [84.00301527, 19.8126005560001], [84.0030318670001, 19.812535634], [84.002979456, 19.8125479610001], [84.0029611130001, 19.8125857640001], [84.0029567450001, 19.8126375370001], [84.0029742150001, 19.8126852020001], [84.0028213510001, 19.8126925980001], [84.0027995130001, 19.8127591640001], [84.0028248450001, 19.812769847], [84.002827466, 19.812800254], [84.0028501770001, 19.8128372350001], [84.0028903580001, 19.812833948], [84.0029034610001, 19.8127986100001], [84.0029384010001, 19.8128117590001], [84.0029296660001, 19.812845453], [84.0028894850001, 19.8128364130001], [84.0028510500001, 19.8128397], [84.0028423150001, 19.8128906520001], [84.0030336140001, 19.8128881870001], [84.003181236, 19.8128446310001], [84.0032196710001, 19.812861067], [84.00344591, 19.8127665600001], [84.0033620520001, 19.8126942420001], [84.0033524440001, 19.812560288], [84.0032572310001, 19.8124205820001], [84.0031786160001, 19.812447702], [84.0031821100001, 19.8124871480001], [84.0029672270001, 19.812508515], [84.002950631, 19.812527416]]], [[[84.0121457970001, 19.8159282990001], [84.0120123360001, 19.815905179], [84.0119653, 19.8158529900001], [84.0118555780001, 19.81582967], [84.011776728, 19.8158745960001], [84.0117678440001, 19.815978031], [84.011714537, 19.816107587], [84.011863352, 19.8161368410001], [84.0118044920001, 19.8163458010001], [84.0117652170001, 19.8163506000001], [84.0117480060001, 19.816449], [84.0117149060001, 19.8164826300001], [84.0117612450001, 19.8165399260001], [84.0117930200001, 19.8165897490001], [84.0117533010001, 19.8166370810001], [84.0118234720001, 19.8166682200001], [84.011933361, 19.816625871], [84.0119957140001, 19.8163167430001], [84.0119753580001, 19.816319934], [84.0119609390001, 19.816340681], [84.0119736610001, 19.8163733970001], [84.0119439750001, 19.816393346], [84.0119193780001, 19.81637978], [84.0119482160001, 19.8163279140001], [84.011933797, 19.816292006], [84.01195585, 19.81626328], [84.0120067400001, 19.816280835], [84.01198808, 19.816369407], [84.0122841780001, 19.8163998740001], [84.0124043550001, 19.8161640320001], [84.012325456, 19.81596488], [84.01219181, 19.815958777], [84.012172332, 19.8159832060001], [84.012214494, 19.816010125], [84.012192558, 19.8160591980001], [84.0121492520001, 19.8160690330001], [84.0121149330001, 19.816039549], [84.0121852710001, 19.815959997], [84.0121457970001, 19.8159282990001]]], [[[84.010934911, 19.817066233], [84.0108771690001, 19.817076747], [84.0108452490001, 19.8170209], [84.0108093950001, 19.8170151140001], [84.0107883330001, 19.817046427], [84.0107083090001, 19.817024374], [84.0107127370001, 19.816953004], [84.0107797460001, 19.816946145], [84.0108057990001, 19.816842018], [84.0106183230001, 19.8168465040001], [84.010588102, 19.8170162700001], [84.010543091, 19.8170627320001], [84.0105750800001, 19.8171603750001], [84.0107781080001, 19.8172176160001], [84.0107497980001, 19.817260924], [84.0110158510001, 19.817298481], [84.01099787, 19.817238026], [84.0110390460001, 19.817197278], [84.0110538820001, 19.8171296080001], [84.011120164, 19.817161562], [84.0110806540001, 19.8172032520001], [84.011045279, 19.8172899790001], [84.0112273990001, 19.8173350600001], [84.0114453, 19.8173165000001], [84.0115033750001, 19.8172802780001], [84.0115085040001, 19.8171386700001], [84.0115758640001, 19.8170943100001], [84.011596071, 19.8169073650001], [84.010809511, 19.816840896], [84.0107833210001, 19.816949573], [84.010807206, 19.816972483], [84.0108057910001, 19.817011645], [84.010846605, 19.8170174270001], [84.0108684450001, 19.8169943340001], [84.010917856, 19.817002406], [84.010934911, 19.817066233]]], [[[84.0122165940001, 19.817682366], [84.0122319480001, 19.8175659400001], [84.0123002230001, 19.817505704], [84.0122352820001, 19.817436355], [84.0122172660001, 19.81737381], [84.01235323, 19.817288465], [84.012242701, 19.816972053], [84.0117427860001, 19.817438764], [84.0116503, 19.8176394000001], [84.011699939, 19.8177168870001], [84.011662227, 19.8178484430001], [84.0117162640001, 19.817905019], [84.0120685730001, 19.8178462400001], [84.012068545, 19.8177485890001], [84.0122165940001, 19.817682366]]], [[[83.9955150050001, 19.900582491], [83.995450384, 19.9006023960001], [83.995382422, 19.9004861110001], [83.9952653400001, 19.900571853], [83.9953538250001, 19.9007244160001], [83.995399895, 19.900840449], [83.9954273180001, 19.9008260090001], [83.9954081220001, 19.9007893940001], [83.9954393840001, 19.900774955], [83.995458619, 19.90081008], [83.9954016930001, 19.9008417110001], [83.9954678070001, 19.9009662720001], [83.995505924, 19.9011005880001], [83.995546677, 19.901124699], [83.9955582110001, 19.9010870870001], [83.9955497560001, 19.901066767], [83.9955681330001, 19.9010449090001], [83.99562167, 19.901061709], [83.9956495100001, 19.9011032710001], [83.9956187910001, 19.9011315880001], [83.9956323930001, 19.9011863900001], [83.995760095, 19.901189903], [83.99580167, 19.901021546], [83.9957335300001, 19.9009770160001], [83.9956715230001, 19.900931138], [83.9956697280001, 19.900898238], [83.9957527230001, 19.900842945], [83.9957817540001, 19.9008612750001], [83.9957885860001, 19.900798842], [83.995749125, 19.900735029], [83.9958259810001, 19.9006964910001], [83.9958948840001, 19.900555992], [83.9960916260001, 19.9004241640001], [83.9960139340001, 19.9003156700001], [83.9959862420001, 19.900317117], [83.995970088, 19.9003489410001], [83.9959031650001, 19.9003496650001], [83.9958770120001, 19.900385106], [83.995907011, 19.9004039120001], [83.9959147040001, 19.9004219940001], [83.9959093190001, 19.900437906], [83.995852396, 19.9004089750001], [83.9958247040001, 19.9004039120001], [83.9958077810001, 19.9003822130001], [83.9958223960001, 19.9003540040001], [83.9958839350001, 19.900353281], [83.9958770120001, 19.9003120530001], [83.995933934, 19.900293248], [83.995965739, 19.9001179970001], [83.9960245030001, 19.900088409], [83.9959960050001, 19.900049353], [83.995959009, 19.900038583], [83.9959507890001, 19.8999047070001], [83.9959633060001, 19.8997345240001], [83.995859711, 19.899754209], [83.99585969, 19.8996887280001], [83.9958250880001, 19.899606582], [83.9958197710001, 19.899579352], [83.9957976600001, 19.899576548], [83.9957759340001, 19.8996965150001], [83.9957034780001, 19.899711176], [83.9957034780001, 19.8997620580001], [83.9957658450001, 19.8997465350001], [83.9957575910001, 19.8997836180001], [83.9957860230001, 19.89978103], [83.995822709, 19.8997974160001], [83.995838301, 19.899843123], [83.995822709, 19.8998888300001], [83.9957695140001, 19.899900904], [83.9957612590001, 19.8998715820001], [83.9957163180001, 19.89987072], [83.9956961410001, 19.8999431610001], [83.9956741290001, 19.9000552730001], [83.995665875, 19.900153586], [83.9956438630001, 19.9002713450001], [83.9956933890001, 19.900284281], [83.995710816, 19.900332575], [83.9957695140001, 19.900379145], [83.9957291590001, 19.900414503], [83.9956915550001, 19.9004265770001], [83.9956787150001, 19.9005300640001], [83.9957043960001, 19.900527477], [83.9957218220001, 19.9005593860001], [83.995710816, 19.900569735], [83.9957089810001, 19.900591295], [83.995687887, 19.9006042300001], [83.9956915550001, 19.9006292400001], [83.9956759630001, 19.900635277], [83.9956796320001, 19.900658562], [83.9956622060001, 19.900673222], [83.995667709, 19.90069047], [83.995554897, 19.9007223790001], [83.995537471, 19.9006637360001], [83.99563836, 19.900633552], [83.995630105, 19.9005981940001], [83.9956686260001, 19.9005826710001], [83.9956888040001, 19.900430026], [83.995660372, 19.900439513], [83.9955796610001, 19.900410191], [83.995568593, 19.9003669100001], [83.9954646850001, 19.9004275610001], [83.9954886030001, 19.9003759170001], [83.9955213810001, 19.9003475960001], [83.9955352860001, 19.9002684220001], [83.995505914, 19.9002658160001], [83.995491142, 19.900215587], [83.9955098020001, 19.9001877270001], [83.995552446, 19.900194029], [83.9955960060001, 19.9000628420001], [83.995593022, 19.9000192080001], [83.9956238870001, 19.899957038], [83.9956225560001, 19.8997259670001], [83.995563211, 19.899699678], [83.9955095980001, 19.8997816630001], [83.9955186880001, 19.899851816], [83.9955278800001, 19.899893288], [83.9955327060001, 19.8999684180001], [83.9954187100001, 19.9002933200001], [83.995424879, 19.9003545520001], [83.9953931730001, 19.9004168880001], [83.9953849560001, 19.900485869], [83.9954247590001, 19.900552111], [83.9954916080001, 19.9005248730001], [83.9955150050001, 19.900582491]]], [[[83.9971197740001, 19.904174201], [83.9971955130001, 19.904147079], [83.997250152, 19.9041568120001], [83.9977119470001, 19.903930465], [83.99785898, 19.903977653], [83.998072322, 19.903817958], [83.9979073550001, 19.9035846900001], [83.9977923850001, 19.9036434390001], [83.997722378, 19.903574646], [83.9977307140001, 19.903502906], [83.9978112270001, 19.903411749], [83.9979387440001, 19.9034365430001], [83.9979541590001, 19.903512892], [83.997912639, 19.9035813410001], [83.998070311, 19.903807725], [83.998323971, 19.903603124], [83.9982601510001, 19.9035026180001], [83.9982825070001, 19.9034627880001], [83.9984290100001, 19.9033798090001], [83.998499655, 19.9034129130001], [83.9988743170001, 19.903204127], [83.9986473850001, 19.9029808610001], [83.9985076200001, 19.9029978180001], [83.998424963, 19.902922925], [83.9980334000001, 19.9029943], [83.9980692730001, 19.9031000580001], [83.998036401, 19.903170318], [83.9979761430001, 19.9032005400001], [83.997858491, 19.9031403130001], [83.9978277180001, 19.9030584660001], [83.997415582, 19.903230981], [83.9971909000001, 19.9032918], [83.996841809, 19.903430386], [83.9966391740001, 19.903540892], [83.9965116750001, 19.90353106], [83.996372615, 19.9035209530001], [83.9962072450001, 19.903602656], [83.9961124910001, 19.9035365980001], [83.9960885420001, 19.903582149], [83.995956027, 19.903601076], [83.9959244930001, 19.9035585550001], [83.995769398, 19.9035979180001], [83.995821666, 19.9037590070001], [83.995686693, 19.9037977780001], [83.9957156980001, 19.903862825], [83.9957459020001, 19.9040194900001], [83.996013286, 19.903956453], [83.996432816, 19.903915252], [83.996548363, 19.9042014140001], [83.9967781940001, 19.904170805], [83.9968211330001, 19.904278446], [83.9970960630001, 19.904221884], [83.9971197740001, 19.904174201]]], [[[83.995973608, 19.90437402], [83.9959330780001, 19.9044109750001], [83.9958839500001, 19.9044179040001], [83.9958765800001, 19.904490658], [83.995961326, 19.904473335], [83.996007998, 19.904580735], [83.995971152, 19.904606141], [83.995823767, 19.9046454050001], [83.9957832370001, 19.9046477150001], [83.995823767, 19.904766662], [83.9961173080001, 19.904658108], [83.996256094, 19.9046373210001], [83.996346981, 19.9047401010001], [83.9963727740001, 19.9046927530001], [83.9963825990001, 19.904652334], [83.9964268140001, 19.904643095], [83.996442781, 19.9046765850001], [83.9964783990001, 19.9046915980001], [83.996514017, 19.904666192], [83.9965103320001, 19.90450567], [83.9964783990001, 19.904467561], [83.9964341830001, 19.9044410000001], [83.996366632, 19.9044606320001], [83.9963457530001, 19.904519529], [83.9962867990001, 19.9045380060001], [83.9962499530001, 19.904513755], [83.9962548660001, 19.9044537030001], [83.9963359270001, 19.904404046], [83.996369089, 19.904457168], [83.9964833110001, 19.904421368], [83.996432955, 19.9041776990001], [83.9963604910001, 19.9040783830001], [83.9962720610001, 19.904119958], [83.996241356, 19.9040876220001], [83.9961860870001, 19.9041107190001], [83.9960473, 19.9041026350001], [83.996022736, 19.904084158], [83.995978521, 19.904098016], [83.9959158830001, 19.904143054], [83.9957267400001, 19.904211188], [83.9957660420001, 19.9045160640001], [83.9958716670001, 19.904491813], [83.995880265, 19.9044155940001], [83.9958127140001, 19.9044028910001], [83.995804117, 19.904352078], [83.995860614, 19.904296646], [83.995939219, 19.9043093500001], [83.995973608, 19.90437402]]], [[[83.996970934, 19.9050153850001], [83.9969947700001, 19.9049138710001], [83.996961119, 19.9048993690001], [83.996970934, 19.90478467], [83.996889609, 19.9047714870001], [83.996839132, 19.9047147970001], [83.9968699790001, 19.9046752450001], [83.996826513, 19.9046422860001], [83.99658114, 19.9046884300001], [83.9963864440001, 19.9048135400001], [83.996300583, 19.904815698], [83.9962557310001, 19.9048850300001], [83.996216035, 19.9048926450001], [83.996233971, 19.9049505090001], [83.9962010780001, 19.9049625650001], [83.996214444, 19.9050131500001], [83.996197839, 19.905026392], [83.996215761, 19.9050917770001], [83.9962731590001, 19.905122969], [83.99632274, 19.9051185070001], [83.996315166, 19.905183424], [83.996372003, 19.9051778100001], [83.996400264, 19.9051538150001], [83.996537673, 19.9051960030001], [83.9965418800001, 19.9051551330001], [83.996499816, 19.9051340390001], [83.996518043, 19.905041753], [83.99658114, 19.905027251], [83.99660778, 19.9050733940001], [83.996689104, 19.905078668], [83.9967465920001, 19.905037798], [83.9968237100001, 19.9050971250001], [83.9968755890001, 19.9050878960001], [83.996970934, 19.9050153850001]]], [[[83.9962643640001, 19.905179101], [83.9961086700001, 19.905276314], [83.9960673140001, 19.9053232050001], [83.9960806940001, 19.9053838200001], [83.996126915, 19.90539297], [83.99613543, 19.9054364300001], [83.9961913820001, 19.905453585], [83.9961816510001, 19.905485609], [83.9961147510001, 19.9055142010001], [83.9961853, 19.905669742], [83.996361672, 19.905623995], [83.9964869570001, 19.905494758], [83.9965161490001, 19.905486753], [83.9966146740001, 19.905279745], [83.996381134, 19.9051802440001], [83.9963130180001, 19.905187106], [83.9962643640001, 19.905179101]]], [[[83.9957612410001, 19.9053177860001], [83.9957755130001, 19.9053653660001], [83.9957949770001, 19.905392207], [83.9958429860001, 19.905382447], [83.995852068, 19.9054153870001], [83.995802762, 19.905441008], [83.9957923810001, 19.905395867], [83.9957729180001, 19.9053653660001], [83.9957002560001, 19.905403187], [83.9955575260001, 19.905450768], [83.9956678170001, 19.905852155], [83.99580925, 19.905821654], [83.9958105470001, 19.905781394], [83.9958494730001, 19.9057643130001], [83.9958637460001, 19.905714292], [83.995861151, 19.905674032], [83.9958896970001, 19.905661831], [83.9959104580001, 19.905683792], [83.9959597650001, 19.9057033120001], [83.9959857160001, 19.9057569930001], [83.9960960070001, 19.905719172], [83.9960181540001, 19.9055227490001], [83.9959792280001, 19.9055178690001], [83.9959506820001, 19.905550809], [83.995919541, 19.905543489], [83.995941599, 19.905453208], [83.9959792270001, 19.905459308], [83.9958014640001, 19.905057921], [83.9956937690001, 19.905117702], [83.9956392720001, 19.9050884210001], [83.995597751, 19.905110382], [83.9955769900001, 19.905105502], [83.9955873700001, 19.905172603], [83.9956626270001, 19.9053641460001], [83.9957612410001, 19.9053177860001]]], [[[83.995663398, 19.908911403], [83.9955791310001, 19.90884851], [83.995543958, 19.9088812110001], [83.995576795, 19.9089289610001], [83.9955587900001, 19.9089479200001], [83.995594006, 19.909050227], [83.9956478450001, 19.909057906], [83.9956791550001, 19.90904031], [83.995709187, 19.9090741790001], [83.995698292, 19.9090898640001], [83.995642929, 19.90907652], [83.9956059720001, 19.909102546], [83.995578364, 19.9090946060001], [83.9955807210001, 19.9090726210001], [83.9955366870001, 19.9090555980001], [83.9954883870001, 19.909063309], [83.9954740790001, 19.909044878], [83.9954813210001, 19.9090206990001], [83.9955174890001, 19.9090102590001], [83.995536024, 19.9090532930001], [83.9955784970001, 19.909068733], [83.9955908320001, 19.909051759], [83.9955565370001, 19.9089479200001], [83.995505015, 19.908932108], [83.9954813260001, 19.9088757440001], [83.9955382890001, 19.9088798440001], [83.9955705550001, 19.9088498680001], [83.9955082970001, 19.9087999130001], [83.9954722030001, 19.9087824970001], [83.9954814280001, 19.9086560170001], [83.9956130750001, 19.908621107], [83.9957685780001, 19.908813358], [83.995896486, 19.9086977650001], [83.995760359, 19.908564825], [83.9956385670001, 19.908466861], [83.995605276, 19.9085458070001], [83.995566135, 19.9085686380001], [83.9954790740001, 19.908556902], [83.995321415, 19.9088259490001], [83.9953287490001, 19.9090944540001], [83.9953932380001, 19.9090772710001], [83.9954841900001, 19.909174326], [83.9956098200001, 19.909309562], [83.995715847, 19.9093027370001], [83.995691047, 19.9092105770001], [83.9959130010001, 19.909238906], [83.9959499510001, 19.909271426], [83.9960267170001, 19.9092294490001], [83.995962627, 19.908980802], [83.9959149900001, 19.9089836000001], [83.9958613570001, 19.9089487430001], [83.9958383890001, 19.9089752090001], [83.995777805, 19.90896544], [83.995783692, 19.908934876], [83.995685333, 19.9088825790001], [83.995663398, 19.908911403]]], [[[83.995838689, 19.909777886], [83.9958012120001, 19.9097992820001], [83.9957471010001, 19.909777886], [83.9955529900001, 19.9098626200001], [83.9955902170001, 19.9099212530001], [83.9955315290001, 19.9099525890001], [83.995517281, 19.9100468710001], [83.9956043620001, 19.9101867700001], [83.995682404, 19.910139261], [83.9956514620001, 19.910119862], [83.9956402460001, 19.9100896320001], [83.995650245, 19.91006373], [83.9957094970001, 19.9100520710001], [83.995729737, 19.910072907], [83.995715454, 19.9101055670001], [83.9957455890001, 19.9101164950001], [83.9957606840001, 19.9100904700001], [83.9958335750001, 19.91013335], [83.9958141480001, 19.9101621180001], [83.9957829630001, 19.9101672100001], [83.9957491050001, 19.910146024], [83.9957429230001, 19.9101181790001], [83.9957154430001, 19.910108087], [83.9957020030001, 19.91013335], [83.9956832870001, 19.910140106], [83.9956052080001, 19.910190179], [83.995618624, 19.9103242320001], [83.9956775900001, 19.9103421840001], [83.995731295, 19.910377134], [83.9960520700001, 19.9103701400001], [83.9959419950001, 19.9102476040001], [83.9959061200001, 19.910196007], [83.995951249, 19.9101761950001], [83.9959406820001, 19.9101534330001], [83.9960077170001, 19.9101168670001], [83.9959833560001, 19.9100547470001], [83.9959498160001, 19.9100478560001], [83.9959424210001, 19.910025229], [83.995971604, 19.909988878], [83.9959001650001, 19.909815829], [83.995838689, 19.909777886]]], [[[83.9989703700001, 19.909976758], [83.9989541780001, 19.9099441340001], [83.998911385, 19.9099506590001], [83.998905602, 19.909921298], [83.9989241070001, 19.909896286], [83.998772595, 19.9098875870001], [83.9984475950001, 19.9098854120001], [83.998372417, 19.9098984610001], [83.998404801, 19.909948484], [83.9983643210001, 19.909976758], [83.998312275, 19.9099615330001], [83.998301865, 19.909900636], [83.998168858, 19.909900636], [83.998196616, 19.910045267], [83.9982324700001, 19.9100789780001], [83.9982579150001, 19.910114864], [83.998293769, 19.910122476], [83.9983226830001, 19.9101822860001], [83.9983550680001, 19.9102018610001], [83.998387452, 19.9101996860001], [83.9984001750001, 19.9101464010001], [83.9983816690001, 19.9101170390001], [83.998399018, 19.910097465], [83.9986014200001, 19.9102062110001], [83.998623905, 19.9102478350001], [83.9986364490001, 19.9102929520001], [83.998598262, 19.910320084], [83.9986741290001, 19.91034545], [83.9987222460001, 19.910300685], [83.998755568, 19.9103132830001], [83.99875639, 19.9103532890001], [83.9987058, 19.910380849], [83.9986720700001, 19.9103474080001], [83.9986013710001, 19.910323976], [83.998569106, 19.9103621260001], [83.9984578450001, 19.910352308], [83.998444104, 19.9104165730001], [83.998548778, 19.9104496100001], [83.9985626600001, 19.910406617], [83.9986003600001, 19.9103877700001], [83.9986769530001, 19.9104185680001], [83.998644541, 19.910436562], [83.9986373660001, 19.910472801], [83.9986913110001, 19.910478873], [83.998725866, 19.910458668], [83.9987344580001, 19.910407612], [83.9987803670001, 19.9103712420001], [83.9988135940001, 19.91040451], [83.9988187110001, 19.9104475990001], [83.9987577620001, 19.9104639710001], [83.998675909, 19.910555432], [83.998802454, 19.910586934], [83.9988297420001, 19.9105613240001], [83.9989096910001, 19.9105446460001], [83.9989188590001, 19.9104725130001], [83.9988693590001, 19.9104164610001], [83.99888831, 19.910338257], [83.9988831360001, 19.910338257], [83.9988796960001, 19.9103390660001], [83.9988666880001, 19.910332597], [83.9988896620001, 19.910310012], [83.998925156, 19.9103237140001], [83.998910842, 19.9103455430001], [83.9989275190001, 19.91036258], [83.9989983870001, 19.91036258], [83.9991540380001, 19.9102198520001], [83.9991928150001, 19.9101674020001], [83.999263565, 19.9101665040001], [83.9992470170001, 19.910117002], [83.999197377, 19.9101254880001], [83.999177821, 19.9100278980001], [83.9991582650001, 19.9099769810001], [83.999183837, 19.909916164], [83.9989287330001, 19.909894111], [83.9989298900001, 19.9099093360001], [83.998971527, 19.909910423], [83.9990062250001, 19.909931085], [83.9989703700001, 19.909976758]]], [[[83.9991335620001, 19.9107247920001], [83.9993807390001, 19.9106475630001], [83.9994186370001, 19.9106669550001], [83.9994639750001, 19.91064529], [83.9994813800001, 19.910604703], [83.9995465200001, 19.910532915], [83.9996182300001, 19.9105924190001], [83.9996048530001, 19.910613277], [83.9996861450001, 19.9107410140001], [83.9997738260001, 19.9107872720001], [83.999932361, 19.9107201260001], [83.999949434, 19.9106959150001], [83.999997948, 19.9106773090001], [83.999927293, 19.9105580930001], [83.9998848380001, 19.910571309], [83.9998784160001, 19.9106039550001], [83.9998410920001, 19.910614976], [83.9998113780001, 19.9105787880001], [83.9998419340001, 19.9105523440001], [83.9998830380001, 19.91057048], [83.999926079, 19.9105548050001], [83.9998450000001, 19.9104222140001], [83.9997924770001, 19.9104474380001], [83.999777216, 19.9105182490001], [83.9997273870001, 19.910521467], [83.9996919050001, 19.910483255], [83.999618056, 19.91048011], [83.999597683, 19.910446699], [83.999483185, 19.910334999], [83.999524508, 19.910285624], [83.9995770210001, 19.910317192], [83.9996011260001, 19.910397324], [83.9996699970001, 19.9104256540001], [83.9997035710001, 19.9104442710001], [83.9997027100001, 19.9104636970001], [83.999742311, 19.910487979], [83.9997801900001, 19.910421607], [83.9998077380001, 19.9103673750001], [83.999702524, 19.910254181], [83.9996759460001, 19.910256104], [83.9996657240001, 19.9102282310001], [83.9997178570001, 19.9102003580001], [83.9997301240001, 19.910153263], [83.99964119, 19.910147496], [83.999647323, 19.9101100120001], [83.999680342, 19.910078635], [83.9994952590001, 19.9100090960001], [83.999399892, 19.910133821], [83.999370651, 19.910110923], [83.999338203, 19.9101483590001], [83.999369217, 19.9102009440001], [83.999325765, 19.9102034090001], [83.9992580670001, 19.910246816], [83.999175865, 19.910250562], [83.9991550130001, 19.910223188], [83.9989144190001, 19.9104494760001], [83.99894414, 19.910542746], [83.9991335620001, 19.9107247920001]]], [[[83.999897547, 19.9101621940001], [83.9997445010001, 19.9101020360001], [83.999707501, 19.910254437], [83.9998196340001, 19.910374828], [84.0000074960001, 19.910687738], [83.999978668, 19.9107450500001], [83.9999444490001, 19.910726574], [83.999770729, 19.9108010190001], [83.9998533040001, 19.9108611730001], [83.999889624, 19.910841018], [83.9999364990001, 19.9108712890001], [84.000148777, 19.9107103430001], [84.0000736280001, 19.910699562], [84.000076381, 19.9106386830001], [84.000135341, 19.91056939], [84.0002271210001, 19.9106333880001], [84.0003290980001, 19.91056523], [84.0002840510001, 19.9105476070001], [84.000272173, 19.9104870780001], [84.000346768, 19.9104546560001], [84.0002400000001, 19.9103697], [84.0001454200001, 19.910277325], [84.000099027, 19.910271176], [84.0000906660001, 19.9103362550001], [83.999952985, 19.9103519180001], [83.9999334540001, 19.910312365], [84.0000085290001, 19.9102497330001], [83.999897547, 19.9101621940001]]], [[[83.9962485250001, 19.9106939930001], [83.9962184, 19.9105346000001], [83.996176597, 19.910391018], [83.9961133, 19.9104225780001], [83.996081652, 19.9103955260001], [83.9958792950001, 19.9104748770001], [83.9959425920001, 19.910583984], [83.996040414, 19.9105578350001], [83.9961075460001, 19.910722848], [83.9962485250001, 19.9106939930001]]], [[[83.9990988800001, 19.9106980890001], [83.998969317, 19.910572175], [83.998869299, 19.910634718], [83.9988733850001, 19.9106667390001], [83.9987710600001, 19.910717311], [83.998763253, 19.9107494300001], [83.9987422030001, 19.9107494300001], [83.9987158220001, 19.9107086700001], [83.9987420590001, 19.9106827640001], [83.998640853, 19.9105855290001], [83.998493953, 19.910584301], [83.998407129, 19.9106482610001], [83.9983653740001, 19.9105929020001], [83.9984468530001, 19.910548696], [83.998381571, 19.910492316], [83.9982555440001, 19.9105401090001], [83.9983492110001, 19.9106753670001], [83.9982463530001, 19.9107296600001], [83.998333642, 19.9108832580001], [83.9984774600001, 19.910860907], [83.998654124, 19.910875805], [83.9987566030001, 19.9109402710001], [83.9990848300001, 19.9108482550001], [83.999053211, 19.910751992], [83.9990988800001, 19.9106980890001]]], [[[84.000626971, 19.910902833], [84.000552552, 19.9107541810001], [84.000494809, 19.910794437], [84.000501425, 19.9108348070001], [84.0003589340001, 19.9108912310001], [84.0003263780001, 19.910850699], [84.000447023, 19.9107714190001], [84.0004932590001, 19.910792997], [84.0005539850001, 19.9107470050001], [84.0004758010001, 19.9106014010001], [84.00034471, 19.910591464], [83.9999758210001, 19.9108637150001], [84.0000323370001, 19.910944971], [84.000112674, 19.910872398], [84.0001680610001, 19.911001836], [84.0001525980001, 19.911019379], [84.00016342, 19.9110457350001], [84.0002222090001, 19.9110325510001], [84.000231404, 19.9109945330001], [84.000280785, 19.910979938], [84.0003040540001, 19.911001836], [84.0002918390001, 19.9110354800001], [84.0002856560001, 19.911036944], [84.0002207200001, 19.911063332], [84.000216149, 19.911105949], [84.0002833200001, 19.9112226940001], [84.0003222060001, 19.911213794], [84.0003565370001, 19.911225662], [84.0003720060001, 19.911210828], [84.0003608470001, 19.911172332], [84.0004118080001, 19.911132465], [84.000447879, 19.911169375], [84.0003646540001, 19.9112732340001], [84.000322554, 19.9112777020001], [84.000352697, 19.911471829], [84.0004234950001, 19.9113882950001], [84.0005109510001, 19.911377854], [84.000519281, 19.9114287570001], [84.000608125, 19.911418315], [84.000717792, 19.9112029550001], [84.0006997450001, 19.911075044], [84.000626971, 19.910902833]]], [[[84.0003251740001, 20.2630417560001], [84.0002166680001, 20.2631850130001], [84.0000592090001, 20.2634132210001], [84.000232376, 20.263514156], [84.000184845, 20.263576082], [84.0001425090001, 20.2635612240001], [84.000116683, 20.2636012080001], [84.0003407550001, 20.2637598210001], [84.0003655090001, 20.2637592040001], [84.000397144, 20.263780517], [84.0004031460001, 20.2637821870001], [84.0004160180001, 20.263799297], [84.0004202420001, 20.26382941], [84.000510879, 20.263892856], [84.0006488800001, 20.2637165670001], [84.0006437040001, 20.2637042690001], [84.0006524630001, 20.263655543], [84.0006797820001, 20.263625554], [84.0007079800001, 20.263630714], [84.000775226, 20.2635480710001], [84.0008837560001, 20.2634001330001], [84.000978284, 20.2633110460001], [84.00092957, 20.2632957640001], [84.0009087780001, 20.263301014], [84.0008434840001, 20.2632859600001], [84.000792458, 20.2633079350001], [84.0007770970001, 20.2632798500001], [84.000771403, 20.263247972], [84.0003251740001, 20.2630417560001]]], [[[84.0001107350001, 20.264203943], [84.0000917340001, 20.2642217810001], [83.9997778110001, 20.263967703], [83.999624215, 20.2641243900001], [84.000291766, 20.2648387130001], [84.0003748930001, 20.264759316], [84.0004438180001, 20.2646388250001], [84.0004652590001, 20.264535907], [84.00042454, 20.2644675240001], [84.0001107350001, 20.264203943]]], [[[83.9987679180001, 20.264680109], [83.9987909430001, 20.264639597], [83.9987837840001, 20.2646199590001], [83.9988084020001, 20.2646038390001], [83.9988425430001, 20.2646207930001], [83.9988175340001, 20.264645699], [83.9987926900001, 20.2646404600001], [83.9987687720001, 20.2646809870001], [83.9988969440001, 20.264748648], [83.9990957470001, 20.2645178220001], [83.9990766170001, 20.2644542730001], [83.999030265, 20.2644602500001], [83.998988829, 20.26445475], [83.9989842430001, 20.2644108760001], [83.9987927860001, 20.2643041760001], [83.998608801, 20.264592228], [83.9987679180001, 20.264680109]]], [[[83.9954578250001, 20.2653368700001], [83.995980338, 20.265413165], [83.9959980530001, 20.265536115], [83.9960872890001, 20.2656021560001], [83.996266645, 20.2656583020001], [83.9963485630001, 20.2656640160001], [83.9964963950001, 20.265699593], [83.9965444040001, 20.2657342140001], [83.9966766040001, 20.2657836010001], [83.996656128, 20.2653559030001], [83.99648776, 20.2653149450001], [83.9963422000001, 20.2652585870001], [83.9960590320001, 20.2651648240001], [83.995916181, 20.265026662], [83.995784433, 20.2649296160001], [83.9956893840001, 20.2647361680001], [83.9954194890001, 20.265293598], [83.9954578250001, 20.2653368700001]]], [[[83.9983995380001, 20.2655017480001], [83.998399889, 20.2655269410001], [83.9983072300001, 20.265557315], [83.998252575, 20.265433635], [83.9981059560001, 20.265524542], [83.9982259020001, 20.265844046], [83.998347542, 20.265807879], [83.9984366720001, 20.2657589350001], [83.998601271, 20.2656903110001], [83.998530352, 20.2655214010001], [83.9984943430001, 20.26544161], [83.9983995380001, 20.2655017480001]]], [[[84.0045418180001, 20.2755868130001], [84.004552157, 20.2756083680001], [84.004529125, 20.275640529], [84.004498885, 20.275665474], [84.0044672510001, 20.2756659830001], [84.0044591050001, 20.2756244660001], [84.0045056110001, 20.2755777150001], [84.004538858, 20.275584962], [84.004560773, 20.275576346], [84.0045851610001, 20.2755649700001], [84.0046224690001, 20.275576673], [84.0046708770001, 20.275555135], [84.0046352270001, 20.275547137], [84.0046060620001, 20.2755436310001], [84.0045981660001, 20.275509899], [84.0045897840001, 20.2754863760001], [84.0045247260001, 20.2753969190001], [84.004473218, 20.275414821], [84.004481174, 20.2753884210001], [84.004409416, 20.2753689460001], [84.004354311, 20.2754345810001], [84.00425576, 20.275411939], [84.0042155770001, 20.275443501], [84.0041758990001, 20.2754727810001], [84.00415775, 20.2754773790001], [84.0041426650001, 20.2754552330001], [84.004151269, 20.275417922], [84.004191383, 20.2754279970001], [84.0042416420001, 20.2753922800001], [84.004142948, 20.275345901], [84.0039917660001, 20.275566124], [84.0040362190001, 20.275582338], [84.0040710950001, 20.2755620940001], [84.0041618010001, 20.275612935], [84.0041254800001, 20.275678047], [84.0042799000001, 20.275764925], [84.0045032580001, 20.275818493], [84.004636218, 20.2757172670001], [84.004676445, 20.2755733880001], [84.0046389020001, 20.2756080720001], [84.0045867570001, 20.275608822], [84.0045655550001, 20.2755763000001], [84.0045418180001, 20.2755868130001]]], [[[84.027771295, 19.7108922240001], [84.0278001820001, 19.710856376], [84.0277594770001, 19.710757486], [84.027660998, 19.7108192920001], [84.027611101, 19.710900876], [84.027524439, 19.7109799880001], [84.0275270650001, 19.7111134900001], [84.027953811, 19.711338465], [84.028149458, 19.7114076880001], [84.0282059190001, 19.711375548], [84.028254502, 19.71123463], [84.028204606, 19.711129559], [84.0282387450001, 19.7110739340001], [84.0280325940001, 19.7106264560001], [84.027762103, 19.710752542], [84.0278054340001, 19.710857612], [84.0278605830001, 19.7108403070001], [84.0278776530001, 19.710914474], [84.0278067470001, 19.7109280710001], [84.027771295, 19.7108922240001]]], [[[84.0316821820001, 19.7130182540001], [84.031678087, 19.7129668590001], [84.0317449660001, 19.712942447], [84.0317176680001, 19.7128833420001], [84.0317094790001, 19.712808819], [84.0316862760001, 19.7127304420001], [84.0315961950001, 19.712744576], [84.031566168, 19.712825523], [84.0312822770001, 19.7127792680001], [84.031123952, 19.7128152440001], [84.0310652630001, 19.7129013310001], [84.031147155, 19.712946301], [84.031163533, 19.713033673], [84.0311225870001, 19.713068365], [84.0312317770001, 19.7132058460001], [84.0312986550001, 19.713149312], [84.0313873710001, 19.713185288], [84.03140102, 19.713237968], [84.0314856420001, 19.713302212], [84.031750426, 19.7134050020001], [84.0319688050001, 19.7131390320001], [84.0318009250001, 19.7129321670001], [84.0317900060001, 19.7130002660001], [84.0318391420001, 19.7130580850001], [84.0318173040001, 19.7130747890001], [84.0316821820001, 19.7130182540001]]], [[[84.0301088000001, 19.7135869000001], [84.0301250000001, 19.7136268], [84.0302081090001, 19.7137499290001], [84.0302050280001, 19.713832586], [84.0302558610001, 19.7140095010001], [84.030533135, 19.7139398950001], [84.0305226250001, 19.713850329], [84.030430514, 19.7138060120001], [84.030400705, 19.7137205080001], [84.0304177740001, 19.713661045], [84.0304853690001, 19.71360266], [84.0305254200001, 19.7136099100001], [84.0307842080001, 19.713393841], [84.0306409500001, 19.7132140260001], [84.03071951, 19.713127018], [84.0306501920001, 19.71302841], [84.030497692, 19.7128123410001], [84.030423752, 19.7127978400001], [84.0303590550001, 19.7128877480001], [84.0301588030001, 19.713074814], [84.0300972000001, 19.71319163], [84.0302158110001, 19.7133728960001], [84.0301079820001, 19.713513558], [84.0301088000001, 19.7135869000001]]], [[[84.031278086, 19.7140889130001], [84.031262031, 19.7139422870001], [84.0311753940001, 19.713957888], [84.0311409750001, 19.7137727580001], [84.0311528720001, 19.7136767590001], [84.0310917690001, 19.7136149890001], [84.0309576370001, 19.7136119040001], [84.030913012, 19.71383952], [84.0309479640001, 19.7138333030001], [84.0309825350001, 19.7138924160001], [84.0309239520001, 19.7139438460001], [84.030867674, 19.713898645], [84.0309063620001, 19.71383952], [84.030904918, 19.7138084490001], [84.030785113, 19.713827087], [84.0308016020001, 19.7142243760001], [84.030733201, 19.7142289080001], [84.0306329780001, 19.714375396], [84.0307965000001, 19.7144312610001], [84.0307068260001, 19.7145851980001], [84.030724621, 19.7146397600001], [84.030987526, 19.71458147], [84.030993617, 19.714534648], [84.0310626410001, 19.7145537590001], [84.031045384, 19.714620649], [84.0310230520001, 19.714637849], [84.0309885410001, 19.7145843370001], [84.0307276660001, 19.714641671], [84.0309613110001, 19.7148173190001], [84.0310357450001, 19.7147619150001], [84.0311517220001, 19.715009606], [84.031281548, 19.714919981], [84.0312071150001, 19.7148385030001], [84.0312988580001, 19.7145451850001], [84.0313300160001, 19.71438549], [84.0314165670001, 19.714326826], [84.0314690000001, 19.7143144], [84.0315740880001, 19.714220905], [84.031515234, 19.714144317], [84.0314096420001, 19.714172019], [84.0314234900001, 19.7142160170001], [84.031368098, 19.7142583850001], [84.031317899, 19.7142681620001], [84.0312988580001, 19.7142192760001], [84.0313802150001, 19.714183426], [84.031278086, 19.7140889130001]]], [[[84.0319395600001, 19.715286635], [84.031959391, 19.7154198280001], [84.032075165, 19.715349385], [84.0321123100001, 19.715373814], [84.032066365, 19.715463024], [84.0320944580001, 19.715522036], [84.0321738820001, 19.7155106120001], [84.0322234870001, 19.715437283], [84.0322750620001, 19.7154733450001], [84.0322656490001, 19.7155699890001], [84.032446721, 19.7156393110001], [84.0325626480001, 19.715538682], [84.0326824520001, 19.7153809540001], [84.0329324990001, 19.715513393], [84.032999853, 19.7154416450001], [84.0330027800001, 19.715311215], [84.0330271560001, 19.7152759200001], [84.0330282570001, 19.715145282], [84.032932341, 19.7151115300001], [84.0329016640001, 19.7150663470001], [84.0329276410001, 19.7149692790001], [84.032987329, 19.714981505], [84.0331287960001, 19.7150700080001], [84.033212351, 19.7151415430001], [84.033261215, 19.715054002], [84.0332559970001, 19.714893299], [84.033320056, 19.714784352], [84.0330689210001, 19.7147102930001], [84.0330507480001, 19.714816926], [84.032909513, 19.7148054100001], [84.0327886600001, 19.7147291960001], [84.0326755520001, 19.7147188760001], [84.0326005000001, 19.7146449000001], [84.0325597840001, 19.7146916310001], [84.0324525920001, 19.714634113], [84.032596229, 19.7144978860001], [84.032320745, 19.7143606500001], [84.0321961000001, 19.7144924], [84.0321768000001, 19.7145069000001], [84.0322382080001, 19.7146119130001], [84.0322446390001, 19.714672459], [84.0322272400001, 19.714752785], [84.0320278630001, 19.714878921], [84.0319131670001, 19.714981848], [84.0318584980001, 19.715131194], [84.031871009, 19.715195458], [84.0319395600001, 19.715286635]]], [[[84.0324659950001, 19.715965818], [84.0323981990001, 19.715886734], [84.032267028, 19.715920033], [84.03225229, 19.715985242], [84.0321505960001, 19.7161642200001], [84.0320503760001, 19.716203067], [84.0318823590001, 19.716160057], [84.031774769, 19.716351521], [84.0319391, 19.7164167], [84.031991422, 19.716380658], [84.0322463950001, 19.716386207], [84.0324645210001, 19.7161989050001], [84.032430623, 19.7161878060001], [84.0324203060001, 19.716092073], [84.03249105, 19.7161059470001], [84.032542634, 19.7160837490001], [84.0325441080001, 19.716036576], [84.0324881020001, 19.7160393510001], [84.0324659950001, 19.715965818]]], [[[84.0310663000001, 19.7172739000001], [84.0311792830001, 19.7175732370001], [84.0312646180001, 19.7174918800001], [84.0313574740001, 19.717111689], [84.0311752250001, 19.7170490660001], [84.0310663000001, 19.7172739000001]]], [[[84.033475319, 19.7221241460001], [84.0335119540001, 19.7222052290001], [84.0335931860001, 19.7222612850001], [84.0336934680001, 19.7222371930001], [84.0337820840001, 19.7222612850001], [84.033738833, 19.721754011], [84.0336832680001, 19.721759519], [84.0336507960001, 19.7216901630001], [84.0337025060001, 19.7216468180001], [84.0337033390001, 19.721582454], [84.0335669550001, 19.7215523290001], [84.0331342850001, 19.7213768230001], [84.0331381880001, 19.721152773], [84.0330604330001, 19.720900966], [84.032663277, 19.7207839020001], [84.0323083800001, 19.7207930230001], [84.032027643, 19.7207475160001], [84.031985524, 19.720777066], [84.031898218, 19.7213351090001], [84.0318727920001, 19.721529645], [84.031938757, 19.7217067230001], [84.0321064680001, 19.721678948], [84.0322512130001, 19.7216701580001], [84.03238881, 19.721758492], [84.032447317, 19.7218789350001], [84.0325897270001, 19.7219932130001], [84.033142389, 19.72223093], [84.0332195070001, 19.7220908690001], [84.0334675820001, 19.7221221830001], [84.033475319, 19.7221241460001]]], [[[84.027738361, 19.7251546040001], [84.027757878, 19.725077175], [84.027449242, 19.7249390850001], [84.0274171890001, 19.725068541], [84.0272236540001, 19.7249874130001], [84.0271820830001, 19.725023508], [84.027252316, 19.7252055540001], [84.0271500000001, 19.7252317000001], [84.0271477300001, 19.725317358], [84.0273441740001, 19.725304787], [84.027805561, 19.72544987], [84.0280203980001, 19.725319647], [84.0279298630001, 19.7252616480001], [84.0279225130001, 19.725164524], [84.027872443, 19.7251977600001], [84.027738361, 19.7251546040001]]], [[[84.0269347560001, 19.7262222030001], [84.0269650370001, 19.726072539], [84.0269890430001, 19.7260127540001], [84.026967847, 19.725964133], [84.0270787410001, 19.725773406], [84.0270284700001, 19.725547438], [84.026871541, 19.7254688130001], [84.026793077, 19.725385422], [84.0265614800001, 19.725701115], [84.0266880360001, 19.7258154790001], [84.026565743, 19.726048592], [84.0269347560001, 19.7262222030001]]], [[[84.027136376, 19.7263529270001], [84.0275421360001, 19.726527397], [84.0276097620001, 19.726483779], [84.0275782350001, 19.726443424], [84.0276235530001, 19.7264205710001], [84.0276706070001, 19.726448239], [84.0275458930001, 19.726527397], [84.0275919320001, 19.726572764], [84.0277164540001, 19.7265776200001], [84.0278683210001, 19.7264711330001], [84.027898124, 19.7263701750001], [84.0277896000001, 19.7262427000001], [84.0278682580001, 19.7259612770001], [84.0276295510001, 19.725859031], [84.0275198560001, 19.725767832], [84.0274363250001, 19.72594846], [84.0271977410001, 19.7258472], [84.0270462080001, 19.72583659], [84.026971067, 19.725962727], [84.026993609, 19.7260122380001], [84.026968562, 19.726073539], [84.026938505, 19.7262220740001], [84.0270349360001, 19.726284553], [84.027142638, 19.7262491880001], [84.0271564130001, 19.7263045940001], [84.027136376, 19.7263529270001]]], [[[84.016389685, 19.7620402700001], [84.016581714, 19.7619677060001], [84.0167211350001, 19.7619772250001], [84.016773024, 19.7620632920001], [84.0169695060001, 19.7616308290001], [84.0169436470001, 19.7615501610001], [84.016393061, 19.761403333], [84.0161584260001, 19.7616216280001], [84.016013877, 19.761782908], [84.016032221, 19.7619107780001], [84.0162357620001, 19.762150085], [84.016298475, 19.7621017760001], [84.0163683690001, 19.7621500860001], [84.016389685, 19.7620402700001]]], [[[84.0171109710001, 19.762535438], [84.0171238400001, 19.7625576520001], [84.017117296, 19.762608411], [84.0171379780001, 19.762639472], [84.0172093240001, 19.762669369], [84.0172774850001, 19.7625527120001], [84.0172399590001, 19.7625292750001], [84.0172347330001, 19.7625095760001], [84.0172628600001, 19.7624617020001], [84.0173078930001, 19.7624653770001], [84.0173099070001, 19.7623823540001], [84.017439245, 19.7621702440001], [84.017371595, 19.7621321020001], [84.0173128740001, 19.7620715790001], [84.017327907, 19.7620538400001], [84.017226657, 19.761986687], [84.0172027720001, 19.762006673], [84.017163704, 19.762013735], [84.017148585, 19.761985512], [84.0171837920001, 19.7619444800001], [84.0171272950001, 19.7618977710001], [84.0169713780001, 19.7620976470001], [84.0170315130001, 19.762207317], [84.0169620390001, 19.762301139], [84.016993572, 19.762355622], [84.0169326710001, 19.7624311180001], [84.0170555620001, 19.762520653], [84.0171109710001, 19.762535438]]], [[[84.019753445, 19.7628648740001], [84.020020103, 19.7622346410001], [84.019641328, 19.7620335930001], [84.019368608, 19.762715158], [84.019753445, 19.7628648740001]]], [[[84.0209767870001, 19.762673525], [84.02140402, 19.763027639], [84.0214507860001, 19.7629674470001], [84.0213783130001, 19.7629425970001], [84.0213737230001, 19.762896975], [84.0213842430001, 19.7628566650001], [84.0214219760001, 19.762868843], [84.0214076830001, 19.7629018850001], [84.021423478, 19.7629339310001], [84.0214551490001, 19.762941358], [84.0215839560001, 19.7627354700001], [84.021478481, 19.7627094970001], [84.0214567990001, 19.7626359440001], [84.02116642, 19.7625052670001], [84.0212334450001, 19.762413988], [84.0211867020001, 19.7623256860001], [84.0212172000001, 19.762288536], [84.0211749370001, 19.7621834290001], [84.0208757610001, 19.7620104860001], [84.0208448640001, 19.7621604660001], [84.0208286020001, 19.7621864830001], [84.0207656060001, 19.7622741800001], [84.0206647830001, 19.762392022], [84.020618707, 19.762399164], [84.0205130050001, 19.762337437], [84.020530351, 19.7623068290001], [84.020634763, 19.7623761630001], [84.0207443450001, 19.762271178], [84.020822335, 19.7621541140001], [84.0208549130001, 19.76199803], [84.02079568, 19.761955292], [84.0205473380001, 19.7622749490001], [84.0205767910001, 19.7623021430001], [84.020597459, 19.762277886], [84.0206751270001, 19.762277886], [84.0206764900001, 19.7623261700001], [84.0206099100001, 19.7623340000001], [84.0205461420001, 19.762277886], [84.0205031, 19.76234966], [84.0207358000001, 19.7625070720001], [84.0207697010001, 19.762446733], [84.020744644, 19.7624002650001], [84.0208043380001, 19.762388474], [84.0208242360001, 19.762449507], [84.0207704380001, 19.76244812], [84.020738748, 19.7625091530001], [84.0209767870001, 19.762673525]]], [[[84.0182871430001, 19.762724086], [84.01820774, 19.7627097770001], [84.0181418540001, 19.7627113670001], [84.0181722630001, 19.7627940420001], [84.018295589, 19.7628862560001], [84.0184814240001, 19.7628798970001], [84.0184206050001, 19.762844919], [84.0184763560001, 19.762798812], [84.0185304170001, 19.7628655880001], [84.01869091, 19.762814711], [84.018727949, 19.7627507350001], [84.0199436280001, 19.762967696], [84.020172953, 19.7630865780001], [84.0202861430001, 19.762967335], [84.020336823, 19.7627320280001], [84.0204398760001, 19.7624903610001], [84.020225318, 19.7623345530001], [84.0200631380001, 19.7627829080001], [84.0199415020001, 19.7629657470001], [84.018729766, 19.762747935], [84.0186216450001, 19.7625587370001], [84.018310795, 19.7623202520001], [84.0182077410001, 19.762280504], [84.0181097560001, 19.762407696], [84.0180202170001, 19.7624029250001], [84.0180725880001, 19.76265254], [84.0182313920001, 19.762647771], [84.0182972790001, 19.7626032540001], [84.01835134, 19.7626573110001], [84.0182871430001, 19.762724086]]], [[[84.0312547510001, 19.8341434610001], [84.0313070710001, 19.8341475620001], [84.031404443, 19.834080574], [84.031230045, 19.83396437], [84.0311980720001, 19.833849534], [84.0308986890001, 19.834117486], [84.0309989670001, 19.834293842], [84.0312547510001, 19.8341434610001]]], [[[84.030891807, 19.834120784], [84.030562817, 19.8343735670001], [84.0305618290001, 19.834371708], [84.0305988590001, 19.8344625830001], [84.0307677530001, 19.8346703120001], [84.0309961030001, 19.834522023], [84.031071415, 19.8344249370001], [84.030891807, 19.834120784]]], [[[84.031557429, 19.8344323650001], [84.031576026, 19.834396143], [84.0316627080001, 19.8343351610001], [84.0316303500001, 19.83422482], [84.031568732, 19.8341908560001], [84.0314984450001, 19.834178513], [84.0314599660001, 19.834145618], [84.0314249090001, 19.8341805700001], [84.031433749, 19.834218643], [84.0314129010001, 19.834233059], [84.0313722430001, 19.8342083490001], [84.0313722180001, 19.8341744000001], [84.031410613, 19.8341589780001], [84.0314227100001, 19.834178513], [84.031458861, 19.8341415080001], [84.0314006610001, 19.834090173], [84.0313052720001, 19.8341538390001], [84.0312548040001, 19.8341487010001], [84.0311943940001, 19.8341887990001], [84.0311711250001, 19.834299033], [84.031221659, 19.8343279330001], [84.031075091, 19.834418907], [84.031224401, 19.834776665], [84.0313217610001, 19.8347463740001], [84.0313714920001, 19.8346952470001], [84.0313814030001, 19.834653562], [84.0315026790001, 19.8345609780001], [84.031521389, 19.8345443580001], [84.031495954, 19.8345163290001], [84.0315090650001, 19.834469659], [84.031557429, 19.8344323650001]]], [[[84.0309691890001, 19.835019032], [84.031025807, 19.8352033900001], [84.031032306, 19.835338257], [84.0311377250001, 19.8353346800001], [84.0311965910001, 19.835298031], [84.031212559, 19.8349932520001], [84.0309691890001, 19.835019032]]], [[[84.0302512380001, 19.835455213], [84.030425854, 19.8354682900001], [84.0304588810001, 19.835460814], [84.030453401, 19.8354272880001], [84.0304815150001, 19.835423575], [84.0304831940001, 19.835458013], [84.0306286790001, 19.8354365820001], [84.030609354, 19.835347959], [84.0307525370001, 19.8353224630001], [84.0310285150001, 19.835334292], [84.03102254, 19.835205043], [84.0309480120001, 19.834956796], [84.0306099580001, 19.835081158], [84.0302881220001, 19.835190659], [84.0304208040001, 19.83526878], [84.030276251, 19.835353459], [84.0301887350001, 19.8352624560001], [84.0301262200001, 19.835284168], [84.0302512380001, 19.835455213]]], [[[84.032286136, 19.835468426], [84.032360963, 19.835495162], [84.032456299, 19.835535011], [84.0326031230001, 19.835618858], [84.032653585, 19.835619045], [84.0326817970001, 19.835605979], [84.0326936480001, 19.835533549], [84.0325985580001, 19.8354326140001], [84.0320999470001, 19.8350807520001], [84.0320189440001, 19.835102229], [84.031963256, 19.835076686], [84.0319203970001, 19.835106023], [84.0318428690001, 19.8350904530001], [84.0317921390001, 19.835058051], [84.031666204, 19.8351881040001], [84.031622176, 19.835336548], [84.0317104690001, 19.835365011], [84.0317002880001, 19.8354253570001], [84.0316960530001, 19.835501016], [84.031781961, 19.835507853], [84.0322228950001, 19.8355791820001], [84.032254299, 19.8355487330001], [84.032286136, 19.835468426]]], [[[84.0313915550001, 19.8357834400001], [84.031402638, 19.835786973], [84.0313962440001, 19.8358144040001], [84.0313803160001, 19.8358127390001], [84.031383179, 19.83583015], [84.0314320240001, 19.8358486860001], [84.031486096, 19.8357227450001], [84.031523383, 19.8354483540001], [84.0313341680001, 19.8354108130001], [84.0312855670001, 19.8358084130001], [84.0313808070001, 19.835807281], [84.0313915550001, 19.8357834400001]]], [[[84.0331247010001, 19.8358224300001], [84.0330791760001, 19.8356933960001], [84.03300319, 19.83567393], [84.032930304, 19.8356695210001], [84.0328917780001, 19.835677982], [84.032865804, 19.8357028840001], [84.0328111950001, 19.835656177], [84.0326542860001, 19.8359711460001], [84.0327823170001, 19.8360094820001], [84.0328249250001, 19.835988436], [84.032845362, 19.8359827950001], [84.032988586, 19.8360392490001], [84.0331263080001, 19.835877839], [84.0331247010001, 19.8358224300001]]], [[[84.0285304810001, 19.83596527], [84.02849236, 19.835762683], [84.028257448, 19.8358222300001], [84.028270112, 19.836027044], [84.0283551080001, 19.8360078270001], [84.028361589, 19.835983297], [84.02837759, 19.8359609720001], [84.0284085380001, 19.8359465780001], [84.0284328770001, 19.8359434290001], [84.028463608, 19.8359438850001], [84.0284880570001, 19.8359576770001], [84.0285304810001, 19.83596527]]], [[[84.0303282120001, 19.8364157130001], [84.0304546470001, 19.836454396], [84.0308872460001, 19.8364506360001], [84.0308794170001, 19.8363149100001], [84.0306815170001, 19.8363024240001], [84.030579791, 19.836299351], [84.0303446660001, 19.8362632930001], [84.0303427900001, 19.8363596720001], [84.0303282120001, 19.8364157130001]]], [[[84.031763561, 19.836899326], [84.0317896010001, 19.836903245], [84.0317979340001, 19.8369326390001], [84.032210417, 19.8368944260001], [84.032200001, 19.8368072220001], [84.0321781270001, 19.8367601910001], [84.0321885430001, 19.836743534], [84.0322020840001, 19.836521116], [84.0320343820001, 19.836493681], [84.0317093960001, 19.836507399], [84.031703147, 19.8365769660001], [84.0317698100001, 19.836575006], [84.031777102, 19.8365426720001], [84.0318083500001, 19.836543652], [84.0318291830001, 19.8366543720001], [84.0317760600001, 19.836656331], [84.0317708520001, 19.8366984630001], [84.0317146040001, 19.836700423], [84.0317510610001, 19.836812122], [84.031763561, 19.836899326]]], [[[84.0322207930001, 19.836897879], [84.032100966, 19.83691449], [84.032109796, 19.8370141550001], [84.032138806, 19.8370141550001], [84.0321413290001, 19.8369678820001], [84.0321779080001, 19.8369678820001], [84.0322195320001, 19.837029579], [84.032162772, 19.837050936], [84.032138806, 19.8370177140001], [84.032112318, 19.8370177140001], [84.0321249310001, 19.8372134850001], [84.0323216990001, 19.837224163], [84.0323368350001, 19.8372075520001], [84.032491979, 19.8372265360001], [84.032484411, 19.837156534], [84.032391073, 19.8371553470001], [84.0323961180001, 19.837106701], [84.032469275, 19.8370592420001], [84.0325361260001, 19.837111447], [84.0325285580001, 19.8371446690001], [84.032488195, 19.837156534], [84.0324970250001, 19.83722535], [84.032695054, 19.8372265360001], [84.0326887470001, 19.8369488980001], [84.0325865790001, 19.8369488980001], [84.0325663980001, 19.8369595770001], [84.032529819, 19.8369441520001], [84.032401163, 19.8369263550001], [84.032379721, 19.8369583900001], [84.032307825, 19.8369536440001], [84.0322989950001, 19.836920423], [84.0322207930001, 19.836897879]]], [[[84.0171176710001, 19.8689700140001], [84.0168247890001, 19.8688891940001], [84.0167791900001, 19.8691646410001], [84.0171130400001, 19.869265919], [84.017167435, 19.869140541], [84.0171176710001, 19.8689700140001]]], [[[84.0174928960001, 19.8694857450001], [84.0173004760001, 19.8692959900001], [84.0171463280001, 19.8695253430001], [84.017317275, 19.869700424], [84.0175432010001, 19.869536054], [84.0174928960001, 19.8694857450001]]], [[[84.017691288, 19.8697201210001], [84.0175490340001, 19.8695369320001], [84.0172900650001, 19.869726148], [84.0173874380001, 19.869855155], [84.017691288, 19.8697201210001]]], [[[84.0170923950001, 19.869647108], [84.0170706630001, 19.8696481220001], [84.0168920990001, 19.8698218260001], [84.016983231, 19.8698982880001], [84.01706719, 19.8699867610001], [84.017186366, 19.8699450400001], [84.017305085, 19.8698982880001], [84.0170923950001, 19.869647108]]], [[[84.0175281910001, 19.870592028], [84.017412892, 19.870422476], [84.0173290380001, 19.870231237], [84.0171351270001, 19.8703298140001], [84.0171602830001, 19.8704293770001], [84.0172326060001, 19.87054964], [84.0173720130001, 19.870671875], [84.017416037, 19.8706570890001], [84.0175281910001, 19.870592028]]], [[[84.0181844670001, 19.8706139940001], [84.0182233520001, 19.870592727], [84.0179905300001, 19.870514432], [84.017800628, 19.870399309], [84.0177653850001, 19.870453883], [84.017837769, 19.870589062], [84.0178282580001, 19.8706235330001], [84.0180519880001, 19.8706977860001], [84.0180839860001, 19.87068012], [84.018080055, 19.8706426250001], [84.0181844670001, 19.8706139940001]]], [[[84.0171292890001, 19.8703279490001], [84.0167480470001, 19.870530682], [84.0170249490001, 19.8708751550001], [84.0172120610001, 19.870764378], [84.0173638300001, 19.870671612], [84.017230865, 19.8705526300001], [84.0171577, 19.870430819], [84.0171292890001, 19.8703279490001]]], [[[84.017534105, 19.8705924670001], [84.0174176300001, 19.8706604160001], [84.017629884, 19.870918659], [84.01770708, 19.8709139530001], [84.017764324, 19.8708867180001], [84.017830603, 19.8708970370001], [84.0178937570001, 19.870889531], [84.0179903040001, 19.8706822890001], [84.017825056, 19.8706250060001], [84.0178344170001, 19.8705906640001], [84.0177053990001, 19.8704752370001], [84.017660075, 19.8705753510001], [84.0175861110001, 19.870641329], [84.0176064400001, 19.8706576860001], [84.017628899, 19.8706349770001], [84.0176784380001, 19.8706759030001], [84.0176501380001, 19.8706996500001], [84.0175696690001, 19.870630443], [84.017534105, 19.8705924670001]]], [[[84.0189333930001, 19.872191554], [84.0189824270001, 19.872477044], [84.01913397, 19.872459082], [84.019229045, 19.8724702850001], [84.019292082, 19.8724546220001], [84.0192440930001, 19.8723616], [84.0191694490001, 19.872149795], [84.019141618, 19.8721543780001], [84.0191324300001, 19.872117217], [84.01899518, 19.8721821730001], [84.0189333930001, 19.872191554]]], [[[84.0210476820001, 19.873002732], [84.0210503740001, 19.8729723610001], [84.021077285, 19.8729774220001], [84.0211257270001, 19.8729571750001], [84.021117653, 19.8728837780001], [84.021038263, 19.8728926370001], [84.0208471890001, 19.872967299], [84.0207561220001, 19.8729967370001], [84.020942727, 19.8733216270001], [84.0212239560001, 19.873284928], [84.0212145360001, 19.873152055], [84.0211593670001, 19.872973626], [84.0211270720001, 19.8729609710001], [84.021081322, 19.872979953], [84.0210786310001, 19.8730065280001], [84.0210476820001, 19.873002732]]], [[[84.0190967870001, 19.902318457], [84.0190690950001, 19.902329109], [84.0190489550001, 19.902325558], [84.019040143, 19.9023042540001], [84.0188135670001, 19.9023693500001], [84.01878965, 19.902332659], [84.0186197180001, 19.9023634320001], [84.0186411170001, 19.902461669], [84.018746853, 19.902469954], [84.0187367820001, 19.9025835780001], [84.0187758040001, 19.902629737], [84.018780839, 19.902672346], [84.0190023810001, 19.9026628780001], [84.0192176290001, 19.9026865490001], [84.0191861600001, 19.902629738], [84.01921637, 19.9025374180001], [84.0192214050001, 19.9023776350001], [84.0192755310001, 19.902342128], [84.0192415450001, 19.902312538], [84.0190967870001, 19.902318457]]], [[[84.0306303290001, 19.905101239], [84.0306569370001, 19.9051039440001], [84.0306533410001, 19.905150599], [84.0306403970001, 19.9051796740001], [84.0306168560001, 19.905165588], [84.0306267330001, 19.905101239], [84.0305979680001, 19.905074869], [84.03057999, 19.905077573], [84.0305778330001, 19.9050640500001], [84.030536843, 19.9050660790001], [84.0305253370001, 19.905128962], [84.030579963, 19.9052003740001], [84.030543331, 19.9052811380001], [84.0306355430001, 19.9052728240001], [84.0307075430001, 19.905226504], [84.0307290170001, 19.9052371930001], [84.0307189120001, 19.905288265], [84.030808597, 19.9053203330001], [84.0308452290001, 19.9053025170001], [84.0308641770001, 19.905317957], [84.030816176, 19.905355964], [84.0306645960001, 19.905331022], [84.0306254370001, 19.9054201000001], [84.0307429120001, 19.9054509800001], [84.030779544, 19.9055519350001], [84.030765649, 19.905600631], [84.0308704930001, 19.9056255730001], [84.0308831240001, 19.9055578740001], [84.0308199660001, 19.905542434], [84.0308452290001, 19.9054462300001], [84.0309248090001, 19.9054545430001], [84.0309083880001, 19.905568563], [84.0309399670001, 19.905575689], [84.030953862, 19.9055602490001], [84.030967757, 19.905565], [84.0309184930001, 19.9056350750001], [84.030962704, 19.9056540780001], [84.0310182840001, 19.905575689], [84.0310839690001, 19.9055887540001], [84.0310864950001, 19.9055234300001], [84.030989231, 19.9055222430001], [84.030999336, 19.9054117860001], [84.0308742820001, 19.9053749670001], [84.0309134400001, 19.905354776], [84.0309058610001, 19.9053048930001], [84.0308654400001, 19.905298954], [84.0308730190001, 19.9052728250001], [84.0308035450001, 19.9052348180001], [84.030807334, 19.9051789960001], [84.0308667030001, 19.9051991870001], [84.0308565980001, 19.905231255], [84.0309235460001, 19.90524907], [84.0309513350001, 19.9051647430001], [84.030984178, 19.9051683060001], [84.030961441, 19.905225316], [84.030999336, 19.9052348180001], [84.030994283, 19.905264511], [84.0310397580001, 19.9052740120001], [84.0310624950001, 19.905220565], [84.0311079690001, 19.905228879], [84.0311130220001, 19.9053025170001], [84.031150917, 19.9053132060001], [84.0311635480001, 19.9052716370001], [84.031206496, 19.9052680730001], [84.0312620760001, 19.905146927], [84.0311332320001, 19.905112484], [84.0310991260001, 19.9050626000001], [84.0311016530001, 19.9050340960001], [84.0308591240001, 19.9050044030001], [84.030807334, 19.9051029830001], [84.0307365960001, 19.90508873], [84.0307429120001, 19.9048583150001], [84.0307062800001, 19.9048559390001], [84.0306532270001, 19.9048796930001], [84.030586279, 19.904858314], [84.030526056, 19.9049098850001], [84.030654779, 19.904936256], [84.030645431, 19.9049565400001], [84.030644711, 19.9049565400001], [84.0305785520001, 19.904952483], [84.030584305, 19.9049240850001], [84.030526056, 19.90491259], [84.030536124, 19.9050633740001], [84.0305778330001, 19.9050626980001], [84.0305821480001, 19.9050437650001], [84.0306087550001, 19.90505526], [84.03062098, 19.905009281], [84.0306562170001, 19.905031594], [84.030603721, 19.9050762210001], [84.0306303290001, 19.905101239]]], [[[84.015094758, 19.9437892720001], [84.014831057, 19.9440938590001], [84.015070317, 19.9442704350001], [84.0151265820001, 19.944199573], [84.015106916, 19.9441846820001], [84.015124943, 19.9441626010001], [84.0151462470001, 19.94417852], [84.015071558, 19.9442705050001], [84.015162036, 19.944338837], [84.0152587010001, 19.944226889], [84.0153267530001, 19.9442683240001], [84.0154118180001, 19.9441280250001], [84.0152672070001, 19.944033523], [84.0151921950001, 19.9439680990001], [84.0151767290001, 19.9438634200001], [84.015094758, 19.9437892720001]]], [[[84.0156979180001, 19.944438329], [84.0156906660001, 19.944452509], [84.0158066400001, 19.94451544], [84.0158607220001, 19.944414491], [84.015897807, 19.9443944220001], [84.0159490760001, 19.9444018500001], [84.016057662, 19.944465961], [84.0161976160001, 19.9442543170001], [84.0158658710001, 19.944073631], [84.015682268, 19.944423424], [84.0156979180001, 19.944438329]]], [[[84.0148937480001, 19.944510048], [84.014849392, 19.944520808], [84.014803606, 19.9445302230001], [84.0147649730001, 19.944718525], [84.0148393760001, 19.9448019160001], [84.0148107590001, 19.944898757], [84.0147077390001, 19.944885307], [84.0146447830001, 19.944858406], [84.0146147350001, 19.9449471770001], [84.0146708030001, 19.945014787], [84.0150434270001, 19.945261858], [84.0151807340001, 19.945076935], [84.0151395490001, 19.9450453430001], [84.0150966470001, 19.945082217], [84.0150279540001, 19.945079881], [84.0150199540001, 19.9450367260001], [84.015062545, 19.9449986170001], [84.0151119130001, 19.9450045560001], [84.015135802, 19.9449650870001], [84.0150985240001, 19.9449392660001], [84.015069748, 19.9449386520001], [84.015050128, 19.944893773], [84.0150906760001, 19.944854428], [84.0151194520001, 19.9448605750001], [84.0151089880001, 19.944912216], [84.0151168360001, 19.9449263560001], [84.0151004860001, 19.9449374220001], [84.0151368130001, 19.9449619220001], [84.0151954440001, 19.944996243], [84.015250065, 19.944933663], [84.0151623400001, 19.944869915], [84.0152578540001, 19.944744857], [84.0152049800001, 19.9447103850001], [84.0151742790001, 19.944740848], [84.015138461, 19.9447208070001], [84.0151188470001, 19.9447480630001], [84.015060856, 19.9447087820001], [84.015083029, 19.944672708], [84.015055739, 19.944651063], [84.0151754980001, 19.944507152], [84.0151223280001, 19.9444769560001], [84.01507802, 19.94450507], [84.0150414660001, 19.944482162], [84.015042554, 19.9444037920001], [84.0149309500001, 19.944358062], [84.0148737160001, 19.944383617], [84.0148937480001, 19.944510048]]], [[[84.0169397700001, 19.94515626], [84.0168578160001, 19.945152152], [84.0168425160001, 19.945130582], [84.0168742000001, 19.9450514920001], [84.0168436020001, 19.9450042450001], [84.016340948, 19.9453647830001], [84.016443666, 19.9454767550001], [84.016560595, 19.945393546], [84.016604306, 19.945465455], [84.0166458320001, 19.945445937], [84.0166939150001, 19.9454592910001], [84.017021733, 19.9452404890001], [84.0169496030001, 19.9451275000001], [84.0169397700001, 19.94515626]]], [[[84.0173168310001, 19.9455131440001], [84.0173307590001, 19.9454618350001], [84.017408539, 19.945385426], [84.0174921290001, 19.9453745110001], [84.0175013830001, 19.9452413700001], [84.0175327150001, 19.9452009980001], [84.0175060000001, 19.9451388090001], [84.017505977, 19.945052628], [84.0174816000001, 19.945038448], [84.0172274220001, 19.9451409910001], [84.016969703, 19.945280654], [84.0171194370001, 19.9455044100001], [84.01721581, 19.9456758370001], [84.0172297460001, 19.9457337200001], [84.0174480460001, 19.9455426220001], [84.017356314, 19.9455448050001], [84.0173168310001, 19.9455131440001]]], [[[84.0889001990001, 19.6287377370001], [84.0889494420001, 19.6287440620001], [84.0889807790001, 19.628813635], [84.0889472040001, 19.628847367], [84.0888822920001, 19.628777794], [84.0888509540001, 19.6288747740001], [84.0889136270001, 19.629119335], [84.0890747890001, 19.6291868000001], [84.0890680740001, 19.629262698], [84.0893758000001, 19.6292726], [84.0896299, 19.6291425260001], [84.0898604500001, 19.6289612140001], [84.0897334000001, 19.6287064000001], [84.0897498, 19.6284879], [84.0897639, 19.6281808000001], [84.0897686770001, 19.628044113], [84.0892771000001, 19.6280895], [84.0890084000001, 19.6283554], [84.0889088000001, 19.6286073000001], [84.0889001990001, 19.6287377370001]]], [[[84.0905710210001, 19.630137351], [84.090632091, 19.629961301], [84.0905858260001, 19.629912496], [84.090443328, 19.629893322], [84.0903785570001, 19.629912495], [84.090295279, 19.6298445150001], [84.0902286560001, 19.6298915780001], [84.0902989800001, 19.6300240510001], [84.09027122, 19.6301164340001], [84.09030505, 19.6301676360001], [84.0903321100001, 19.630188403], [84.090378211, 19.63016858], [84.0903872310001, 19.6302176660001], [84.0904142910001, 19.6302865760001], [84.0903892360001, 19.630324334], [84.090419302, 19.630345102], [84.090448366, 19.6304158990001], [84.090461395, 19.6304253380001], [84.0904553820001, 19.630464041], [84.090432331, 19.6305197350001], [84.0903882330001, 19.6305065190001], [84.0904132890001, 19.6304347780001], [84.0903541580001, 19.630419675], [84.0903240920001, 19.6302271060001], [84.0903321100001, 19.630193123], [84.0903080570001, 19.6301733], [84.090288012, 19.6301968990001], [84.0902559420001, 19.6301799080001], [84.090245919, 19.630212946], [84.0902489260001, 19.6302440970001], [84.0902101500001, 19.6302785390001], [84.090126872, 19.630264594], [84.0901128, 19.6303846000001], [84.0901749870001, 19.6306201790001], [84.090400763, 19.630573117], [84.0904100160001, 19.6306777], [84.0904803400001, 19.630670728], [84.0904618340001, 19.6306376100001], [84.090495145, 19.630562658], [84.0905395600001, 19.630573117], [84.0905710210001, 19.6306236660001], [84.090550664, 19.630672471], [84.0906209880001, 19.6306742140001], [84.090630241, 19.630580089], [84.0906913110001, 19.630578346], [84.090756083, 19.6306376100001], [84.0910614360001, 19.630519081], [84.0909337430001, 19.6303935810001], [84.0908967300001, 19.6304144980001], [84.0907542320001, 19.6302785390001], [84.0907819920001, 19.630221018], [84.09071722, 19.630191386], [84.0906154360001, 19.6302053310001], [84.0905710210001, 19.630137351]]], [[[84.0837723400001, 19.631534286], [84.0837987520001, 19.6315914100001], [84.083849619, 19.6315757470001], [84.083957222, 19.6317876590001], [84.0840637760001, 19.631938086], [84.0841051570001, 19.6319060700001], [84.0841935700001, 19.6319680120001], [84.0844136600001, 19.631963522], [84.084322463, 19.631849577], [84.084297382, 19.631738894], [84.084366383, 19.6316751590001], [84.0843561200001, 19.6316215750001], [84.0843154710001, 19.631629215], [84.0842241700001, 19.6315877980001], [84.0842306390001, 19.6315129550001], [84.0843024700001, 19.6314762480001], [84.0843727450001, 19.631498907], [84.0844212490001, 19.631477327], [84.0846107790001, 19.6317058860001], [84.084536545, 19.631781941], [84.0845488740001, 19.6319377360001], [84.084714966, 19.631862928], [84.084698121, 19.631663142], [84.0846405770001, 19.631576824], [84.0845755720001, 19.63160292], [84.08444876, 19.6314613980001], [84.0847162380001, 19.631324895], [84.084859034, 19.6314322910001], [84.085028471, 19.6317625090001], [84.0852352540001, 19.6316288400001], [84.0852806600001, 19.6315661150001], [84.0853008390001, 19.631440667], [84.085273595, 19.631360837], [84.085164621, 19.63131522], [84.0849476830001, 19.631351335], [84.0848639340001, 19.6313095190001], [84.084713793, 19.6311013930001], [84.084259736, 19.6312582050001], [84.084205249, 19.6312591550001], [84.0840660050001, 19.6312981200001], [84.0837136470001, 19.6313306660001], [84.0837811440001, 19.6315057240001], [84.0837723400001, 19.631534286]]], [[[84.0894370760001, 19.633025128], [84.089422561, 19.632984075], [84.0894431130001, 19.6329381410001], [84.0894767790001, 19.632958468], [84.0894898860001, 19.6328536450001], [84.089446674, 19.632845552], [84.089441826, 19.632808997], [84.0894718540001, 19.632776178], [84.089495792, 19.6327911600001], [84.0895196060001, 19.6327845490001], [84.0894825490001, 19.632656979], [84.0894188230001, 19.632600847], [84.089310094, 19.63264522], [84.0893310480001, 19.632675707], [84.0893063760001, 19.6327156310001], [84.0892641440001, 19.6327288430001], [84.0892353660001, 19.632708591], [84.088940403, 19.6329899360001], [84.088867367, 19.6331106530001], [84.0888396140001, 19.6332266860001], [84.0889821630001, 19.6335758340001], [84.089902721, 19.63303009], [84.0897438600001, 19.63269166], [84.0895005670001, 19.632793468], [84.0895220350001, 19.6328242340001], [84.0894945490001, 19.6328526830001], [84.0894798360001, 19.6329627050001], [84.0895434820001, 19.6329670270001], [84.0895339850001, 19.6330113060001], [84.0894791630001, 19.6330575740001], [84.0894370760001, 19.633025128]]], [[[84.0843124580001, 19.6328956200001], [84.0840994920001, 19.632819044], [84.0839165890001, 19.6329227370001], [84.083839455, 19.632918782], [84.0837859320001, 19.6329375450001], [84.0836983390001, 19.633033773], [84.0838409670001, 19.633193627], [84.0839952520001, 19.6334427620001], [84.0841786660001, 19.633676945], [84.0844417210001, 19.633620421], [84.084665381, 19.6336392590001], [84.0846928400001, 19.633027831], [84.084414215, 19.6329426080001], [84.0843149790001, 19.6328956200001], [84.0842558720001, 19.633095978], [84.0844471830001, 19.6331661670001], [84.0843767220001, 19.6333384710001], [84.0842013100001, 19.6332659880001], [84.0843124580001, 19.6328956200001]]], [[[84.090413594, 19.6339946420001], [84.0903886240001, 19.633970633], [84.090390185, 19.6339373160001], [84.090413594, 19.6339186970001], [84.090415675, 19.6339186970001], [84.0904380440001, 19.6339348660001], [84.0904510490001, 19.6339667140001], [84.090499429, 19.6340162000001], [84.0905848438402, 19.6339568762279], [84.0902923840529, 19.6333809529237], [84.090098475, 19.633551472], [84.0899162650001, 19.633579544], [84.0895678360001, 19.6337324450001], [84.089613742, 19.633784459], [84.089640396, 19.6337761630001], [84.0896655780001, 19.633784459], [84.0896716730001, 19.63380583], [84.089692803, 19.633845799], [84.0897228250001, 19.6338644100001], [84.0898492040001, 19.6338458220001], [84.0898910710001, 19.633803406], [84.089948722, 19.633824997], [84.0899234390001, 19.6338755960001], [84.0898784220001, 19.633880801], [84.0898492040001, 19.633848798], [84.0897228250001, 19.6338673880001], [84.089704662, 19.633895667], [84.089816812, 19.6340303280001], [84.089849975, 19.634025122], [84.0898761080001, 19.6340616900001], [84.08986149, 19.6340958910001], [84.0898090590001, 19.6340908190001], [84.089814302, 19.6340313750001], [84.0897020560001, 19.633897167], [84.0896727630001, 19.633889685], [84.089691223, 19.6338465420001], [84.0896704250001, 19.6338077190001], [84.089631899, 19.6338114270001], [84.08959372, 19.6337657060001], [84.0894885550001, 19.633894351], [84.0894563400001, 19.6338934030001], [84.0894633870001, 19.6339351230001], [84.0894895610001, 19.633940812], [84.089510702, 19.6339872730001], [84.0894855340001, 19.6340005480001], [84.0894472790001, 19.633981584], [84.089435199, 19.633955035], [84.0894603670001, 19.6339360710001], [84.0894543260001, 19.6338934030001], [84.089292244, 19.6339853760001], [84.089288217, 19.6340460600001], [84.08924102, 19.634093523], [84.0892228610001, 19.634174332], [84.0896477210001, 19.634328188], [84.0897151090001, 19.6344267440001], [84.089975285, 19.634339916], [84.090034454, 19.6343535780001], [84.0903825230001, 19.6342015930001], [84.0904978680001, 19.63401767], [84.090449488, 19.633967694], [84.090413594, 19.6339946420001]]], [[[84.0565606600001, 19.676864073], [84.0565152660001, 19.6768332520001], [84.0562887830001, 19.6769282490001], [84.0562290730001, 19.676952483], [84.0561189200001, 19.6768923830001], [84.0560969950001, 19.6768401], [84.0559768540001, 19.6769224330001], [84.0561209100001, 19.6771996420001], [84.0562301030001, 19.67718125], [84.0562712820001, 19.6772083920001], [84.0564961320001, 19.677083485], [84.056560743, 19.6770872180001], [84.056669394, 19.6769214490001], [84.0565708570001, 19.676884627], [84.0565241410001, 19.6768778690001], [84.0565606600001, 19.676864073]]], [[[84.0577814920001, 19.677107209], [84.0578215950001, 19.6773464840001], [84.0581121970001, 19.6773155720001], [84.0580173640001, 19.6770751560001], [84.0577814920001, 19.677107209]]], [[[84.0574337150001, 19.6774297810001], [84.057465171, 19.6773980610001], [84.0575465920001, 19.6773895320001], [84.0575266600001, 19.6774371110001], [84.057652094, 19.6774285610001], [84.057739084, 19.677350599], [84.0578176970001, 19.6773542450001], [84.0577725190001, 19.6770735580001], [84.0577125760001, 19.677056851], [84.0575989280001, 19.677056851], [84.057506098, 19.6771261810001], [84.057527066, 19.677191006], [84.0574255770001, 19.6772863260001], [84.0574044050001, 19.677404156], [84.0574337150001, 19.6774297810001]]], [[[84.064269761, 19.678562592], [84.064337675, 19.678579282], [84.0643677880001, 19.6785396650001], [84.064397752, 19.6785360710001], [84.064407186, 19.6786436830001], [84.064364663, 19.67867463], [84.0643889890001, 19.678752946], [84.064619732, 19.6787303610001], [84.064661647, 19.6785139040001], [84.0645259020001, 19.6782685000001], [84.0643252470001, 19.6783089150001], [84.0635890770001, 19.6786117030001], [84.0634802110001, 19.6787059820001], [84.063637934, 19.679113446], [84.0639058890001, 19.67892943], [84.064385638, 19.678753547], [84.0643592850001, 19.678673637], [84.0642796930001, 19.67869576], [84.064269761, 19.678562592]]], [[[84.0641097490001, 19.6888519], [84.0641454770001, 19.68887769], [84.0641585770001, 19.6889393610001], [84.0642347950001, 19.6889954260001], [84.0642764770001, 19.6890873720001], [84.0644801240001, 19.688932633], [84.064514661, 19.688961787], [84.0645337160001, 19.6889371180001], [84.0645730160001, 19.688975242], [84.0647599900001, 19.688844051], [84.0646194610001, 19.6887038900001], [84.0644062870001, 19.68854803], [84.0643765140001, 19.6886556740001], [84.0643467420001, 19.6886781000001], [84.0642443230001, 19.6886523100001], [84.0641943040001, 19.68859961], [84.0639954210001, 19.688774531], [84.0640823580001, 19.6888541430001], [84.0641097490001, 19.6888519]]], [[[84.065599498, 19.6891965830001], [84.0655478400001, 19.6892184210001], [84.0654656090001, 19.689117175], [84.0655657620001, 19.6890735000001], [84.0654898560001, 19.6889295720001], [84.0653475330001, 19.6887972710001], [84.0652800620001, 19.6887972710001], [84.065250543, 19.6887674930001], [84.065027044, 19.688996289], [84.0651018950001, 19.6890776830001], [84.065104003, 19.689094557], [84.0652157530001, 19.689227567], [84.0653580760001, 19.689364546], [84.065468772, 19.689490607], [84.065577444, 19.6893926180001], [84.0656183940001, 19.689284962], [84.065599498, 19.6891965830001]]], [[[84.0652094760001, 19.6895992610001], [84.0653187820001, 19.689513499], [84.0654098700001, 19.6895976280001], [84.065465391, 19.689494713], [84.065353482, 19.6893648440001], [84.065212079, 19.6892292580001], [84.0650993030001, 19.6890944890001], [84.0650984360001, 19.68907897], [84.0650238310001, 19.6889997420001], [84.0648034850001, 19.6891451290001], [84.0648685470001, 19.689173716], [84.0648676800001, 19.6892080210001], [84.0648511970001, 19.689211288], [84.064893705, 19.689255395], [84.064898042, 19.689296234], [84.0649474900001, 19.6893436080001], [84.0652094760001, 19.6895992610001]]], [[[84.0652112590001, 19.706321228], [84.0651552880001, 19.706294096], [84.0651842710001, 19.70626723], [84.065155373, 19.706049004], [84.06490676, 19.706000154], [84.064982962, 19.7062362140001], [84.0650742020001, 19.7062230280001], [84.0650962220001, 19.7062761560001], [84.0649541240001, 19.706385583], [84.065008785, 19.7068541680001], [84.065479016, 19.7067786870001], [84.0654085930001, 19.706040799], [84.0651624210001, 19.706049004], [84.0651951850001, 19.7062627770001], [84.065235778, 19.7062716890001], [84.0652112590001, 19.706321228]]], [[[84.064129832, 19.706978523], [84.0641286540001, 19.7068188120001], [84.0641675320001, 19.7068243580001], [84.064162819, 19.7069186320001], [84.0641333660001, 19.706929723], [84.0641333660001, 19.7069763050001], [84.0642511770001, 19.7069796320001], [84.0642499990001, 19.7067855390001], [84.0642382180001, 19.706732302], [84.0641651760001, 19.7066957010001], [84.064181669, 19.706654664], [84.0642393970001, 19.7066724100001], [84.0643536730001, 19.706641355], [84.0643536730001, 19.706622501], [84.0644114, 19.706605864], [84.0644479210001, 19.7066624280001], [84.0643560290001, 19.706644683], [84.0642382180001, 19.706676847], [84.064235862, 19.7067012470001], [84.0642900550001, 19.706742284], [84.0642888770001, 19.70675892], [84.064254712, 19.706786648], [84.064254711, 19.706980742], [84.0645045190001, 19.707011816], [84.0647841100001, 19.7070350400001], [84.064677304, 19.706133444], [84.0641149800001, 19.7060905070001], [84.0640195000001, 19.7061351790001], [84.063819863, 19.706111004], [84.0637876150001, 19.7063394690001], [84.0638588140001, 19.706423037], [84.0637432290001, 19.7065085030001], [84.063681473, 19.706875374], [84.064129832, 19.706978523]]], [[[84.0352944090001, 19.7172924600001], [84.0353258270001, 19.717245984], [84.0352879880001, 19.717136264], [84.0352498990001, 19.717151819], [84.03521434, 19.7172262060001], [84.035151123, 19.717225276], [84.0351392700001, 19.7172001710001], [84.0352123640001, 19.717136941], [84.0352498990001, 19.717149029], [84.035285458, 19.717134152], [84.0352301440001, 19.7169500420001], [84.0353602370001, 19.7169206460001], [84.0353253000001, 19.7167988], [84.035087946, 19.7166178420001], [84.0350370790001, 19.716602349], [84.0348620350001, 19.716713612], [84.0347169120001, 19.7167319210001], [84.0346002160001, 19.7167107940001], [84.034429129, 19.716764577], [84.0346135360001, 19.7169661730001], [84.034653194, 19.7171080360001], [84.034714663, 19.717214433], [84.034914933, 19.717514958], [84.0351373180001, 19.717443158], [84.0354036250001, 19.7174107650001], [84.035384176, 19.717338937], [84.035331812, 19.7173431620001], [84.0352944090001, 19.7172924600001]]], [[[84.034205269, 19.717040379], [84.0339704, 19.7169639690001], [84.0339317930001, 19.717175389], [84.033401719, 19.717189461], [84.0334501130001, 19.7175277850001], [84.033609099, 19.717580981], [84.0336987370001, 19.7175424660001], [84.0337486220001, 19.717477167], [84.0337261870001, 19.71741237], [84.0337250530001, 19.717323811], [84.033876331, 19.717304014], [84.0340745020001, 19.7174435900001], [84.033915042, 19.7178040850001], [84.034527908, 19.7180439630001], [84.034601002, 19.7179826490001], [84.0347146240001, 19.717958804], [84.0350800940001, 19.7177803110001], [84.0350472040001, 19.7177084530001], [84.0350073650001, 19.717743308], [84.0349644980001, 19.717710287], [84.0349722280001, 19.7176717790001], [84.0350354820001, 19.717682779], [84.0349112060001, 19.717517668], [84.0347133230001, 19.717219116], [84.034647695, 19.7171080800001], [84.0346112770001, 19.7169673540001], [84.0345496240001, 19.7169007640001], [84.0345598480001, 19.716991025], [84.0345540710001, 19.7170815280001], [84.034393708, 19.7171528970001], [84.034287782, 19.71711263], [84.0341770090001, 19.7170961630001], [84.034205269, 19.717040379]]], [[[84.0359282750001, 19.7181826570001], [84.0359930990001, 19.7181107370001], [84.0357187540001, 19.717916771], [84.0356481420001, 19.717721715], [84.0356188480001, 19.7175263880001], [84.035595669, 19.7175314310001], [84.0355385870001, 19.7175603110001], [84.035454089, 19.7175063720001], [84.0353859000001, 19.7175753000001], [84.0353143790001, 19.7176081420001], [84.035244655, 19.7175844870001], [84.035167282, 19.7174438070001], [84.0349215270001, 19.7175157670001], [84.03503699, 19.71768029], [84.0350813330001, 19.717778364], [84.035134746, 19.7179108330001], [84.0351685150001, 19.718032001], [84.0353798360001, 19.7183180690001], [84.0355430420001, 19.718454504], [84.035558166, 19.7184711130001], [84.0357406000001, 19.7183263000001], [84.0357870510001, 19.718267654], [84.0359282750001, 19.7181826570001]]], [[[84.0349305460001, 19.718512311], [84.0351134590001, 19.718455772], [84.035350973, 19.7187487470001], [84.0355093160001, 19.7186870680001], [84.0356608330001, 19.7185919790001], [84.0355420750001, 19.718457057], [84.0353769070001, 19.7183195650001], [84.0351653290001, 19.7180317300001], [84.035129839, 19.7179096580001], [84.035071143, 19.7177877400001], [84.034717604, 19.717959771], [84.034601578, 19.7179854710001], [84.0345292320001, 19.718044579], [84.0346834790001, 19.7182797310001], [84.034691669, 19.718250176], [84.0347763, 19.718242466], [84.0349305460001, 19.718512311]]], [[[84.0673710830001, 19.7185178170001], [84.067314347, 19.7185475970001], [84.0672669370001, 19.718596103], [84.0672127760001, 19.718645698], [84.0671563700001, 19.7186740870001], [84.067126032, 19.718693214], [84.0670957440001, 19.7187092780001], [84.06709555, 19.718651976], [84.0671370860001, 19.7186331950001], [84.0671756980001, 19.7186114830001], [84.0671970500001, 19.718553602], [84.0671940180001, 19.7184855240001], [84.067180744, 19.7184138870001], [84.067176094, 19.7183418660001], [84.0671935450001, 19.7183228910001], [84.0671977750001, 19.718369275], [84.0672236890001, 19.718416706], [84.067277662, 19.7184623380001], [84.0673401400001, 19.718468111], [84.0673817140001, 19.718450838], [84.0674311500001, 19.7184308610001], [84.067444746, 19.7184280220001], [84.0674746240001, 19.7184195290001], [84.067451384, 19.7183637630001], [84.0674190980001, 19.7182775220001], [84.0673998240001, 19.718227976], [84.0671921850001, 19.7182670180001], [84.0669612720001, 19.7183040900001], [84.0670191710001, 19.7185030790001], [84.067070437, 19.7187028380001], [84.0671187250001, 19.7187746910001], [84.0671732960001, 19.719155486], [84.0671218000001, 19.7192375000001], [84.0675917710001, 19.719175009], [84.067655706, 19.7189432170001], [84.0676075820001, 19.7187846640001], [84.0676006420001, 19.718532655], [84.0675286110001, 19.718453707], [84.067441139, 19.718471003], [84.0673710830001, 19.7185178170001]]], [[[84.033847569, 19.7208927900001], [84.033811309, 19.720806377], [84.0338247750001, 19.720748642], [84.0338597620001, 19.720728926], [84.0339122820001, 19.720783242], [84.0339281870001, 19.7207651030001], [84.033895826, 19.7206504590001], [84.033986118, 19.720592024], [84.034071834, 19.7204299480001], [84.0341828470001, 19.720376818], [84.0342392700001, 19.720148941], [84.0343885180001, 19.719989598], [84.0342483700001, 19.7199656120001], [84.0341864860001, 19.719960472], [84.034088201, 19.7199793190001], [84.0341209630001, 19.720041], [84.0340827410001, 19.7200804070001], [84.0340226770001, 19.720041], [84.034031778, 19.7199227780001], [84.033826106, 19.719890224], [84.033806085, 19.7199364850001], [84.0337514820001, 19.7199707520001], [84.033682318, 19.7199656120001], [84.0335502630001, 19.720178774], [84.0334901990001, 19.7205402930001], [84.033485908, 19.720862735], [84.0335183780001, 19.7208983940001], [84.0335147700001, 19.720930658], [84.0334588490001, 19.7209578270001], [84.033448026, 19.721078391], [84.0335652780001, 19.7212481990001], [84.0333632410001, 19.7214604590001], [84.0335634730001, 19.7215453630001], [84.033696961, 19.721575929], [84.033693353, 19.721450271], [84.0337095890001, 19.721280463], [84.03374747, 19.721263482], [84.0339184140001, 19.72092288], [84.033847569, 19.7208927900001]]], [[[84.034488691, 19.7211117030001], [84.034559201, 19.721044184], [84.0345691940001, 19.720965817], [84.034692105, 19.7209441370001], [84.034862532, 19.7206698640001], [84.03503355, 19.720452746], [84.0350785050001, 19.7203992070001], [84.035164179, 19.7201364640001], [84.034938342, 19.720093859], [84.034900093, 19.7201011440001], [84.0346623880001, 19.7200732640001], [84.034627786, 19.7200999300001], [84.034660344, 19.7201548080001], [84.0345960640001, 19.7201965720001], [84.034559431, 19.7201152870001], [84.034492012, 19.7202411380001], [84.0344357500001, 19.7204450450001], [84.0344776170001, 19.7204435410001], [84.0344357980001, 19.720598131], [84.0343954460001, 19.720581343], [84.0343265880001, 19.7207350200001], [84.0342773290001, 19.7207489680001], [84.0340527920001, 19.72101453], [84.0339183880001, 19.7209314150001], [84.0337831040001, 19.7212023270001], [84.0338261240001, 19.721228818], [84.0338398760001, 19.7212981700001], [84.0340314270001, 19.7214567710001], [84.0342314360001, 19.7213008520001], [84.034258638, 19.7212261650001], [84.0344160610001, 19.7210791590001], [84.034488691, 19.7211117030001]]], [[[84.0366140630001, 19.7209395290001], [84.0363213510001, 19.72105084], [84.036627631, 19.721324559], [84.0367440690001, 19.7215235690001], [84.036965401, 19.7215416870001], [84.0371640050001, 19.721642317], [84.0373146490001, 19.721636587], [84.0373237790001, 19.7216494790001], [84.0374211660001, 19.721695316], [84.0375766000001, 19.7218554], [84.037848753, 19.7216838570001], [84.0376372420001, 19.7213028370001], [84.0376220260001, 19.721209731], [84.0375881630001, 19.7210869190001], [84.0378690900001, 19.7210463590001], [84.037831172, 19.7206569850001], [84.037898387, 19.720590467], [84.037831172, 19.7204184940001], [84.0378380650001, 19.720225428], [84.0368005350001, 19.720472032], [84.03682294, 19.720506103], [84.0368556860001, 19.720543418], [84.0368591330001, 19.7206066910001], [84.0368384510001, 19.7206358940001], [84.0368746440001, 19.7207364820001], [84.0369177310001, 19.7207381050001], [84.0369177310001, 19.7208176020001], [84.0369106510001, 19.7208939110001], [84.0366140630001, 19.7209395290001]]], [[[84.040584789, 19.7225389070001], [84.0406321990001, 19.7226138250001], [84.0405844570001, 19.722745176], [84.040602736, 19.7228435330001], [84.040662657, 19.7228435330001], [84.0406549140001, 19.7229058200001], [84.040790223, 19.7230102720001], [84.0408686790001, 19.722988494], [84.040954862, 19.723005915], [84.0410099750001, 19.7228811860001], [84.041243131, 19.722775531], [84.0410981160001, 19.7225533060001], [84.041070533, 19.7225533060001], [84.0410597200001, 19.722521633], [84.0410764680001, 19.722485663], [84.0410148300001, 19.7223205010001], [84.0406844660001, 19.7224181020001], [84.0406718, 19.7225133000001], [84.040584789, 19.7225389070001]]], [[[84.0404506850001, 19.7236465500001], [84.0404776890001, 19.723649483], [84.0404818440001, 19.7236817470001], [84.040451724, 19.723714011], [84.0404132950001, 19.7237110780001], [84.040406024, 19.7236651260001], [84.0403873290001, 19.723642639], [84.0403597000001, 19.7237216], [84.0403571000001, 19.7237239], [84.0404195260001, 19.7239046600001], [84.040474573, 19.723872396], [84.040524787, 19.7239017810001], [84.040641001, 19.7238883740001], [84.040646688, 19.7238457890001], [84.0407132670001, 19.723819871], [84.0407826030001, 19.7238839120001], [84.0407313650001, 19.7239081760001], [84.0406423270001, 19.723891564], [84.0405240800001, 19.7239036990001], [84.0405358520001, 19.7239467000001], [84.0404392600001, 19.723971142], [84.0405036540001, 19.7241138850001], [84.0409540860001, 19.7239287150001], [84.0409457440001, 19.723871785], [84.0409214140001, 19.7238351410001], [84.0409617330001, 19.723821399], [84.0409728550001, 19.7238377580001], [84.0409478300001, 19.7238711310001], [84.0409554760001, 19.7239287150001], [84.041056202, 19.7239271460001], [84.041259772, 19.7238020020001], [84.04113306, 19.7236005990001], [84.041101901, 19.723596688], [84.0410375060001, 19.723630907], [84.0410146560001, 19.723586911], [84.04103439, 19.723560514], [84.0410728190001, 19.7235634470001], [84.041107094, 19.7235184730001], [84.0409471460001, 19.7234334140001], [84.0408619790001, 19.7234285260001], [84.040864056, 19.723479366], [84.0408422450001, 19.7234998970001], [84.040822511, 19.72348621], [84.040790314, 19.7234285260001], [84.0407352670001, 19.7233972400001], [84.0405202730001, 19.7234813210001], [84.0404392600001, 19.723559536], [84.040389406, 19.723641662], [84.0404081020001, 19.7236641490001], [84.0404506850001, 19.7236465500001]]], [[[84.0346244200001, 19.7249209670001], [84.0345905780001, 19.7250364390001], [84.0345726, 19.725054358], [84.0345912600001, 19.7251471590001], [84.034575986, 19.7252743500001], [84.034581458, 19.725356418], [84.0345582080001, 19.72540644], [84.0345279640001, 19.7254166590001], [84.0344647140001, 19.725445612], [84.034536793, 19.725534075], [84.034604507, 19.7255186], [84.0346392230001, 19.7254137520001], [84.034749709, 19.7253407750001], [84.0347322920001, 19.725242511], [84.034732289, 19.7250473890001], [84.034684698, 19.724807491], [84.034620191, 19.724801519], [84.0346244200001, 19.7249209670001]]], [[[84.0504303050001, 19.732180697], [84.0502326650001, 19.731999402], [84.05021099, 19.7320167350001], [84.050222073, 19.7320473070001], [84.0502047460001, 19.7320760750001], [84.0501843120001, 19.7320876520001], [84.0501433960001, 19.73207755], [84.0501445250001, 19.732048089], [84.0501723260001, 19.732015044], [84.0502063590001, 19.732013409], [84.050229115, 19.7319994650001], [84.0501513900001, 19.731938095], [84.0499817460001, 19.732096299], [84.050031882, 19.7321611400001], [84.050113351, 19.7324111250001], [84.0503060830001, 19.7322881910001], [84.050294051, 19.7322640360001], [84.050217542, 19.7322961780001], [84.0502047560001, 19.7322759360001], [84.0502355070001, 19.7322247480001], [84.050282414, 19.7322328110001], [84.0503086950001, 19.732285721], [84.0504303050001, 19.732180697]]], [[[84.0460730780001, 19.732779072], [84.0460414070001, 19.732597223], [84.0459843990001, 19.732634487], [84.0458973030001, 19.732634487], [84.0459305580001, 19.7327909970001], [84.0459337250001, 19.7329758270001], [84.0458925520001, 19.7331397880001], [84.046046157, 19.7331487320001], [84.0460730780001, 19.732779072]]], [[[84.040198273, 19.733548362], [84.0403896970001, 19.733766372], [84.040470784, 19.733707506], [84.0404743570001, 19.733457134], [84.0404360190001, 19.7334106320001], [84.040383348, 19.7334394690001], [84.0402850200001, 19.7332510050001], [84.040440044, 19.7331801190001], [84.0403400310001, 19.732959656], [84.0402473870001, 19.732991052], [84.0400964230001, 19.733007571], [84.0401276110001, 19.7330952460001], [84.0399711000001, 19.7332198280001], [84.039941459, 19.7332408400001], [84.040198273, 19.733548362]]], [[[84.0892308260001, 19.7561235680001], [84.0893415070001, 19.756048777], [84.0894446250001, 19.756088843], [84.0895666500001, 19.7559971370001], [84.0891702870001, 19.7556027750001], [84.0890529970001, 19.7556588520001], [84.088995299, 19.755649061], [84.088895973, 19.755734515], [84.089023658, 19.755932145], [84.0890927040001, 19.7561716500001], [84.089239342, 19.7563078910001], [84.0893055660001, 19.756263366], [84.0892308260001, 19.7561235680001]]], [[[84.0378822000001, 19.7834824], [84.0378863890001, 19.783637362], [84.0383146, 19.7837044], [84.0384160340001, 19.783530462], [84.0378822000001, 19.7834824]]], [[[84.0376470510001, 19.783856665], [84.0376021810001, 19.7839304020001], [84.0378066850001, 19.7840743130001], [84.0381004220001, 19.78395964], [84.0378049000001, 19.7835896], [84.0378054000001, 19.7835907], [84.0376481710001, 19.783854596], [84.037706992, 19.783908533], [84.0377335310001, 19.7838877520001], [84.037768585, 19.783912695], [84.0377276230001, 19.7839491870001], [84.0377056870001, 19.7839345730001], [84.0377058750001, 19.783910614], [84.0376470510001, 19.783856665]]], [[[84.0735394810001, 19.8255521190001], [84.073572787, 19.8255521190001], [84.07358944, 19.8256091870001], [84.0736215570001, 19.8256024730001], [84.0736929270001, 19.825555475], [84.0736922550001, 19.825350283], [84.0736636610001, 19.8252867040001], [84.073607774, 19.825285481], [84.073537102, 19.82511571], [84.0733400350001, 19.8251668820001], [84.073290646, 19.825148542], [84.07327115, 19.8251668820001], [84.0732880470001, 19.8252524700001], [84.073238658, 19.825258583], [84.0731944680001, 19.825276923], [84.0732266430001, 19.8254111250001], [84.0733800890001, 19.8253641270001], [84.0734443210001, 19.825420077], [84.073445511, 19.825476027], [84.0734669220001, 19.825518549], [84.0735192600001, 19.8255230250001], [84.0735394810001, 19.8255521190001]]], [[[84.0566915690001, 19.8272855210001], [84.056768843, 19.827237059], [84.0568394380001, 19.827217316], [84.0568766440001, 19.8271105200001], [84.0569128960001, 19.827072828], [84.0569935340001, 19.827024362], [84.0570746920001, 19.826834648], [84.0568585710001, 19.826530683], [84.0566794420001, 19.826508914], [84.0566131090001, 19.8265960030001], [84.0563416890001, 19.8270098470001], [84.0564855060001, 19.8270835970001], [84.0566915690001, 19.8272855210001]]], [[[84.056506686, 19.827188586], [84.0565565260001, 19.8271599780001], [84.0564864120001, 19.8270900470001], [84.0563365300001, 19.827009592], [84.0563172660001, 19.8270530840001], [84.0563617820001, 19.8271445770001], [84.056354544, 19.827161098], [84.056284363, 19.8271684010001], [84.0561935000001, 19.8273062000001], [84.0562982000001, 19.8274086000001], [84.0564492440001, 19.8274667200001], [84.0565447000001, 19.827331626], [84.056511755, 19.8273093760001], [84.056506686, 19.827279178], [84.05652696, 19.8272632850001], [84.0565649740001, 19.827301429], [84.056632553, 19.827229909], [84.0565818680001, 19.8271806390001], [84.0565362520001, 19.8272219620001], [84.0565041520001, 19.8271957380001], [84.056463604, 19.8272020960001], [84.056457691, 19.827163952], [84.056489791, 19.8271568000001], [84.056506686, 19.827188586]]], [[[84.0745960130001, 19.827125365], [84.0746338870001, 19.8271553660001], [84.0746083390001, 19.82721452], [84.0747400320001, 19.8272631400001], [84.0747526870001, 19.8272350240001], [84.0748589300001, 19.8272274660001], [84.074773909, 19.8273620750001], [84.074725077, 19.8273271900001], [84.074737725, 19.827266389], [84.0746094780001, 19.8272188340001], [84.0745930360001, 19.827283729], [84.0745652200001, 19.827289153], [84.074542331, 19.827246911], [84.074429433, 19.827212364], [84.07441873, 19.8272393450001], [84.074489939, 19.827290238], [84.0744837330001, 19.8274669], [84.0747280260001, 19.827532202], [84.074870864, 19.82758369], [84.0749322710001, 19.827522156], [84.0748802090001, 19.82749704], [84.0749402800001, 19.8273111820001], [84.0750564200001, 19.8272697400001], [84.0750857880001, 19.827170532], [84.074916251, 19.8271039750001], [84.0748721990001, 19.827140393], [84.0747720790001, 19.8271328590001], [84.0746999930001, 19.8269834180001], [84.0746586100001, 19.826975883], [84.0745851880001, 19.827051231], [84.0744703840001, 19.8270776030001], [84.074430336, 19.8272069500001], [84.074542352, 19.8272436680001], [84.0745508090001, 19.8271832930001], [84.0745960130001, 19.827125365]]], [[[84.0740320630001, 19.8280325260001], [84.074034737, 19.8279847420001], [84.073974585, 19.82796588], [84.073803485, 19.8279771960001], [84.073717936, 19.8278690540001], [84.0736511000001, 19.827846419], [84.073661794, 19.8279558190001], [84.073713926, 19.8280413270001], [84.073807495, 19.828131865], [84.0738663110001, 19.8281205480001], [84.0739037390001, 19.8281620440001], [84.073962554, 19.8281670740001], [84.0739545340001, 19.828190966], [84.073910422, 19.828217372], [84.0739251260001, 19.828286533], [84.0740694900001, 19.828422339], [84.074157713, 19.828421082], [84.0742459360001, 19.828529223], [84.074518626, 19.8286361080001], [84.0746242260001, 19.8284789250001], [84.0745039220001, 19.8284323990001], [84.0743395060001, 19.82840222], [84.07425663, 19.828443716], [84.0739826050001, 19.828145697], [84.0739799310001, 19.828043843], [84.0740320630001, 19.8280325260001]]], [[[84.0763991220001, 19.828880375], [84.076509361, 19.828816455], [84.0764072480001, 19.8287585530001], [84.0764199010001, 19.8287306070001], [84.0763921760001, 19.8286886990001], [84.0763582000001, 19.828684708], [84.0763349840001, 19.828732604], [84.076177756, 19.828680719], [84.0761120750001, 19.8287405890001], [84.075632006, 19.828256321], [84.0756024500001, 19.828561053], [84.0755939650001, 19.8285690280001], [84.075513334, 19.82859495], [84.075428457, 19.828553078], [84.07542634, 19.828525171], [84.0755090800001, 19.8284833180001], [84.0754878650001, 19.828411599], [84.075413628, 19.828445462], [84.0753457710001, 19.828405624], [84.075311755, 19.828555072], [84.0752417460001, 19.828539124], [84.075144273, 19.828425542], [84.074972313, 19.828523177], [84.07491077, 19.8285311500001], [84.0748087000001, 19.8286797000001], [84.0748042420001, 19.828730611], [84.075458138, 19.8288584040001], [84.0755388320001, 19.828766542], [84.0756493270001, 19.828916345], [84.075736427, 19.8289183430001], [84.075864003, 19.829008296], [84.0759364930001, 19.829168345], [84.0764956800001, 19.8291723450001], [84.0763991220001, 19.828880375]]], [[[84.0575223820001, 19.82867953], [84.0574143330001, 19.8286400440001], [84.057398203, 19.828682224], [84.0573465990001, 19.8286723480001], [84.057343695, 19.8286508090001], [84.0572071430001, 19.82867953], [84.0571842190001, 19.8286535010001], [84.0571488750001, 19.8286732460001], [84.0571555450001, 19.8287118640001], [84.057185168, 19.8287379290001], [84.0571535920001, 19.8288054110001], [84.0571602640001, 19.8288739020001], [84.0573239460001, 19.828847754], [84.0573354700001, 19.8288702940001], [84.0573822960001, 19.828831533], [84.0574329780001, 19.828818019], [84.0574548290001, 19.8287676080001], [84.0575131000001, 19.828751416], [84.0575223820001, 19.82867953]]], [[[84.0586242050001, 19.8288655810001], [84.058725392, 19.82894916], [84.0587986090001, 19.8289716030001], [84.0588315150001, 19.8290613730001], [84.058951624, 19.8290683380001], [84.0591219140001, 19.828914335], [84.0590751, 19.8287224000001], [84.058863, 19.8288103], [84.0586242050001, 19.8288655810001]]], [[[84.0583200610001, 19.829040648], [84.0582916280001, 19.8290788570001], [84.058382002, 19.829222142], [84.0588287960001, 19.8290616620001], [84.0587963020001, 19.828972826], [84.058725221, 19.828952766], [84.0586186, 19.82886584], [84.0585170560001, 19.8288763470001], [84.058287567, 19.8289871540001], [84.0583200610001, 19.829040648]]], [[[84.0670456560001, 19.829288655], [84.0670714940001, 19.8291873810001], [84.066982964, 19.829175094], [84.0669133010001, 19.828908869], [84.0667947000001, 19.828852], [84.0666120000001, 19.8290439], [84.0666825430001, 19.829164172], [84.0667115690001, 19.8292515480001], [84.066630295, 19.829467258], [84.0666941530001, 19.829647473], [84.0667725230001, 19.829654299], [84.066784134, 19.829580575], [84.0668508950001, 19.8295205040001], [84.0669118500001, 19.8295327910001], [84.066972805, 19.8295041210001], [84.066952486, 19.8294303970001], [84.066998928, 19.8294290320001], [84.0670352110001, 19.8294208400001], [84.0671106790001, 19.8294263010001], [84.06715567, 19.8293826130001], [84.0670456560001, 19.829288655]]], [[[84.0749364800001, 19.8292327820001], [84.074362566, 19.8291317270001], [84.0738373340001, 19.829108423], [84.0737466940001, 19.829145726], [84.0737410290001, 19.8292718490001], [84.073835445, 19.8294121820001], [84.074318857, 19.829548963], [84.0743622890001, 19.829641334], [84.074432157, 19.8295987010001], [84.0745970040001, 19.8297687080001], [84.074587335, 19.829552608], [84.074551678, 19.829526131], [84.0745410750001, 19.8294924080001], [84.074614237, 19.829474862], [84.0746373750001, 19.8295187890001], [84.0745935570001, 19.8295555550001], [84.0746001350001, 19.829773233], [84.0746776410001, 19.8297869950001], [84.0746870820001, 19.8297496910001], [84.0748060480001, 19.829771008], [84.074840038, 19.8298047590001], [84.074823043, 19.829826075], [84.0749382320001, 19.8298456150001], [84.0749287900001, 19.8297692310001], [84.0749873280001, 19.829771007], [84.0749892170001, 19.8298136400001], [84.075057197, 19.8298100870001], [84.0750855220001, 19.829767454], [84.0752033040001, 19.829720219], [84.0753302370001, 19.829758672], [84.0757174440001, 19.8297728370001], [84.0757474930001, 19.829718192], [84.075887225, 19.829659506], [84.0760030800001, 19.829469343], [84.0757493410001, 19.8294673230001], [84.075615999, 19.8294450770001], [84.0754438880001, 19.8293338600001], [84.0749364800001, 19.8292327820001]]], [[[84.0711845850001, 19.8314895510001], [84.071320718, 19.831557678], [84.0714189270001, 19.831522104], [84.071403053, 19.831465597], [84.071506153, 19.8314431360001], [84.071533968, 19.8314994400001], [84.0715199520001, 19.8315377320001], [84.0715564320001, 19.831570534], [84.0717159220001, 19.831413776], [84.0716923750001, 19.8313845530001], [84.071728401, 19.831239103], [84.0717061980001, 19.83125268], [84.0716818180001, 19.8312349670001], [84.0716045780001, 19.831257689], [84.0715996110001, 19.8313100820001], [84.071527105, 19.83132218], [84.0714997760001, 19.831249019], [84.0715557760001, 19.8312123650001], [84.0716033940001, 19.831253352], [84.0716783510001, 19.831230653], [84.0716809790001, 19.8311985490001], [84.071728578, 19.831193162], [84.0717435780001, 19.831078468], [84.071663915, 19.831059999], [84.0716114320001, 19.8310758270001], [84.071579941, 19.831015377], [84.0716388800001, 19.830987979], [84.0716517930001, 19.8310114560001], [84.0717237040001, 19.8310114550001], [84.071667001, 19.8307069700001], [84.071345857, 19.830768145], [84.0712281400001, 19.8309477600001], [84.0712788820001, 19.8312499620001], [84.071212018, 19.8313845530001], [84.07128441, 19.831417962], [84.071256895, 19.8314501460001], [84.0712052900001, 19.8314515490001], [84.0711845850001, 19.8314895510001]]], [[[84.0597901020001, 19.831156089], [84.0598145870001, 19.8312533370001], [84.0598744370001, 19.831338642], [84.0599841640001, 19.8314060330001], [84.0600485480001, 19.831355703], [84.0601537410001, 19.8313881190001], [84.060251678, 19.8313599680001], [84.0601220020001, 19.8312703980001], [84.060007741, 19.831149265], [84.0599152450001, 19.831155236], [84.0598925740001, 19.831121114], [84.05975655, 19.8310869920001], [84.05975655, 19.8311339100001], [84.0597901020001, 19.831156089]]], [[[84.0986176000001, 19.6260905510001], [84.0982940330001, 19.6262711840001], [84.0983172200001, 19.626303826], [84.0982857020001, 19.6263506440001], [84.098228265, 19.626357469], [84.0981707760001, 19.62630626], [84.0981330020001, 19.62629867], [84.0981003970001, 19.6263552680001], [84.0981246260001, 19.6264095550001], [84.0980541200001, 19.626435514], [84.0982473080001, 19.626690511], [84.098574268, 19.6263893060001], [84.0986450950001, 19.6263236200001], [84.098639823, 19.6262975130001], [84.0986657540001, 19.62628005], [84.09868485, 19.626290393], [84.0987287280001, 19.626239024], [84.0986176000001, 19.6260905510001]]], [[[84.095822066, 19.6271128710001], [84.0958131460001, 19.627152777], [84.095801996, 19.627161179], [84.0957992090001, 19.627203185], [84.0959129340001, 19.62722839], [84.0959123760001, 19.6272509680001], [84.0959441520001, 19.62726252], [84.0960049170001, 19.6272415170001], [84.0960082620001, 19.6272394160001], [84.0960283310001, 19.6272598950001], [84.096029446, 19.627294025], [84.0960121640001, 19.6273108280001], [84.095984291, 19.627301376], [84.095939693, 19.6273208040001], [84.0959229680001, 19.627287724], [84.095909589, 19.6272866740001], [84.095900752, 19.627445279], [84.0960604840001, 19.627427121], [84.096379105, 19.6272996060001], [84.096385857, 19.6272709880001], [84.0963622250001, 19.62723283], [84.096298082, 19.62723283], [84.0962839030001, 19.6271946730001], [84.0963656010001, 19.627204212], [84.0964067880001, 19.627220747], [84.0964337950001, 19.6272531810001], [84.096410839, 19.6272760750001], [84.0963872070001, 19.6272735320001], [84.096381131, 19.6272996060001], [84.096476339, 19.627285316], [84.0965047970001, 19.6273190380001], [84.096633318, 19.6273000150001], [84.0966507590001, 19.627214413], [84.0965984330001, 19.627194526], [84.0965562050001, 19.6272161430001], [84.0964616510001, 19.6271850150001], [84.0964497160001, 19.6271279470001], [84.0965305010001, 19.627115842], [84.0965350910001, 19.627089902], [84.0965112220001, 19.627079526], [84.096492862, 19.627032834], [84.0964148320001, 19.6270371580001], [84.0964331920001, 19.6270605030001], [84.096418504, 19.627076932], [84.0963588340001, 19.627052722], [84.0962257240001, 19.627079527], [84.0961871680001, 19.6270752030001], [84.09614953, 19.6271210310001], [84.096110056, 19.6271011430001], [84.096084352, 19.6270639630001], [84.096019174, 19.627061369], [84.0959503240001, 19.627073474], [84.095840164, 19.627065692], [84.095810359, 19.627095018], [84.095822066, 19.6271128710001]]], [[[84.0957916830001, 19.6270822540001], [84.0957429950001, 19.62706932], [84.0956880470001, 19.627107101], [84.0956591440001, 19.627082984], [84.095592863, 19.627099087], [84.095565805, 19.6271379080001], [84.0955261410001, 19.627126952], [84.095435002, 19.6271196370001], [84.0954027910001, 19.627142873], [84.0953275520001, 19.6271858150001], [84.0951676760001, 19.627233646], [84.095101125, 19.627284606], [84.095049691, 19.6272892150001], [84.095159601, 19.6274118630001], [84.0952552800001, 19.6275019730001], [84.0953302770001, 19.6276622180001], [84.0954187950001, 19.627688193], [84.0955349710001, 19.627538381], [84.0956445510001, 19.627484409], [84.0958391890001, 19.6274572040001], [84.095897934, 19.6274281450001], [84.0959118850001, 19.627229921], [84.0957970950001, 19.627204265], [84.0957992290001, 19.627174559], [84.0957768870001, 19.6271495300001], [84.0957916830001, 19.6270822540001]]], [[[84.0959452930001, 19.627762284], [84.0960214740001, 19.627984628], [84.0964203990001, 19.6277744390001], [84.096758358, 19.6277487990001], [84.096481387, 19.6274146440001], [84.0964214100001, 19.6274158910001], [84.0963793230001, 19.627302382], [84.0960607700001, 19.6274329070001], [84.0959051930001, 19.627448197], [84.09593276, 19.6275148560001], [84.095982431, 19.627562713], [84.09604303, 19.6275823], [84.0961095270001, 19.6275767280001], [84.096129487, 19.627654013], [84.09610438, 19.627732091], [84.096055553, 19.6277528690001], [84.096046916, 19.6277125010001], [84.096063837, 19.6276597310001], [84.0960139680001, 19.6276436630001], [84.0958928420001, 19.6276653100001], [84.095873495, 19.6276066730001], [84.0958825290001, 19.6275450810001], [84.0959303270001, 19.627514837], [84.095900327, 19.627449266], [84.095819652, 19.627492768], [84.0957935500001, 19.6275254920001], [84.0957713750001, 19.62760411], [84.095721886, 19.6276883420001], [84.0956614610001, 19.6277666570001], [84.095640818, 19.6278935330001], [84.0956529750001, 19.6279244360001], [84.095704003, 19.627906109], [84.0957909780001, 19.6277440440001], [84.0959452930001, 19.627762284]]], [[[84.0919381640001, 19.628497028], [84.0919058540001, 19.6284622480001], [84.091894315, 19.628261176], [84.0917650750001, 19.6283057380001], [84.091568496, 19.6284173180001], [84.0914884110001, 19.6285432920001], [84.091741046, 19.628659167], [84.0916830500001, 19.628767741], [84.091715456, 19.628885042], [84.0918089240001, 19.628912214], [84.091923163, 19.62892743], [84.0919727820001, 19.6287361400001], [84.092016631, 19.62847529], [84.0919381640001, 19.628497028]]], [[[84.091373171, 19.629004203], [84.091456651, 19.628852825], [84.0915486970001, 19.628803458], [84.0916352520001, 19.628852825], [84.0917363710001, 19.628660503], [84.0914995190001, 19.628551228], [84.0914875660001, 19.6286623170001], [84.091403358, 19.6287917880001], [84.0912802550001, 19.628710105], [84.0912089290001, 19.6287917880001], [84.09126473, 19.6288289770001], [84.0912176140001, 19.6289095810001], [84.0911327730001, 19.6288729140001], [84.091144392, 19.628780186], [84.0912034080001, 19.6287879130001], [84.0912694180001, 19.628715695], [84.0911956260001, 19.6286532610001], [84.091086094, 19.6286659520001], [84.0909985700001, 19.628603319], [84.090979626, 19.628730681], [84.091030522, 19.628768651], [84.0910299930001, 19.6288508260001], [84.090976685, 19.628891165], [84.0909175350001, 19.628895243], [84.0908328890001, 19.62884883], [84.0908227730001, 19.629110057], [84.090884567, 19.6291123180001], [84.090884116, 19.6291673270001], [84.0908405170001, 19.6291789650001], [84.0908318210001, 19.6293211190001], [84.090932487, 19.6293211190001], [84.0909510610001, 19.6292285260001], [84.0910690270001, 19.6292597730001], [84.0913330530001, 19.6293211190001], [84.091408647, 19.629323608], [84.0914636100001, 19.629417667], [84.0915632090001, 19.6293136690001], [84.091464016, 19.629216624], [84.0914033560001, 19.6292380940001], [84.0913318570001, 19.629076409], [84.091373171, 19.629004203]]], [[[84.0902713680001, 19.629482855], [84.0903271230001, 19.629522561], [84.0904495120001, 19.629844055], [84.0906181380001, 19.629874795], [84.09082892, 19.629814595], [84.090909153, 19.629776169], [84.090906433, 19.629678825], [84.091012504, 19.6296737010001], [84.0910315420001, 19.629614782], [84.0911430530001, 19.6296211860001], [84.0912178470001, 19.629584041], [84.0910954560001, 19.6294597990001], [84.0910804980001, 19.629527684], [84.0910437810001, 19.629553301], [84.0910045000001, 19.6295158], [84.0909567480001, 19.6296045350001], [84.090779964, 19.629558425], [84.090771804, 19.629479012], [84.09082348, 19.629479012], [84.090770444, 19.6293829480001], [84.0902632090001, 19.6294380250001], [84.0902713680001, 19.629482855]]], [[[84.0973019830001, 19.6298252280001], [84.097269709, 19.629844631], [84.097233127, 19.629866765], [84.0972383340001, 19.6299508320001], [84.0982385520001, 19.629803023], [84.098238446, 19.6297661670001], [84.098182083, 19.6297347570001], [84.0979798390001, 19.6294066890001], [84.097806415, 19.6293090770001], [84.0975365640001, 19.6294744580001], [84.0974905400001, 19.6294696160001], [84.0974473640001, 19.629491742], [84.0974474590001, 19.629555338], [84.097347842, 19.629572013], [84.0973008380001, 19.6296592350001], [84.09722106, 19.629680292], [84.097180522, 19.6296172], [84.0970726020001, 19.629606193], [84.0969582880001, 19.629652622], [84.0968196790001, 19.629766836], [84.096971619, 19.629977497], [84.0972354030001, 19.629950831], [84.09722873, 19.629868146], [84.097185847, 19.6298460080001], [84.097175222, 19.6298169040001], [84.0972720680001, 19.6297710420001], [84.09730174, 19.629790519], [84.0973019830001, 19.6298252280001]]], [[[84.0987609960001, 19.6299714], [84.098847429, 19.62993914], [84.0988116990001, 19.629916372], [84.0988054520001, 19.6298551100001], [84.0988250550001, 19.6298392100001], [84.0987877630001, 19.629765456], [84.098693761, 19.629796976], [84.0986726140001, 19.6297132180001], [84.098639043, 19.6297106160001], [84.0986460940001, 19.6296652240001], [84.0986865550001, 19.62967946], [84.0987560350001, 19.6296291090001], [84.0987121000001, 19.6295769000001], [84.0986670020001, 19.629599576], [84.0986421360001, 19.6295205490001], [84.0985222850001, 19.6296342580001], [84.0985370010001, 19.629702815], [84.0984378960001, 19.6297147380001], [84.0985385590001, 19.6300186940001], [84.0986027600001, 19.630030904], [84.0986257180001, 19.629994335], [84.098701277, 19.6299970370001], [84.0986926680001, 19.62996736], [84.0987124490001, 19.6299230610001], [84.0987337560001, 19.629928417], [84.0987609960001, 19.6299714]]], [[[84.146357891, 19.6300267390001], [84.1456865280001, 19.630102902], [84.145686701, 19.63039595], [84.146013748, 19.6303329020001], [84.146040004, 19.6303580470001], [84.146268234, 19.6303398760001], [84.1462923240001, 19.6303748650001], [84.1463969530001, 19.6303636480001], [84.146357891, 19.6300267390001]]], [[[84.0972698370001, 19.630277074], [84.0971852280001, 19.630215634], [84.097027709, 19.6301866970001], [84.097003735, 19.63025657], [84.096855787, 19.630431652], [84.0968077620001, 19.6304420070001], [84.09671977, 19.63056328], [84.0966310860001, 19.6305511140001], [84.096580665, 19.630582416], [84.09664193, 19.630857872], [84.096676169, 19.631119815], [84.0967316970001, 19.6312080110001], [84.0970636010001, 19.6311791630001], [84.0970092730001, 19.6310427830001], [84.097204199, 19.6309643110001], [84.097196544, 19.63091101], [84.0971347760001, 19.630859641], [84.0973376490001, 19.630773189], [84.0973887550001, 19.630653927], [84.0972698370001, 19.630277074]]], [[[84.0966081430001, 19.6310702430001], [84.096611706, 19.63110111], [84.096597457, 19.6311037940001], [84.096601019, 19.6311655280001], [84.0966380660001, 19.631167541], [84.09664731, 19.6310923980001], [84.0966307410001, 19.6309932520001], [84.09664731, 19.630978564], [84.0965810330001, 19.6306728650001], [84.09653425, 19.630682963], [84.0965245030001, 19.6307307000001], [84.096497212, 19.6307472240001], [84.0964514030001, 19.6307215200001], [84.0964592000001, 19.630671029], [84.096491364, 19.6306517510001], [84.0965328840001, 19.6306796850001], [84.0965814410001, 19.630670222], [84.096549628, 19.630597677], [84.0965998600001, 19.6305456330001], [84.0965814410001, 19.630435237], [84.0966567890001, 19.630354805], [84.0963998720001, 19.6303298440001], [84.0962732080001, 19.630341162], [84.0962260680001, 19.6303650080001], [84.09622563, 19.630390102], [84.096249619, 19.6304371800001], [84.0962618350001, 19.630504645], [84.0962565340001, 19.630544582], [84.096294696, 19.6306124770001], [84.0962703150001, 19.6306364390001], [84.0962183720001, 19.6306614000001], [84.0962385130001, 19.6308640830001], [84.0963559420001, 19.6308439850001], [84.0963887140001, 19.6308144590001], [84.096442859, 19.6308265380001], [84.0965262140001, 19.630966905], [84.0965518610001, 19.6309736150001], [84.0965468740001, 19.6310024690001], [84.0965269260001, 19.6310111930001], [84.0965312010001, 19.63103535], [84.0965596980001, 19.631034679], [84.0965653970001, 19.6310816500001], [84.0966081430001, 19.6310702430001]]], [[[84.0953416300001, 19.6308093810001], [84.095117051, 19.631006621], [84.0951369680001, 19.6310463740001], [84.095190244, 19.631068504], [84.095205401, 19.6311232260001], [84.0952856850001, 19.6311484330001], [84.09529603, 19.6312377290001], [84.0954307050001, 19.63123176], [84.095477901, 19.6313831850001], [84.095878187, 19.631309538], [84.095796185, 19.6309904550001], [84.0956834680001, 19.630741302], [84.095580683, 19.6308239050001], [84.095540048, 19.630787621], [84.0954272930001, 19.630879221], [84.0953416300001, 19.6308093810001]]], [[[84.0908945890001, 19.633593177], [84.0909042220001, 19.6336405760001], [84.090979394, 19.633589516], [84.0909994960001, 19.6335270650001], [84.091061155, 19.6334855310001], [84.0911001920001, 19.6334832960001], [84.0912175120001, 19.6334261100001], [84.0911854080001, 19.633278596], [84.0910998000001, 19.6330912], [84.0902959000001, 19.6333801000001], [84.0905264850001, 19.6338370720001], [84.0907054260001, 19.633774902], [84.0907136960001, 19.633731138], [84.090809602, 19.6336741060001], [84.0908388500001, 19.633686961], [84.0908603460001, 19.63366388], [84.090831714, 19.6336056850001], [84.090856951, 19.633572106], [84.0908945890001, 19.633593177]]], [[[84.0936691900001, 19.633469028], [84.0936436100001, 19.633455816], [84.0936724900001, 19.6334060770001], [84.0936328830001, 19.6333454570001], [84.0936485610001, 19.633313593], [84.093586675, 19.633305821], [84.093477755, 19.633423952], [84.0934802300001, 19.633455816], [84.093455476, 19.63344105], [84.0933498570001, 19.6335358650001], [84.0933292280001, 19.6335988170001], [84.0933779110001, 19.6337923340001], [84.0936317910001, 19.63374679], [84.0938096140001, 19.633740226], [84.0938158650001, 19.6336636940001], [84.0937866960001, 19.6336394910001], [84.0937971130001, 19.6336080930001], [84.0937616940001, 19.6335773500001], [84.0937714170001, 19.6335276360001], [84.093811003, 19.633522403], [84.0938596180001, 19.633552493], [84.0938783700001, 19.6335923950001], [84.0938464230001, 19.6336179050001], [84.0938471170001, 19.633649303], [84.093817254, 19.633665002], [84.0938123920001, 19.633740226], [84.093847064, 19.633773886], [84.0941678680001, 19.633747381], [84.0942710510001, 19.633697022], [84.0942513530001, 19.6336351780001], [84.0941659920001, 19.633641363], [84.094128471, 19.6335565480001], [84.0942588560001, 19.6334964700001], [84.0942874570001, 19.633426339], [84.0942657040001, 19.6333560350001], [84.0941901470001, 19.633362176], [84.0940710960001, 19.633357716], [84.0940578440001, 19.633329856], [84.0939225110001, 19.6333190330001], [84.093882078, 19.633354006], [84.0938556740001, 19.633444936], [84.0938408210001, 19.6333959730001], [84.0938201920001, 19.633389756], [84.0937467540001, 19.633427838], [84.0936997200001, 19.633417735], [84.0936691900001, 19.633469028]]], [[[84.0932837720001, 19.633413336], [84.0931624560001, 19.633487131], [84.093144764, 19.6335287900001], [84.0931637200001, 19.633538312], [84.0931611920001, 19.6335668770001], [84.093132127, 19.633577589], [84.0931043260001, 19.633565687], [84.0931030620001, 19.633546643], [84.0931397090001, 19.633527599], [84.093158665, 19.633487131], [84.093146028, 19.6333776290001], [84.093110644, 19.6334121460001], [84.0930563050001, 19.633413336], [84.0930360850001, 19.6333657270001], [84.0930664140001, 19.6333121660001], [84.093096743, 19.6333419220001], [84.0931169620001, 19.633318117], [84.0930954790001, 19.6332871710001], [84.0930676780001, 19.6332764590001], [84.0930575680001, 19.6332455130001], [84.092895814, 19.6333573950001], [84.0928680120001, 19.633356205], [84.0928730670001, 19.6334145270001], [84.092846529, 19.6334097660001], [84.0928288370001, 19.633353824], [84.0927441680001, 19.6333585850001], [84.0928402100001, 19.6334728480001], [84.092859166, 19.633546643], [84.0929602630001, 19.6335561650001], [84.0929375160001, 19.6336109160001], [84.0928654840001, 19.6336109160001], [84.0928730670001, 19.633691852], [84.092859166, 19.6337311300001], [84.09289455, 19.633740652], [84.0929147690001, 19.6337965930001], [84.0929969100001, 19.633783501], [84.0930424040001, 19.633823969], [84.0930310300001, 19.6338751490001], [84.0930108110001, 19.6338989540001], [84.093108117, 19.6339596560001], [84.0932597620001, 19.6338989540001], [84.0933292670001, 19.633893002], [84.0933747600001, 19.633795403], [84.0933254750001, 19.6336037740001], [84.0933027280001, 19.633577589], [84.0933899240001, 19.6334502330001], [84.0932837720001, 19.633413336]]], [[[84.0926876080001, 19.6342132980001], [84.092674431, 19.6341792760001], [84.0926586260001, 19.6341538450001], [84.092620159, 19.6341357470001], [84.0926233440001, 19.634113718], [84.0925925500001, 19.6340655930001], [84.0926232900001, 19.634027788], [84.092656606, 19.6340355080001], [84.092662181, 19.6340739840001], [84.092640293, 19.634103811], [84.0926829000001, 19.6341281700001], [84.0926874950001, 19.634150085], [84.092712341, 19.634150086], [84.0927535420001, 19.634171082], [84.0927513060001, 19.634199315], [84.092722457, 19.6342140510001], [84.0927144680001, 19.6342664090001], [84.0929429870001, 19.634322694], [84.0929571170001, 19.6343081970001], [84.0930203200001, 19.634330364], [84.09303076, 19.6343576670001], [84.0931658750001, 19.6344167290001], [84.0932070310001, 19.6344774610001], [84.0932475330001, 19.634485], [84.0932504730001, 19.6345155550001], [84.093276943, 19.634529017], [84.093338368, 19.6344983810001], [84.0933663220001, 19.6342556440001], [84.09333143, 19.634104587], [84.0932939100001, 19.634101329], [84.093260871, 19.6339697650001], [84.0932170830001, 19.6339696960001], [84.093194623, 19.6340460640001], [84.0931530450001, 19.6340356970001], [84.0931222280001, 19.633977443], [84.0929903210001, 19.6339036630001], [84.0929734630001, 19.6338746590001], [84.0929557110001, 19.6338338150001], [84.0928559340001, 19.6338279], [84.092858226, 19.633880334], [84.0928301210001, 19.63390459], [84.0927956840001, 19.633891808], [84.0927880680001, 19.633851136], [84.0927862440001, 19.633819594], [84.0926983620001, 19.633884277], [84.092339812, 19.633830287], [84.0923747150001, 19.63386788], [84.0923750210001, 19.6338941710001], [84.09231815, 19.6338888500001], [84.092294463, 19.633958211], [84.092325654, 19.6340053340001], [84.0923309060001, 19.634049012], [84.0922896170001, 19.634104807], [84.0922518410001, 19.6341437470001], [84.0924221400001, 19.6341909230001], [84.0924190790001, 19.63415351], [84.0924312820001, 19.6341190320001], [84.0924736690001, 19.6341301460001], [84.092481735, 19.63417098], [84.092519941, 19.6342182560001], [84.092690148, 19.634267105], [84.0926876080001, 19.6342132980001]]], [[[84.1269572590001, 19.6383529], [84.126864799, 19.6381106630001], [84.1268906710001, 19.638087383], [84.126840149, 19.637922718], [84.1268180270001, 19.637942374], [84.1267870820001, 19.6379296540001], [84.1268153280001, 19.637899614], [84.126804054, 19.6378673030001], [84.1262732150001, 19.6379446880001], [84.1263687260001, 19.6382882250001], [84.1264094320001, 19.6382971510001], [84.126435245, 19.638312102], [84.1265342980001, 19.638289028], [84.1265441030001, 19.638247692], [84.1265071010001, 19.638223012], [84.126490511, 19.638230315], [84.126450784, 19.6381993320001], [84.1264927190001, 19.6381693970001], [84.1265159530001, 19.6381884310001], [84.1265090540001, 19.638221188], [84.1265411780001, 19.6382440300001], [84.126579195, 19.638231229], [84.1265910480001, 19.6382825810001], [84.12656859, 19.638313027], [84.1265323360001, 19.638292715], [84.1264342320001, 19.638315802], [84.126440556, 19.638346977], [84.1263860940001, 19.6383572180001], [84.1264413230001, 19.638603747], [84.126708965, 19.638577673], [84.12675426, 19.638493775], [84.1268146530001, 19.6384823990001], [84.1268055940001, 19.638564875], [84.1270018720001, 19.638525058], [84.1270120440001, 19.6383505480001], [84.1269572590001, 19.6383529]]], [[[84.1254293850001, 19.6385873460001], [84.1253572240001, 19.638606462], [84.125445819, 19.6390280140001], [84.1254622010001, 19.638992033], [84.1255067550001, 19.639013338], [84.125507521, 19.639042712], [84.1254583420001, 19.6390346920001], [84.125441949, 19.6390694950001], [84.1254668890001, 19.639208651], [84.1256484570001, 19.6391730180001], [84.1256510380001, 19.6391171000001], [84.1257181540001, 19.6391171000001], [84.125715573, 19.6391961150001], [84.126052444, 19.6390794160001], [84.12648999, 19.6389529910001], [84.1264945630001, 19.6388597760001], [84.12637813, 19.638878048], [84.1263293860001, 19.638982496], [84.1262857020001, 19.638977384], [84.1263172270001, 19.6389114670001], [84.1262854230001, 19.63887472], [84.1263043600001, 19.638822066], [84.126372459, 19.638871395], [84.126490678, 19.638854806], [84.126465624, 19.638695553], [84.1262456630001, 19.638740451], [84.1262505510001, 19.6387630790001], [84.1262269760001, 19.6387907180001], [84.126157451, 19.6387881970001], [84.1261615230001, 19.6387546440001], [84.125969146, 19.6387191740001], [84.1259243600001, 19.6387278020001], [84.1259213070001, 19.6386894560001], [84.1259396280001, 19.6386817870001], [84.1259711820001, 19.638715339], [84.126157451, 19.6387517680001], [84.126163558, 19.6387335540001], [84.126215185, 19.638711534], [84.1262451270001, 19.638732399], [84.1264683810001, 19.6386891770001], [84.126452068, 19.638657444], [84.1264062970001, 19.638668524], [84.126384601, 19.6386290880001], [84.1264357000001, 19.638605602], [84.1264268340001, 19.638580695], [84.126292495, 19.638597803], [84.126226445, 19.6385760420001], [84.1261945910001, 19.638649549], [84.1261579120001, 19.638649549], [84.1261426200001, 19.6385251940001], [84.1262135110001, 19.6385038080001], [84.126165509, 19.638440309], [84.1261311970001, 19.638264136], [84.125348177, 19.6384893160001], [84.1253539460001, 19.638605098], [84.125418408, 19.6385860730001], [84.12540268, 19.6385581120001], [84.1254188010001, 19.638521385], [84.1254732290001, 19.638539097], [84.1254885420001, 19.6385886190001], [84.125451974, 19.638619228], [84.1254293850001, 19.6385873460001]]], [[[84.130459783, 19.6387761070001], [84.13034679, 19.6387578910001], [84.130227689, 19.6387732310001], [84.1299772720001, 19.6387396750001], [84.129886673, 19.6387425510001], [84.1298805650001, 19.6388940320001], [84.1299833790001, 19.6389055380001], [84.1302969100001, 19.6389505990001], [84.1304119390001, 19.6389525160001], [84.1305615790001, 19.638941969], [84.130697986, 19.638944845], [84.1306409800001, 19.6387991170001], [84.1305758300001, 19.638756932], [84.130459783, 19.6387761070001]]], [[[84.1260544570001, 19.6390836690001], [84.1260708600001, 19.6391593230001], [84.1260405520001, 19.6391642460001], [84.126011335, 19.6391030770001], [84.1257508730001, 19.639191414], [84.1257891530001, 19.63919637], [84.1258003550001, 19.6392337080001], [84.1257768090001, 19.639277641], [84.1258416200001, 19.6396469430001], [84.1259147320001, 19.639617109], [84.1259452360001, 19.6394819110001], [84.1260134220001, 19.6394785310001], [84.1260654590001, 19.6395174], [84.1263399970001, 19.6394751510001], [84.126382752, 19.639365448], [84.1263151480001, 19.6390187550001], [84.1260544570001, 19.6390836690001]]], [[[84.120095344, 19.641263829], [84.120032387, 19.641284275], [84.119991139, 19.6412495160001], [84.1199791990001, 19.6411861330001], [84.1200247890001, 19.64112275], [84.1200019940001, 19.641044032], [84.1196297830001, 19.641127904], [84.1196536640001, 19.641300675], [84.1196938260001, 19.641337478], [84.1196938260001, 19.641400861], [84.119665604, 19.6414172180001], [84.11972639, 19.6415920330001], [84.120453388, 19.641307738], [84.1204000500001, 19.6411755410001], [84.1203916760001, 19.641037898], [84.12030918, 19.6410563000001], [84.1202245140001, 19.6409939390001], [84.1200063360001, 19.641044032], [84.120030216, 19.6411237720001], [84.1200812330001, 19.6411186610001], [84.120130079, 19.6411871550001], [84.120095344, 19.641263829]]], [[[84.1205834360001, 19.6410851090001], [84.1204028110001, 19.641172376], [84.1204579370001, 19.641308247], [84.1205951650001, 19.641729116], [84.1206854770001, 19.641698186], [84.120720664, 19.641612024], [84.1207851730001, 19.641605396], [84.12082036, 19.6416219660001], [84.1206784400001, 19.6410806910001], [84.1206068930001, 19.6410166210001], [84.1205822630001, 19.641022144], [84.1205834360001, 19.6410851090001]]], [[[84.1276567990001, 19.6413061330001], [84.1276174750001, 19.641298277], [84.1276043670001, 19.6412724640001], [84.12763535, 19.64122645], [84.1276198580001, 19.6411535010001], [84.1272928820001, 19.641207255], [84.1273199720001, 19.641337336], [84.1273957070001, 19.6413402260001], [84.1274639210001, 19.64173241], [84.127642333, 19.6417047150001], [84.127683301, 19.641755394], [84.127911377, 19.6417226080001], [84.1278971550001, 19.641638877], [84.128037384, 19.64143417], [84.1280168360001, 19.6413344470001], [84.1278844000001, 19.641264608], [84.1277497460001, 19.641126566], [84.1276234330001, 19.6411535010001], [84.1276401160001, 19.64122645], [84.1276722900001, 19.64123655], [84.1276925480001, 19.641270219], [84.1276567990001, 19.6413061330001]]], [[[84.1285565360001, 19.641444957], [84.1285704800001, 19.641366776], [84.1284349300001, 19.641344299], [84.1284582820001, 19.6414435660001], [84.1284221130001, 19.641438409], [84.1284317450001, 19.6414958730001], [84.1285276390001, 19.641538715], [84.1285054480001, 19.641560478], [84.1283179980001, 19.6415026980001], [84.128343031, 19.6414665630001], [84.1284292970001, 19.6414958730001], [84.1284204780001, 19.6414398810001], [84.1283599370001, 19.6414383210001], [84.1283363920001, 19.6412427660001], [84.1285307590001, 19.641259876], [84.12855742, 19.641213839], [84.1286011070001, 19.641232243], [84.1285873580001, 19.641344299], [84.128693114, 19.6413258050001], [84.1286715160001, 19.641234873], [84.128637155, 19.6410945750001], [84.1284336040001, 19.641139063], [84.128419578, 19.6411050350001], [84.12830015, 19.641131205], [84.1282915830001, 19.641170517], [84.1280381540001, 19.641208583], [84.1280685520001, 19.6412974090001], [84.1282016000001, 19.6412509190001], [84.1282116510001, 19.641296299], [84.1281329170001, 19.6413230060001], [84.128122987, 19.641282985], [84.1280611860001, 19.6413029660001], [84.1280312520001, 19.641346942], [84.128040668, 19.6413985460001], [84.1280830270001, 19.641402521], [84.128174437, 19.641530974], [84.1281865000001, 19.6415646940001], [84.1282481800001, 19.6415381080001], [84.1282549260001, 19.641577011], [84.128209778, 19.6415914190001], [84.1281611220001, 19.6417504940001], [84.1281766490001, 19.6417888940001], [84.128400899, 19.6417558100001], [84.128421561, 19.641830815], [84.1283878190001, 19.6418502770001], [84.1283122500001, 19.6418103500001], [84.1282011810001, 19.641829736], [84.1282385470001, 19.6419069070001], [84.1284594520001, 19.6418959690001], [84.128468373, 19.641947331], [84.1285799720001, 19.6419463560001], [84.1286046920001, 19.6419317560001], [84.1286300070001, 19.641836665], [84.128625583, 19.6418054490001], [84.1285910390001, 19.6417828950001], [84.1284894510001, 19.6417782120001], [84.1285214790001, 19.641715972], [84.1285819440001, 19.6417539460001], [84.128603684, 19.6417049250001], [84.1285585950001, 19.6416293300001], [84.1286157160001, 19.6416032490001], [84.1286469450001, 19.641638363], [84.1286312030001, 19.641730749], [84.128654822, 19.641747437], [84.12867579, 19.641727974], [84.1286973190001, 19.6417353780001], [84.1286717420001, 19.641811107], [84.1286316000001, 19.641813939], [84.1286350190001, 19.641842366], [84.1286733320001, 19.6418395150001], [84.12867527, 19.641929813], [84.1288118000001, 19.6419114020001], [84.1288137060001, 19.6418834570001], [84.128746091, 19.6418385640001], [84.128759147, 19.6417857070001], [84.1287873520001, 19.641781958], [84.1287735830001, 19.6415353950001], [84.128610597, 19.6415353960001], [84.1285565360001, 19.641444957]]], [[[84.1201354780001, 19.641897574], [84.1201160850001, 19.6418196450001], [84.120179674, 19.6418106630001], [84.1202060090001, 19.641830693], [84.1201917820001, 19.641886356], [84.120218503, 19.641936435], [84.1205967000001, 19.6417427000001], [84.120455538, 19.641312713], [84.119731646, 19.641596834], [84.1198434450001, 19.642026747], [84.1199002770001, 19.64206806], [84.120188898, 19.6419503070001], [84.1201649010001, 19.6418950790001], [84.1201354780001, 19.641897574]]], [[[84.1261864900001, 19.642134818], [84.1261417160001, 19.642161806], [84.1261195960001, 19.64212697], [84.1260238470001, 19.64212809], [84.126049778, 19.642287084], [84.126086355, 19.6423332970001], [84.126090322, 19.6423751930001], [84.1263127280001, 19.6423460680001], [84.1263967300001, 19.6423251850001], [84.1265040700001, 19.6422526580001], [84.1266017720001, 19.6422412260001], [84.1265933010001, 19.6421809980001], [84.1265437480001, 19.6421640610001], [84.1265500640001, 19.6421113050001], [84.1265776100001, 19.6421146590001], [84.1266083400001, 19.642153923], [84.1266092930001, 19.642197982], [84.1266790340001, 19.6422178070001], [84.1266595330001, 19.6421193420001], [84.1266956640001, 19.6421247960001], [84.1267190250001, 19.6420921050001], [84.126693281, 19.6420540550001], [84.126696516, 19.642005274], [84.1267556450001, 19.641998512], [84.1267943890001, 19.6420404890001], [84.1267870230001, 19.642077145], [84.1267334630001, 19.6420948260001], [84.1267447430001, 19.642146629], [84.126740129, 19.6421945010001], [84.1267922200001, 19.6422260420001], [84.1268080560001, 19.642265905], [84.1268895010001, 19.642220552], [84.1269112740001, 19.642164393], [84.126953331, 19.642190392], [84.12693597, 19.6422397760001], [84.1269098230001, 19.6422507720001], [84.1268894990001, 19.642223297], [84.12681095, 19.642270035], [84.126907004, 19.642380777], [84.127225126, 19.642323708], [84.1272270200001, 19.6422488050001], [84.127262998, 19.6422559390001], [84.1272781470001, 19.642298741], [84.1274637180001, 19.6423094410001], [84.127461812, 19.642156158], [84.1275247290001, 19.6421375030001], [84.1275550220001, 19.642184689], [84.1277927090001, 19.642207732], [84.127881259, 19.64217591], [84.127884753, 19.6420453270001], [84.1277367820001, 19.6419575410001], [84.1277367820001, 19.641995948], [84.1276447370001, 19.6420365490001], [84.127595801, 19.641977293], [84.1276575530001, 19.6419301080001], [84.1277181390001, 19.641918038], [84.1277076530001, 19.641854392], [84.127659883, 19.6418203750001], [84.127556187, 19.6418192780001], [84.1275631770001, 19.641778677], [84.1275794890001, 19.641774288], [84.1276587180001, 19.641809402], [84.1276785250001, 19.6417852610001], [84.127641241, 19.641707351], [84.127510747, 19.641730395], [84.1274956, 19.6418489060001], [84.127442005, 19.6418719500001], [84.127411711, 19.6418467120001], [84.1274583160001, 19.641736979], [84.127437344, 19.6416184670001], [84.1272462640001, 19.641569088], [84.1272625760001, 19.6416985720001], [84.127313841, 19.6417490490001], [84.127309181, 19.641829154], [84.1273755930001, 19.6418697560001], [84.1273755930001, 19.6419202330001], [84.1273301530001, 19.6419334010001], [84.1272532550001, 19.641873047], [84.1272567500001, 19.6418137920001], [84.1272602450001, 19.641779775], [84.1272171360001, 19.6417775800001], [84.1271716960001, 19.6415515300001], [84.1267149810001, 19.6417961660001], [84.1267077520001, 19.6418687510001], [84.126576141, 19.641942326], [84.1265392000001, 19.6419310650001], [84.1265006, 19.6419552240001], [84.126529755, 19.6420628160001], [84.1261892970001, 19.6421046030001], [84.1261864900001, 19.642134818]]], [[[84.1310671100001, 19.6420346100001], [84.1310863300001, 19.641997551], [84.1308135070001, 19.641837691], [84.1307708780001, 19.6418960940001], [84.1308131540001, 19.641932535], [84.1307795660001, 19.641957893], [84.1307248030001, 19.641953659], [84.13074068, 19.6418863210001], [84.130766366, 19.641891904], [84.130804444, 19.6418418440001], [84.130565399, 19.6416914320001], [84.1305283900001, 19.6418459990001], [84.1305470980001, 19.6419395680001], [84.130582781, 19.641974857], [84.1306106490001, 19.6420288940001], [84.130564861, 19.642086298], [84.1305441710001, 19.642309385], [84.1306632430001, 19.642348229], [84.130698705, 19.6423439010001], [84.130728371, 19.6423036520001], [84.1307511380001, 19.6423309350001], [84.1307184290001, 19.642368468], [84.130837086, 19.6424106040001], [84.130846401, 19.6423771620001], [84.1308279200001, 19.642362678], [84.1308510630001, 19.642319432], [84.1308833460001, 19.642335254], [84.1308649320001, 19.642403319], [84.130957912, 19.642428125], [84.130929183, 19.6425521840001], [84.1309853590001, 19.6426095140001], [84.1312668850001, 19.642677334], [84.131387562, 19.6424028500001], [84.131460921, 19.64235297], [84.1314551130001, 19.6422975150001], [84.1314144830001, 19.6422990070001], [84.131413379, 19.6421705020001], [84.1310894120001, 19.6419989720001], [84.131070224, 19.64203747], [84.131090584, 19.6420603990001], [84.13110513, 19.642096399], [84.1310579120001, 19.642128255], [84.1309848970001, 19.6420848560001], [84.1310133760001, 19.642026038], [84.1310671100001, 19.6420346100001]]], [[[84.1256930930001, 19.6426141910001], [84.1256186090001, 19.642650512], [84.1255653280001, 19.642585218], [84.125614979, 19.642525692], [84.1256018170001, 19.642457532], [84.1256643400001, 19.6424164760001], [84.125651093, 19.6423596010001], [84.125536062, 19.642341887], [84.125459322, 19.6421050710001], [84.125319629, 19.6421576970001], [84.1253316030001, 19.642245406], [84.1252850390001, 19.64226796], [84.1252983430001, 19.642336874], [84.125368854, 19.6423406330001], [84.1254087670001, 19.6424145600001], [84.12528903, 19.6425423650001], [84.1252251700001, 19.6424496440001], [84.125245126, 19.642366946], [84.1252118660001, 19.6423281030001], [84.125154659, 19.6423168260001], [84.1251014420001, 19.642221599], [84.1252025530001, 19.6421038180001], [84.125316969, 19.642152685], [84.1254553310001, 19.6421038180001], [84.1254247310001, 19.642029891], [84.1253320870001, 19.6419525330001], [84.1253508280001, 19.641883287], [84.1252584100001, 19.6417770800001], [84.1251925270001, 19.6418000580001], [84.1251887130001, 19.641856698], [84.1251340890001, 19.641842528], [84.125117242, 19.641791219], [84.1251887660001, 19.641794754], [84.125258408, 19.6417717800001], [84.125369199, 19.641673027], [84.125262063, 19.641509779], [84.1252171030001, 19.641529039], [84.125172137, 19.6415272880001], [84.1251965440001, 19.641459065], [84.1252611730001, 19.641453343], [84.1252558740001, 19.641385966], [84.1250862970001, 19.641410921], [84.1250915970001, 19.641458335], [84.1250094580001, 19.641540686], [84.124969713, 19.6414907760001], [84.1250041590001, 19.641420903], [84.1247760630001, 19.641431718], [84.1248035510001, 19.6414576080001], [84.1247775090001, 19.641499848], [84.1247268720001, 19.6414943980001], [84.124712404, 19.6414521570001], [84.124634278, 19.6414685080001], [84.124676235, 19.641610218], [84.124721085, 19.641659272], [84.1247268720001, 19.641723314], [84.1245361250001, 19.641797909], [84.1245352600001, 19.641825232], [84.1246702290001, 19.6418619510001], [84.1246547160001, 19.6419073210001], [84.1245964140001, 19.641935975], [84.124623795, 19.642074527], [84.1246651880001, 19.64206467], [84.1246878810001, 19.6421178950001], [84.1247719260001, 19.6421154060001], [84.124813783, 19.6420560620001], [84.1249331660001, 19.642095542], [84.124877085, 19.6421893790001], [84.1247794290001, 19.642155384], [84.1247705590001, 19.6421178950001], [84.124693108, 19.642122876], [84.124702837, 19.642169204], [84.1246135330001, 19.642151622], [84.1245890800001, 19.6421216300001], [84.124620851, 19.642084405], [84.1245959490001, 19.641950368], [84.1245187060001, 19.6419301380001], [84.1245052770001, 19.6418420200001], [84.1243649190001, 19.6418665630001], [84.1242706250001, 19.641930137], [84.124183944, 19.6420991860001], [84.1245892000001, 19.6430139510001], [84.1247008000001, 19.6430457000001], [84.1250125660001, 19.643008588], [84.1250828110001, 19.642935279], [84.125172041, 19.642987131], [84.1252905320001, 19.6429733300001], [84.1254974000001, 19.6427675210001], [84.1258400300001, 19.643078567], [84.126129463, 19.6431372370001], [84.1261557020001, 19.642997672], [84.1260643890001, 19.64299205], [84.1260355840001, 19.6426650710001], [84.125968915, 19.642685122], [84.1258696450001, 19.6425166990001], [84.1257879390001, 19.642518497], [84.125768802, 19.6424933540001], [84.125700447, 19.6424879740001], [84.125662511, 19.64253109], [84.1256930930001, 19.6426141910001]]], [[[84.126411181, 19.642493007], [84.1263876400001, 19.6424972790001], [84.1263742340001, 19.6424503690001], [84.126244328, 19.642430806], [84.126223951, 19.642451861], [84.1261925030001, 19.642462967], [84.126153194, 19.642442605], [84.126183659, 19.642395402], [84.126211175, 19.642384296], [84.1261974170001, 19.642365785], [84.1260911620001, 19.6423780860001], [84.1260384540001, 19.642443186], [84.1259692770001, 19.642468718], [84.1258781710001, 19.642409194], [84.125838441, 19.642327283], [84.125903313, 19.6422569380001], [84.126006535, 19.6422246610001], [84.126005508, 19.642132329], [84.1257118290001, 19.6421602630001], [84.1257487620001, 19.642318829], [84.125664209, 19.6423766720001], [84.125701044, 19.6424847160001], [84.1257636460001, 19.6424893500001], [84.125806229, 19.6424321420001], [84.1258841540001, 19.6424643710001], [84.125889004, 19.642490277], [84.125872287, 19.642514432], [84.1259165120001, 19.642589356], [84.1259540070001, 19.6425827640001], [84.126041452, 19.642637601], [84.1260688240001, 19.642978155], [84.1262332690001, 19.642970368], [84.126237862, 19.6429366240001], [84.126204789, 19.64291932], [84.1261910090001, 19.6429288370001], [84.1261542620001, 19.64288298], [84.126171717, 19.642865676], [84.126195603, 19.642863946], [84.126206627, 19.642916724], [84.1262424560001, 19.6429366240001], [84.1262984950001, 19.6429011500001], [84.1263076820001, 19.642860485], [84.1264970920001, 19.6428320360001], [84.1265547930001, 19.6427903100001], [84.1265028770001, 19.642647605], [84.1267807180001, 19.642577976], [84.1268297020001, 19.642509854], [84.1267550970001, 19.6424736700001], [84.1266946800001, 19.642413913], [84.126650457, 19.642293592], [84.1265521830001, 19.642251017], [84.1265069780001, 19.642255645], [84.126398877, 19.642327838], [84.126310431, 19.6423500510001], [84.126200365, 19.6423639340001], [84.1262434490001, 19.6424282570001], [84.126372443, 19.6424461140001], [84.1263960210001, 19.642411275], [84.1264609570001, 19.6424053370001], [84.1264971290001, 19.6424784930001], [84.1264681980001, 19.642519517], [84.126411181, 19.642493007]]], [[[84.1284156820001, 19.6431349480001], [84.128389779, 19.6431176570001], [84.1283819020001, 19.6430691320001], [84.1284146990001, 19.6430440290001], [84.1284721200001, 19.6430410250001], [84.128497317, 19.6429315290001], [84.1284736700001, 19.642916341], [84.1284745870001, 19.642891122], [84.128523698, 19.642895149], [84.1285141710001, 19.642794372], [84.1284207300001, 19.642716481], [84.1283882260001, 19.6427262170001], [84.1283397390001, 19.6428039960001], [84.1282938740001, 19.6427568440001], [84.128337828, 19.642715266], [84.1283856730001, 19.64272378], [84.1284251010001, 19.6427121350001], [84.128450795, 19.642690278], [84.1284748320001, 19.6426403180001], [84.128423443, 19.642638757], [84.128414326, 19.642662956], [84.1283712250001, 19.6426684210001], [84.1283563060001, 19.642639538], [84.128325638, 19.6426512470001], [84.128321494, 19.642682472], [84.128301601, 19.642686375], [84.1282891690001, 19.642662956], [84.128357135, 19.6426371960001], [84.128366252, 19.6426106550001], [84.128426758, 19.642602068], [84.1284325600001, 19.6425692820001], [84.1284623990001, 19.6425591330001], [84.1284671400001, 19.6425369310001], [84.1284538780001, 19.642538492], [84.128436472, 19.6425057060001], [84.128366848, 19.64251039], [84.1283635330001, 19.6424893130001], [84.128439788, 19.642466675], [84.1284455890001, 19.642358949], [84.1286074070001, 19.6422902530001], [84.128592101, 19.642210968], [84.128570235, 19.6422222950001], [84.128515571, 19.642277897], [84.128502451, 19.6422717190001], [84.1284893320001, 19.642199642], [84.128453253, 19.6422027310001], [84.1283974950001, 19.642252156], [84.1283723500001, 19.6422295030001], [84.128360323, 19.642183168], [84.1284215480001, 19.64217596], [84.1284510670001, 19.6421965530001], [84.128482772, 19.642194494], [84.1284630930001, 19.642124476], [84.128628179, 19.6420709330001], [84.1286325520001, 19.6420019450001], [84.128630366, 19.641949432], [84.128458719, 19.6419504620001], [84.128447786, 19.6419854710001], [84.1283854690001, 19.641973115], [84.1283942150001, 19.6419411950001], [84.128327525, 19.641944284], [84.1283176850001, 19.6420596070001], [84.1282848860001, 19.642091527], [84.1282050760001, 19.6420678440001], [84.1281788370001, 19.642138892], [84.1282870730001, 19.6421584560001], [84.1283089390001, 19.6423149660001], [84.12837891, 19.6423592410001], [84.1283800030001, 19.6424024880001], [84.1283455930001, 19.6424225010001], [84.1282924370001, 19.642430749], [84.1282982170001, 19.642450044], [84.128271548, 19.64245557], [84.128263889, 19.642431666], [84.128281685, 19.6424215860001], [84.1282904880001, 19.6424279980001], [84.1283170770001, 19.6424225010001], [84.1282990990001, 19.642348945], [84.128147132, 19.642323203], [84.1281493180001, 19.6422665710001], [84.1280804410001, 19.6422624520001], [84.128083239, 19.6425536290001], [84.128203236, 19.6425461440001], [84.1282139530001, 19.642559385], [84.1282503, 19.6425546520001], [84.1283107500001, 19.642549924], [84.1283162730001, 19.6425831180001], [84.1282688430001, 19.6425831180001], [84.12825093, 19.6425717120001], [84.1282087690001, 19.642570542], [84.1281315850001, 19.642594898], [84.1281288200001, 19.6426309980001], [84.1281080900001, 19.64267148], [84.1281056280001, 19.642695544], [84.1281471250001, 19.6426923540001], [84.1281699950001, 19.6426859740001], [84.1281996290001, 19.6426907590001], [84.1282123440001, 19.642671621], [84.1282504470001, 19.642671621], [84.1282462010001, 19.6426947470001], [84.1282250260001, 19.642701925], [84.1281996270001, 19.642693152], [84.12818099, 19.642701925], [84.128146277, 19.642693949], [84.1281090130001, 19.642697937], [84.1280552840001, 19.6427312930001], [84.128080707, 19.642889715], [84.128185267, 19.6428717310001], [84.1281937910001, 19.6428976030001], [84.128224098, 19.6429009880001], [84.1282351880001, 19.6429236120001], [84.128145229, 19.64294748], [84.1281526970001, 19.643070912], [84.128201484, 19.643070912], [84.1282374580001, 19.643060411], [84.1282439030001, 19.643087291], [84.1282148650001, 19.6431025480001], [84.1282022220001, 19.643086119], [84.1281282040001, 19.643089635], [84.1281487410001, 19.643192298], [84.1285454810001, 19.643227414], [84.1285532480001, 19.6431892100001], [84.1285253200001, 19.643143104], [84.128451113, 19.643135967], [84.1284516590001, 19.6431748250001], [84.1284323460001, 19.6431809850001], [84.1284156820001, 19.6431349480001]]], [[[84.1280698190001, 19.6431716070001], [84.1280918580001, 19.643149443], [84.1280930510001, 19.6431260590001], [84.1280044910001, 19.6431174470001], [84.1280147630001, 19.6430805540001], [84.128048612, 19.643084242], [84.1280625790001, 19.6430043980001], [84.1279557060001, 19.6429259130001], [84.12797901, 19.6429026370001], [84.1279737140001, 19.6428732520001], [84.1279138200001, 19.6428145360001], [84.127943514, 19.6427656610001], [84.1279902630001, 19.64278154], [84.1280060920001, 19.6428512250001], [84.1279789120001, 19.642874476], [84.1279829060001, 19.6429026370001], [84.1280452110001, 19.6428928400001], [84.128031503, 19.642714395], [84.1279873980001, 19.6427058560001], [84.1279665480001, 19.6426729350001], [84.1278496470001, 19.6426557340001], [84.127818711, 19.6426899250001], [84.127708193, 19.6426891730001], [84.1276918820001, 19.642660887], [84.127606326, 19.642680249], [84.127566121, 19.6427217150001], [84.127510413, 19.64269488], [84.1274739890001, 19.6427705460001], [84.127597542, 19.6428734], [84.1276579190001, 19.6428861470001], [84.127644311, 19.642915422], [84.1276694540001, 19.6429241340001], [84.1277502460001, 19.6428852940001], [84.1278451060001, 19.642888708], [84.1278446640001, 19.6429241330001], [84.1276902210001, 19.6429337710001], [84.127632029, 19.6429136850001], [84.127613899, 19.6428870010001], [84.1275955900001, 19.642885295], [84.1275428870001, 19.642962932], [84.127500083, 19.643006789], [84.1275065030001, 19.643047026], [84.1275402190001, 19.64303483], [84.1275726050001, 19.643055566], [84.127619269, 19.6430763110001], [84.1276192610001, 19.643105614], [84.127563476, 19.643120272], [84.127474008, 19.6430970650001], [84.1274714510001, 19.6430763110001], [84.1275013140001, 19.643049466], [84.1274949240001, 19.642990947], [84.1274042580001, 19.642983637], [84.127366996, 19.642878984], [84.1272569340001, 19.6428972210001], [84.1273014990001, 19.643101949], [84.1273623000001, 19.6431665000001], [84.12771466, 19.643248681], [84.1278921530001, 19.643297213], [84.127905894, 19.643208778], [84.1279654400001, 19.6432109350001], [84.1279906330001, 19.6432476030001], [84.127959715, 19.643324174], [84.128095983, 19.6433489790001], [84.1280961860001, 19.643239394], [84.1280698190001, 19.6431716070001]]], [[[84.121367181, 19.6431343080001], [84.1213103320001, 19.643140257], [84.121306121, 19.643193797], [84.1211924250001, 19.643166036], [84.1211987410001, 19.6430847340001], [84.1212576950001, 19.6430847340001], [84.1213124380001, 19.6431343080001], [84.121358759, 19.6431303420001], [84.121335598, 19.643017313], [84.1206723700001, 19.64306887], [84.1208365960001, 19.6440801790001], [84.1211439990001, 19.644068281], [84.121405081, 19.6440960420001], [84.1214092910001, 19.643850156], [84.1213650760001, 19.643560644], [84.1213145440001, 19.643630048], [84.1212745390001, 19.6435665930001], [84.1213061220001, 19.643513053], [84.1213692870001, 19.6435447800001], [84.1213924470001, 19.643340536], [84.121367181, 19.6431343080001]]], [[[84.1274304300001, 19.643728772], [84.127393655, 19.64375226], [84.1273596080001, 19.6437161800001], [84.127398354, 19.6436795290001], [84.127431684, 19.643692899], [84.127429512, 19.643726971], [84.1275624200001, 19.643754072], [84.1275840430001, 19.6436653150001], [84.127556154, 19.6436555720001], [84.1276182820001, 19.643594991], [84.1276387450001, 19.6436089580001], [84.127634496, 19.6436308780001], [84.127653245, 19.6436458530001], [84.1276651150001, 19.643637918], [84.127695282, 19.6436626560001], [84.1276514210001, 19.6437495430001], [84.1276732220001, 19.6437613300001], [84.1276944690001, 19.6437468280001], [84.1277366290001, 19.6437468280001], [84.1278061850001, 19.6436777490001], [84.1278258980001, 19.643706315], [84.1277812610001, 19.643736887], [84.127808939, 19.6437513540001], [84.1278130810001, 19.6438115780001], [84.127925986, 19.6438293370001], [84.12796043, 19.6438473590001], [84.128038249, 19.643425641], [84.1279903590001, 19.643441995], [84.127670687, 19.643380442], [84.1276622770001, 19.643406941], [84.1276174590001, 19.6434119300001], [84.127555338, 19.643392013], [84.1275453050001, 19.643359044], [84.1271945010001, 19.6432955500001], [84.1271710300001, 19.643410266], [84.1272260980001, 19.643427769], [84.1272365140001, 19.643412761], [84.127258312, 19.643405279], [84.127301737, 19.643426934], [84.1272949460001, 19.64344535], [84.1273315330001, 19.6434638540001], [84.127356949, 19.643458799], [84.127367312, 19.6434866820001], [84.127342598, 19.6434977210001], [84.1273320500001, 19.6434815980001], [84.127329649, 19.643467227], [84.1272945040001, 19.643447268], [84.1272766440001, 19.643461686], [84.1272358210001, 19.643449671], [84.127194998, 19.643464088], [84.1271897, 19.6435824000001], [84.127177138, 19.643609467], [84.127165656, 19.6437788750001], [84.127316191, 19.643795696], [84.1273480840001, 19.643868986], [84.127511376, 19.6438834040001], [84.1275491660001, 19.643902661], [84.127648751, 19.6438106590001], [84.1276276180001, 19.643786834], [84.127544082, 19.6438392480001], [84.1275108770001, 19.6437904900001], [84.127563384, 19.6437577], [84.1274304300001, 19.643728772]]], [[[84.1283126930001, 19.6442887110001], [84.1281915530001, 19.644282767], [84.12815729, 19.6442327450001], [84.128172739, 19.6441893420001], [84.128110914, 19.6441778810001], [84.1281071560001, 19.6442605880001], [84.1281499900001, 19.6443671420001], [84.1282514150001, 19.6443855530001], [84.1282620280001, 19.6444274140001], [84.1281648400001, 19.644519442], [84.12826556, 19.644550231], [84.1286873340001, 19.64451783], [84.128798805, 19.644500162], [84.12880843, 19.64443054], [84.1289317630001, 19.6444165030001], [84.128959679, 19.644354934], [84.1291683410001, 19.644382476], [84.1291821930001, 19.6443141130001], [84.1290124560001, 19.644222557], [84.1288807870001, 19.644203734], [84.1288859320001, 19.6441017490001], [84.12899207, 19.644118485], [84.129018364, 19.644080972], [84.1290176210001, 19.64393897], [84.1288668070001, 19.643935721], [84.1288299440001, 19.6440105470001], [84.1287503330001, 19.6440627060001], [84.1287203370001, 19.6440648810001], [84.128678871, 19.6440420490001], [84.1286475810001, 19.644089906], [84.1286026870001, 19.644061618], [84.12862133, 19.6440105470001], [84.128735492, 19.643979077], [84.128780437, 19.6439628110001], [84.1288150230001, 19.643902161], [84.1290151000001, 19.6438556700001], [84.1289074680001, 19.643598679], [84.1287770690001, 19.643626512], [84.1287578430001, 19.6436865630001], [84.1285272250001, 19.643690764], [84.128524596, 19.643648823], [84.128494941, 19.6436432410001], [84.128476865, 19.643668377], [84.1284056740001, 19.6436558030001], [84.1283771050001, 19.6435750700001], [84.128284051, 19.643561203], [84.128259991, 19.643503131], [84.128275466, 19.6434645680001], [84.1284092270001, 19.643496236], [84.1284773340001, 19.64347695], [84.1285140080001, 19.6435003730001], [84.1285505220001, 19.6435556610001], [84.1285772100001, 19.643547352], [84.1286321810001, 19.643487968], [84.128626652, 19.643398737], [84.12867664, 19.6434028410001], [84.128775578, 19.6436223330001], [84.1289059470001, 19.64359312], [84.1288365070001, 19.6433533320001], [84.1287085390001, 19.643309356], [84.128553207, 19.643281062], [84.1284675960001, 19.6433105360001], [84.1284714490001, 19.6433576860001], [84.1284449170001, 19.6434136680001], [84.128373352, 19.643369218], [84.1283842130001, 19.6433427160001], [84.12830925, 19.643303195], [84.1282934610001, 19.643323566], [84.1282692060001, 19.643308446], [84.1283054040001, 19.6432619460001], [84.128330277, 19.643272134], [84.1283130730001, 19.6433009520001], [84.1283827080001, 19.6433373260001], [84.128407709, 19.6433197690001], [84.1284654150001, 19.6433074780001], [84.128554331, 19.643275999], [84.1285488780001, 19.6432316250001], [84.1281510490001, 19.643197597], [84.1281045090001, 19.6433966920001], [84.1281780210001, 19.643474353], [84.128239573, 19.6435473450001], [84.128232912, 19.643606823], [84.1282868770001, 19.6436377320001], [84.1283153790001, 19.643700546], [84.1282905370001, 19.643729546], [84.128245871, 19.64369622], [84.1281319600001, 19.6440236330001], [84.128212492, 19.6440521500001], [84.1282070290001, 19.6441087100001], [84.1283249150001, 19.6442124060001], [84.1284738570001, 19.644192214], [84.1285468390001, 19.644300636], [84.128453247, 19.644390174], [84.1283126930001, 19.6442887110001]]], [[[84.127515874, 19.6449982460001], [84.127410217, 19.6450063940001], [84.1272143410001, 19.644904775], [84.1272248000001, 19.6450849780001], [84.1270106320001, 19.64511158], [84.1270508000001, 19.6453335], [84.1271029500001, 19.6454272240001], [84.1272152830001, 19.6453991820001], [84.1272889040001, 19.645495929], [84.1275203060001, 19.645474044], [84.1275618660001, 19.6454199500001], [84.1276212660001, 19.6451105560001], [84.127616281, 19.6450237180001], [84.127515874, 19.6449982460001]]], [[[84.1305704910001, 19.6456118730001], [84.130506944, 19.6455917380001], [84.1305096090001, 19.6457178520001], [84.13050333700242, 19.6457661461567], [84.1303545870001, 19.645801303], [84.130368015, 19.6458729660001], [84.1303098270001, 19.645881397], [84.1302770030001, 19.6458223810001], [84.1301218350001, 19.6458364320001], [84.12999949, 19.645895448], [84.1299547300001, 19.645854699], [84.129868194, 19.64591512], [84.129875654, 19.645937603], [84.1298547660001, 19.6459699210001], [84.1297801650001, 19.645968516], [84.1297488330001, 19.6460612560001], [84.1298547650001, 19.646156806], [84.1299487620001, 19.646272029], [84.1301218340001, 19.6463113730001], [84.1301457600001, 19.6463455630001], [84.130141585, 19.6463901180001], [84.1304848, 19.6462739], [84.1306160660001, 19.6462538330001], [84.1307941700001, 19.646204036], [84.1307621670001, 19.646152929], [84.1307009430001, 19.646159481], [84.1306494600001, 19.646197484], [84.1306216310001, 19.6461358930001], [84.1306758970001, 19.646101822], [84.130703726, 19.646152929], [84.130757992, 19.6461476870001], [84.1308178240001, 19.6461031320001], [84.130801127, 19.646053336], [84.1307510350001, 19.6460454730001], [84.1307218150001, 19.6460376110001], [84.1307079000001, 19.6460756130001], [84.1306592000001, 19.646059888], [84.1306494600001, 19.646023196], [84.1306800720001, 19.6460140230001], [84.1307218150001, 19.646027127], [84.1307649490001, 19.6459340860001], [84.130767732, 19.645877737], [84.1307246760001, 19.645816774], [84.1306095780001, 19.6458826470001], [84.1306308270001, 19.645911831], [84.1305962980001, 19.645949353], [84.1305538, 19.6459485190001], [84.1305343220001, 19.6459009910001], [84.13055681951188, 19.645867778], [84.13058901555846, 19.645867778], [84.1306069220001, 19.645880145], [84.1307193640001, 19.64581594], [84.1307264938438, 19.645795291638912], [84.1308039260001, 19.64567564], [84.1307596330001, 19.6455886430001], [84.1306942990001, 19.645568554], [84.1306927780001, 19.645610323], [84.1306458600001, 19.6455994770001], [84.1306357820001, 19.645557753], [84.1305673090001, 19.6455469640001], [84.1305704910001, 19.6456118730001]]], [[[84.1415036660001, 19.646878412], [84.14169273, 19.6468819940001], [84.1420435380001, 19.6466554830001], [84.1420428280001, 19.646575426], [84.1416401000001, 19.6458244620001], [84.1410141310001, 19.6460716400001], [84.1411122270001, 19.6462587290001], [84.141115906, 19.646342777], [84.1411180600001, 19.6464156910001], [84.1412105210001, 19.646584095], [84.141316617, 19.646639765], [84.14143053, 19.646745067], [84.1415036660001, 19.646878412]]], [[[84.123858435, 19.647299495], [84.1239102110001, 19.647336785], [84.123902597, 19.647361167], [84.124077727, 19.6474084970001], [84.124105135, 19.647336785], [84.124067063, 19.6473081010001], [84.1240503070001, 19.64719767], [84.1239239160001, 19.647153213], [84.1238690960001, 19.6471948020001], [84.1238157990001, 19.6471661190001], [84.1237609760001, 19.6472492990001], [84.1237914320001, 19.6472665090001], [84.1237899070001, 19.647326745], [84.1238386380001, 19.647352561], [84.123858435, 19.647299495]]], [[[84.125460225, 19.6480184170001], [84.1254448160001, 19.6480030980001], [84.1254202050001, 19.6479965390001], [84.1254198500001, 19.6479692510001], [84.1254334440001, 19.6479398540001], [84.125347252, 19.647938767], [84.125350401, 19.6479040290001], [84.1255040490001, 19.647913789], [84.1255069640001, 19.6479485560001], [84.1254394790001, 19.6479550870001], [84.1254576800001, 19.648004191], [84.1254872280001, 19.648026084], [84.125485305, 19.648052412], [84.1254845830001, 19.6480810030001], [84.1255336720001, 19.6481107060001], [84.1256186000001, 19.6479077290001], [84.1256203550001, 19.647695508], [84.1251172330001, 19.6476968310001], [84.1251144350001, 19.647715356], [84.1251401320001, 19.6477405470001], [84.125123203, 19.647797772], [84.125100386, 19.647813795], [84.1250918810001, 19.6478633470001], [84.125120666, 19.647915819], [84.1250977460001, 19.647945529], [84.1250445900001, 19.647903688], [84.125086153, 19.6478633470001], [84.1250961010001, 19.6478151310001], [84.125076086, 19.6478017750001], [84.125063229, 19.6477657950001], [84.125067496, 19.6477299330001], [84.1251044670001, 19.6477100600001], [84.1251044410001, 19.6476968310001], [84.1250830930001, 19.6476691030001], [84.1250106630001, 19.647683618], [84.124948025, 19.6477100600001], [84.1247235260001, 19.647604675], [84.1246025660001, 19.6479180490001], [84.1245656460001, 19.6479575180001], [84.1245416960001, 19.6481782560001], [84.12455866, 19.64824122], [84.1245367070001, 19.648290086], [84.1245696350001, 19.6483746640001], [84.12462751, 19.648393459], [84.1246674240001, 19.648341773], [84.1247153210001, 19.648331436], [84.1247352780001, 19.6483803030001], [84.1248141080001, 19.648376544], [84.1248141080001, 19.648336135], [84.1248560180001, 19.648297605], [84.1248919400001, 19.6482891480001], [84.1248989250001, 19.6483398940001], [84.124860009, 19.648388761], [84.1250347490001, 19.6484075560001], [84.1251195660001, 19.6483455330001], [84.1251026020001, 19.648321099], [84.125151497, 19.6482318230001], [84.1252063790001, 19.648264715], [84.125187419, 19.648325798], [84.125297183, 19.648336246], [84.1254039520001, 19.648215018], [84.125391978, 19.648159573], [84.125406221, 19.648094223], [84.1254705200001, 19.6480810030001], [84.1254748710001, 19.6480590030001], [84.1254547140001, 19.648041435], [84.125460225, 19.6480184170001]]], [[[84.125781454, 19.648444865], [84.125753414, 19.648425296], [84.1257640490001, 19.648403241], [84.1257911370001, 19.6484202], [84.1257930360001, 19.648431245], [84.1258302250001, 19.648456803], [84.1258580590001, 19.6484491260001], [84.1258734880001, 19.648456803], [84.1259034890001, 19.648419351], [84.1257521080001, 19.6483601840001], [84.125627781, 19.648332468], [84.125606255, 19.648352614], [84.1255349850001, 19.648322417], [84.1255548940001, 19.64828902], [84.125579756, 19.6482998560001], [84.125602111, 19.6482831920001], [84.1255702190001, 19.64826242], [84.1254216840001, 19.6482698900001], [84.1254243390001, 19.6483207430001], [84.1256425000001, 19.6483952], [84.1256356000001, 19.6484507000001], [84.125792097, 19.648526286], [84.1258287430001, 19.6484841700001], [84.1258266390001, 19.6484585110001], [84.1257912600001, 19.6484337970001], [84.125781454, 19.648444865]]], [[[84.0909436470001, 19.756674042], [84.09079732, 19.7567293970001], [84.0908891330001, 19.7569697220001], [84.0908303150001, 19.757023728], [84.090979512, 19.757234349], [84.091087106, 19.757161442], [84.0911774850001, 19.757104736], [84.091075629, 19.756967022], [84.0909866850001, 19.756805005], [84.0909436470001, 19.756674042]]], [[[84.098110772, 19.7652132040001], [84.0979198900001, 19.765206323], [84.0978391090001, 19.76510346], [84.0975716400001, 19.7652462670001], [84.0977000710001, 19.7654418490001], [84.09806711, 19.7659187040001], [84.0982733720001, 19.766240291], [84.098509102, 19.7660801920001], [84.0983712170001, 19.7658042840001], [84.098169854, 19.7655468180001], [84.0981553670001, 19.7652669660001], [84.098110772, 19.7652132040001]]], [[[84.09962907, 19.76770442], [84.0995982250001, 19.767805487], [84.0995159650001, 19.767865574], [84.099498366, 19.767929037], [84.0996635970001, 19.767981897], [84.0996825610001, 19.7680240240001], [84.0997517870001, 19.7681102510001], [84.0998266940001, 19.7681638350001], [84.1000729840001, 19.7680021640001], [84.1000453240001, 19.7678949470001], [84.1001409980001, 19.767808562], [84.100119738, 19.7677105240001], [84.1003388140001, 19.767509095], [84.100328856, 19.7674745740001], [84.100569894, 19.7673212460001], [84.100375694, 19.767108901], [84.100336854, 19.767119344], [84.100277669, 19.7670584260001], [84.10019814, 19.7670392800001], [84.099935508, 19.766776458], [84.099900367, 19.766715538], [84.0997709010001, 19.7667103160001], [84.099659929, 19.7667799380001], [84.099715415, 19.7668460790001], [84.099509346, 19.7670443060001], [84.099206005, 19.767361054], [84.099027214, 19.7675055030001], [84.0990728370001, 19.7675752910001], [84.0991688110001, 19.7676289], [84.0993495340001, 19.767718931], [84.099410591, 19.767695551], [84.0993985050001, 19.767662769], [84.099603942, 19.7675859570001], [84.09962907, 19.76770442]]], [[[84.1752402180001, 19.627278566], [84.1751730290001, 19.627150622], [84.1751219080001, 19.626958018], [84.175015284, 19.6267502810001], [84.1750065200001, 19.6266443490001], [84.1746954120001, 19.626721391], [84.174710018, 19.626773669], [84.1746574360001, 19.6268286980001], [84.174733388, 19.627037811], [84.1747801270001, 19.627121732], [84.1748341690001, 19.6273005780001], [84.1752402180001, 19.627278566]]], [[[84.165302529, 19.629986676], [84.1651712810001, 19.6299586110001], [84.1651492880001, 19.629998035], [84.16512091, 19.6300047180001], [84.165068696, 19.629945445], [84.1649286470001, 19.629869818], [84.1648408840001, 19.6299331340001], [84.164780196, 19.6299252200001], [84.1646634890001, 19.629941049], [84.1646513520001, 19.6298689390001], [84.1645131710001, 19.6298575070001], [84.164521574, 19.629905874], [84.164380592, 19.6299674310001], [84.1642984310001, 19.6300500940001], [84.1642629520001, 19.630037783], [84.1641756000001, 19.6300407000001], [84.1640769000001, 19.6300696000001], [84.1640226000001, 19.6301100000001], [84.1639680910001, 19.6301339520001], [84.16390927, 19.630250032], [84.163934479, 19.630302795], [84.1641062720001, 19.630376665], [84.1642211110001, 19.6303282980001], [84.1642052390001, 19.630278173], [84.1643052760001, 19.6302128410001], [84.1644509340001, 19.6301611370001], [84.1645704050001, 19.6301727530001], [84.1646515800001, 19.6302195640001], [84.1648388630001, 19.6302323370001], [84.164862488, 19.630261745], [84.1649239210001, 19.6302405960001], [84.165041994, 19.630253463], [84.1652017540001, 19.6301733610001], [84.165249487, 19.6301946570001], [84.1652896850001, 19.6301757270001], [84.1653022450001, 19.6302041220001], [84.1653608660001, 19.630202545], [84.1654228360001, 19.6302475050001], [84.1656246590001, 19.630208855], [84.1657536270001, 19.6302482940001], [84.1657192860001, 19.630113415], [84.1656806670001, 19.630100272], [84.165651579, 19.6300875760001], [84.165659383, 19.63005617], [84.1656884710001, 19.6300534970001], [84.165577087, 19.629971975], [84.1654181690001, 19.6299987040001], [84.165302529, 19.629986676]]], [[[84.1668642330001, 19.630691482], [84.166836721, 19.63062763], [84.1668117080001, 19.6306366050001], [84.166736207, 19.6305861480001], [84.1667417960001, 19.6305553770001], [84.1667585060001, 19.6305198910001], [84.166711976, 19.630524721], [84.166671121, 19.630498994], [84.1666738600001, 19.6304283160001], [84.166762099, 19.630449217], [84.1667548600001, 19.6304920210001], [84.1667964380001, 19.6304979130001], [84.1668506030001, 19.630431656], [84.1668373320001, 19.630385839], [84.1668106600001, 19.630366754], [84.166802246, 19.6303386220001], [84.166825261, 19.630267071], [84.1667977050001, 19.6301904580001], [84.1667665030001, 19.6301896470001], [84.166748624, 19.630154842], [84.1667665580001, 19.630141929], [84.166675485, 19.629978915], [84.166710917, 19.6299609320001], [84.166663274, 19.629894252], [84.166463214, 19.629957667], [84.166464046, 19.6299813700001], [84.166545871, 19.6299879210001], [84.1665818480001, 19.630196142], [84.1664866140001, 19.630296716], [84.1664227810001, 19.630289917], [84.1664061650001, 19.630244165], [84.1663495640001, 19.6302458550001], [84.1663295340001, 19.6302138020001], [84.166359974, 19.6301584240001], [84.166317377, 19.630110061], [84.1663451320001, 19.630045464], [84.1664623030001, 19.6299830070001], [84.166459758, 19.6299470640001], [84.1663614870001, 19.629965016], [84.166350428, 19.629936474], [84.165971444, 19.6300212850001], [84.1659276760001, 19.630007118], [84.165789617, 19.629998947], [84.165749105, 19.630023528], [84.1657688440001, 19.630055871], [84.165721794, 19.6301131480001], [84.1657519490001, 19.63023192], [84.165846759, 19.6302383450001], [84.165959473, 19.6304392070001], [84.166100681, 19.630525348], [84.1661244050001, 19.6307283080001], [84.1662105120001, 19.6308290740001], [84.1663373150001, 19.630828475], [84.1664051980001, 19.630770876], [84.166361663, 19.6306352460001], [84.1662980360001, 19.6306092240001], [84.1663114310001, 19.6305634890001], [84.166238594, 19.6305051370001], [84.1662159900001, 19.630522485], [84.166190036, 19.6305004050001], [84.166179153, 19.630504348], [84.166151525, 19.6304759600001], [84.1661741300001, 19.6304302250001], [84.166238594, 19.6304523040001], [84.1662402690001, 19.63050356], [84.166313942, 19.6305619120001], [84.1663306870001, 19.630533524], [84.166369198, 19.630531159], [84.1663817560001, 19.630546929], [84.1663884540001, 19.630583991], [84.166399337, 19.630586357], [84.1664043600001, 19.630546141], [84.166420267, 19.630509079], [84.166457941, 19.630531159], [84.166442035, 19.630587145], [84.1664713370001, 19.630605282], [84.1664696620001, 19.630639978], [84.1663951510001, 19.6306115900001], [84.1663641750001, 19.6306328810001], [84.1664085470001, 19.630773242], [84.1664542560001, 19.630759976], [84.1664708390001, 19.6308073450001], [84.1666141480001, 19.630830713], [84.166658586, 19.6307906930001], [84.166724415, 19.630793189], [84.1667286460001, 19.6307219450001], [84.1667722830001, 19.6307194710001], [84.1667734550001, 19.6307368060001], [84.166804869, 19.6307335010001], [84.1668599280001, 19.630693948], [84.1668642330001, 19.630691482]]], [[[84.163583288, 19.630792188], [84.1635409930001, 19.630903249], [84.1634230780001, 19.630931015], [84.1631795580001, 19.6308404760001], [84.1631141920001, 19.630921358], [84.1630296010001, 19.6309696450001], [84.1630020850001, 19.631174979], [84.162866797, 19.631605848], [84.1627830450001, 19.6317869010001], [84.162889895, 19.6318939280001], [84.1630817220001, 19.6317403670001], [84.163157466, 19.6317281340001], [84.163243396, 19.631749927], [84.1632558490001, 19.63176686], [84.163379858, 19.6317561760001], [84.163461237, 19.6316840810001], [84.1634410560001, 19.631661826], [84.1634225870001, 19.631673871], [84.1633806740001, 19.631632347], [84.163374414, 19.6316040180001], [84.1634216160001, 19.6315786230001], [84.163442042, 19.631659052], [84.163463183, 19.631682234], [84.163538557, 19.631654434], [84.1636193420001, 19.6315849550001], [84.1637541630001, 19.6315837120001], [84.163880201, 19.6315312880001], [84.163849966, 19.631331787], [84.1639962580001, 19.6311679410001], [84.1638669290001, 19.6310947870001], [84.163797028, 19.6309249890001], [84.1637246000001, 19.6307764000001], [84.163783805, 19.6307107850001], [84.164083271, 19.6306008510001], [84.1642506790001, 19.6305531080001], [84.1643780690001, 19.6304381480001], [84.1642233330001, 19.63032947], [84.164106615, 19.6303797260001], [84.163932538, 19.630304342], [84.1637481750001, 19.630291745], [84.16369819, 19.6303653840001], [84.1636764020001, 19.6304909310001], [84.163549516, 19.630546462], [84.1635214, 19.6306032000001], [84.1635789950001, 19.6306418300001], [84.163583288, 19.630792188]]], [[[84.165539939, 19.6316790450001], [84.1654818220001, 19.631726078], [84.1655590670001, 19.6319176480001], [84.1656049490001, 19.631945999], [84.165607922, 19.6319868590001], [84.1658118010001, 19.6320635810001], [84.166263723, 19.6321155700001], [84.1663344570001, 19.6318646500001], [84.1662238010001, 19.6315716660001], [84.1664744010001, 19.6314122050001], [84.1662483370001, 19.6310524300001], [84.165677196, 19.631042483], [84.1656023260001, 19.631202538], [84.165539939, 19.6316790450001]]], [[[84.1652233, 19.6320206], [84.1653718000001, 19.6320045000001], [84.1655051130001, 19.632002464], [84.165524614, 19.631909922], [84.165550115, 19.6319042710001], [84.165477363, 19.6317248390001], [84.1655366140001, 19.6316768020001], [84.1655880310001, 19.6313012260001], [84.165527608, 19.6313176670001], [84.165498068, 19.631280991], [84.165219812, 19.631408344], [84.1652870440001, 19.631560354], [84.1650917000001, 19.6319433], [84.165104, 19.6319786], [84.1652233, 19.6320206]]], [[[84.1742307530001, 19.6353378760001], [84.1741424000001, 19.6353569], [84.174038307, 19.6353331810001], [84.17400939, 19.6353829550001], [84.174007396, 19.635404556], [84.1740512700001, 19.6354224], [84.1740761980001, 19.6356337080001], [84.174190868, 19.6356440390001], [84.1743264780001, 19.6356243170001], [84.1742307530001, 19.6353378760001]]], [[[84.1534415340001, 19.6613695300001], [84.1534131920001, 19.661443633], [84.1534280450001, 19.6616148140001], [84.153452041, 19.6616599770001], [84.1535651900001, 19.661644907], [84.1535904, 19.6617452020001], [84.1537182390001, 19.6617507170001], [84.1537224400001, 19.6617893810001], [84.1536159510001, 19.661823987], [84.1536076890001, 19.661947841], [84.1536525290001, 19.6620277060001], [84.153791815, 19.6620614610001], [84.1541315490001, 19.6619632210001], [84.1543473730001, 19.661829531], [84.1544443340001, 19.6617245370001], [84.154293195, 19.6613054700001], [84.154207516, 19.661311429], [84.1540677420001, 19.66110988], [84.1539532, 19.6610375930001], [84.1538643310001, 19.6610117330001], [84.153775582, 19.6610017], [84.1536256890001, 19.6611084630001], [84.1535603870001, 19.6610979050001], [84.153523078, 19.66125974], [84.153555871, 19.6612677460001], [84.1535626990001, 19.66130115], [84.1535337760001, 19.661329268], [84.153495429, 19.6613011490001], [84.1534415340001, 19.6613695300001]]], [[[84.1566126260001, 19.6718673250001], [84.156102951, 19.6710315670001], [84.1556944860001, 19.671187747], [84.1562355720001, 19.6720796180001], [84.1566126260001, 19.6718673250001]]], [[[84.1658006910001, 19.6739268490001], [84.1657391090001, 19.674028938], [84.1655652330001, 19.674296994], [84.1657161510001, 19.6743212800001], [84.165828864, 19.6743239780001], [84.165841281, 19.6742826030001], [84.1659253390001, 19.6743320740001], [84.1661832500001, 19.674368954], [84.1661421530001, 19.674229536], [84.1661392780001, 19.6741674780001], [84.1661606390001, 19.67412776], [84.1661745160001, 19.6740142370001], [84.1661198730001, 19.6739734010001], [84.166087782, 19.6740028030001], [84.166056557, 19.6739856520001], [84.1660600270001, 19.6739595170001], [84.1658865580001, 19.673967685], [84.1658006910001, 19.6739268490001]]], [[[84.1630915480001, 19.6779812080001], [84.1627659260001, 19.6777955750001], [84.1627263460001, 19.67784684], [84.1627579140001, 19.677873262], [84.162731023, 19.677916198], [84.1626901010001, 19.6778875740001], [84.162762591, 19.6777961980001], [84.162715823, 19.6777719770001], [84.1626994540001, 19.677805005], [84.162520623, 19.677698961], [84.162461223, 19.6776820760001], [84.1624242380001, 19.677629311], [84.1619053310001, 19.677286338], [84.1618930020001, 19.677308499], [84.1619075720001, 19.677330661], [84.1618728290001, 19.677366541], [84.161849293, 19.677330661], [84.161862742, 19.677296891], [84.1618885190001, 19.6773074440001], [84.1619053310001, 19.6772789510001], [84.1615897040001, 19.6770985040001], [84.1615656230001, 19.677068132], [84.161302752, 19.676820293], [84.161144112, 19.6769518190001], [84.161154255, 19.676970898], [84.1611317580001, 19.677039397], [84.161075553, 19.677015478], [84.1610428120001, 19.6770617440001], [84.161034939, 19.6771275610001], [84.1609785910001, 19.677218349], [84.1609059640001, 19.677201842], [84.1608383450001, 19.6772902720001], [84.161062487, 19.6774270440001], [84.161038696, 19.6774730280001], [84.1610634940001, 19.6774935], [84.1611289200001, 19.6774948770001], [84.1610694, 19.677555641], [84.161056052, 19.677499009], [84.1609143090001, 19.677698102], [84.1610254770001, 19.677773883], [84.1610746920001, 19.6777477140001], [84.1610972730001, 19.677770067], [84.16107585, 19.677849119], [84.1610260560001, 19.677789148], [84.161024319, 19.677774974], [84.1609137300001, 19.6776997380001], [84.1608757960001, 19.677686604], [84.1606662930001, 19.6779777620001], [84.1607014020001, 19.6780380340001], [84.1607620330001, 19.6780255780001], [84.1607669940001, 19.6779773100001], [84.1608006170001, 19.6779690060001], [84.1608325870001, 19.678049453], [84.1609141640001, 19.678093049], [84.1609362120001, 19.678072808], [84.1609637720001, 19.678082669], [84.160961016, 19.67810862], [84.1610271600001, 19.678123671], [84.161035864, 19.678097752], [84.161099785, 19.6780807800001], [84.161182781, 19.6781659660001], [84.161055461, 19.678241605], [84.161026022, 19.678124976], [84.160960989, 19.6781113540001], [84.1609212050001, 19.6781343530001], [84.1609114010001, 19.678094355], [84.1608305820001, 19.6780511540001], [84.1607971620001, 19.678064685], [84.160776909, 19.6780233120001], [84.1607021120001, 19.678039331], [84.160672156, 19.678071706], [84.1606538250001, 19.6779936040001], [84.1605186950001, 19.6779835190001], [84.1604635830001, 19.678051404], [84.1604356610001, 19.6780152430001], [84.1602029000001, 19.678371], [84.1605378830001, 19.6784802130001], [84.1607688700001, 19.678571291], [84.16084542, 19.678671906], [84.160997481, 19.6788714150001], [84.16138183, 19.679042779], [84.1615118020001, 19.6789526110001], [84.1615505140001, 19.6788726550001], [84.1614933870001, 19.6788015760001], [84.1615261100001, 19.678761778], [84.1614388510001, 19.678698873], [84.1614034020001, 19.6786539400001], [84.1614388510001, 19.678619278], [84.1614777080001, 19.678655866], [84.1614429410001, 19.678698873], [84.161516566, 19.678750866], [84.1616406370001, 19.678621204], [84.161619504, 19.678433129], [84.1613395640001, 19.678280224], [84.1613281400001, 19.678219987], [84.161357842, 19.6781769610001], [84.1614458050001, 19.67816728], [84.1616626690001, 19.6777543860001], [84.1616247220001, 19.677686807], [84.1616849430001, 19.677613013], [84.1617451650001, 19.677658066], [84.1617352650001, 19.6776774860001], [84.1619942780001, 19.677802539], [84.1620495500001, 19.67776137], [84.1621576190001, 19.6777893340001], [84.162078825, 19.6779253710001], [84.1622439830001, 19.67804713], [84.162278551, 19.6780290470001], [84.1623758540001, 19.6780145810001], [84.162386096, 19.677939838], [84.1624603530001, 19.6779989090001], [84.162427065, 19.678042308], [84.162392497, 19.678026636], [84.162361892, 19.678084858], [84.1625359430001, 19.6781613380001], [84.1625646360001, 19.678141227], [84.1626423910001, 19.6781595310001], [84.1626935800001, 19.678090588], [84.1626592380001, 19.6780741150001], [84.1626203610001, 19.678108281], [84.1625639900001, 19.6780777760001], [84.1625620470001, 19.678047271], [84.162603516, 19.6780222570001], [84.1626579430001, 19.6780515410001], [84.162694876, 19.678020427], [84.162725977, 19.6780307980001], [84.162759023, 19.678084487], [84.1627421760001, 19.678108281], [84.1626942280001, 19.678091808], [84.162644335, 19.678160141], [84.1627091300001, 19.6782144420001], [84.162789478, 19.6782193230001], [84.1628482150001, 19.678262551], [84.162865901, 19.678238761], [84.1628338990001, 19.678161049], [84.1628600060001, 19.678130122], [84.1629501180001, 19.678172943], [84.162966119, 19.6782276590001], [84.1629273790001, 19.6782649300001], [84.1628877970001, 19.678258586], [84.1629046410001, 19.678314888], [84.1629551710001, 19.6783394710001], [84.1629914310001, 19.6783046200001], [84.1632254240001, 19.6783949200001], [84.163276529, 19.678299812], [84.163244062, 19.678280564], [84.1632957680001, 19.678225651], [84.163343866, 19.6782494280001], [84.163314406, 19.678310568], [84.1632777310001, 19.6783003780001], [84.1632266270001, 19.678396052], [84.1635248360001, 19.6785132380001], [84.1635593870001, 19.6784191150001], [84.1636220250001, 19.678461713], [84.1636237650001, 19.678512502], [84.1636672650001, 19.678587866], [84.1639428, 19.6788276], [84.1640425590001, 19.678752929], [84.1640881870001, 19.6786989500001], [84.164076487, 19.678643869], [84.1639115250001, 19.6785270990001], [84.163920884, 19.678474221], [84.1638331390001, 19.6784180390001], [84.163844838, 19.6783717710001], [84.1637851710001, 19.678322199], [84.1637395430001, 19.6783519420001], [84.1637594320001, 19.678386092], [84.163747733, 19.6784180390001], [84.163692746, 19.678408125], [84.1636833860001, 19.6783089800001], [84.1637079550001, 19.6782638130001], [84.1635734120001, 19.678212038], [84.1635699020001, 19.6782671180001], [84.1634816530001, 19.6782982170001], [84.163447746, 19.6782673920001], [84.163501529, 19.678191428], [84.163093056, 19.677982372], [84.163046276, 19.678030961], [84.1630644690001, 19.6780959590001], [84.1630223820001, 19.678113781], [84.16300083, 19.678090291], [84.163009297, 19.6780328670001], [84.163044502, 19.6780304430001], [84.1630915480001, 19.6779812080001]]], [[[84.1761378240001, 19.844709731], [84.1759260360001, 19.8447381890001], [84.175989068, 19.8449860170001], [84.1760117600001, 19.8449919460001], [84.176024366, 19.8450227760001], [84.1760722710001, 19.8450073610001], [84.176076053, 19.844975345], [84.176108829, 19.844988389], [84.1761189140001, 19.844969416], [84.1760457970001, 19.8449018270001], [84.17608992, 19.8448543960001], [84.1761315210001, 19.844882854], [84.176139085, 19.84491487], [84.1762058990001, 19.844930285], [84.1761781650001, 19.8449800880001], [84.17626641, 19.8450085470001], [84.176377346, 19.8449895740001], [84.176318096, 19.844758347], [84.1762865800001, 19.84475479], [84.1762437180001, 19.844715659], [84.176236154, 19.84470973], [84.176209681, 19.8447417470001], [84.1761642970001, 19.844740561], [84.1761378240001, 19.844709731]]], [[[84.181287087, 19.8502038980001], [84.181306421, 19.850230697], [84.181401055, 19.850196242], [84.181313544, 19.8500593750001], [84.181377651, 19.85003449], [84.1814733020001, 19.850033533], [84.181642218, 19.849978978], [84.18160355, 19.849917723], [84.18153232, 19.8498468970001], [84.181375615, 19.8499052810001], [84.181387826, 19.849942608], [84.1813481410001, 19.8499655790001], [84.1813115090001, 19.849956008], [84.1812850520001, 19.8499081520001], [84.1813216840001, 19.849867954], [84.1813735800001, 19.849904324], [84.181519092, 19.8498488120001], [84.1814224230001, 19.849649733], [84.180971642, 19.8498028700001], [84.1810611880001, 19.8499981200001], [84.1810957850001, 19.8501474290001], [84.1811629440001, 19.850139772], [84.181209752, 19.850112016], [84.1812341740001, 19.850140729], [84.181202629, 19.8501617860001], [84.1812636830001, 19.8502067700001], [84.181287087, 19.8502038980001]]], [[[84.1815465230001, 19.8500500270001], [84.1815368540001, 19.8500917100001], [84.181473199, 19.8500970160001], [84.1814586950001, 19.8500704900001], [84.181474811, 19.8500363850001], [84.1813805360001, 19.8500363850001], [84.181352335, 19.8500485110001], [84.181349917, 19.8500780680001], [84.1813297730001, 19.8500788260001], [84.1814022120001, 19.8501951430001], [84.1814292010001, 19.850196297], [84.18149012, 19.8501538570001], [84.181524768, 19.8501902360001], [84.1815022060001, 19.8502478350001], [84.1814514430001, 19.8502334350001], [84.1814238850001, 19.850209374], [84.1814300190001, 19.85019822], [84.1814034390001, 19.8501970660001], [84.1813062670001, 19.8502327460001], [84.1812862300001, 19.850205295], [84.1812635790001, 19.8502077540001], [84.1812204550001, 19.8501766160001], [84.18118343, 19.850173748], [84.18116165, 19.850142609], [84.1811119920001, 19.8501688310001], [84.181030148, 19.850182986], [84.181079304, 19.850311494], [84.1811031600001, 19.850312854], [84.1811103890001, 19.8503380120001], [84.1811848460001, 19.8502822570001], [84.181219545, 19.850274778], [84.181259304, 19.850221063], [84.1812773760001, 19.8502231030001], [84.1812860510001, 19.85025778], [84.1812817140001, 19.850299256], [84.181259304, 19.850303335], [84.181284605, 19.850402606], [84.1813185810001, 19.8504277640001], [84.181320649, 19.850514893], [84.181482939, 19.8504857620001], [84.1815101940001, 19.850461292], [84.1815064770001, 19.8504368220001], [84.1814792220001, 19.8504426480001], [84.181480461, 19.850394873], [84.1814457730001, 19.850384386], [84.1814940890001, 19.850344767], [84.1815485980001, 19.850363411], [84.181533732, 19.85038322], [84.181554793, 19.8504193430001], [84.1815201050001, 19.8504275], [84.181523821, 19.850446144], [84.181567181, 19.8504543], [84.1815795700001, 19.850488093], [84.1815560310001, 19.8505347020001], [84.1815101940001, 19.850555677], [84.1814680730001, 19.850521885], [84.1814891330001, 19.850489258], [84.1813218870001, 19.8505183890001], [84.1812839180001, 19.850557408], [84.181308846, 19.850749669], [84.181524885, 19.850732475], [84.181742587, 19.8506965230001], [84.1817671000001, 19.8506013000001], [84.1818688860001, 19.850410476], [84.1816585000001, 19.8499798], [84.1815102640001, 19.8500242580001], [84.1815465230001, 19.8500500270001]]], [[[84.1781692470001, 19.8629247600001], [84.1783010680001, 19.862988097], [84.1784300240001, 19.86306491], [84.1784486510001, 19.862961145], [84.1784099640001, 19.862918022], [84.1783712770001, 19.862889722], [84.1784257250001, 19.8627805670001], [84.1785116950001, 19.8627657430001], [84.178541785, 19.8626808440001], [84.1785360530001, 19.8626525440001], [84.1785432170001, 19.862630983], [84.1785217250001, 19.862589207], [84.1785346200001, 19.8625636030001], [84.1784257250001, 19.8625353040001], [84.1784185600001, 19.862589208], [84.17823659, 19.862556865], [84.1782437540001, 19.8625312610001], [84.178129127, 19.862519133], [84.1781319930001, 19.8625541700001], [84.1780775450001, 19.862604031], [84.1780402910001, 19.862597293], [84.177985843, 19.862640416], [84.177988709, 19.8626673680001], [84.1779242310001, 19.862682192], [84.177902739, 19.8626013360001], [84.177838261, 19.862564951], [84.177835395, 19.8628358180001], [84.178043157, 19.8628843320001], [84.178066082, 19.8627563100001], [84.1781076350001, 19.862738791], [84.178113366, 19.862768438], [84.1781549180001, 19.8627980860001], [84.1781119330001, 19.8628277330001], [84.1780445900001, 19.8628870270001], [84.1781692470001, 19.8629247600001]]], [[[84.192317228, 19.879968326], [84.192403389, 19.879991476], [84.1924649330001, 19.8800493520001], [84.192686773, 19.8798024660001], [84.1928095750001, 19.879636503], [84.1928875290001, 19.8793857060001], [84.1929100940001, 19.879146485], [84.1927623890001, 19.8791657780001], [84.191779749, 19.8790654630001], [84.191443313, 19.87899794], [84.1912915060001, 19.8791715680001], [84.1910740530001, 19.879322044], [84.1914289520001, 19.879738752], [84.191629993, 19.879605638], [84.1917961600001, 19.8798178490001], [84.191252525, 19.880178609], [84.1913928370001, 19.8803604560001], [84.1915520370001, 19.880275069], [84.1916012720001, 19.88027314], [84.1918987320001, 19.8800300610001], [84.1919397610001, 19.8799837600001], [84.192081311, 19.8798930880001], [84.192130546, 19.8799837600001], [84.1921982440001, 19.879985689], [84.192317228, 19.879968326]]], [[[84.1993599737613, 19.8820318495395], [84.1989225134177, 19.8815651487335], [84.1988076268576, 19.8814910927971], [84.198701031446, 19.8815279940335], [84.1985114417407, 19.8817248928026], [84.1984481442257, 19.8818718733659], [84.1989132197155, 19.8824769776512], [84.1993599737613, 19.8820318495395]]], [[[84.19690375, 19.8829200380001], [84.196895463, 19.8828914640001], [84.1964700600001, 19.8830758990001], [84.196650994, 19.883321381], [84.196820878, 19.883604529], [84.1970888280001, 19.8835707590001], [84.1972739060001, 19.8835188050001], [84.19722004, 19.8834369780001], [84.1969299930001, 19.882904452], [84.19690375, 19.8829200380001]]], [[[84.198586897, 19.8841146410001], [84.1986553070001, 19.884183555], [84.1986886170001, 19.8843471220001], [84.198747477, 19.884339314], [84.198724842, 19.8842233070001], [84.1987782590001, 19.884217178], [84.1987997160001, 19.884334634], [84.198688502, 19.884353375], [84.1986999750001, 19.8844447180001], [84.198804722, 19.8844956610001], [84.19878736, 19.884576054], [84.1987268920001, 19.8846215030001], [84.198738007, 19.8847780420001], [84.1990394420001, 19.884739805], [84.1990078310001, 19.884511661], [84.199044536, 19.8841805220001], [84.198999298, 19.884157719], [84.1989559100001, 19.884175955], [84.1989591910001, 19.884201879], [84.198888147, 19.8842125840001], [84.198864234, 19.8841501360001], [84.198991183, 19.884142561], [84.199034311, 19.884112352], [84.198942607, 19.883784878], [84.1991432660001, 19.8837417780001], [84.199075667, 19.8834151290001], [84.198826297, 19.883050299], [84.1986468440001, 19.883167772], [84.1984295010001, 19.88328138], [84.1983423950001, 19.8832095700001], [84.1981162210001, 19.8833537140001], [84.1979415770001, 19.8834158780001], [84.198141374, 19.8838434890001], [84.1981982250001, 19.8840367120001], [84.1985415790001, 19.883936831], [84.198586897, 19.8841146410001]]], [[[84.198192179, 19.884405583], [84.198013524, 19.8844031530001], [84.1980236750001, 19.8842450110001], [84.1978448550001, 19.884242924], [84.1978149700001, 19.8842471470001], [84.197774823, 19.8842545900001], [84.1976713450001, 19.884294907], [84.197728054, 19.884528908], [84.197953838, 19.8844956360001], [84.1979929010001, 19.8846295980001], [84.1981981440001, 19.884599823], [84.198192179, 19.884405583]]], [[[84.19807416, 19.8851116650001], [84.1982744110001, 19.885078048], [84.198299777, 19.8849803850001], [84.1982466760001, 19.8846111410001], [84.19797959, 19.884662814], [84.19807416, 19.8851116650001]]], [[[84.1991974050001, 19.885750423], [84.19910316, 19.885764824], [84.1991078720001, 19.8856485040001], [84.199007737, 19.885676199], [84.1990171620001, 19.8857249430001], [84.1989653270001, 19.88573159], [84.198951191, 19.8856917090001], [84.1988475210001, 19.885710541], [84.1987887810001, 19.8857339850001], [84.198780028, 19.886130645], [84.198820116, 19.8864163050001], [84.1989181000001, 19.886580135], [84.199525232, 19.8867203240001], [84.199861384, 19.8867088700001], [84.199974657, 19.886825631], [84.2001467040001, 19.886747096], [84.2003043770001, 19.8864940990001], [84.20043395, 19.886453255], [84.2004467420001, 19.886286334], [84.2004160160001, 19.88625247], [84.200293915, 19.8862859820001], [84.2002884030001, 19.8861600990001], [84.200320031, 19.886138574], [84.200233503, 19.885545817], [84.199942665, 19.8856131810001], [84.1999011170001, 19.885588931], [84.199916876, 19.885526956], [84.199866732, 19.8854946220001], [84.1998595680001, 19.8854407310001], [84.199911145, 19.885412439], [84.2000286260001, 19.885408397], [84.199932634, 19.885063497], [84.199856702, 19.885114694], [84.199872462, 19.8851860990001], [84.199800827, 19.885207655], [84.1997865000001, 19.8851887930001], [84.1997320580001, 19.885199572], [84.1997148660001, 19.88526424], [84.1997320580001, 19.885288491], [84.1997148660001, 19.8853100470001], [84.1996761840001, 19.885280408], [84.1996317700001, 19.8852911860001], [84.1996045490001, 19.885319478], [84.1995544050001, 19.8853046580001], [84.1994942320001, 19.885311395], [84.1995386460001, 19.885219781], [84.1995056920001, 19.8850852], [84.199405971, 19.885057067], [84.199374946, 19.8850883260001], [84.1993239780001, 19.885092494], [84.199278549, 19.885013305], [84.1993062500001, 19.8849747530001], [84.1993937830001, 19.8849705850001], [84.1994081870001, 19.885053941], [84.1995034760001, 19.8850810320001], [84.1996619220001, 19.8850237240001], [84.1996857550001, 19.8851319460001], [84.1998884440001, 19.8850560400001], [84.199863109, 19.8848191390001], [84.1997619650001, 19.8845880820001], [84.1993982000001, 19.8847066330001], [84.198729643, 19.8847820990001], [84.1987556130001, 19.88506797], [84.1988096320001, 19.8851282640001], [84.1988810270001, 19.8853745100001], [84.1992059190001, 19.885335459], [84.1993288410001, 19.8853409110001], [84.1995384520001, 19.885310071], [84.1996220940001, 19.8857233000001], [84.1994734830001, 19.885839719], [84.199437297, 19.8858619690001], [84.1994318380001, 19.8859963570001], [84.199572028, 19.8859863870001], [84.1997141320001, 19.8859198120001], [84.1997386880001, 19.8860135670001], [84.1996982650001, 19.886095762], [84.1995732060001, 19.885990818], [84.199428304, 19.886000788], [84.1994306600001, 19.8860395620001], [84.1994436190001, 19.886037346], [84.1994506870001, 19.886078335], [84.199434195, 19.8860849820001], [84.199421236, 19.8861691760001], [84.1993604770001, 19.8861638280001], [84.1993411280001, 19.8860705810001], [84.1993093200001, 19.886056179], [84.1992433490001, 19.8860849820001], [84.199228034, 19.8859210260001], [84.1992810470001, 19.885862312], [84.199332881, 19.885851234], [84.1993022520001, 19.885708326], [84.199318744, 19.8856728760001], [84.199276334, 19.8856407490001], [84.19919387, 19.885665121], [84.1991974050001, 19.885750423]]], [[[84.1654520324099, 19.8976110499102], [84.1654003376034, 19.8976328399247], [84.1653308167522, 19.8977317333835], [84.1652880345509, 19.8978306268863], [84.1653022949182, 19.8979546629613], [84.1653735978259, 19.8981373648832], [84.1654466837091, 19.8981977068533], [84.165386930227, 19.8982388215093], [84.1654109990415, 19.8982923525406], [84.1653315125359, 19.8983516969472], [84.1654321277067, 19.8985456157309], [84.165543647102, 19.8986670190938], [84.1657597631046, 19.8985706391097], [84.1657272822413, 19.8984994566757], [84.1656947406388, 19.8984975344953], [84.165699435776, 19.898427044096], [84.1657358817219, 19.8984403713436], [84.1657318321116, 19.8984974881114], [84.1657642284799, 19.8985717399664], [84.1659282354051, 19.8985146231593], [84.1658472443412, 19.8984099090986], [84.1659424086732, 19.8983070989925], [84.165940383788, 19.8981357488207], [84.1658877397484, 19.8980976710438], [84.1658796406458, 19.8980196115594], [84.1658857149347, 19.8979663026417], [84.1659383589335, 19.8980043804161], [84.165946457918, 19.8978730119884], [84.1658209223505, 19.8978711081281], [84.1657824517576, 19.8979034742558], [84.1657358821264, 19.8978634925268], [84.1657703031729, 19.8978120874931], [84.1658188975853, 19.8978653964542], [84.16594240838, 19.8978673003307], [84.1659039377364, 19.8976788149921], [84.1658350957035, 19.8976483527176], [84.165788526111, 19.8975436384648], [84.1657871568896, 19.8973193975548], [84.1656552462959, 19.8973277784182], [84.1656320728034, 19.8972808457428], [84.1655554220437, 19.897322749827], [84.1655144227697, 19.8973797394076], [84.1654752060319, 19.8974803092097], [84.165493031781, 19.8975389749561], [84.1654520324099, 19.8976110499102]]], [[[84.168638742, 19.8993033400001], [84.168681968, 19.8993043310001], [84.168681968, 19.8992765730001], [84.1687083260001, 19.899272608], [84.1687220320001, 19.899314245], [84.168830627, 19.8993420030001], [84.1688696360001, 19.8991843760001], [84.168724141, 19.8991387740001], [84.1685997320001, 19.899131835], [84.168383599, 19.899107051], [84.168397305, 19.8992577380001], [84.1683245570001, 19.899483768], [84.168574429, 19.8995244130001], [84.168638742, 19.8993063140001], [84.1685638860001, 19.899286487], [84.1685417450001, 19.8993211850001], [84.1685006270001, 19.8993211850001], [84.168504844, 19.899290453], [84.1685659940001, 19.8992815300001], [84.168638742, 19.8993033400001]]], [[[84.1710962910001, 19.8995151770001], [84.1711439650001, 19.899467069], [84.1708358290001, 19.899399282], [84.170833503, 19.8993446150001], [84.1706707150001, 19.899298694], [84.1706160640001, 19.899311815], [84.1704916470001, 19.8995261110001], [84.1703846710001, 19.8999055030001], [84.1705016000001, 19.8999139000001], [84.1707579230001, 19.8999065960001], [84.17093234, 19.899885822], [84.171154431, 19.8998060070001], [84.1711323380001, 19.899625605], [84.1710904780001, 19.899642005], [84.1710683850001, 19.8996802720001], [84.1710474550001, 19.899686832], [84.170963735, 19.899610298], [84.1709904790001, 19.899569844], [84.170978851, 19.8995293900001], [84.1710962910001, 19.8995151770001]]], [[[84.1716292057574, 19.9002127241664], [84.1717009676798, 19.9002289185753], [84.1715488324775, 19.9000480807727], [84.1713909561895, 19.9001992286602], [84.1714110494967, 19.9002316175464], [84.1713450283594, 19.9003098905402], [84.1714483652574, 19.9006013904887], [84.171517256546, 19.9009846595868], [84.171647460772, 19.9010286565289], [84.171751396355, 19.9009889155584], [84.1719793873881, 19.9010258153704], [84.1720534904101, 19.9009917516418], [84.1720581883086, 19.900904059238], [84.1720064274368, 19.9008617848952], [84.1720365909533, 19.90081680507], [84.1720938438052, 19.9008758650859], [84.1722556844251, 19.9008055785901], [84.1724951850253, 19.9007775434828], [84.1727837611754, 19.9006491599504], [84.1728298744311, 19.9004666032481], [84.1727634018269, 19.9003568954953], [84.1726425137324, 19.9003295774193], [84.1726311036875, 19.9003023028403], [84.1727030480593, 19.9002750716398], [84.1727117928758, 19.9001882211701], [84.17266015817, 19.9002017624909], [84.1726833368014, 19.9000964231857], [84.1725121484661, 19.9000507084396], [84.1725095705975, 19.9000131530931], [84.1726492871758, 19.9000185133], [84.1727319594335, 19.9000668292788], [84.1725448866113, 19.8995433500448], [84.1723669169777, 19.8996162265357], [84.1719248643035, 19.8998537471943], [84.1719851444432, 19.8999563118776], [84.1719506987918, 19.8999940989873], [84.1718904187582, 19.8999401176361], [84.1718129159931, 19.8999536131185], [84.1715603143742, 19.9000426826435], [84.171735413429, 19.9002586083424], [84.171910512492, 19.900193830419], [84.1719650520067, 19.9003854644459], [84.1719334768, 19.9004286496585], [84.1718186575389, 19.900442145155], [84.1715918895442, 19.9003179879523], [84.1716292057574, 19.9002127241664]]], [[[84.1698147480001, 19.900412193], [84.1695627330001, 19.900378834], [84.169431832, 19.9003132660001], [84.169277687, 19.9005444800001], [84.1697364520001, 19.9006215520001], [84.1697731530001, 19.9005479310001], [84.1698147480001, 19.900412193]]], [[[84.1698291370001, 19.9010160930001], [84.1697776180001, 19.901017246], [84.1697530850001, 19.900983798], [84.1697432720001, 19.9009445830001], [84.1696365540001, 19.900898447], [84.1695445560001, 19.9010933700001], [84.1696181550001, 19.9011833340001], [84.1695801290001, 19.901213322], [84.1694967170001, 19.901221396], [84.1694317050001, 19.901217936], [84.1694108520001, 19.901364416], [84.1695200230001, 19.901381717], [84.1695666360001, 19.9013678760001], [84.169588715, 19.9014128580001], [84.1695445560001, 19.901438233], [84.1696500480001, 19.9015974000001], [84.1696831670001, 19.901697745], [84.1698180980001, 19.901634309], [84.169780072, 19.901469374], [84.1698303640001, 19.901408245], [84.1698892420001, 19.901209862], [84.1698548960001, 19.901154499], [84.1698548960001, 19.901023013], [84.1698291370001, 19.9010160930001]]], [[[84.1681621320001, 19.9015727710001], [84.1682036490001, 19.901554447], [84.1685561180001, 19.9015703810001], [84.168574758, 19.9012262140001], [84.1681782310001, 19.901199127], [84.1681621320001, 19.9015727710001]]], [[[84.1675627170001, 19.901647005], [84.1675681240001, 19.9016782210001], [84.167562209, 19.901701453], [84.167659578, 19.901790254], [84.167793895, 19.9018687390001], [84.1678245140001, 19.9017785620001], [84.167775992, 19.9017381640001], [84.1677913010001, 19.901681793], [84.1678254930001, 19.901689832], [84.16782642, 19.901776764], [84.1679189320001, 19.901803756], [84.1682903130001, 19.9017776810001], [84.1685904290001, 19.9018066030001], [84.1685746320001, 19.90157444], [84.1684345, 19.9015693000001], [84.168217154, 19.9015611520001], [84.1681780810001, 19.901607272], [84.167865497, 19.9015955470001], [84.1678596770001, 19.901565061], [84.1676493470001, 19.901527539], [84.167607128, 19.901548448], [84.1675627170001, 19.901647005]]], [[[84.165578672, 19.9017963530001], [84.1656662950001, 19.901767754], [84.1656858380001, 19.9017163670001], [84.1656582150001, 19.901598047], [84.165733296, 19.9015833], [84.1657080530001, 19.901460028], [84.165508677, 19.901495019], [84.165510349, 19.901624161], [84.1654472380001, 19.901640071], [84.1654343540001, 19.9019076550001], [84.1655646280001, 19.901943341], [84.165557714, 19.9018571], [84.165578672, 19.9017963530001]]], [[[84.1656102570001, 19.90301621], [84.165762628, 19.9030124400001], [84.1660620220001, 19.9029998720001], [84.1660513290001, 19.9026127930001], [84.1660219240001, 19.902582631], [84.1659510850001, 19.9026140500001], [84.1658762370001, 19.9026027400001], [84.1657011450001, 19.9026995090001], [84.1655781790001, 19.9027221310001], [84.1656102570001, 19.90301621]]], [[[84.1674972280001, 19.9045813010001], [84.167492155, 19.904635818], [84.167517521, 19.904642633], [84.1675452970001, 19.9045678800001], [84.167553662, 19.904404006], [84.1675690000001, 19.904267663], [84.1675522680001, 19.9041483620001], [84.1672399490001, 19.904126713], [84.1672287950001, 19.904248635], [84.1671858880001, 19.904449275], [84.167355915, 19.904529811], [84.1673459070001, 19.9048660660001], [84.1673786420001, 19.9049232840001], [84.1673674360001, 19.9050193200001], [84.1672213850001, 19.9050293280001], [84.1671436990001, 19.9052751130001], [84.1673587760001, 19.905410338], [84.167437228, 19.905234351], [84.1673653880001, 19.9051818520001], [84.167383327, 19.9050746360001], [84.1674801780001, 19.905052707], [84.1675146680001, 19.9046450330001], [84.16749143, 19.904639225], [84.16747766, 19.9046569430001], [84.167429101, 19.9046562620001], [84.167411707, 19.904617418], [84.167411707, 19.904588797], [84.167455192, 19.904569716], [84.1674972280001, 19.9045813010001]]], [[[84.1654043390001, 19.9062588260001], [84.1654257600001, 19.90626716], [84.1654383160001, 19.906316471], [84.1657559330001, 19.906137287], [84.165688716, 19.906051168], [84.165612636, 19.90591296], [84.165388089, 19.9059963020001], [84.1651162680001, 19.9061018670001], [84.1652152460001, 19.9063018860001], [84.165328259, 19.906415786], [84.165416157, 19.9063505020001], [84.165365191, 19.906295635], [84.1654043390001, 19.9062588260001]]], [[[84.1643053780001, 19.907891358], [84.164346487, 19.9078511590001], [84.164320177, 19.9078233290001], [84.1643382650001, 19.907800138], [84.164433639, 19.9078326060001], [84.164504347, 19.907752208], [84.1645092790001, 19.907565128], [84.164677005, 19.907220345], [84.1642182240001, 19.906977607], [84.1642198690001, 19.9069915220001], [84.1641836920001, 19.9070085290001], [84.1641656040001, 19.906971422], [84.1641836920001, 19.9069559610001], [84.1639501920001, 19.9068338180001], [84.1638169980001, 19.907272914], [84.164272489, 19.9073718650001], [84.1641656050001, 19.9075682210001], [84.1640422770001, 19.907534207], [84.1640192560001, 19.907577498], [84.164068587, 19.9076934560001], [84.1640702320001, 19.9077800380001], [84.1643053780001, 19.907891358]]], [[[84.164800503, 19.907801867], [84.1649821570001, 19.9079323830001], [84.1650481350001, 19.907843761], [84.1651740940001, 19.9076826290001], [84.1649753020001, 19.9075738660001], [84.164949596, 19.9076012580001], [84.1649667340001, 19.9076528200001], [84.164930745, 19.9076890750001], [84.1648844750001, 19.907670545], [84.164800503, 19.907801867]]], [[[84.1764168330001, 19.9083137110001], [84.1765321710001, 19.908327517], [84.176698442, 19.9079034170001], [84.1764387490001, 19.9078041560001], [84.176284728, 19.908165347], [84.176235105, 19.9082118700001], [84.1761806970001, 19.9082219210001], [84.1761644640001, 19.908255637], [84.1763583900001, 19.9083710140001], [84.1764168330001, 19.9083137110001]]], [[[84.1669766080001, 19.9110902840001], [84.167005729, 19.9111407130001], [84.1674499320001, 19.9111164070001], [84.1673756530001, 19.910255604], [84.1672731410001, 19.910268972], [84.167264324, 19.9103054020001], [84.1672134440001, 19.9103175590001], [84.1671845230001, 19.910290553], [84.167187518, 19.9102716690001], [84.167032169, 19.910281108], [84.1669766080001, 19.9110902840001]]], [[[84.1661271890001, 19.919299648], [84.1661411580001, 19.9192743570001], [84.1661529680001, 19.919208752], [84.1661165350001, 19.919216814], [84.1661112140001, 19.9191845830001], [84.1661647440001, 19.9191644640001], [84.1661893930001, 19.919208751], [84.1661572530001, 19.919210767], [84.1661443770001, 19.9192743570001], [84.166175502, 19.919285481], [84.1661540330001, 19.91930876], [84.1661777140001, 19.9194082560001], [84.1663214500001, 19.9193748800001], [84.1662211130001, 19.9189816320001], [84.1660409900001, 19.91899527], [84.1658644930001, 19.9190339130001], [84.165703712, 19.919020274], [84.1657605290001, 19.9192850920001], [84.165935817, 19.9192419030001], [84.1659237280001, 19.91921008], [84.1659769190001, 19.9192032600001], [84.1660323090001, 19.919423529], [84.166176636, 19.9194052030001], [84.166151884, 19.919310786], [84.1661271890001, 19.919299648]]], [[[84.1692688420001, 19.9266953810001], [84.1691391680001, 19.926714308], [84.169129694, 19.9266764540001], [84.1692463410001, 19.9266658780001], [84.169188266, 19.926487132], [84.169153442, 19.9264225900001], [84.1689743480001, 19.9264244600001], [84.168992126, 19.92650725], [84.16907086, 19.926526419], [84.1690658850001, 19.926559158], [84.1690415210001, 19.92658241], [84.1690624190001, 19.926690584], [84.169128028, 19.926677039], [84.1691659740001, 19.926835671], [84.1692968360001, 19.9268181190001], [84.1692901580001, 19.9267827780001], [84.1692256170001, 19.9267955820001], [84.1692196960001, 19.926771645], [84.1692344990001, 19.9267699750001], [84.169241012, 19.926791128], [84.1692901580001, 19.9267822210001], [84.1692688420001, 19.9266953810001]]], [[[84.1681818100001, 19.926981966], [84.168437517, 19.9269944010001], [84.168455152, 19.92684208], [84.1682997440001, 19.9268172110001], [84.168298641, 19.9268400080001], [84.168279904, 19.9268400080001], [84.1682303060001, 19.92679027], [84.168057263, 19.9267571120001], [84.1680286060001, 19.9267374240001], [84.1679963880001, 19.926946693], [84.1681818100001, 19.926981966]]], [[[84.168436709, 19.9269981350001], [84.1681834810001, 19.9269858000001], [84.1679932330001, 19.926951262], [84.16797224, 19.927111617], [84.168398659, 19.927180693], [84.1684432690001, 19.927180693], [84.168436709, 19.9269981350001]]]]}, "properties": {"site_id": "FCF_GV_EMU_Kandhmal_1", "name": "FCF_GV_EMU_Kandhmal_1", "n_member_parcels": 267}}]}