{"type": "FeatureCollection", "features": [{"type": "Feature", "geometry": {"type": "MultiPolygon", "coordinates": [[[[82.8998650120001, 19.2937884740001], [82.8998129600001, 19.2938816920001], [82.89983298, 19.293918223], [82.8997448920001, 19.293982468], [82.8996968440001, 19.293939638], [82.899742223, 19.2938615360001], [82.8998089560001, 19.2938791720001], [82.8998650120001, 19.293783435], [82.899751565, 19.2937141510001], [82.899694175, 19.2937078520001], [82.899586067, 19.2940744260001], [82.9001052510001, 19.294211734], [82.900258738, 19.2937569800001], [82.9001613070001, 19.2937469030001], [82.9001386180001, 19.293796032], [82.9000865660001, 19.29380359], [82.9000318450001, 19.2937532020001], [82.8998650120001, 19.2937884740001]]], [[[82.8996111390001, 19.294372982], [82.899598219, 19.2944240480001], [82.899890547, 19.294536851], [82.899930924, 19.2944316700001], [82.8999058900001, 19.2943988960001], [82.899917196, 19.2943562140001], [82.8999365770001, 19.294296764], [82.8999672630001, 19.2943226780001], [82.899968878, 19.2943531650001], [82.8999809910001, 19.294373744], [82.8999761460001, 19.294393561], [82.899982606, 19.2944179510001], [82.8999704930001, 19.294427097], [82.8999333470001, 19.2944316700001], [82.8998929700001, 19.294536851], [82.9001061600001, 19.294619928], [82.9002579770001, 19.294574197], [82.90023698, 19.2944209990001], [82.9001037370001, 19.2942152110001], [82.8996959310001, 19.2941092670001], [82.8996620140001, 19.2941656690001], [82.8996329430001, 19.2942693250001], [82.899649901, 19.2942868550001], [82.899641826, 19.2943264890001], [82.899653131, 19.2943371590001], [82.8996515160001, 19.294366122], [82.8996111390001, 19.294372982]]], [[[82.9088087970001, 19.2971276800001], [82.9089765890001, 19.2972393480001], [82.909161591, 19.2972576220001], [82.9092497890001, 19.2972190460001], [82.909331534, 19.297223106], [82.9094347910001, 19.297304319], [82.9095638620001, 19.2973022890001], [82.909591827, 19.29737132], [82.9096671190001, 19.2976251100001], [82.910105963, 19.297710383], [82.91037808, 19.297495144], [82.9103530020001, 19.2973973160001], [82.9089634360001, 19.296230258], [82.907921587, 19.2970304350001], [82.9080676600001, 19.2971746200001], [82.9082159850001, 19.2971877850001], [82.9084502310001, 19.2972339360001], [82.908605713, 19.297168044], [82.9086725480001, 19.29707183], [82.9088087970001, 19.2971276800001]]], [[[82.9017246340001, 19.297987021], [82.9018388490001, 19.2979924110001], [82.9019542060001, 19.2980312180001], [82.902131237, 19.2974717500001], [82.901487069, 19.297472828], [82.901511053, 19.29781239], [82.9016058510001, 19.297850119], [82.9016092780001, 19.297897549], [82.9015464600001, 19.2979288110001], [82.9015910030001, 19.298010736], [82.9017246340001, 19.297987021]]], [[[82.9078917190001, 19.2982395400001], [82.907916814, 19.2982840880001], [82.907997514, 19.298267713], [82.9079626160001, 19.298188737], [82.9080067240001, 19.298182395], [82.9080896550001, 19.2982468060001], [82.9081614290001, 19.2982123090001], [82.9081033200001, 19.2981389560001], [82.9081784150001, 19.2981062160001], [82.908147538, 19.2979788590001], [82.9080800690001, 19.2979151810001], [82.9080663460001, 19.29787093], [82.9080080250001, 19.297823441], [82.9079348380001, 19.2978784850001], [82.9079577090001, 19.2978892780001], [82.9079519910001, 19.297911943], [82.9079153970001, 19.297906547], [82.9078959570001, 19.297890357], [82.9078467840001, 19.2978989920001], [82.9078410660001, 19.2979410840001], [82.9076825800001, 19.2980329700001], [82.907605962, 19.298034049], [82.907495037, 19.298047001], [82.907398979, 19.2980912520001], [82.9073246470001, 19.2981387410001], [82.9073486620001, 19.298190547], [82.9074538690001, 19.298206737], [82.907485889, 19.298141979], [82.9075327740001, 19.298174358], [82.9075236260001, 19.2982207680001], [82.907355523, 19.298193785], [82.9073726760001, 19.298381583], [82.907416131, 19.298397773], [82.90742528, 19.298413962], [82.907632796, 19.29837711], [82.9077224110001, 19.298378024], [82.9078225900001, 19.2983050290001], [82.907788924, 19.298278628], [82.9078071860001, 19.2982468070001], [82.9078408220001, 19.298255894], [82.907848481, 19.298230459], [82.9078917190001, 19.2982395400001]]], [[[82.9085328090001, 19.298214764], [82.908387937, 19.2981600790001], [82.908365502, 19.298211236], [82.9082729620001, 19.2982853290001], [82.9082991270001, 19.2983638380001], [82.9083066680001, 19.2984324780001], [82.9083500610001, 19.298450406], [82.9083772390001, 19.2984302410001], [82.9084278180001, 19.298463891], [82.9084929540001, 19.298431732], [82.9084905340001, 19.298404213], [82.9085134200001, 19.298392356], [82.908539514, 19.2983975400001], [82.9085563830001, 19.298433969], [82.9085620970001, 19.2984541480001], [82.9085813010001, 19.2984683930001], [82.908616373, 19.298413866], [82.90863561, 19.2984302410001], [82.9085701670001, 19.2985592360001], [82.908537967, 19.298538664], [82.9085631620001, 19.2984871940001], [82.908548614, 19.2984571440001], [82.9085264400001, 19.298472148], [82.908496127, 19.2984332240001], [82.908428606, 19.298465391], [82.9084420180001, 19.298500771], [82.9084347260001, 19.2985318240001], [82.908418656, 19.298545513], [82.9083648070001, 19.298484182], [82.908351607, 19.2984541480001], [82.9083066100001, 19.2984362080001], [82.9082981820001, 19.298482935], [82.9082617180001, 19.2985552810001], [82.908519728, 19.298654103], [82.9087562030001, 19.2982782720001], [82.908573, 19.2982253490001], [82.9085982390001, 19.2982756260001], [82.908576741, 19.2982870930001], [82.9085234620001, 19.2982447540001], [82.9085328090001, 19.298214764]]], [[[82.9028630620001, 19.2992360110001], [82.902931209, 19.2992830420001], [82.9030518120001, 19.299347421], [82.9032338490001, 19.299128379], [82.903212803, 19.299019575], [82.903161686, 19.2989602550001], [82.903230949, 19.298788584], [82.9030489880001, 19.2987083620001], [82.902878872, 19.2986898550001], [82.9028638, 19.2988356000001], [82.9026076980001, 19.2990294640001], [82.9027072100001, 19.2990789150001], [82.9028630620001, 19.2992360110001]]], [[[82.9132566600001, 19.3067228460001], [82.9132734290001, 19.3066934550001], [82.9132933930001, 19.306670092], [82.9133189460001, 19.306615831], [82.913319744, 19.3065902070001], [82.9133460960001, 19.3065427280001], [82.9132822130001, 19.3065035400001], [82.9132678400001, 19.3064732230001], [82.9132750260001, 19.3064415710001], [82.913342104, 19.306391078], [82.9133200000001, 19.3061933000001], [82.9130564000001, 19.3062435000001], [82.9129090000001, 19.3065730000001], [82.9128924450001, 19.3071862050001], [82.9131622070001, 19.307209481], [82.9131606650001, 19.3070290850001], [82.9132478760001, 19.3067982090001], [82.9132566600001, 19.3067228460001]]], [[[82.914782824, 19.3071592520001], [82.9148369800001, 19.307206711], [82.9149272380001, 19.3073563890001], [82.915267643, 19.3072456520001], [82.915130966, 19.307050949], [82.915129677, 19.306900054], [82.9148701, 19.3069069000001], [82.9146886980001, 19.3070399960001], [82.9147531680001, 19.3070777200001], [82.914782824, 19.3071592520001]]], [[[82.915518326, 19.3073963100001], [82.915390598, 19.307207959], [82.9149364510001, 19.3073569650001], [82.9150065250001, 19.3075059720001], [82.9150535360001, 19.3076549790001], [82.915236259, 19.3077395280001], [82.9153302810001, 19.3077328310001], [82.9156034790001, 19.307644097], [82.9156433940001, 19.3075193660001], [82.9155795290001, 19.3073778940001], [82.915518326, 19.3073963100001]]], [[[82.914290415, 19.3075223600001], [82.9142461970001, 19.3075126730001], [82.9142130340001, 19.307366615], [82.9141593410001, 19.3072786820001], [82.9141032800001, 19.307329355], [82.9141364430001, 19.3075074560001], [82.9141095960001, 19.307632648], [82.914179871, 19.307727288], [82.9143117340001, 19.307673634], [82.9143125240001, 19.3076073120001], [82.9142801500001, 19.3075924080001], [82.914275413, 19.3075775040001], [82.914290415, 19.3075223600001]]], [[[82.915169114, 19.30843853], [82.9151524580001, 19.3084711330001], [82.9151222290001, 19.308488599], [82.9151382690001, 19.3085229490001], [82.9151734320001, 19.308524113], [82.9152635, 19.308468222], [82.9152937280001, 19.3084012690001], [82.9152672010001, 19.3083640080001], [82.915239441, 19.3084100020001], [82.915217849, 19.3084012690001], [82.915206745, 19.3083570210001], [82.91524746, 19.3083325690001], [82.9151783670001, 19.308173046], [82.915153074, 19.3081835250001], [82.9151407360001, 19.3082347590001], [82.9150944690001, 19.308244657], [82.915064241, 19.3082097240001], [82.9149581340001, 19.308272602], [82.9149044630001, 19.3083401380001], [82.9148686830001, 19.308337227], [82.914875469, 19.3084344540001], [82.91489706, 19.308531682], [82.914926672, 19.308534593], [82.9149525820001, 19.3085765120001], [82.9149676000001, 19.3086308000001], [82.915136418, 19.308522367], [82.9151197620001, 19.3084897640001], [82.9150981700001, 19.308483359], [82.9150864490001, 19.3084402760001], [82.9151166770001, 19.3084065090001], [82.915150607, 19.308411748], [82.915169114, 19.30843853]]], [[[82.914998386, 19.308621524], [82.915017908, 19.308711434], [82.915114739, 19.3087143820001], [82.9152506130001, 19.308759336], [82.915374775, 19.3087571250001], [82.9153154270001, 19.3085242450001], [82.9151451000001, 19.3085629], [82.914998386, 19.308621524]]], [[[82.9155950000001, 19.3098323], [82.9156217, 19.3097317], [82.9157488150001, 19.309674972], [82.9156554, 19.3094715], [82.9152338210001, 19.3096594690001], [82.9154553000001, 19.309922], [82.9155950000001, 19.3098323]]], [[[82.9157744, 19.3101231000001], [82.9158332000001, 19.3100456], [82.9156299250001, 19.3099538020001], [82.9155142000001, 19.3101254000001], [82.9156695, 19.3102032], [82.9157744, 19.3101231000001]]], [[[82.9108207, 19.3103372], [82.910856343, 19.310471831], [82.9109379170001, 19.3104935860001], [82.910937032, 19.3103224600001], [82.9110609830001, 19.3103089910001], [82.911084895, 19.310468563], [82.9112426760001, 19.3104997520001], [82.911346037, 19.3104093330001], [82.9116264, 19.3101516], [82.9117855000001, 19.3100801000001], [82.911824358, 19.309891199], [82.9115598330001, 19.309915205], [82.9112039650001, 19.309977185], [82.9109849000001, 19.3100099540001], [82.9107762260001, 19.3099967150001], [82.9107551000001, 19.3102624000001], [82.9108207, 19.3103372]]], [[[82.9157640000001, 19.3102618], [82.9158947000001, 19.3103891000001], [82.9159575, 19.3104061], [82.915982, 19.3103039000001], [82.9160416430001, 19.310169633], [82.9157970270001, 19.3101098500001], [82.9156713080001, 19.3102091820001], [82.9157640000001, 19.3102618]]], [[[82.862941699, 19.3118137380001], [82.863082918, 19.311723871], [82.8630608510001, 19.3116849690001], [82.863034666, 19.31158298], [82.863256113, 19.3115202000001], [82.8633368500001, 19.311472064], [82.8632761090001, 19.311450231], [82.8632431790001, 19.3114051860001], [82.8632539930001, 19.3113697750001], [82.8633388740001, 19.311332447], [82.863218832, 19.3110663190001], [82.863142221, 19.3110775390001], [82.86306455, 19.311121884], [82.863030279, 19.311098332], [82.8628365960001, 19.3111883], [82.8626596500001, 19.311308003], [82.8628168220001, 19.3115698560001], [82.862941699, 19.3118137380001]]], [[[82.864895075, 19.3118063750001], [82.8646238840001, 19.3114644780001], [82.8645943490001, 19.311427785], [82.8645343600001, 19.3114026220001], [82.8645531640001, 19.311338844], [82.864458196, 19.3113331050001], [82.864508185, 19.3112536410001], [82.8644520820001, 19.3112290280001], [82.8644162840001, 19.3112526510001], [82.8643359180001, 19.311320881], [82.86428112, 19.311397651], [82.8642797740001, 19.311529765], [82.8642085750001, 19.311596679], [82.864130882, 19.3116169350001], [82.864044365, 19.311664357], [82.8641613330001, 19.3117521300001], [82.8642229650001, 19.3117870570001], [82.8644424940001, 19.3120211950001], [82.8645326060001, 19.3120393890001], [82.8645513060001, 19.3120934680001], [82.864735587, 19.3123151080001], [82.8649978560001, 19.3119399930001], [82.864895075, 19.3118063750001]]], [[[82.862866813, 19.3133038020001], [82.8630493320001, 19.3134036320001], [82.8630889140001, 19.313233401], [82.8630032460001, 19.3130915680001], [82.8628851000001, 19.3131198880001], [82.8628067800001, 19.3130424500001], [82.8628739430001, 19.312941263], [82.8627578110001, 19.3128246430001], [82.8626896920001, 19.312815152], [82.862570518, 19.3126368150001], [82.8625642970001, 19.312587437], [82.8625155920001, 19.3125335290001], [82.8623760450001, 19.3126487750001], [82.8625532360001, 19.3130626510001], [82.8627011670001, 19.3133780260001], [82.862754656, 19.3134204140001], [82.862866813, 19.3133038020001]]], [[[82.9037400670001, 19.3197422010001], [82.903650187, 19.319599409], [82.903529382, 19.3194543720001], [82.903255056, 19.3192150720001], [82.9030496830001, 19.319352872], [82.9033736550001, 19.3198335810001], [82.9031500410001, 19.3199365670001], [82.9032791590001, 19.3201198460001], [82.9035569000001, 19.3204371], [82.9040187620001, 19.320902378], [82.904079666, 19.3208077190001], [82.904162759, 19.3203792750001], [82.904170359, 19.3202526920001], [82.9041075790001, 19.3201651150001], [82.9039417690001, 19.3200511040001], [82.9038510650001, 19.3198934860001], [82.9037400670001, 19.3197422010001]]], [[[82.906621929, 19.327229591], [82.9066227230001, 19.3269796280001], [82.9064358320001, 19.3269259480001], [82.9059964200001, 19.3269198740001], [82.9056681470001, 19.326942968], [82.9055328960001, 19.326903089], [82.9053084070001, 19.326957673], [82.9051533850001, 19.32702356], [82.9051795870001, 19.327060622], [82.90522137, 19.327488241], [82.9052553760001, 19.3278587630001], [82.906651448, 19.32754706], [82.906582454, 19.3274859580001], [82.9065741110001, 19.327429839], [82.906628304, 19.327387941], [82.906629379, 19.3273340970001], [82.906589694, 19.3273240030001], [82.9065673100001, 19.327271646], [82.9065658540001, 19.327235451], [82.906621929, 19.327229591]]], [[[82.904165048, 19.354782288], [82.904164655, 19.3547634390001], [82.9042129090001, 19.3547435730001], [82.904272318, 19.3547564090001], [82.9042850230001, 19.3547366010001], [82.9042895520001, 19.354665719], [82.9042446600001, 19.354409015], [82.9041763280001, 19.3541220600001], [82.9040560320001, 19.3541537580001], [82.904053864, 19.354190568], [82.9040321890001, 19.354207951], [82.90400943, 19.3541844330001], [82.903850156, 19.3542125610001], [82.9039936620001, 19.3547215630001], [82.9039482620001, 19.3547354410001], [82.9039160940001, 19.3545751290001], [82.9037914740001, 19.354595809], [82.9038397730001, 19.3547846540001], [82.9038027980001, 19.3547929550001], [82.9037631370001, 19.354679275], [82.9038065550001, 19.354661219], [82.903790896, 19.3546056700001], [82.903671784, 19.3546366150001], [82.9036949220001, 19.3548132330001], [82.9037737400001, 19.3548787830001], [82.90381376, 19.354986898], [82.9039428510001, 19.354910977], [82.9039832010001, 19.3548787820001], [82.9039613100001, 19.354813232], [82.9039929410001, 19.3547704900001], [82.904021395, 19.3547704900001], [82.9040646510001, 19.354824036], [82.904165048, 19.354782288]]], [[[82.905552415, 19.3554956150001], [82.9058698910001, 19.3554588420001], [82.9062503010001, 19.355213946], [82.9058342000001, 19.3548341000001], [82.9058016230001, 19.354516984], [82.90560908, 19.3545501460001], [82.9055618070001, 19.354841962], [82.905552415, 19.3554956150001]]], [[[82.905891937, 19.355452611], [82.9061178870001, 19.355567029], [82.9062397800001, 19.355629241], [82.906294243, 19.3556377560001], [82.906329456, 19.3556835040001], [82.9063672820001, 19.3557343640001], [82.9064136700001, 19.3556663370001], [82.9064454790001, 19.3556826820001], [82.906466885, 19.355714909], [82.9064584710001, 19.3557578570001], [82.9064517040001, 19.355787826], [82.9065697450001, 19.3558091470001], [82.906622849, 19.355708356], [82.9065977210001, 19.3556477870001], [82.9066329500001, 19.355533628], [82.906700044, 19.355483388], [82.906731651, 19.3554481300001], [82.906756321, 19.3553317120001], [82.906827241, 19.3552388860001], [82.9066913220001, 19.3552504830001], [82.906653625, 19.3551815430001], [82.906609437, 19.3552171800001], [82.906563019, 19.355205943], [82.9065623220001, 19.3551712340001], [82.9065100390001, 19.3551315550001], [82.9063416960001, 19.3551335810001], [82.9062523100001, 19.355217043], [82.9060664900001, 19.355335854], [82.9061162520001, 19.3553676510001], [82.9060886090001, 19.35541155], [82.9060317980001, 19.3554282470001], [82.9059938810001, 19.355382048], [82.905891937, 19.355452611]]], [[[82.906754543, 19.3557239680001], [82.9066847450001, 19.355702851], [82.906651326, 19.355659696], [82.906599666, 19.3557587980001], [82.9065716960001, 19.3558125440001], [82.9066228360001, 19.3558319700001], [82.9066399380001, 19.3558107750001], [82.9066998150001, 19.3557884360001], [82.9067289400001, 19.3558161720001], [82.906806101, 19.3558183010001], [82.906826246, 19.3558524310001], [82.9068152070001, 19.3558755010001], [82.9068581390001, 19.355886872], [82.90699456, 19.3558741910001], [82.9069867370001, 19.355855902], [82.9070081030001, 19.3558188000001], [82.9070368110001, 19.355826204], [82.9070464900001, 19.355855849], [82.9070301040001, 19.355876537], [82.9071111700001, 19.3558640310001], [82.9071470420001, 19.35581554], [82.9071701620001, 19.355826376], [82.9071777400001, 19.355867527], [82.9073054240001, 19.3558683250001], [82.90737147, 19.3558229930001], [82.9073966860001, 19.3558291470001], [82.9074337930001, 19.3557699], [82.9074660190001, 19.355756968], [82.9074646590001, 19.355756989], [82.9075229210001, 19.355667698], [82.907559259, 19.355578619], [82.907584973, 19.3555790820001], [82.907653387, 19.355479498], [82.907682305, 19.3554290280001], [82.9075907600001, 19.3553898870001], [82.9075477210001, 19.355347469], [82.907478143, 19.3553756110001], [82.907394471, 19.355323307], [82.9072963290001, 19.355316429], [82.907123492, 19.355298363], [82.9070031300001, 19.3552533640001], [82.90698889, 19.355273551], [82.906943702, 19.355314692], [82.9069014400001, 19.355328134], [82.9068572360001, 19.355304548], [82.9068113580001, 19.3553234230001], [82.9067356050001, 19.3554418460001], [82.9067740890001, 19.3555041290001], [82.906757644, 19.3555293810001], [82.906828686, 19.3556167890001], [82.906829821, 19.355645247], [82.9067976520001, 19.355658211], [82.9067703790001, 19.3556845750001], [82.906754543, 19.3557239680001]]], [[[82.903648122, 19.357194226], [82.9035850980001, 19.357098754], [82.9035478160001, 19.3571163410001], [82.9035522550001, 19.357158215], [82.9035362770001, 19.3571741270001], [82.903483017, 19.3571356030001], [82.9034288700001, 19.357159052], [82.9034164430001, 19.357189202], [82.9033880380001, 19.357180827], [82.9033800490001, 19.357149002], [82.9033924760001, 19.3571339280001], [82.903427982, 19.3571573770001], [82.9034812420001, 19.3571339280001], [82.9034723650001, 19.3571205280001], [82.9034998830001, 19.357098754], [82.9035469290001, 19.357114666], [82.9035735590001, 19.357100428], [82.903508759, 19.356965594], [82.9033924760001, 19.3568408090001], [82.903251567, 19.357014291], [82.9031726010001, 19.357168206], [82.9032257210001, 19.357248928], [82.9032162980001, 19.3572726950001], [82.9033354570001, 19.357311963], [82.9033528560001, 19.357271844], [82.9034054670001, 19.357280356], [82.903438469, 19.3573042580001], [82.90344287, 19.357356687], [82.9035907370001, 19.357467441], [82.903634808, 19.3573633980001], [82.903648122, 19.357194226]]], [[[82.897017019, 19.357393991], [82.8967396460001, 19.357411789], [82.8964059850001, 19.357580951], [82.896545765, 19.3576936110001], [82.8967041870001, 19.357821732], [82.8967620560001, 19.358109746], [82.8970461370001, 19.35817673], [82.8972494910001, 19.358259816], [82.8973013300001, 19.357895167], [82.8971520630001, 19.3577253610001], [82.897009929, 19.357526911], [82.897017019, 19.357393991]]], [[[82.9006618990001, 19.3632300420001], [82.900514845, 19.3634246460001], [82.9007832940001, 19.363624444], [82.900952062, 19.3638209100001], [82.901005357, 19.363675116], [82.9010961550001, 19.363548484], [82.9010379250001, 19.363482375], [82.9010093040001, 19.3634767880001], [82.900954035, 19.363430232], [82.9009066620001, 19.3634162660001], [82.900877053, 19.3633790210001], [82.900815863, 19.36331943], [82.9007497370001, 19.3632980140001], [82.9006618990001, 19.3632300420001]]], [[[82.8974250160001, 19.3638551060001], [82.8973984470001, 19.3639264490001], [82.8974413670001, 19.363960192], [82.8974321690001, 19.3640190020001], [82.8975129, 19.3640218940001], [82.8975435570001, 19.364007433], [82.897742828, 19.3639968270001], [82.8977387410001, 19.363818469], [82.897709105, 19.363807864], [82.897718302, 19.363786654], [82.8976610760001, 19.363761588], [82.897573192, 19.3637423060001], [82.8975159650001, 19.363749055], [82.8974658920001, 19.3637760500001], [82.8973054530001, 19.363785691], [82.8972543580001, 19.3638165420001], [82.8971296860001, 19.363854141], [82.8970131890001, 19.363762552], [82.896906911, 19.36382811], [82.89689056, 19.3638666740001], [82.8969447210001, 19.36390813], [82.8969355240001, 19.3639756170001], [82.8969355240001, 19.3640623860001], [82.8969733340001, 19.364092273], [82.8970366920001, 19.3641231240001], [82.8971746500001, 19.3640508170001], [82.8973780090001, 19.364015146], [82.8973575700001, 19.363989115], [82.8973616580001, 19.3639476590001], [82.897367789, 19.3639322330001], [82.8973626800001, 19.3639062030001], [82.8973953810001, 19.363843536], [82.8974250160001, 19.3638551060001]]], [[[82.896568583, 19.364070731], [82.896468564, 19.36400423], [82.8964682550001, 19.3639807910001], [82.8963640280001, 19.3639140380001], [82.896345872, 19.3639389250001], [82.896300873, 19.3639038260001], [82.8963958460001, 19.363782115], [82.896352726, 19.36377206], [82.896189614, 19.3639723050001], [82.896325824, 19.3640801600001], [82.896290175, 19.364121712], [82.8961714600001, 19.3640050440001], [82.896098538, 19.364099895], [82.896126285, 19.364114758], [82.8961185140001, 19.3641697090001], [82.8960840190001, 19.36416368], [82.8960475280001, 19.3642447940001], [82.8961230450001, 19.3642424330001], [82.8962136000001, 19.3642775800001], [82.8962797930001, 19.364243866], [82.8964343270001, 19.364274707], [82.8964660080001, 19.364269306], [82.8964687550001, 19.364206654], [82.896435409, 19.364224576], [82.8964043720001, 19.364182022], [82.896418903, 19.364147707], [82.8964610880001, 19.364146485], [82.8964896300001, 19.3641844810001], [82.896559886, 19.3641758800001], [82.896574607, 19.3641409890001], [82.8966058030001, 19.364147707], [82.8966204610001, 19.364183251], [82.896596539, 19.36420172], [82.896559246, 19.364177722], [82.8964902810001, 19.364186325], [82.896471364, 19.364206654], [82.8964686350001, 19.364266812], [82.8967039570001, 19.3643150090001], [82.89679642, 19.364301131], [82.896849655, 19.364276019], [82.896820936, 19.364123364], [82.896855959, 19.36411279], [82.8968944850001, 19.364235047], [82.8968727710001, 19.3642680890001], [82.8969056930001, 19.3643031140001], [82.8969334700001, 19.364298363], [82.8969355360001, 19.364220296], [82.8969308900001, 19.363975183], [82.8968775970001, 19.363913269], [82.8968716360001, 19.3638681420001], [82.8968388660001, 19.3638457650001], [82.8964249580001, 19.363785777], [82.8964374980001, 19.3638318430001], [82.896364153, 19.3639112120001], [82.8964690670001, 19.3639793340001], [82.8964989950001, 19.363964095], [82.8965899200001, 19.3640391050001], [82.896568583, 19.364070731]]], [[[82.8968339880001, 19.3643434300001], [82.8968478500001, 19.364324896], [82.8969091160001, 19.3643096330001], [82.8968686200001, 19.364269302], [82.8967981200001, 19.364303093], [82.896711414, 19.364315085], [82.8966698030001, 19.364345611], [82.896477867, 19.3643303480001], [82.896452427, 19.364408855], [82.896337949, 19.364394679], [82.896340272, 19.3643554240001], [82.8964466470001, 19.364375051], [82.896467461, 19.3643248970001], [82.896435088, 19.3643172660001], [82.8964304660001, 19.364276933], [82.8962801850001, 19.364246415], [82.896214275, 19.3642802030001], [82.8961218090001, 19.364247504], [82.8960269600001, 19.3643118150001], [82.8959747260001, 19.364532114], [82.8961307110001, 19.3647864490001], [82.896259172, 19.364756964], [82.8963772070001, 19.3647209320001], [82.8964824990001, 19.3647198400001], [82.8965056390001, 19.3647012800001], [82.896558864, 19.364711105], [82.896735865, 19.3646597960001], [82.8964304410001, 19.3646041330001], [82.896423493, 19.364685996], [82.8963691160001, 19.364678354], [82.8963957450001, 19.364545207], [82.8965125720001, 19.3645703030001], [82.8965195040001, 19.364478659], [82.8966201270001, 19.364497203], [82.8966293490001, 19.364393588], [82.8967542520001, 19.3644263040001], [82.8967393070001, 19.3646019500001], [82.8967335410001, 19.364637966], [82.8967393340001, 19.36465543], [82.8968052600001, 19.3646259600001], [82.896866522, 19.3645572090001], [82.8969081340001, 19.364521203], [82.8968942280001, 19.364488475], [82.89691385, 19.364440481], [82.896901072, 19.3643695970001], [82.8968606000001, 19.364367417], [82.8968339880001, 19.3643434300001]]], [[[82.9063228630001, 19.36500397], [82.9061910720001, 19.3650077], [82.9061409920001, 19.364984077], [82.9060935480001, 19.3649791030001], [82.9062022410001, 19.3653555290001], [82.9062658350001, 19.3654315360001], [82.9062675280001, 19.3655011710001], [82.9062369420001, 19.3655761700001], [82.9062607700001, 19.365617958], [82.90631627, 19.3656312260001], [82.906331294, 19.3656523060001], [82.9066431940001, 19.3655575870001], [82.9066683550001, 19.3652533540001], [82.906629207, 19.3652308740001], [82.906663248, 19.365018913], [82.9066326110001, 19.3648840290001], [82.9064796930001, 19.3649542360001], [82.9064731030001, 19.3649791030001], [82.9063228630001, 19.36500397]]], [[[82.8962317020001, 19.365579655], [82.896183669, 19.3656631310001], [82.896182405, 19.365782381], [82.8965805710001, 19.3657597230001], [82.8965868910001, 19.3656607460001], [82.896694332, 19.3655438810001], [82.8966652600001, 19.3654484800001], [82.896772701, 19.365412705], [82.896910479, 19.3653328070001], [82.896934641, 19.3652819110001], [82.8969058260001, 19.365235698], [82.8966320910001, 19.3651351180001], [82.8964743940001, 19.3651145800001], [82.8963871770001, 19.365208787], [82.8964023450001, 19.365301803], [82.896389705, 19.365330423], [82.8963581040001, 19.3653387700001], [82.8963328240001, 19.365473523], [82.8962013660001, 19.3655092980001], [82.8962317020001, 19.365579655]]], [[[82.906223851, 19.366091157], [82.906163393, 19.3658763560001], [82.9061826880001, 19.3657841260001], [82.9062315690001, 19.365750146], [82.906171111, 19.365630003], [82.9057852080001, 19.36580961], [82.905839234, 19.36607538], [82.9058829700001, 19.3661057190001], [82.9058855420001, 19.366211299], [82.9060103180001, 19.366205231], [82.9060926440001, 19.3661530480001], [82.906223851, 19.366091157]]], [[[82.9080320050001, 19.370959568], [82.907971585, 19.3708280500001], [82.9078816520001, 19.3708919700001], [82.9079478640001, 19.371040108], [82.908050083, 19.371267598], [82.90819113, 19.3714083350001], [82.908378122, 19.3715193630001], [82.908450181, 19.371472032], [82.908488047, 19.3713683460001], [82.9083984850001, 19.3713413460001], [82.9083511110001, 19.3712804520001], [82.908229684, 19.371189503], [82.9080320050001, 19.370959568]]], [[[82.9027764750001, 19.3714988250001], [82.902834371, 19.371710406], [82.9028843140001, 19.371753293], [82.9029745060001, 19.371741453], [82.9028668270001, 19.370910086], [82.9025696520001, 19.3709569320001], [82.902478574, 19.371405517], [82.9027764750001, 19.3714988250001]]], [[[82.9183999350001, 19.3714727450001], [82.9184253390001, 19.3718611240001], [82.9186761000001, 19.3718464], [82.9188896000001, 19.371794], [82.9190722000001, 19.3717288], [82.9194171, 19.371694813], [82.919327153, 19.3712614140001], [82.9185479370001, 19.371425491], [82.9183999350001, 19.3714727450001]]], [[[82.9192261540001, 19.3721600480001], [82.919284243, 19.372146447], [82.919280632, 19.372096926], [82.919109231, 19.3720824010001], [82.918776897, 19.372094917], [82.9184937510001, 19.372115981], [82.918452173, 19.3723558780001], [82.9185540490001, 19.372360257], [82.9186709740001, 19.37237177], [82.9189721770001, 19.372301915], [82.9192416440001, 19.372254119], [82.9192261540001, 19.3721600480001]]], [[[82.915229062, 19.409790415], [82.915289106, 19.4096594690001], [82.9154838100001, 19.409352948], [82.915044069, 19.409146046], [82.91492587, 19.4092613070001], [82.914903833, 19.4093331080001], [82.914881796, 19.409344446], [82.9148297080001, 19.4093047650001], [82.9147565850001, 19.409376567], [82.915150284, 19.409705145], [82.915229062, 19.409790415]]], [[[82.9155390510001, 19.409388779], [82.915487866, 19.4093518620001], [82.9152911530001, 19.409661398], [82.9152299, 19.4097948], [82.9155681570001, 19.4099415900001], [82.915796985, 19.40967749], [82.9156916030001, 19.4095421280001], [82.9155390510001, 19.409388779]]], [[[82.9179051550001, 19.4156478], [82.91780055, 19.4155211230001], [82.917655322, 19.4154129940001], [82.9173783000001, 19.4152478], [82.9171795, 19.4154392], [82.9170000540001, 19.4157545050001], [82.9170522860001, 19.415777334], [82.91716949, 19.4158890750001], [82.9173134480001, 19.4159563590001], [82.9173975290001, 19.4160644950001], [82.9177151590001, 19.416254184], [82.9178488900001, 19.4160874950001], [82.9179051550001, 19.4156478]]], [[[82.918168714, 19.417147605], [82.91858282, 19.4175756920001], [82.9186979090001, 19.4172510760001], [82.9187269500001, 19.4171800670001], [82.9188076200001, 19.417133403], [82.9187871840001, 19.4170492060001], [82.9183192980001, 19.4168635660001], [82.918239704, 19.416943706], [82.918168714, 19.417147605]]], [[[82.9138359120001, 19.419146374], [82.9138470620001, 19.4191113210001], [82.9138972380001, 19.419144621], [82.9139325470001, 19.419144621], [82.9139111760001, 19.4190780210001], [82.9139399800001, 19.4190271950001], [82.9138795840001, 19.4189772450001], [82.9138990960001, 19.4189299240001], [82.913979935, 19.418985132], [82.913950201, 19.41907364], [82.9139622800001, 19.4191121970001], [82.9140040930001, 19.419145497], [82.9141211690001, 19.4191078160001], [82.914090506, 19.4190026580001], [82.914222689, 19.418923831], [82.9142054060001, 19.4185949610001], [82.9141557880001, 19.4185342530001], [82.913929345, 19.41851116], [82.913857035, 19.418420408], [82.913723121, 19.418477995], [82.9137922150001, 19.4185660370001], [82.913603735, 19.4186572470001], [82.913635764, 19.4187443820001], [82.9135596120001, 19.4188142790001], [82.913544517, 19.4190088350001], [82.9136150570001, 19.419197313], [82.913689661, 19.4192490620001], [82.913746996, 19.419394449], [82.913795458, 19.419394449], [82.9138485820001, 19.4194301650001], [82.9138637870001, 19.41938035], [82.913817329, 19.4193207610001], [82.913878654, 19.419201582], [82.9138359120001, 19.419146374]]], [[[82.9161690720001, 19.421523393], [82.9162672730001, 19.4215144080001], [82.9162209990001, 19.4213062420001], [82.9162199290001, 19.4210845440001], [82.915919919, 19.4210062120001], [82.9158539110001, 19.421133189], [82.9158603390001, 19.4211654760001], [82.915835907, 19.42120956], [82.915843217, 19.421262563], [82.9158852880001, 19.4212876940001], [82.9159359230001, 19.421426669], [82.9159911190001, 19.4214512620001], [82.9160195650001, 19.4215315000001], [82.91611061, 19.4215732230001], [82.9161690720001, 19.421523393]]], [[[82.9157936510001, 19.420963682], [82.9156707650001, 19.4209392280001], [82.9156213320001, 19.421086347], [82.915715838, 19.4211194320001], [82.9157258610001, 19.4211066030001], [82.9157530680001, 19.421113355], [82.915763091, 19.421136313], [82.915740896, 19.4211531930001], [82.9157115420001, 19.4211457660001], [82.9157136900001, 19.421120108], [82.9156206160001, 19.4210890480001], [82.9155948420001, 19.421150492], [82.9155019, 19.4213594], [82.9154621000001, 19.4214887000001], [82.915530387, 19.4216091500001], [82.91564651, 19.421648755], [82.9156950060001, 19.4215059840001], [82.915834977, 19.4212349790001], [82.9158341360001, 19.421207199], [82.915857701, 19.421164338], [82.9158501260001, 19.4211341770001], [82.915918296, 19.421004007], [82.9158265610001, 19.421035756], [82.9157936510001, 19.420963682]]], [[[82.9171579870001, 19.4209051760001], [82.9169524870001, 19.4207903450001], [82.9168916570001, 19.420793732], [82.9168202330001, 19.4207532460001], [82.916650605, 19.4207140510001], [82.916550843, 19.420783032], [82.9163452820001, 19.4207848560001], [82.916237854, 19.4206671970001], [82.91616349, 19.4206546290001], [82.91612775, 19.42057076], [82.9159850020001, 19.4205849730001], [82.9158659780001, 19.4206402900001], [82.915801387, 19.420741209], [82.9157867120001, 19.4208140850001], [82.9158073200001, 19.4208452610001], [82.9157986430001, 19.42096932], [82.9158284120001, 19.4210311320001], [82.9159156420001, 19.421001104], [82.9162243900001, 19.421080256], [82.9162239130001, 19.4213087160001], [82.916270065, 19.4215171340001], [82.916169342, 19.4215255780001], [82.916111147, 19.421576944], [82.916018631, 19.4215333180001], [82.915286312, 19.422073229], [82.915250127, 19.422242714], [82.915266274, 19.4223139690001], [82.9153567320001, 19.422426581], [82.9154242750001, 19.4224277180001], [82.9154689010001, 19.4225005170001], [82.915386885, 19.422532367], [82.915448397, 19.422613128], [82.915666248, 19.4228427850001], [82.9157386160001, 19.422965634], [82.915807365, 19.423164694], [82.915847639, 19.4232663940001], [82.9160390600001, 19.4233405850001], [82.91610016, 19.4233540910001], [82.9162580600001, 19.42338276], [82.916715212, 19.423507386], [82.9169729000001, 19.4236643], [82.917347813, 19.421380808], [82.9171884410001, 19.421355987], [82.9171829220001, 19.421293534], [82.917307356, 19.421196706], [82.9173776900001, 19.420975088], [82.9173576630001, 19.4208654380001], [82.9173075730001, 19.4208671590001], [82.9171579870001, 19.4209051760001]]], [[[82.9160478250001, 19.4256492710001], [82.9160033380001, 19.425732888], [82.9160579890001, 19.425821741], [82.9162133990001, 19.425824118], [82.9162173030001, 19.425800366], [82.9161790700001, 19.42576718], [82.9161669900001, 19.4257305260001], [82.916186882, 19.425723442], [82.916239938, 19.4257588950001], [82.9162421610001, 19.4257991800001], [82.916221039, 19.4257991800001], [82.9162171130001, 19.425826495], [82.9162850610001, 19.425824348], [82.9163481690001, 19.4257251450001], [82.9164224080001, 19.4254415980001], [82.9164941510001, 19.425201293], [82.916534965, 19.4251219820001], [82.916677183, 19.424970377], [82.9165992690001, 19.424884026], [82.9165201210001, 19.424969156], [82.9164471500001, 19.4250437960001], [82.916412516, 19.425155767], [82.91628387, 19.425225756], [82.916127976, 19.4254392550001], [82.9163617890001, 19.4254404210001], [82.916367972, 19.4254859270001], [82.916132916, 19.4254870940001], [82.916162822, 19.425644575], [82.9161155040001, 19.425677482], [82.9160478250001, 19.4256492710001]]], [[[82.9202407270001, 19.3711792710001], [82.9201196050001, 19.3709353470001], [82.9199248090001, 19.3708855690001], [82.9198619530001, 19.3709408870001], [82.919780368, 19.3709032130001], [82.9197598000001, 19.3708355260001], [82.9196342440001, 19.3708062700001], [82.919548793, 19.3707280400001], [82.919508379, 19.370622054], [82.919463297, 19.370572861], [82.9193947410001, 19.370576919], [82.9190546300001, 19.37075836], [82.918835791, 19.3707122970001], [82.9187287060001, 19.3707190870001], [82.9184114130001, 19.370685006], [82.9186410470001, 19.371373094], [82.919277612, 19.371237348], [82.919702704, 19.3712374570001], [82.9200681610001, 19.3711887150001], [82.9202407270001, 19.3711792710001]]], [[[82.918914188, 19.372562406], [82.9189768640001, 19.372511506], [82.919335431, 19.3723499820001], [82.919262739, 19.372254093], [82.918972984, 19.3723039660001], [82.9186718500001, 19.372373924], [82.918721528, 19.3726113320001], [82.918914188, 19.372562406]]], [[[82.9203637900001, 19.3731134], [82.9206041290001, 19.3731086820001], [82.920729538, 19.3730725360001], [82.9207671600001, 19.37312143], [82.920833728, 19.3731134230001], [82.9208511370001, 19.3729131530001], [82.9207312550001, 19.372816243], [82.9205601630001, 19.3727891130001], [82.9204997000001, 19.3727104000001], [82.920405266, 19.372576113], [82.9200155520001, 19.372969524], [82.9198040040001, 19.3731273990001], [82.919901107, 19.3732546470001], [82.919967377, 19.373213047], [82.9200336060001, 19.37321561], [82.920181853, 19.3731205120001], [82.9202238410001, 19.3730616010001], [82.9203328140001, 19.3730386870001], [82.9203637900001, 19.3731134]]], [[[82.918783455, 19.374749149], [82.918649841, 19.374771777], [82.918636238, 19.374862401], [82.9185943190001, 19.3748573660001], [82.9185495070001, 19.3748615120001], [82.9185236980001, 19.37492866], [82.918524334, 19.374997767], [82.918614635, 19.374955245], [82.9186444010001, 19.3750299590001], [82.918600509, 19.3751190140001], [82.918567684, 19.3752070840001], [82.918732451, 19.375142399], [82.9187936220001, 19.375202319], [82.918838646, 19.3751792350001], [82.9188878320001, 19.375102527], [82.9189850280001, 19.375089831], [82.918990315, 19.3751481910001], [82.9190360320001, 19.3752184430001], [82.9190340660001, 19.3752846520001], [82.9190035510001, 19.3753175410001], [82.9190658670001, 19.3753623100001], [82.9191466360001, 19.3753645100001], [82.9192471380001, 19.375362395], [82.9192717000001, 19.375276232], [82.919348503, 19.3752989750001], [82.9194058450001, 19.375391547], [82.9193426240001, 19.375433448], [82.9194024440001, 19.375444261], [82.919425135, 19.3754381150001], [82.919768263, 19.37524777], [82.920172457, 19.3751207290001], [82.9202304250001, 19.3752055030001], [82.920275399, 19.375153418], [82.920282565, 19.375098963], [82.9203234550001, 19.3750488760001], [82.9203297490001, 19.3749033930001], [82.920299013, 19.374787945], [82.9204399010001, 19.374633768], [82.9204824670001, 19.374616095], [82.920486538, 19.3744985110001], [82.9204589220001, 19.374462113], [82.9202158030001, 19.374525566], [82.9201757880001, 19.3745515430001], [82.9201429780001, 19.37455056], [82.9201098020001, 19.374559822], [82.920061665, 19.374549873], [82.9199660890001, 19.374545218], [82.919867653, 19.3745966980001], [82.9197552310001, 19.374659369], [82.9196554440001, 19.3746511360001], [82.91958636, 19.3746840210001], [82.919508073, 19.374718676], [82.919459255, 19.374748976], [82.9193850790001, 19.3747408520001], [82.9192887180001, 19.374749593], [82.9192429060001, 19.374679223], [82.919196841, 19.3747370790001], [82.9191664590001, 19.37477133], [82.9191351920001, 19.374770852], [82.919048865, 19.374814112], [82.918919234, 19.3747561750001], [82.918837539, 19.374726547], [82.918783455, 19.374749149]]], [[[82.9375496420001, 19.3801242230001], [82.9375947500001, 19.3802260910001], [82.9377136730001, 19.3802260910001], [82.937769717, 19.380209328], [82.9380212310001, 19.3801654860001], [82.9381210170001, 19.380196434], [82.9382016650001, 19.3801783810001], [82.9382754790001, 19.380147433], [82.938379366, 19.380144854], [82.9382809460001, 19.379952723], [82.938216701, 19.379866328], [82.9381784270001, 19.379772197], [82.9379938920001, 19.3794098550001], [82.937453958, 19.379737381], [82.9375592100001, 19.379964328], [82.9375496420001, 19.3801242230001]]], [[[82.935023055, 19.3808949360001], [82.93501553, 19.3808624820001], [82.9350370320001, 19.380800617], [82.935030581, 19.380782362], [82.9350682100001, 19.380717453], [82.9349585480001, 19.3805136020001], [82.9348886660001, 19.380598794], [82.9348628640001, 19.380662688], [82.9347510530001, 19.380663702], [82.9346575180001, 19.3806768860001], [82.9345930120001, 19.380714411], [82.934542482, 19.380710354], [82.934500552, 19.3807894610001], [82.9345220540001, 19.3811484830001], [82.934731701, 19.381098788], [82.935026281, 19.380993312], [82.9350047790001, 19.380953759], [82.9350090790001, 19.380923334], [82.935023055, 19.3808949360001]]], [[[82.935504725, 19.380511906], [82.9355228760001, 19.380621693], [82.9356221730001, 19.3808704740001], [82.9359398130001, 19.381703338], [82.936392052, 19.3815434310001], [82.936352174, 19.381478084], [82.9363720630001, 19.3814473320001], [82.9363771600001, 19.3813804920001], [82.9361850750001, 19.3812920890001], [82.9361343990001, 19.3812156130001], [82.9361277530001, 19.3811239730001], [82.9361376890001, 19.3810142630001], [82.9361022410001, 19.3809437400001], [82.9360578010001, 19.380786598], [82.9360812910001, 19.3807050140001], [82.9361037130001, 19.3806314870001], [82.936188063, 19.3805196860001], [82.936098374, 19.3804572390001], [82.936095171, 19.3803547810001], [82.9360524620001, 19.380355788], [82.9360108220001, 19.3803648530001], [82.935922201, 19.380457517], [82.9358410550001, 19.3805159350001], [82.9357663150001, 19.380516943], [82.9357246740001, 19.3805340650001], [82.935674492, 19.380519964], [82.9355901420001, 19.3805058630001], [82.935504725, 19.380511906]]], [[[82.9472808500001, 19.3834352540001], [82.947307875, 19.383455891], [82.947410533, 19.3834257510001], [82.9474633080001, 19.3834845710001], [82.947477, 19.383558438], [82.947373482, 19.3835859480001], [82.9473120590001, 19.3835310440001], [82.9472859370001, 19.383555211], [82.9472340610001, 19.3835681360001], [82.9471865630001, 19.3835342620001], [82.947040181, 19.383595686], [82.9470408920001, 19.383674603], [82.9471449170001, 19.383806425], [82.947233108, 19.38386093], [82.947298668, 19.383930982], [82.947263358, 19.384586902], [82.9475285190001, 19.3846298720001], [82.9481689630001, 19.3847296920001], [82.9488543320001, 19.3845976280001], [82.949043235, 19.384400353], [82.9489457670001, 19.3839980810001], [82.9488935420001, 19.383755551], [82.9486605420001, 19.383717657], [82.9485922490001, 19.3837157620001], [82.9483652750001, 19.383602077], [82.9484195080001, 19.3835414440001], [82.9485339990001, 19.383550918], [82.9482783540001, 19.3833235010001], [82.9482477290001, 19.3832194500001], [82.948149867, 19.383137461], [82.948090909, 19.3826324780001], [82.947832777, 19.3824585290001], [82.9476604000001, 19.3824031], [82.9475542000001, 19.3823732000001], [82.9474277, 19.3823195000001], [82.9467969, 19.3822229], [82.9466715, 19.3822011], [82.9465584000001, 19.3821824], [82.946419, 19.3822314], [82.9463925000001, 19.3822762], [82.9463699, 19.3823011000001], [82.9459989000001, 19.382232], [82.9459663000001, 19.3822581000001], [82.9459029000001, 19.3823224000001], [82.9456628, 19.3826699000001], [82.9455490000001, 19.3828828000001], [82.9454843670001, 19.3831259520001], [82.945942427, 19.383286035], [82.946407584, 19.383442255], [82.9466314490001, 19.3833636480001], [82.9469062780001, 19.3835778480001], [82.947026313, 19.38359731], [82.9471866690001, 19.383529437], [82.9472121730001, 19.3834574810001], [82.9472808500001, 19.3834352540001]]], [[[82.9460703330001, 19.384559557], [82.9459747170001, 19.3846539040001], [82.9460007270001, 19.3848175850001], [82.9459495140001, 19.384828167], [82.945994398, 19.3850249390001], [82.9461063690001, 19.38506511], [82.946148958, 19.3851410030001], [82.9461280670001, 19.3852891970001], [82.9464546240001, 19.3854350510001], [82.946873747, 19.38552982], [82.9475859900001, 19.385566801], [82.9475702620001, 19.3854858280001], [82.9476370150001, 19.3854134540001], [82.9482027080001, 19.385164226], [82.947811308, 19.3848094300001], [82.9473485060001, 19.384670511], [82.947264557, 19.384599263], [82.9467836060001, 19.3845529280001], [82.946738177, 19.3844436470001], [82.9465047090001, 19.38446731], [82.9461725360001, 19.38449071], [82.9460703330001, 19.384559557]]], [[[82.9296264110001, 19.386288834], [82.9295719200001, 19.3861461550001], [82.929573674, 19.386095106], [82.929614622, 19.3860423150001], [82.9295376590001, 19.385834856], [82.929569133, 19.385727725], [82.9294849020001, 19.3855575310001], [82.929218554, 19.3856891090001], [82.92904336, 19.3858243170001], [82.9289724820001, 19.3858155340001], [82.928884816, 19.385841886], [82.9288120850001, 19.3858032370001], [82.928453661, 19.3860088920001], [82.9286476240001, 19.3861549590001], [82.9287540070001, 19.386244784], [82.9288454970001, 19.386375215], [82.929067967, 19.386569314], [82.929195147, 19.386595802], [82.9293917200001, 19.386728313], [82.9294495770001, 19.3866487920001], [82.9296045190001, 19.3865163510001], [82.9297240400001, 19.3864669380001], [82.9296565910001, 19.3864051940001], [82.9295929880001, 19.386378741], [82.929572335, 19.386334662], [82.9296264110001, 19.386288834]]], [[[82.9465942370001, 19.386460691], [82.9464960970001, 19.3864736080001], [82.946482405, 19.386501595], [82.946442463, 19.386508054], [82.9462952540001, 19.386594169], [82.9462587350001, 19.38660601], [82.946274713, 19.386629692], [82.9463226440001, 19.386625386], [82.9463431870001, 19.386649069], [82.9463009630001, 19.386684593], [82.946262161, 19.386668446], [82.946215372, 19.38670074], [82.9461708630001, 19.38664584], [82.9461993930001, 19.38660924], [82.9461822740001, 19.3865715640001], [82.946127496, 19.386578023], [82.9459619520001, 19.3865491190001], [82.9459569940001, 19.3866169300001], [82.945979304, 19.3866192680001], [82.9460065710001, 19.3866130330001], [82.946030534, 19.386645769], [82.9460230970001, 19.386661358], [82.9460049190001, 19.38665824], [82.9459958300001, 19.386670711], [82.9460222710001, 19.3866964330001], [82.9460123550001, 19.386719037], [82.9459801300001, 19.386715139], [82.9459776510001, 19.386732287], [82.94595121, 19.386736964], [82.9459313790001, 19.386716698], [82.9459330320001, 19.3866722700001], [82.9459165060001, 19.386661358], [82.9459049380001, 19.3866255040001], [82.9459536890001, 19.3866153710001], [82.9459594730001, 19.3865460010001], [82.945793128, 19.3865188180001], [82.9457372030001, 19.386616775], [82.945758885, 19.3866232340001], [82.9456356160001, 19.3868213110001], [82.9456972400001, 19.3868772920001], [82.9456538680001, 19.3869257380001], [82.945804508, 19.3870732350001], [82.9458455990001, 19.38700433], [82.945896959, 19.386960189], [82.945822777, 19.386917125], [82.945836474, 19.3868923640001], [82.9458718540001, 19.386890211], [82.945892396, 19.386912819], [82.945927775, 19.386905283], [82.945948318, 19.3869225080001], [82.9461309220001, 19.386927891], [82.946232497, 19.3869548060001], [82.946247332, 19.3868999000001], [82.9466479160001, 19.386865449], [82.946645629, 19.386830999], [82.9466136720001, 19.3868137740001], [82.9466125280001, 19.3867868610001], [82.9466456230001, 19.386773942], [82.946644473, 19.3866921270001], [82.9466558780001, 19.386623232], [82.9465942370001, 19.386460691]]], [[[82.9432898140001, 19.3868512080001], [82.9429980880001, 19.3868175270001], [82.942832916, 19.386807957], [82.942693079, 19.386852859], [82.942629018, 19.386851897], [82.9426620850001, 19.3869901190001], [82.9426875890001, 19.387145388], [82.9426870440001, 19.387208559], [82.942725351, 19.38730213], [82.9429599140001, 19.3872234570001], [82.9431343620001, 19.3871694740001], [82.9432426560001, 19.3871132510001], [82.9433371430001, 19.3870295890001], [82.943411536, 19.386903063], [82.9433402540001, 19.3868423220001], [82.9432898140001, 19.3868512080001]]], [[[82.937772463, 19.388221005], [82.937655116, 19.3881980310001], [82.937592496, 19.3881127880001], [82.9376108650001, 19.387977994], [82.9375518850001, 19.387873271], [82.9374973990001, 19.387696776], [82.9370488280001, 19.3877251690001], [82.936940156, 19.3878118810001], [82.9370331690001, 19.388453256], [82.9372266870001, 19.389223074], [82.937316867, 19.3892023120001], [82.937384099, 19.3891520220001], [82.9377363, 19.3890036], [82.9379842000001, 19.3887073000001], [82.937862233, 19.388505412], [82.937772463, 19.388221005]]], [[[82.9399889370001, 19.388210916], [82.9399636780001, 19.388248823], [82.939928084, 19.3882932290001], [82.9398385270001, 19.388287813], [82.9399476030001, 19.388790353], [82.9400727540001, 19.388788187], [82.940402281, 19.388699376], [82.9403793160001, 19.388231494], [82.9403058330001, 19.3881892540001], [82.9402392390001, 19.3881849220001], [82.9401875710001, 19.3881643440001], [82.940106051, 19.3881665100001], [82.940040605, 19.3882055010001], [82.9399889370001, 19.388210916]]], [[[82.9381336270001, 19.389261549], [82.9379204740001, 19.389067724], [82.937789782, 19.3890201950001], [82.937435023, 19.3891347090001], [82.937413018, 19.389183589], [82.9374325640001, 19.3892030110001], [82.937424557, 19.389219682], [82.9373653850001, 19.3892224630001], [82.937340942, 19.3892039360001], [82.9372630820001, 19.3892763490001], [82.9373485340001, 19.3893239270001], [82.937595629, 19.3893588650001], [82.9382248580001, 19.3896105970001], [82.938334845, 19.3895092600001], [82.9383220560001, 19.3894569830001], [82.9382811300001, 19.389448137], [82.9383015920001, 19.3893065870001], [82.938252993, 19.3892736130001], [82.9381336270001, 19.389261549]]], [[[82.9273907040001, 19.3907076830001], [82.9272703460001, 19.390691389], [82.927203165, 19.390680187], [82.927164508, 19.390658832], [82.9271605010001, 19.390671793], [82.9271156840001, 19.39069841], [82.927089691, 19.390659751], [82.927090234, 19.390621449], [82.9271543290001, 19.3905924490001], [82.9271621920001, 19.3905581380001], [82.9272117070001, 19.390566479], [82.9272248520001, 19.390526301], [82.9271913810001, 19.390510921], [82.9272140080001, 19.3904503150001], [82.9272175080001, 19.390426017], [82.927272943, 19.390421362], [82.9272801960001, 19.3903397030001], [82.9271122690001, 19.390388004], [82.9269631540001, 19.3904171090001], [82.9268228810001, 19.390463891], [82.9268698000001, 19.3905678], [82.926983949, 19.3907239970001], [82.9270296160001, 19.390708283], [82.9271059380001, 19.390861145], [82.927164475, 19.3908785450001], [82.9273782960001, 19.3908251350001], [82.9273907040001, 19.3907076830001]]], [[[82.9414658150001, 19.3904704880001], [82.941461443, 19.3905127670001], [82.941470435, 19.3905601070001], [82.9414322970001, 19.390569682], [82.9414131440001, 19.3905315970001], [82.941363557, 19.390522165], [82.9413226140001, 19.3904371720001], [82.9413573630001, 19.3904157530001], [82.9414100230001, 19.3904059290001], [82.941376609, 19.3902577330001], [82.9411258120001, 19.390343607], [82.941156585, 19.390382921], [82.9411275950001, 19.3904334210001], [82.941102126, 19.390429522], [82.94108707, 19.3905620400001], [82.941347594, 19.3911746110001], [82.941483519, 19.391269462], [82.9415470980001, 19.3912841690001], [82.9417199110001, 19.391203659], [82.941671286, 19.391062463], [82.941943139, 19.390710121], [82.9419339660001, 19.3905847570001], [82.9416532330001, 19.390290771], [82.9415706840001, 19.390246625], [82.941490967, 19.3902447], [82.9413782730001, 19.3902554270001], [82.94141174, 19.3904051120001], [82.9414342590001, 19.3904100180001], [82.941450924, 19.390423146], [82.9414658150001, 19.3904704880001]]], [[[82.9253982000001, 19.3908775830001], [82.9254637940001, 19.3910336110001], [82.9255110240001, 19.39108915], [82.9255853080001, 19.3911100440001], [82.9256044350001, 19.391070271], [82.925653326, 19.391092019], [82.925694391, 19.3911010360001], [82.9257048710001, 19.391064322], [82.9258502710001, 19.3910248930001], [82.9258562150001, 19.3909293610001], [82.9258648430001, 19.390854845], [82.925848241, 19.390672604], [82.9257891350001, 19.390520291], [82.9255223590001, 19.3906005050001], [82.925517626, 19.3906771370001], [82.9254855460001, 19.3907491520001], [82.9254739310001, 19.390798751], [82.925451804, 19.3908397820001], [82.9254260750001, 19.3908598040001], [82.9253982000001, 19.3908775830001]]], [[[82.9218189650001, 19.390648389], [82.921587419, 19.3907971580001], [82.9214386, 19.3910322], [82.921308019, 19.391206171], [82.9214718000001, 19.3915543000001], [82.9215961, 19.3916583000001], [82.9226531420001, 19.391084811], [82.9224361180001, 19.390483182], [82.9222552270001, 19.390560909], [82.9221622800001, 19.390738718], [82.922090698, 19.3908263160001], [82.9219661500001, 19.390752165], [82.921867391, 19.390688959], [82.9218189650001, 19.390648389]]], [[[82.9271643550001, 19.3908830240001], [82.927164797, 19.3909244320001], [82.927125195, 19.390975338], [82.927082645, 19.3909668900001], [82.9270325160001, 19.390998999], [82.92700419, 19.3909843810001], [82.92699779, 19.3909468680001], [82.9268239350001, 19.3910139430001], [82.9268047790001, 19.391058086], [82.9267700390001, 19.391073895], [82.9267408950001, 19.3910743160001], [82.9267046290001, 19.391072217], [82.926683198, 19.3910337770001], [82.9266308810001, 19.3910616370001], [82.9267026380001, 19.391506878], [82.926933557, 19.391513837], [82.9270580800001, 19.391394554], [82.9270961770001, 19.3914032110001], [82.927385428, 19.391284623], [82.9273746480001, 19.3912171110001], [82.9273897290001, 19.3910820900001], [82.927373909, 19.391053388], [82.9273547880001, 19.3908472000001], [82.927277034, 19.3908561050001], [82.9272288490001, 19.390864379], [82.9271643550001, 19.3908830240001]]], [[[82.926135173, 19.3917229420001], [82.9259205600001, 19.3919163260001], [82.9259493340001, 19.3919799540001], [82.926118564, 19.3919159490001], [82.9263043860001, 19.391745374], [82.9264205570001, 19.391599484], [82.9265064950001, 19.3916470610001], [82.9264748190001, 19.391734942], [82.926643276, 19.3917961], [82.9265461580001, 19.3920793840001], [82.926615155, 19.3921055590001], [82.926746263, 19.3918176500001], [82.9267171260001, 19.3917912950001], [82.926684251, 19.391710211], [82.9268028970001, 19.3916218360001], [82.926938336, 19.391516321], [82.92669935, 19.391508957], [82.9266300570001, 19.3910778320001], [82.9264926450001, 19.391087315], [82.926388998, 19.3910968760001], [82.9262846120001, 19.391073695], [82.9262912330001, 19.391651811], [82.926135173, 19.3917229420001]]], [[[82.9225078870001, 19.3928140730001], [82.9224315000001, 19.3926956], [82.9224237000001, 19.3925752000001], [82.9222088830001, 19.392725941], [82.922102534, 19.39298946], [82.9223882000001, 19.3930971], [82.9225078870001, 19.3928140730001]]], [[[82.9240809630001, 19.392549558], [82.9240378330001, 19.3926138310001], [82.9241171310001, 19.392681511], [82.9240958130001, 19.392744237], [82.9241304560001, 19.3927790660001], [82.9240951250001, 19.392871676], [82.9240580480001, 19.39287037], [82.9240655080001, 19.3927719220001], [82.9240146600001, 19.3927212400001], [82.923766943, 19.393042832], [82.9238570900001, 19.3930994740001], [82.9238730980001, 19.3931638550001], [82.9238832980001, 19.393247047], [82.9241821630001, 19.3933755730001], [82.924235572, 19.3933173300001], [82.924393615, 19.3933224800001], [82.9243955950001, 19.3932356190001], [82.9243974, 19.3931639], [82.9243755850001, 19.3930007980001], [82.9243766230001, 19.392856834], [82.9244647070001, 19.392658856], [82.92435392, 19.3925958840001], [82.9243100180001, 19.3926502360001], [82.9242345980001, 19.392583971], [82.9242014650001, 19.3926503000001], [82.924156026, 19.392642854], [82.9241360730001, 19.392607592], [82.9240809630001, 19.392549558]]], [[[82.9443769800001, 19.394148693], [82.94432899, 19.3939693930001], [82.9442884900001, 19.3935505310001], [82.9443863440001, 19.393429683], [82.944347749, 19.3930976880001], [82.9442313660001, 19.393133789], [82.9441409200001, 19.393104813], [82.9441259160001, 19.393136731], [82.9441009810001, 19.393243866], [82.9439507320001, 19.3932569200001], [82.9440444780001, 19.393683165], [82.9442051410001, 19.3941162900001], [82.9442629260001, 19.3942215050001], [82.9443128870001, 19.394272078], [82.944435254, 19.3942976870001], [82.944512332, 19.3942761210001], [82.9443769800001, 19.394148693]]], [[[82.9195512000001, 19.3962434000001], [82.9196301000001, 19.396376], [82.9197647, 19.3965877000001], [82.9201213000001, 19.3966733], [82.9205304000001, 19.3965833], [82.9208585000001, 19.3964183000001], [82.9209917000001, 19.3960900000001], [82.921496, 19.394911], [82.9215477000001, 19.3946879000001], [82.9216290000001, 19.3943925], [82.9216465000001, 19.3940341000001], [82.9219428000001, 19.3936338], [82.9220459000001, 19.3934114], [82.9220684000001, 19.3930594], [82.9221579000001, 19.3927129], [82.9218448, 19.3922007], [82.9217794, 19.3921225], [82.9216894, 19.3919972], [82.9216454, 19.3919263], [82.9195625, 19.3943126], [82.9197032000001, 19.3944030000001], [82.9194445000001, 19.3945860000001], [82.919426, 19.3948367], [82.9194140000001, 19.394953], [82.9195317000001, 19.3953799], [82.9194842000001, 19.3958060000001], [82.9195512000001, 19.3962434000001]]], [[[82.922216985, 19.395562038], [82.9224343000001, 19.3956692], [82.9224725000001, 19.3956408], [82.9225145570001, 19.395575885], [82.9225374110001, 19.395463019], [82.922531705, 19.3953019680001], [82.92251371, 19.3952308720001], [82.9224857170001, 19.395141444], [82.922449321, 19.3951818520001], [82.9224520710001, 19.3952273090001], [82.9224400680001, 19.3952420640001], [82.9224023690001, 19.395237636], [82.92237699, 19.395269381], [82.9222849810001, 19.395156678], [82.9223059880001, 19.395137716], [82.922309537, 19.395086302], [82.92236918, 19.39507531], [82.9223069620001, 19.395024371], [82.922252476, 19.395034471], [82.9222183740001, 19.3950592690001], [82.922238801, 19.395123401], [82.9221950620001, 19.395167029], [82.9221036100001, 19.395195561], [82.922100615, 19.3951088310001], [82.9220375, 19.395123228], [82.9220107370001, 19.395087056], [82.9220413, 19.3950259000001], [82.9219253000001, 19.3950737000001], [82.9218033000001, 19.3951123000001], [82.921938267, 19.395163547], [82.9219380370001, 19.3952290190001], [82.9220063060001, 19.395254816], [82.9220551910001, 19.39522135], [82.922097115, 19.3952217820001], [82.922139471, 19.395286836], [82.922182794, 19.395333592], [82.922216985, 19.395562038]]], [[[82.921980402, 19.395313591], [82.9219490460001, 19.395293521], [82.921873824, 19.39523368], [82.921798261, 19.3952768560001], [82.92171597, 19.395259873], [82.9216539610001, 19.39519073], [82.921617256, 19.3952292440001], [82.9214111380001, 19.3951295900001], [82.9213321620001, 19.395299116], [82.921410178, 19.3953574760001], [82.921452919, 19.3954355120001], [82.92143257, 19.395469769], [82.9213963820001, 19.3954603880001], [82.9214668100001, 19.3957564730001], [82.9215801430001, 19.3957969090001], [82.9216956160001, 19.3957920460001], [82.9218432000001, 19.3957406000001], [82.9219575000001, 19.3957275000001], [82.922038, 19.3957249000001], [82.9221556000001, 19.3957479000001], [82.922218388, 19.3956724020001], [82.9222015940001, 19.395549148], [82.922166631, 19.395469173], [82.922134037, 19.395382028], [82.9220853190001, 19.395348095], [82.922071235, 19.3953103040001], [82.92205377, 19.395264722], [82.921980402, 19.395313591]]], [[[82.922683433, 19.396921535], [82.922655832, 19.396918687], [82.922650532, 19.396883684], [82.9226668910001, 19.3968529750001], [82.9226905140001, 19.3968342850001], [82.9227286060001, 19.396809763], [82.92270367, 19.3967998140001], [82.9226372040001, 19.396791455], [82.9226367410001, 19.3968272270001], [82.9226215950001, 19.396834889], [82.9226011520001, 19.3968356], [82.922563445, 19.3968245290001], [82.922555324, 19.39678939], [82.922515913, 19.396812153], [82.9224471850001, 19.3968040940001], [82.9224236620001, 19.3968379770001], [82.9224670880001, 19.3968487810001], [82.9224880800001, 19.3968881160001], [82.9224763940001, 19.396921107], [82.922456385, 19.3969438610001], [82.9224214800001, 19.3969479360001], [82.922421253, 19.3969787], [82.9224911380001, 19.3969982850001], [82.9225097510001, 19.396958335], [82.922545073, 19.396954211], [82.9225653540001, 19.3969833560001], [82.9225551640001, 19.397018223], [82.9225128680001, 19.3970204350001], [82.9225133, 19.3971158000001], [82.922539064, 19.3971972420001], [82.9225462210001, 19.39724833], [82.9225969670001, 19.397268469], [82.9226807590001, 19.3973163700001], [82.922718693, 19.3972142920001], [82.922784472, 19.3972076960001], [82.9227940100001, 19.397122134], [82.9228984760001, 19.3971274470001], [82.9229872550001, 19.3969930480001], [82.922813723, 19.3969381860001], [82.922805839, 19.3968415950001], [82.9227303740001, 19.3968097060001], [82.922693929, 19.3968323720001], [82.9227267310001, 19.3968779580001], [82.9227268640001, 19.396913399], [82.9227059900001, 19.396924525], [82.922683433, 19.396921535]]], [[[82.9297669860001, 19.4004868920001], [82.929788397, 19.400559301], [82.9298650110001, 19.40070317], [82.9299328720001, 19.4007568760001], [82.930034742, 19.400838208], [82.9302147000001, 19.4008169000001], [82.9303744000001, 19.4007957000001], [82.9302513000001, 19.4002336], [82.9300727, 19.4002790000001], [82.9298864, 19.4002576], [82.9296352000001, 19.4003026], [82.9297213850001, 19.400493844], [82.9297669860001, 19.4004868920001]]], [[[82.9226910390001, 19.4015233980001], [82.9227004370001, 19.4015667640001], [82.922734398, 19.401619672], [82.922732205, 19.4016726610001], [82.9227946670001, 19.401839038], [82.922789053, 19.402000851], [82.922850844, 19.4020292380001], [82.9230556480001, 19.4019580770001], [82.9231310600001, 19.4020297970001], [82.923865311, 19.401847429], [82.9237116960001, 19.401453243], [82.9235787970001, 19.4012604870001], [82.923516206, 19.400987005], [82.9234581200001, 19.4009970610001], [82.923445766, 19.4008080990001], [82.9233935400001, 19.400739259], [82.9233256640001, 19.4007443890001], [82.9233329030001, 19.4006226130001], [82.9232634510001, 19.400517082], [82.9231544340001, 19.4003851360001], [82.9224208140001, 19.400634315], [82.9224723090001, 19.4007864860001], [82.922537, 19.401067192], [82.9225888570001, 19.4011116900001], [82.9225921650001, 19.4012037970001], [82.9225587590001, 19.4012413610001], [82.9226287830001, 19.401351321], [82.9226910390001, 19.4015233980001]]], [[[82.9251100450001, 19.401420439], [82.9251379980001, 19.401419285], [82.9251678270001, 19.401458532], [82.9251858390001, 19.401490471], [82.9252245270001, 19.4014613410001], [82.9252722510001, 19.401479109], [82.9253000420001, 19.4015067030001], [82.9253489660001, 19.4014494350001], [82.9253212790001, 19.4013785000001], [82.925317663, 19.401300211], [82.9252998360001, 19.4012757630001], [82.9252895930001, 19.40122425], [82.9252317180001, 19.4010892210001], [82.9251695120001, 19.401119207], [82.9250993620001, 19.4011126570001], [82.9250463590001, 19.401081285], [82.925007082, 19.401054618], [82.92496721, 19.401050062], [82.9249224040001, 19.4010067180001], [82.924854091, 19.400996439], [82.924825877, 19.4010228610001], [82.9247508460001, 19.4010006020001], [82.924699504, 19.4011113670001], [82.9247589010001, 19.401152016], [82.924820792, 19.401304054], [82.9247823600001, 19.4013607260001], [82.924801094, 19.4016530260001], [82.9249088510001, 19.401632771], [82.9251300060001, 19.401564163], [82.925080128, 19.4015492880001], [82.92502992, 19.4015189], [82.9250304080001, 19.4014675330001], [82.9250684890001, 19.401427841], [82.9251100450001, 19.401420439]]], [[[82.9228506750001, 19.40203281], [82.9227980580001, 19.402010192], [82.9227203120001, 19.4020705940001], [82.922667086, 19.4023412290001], [82.922827511, 19.4027946790001], [82.9239965570001, 19.40234013], [82.9238722380001, 19.401850089], [82.9231300220001, 19.402033541], [82.9230561790001, 19.4019622440001], [82.9228506750001, 19.40203281]]], [[[82.933104901, 19.402513442], [82.9331332420001, 19.402489728], [82.933204258, 19.4024906720001], [82.9332237, 19.4024474], [82.933102755, 19.4022372380001], [82.9329913020001, 19.402223588], [82.9323899760001, 19.4023905330001], [82.932455529, 19.402603777], [82.932565611, 19.4028613850001], [82.9327499, 19.4026985290001], [82.9330542160001, 19.402568058], [82.933104901, 19.402513442]]], [[[82.9228366080001, 19.4027943730001], [82.9228767500001, 19.4029299900001], [82.9229266, 19.403065371], [82.923313899, 19.40300238], [82.9234834000001, 19.40294486], [82.923976436, 19.4027588280001], [82.923980547, 19.402690551], [82.9240263870001, 19.402647603], [82.9239942020001, 19.402344155], [82.9228366080001, 19.4027943730001]]], [[[82.9328337000001, 19.4033321000001], [82.933022135, 19.403230772], [82.933105035, 19.403171819], [82.932974104, 19.402656327], [82.9328136, 19.4026728000001], [82.9326844280001, 19.402764195], [82.9326135000001, 19.4028568000001], [82.932334779, 19.403047143], [82.932360927, 19.4031044430001], [82.9325824890001, 19.40347411], [82.9328337000001, 19.4033321000001]]], [[[82.9345888980001, 19.40292809], [82.934238389, 19.4031589190001], [82.9343123410001, 19.403231755], [82.934494848, 19.4033678710001], [82.9347739310001, 19.4031557070001], [82.9345888980001, 19.40292809]]], [[[82.9348185000001, 19.4036448000001], [82.934966907, 19.4035003600001], [82.9350419020001, 19.4034155190001], [82.9348953090001, 19.4032852710001], [82.9347747420001, 19.4031566800001], [82.934492543, 19.4033711750001], [82.9348185000001, 19.4036448000001]]], [[[82.922967252, 19.4038426550001], [82.9230447370001, 19.4038972120001], [82.923093093, 19.4040927200001], [82.9230387860001, 19.404335868], [82.9229274850001, 19.4045876120001], [82.9233050070001, 19.404492949], [82.923389861, 19.404427266], [82.923552161, 19.4041490980001], [82.9236114540001, 19.404045877], [82.9237438630001, 19.4040359540001], [82.923802515, 19.4039521060001], [82.9238643880001, 19.403592566], [82.9238945010001, 19.403352071], [82.9239492620001, 19.4032742220001], [82.9239591300001, 19.403070321], [82.9239952400001, 19.4027717650001], [82.9233160300001, 19.403004422], [82.92309041, 19.403044074], [82.9229343820001, 19.403096942], [82.922933764, 19.4032680550001], [82.922970923, 19.403368319], [82.9228819680001, 19.403628322], [82.92285666, 19.4038150390001], [82.922967252, 19.4038426550001]]], [[[82.921622573, 19.4015942070001], [82.9215661710001, 19.401522519], [82.921413885, 19.401625837], [82.9214300960001, 19.401887979], [82.9214206080001, 19.40217181], [82.921502532, 19.4022644630001], [82.9215413210001, 19.4024277500001], [82.9215314620001, 19.4025852120001], [82.9214771170001, 19.402746005], [82.9214296000001, 19.4034159], [82.9215537000001, 19.4035217000001], [82.9216804000001, 19.4038216000001], [82.9215345000001, 19.4040032], [82.9213281, 19.4041713], [82.9209594000001, 19.4042685000001], [82.9209364000001, 19.4046523000001], [82.9202924000001, 19.4051165000001], [82.9202624000001, 19.4051789000001], [82.9205644, 19.4058733000001], [82.9220526000001, 19.4065026000001], [82.9223426, 19.4063846], [82.9225322, 19.4062435000001], [82.9227241, 19.4062475000001], [82.9226908000001, 19.4056896000001], [82.922557, 19.4055912000001], [82.9225864000001, 19.405334], [82.9227576000001, 19.4050439000001], [82.9226522000001, 19.4049210000001], [82.9226407, 19.4048249000001], [82.9229258, 19.4043024000001], [82.9230289000001, 19.4039544], [82.9228484000001, 19.4038340000001], [82.92289277, 19.403258786], [82.9227512950001, 19.4032020500001], [82.9225766810001, 19.402895987], [82.922492161, 19.402792596], [82.9224062050001, 19.402619669], [82.9225034240001, 19.4026198610001], [82.922529158, 19.402237535], [82.9218483430001, 19.401508864], [82.921622573, 19.4015942070001]]], [[[82.9222149240001, 19.414542308], [82.9222840030001, 19.4145412030001], [82.9223596130001, 19.4143696620001], [82.9223952190001, 19.414333264], [82.9224137960001, 19.4143222710001], [82.922456009, 19.4142893920001], [82.9224112030001, 19.4142519260001], [82.9224316790001, 19.414051215], [82.9223608950001, 19.4139624220001], [82.9222556220001, 19.4139376530001], [82.9222340090001, 19.413895096], [82.9220202800001, 19.41401288], [82.9220433690001, 19.414075758], [82.921982895, 19.4141338470001], [82.92203828, 19.414187493], [82.921983825, 19.414225012], [82.9220508510001, 19.414273865], [82.922167131, 19.414305805], [82.9220629310001, 19.414494835], [82.921968571, 19.414631811], [82.921973312, 19.414703413], [82.9220177490001, 19.414733239], [82.9220486280001, 19.414734707], [82.922086425, 19.4147281350001], [82.92213673, 19.414685698], [82.9222149240001, 19.414542308]]], [[[82.9211659040001, 19.414246039], [82.9211416800001, 19.414161166], [82.921065212, 19.4142430420001], [82.9210978280001, 19.414363962], [82.9211561480001, 19.414368962], [82.921223958, 19.414412966], [82.9212174620001, 19.414500022], [82.9212237360001, 19.414563102], [82.921184419, 19.4145901470001], [82.9212586950001, 19.414614192], [82.9212650970001, 19.414589145], [82.9213383520001, 19.41458013], [82.921407317, 19.4146252140001], [82.921429657, 19.4145520860001], [82.9214010090001, 19.4145400690001], [82.9213723290001, 19.414569112], [82.9213404990001, 19.41455509], [82.9213415740001, 19.41454107], [82.921389354, 19.4145140370001], [82.9213872600001, 19.4144780010001], [82.921424427, 19.4144279710001], [82.9214308360001, 19.414353965], [82.921493399, 19.4143709620001], [82.9214933910001, 19.414392962], [82.9215135320001, 19.4144379750001], [82.9214848760001, 19.4144739980001], [82.921525181, 19.414545076], [82.9215559580001, 19.4145621010001], [82.921587796, 19.414500022], [82.9216122060001, 19.4145190420001], [82.9215803710001, 19.414572116], [82.9215357850001, 19.414604173], [82.921501822, 19.414578126], [82.921430715, 19.414557093], [82.9214115650001, 19.4146232100001], [82.9215124190001, 19.414648264], [82.9215952380001, 19.414633231], [82.9216324210001, 19.414721453], [82.9217248480001, 19.414754553], [82.9218193780001, 19.4147425150001], [82.9218712960001, 19.414640246], [82.9218181860001, 19.414619202], [82.921789543, 19.4146432530001], [82.9217502330001, 19.4146111860001], [82.921768252, 19.4145761230001], [82.9218149550001, 19.414575121], [82.9218213680001, 19.4146161960001], [82.9218691660001, 19.414635235], [82.921966453, 19.414400963], [82.921932192, 19.4143588110001], [82.9219461760001, 19.4143229750001], [82.9219801310001, 19.414336969], [82.9219958800001, 19.4142500340001], [82.921956655, 19.4142470370001], [82.921898394, 19.4142750090001], [82.921846423, 19.414253031], [82.9218452480001, 19.41415418], [82.9218674730001, 19.4141342200001], [82.921867396, 19.414072366], [82.9217953630001, 19.414065384], [82.9217328840001, 19.41408234], [82.921701591, 19.4141299930001], [82.9216719250001, 19.4141446], [82.9216847340001, 19.4142031980001], [82.921707487, 19.4141868930001], [82.9217780750001, 19.4143064040001], [82.9217359410001, 19.41433275], [82.9216592390001, 19.4142366890001], [82.9216812350001, 19.4142048300001], [82.9216701710001, 19.414147036], [82.921634413, 19.4141543470001], [82.9214945260001, 19.414164161], [82.921449995, 19.4142170760001], [82.921427727, 19.414235052], [82.921387484, 19.4141911150001], [82.9213270590001, 19.414211084], [82.9212508320001, 19.414151186], [82.9212221160001, 19.414224066], [82.9211659040001, 19.414246039]]], [[[82.922071266, 19.414943414], [82.9220973610001, 19.414969612], [82.922197553, 19.415063667], [82.9222440630001, 19.415039091], [82.9223955210001, 19.415150096], [82.9224870080001, 19.4150830720001], [82.9224417710001, 19.4149464060001], [82.9225453540001, 19.414860493], [82.9225905220001, 19.4147863600001], [82.922391669, 19.4146756640001], [82.9223403710001, 19.414716963], [82.922359704, 19.414750197], [82.9222601810001, 19.414867132], [82.9221463430001, 19.4148714460001], [82.9220612140001, 19.414818231], [82.921963551, 19.414780724], [82.9218923980001, 19.414735249], [82.921884441, 19.414797584], [82.92188508, 19.41482784], [82.92185526, 19.4148876310001], [82.9217944120001, 19.414920336], [82.921720119, 19.414833738], [82.9216697100001, 19.4149138110001], [82.9217216170001, 19.414991275], [82.9217335020001, 19.415085065], [82.921716008, 19.415124559], [82.9217756420001, 19.4152325060001], [82.921824879, 19.415261518], [82.92192392, 19.4152047440001], [82.9220643690001, 19.4150640820001], [82.9220041440001, 19.415015629], [82.921906672, 19.4150922740001], [82.9218351900001, 19.4149944660001], [82.9219024390001, 19.414950929], [82.922071266, 19.414943414]]], [[[82.928286255, 19.420255694], [82.9283076250001, 19.420424557], [82.9281451560001, 19.4205721600001], [82.9286483640001, 19.4205898440001], [82.9286569240001, 19.420072943], [82.9283932800001, 19.4202245170001], [82.928286255, 19.420255694]]], [[[82.919250478, 19.4230506600001], [82.919265469, 19.423051404], [82.9193451580001, 19.4229613680001], [82.9193349010001, 19.422924907], [82.9194465480001, 19.422784866], [82.9195353470001, 19.4227048700001], [82.91958306, 19.4226661220001], [82.9188550650001, 19.4223982230001], [82.9188304140001, 19.4224821770001], [82.918686, 19.4227407000001], [82.9191344480001, 19.423187382], [82.9191621100001, 19.4231392080001], [82.919197615, 19.4231206060001], [82.9192197070001, 19.423078192], [82.919250478, 19.4230506600001]]], [[[82.922157811, 19.423687606], [82.9224207880001, 19.423611033], [82.9221832920001, 19.422868065], [82.9220080000001, 19.422946], [82.9220346870001, 19.423101043], [82.9220805190001, 19.4232243760001], [82.922068756, 19.4234066930001], [82.9219067920001, 19.4234702800001], [82.921713771, 19.423493261], [82.9218201630001, 19.4238205790001], [82.922157811, 19.423687606]]], [[[82.9190973, 19.4251046000001], [82.91894297, 19.4252088010001], [82.9189057400001, 19.425277071], [82.9187899140001, 19.4255355220001], [82.9188261100001, 19.425567707], [82.918798187, 19.4255969650001], [82.9190050190001, 19.4256730380001], [82.9190308730001, 19.425670112], [82.919031907, 19.4256447550001], [82.919070171, 19.4256301250001], [82.919109469, 19.4256447550001], [82.9191394590001, 19.4256730380001], [82.9191229130001, 19.425689618], [82.9191177420001, 19.425717901], [82.9192118510001, 19.4257452090001], [82.919285958, 19.4254872560001], [82.9192311210001, 19.4254607670001], [82.9192164080001, 19.4254721200001], [82.9191655830001, 19.4254267100001], [82.919205708, 19.425374994], [82.919295321, 19.425427972], [82.919374233, 19.4252475960001], [82.9190973, 19.4251046000001]]], [[[82.9519069250001, 19.5762075970001], [82.952174326, 19.576310662], [82.9524071000001, 19.5759114200001], [82.9522636280001, 19.575862692], [82.951780388, 19.5758429640001], [82.9517090940001, 19.5760362830001], [82.951754253, 19.5760714570001], [82.9517913270001, 19.5760590100001], [82.951817749, 19.5760818580001], [82.9518039120001, 19.576115311], [82.9519069250001, 19.5762075970001]]], [[[82.9507564370001, 19.5773132780001], [82.950322365, 19.5772294220001], [82.950117203, 19.577602159], [82.9501552500001, 19.5776567120001], [82.9502785510001, 19.5777261640001], [82.9502992820001, 19.577720899], [82.950399335, 19.577756519], [82.9505358470001, 19.5777777120001], [82.9508514280001, 19.5779373600001], [82.9511104950001, 19.5775776200001], [82.950930935, 19.577438494], [82.9507564370001, 19.5773132780001]]], [[[82.9795728930001, 19.5387698380001], [82.9792866340001, 19.5385455810001], [82.979086898, 19.538760493], [82.9787568420001, 19.538528232], [82.978678888, 19.5386350040001], [82.978945174, 19.539014235], [82.979052881, 19.5391144330001], [82.9795728930001, 19.5387698380001]]], [[[82.975841507, 19.53971441], [82.9754759040001, 19.5399613430001], [82.9755021240001, 19.540179607], [82.9755908500001, 19.540383961], [82.9757981060001, 19.54045338], [82.97590906, 19.5403554060001], [82.9760459330001, 19.5398803630001], [82.9760045690001, 19.5397129900001], [82.975841507, 19.53971441]]], [[[83.0168175490001, 19.542732367], [83.0168182370001, 19.5426232070001], [83.01679291, 19.5425633140001], [83.0166680930001, 19.542483356], [83.0163651610001, 19.5422483290001], [83.016069063, 19.5420126490001], [83.015978762, 19.541920164], [83.0158824320001, 19.542026369], [83.0159120530001, 19.54217519], [83.0159676490001, 19.542244329], [83.015970941, 19.542244785], [83.0158377550001, 19.542437566], [83.0159099160001, 19.5425096220001], [83.0158809870001, 19.542571863], [83.0160550050001, 19.542825156], [83.0161400120001, 19.5428678800001], [83.016319905, 19.542894877], [83.0165042630001, 19.542931088], [83.01666206, 19.5430353890001], [83.0167440810001, 19.5428868110001], [83.0168024370001, 19.5428257880001], [83.0168175490001, 19.542732367]], [[83.0162089830001, 19.542276875], [83.016293245, 19.5423216300001], [83.01621434, 19.5425322830001], [83.016049701, 19.5424345440001], [83.0161030790001, 19.54226936], [83.0159941540001, 19.5422480010001], [83.0161048670001, 19.542263341], [83.0161405440001, 19.5422234550001], [83.0162089830001, 19.542276875]]], [[[83.0267202350001, 19.543087616], [83.0268079530001, 19.5430076530001], [83.026831606, 19.5429627980001], [83.0268858430001, 19.542823721], [83.026924143, 19.5428148890001], [83.026922438, 19.542717082], [83.026988116, 19.5426772390001], [83.0270050970001, 19.542626501], [83.026812046, 19.542585892], [83.0268316720001, 19.5424701360001], [83.0267693000001, 19.5424753350001], [83.0267667910001, 19.542533393], [83.026734278, 19.542609025], [83.0266821420001, 19.54262901], [83.0266757090001, 19.5425912440001], [83.0267113890001, 19.542579749], [83.0267252100001, 19.5424881430001], [83.026666188, 19.5424771780001], [83.026600338, 19.5424435940001], [83.026448642, 19.542430348], [83.026318551, 19.5424429830001], [83.02619028, 19.5425309680001], [83.0261611240001, 19.5425981440001], [83.0261183370001, 19.54264727], [83.0260839640001, 19.542634661], [83.0261221850001, 19.5425581060001], [83.0259982270001, 19.5426633700001], [83.0258474890001, 19.5427435340001], [83.0257835090001, 19.542927666], [83.025901086, 19.5429438640001], [83.0262107610001, 19.542948971], [83.0262278740001, 19.5431328010001], [83.02625384, 19.5431903040001], [83.0262922970001, 19.543046416], [83.0263955510001, 19.5430312170001], [83.0265233160001, 19.5430598930001], [83.0266241990001, 19.5430399260001], [83.0267202350001, 19.543087616]]], [[[83.029303407, 19.543440619], [83.0292570920001, 19.543156185], [83.0291440400001, 19.543237209], [83.0291616000001, 19.5435615120001], [83.028977281, 19.5434634580001], [83.0287541640001, 19.543346307], [83.028660556, 19.5433588510001], [83.028688694, 19.543239151], [83.0286426770001, 19.5431535450001], [83.0285263000001, 19.5430886], [83.0283886000001, 19.5436135], [83.028372124, 19.5437269540001], [83.0285641440001, 19.5437666450001], [83.0287513320001, 19.543752], [83.028944794, 19.5438380300001], [83.0291550000001, 19.5439039], [83.0292765, 19.5438515000001], [83.029264014, 19.5436685970001], [83.029303407, 19.543440619]]], [[[83.0169478620001, 19.5431282390001], [83.0170190740001, 19.5431173470001], [83.017075849, 19.5431867250001], [83.017032644, 19.5432787350001], [83.0168769730001, 19.5432772090001], [83.0168523280001, 19.5434871370001], [83.016906443, 19.5436551070001], [83.0170608710001, 19.5435942440001], [83.017192122, 19.543593679], [83.017217535, 19.5434702260001], [83.0174668180001, 19.543297653], [83.017669052, 19.543417058], [83.0176668770001, 19.543525946], [83.0177289170001, 19.543754479], [83.0177255450001, 19.543838637], [83.017929472, 19.543810911], [83.0179822600001, 19.5438103180001], [83.0178043910001, 19.5439892480001], [83.0178694300001, 19.544031938], [83.0178388520001, 19.544198314], [83.017898207, 19.544248779], [83.01799771, 19.544021942], [83.018127097, 19.5438714000001], [83.0182068720001, 19.543868204], [83.018064667, 19.544031107], [83.0179180710001, 19.5442837430001], [83.017987056, 19.544292512], [83.0183848190001, 19.5438039000001], [83.018167717, 19.5436054890001], [83.0180532510001, 19.543543062], [83.0179801310001, 19.543496206], [83.0179607790001, 19.543420014], [83.01800195, 19.5433927880001], [83.01792326, 19.5432969290001], [83.017893411, 19.543221229], [83.0177317120001, 19.5430154630001], [83.0175275660001, 19.5428615110001], [83.0174019680001, 19.5428698760001], [83.017307342, 19.542885798], [83.0172000300001, 19.542947505], [83.0171095650001, 19.5429467320001], [83.01707315, 19.5429744730001], [83.0169248380001, 19.542991843], [83.016943671, 19.5430339690001], [83.0168849170001, 19.543092239], [83.0169478620001, 19.5431282390001]]], [[[83.028491005, 19.545529005], [83.028499943, 19.545474733], [83.0284303180001, 19.545397555], [83.0283478960001, 19.5453968410001], [83.0282783800001, 19.545383595], [83.0282136500001, 19.5452306180001], [83.028273159, 19.5450878030001], [83.02826536, 19.5450083740001], [83.0284461160001, 19.544971736], [83.0285551900001, 19.544960568], [83.0285818280001, 19.544852711], [83.0286397070001, 19.5447656630001], [83.028576995, 19.544758443], [83.0285240480001, 19.544671517], [83.02855478, 19.544584045], [83.0284720340001, 19.544617621], [83.0284558070001, 19.544678144], [83.0284117150001, 19.544722854], [83.0283459300001, 19.544689701], [83.0283425200001, 19.5446044940001], [83.028279925, 19.5445553810001], [83.0282081130001, 19.544557304], [83.0281289470001, 19.5445294830001], [83.028073648, 19.5445428680001], [83.028041219, 19.544495924], [83.0279401560001, 19.5444986750001], [83.027909966, 19.5444669410001], [83.027859741, 19.5444682840001], [83.0278058480001, 19.544518221], [83.0278608900001, 19.5445849130001], [83.0278793520001, 19.5447051250001], [83.0279351710001, 19.5447100260001], [83.0279798000001, 19.5448067900001], [83.027965249, 19.5448789110001], [83.027920034, 19.544947861], [83.027915679, 19.545053088], [83.0278044450001, 19.545060967], [83.0277166530001, 19.5451723790001], [83.02776377, 19.545231442], [83.0280096480001, 19.5454505590001], [83.0281173000001, 19.5455124000001], [83.0282245170001, 19.5455785400001], [83.0282556540001, 19.545699836], [83.0283983130001, 19.5456047390001], [83.0284466510001, 19.5456248420001], [83.0284438180001, 19.545555081], [83.028491005, 19.545529005]], [[83.028076163, 19.5449092480001], [83.028122861, 19.544880757], [83.0281944870001, 19.544893084], [83.028236603, 19.5450036400001], [83.0281929930001, 19.545093278], [83.0281142000001, 19.545086774], [83.028027351, 19.5450451780001], [83.0279543, 19.545050352], [83.0280306590001, 19.5450396030001], [83.028076163, 19.5449092480001]]], [[[82.9719672990001, 19.545740213], [82.972142094, 19.5458073090001], [82.972316059, 19.545748184], [82.972373277, 19.5458329530001], [82.9726318190001, 19.545732247], [82.9726866, 19.5449247820001], [82.972573803, 19.5448992670001], [82.9719672990001, 19.545740213]]], [[[83.0045035590001, 19.55242586], [83.0046810650001, 19.5526735600001], [83.005177798, 19.552719514], [83.005414649, 19.552729378], [83.0055201230001, 19.5524918300001], [83.005221082, 19.552454873], [83.005209081, 19.552441608], [83.0048661640001, 19.552290187], [83.005006107, 19.5521570660001], [83.0050235160001, 19.552175705], [83.0053573370001, 19.5523008660001], [83.0053815430001, 19.5523167170001], [83.005552708, 19.5523649260001], [83.0055649170001, 19.5523693260001], [83.0056015590001, 19.552382531], [83.0057055680001, 19.5524452080001], [83.0056242270001, 19.5527350240001], [83.005906661, 19.5526946470001], [83.006086435, 19.5528246260001], [83.00618138, 19.55259147], [83.00598525, 19.5526141600001], [83.0059622750001, 19.5524606860001], [83.0062341220001, 19.552440903], [83.006240657, 19.5524495390001], [83.0063891560001, 19.5525049510001], [83.0064576060001, 19.552608853], [83.0062976980001, 19.5527874520001], [83.006134317, 19.552770547], [83.006093569, 19.5528447460001], [83.0063379140001, 19.5529319610001], [83.0064633580001, 19.552930863], [83.006441624, 19.5528046650001], [83.006554018, 19.55281903], [83.006560011, 19.5528169790001], [83.0067960860001, 19.5527795620001], [83.006937366, 19.552836004], [83.007042057, 19.55264974], [83.007100058, 19.5524275500001], [83.0069603900001, 19.5523575390001], [83.0069471360001, 19.5520574490001], [83.0070903450001, 19.5518624530001], [83.006998143, 19.5516103790001], [83.006768429, 19.5513210500001], [83.0060410130001, 19.5510822800001], [83.005893224, 19.5511956030001], [83.0059042330001, 19.551210154], [83.0061188440001, 19.5513638890001], [83.0059646970001, 19.5515791330001], [83.0059938970001, 19.5517750860001], [83.0059663440001, 19.551986222], [83.0058038550001, 19.552006636], [83.005547913, 19.55181652], [83.0052854780001, 19.5517789690001], [83.005353337, 19.551412918], [83.0051285310001, 19.551471377], [83.0051484700001, 19.551271914], [83.0054417690001, 19.551266469], [83.005405496, 19.551058202], [83.005309228, 19.550950492], [83.005187999, 19.551017087], [83.0052403270001, 19.5507816780001], [83.0048873850001, 19.5507066170001], [83.0046247450001, 19.5505767330001], [83.0043940480001, 19.550440005], [83.004117121, 19.551987781], [83.0043924440001, 19.5522291670001], [83.0045190720001, 19.551918503], [83.004633551, 19.5519187], [83.0046317730001, 19.551935434], [83.004559424, 19.552206835], [83.0045766530001, 19.5522210990001], [83.0046534690001, 19.552271123], [83.0045035590001, 19.55242586]]], [[[83.0018620320001, 19.552443969], [83.001859214, 19.5525369330001], [83.0017770430001, 19.5526040980001], [83.0019502970001, 19.552710258], [83.0019216590001, 19.552739778], [83.001774137, 19.5527649960001], [83.0017074780001, 19.5529208900001], [83.0016708000001, 19.5530890000001], [83.0017994360001, 19.5530783140001], [83.0018149620001, 19.5530266370001], [83.001853361, 19.5530189410001], [83.001863025, 19.552935215], [83.0019470650001, 19.552919994], [83.0019812580001, 19.5526646430001], [83.0020225010001, 19.5525053530001], [83.0020383360001, 19.5524326820001], [83.0021190950001, 19.552409261], [83.002126074, 19.552270359], [83.00209477, 19.5520363300001], [83.0020448450001, 19.5519114520001], [83.0019281180001, 19.551804799], [83.0019670620001, 19.551733991], [83.001883563, 19.5516811800001], [83.001797288, 19.551719113], [83.0017026310001, 19.551487708], [83.0015808940001, 19.5516753810001], [83.0015830730001, 19.5516839370001], [83.0015503370001, 19.551876566], [83.001536107, 19.5520758220001], [83.0014920130001, 19.5524383810001], [83.0016125330001, 19.552428595], [83.001847991, 19.5522115260001], [83.001965725, 19.5519599420001], [83.002029183, 19.5520548320001], [83.0020008770001, 19.552167168], [83.001945864, 19.552298766], [83.0018620320001, 19.552443969]], [[83.001589036, 19.551707358], [83.0016283290001, 19.551861672], [83.001714362, 19.5518224150001], [83.001755292, 19.551893475], [83.001638036, 19.551943243], [83.001589036, 19.551707358]]], [[[83.002883221, 19.553062099], [83.0029473420001, 19.5529895560001], [83.00295656, 19.5530409150001], [83.002923917, 19.5531500330001], [83.0030721270001, 19.5531863140001], [83.003100127, 19.5531150910001], [83.002970088, 19.553067341], [83.0029876360001, 19.5530221290001], [83.0030973230001, 19.5530133350001], [83.0031492430001, 19.552966451], [83.003151852, 19.5529298660001], [83.0031751650001, 19.552859353], [83.0029274730001, 19.552666522], [83.0027901970001, 19.552678154], [83.0027886460001, 19.5526248530001], [83.0028623850001, 19.55252427], [83.002992836, 19.5526682170001], [83.0031154500001, 19.552622688], [83.003137042, 19.552681813], [83.0031477790001, 19.552775635], [83.003219168, 19.552823978], [83.0032199440001, 19.552702359], [83.0031077080001, 19.552578462], [83.003058772, 19.5525737740001], [83.002973415, 19.5525162010001], [83.0027509650001, 19.5524946100001], [83.0027428540001, 19.552444619], [83.0026367770001, 19.552427535], [83.002563696, 19.5524658750001], [83.0025237470001, 19.5524474040001], [83.0025254510001, 19.5523900210001], [83.0023895780001, 19.552397453], [83.00231309, 19.5524417230001], [83.002357675, 19.5525603360001], [83.002317234, 19.5526161660001], [83.002260945, 19.552588961], [83.002256516, 19.5524602630001], [83.0021929320001, 19.552472745], [83.0021652940001, 19.5525507190001], [83.0021654480001, 19.5526189780001], [83.002150187, 19.5528123400001], [83.0020352060001, 19.5528070940001], [83.0020214260001, 19.5528746580001], [83.002073668, 19.553092964], [83.0022957030001, 19.5532549180001], [83.0025563950001, 19.55333417], [83.0026131260001, 19.553289529], [83.002692881, 19.5532672370001], [83.0029001520001, 19.5533566980001], [83.0028797520001, 19.5532227900001], [83.0029006450001, 19.553140324], [83.002883221, 19.553062099]]], [[[83.0043630120001, 19.5529699890001], [83.004296631, 19.5529500590001], [83.0042564070001, 19.552895849], [83.004163561, 19.5528969330001], [83.0041068740001, 19.552987935], [83.004183374, 19.5530486380001], [83.0040377620001, 19.5531374350001], [83.0040620340001, 19.553197938], [83.004093385, 19.553248997], [83.0040400070001, 19.5533064540001], [83.0040019410001, 19.5532888920001], [83.003990226, 19.553336759], [83.004028583, 19.55334493], [83.0040241020001, 19.5533916630001], [83.0039507920001, 19.553394369], [83.003927671, 19.5533917400001], [83.0038234780001, 19.5536330320001], [83.004112257, 19.5536024850001], [83.0041760170001, 19.553573516], [83.0044049580001, 19.5530689560001], [83.0044717760001, 19.552861116], [83.0044051680001, 19.5528563010001], [83.0043630120001, 19.5529699890001]]], [[[83.0056449130001, 19.552866351], [83.0054853660001, 19.5529621760001], [83.005472104, 19.552923542], [83.0052421880001, 19.553063664], [83.0052644840001, 19.553134148], [83.005065222, 19.5532483310001], [83.004581, 19.553432963], [83.0045740400001, 19.5535937330001], [83.0045901410001, 19.553718686], [83.0048270340001, 19.5539764970001], [83.0053461040001, 19.553612851], [83.0054512550001, 19.553786701], [83.005999397, 19.553344226], [83.005906387, 19.553147477], [83.0057375000001, 19.5529144600001], [83.0056880970001, 19.552923261], [83.0056449130001, 19.552866351]]], [[[83.003674899, 19.5543706460001], [83.0037619010001, 19.5543948910001], [83.0038166560001, 19.5544557480001], [83.003951332, 19.554360344], [83.0040301490001, 19.5543860340001], [83.0042028180001, 19.554305594], [83.004340648, 19.554235969], [83.0043579520001, 19.5541858350001], [83.004436619, 19.554155221], [83.0044877940001, 19.554094708], [83.004387926, 19.554017932], [83.0042880080001, 19.553892675], [83.0042333920001, 19.5537474650001], [83.004213242, 19.553560643], [83.004109708, 19.5536072850001], [83.0039538670001, 19.553742415], [83.0038894020001, 19.55380469], [83.0038432600001, 19.5538107410001], [83.0038008430001, 19.553866629], [83.0037478040001, 19.553854368], [83.003653538, 19.5539832010001], [83.0035707110001, 19.553991829], [83.0035573390001, 19.5540514090001], [83.003500795, 19.5540511880001], [83.0033293590001, 19.55425008], [83.0032715360001, 19.554270301], [83.0032697250001, 19.554346563], [83.0032071690001, 19.5545757190001], [83.0033025850001, 19.5546478420001], [83.0034114000001, 19.5545742], [83.0035133540001, 19.5545898720001], [83.003595595, 19.554547202], [83.0036529590001, 19.5544848110001], [83.0036548530001, 19.554442733], [83.003674899, 19.5543706460001]]], [[[83.0030998220001, 19.554258497], [83.0030010630001, 19.5542641660001], [83.0029645750001, 19.554383627], [83.0029727630001, 19.5545014310001], [83.0029346100001, 19.5546359030001], [83.003101588, 19.55472554], [83.0032062870001, 19.554377303], [83.0032364620001, 19.554263427], [83.0034062980001, 19.554116618], [83.003459203, 19.5538956840001], [83.0033938990001, 19.5538955820001], [83.003395733, 19.5538196860001], [83.0034605800001, 19.553789899], [83.0034578570001, 19.5537006810001], [83.0033279830001, 19.5535441110001], [83.0032226420001, 19.5537283100001], [83.003259148, 19.553867102], [83.0031951500001, 19.5540880770001], [83.0032456120001, 19.554161408], [83.0031518120001, 19.554190878], [83.003238078, 19.554252847], [83.0032157240001, 19.554340215], [83.0030998220001, 19.554258497]]], [[[83.012446475, 19.555010108], [83.0124648570001, 19.555027571], [83.012488739, 19.5550193230001], [83.0124770910001, 19.554994779], [83.0125122700001, 19.5549536840001], [83.0125072750001, 19.5549355850001], [83.0124661940001, 19.554932718], [83.012434957, 19.5548716640001], [83.0124097840001, 19.5548574750001], [83.0123922720001, 19.554820212], [83.012356212, 19.554817359], [83.012298565, 19.554756051], [83.012211597, 19.5548255520001], [83.0121734090001, 19.554802583], [83.012133804, 19.5548027030001], [83.012042981, 19.5547881800001], [83.0119010000001, 19.554933831], [83.0118684460001, 19.5549895520001], [83.0119219530001, 19.5550498010001], [83.0118846880001, 19.555105327], [83.0118407720001, 19.5551213420001], [83.01193162, 19.555295938], [83.0119830990001, 19.555278012], [83.0120040890001, 19.5553012290001], [83.0119864310001, 19.5553578720001], [83.012023195, 19.555434059], [83.0121001910001, 19.555382808], [83.012305181, 19.555220783], [83.012306009, 19.555154293], [83.0123482750001, 19.5551333720001], [83.0123646920001, 19.5550879], [83.012446475, 19.555010108]]], [[[82.9991885540001, 19.5598456660001], [82.999146722, 19.559900166], [82.9992455170001, 19.559979523], [82.9990591930001, 19.5603010990001], [82.9988276670001, 19.560523271], [82.9989577310001, 19.560589092], [82.999128302, 19.5606571330001], [82.9992457170001, 19.5606424160001], [82.9994396050001, 19.5604715540001], [82.9994910440001, 19.560455722], [82.999569788, 19.5602539930001], [82.999569824, 19.560171875], [82.999577484, 19.5600899830001], [82.999582774, 19.560090432], [82.999646259, 19.5600565930001], [82.9996995390001, 19.5600513470001], [82.9997167760001, 19.560146805], [82.9997680450001, 19.5600562700001], [82.999834246, 19.5599075110001], [82.999887324, 19.559767343], [82.9999486360001, 19.559648119], [82.9998941270001, 19.5596104300001], [82.9998480950001, 19.5596306780001], [82.999799846, 19.55961045], [82.9997917140001, 19.5595600520001], [82.9996182950001, 19.5594777220001], [82.9995344000001, 19.5594478], [82.9994665880001, 19.5594521830001], [82.999363203, 19.5594142370001], [82.999268177, 19.5595049680001], [82.9992726830001, 19.5596503290001], [82.999227171, 19.5598384480001], [82.9991885540001, 19.5598456660001]]], [[[83.0039506580001, 19.561315236], [83.0040110250001, 19.5611759550001], [83.003940067, 19.561202242], [83.00388631, 19.561196653], [83.003833349, 19.5612031270001], [83.0038012000001, 19.5611735750001], [83.0037592580001, 19.56123761], [83.003686099, 19.561275433], [83.0036449680001, 19.561362269], [83.0035258730001, 19.561399769], [83.003465964, 19.561374003], [83.003310502, 19.5614272660001], [83.003324052, 19.5616692080001], [83.0033578730001, 19.561782292], [83.0033540030001, 19.561784803], [83.003388381, 19.561922125], [83.003431779, 19.5619052280001], [83.003460815, 19.5619791780001], [83.0034401460001, 19.5620485110001], [83.003617176, 19.5619802590001], [83.003712513, 19.561948527], [83.0037108450001, 19.5618650920001], [83.003775675, 19.5616483700001], [83.0038534030001, 19.561502547], [83.0039506580001, 19.561315236]], [[83.0035551550001, 19.5616217910001], [83.0035934370001, 19.5616747650001], [83.0035762810001, 19.561757534], [83.0035349170001, 19.5617554830001], [83.003507701, 19.561780265], [83.0034861400001, 19.5617008180001], [83.003489427, 19.5616985950001], [83.0035505600001, 19.5616177320001], [83.0035551550001, 19.5616217910001]]], [[[83.0039894510001, 19.561565477], [83.003919576, 19.5615611580001], [83.0038611630001, 19.5618627600001], [83.0039280560001, 19.5621617790001], [83.003999498, 19.5623357000001], [83.0039995830001, 19.5623390050001], [83.0038602690001, 19.5624129560001], [83.00385084, 19.5623840750001], [83.0037859810001, 19.5623598610001], [83.0037416860001, 19.561940658], [83.0034428050001, 19.562050764], [83.003411009, 19.5620807240001], [83.0033243650001, 19.5620844690001], [83.0031550510001, 19.5621676100001], [83.0035163950001, 19.5626001410001], [83.0037226760001, 19.5626091250001], [83.0038188830001, 19.5625397060001], [83.0038682860001, 19.5624588530001], [83.0038613520001, 19.5624155680001], [83.004001762, 19.562340432], [83.00418326, 19.5624077360001], [83.0043849090001, 19.562322916], [83.0044442870001, 19.5620854420001], [83.0045847550001, 19.5616496060001], [83.0046428140001, 19.5612420590001], [83.0042383000001, 19.5610718], [83.0041538140001, 19.5610563550001], [83.0039609560001, 19.561461718], [83.0040148720001, 19.561529649], [83.0039894510001, 19.561565477]]], [[[82.9840236530001, 19.5641087390001], [82.9840982860001, 19.5641429], [82.9841256160001, 19.5640694570001], [82.984315919, 19.5641040570001], [82.9843921990001, 19.564225317], [82.984363639, 19.5640430010001], [82.9840184220001, 19.5636677310001], [82.9837086740001, 19.564024182], [82.983636495, 19.5641967650001], [82.983658281, 19.564250117], [82.9836567550001, 19.564362574], [82.9837138500001, 19.5643687260001], [82.9837547640001, 19.564287618], [82.98394784, 19.564154381], [82.9840236530001, 19.5641087390001]]], [[[82.9543300940001, 19.5640453520001], [82.9541060870001, 19.5639876170001], [82.9536717, 19.5642950000001], [82.9539838600001, 19.564830445], [82.954341264, 19.5647146810001], [82.9543300940001, 19.5640453520001]]], [[[82.9826299430001, 19.56574791], [82.982560886, 19.565764067], [82.982497439, 19.5657545510001], [82.9824779310001, 19.5657716600001], [82.982473944, 19.5657947080001], [82.982497015, 19.565833433], [82.982462673, 19.565884641], [82.982484049, 19.565927985], [82.9824089960001, 19.5660818900001], [82.9824274750001, 19.566152566], [82.982399978, 19.5662066830001], [82.98241289, 19.5662416110001], [82.9823735900001, 19.566324298], [82.98224315, 19.566258157], [82.9822837990001, 19.5659541520001], [82.982290155, 19.5658103260001], [82.982273886, 19.565640038], [82.9822496410001, 19.565633398], [82.9820354970001, 19.566108075], [82.982131651, 19.5661452950001], [82.982161498, 19.5662306950001], [82.9821134370001, 19.566398355], [82.982226601, 19.566454933], [82.9819837420001, 19.566846374], [82.9822063510001, 19.5670301220001], [82.9824194710001, 19.56679129], [82.9826581290001, 19.566952895], [82.982770788, 19.566531583], [82.982731986, 19.566496215], [82.9826610850001, 19.5664289110001], [82.982622925, 19.5665437110001], [82.9825236550001, 19.5666714340001], [82.982488247, 19.566571276], [82.982559194, 19.566388005], [82.9826406350001, 19.566245328], [82.9826818060001, 19.566255595], [82.9827027480001, 19.566153382], [82.9826601020001, 19.566075836], [82.9826862990001, 19.5657907620001], [82.9826299430001, 19.56574791]]], [[[82.9693807800001, 19.569615178], [82.9699051640001, 19.5696216920001], [82.9698561340001, 19.5694768600001], [82.9699619790001, 19.569369657], [82.970076147, 19.5691574750001], [82.969237078, 19.5684776300001], [82.9690546290001, 19.5689669240001], [82.9691748640001, 19.5692801820001], [82.969237187, 19.5692801820001], [82.969323666, 19.56934404], [82.9694036290001, 19.5694768600001], [82.9693807800001, 19.569615178]]], [[[82.964534213, 19.569841137], [82.9645572250001, 19.5698242240001], [82.9646277860001, 19.569823231], [82.9646846780001, 19.569857127], [82.9648693940001, 19.569777861], [82.964931328, 19.569688769], [82.9649444140001, 19.569572045], [82.9644329920001, 19.5695906170001], [82.9642707290001, 19.5695032460001], [82.9642687990001, 19.5697349810001], [82.9642986380001, 19.5697583080001], [82.9643028030001, 19.5698054110001], [82.9643622740001, 19.5698182730001], [82.9644627070001, 19.569810353], [82.96450566, 19.5698371510001], [82.964534213, 19.569841137]]], [[[82.960700133, 19.5707416440001], [82.9608011020001, 19.570814248], [82.9608011020001, 19.5708981180001], [82.960859558, 19.5709356720001], [82.9608648720001, 19.571062102], [82.9613524480001, 19.5711021590001], [82.9613976190001, 19.5710683610001], [82.961344561, 19.570821344], [82.9612781330001, 19.5707650140001], [82.9611851350001, 19.570522167], [82.9611133940001, 19.570485865], [82.9611094080001, 19.5704057500001], [82.961163878, 19.570386973], [82.9611598920001, 19.5703043550001], [82.9610868230001, 19.570276816], [82.9610562660001, 19.570125349], [82.9608662050001, 19.5700081860001], [82.9604715280001, 19.570337388], [82.9605103490001, 19.5704364540001], [82.960613778, 19.570521329], [82.9605712640001, 19.5707979740001], [82.9606416770001, 19.5708305210001], [82.960700133, 19.5707416440001]]], [[[83.0345138980001, 19.5705558180001], [83.0344531000001, 19.570615457], [83.034387849, 19.570675845], [83.034325805, 19.570695879], [83.034261395, 19.5706454780001], [83.0342014610001, 19.5706749170001], [83.0342690960001, 19.5709323830001], [83.034396363, 19.5712552630001], [83.0345801340001, 19.5711094220001], [83.034786598, 19.5711439410001], [83.035116605, 19.571377538], [83.0353179260001, 19.5711282140001], [83.0352749690001, 19.5710714430001], [83.0352297150001, 19.571060978], [83.0349641930001, 19.5708735210001], [83.034920158, 19.570868902], [83.0347753400001, 19.5707269860001], [83.034694078, 19.570690325], [83.034599299, 19.5706396350001], [83.0345138980001, 19.5705558180001]]], [[[82.976575326, 19.5710657650001], [82.9765300560001, 19.571084722], [82.976669219, 19.571643974], [82.9768201200001, 19.5716376550001], [82.9768519770001, 19.571462296], [82.976857007, 19.5711763510001], [82.9768955700001, 19.5710610250001], [82.976888864, 19.570891986], [82.9767731730001, 19.5709299010001], [82.9765552060001, 19.57094096], [82.976575326, 19.5710657650001]]], [[[83.036505263, 19.571575266], [83.0364997730001, 19.571547213], [83.036534891, 19.5714596080001], [83.0364443970001, 19.5714831070001], [83.036409027, 19.571496322], [83.0364067300001, 19.5715184650001], [83.0363810570001, 19.571542876], [83.036342602, 19.571544864], [83.0363321040001, 19.5715256500001], [83.0363300110001, 19.5715055040001], [83.0363036470001, 19.5715278920001], [83.036254565, 19.571584983], [83.0362122230001, 19.571632225], [83.0361933020001, 19.5716905830001], [83.0361176070001, 19.5717246070001], [83.0360496270001, 19.5717791050001], [83.036088648, 19.5717870710001], [83.03606245, 19.571849618], [83.036019546, 19.5718877030001], [83.035942445, 19.571897732], [83.0360052140001, 19.5719245710001], [83.0359551610001, 19.571955384], [83.0358873860001, 19.571988649], [83.035811229, 19.572000803], [83.0357661050001, 19.572063036], [83.0356988080001, 19.572031656], [83.035639368, 19.5721279640001], [83.035691796, 19.572235892], [83.0356633090001, 19.5722516820001], [83.0356454500001, 19.572178325], [83.03561856, 19.572209958], [83.035660362, 19.5722831680001], [83.035641711, 19.572328882], [83.0356146290001, 19.5723311560001], [83.0356224880001, 19.5722862850001], [83.0355597650001, 19.5723149780001], [83.0355261190001, 19.5724068000001], [83.0356343230001, 19.5724272850001], [83.0356744330001, 19.5724778260001], [83.0356628370001, 19.572538074], [83.0356326460001, 19.572521465], [83.035631009, 19.572531548], [83.0355516000001, 19.572567325], [83.035509813, 19.5726763230001], [83.035488645, 19.572870804], [83.0356750870001, 19.5729761650001], [83.0357174150001, 19.5730515000001], [83.0357732350001, 19.5730262640001], [83.0358152310001, 19.5729538750001], [83.0358623590001, 19.5729467420001], [83.035982834, 19.5726280820001], [83.0360651560001, 19.5725433380001], [83.0361621540001, 19.572451577], [83.0361503670001, 19.572398847], [83.0361176370001, 19.572386502], [83.036068969, 19.572346591], [83.0360796900001, 19.572227228], [83.036151309, 19.57223552], [83.036159619, 19.5721723830001], [83.0362164300001, 19.5721108700001], [83.036108217, 19.572113872], [83.0361551070001, 19.57199545], [83.0362224300001, 19.57196005], [83.0362765190001, 19.5719389270001], [83.0363242120001, 19.5719301250001], [83.0363331200001, 19.5719933660001], [83.036432011, 19.5720318310001], [83.036457291, 19.5719976950001], [83.036487397, 19.571852253], [83.036502521, 19.571762474], [83.0364903820001, 19.571672279], [83.036505263, 19.571575266]]], [[[82.9552021530001, 19.574095825], [82.9549498270001, 19.5741929000001], [82.954997652, 19.5743891340001], [82.9552567000001, 19.5746517000001], [82.9553708600001, 19.5744674640001], [82.955429253, 19.574431948], [82.9554667800001, 19.5742805130001], [82.9554808950001, 19.574127344], [82.955546563, 19.5740304600001], [82.9553713810001, 19.5738820560001], [82.9552021530001, 19.574095825]]], [[[82.953601941, 19.575112615], [82.953570363, 19.575010735], [82.9534038630001, 19.574904347], [82.9532411900001, 19.5749052480001], [82.953094783, 19.575223512], [82.9531206190001, 19.5754678440001], [82.953376113, 19.575370472], [82.9536191660001, 19.5754038310001], [82.9536966750001, 19.5751180250001], [82.953601941, 19.575112615]]], [[[82.953117036, 19.5754657690001], [82.953102029, 19.5753245070001], [82.9528561690001, 19.5752527270001], [82.9525477810001, 19.5751910380001], [82.9524011760001, 19.575299645], [82.952382125, 19.575414616], [82.9527253680001, 19.57572666], [82.953117036, 19.5754657690001]]], [[[83.0368233520001, 19.5758236680001], [83.036755901, 19.57580496], [83.036746905, 19.575785485], [83.03671067, 19.5757883750001], [83.0366887160001, 19.5758415500001], [83.0366551610001, 19.5758449850001], [83.0366276080001, 19.5758893510001], [83.0367664610001, 19.5759430850001], [83.0368334840001, 19.57589912], [83.0368695480001, 19.575916362], [83.0368463820001, 19.5759632240001], [83.0369033090001, 19.576025939], [83.0369781810001, 19.5760432710001], [83.037015925, 19.576055776], [83.037000634, 19.5760825020001], [83.037026354, 19.5760963920001], [83.0370457270001, 19.57605046], [83.0370735370001, 19.5759525460001], [83.0369820020001, 19.575933988], [83.0369345840001, 19.575779142], [83.036902099, 19.5758021570001], [83.0368895600001, 19.5758316120001], [83.0368231030001, 19.5758423560001], [83.0368233520001, 19.5758236680001]]], [[[82.9650468660001, 19.576397544], [82.9651279880001, 19.5763773740001], [82.9652733330001, 19.576372066], [82.9653037530001, 19.5762478620001], [82.965309387, 19.5762117690001], [82.9654017760001, 19.5761501970001], [82.965361215, 19.576132151], [82.9653803690001, 19.5760907490001], [82.965476138, 19.5760334240001], [82.9653379000001, 19.5760185], [82.9645713990001, 19.576017501], [82.964589426, 19.576306248], [82.9646254800001, 19.576312618], [82.9646502680001, 19.576406036], [82.964748291, 19.5764389450001], [82.9648406800001, 19.57643576], [82.9648936350001, 19.5763964820001], [82.9650468660001, 19.576397544]]], [[[83.0351464930001, 19.5761636280001], [83.035156972, 19.5761133870001], [83.0351810660001, 19.5760820850001], [83.035191475, 19.5760201850001], [83.0352490550001, 19.575989172], [83.0351595560001, 19.5758943970001], [83.0350881270001, 19.575915503], [83.0350270500001, 19.575954521], [83.034968899, 19.575999863], [83.0349365710001, 19.576037813], [83.034872921, 19.576171564], [83.0348473270001, 19.5761680790001], [83.0348310790001, 19.576209525], [83.0347959270001, 19.576276223], [83.0348072830001, 19.576289484], [83.0348370820001, 19.5762400680001], [83.0348549700001, 19.5762473350001], [83.0348781000001, 19.576237453], [83.03488558, 19.576215307], [83.0349074850001, 19.5762034730001], [83.0349244130001, 19.5762509960001], [83.03492565, 19.576274073], [83.0349114570001, 19.5762930290001], [83.0348696440001, 19.5762958500001], [83.034853152, 19.5763048590001], [83.0348118220001, 19.5762955880001], [83.0347914060001, 19.576275174], [83.0347724550001, 19.5763126800001], [83.0347883860001, 19.576325922], [83.034750316, 19.5763736980001], [83.0347561840001, 19.5763919620001], [83.0347506030001, 19.576399101], [83.034732353, 19.5763910680001], [83.034687751, 19.57651825], [83.0347296900001, 19.576545153], [83.034726145, 19.5765697750001], [83.03471804, 19.5765965860001], [83.034739533, 19.576608342], [83.0347496810001, 19.576626447], [83.0347755940001, 19.5766369460001], [83.034779009, 19.5766114210001], [83.0347587810001, 19.5766007140001], [83.03474873, 19.5765805250001], [83.0347679610001, 19.5765698970001], [83.034771354, 19.576566767], [83.0347948930001, 19.576573384], [83.0347970120001, 19.5765977450001], [83.0347857500001, 19.5766102330001], [83.0347755920001, 19.576637964], [83.0347923900001, 19.576666962], [83.034772133, 19.5766879500001], [83.0348480640001, 19.576697656], [83.0348997070001, 19.576686147], [83.034928074, 19.576700454], [83.034964067, 19.5766832210001], [83.0349868860001, 19.5766624560001], [83.0350107400001, 19.5766197670001], [83.0350482480001, 19.576574199], [83.0350769870001, 19.5765498920001], [83.0350992670001, 19.576517864], [83.0350980540001, 19.576517095], [83.0351140380001, 19.5764782260001], [83.0350898300001, 19.5764546820001], [83.0350750690001, 19.576430058], [83.035091913, 19.5763826100001], [83.035095046, 19.5763362000001], [83.0351297880001, 19.5762849560001], [83.0351800860001, 19.5762782410001], [83.0351915670001, 19.5762576440001], [83.035170657, 19.576227997], [83.0351706440001, 19.576196468], [83.0351464930001, 19.5761636280001]], [[83.034956402, 19.576390986], [83.034988877, 19.5764136760001], [83.0350263550001, 19.5764471320001], [83.0350273240001, 19.576473938], [83.0350278070001, 19.5764742750001], [83.03501441, 19.5765049070001], [83.0349971730001, 19.5765201180001], [83.0349744710001, 19.576532491], [83.0349505940001, 19.5765419320001], [83.0349038260001, 19.5765256610001], [83.0348711340001, 19.576492909], [83.034882257, 19.576473627], [83.034878113, 19.576438463], [83.034909799, 19.5764211900001], [83.034928236, 19.5764030940001], [83.034956402, 19.576390986]]], [[[83.034490578, 19.576599635], [83.034450711, 19.576586508], [83.0344199740001, 19.5766018900001], [83.034401486, 19.576585827], [83.0343911990001, 19.57673206], [83.034399491, 19.5768054380001], [83.0343984090001, 19.5768599100001], [83.034389198, 19.576916609], [83.034508218, 19.5769146710001], [83.034536142, 19.576899907], [83.034553852, 19.576867792], [83.0347297310001, 19.5768897780001], [83.034750306, 19.5769190090001], [83.034783712, 19.5769419050001], [83.0348308540001, 19.57694738], [83.0348607190001, 19.576921827], [83.0349127250001, 19.5769002060001], [83.0349905090001, 19.5769004650001], [83.0350049020001, 19.576811348], [83.0349652570001, 19.576811504], [83.034942157, 19.5767905230001], [83.034926355, 19.57675742], [83.0348968120001, 19.576751373], [83.034874572, 19.576762445], [83.0348373210001, 19.5767442490001], [83.0348095300001, 19.576750286], [83.034808458, 19.5767502850001], [83.034783743, 19.5767431510001], [83.0347405030001, 19.5766808540001], [83.0347263850001, 19.5766062270001], [83.034702403, 19.5765966860001], [83.034681597, 19.576599437], [83.0346273760001, 19.5765901410001], [83.0345716420001, 19.57660588], [83.034525622, 19.576604264], [83.034490578, 19.576599635]]], [[[82.9579853660001, 19.5782426710001], [82.958024854, 19.5782504920001], [82.9580784790001, 19.577931864], [82.9580419770001, 19.577860006], [82.9580597620001, 19.57778524], [82.9579938840001, 19.577762121], [82.9579454390001, 19.577866171], [82.957909676, 19.577894601], [82.9578154750001, 19.577902038], [82.9577682380001, 19.5778575410001], [82.957639434, 19.577820682], [82.957473233, 19.578144357], [82.9575242870001, 19.578199811], [82.95768393, 19.5782179620001], [82.9579392030001, 19.578325229], [82.9579853660001, 19.5782426710001]]], [[[83.0239622380001, 19.5776808430001], [83.0239217010001, 19.577723764], [83.0238649250001, 19.5778028660001], [83.023786289, 19.577834378], [83.023783601, 19.5778294830001], [83.023716612, 19.577792726], [83.0236003850001, 19.5779484290001], [83.0235897910001, 19.578024188], [83.0235103090001, 19.5780495720001], [83.023414528, 19.57813889], [83.0229979630001, 19.5783588400001], [83.0235884350001, 19.578572186], [83.023684895, 19.5785422430001], [83.0237837490001, 19.578469867], [83.023954947, 19.5784830870001], [83.0239504910001, 19.578768048], [83.0242146050001, 19.5789004690001], [83.0243827880001, 19.57878412], [83.0245167680001, 19.578851172], [83.0247525570001, 19.57897014], [83.0248399850001, 19.578950956], [83.025460928, 19.5781987930001], [83.0252688890001, 19.5780436110001], [83.0251913380001, 19.5779602740001], [83.025136993, 19.577941642], [83.025085146, 19.5778674470001], [83.0249861520001, 19.5778024270001], [83.0249256800001, 19.577693228], [83.0249674660001, 19.5775635140001], [83.025039011, 19.5773238190001], [83.02426954, 19.577118974], [83.0242394320001, 19.5773266300001], [83.02419396, 19.5774354770001], [83.0241169430001, 19.577516728], [83.0240592490001, 19.5775443040001], [83.024019642, 19.5776371870001], [83.0239622380001, 19.5776808430001]]], [[[82.9881489650001, 19.578929976], [82.9880982670001, 19.5790190110001], [82.988006424, 19.579157095], [82.9880095010001, 19.5791957640001], [82.9880265520001, 19.579217138], [82.988056197, 19.57925105], [82.988126042, 19.579291121], [82.988186484, 19.579342006], [82.9882349650001, 19.57927418], [82.988362484, 19.5790181250001], [82.9883122560001, 19.5789796980001], [82.988262606, 19.5789241740001], [82.988221299, 19.578883337], [82.9881633140001, 19.578823014], [82.9881087620001, 19.578796518], [82.988118839, 19.5788277840001], [82.9881489650001, 19.578929976]]], [[[83.0355480440001, 19.579276721], [83.035559687, 19.5793057390001], [83.0355856720001, 19.5793393000001], [83.035586913, 19.5793996850001], [83.035558526, 19.5794099570001], [83.035607606, 19.579637205], [83.0356513020001, 19.579636545], [83.036095453, 19.5796028280001], [83.0361014360001, 19.579576613], [83.0360684720001, 19.5795635650001], [83.036086421, 19.5794594110001], [83.036092216, 19.579444564], [83.0360714170001, 19.5793832300001], [83.03609922, 19.5793233650001], [83.0360878270001, 19.579297109], [83.0360263810001, 19.579325506], [83.0359319070001, 19.5792741280001], [83.0358874710001, 19.579240865], [83.035816341, 19.579252535], [83.0358014510001, 19.579074458], [83.0358291030001, 19.5790262670001], [83.0358097530001, 19.579008177], [83.035774631, 19.5790250520001], [83.035740558, 19.5790640020001], [83.0357376810001, 19.579078478], [83.0357138460001, 19.5790808130001], [83.0356724040001, 19.579101644], [83.035658095, 19.579145253], [83.035622586, 19.5791568130001], [83.0355824200001, 19.5791731900001], [83.035542047, 19.579172956], [83.03551566, 19.5791719160001], [83.0355193070001, 19.57929123], [83.0355480440001, 19.579276721]]], [[[82.9919958420001, 19.579654373], [82.9919771680001, 19.579589996], [82.9920306860001, 19.5794730690001], [82.992115147, 19.5793162620001], [82.992170791, 19.5792391630001], [82.9921514700001, 19.5792540910001], [82.9920904140001, 19.5792695000001], [82.9920962740001, 19.579116443], [82.9919839460001, 19.5794117090001], [82.991924129, 19.579398563], [82.9919359190001, 19.579478038], [82.99190765, 19.5795683060001], [82.9919680960001, 19.5796230720001], [82.9919227290001, 19.5797332390001], [82.9918214100001, 19.5798433190001], [82.991764189, 19.5797239080001], [82.9917264810001, 19.579684823], [82.99169935, 19.5796010240001], [82.9916486230001, 19.5795770820001], [82.9915910620001, 19.579688258], [82.9915332050001, 19.5797204790001], [82.991494962, 19.5798085430001], [82.991602947, 19.5798711570001], [82.991646071, 19.5798709640001], [82.9916825760001, 19.579829422], [82.991731873, 19.5798355040001], [82.9917458510001, 19.5799277850001], [82.991824147, 19.5799141270001], [82.991926402, 19.5797901020001], [82.9919958420001, 19.579654373]]], [[[82.9924334230001, 19.5799721700001], [82.992409325, 19.579994759], [82.9923635520001, 19.579975345], [82.992332457, 19.580058326], [82.9922477310001, 19.58018687], [82.992213339, 19.580248999], [82.992240376, 19.5802813600001], [82.9921941920001, 19.5803850090001], [82.9921519110001, 19.5803679410001], [82.9921275040001, 19.5804040370001], [82.9921443000001, 19.5804377000001], [82.9921985110001, 19.5805079460001], [82.992251706, 19.580438746], [82.9922961070001, 19.5803467310001], [82.99235752, 19.5802358170001], [82.9924329400001, 19.580074698], [82.992470546, 19.579994023], [82.9924468, 19.5799660490001], [82.9924334230001, 19.5799721700001]]], [[[82.9625644800001, 19.5836372360001], [82.9624303310001, 19.5837043810001], [82.9624387150001, 19.583758688], [82.9623967940001, 19.583777449], [82.9625043, 19.5840084000001], [82.962653564, 19.583955184], [82.962625266, 19.583875203], [82.9625644800001, 19.5836372360001]]], [[[82.9918030310001, 19.583756382], [82.9917567860001, 19.583768757], [82.9917198190001, 19.5837372280001], [82.991679081, 19.583769594], [82.9916274870001, 19.583738231], [82.9915955110001, 19.5837050820001], [82.9915232420001, 19.5836983520001], [82.99143925, 19.5836455740001], [82.9913766270001, 19.5836311800001], [82.991319149, 19.5836725230001], [82.991281347, 19.5837259200001], [82.991264943, 19.5838271150001], [82.9912819250001, 19.5838958580001], [82.9912429970001, 19.583949644], [82.9912265040001, 19.583997638], [82.9911848340001, 19.5839867170001], [82.9911711010001, 19.5840175160001], [82.9912189870001, 19.5840285730001], [82.9913177780001, 19.584060161], [82.9913678790001, 19.5841150970001], [82.9914374130001, 19.5840967680001], [82.9915135420001, 19.5841481890001], [82.9915773930001, 19.5841595380001], [82.9915299140001, 19.584113341], [82.991479752, 19.5840956280001], [82.9914986040001, 19.5840446340001], [82.991562232, 19.584049185], [82.9915722740001, 19.584049163], [82.9916394510001, 19.5840555340001], [82.991641443, 19.584055592], [82.991679188, 19.5840994700001], [82.9916384150001, 19.5841615030001], [82.9917404880001, 19.584209652], [82.991811806, 19.5842243170001], [82.9918553480001, 19.5842593410001], [82.9918805880001, 19.584156611], [82.9919024000001, 19.584023609], [82.9919151020001, 19.583932497], [82.991950617, 19.5838776730001], [82.9919674870001, 19.583840923], [82.991927532, 19.583795805], [82.9918807160001, 19.5837838630001], [82.991858805, 19.5838022790001], [82.9918030310001, 19.583756382]]], [[[82.9644406640001, 19.5837401840001], [82.964352401, 19.5841804340001], [82.9643027660001, 19.584302322], [82.9643068340001, 19.584382756], [82.9642696000001, 19.5844515410001], [82.9642639890001, 19.5845696970001], [82.9642735400001, 19.584676228], [82.9647406440001, 19.584733414], [82.9650706680001, 19.584013284], [82.9644406640001, 19.5837401840001]]], [[[83.0368249030001, 19.583991914], [83.036809577, 19.5838977720001], [83.0367521900001, 19.583764144], [83.036707339, 19.583795465], [83.0366710750001, 19.5838092000001], [83.0365695360001, 19.583786999], [83.03654183, 19.5838312660001], [83.0364848510001, 19.5838147270001], [83.0364604920001, 19.583841857], [83.036439962, 19.583859279], [83.0364794230001, 19.5839007440001], [83.0364769240001, 19.583934061], [83.0364487200001, 19.583950756], [83.036424524, 19.583947741], [83.036402373, 19.5839920540001], [83.0364238170001, 19.5840458650001], [83.036403297, 19.5840670260001], [83.036381905, 19.584095357], [83.036405319, 19.5841493360001], [83.0363781680001, 19.5841717180001], [83.036352757, 19.584196096], [83.0363353100001, 19.584243519], [83.0363112030001, 19.5842877200001], [83.036324742, 19.584309821], [83.0363262110001, 19.5843099750001], [83.0363225350001, 19.584340593], [83.036288879, 19.5843408710001], [83.0363553400001, 19.584506214], [83.036422536, 19.5846758640001], [83.036483106, 19.5847854560001], [83.036536733, 19.584755724], [83.036562216, 19.5847015310001], [83.0365865690001, 19.5847117550001], [83.0366023500001, 19.584711607], [83.0366417880001, 19.584730074], [83.0368394910001, 19.584654223], [83.036856985, 19.584608546], [83.036907774, 19.5846046610001], [83.0368996190001, 19.584538862], [83.0368418790001, 19.5844381860001], [83.0368273170001, 19.584333944], [83.0368067510001, 19.584273529], [83.0367627580001, 19.584138952], [83.036746183, 19.584034806], [83.0368249030001, 19.583991914]]], [[[83.0361848310001, 19.585321236], [83.036209533, 19.58534253], [83.0362815490001, 19.585325991], [83.0364858940001, 19.5853153690001], [83.036556067, 19.585379392], [83.037016109, 19.5853734670001], [83.037008873, 19.5852151990001], [83.0370561980001, 19.585123438], [83.037124389, 19.5850771510001], [83.0371302130001, 19.5849655060001], [83.0370931130001, 19.584866596], [83.0370270450001, 19.584750258], [83.0369832530001, 19.584619509], [83.0368967890001, 19.584671891], [83.036661241, 19.5847594150001], [83.036501146, 19.584809175], [83.0364649840001, 19.5847978], [83.036416052, 19.5848239270001], [83.0364163570001, 19.584824645], [83.0363351, 19.5848754], [83.0362111100001, 19.5849141250001], [83.0361601440001, 19.584939333], [83.0361817890001, 19.5849998890001], [83.0361492550001, 19.5850388650001], [83.036188709, 19.5850553820001], [83.0362069230001, 19.585127314], [83.03616571, 19.585169927], [83.036192575, 19.585188169], [83.0362233990001, 19.5852524470001], [83.0361848310001, 19.585321236]], [[83.036575289, 19.585196307], [83.0365481900001, 19.585214416], [83.036517754, 19.585206794], [83.0365016050001, 19.585186224], [83.036497641, 19.585150963], [83.036499867, 19.585143552], [83.0365372480001, 19.585133984], [83.03656005, 19.5851480590001], [83.036575289, 19.585196307]]], [[[83.0365518150001, 19.58538277], [83.0364850280001, 19.5853180990001], [83.036279101, 19.585330334], [83.0362086040001, 19.585348686], [83.0362093030001, 19.585592822], [83.036008919, 19.5859651490001], [83.0360761100001, 19.586340235], [83.0361702480001, 19.5863603330001], [83.0362158190001, 19.5864628030001], [83.0363930140001, 19.586484135], [83.03651977, 19.5863216660001], [83.0365803760001, 19.586355166], [83.03678711, 19.586239832], [83.0367492620001, 19.5861066210001], [83.036910225, 19.585926736], [83.0368927630001, 19.5857986500001], [83.037045494, 19.585619948], [83.0371121800001, 19.5855201320001], [83.0370557950001, 19.585432989], [83.0370202870001, 19.585377496], [83.0365518150001, 19.58538277]]], [[[83.0374973830001, 19.5867972140001], [83.037417728, 19.5867728800001], [83.0374013270001, 19.5867763690001], [83.037497515, 19.586691602], [83.037530217, 19.5866285760001], [83.0374028670001, 19.586589324], [83.037347573, 19.5864939210001], [83.0372481100001, 19.586472284], [83.037101835, 19.5864980640001], [83.036866639, 19.586462951], [83.0368695650001, 19.5866247540001], [83.0365300780001, 19.586696639], [83.0365771090001, 19.58687138], [83.036721243, 19.5869259790001], [83.0367881160001, 19.587040846], [83.0370424750001, 19.5872176820001], [83.0373317610001, 19.58716903], [83.0373302180001, 19.587152594], [83.0374152620001, 19.587121875], [83.0374973830001, 19.5867972140001]], [[83.0371594160001, 19.58709169], [83.0370852190001, 19.5870418370001], [83.0370515770001, 19.586998313], [83.0372717100001, 19.586929808], [83.0373219960001, 19.587033354], [83.0373286590001, 19.5871359880001], [83.0373190880001, 19.587034047], [83.037248505, 19.5870657180001], [83.0371594160001, 19.58709169]]], [[[83.0433523300001, 19.5593079080001], [83.043349306, 19.5592569780001], [83.0433626810001, 19.55921155], [83.0435652090001, 19.559268984], [83.0436211360001, 19.5593193300001], [83.0441923820001, 19.559473718], [83.0443295640001, 19.5593209630001], [83.0432853410001, 19.558171735], [83.0429797890001, 19.55816329], [83.042951046, 19.558229672], [83.0430378990001, 19.558239336], [83.0430378280001, 19.5582803680001], [83.0430077780001, 19.5583395410001], [83.0429492870001, 19.558335792], [83.0429174080001, 19.5583224100001], [83.0427625, 19.5596180000001], [83.043962633, 19.5600920140001], [83.0441883340001, 19.5594784530001], [83.0436215390001, 19.5593263110001], [83.0435415360001, 19.5593598770001], [83.0434547250001, 19.5593610130001], [83.0434930980001, 19.5594446690001], [83.0433420470001, 19.559434492], [83.0433523300001, 19.5593079080001]]], [[[83.044458327, 19.559605419], [83.044647882, 19.5596977180001], [83.0447933140001, 19.55965861], [83.045017079, 19.5595263330001], [83.0447750910001, 19.559411111], [83.0447426000001, 19.559317326], [83.0446482680001, 19.5593643290001], [83.044593456, 19.5594090430001], [83.044608978, 19.5595041940001], [83.044525046, 19.55957742], [83.044458327, 19.559605419]]], [[[83.0432779390001, 19.560542626], [83.0432972930001, 19.5604614550001], [83.0432085250001, 19.5604853180001], [83.0431658640001, 19.560471148], [83.043150149, 19.5604358370001], [83.043075178, 19.5603748890001], [83.0431698470001, 19.5602963050001], [83.043171376, 19.560236821], [83.0431187720001, 19.560227066], [83.0430296150001, 19.5602554920001], [83.0430085560001, 19.560348859], [83.0429365910001, 19.560385609], [83.0429566810001, 19.560171957], [83.042895145, 19.5601892980001], [83.0427307880001, 19.560150472], [83.04266886, 19.560272748], [83.0425824770001, 19.560186205], [83.0425245060001, 19.560221099], [83.0425861150001, 19.560264912], [83.0426309050001, 19.560426701], [83.0427016730001, 19.560510074], [83.042848871, 19.560599175], [83.0427966060001, 19.560698722], [83.042983248, 19.560747314], [83.0430053650001, 19.5607982010001], [83.0428609000001, 19.56083088], [83.0428352500001, 19.5610083390001], [83.042931981, 19.5610128550001], [83.0429346970001, 19.561077718], [83.0428804840001, 19.561148926], [83.0428083530001, 19.561109409], [83.0428464500001, 19.5612514900001], [83.043107197, 19.5612534960001], [83.0431925650001, 19.5611811970001], [83.043322066, 19.561132962], [83.0432333270001, 19.5610557680001], [83.0431606330001, 19.561158468], [83.0431212330001, 19.561135302], [83.0431848330001, 19.561039636], [83.043125494, 19.5609623560001], [83.0430771000001, 19.560697072], [83.0432625860001, 19.5606374600001], [83.0432779390001, 19.560542626]]], [[[83.0635652430001, 19.562589584], [83.0637014180001, 19.562543658], [83.06357997, 19.562223341], [83.0633771760001, 19.5621696470001], [83.0635478180001, 19.562564708], [83.0634741850001, 19.562660705], [83.0633895000001, 19.5625493000001], [83.063299607, 19.5623590750001], [83.063117274, 19.5619642880001], [83.0630920240001, 19.561283356], [83.0628253840001, 19.561371965], [83.0627654150001, 19.5610849450001], [83.0626610850001, 19.561038366], [83.062527387, 19.561279733], [83.0626621170001, 19.561650763], [83.062581562, 19.56174458], [83.06227161, 19.5616643750001], [83.0621266470001, 19.561828818], [83.0621620920001, 19.5621490620001], [83.0620572120001, 19.562362394], [83.062188441, 19.5624103230001], [83.06221449, 19.562724159], [83.0622229480001, 19.563104632], [83.0621951590001, 19.563362673], [83.0624204390001, 19.5634372970001], [83.0624067400001, 19.56368043], [83.0625723260001, 19.5635373750001], [83.0627382980001, 19.5636431890001], [83.063034336, 19.563294817], [83.0629139960001, 19.562953199], [83.0631275740001, 19.562688386], [83.0632860040001, 19.562870531], [83.063440814, 19.562806903], [83.0635652430001, 19.562589584]]], [[[83.041422723, 19.5625680840001], [83.0415301990001, 19.562554993], [83.041529886, 19.5625072010001], [83.041394934, 19.5623532330001], [83.0412974590001, 19.5623062020001], [83.041074386, 19.562307619], [83.0410411120001, 19.562526463], [83.0410104750001, 19.562600263], [83.0410096260001, 19.5625991790001], [83.041009504, 19.562602602], [83.041009064, 19.5626036630001], [83.0410094530001, 19.5626040440001], [83.0409976430001, 19.5629363410001], [83.0411013620001, 19.562957924], [83.041118693, 19.5630798], [83.0411824650001, 19.563093436], [83.0411982210001, 19.56296615], [83.0412899070001, 19.562971201], [83.0412912620001, 19.5630725240001], [83.0414266770001, 19.5630872250001], [83.0414752980001, 19.562887529], [83.0413945990001, 19.562642533], [83.041422723, 19.5625680840001]], [[83.041169632, 19.5626691480001], [83.041152454, 19.5627323030001], [83.0410955290001, 19.5627088150001], [83.041026521, 19.562620742], [83.0410894460001, 19.562682303], [83.0411365410001, 19.5626162720001], [83.0411445330001, 19.5626234710001], [83.041169632, 19.5626691480001]]], [[[83.041779503, 19.5628906850001], [83.0417182740001, 19.5629077470001], [83.0416673870001, 19.5629063120001], [83.041623626, 19.5628505450001], [83.0415867280001, 19.562824764], [83.0416687750001, 19.563223368], [83.041812253, 19.5631143690001], [83.04182983, 19.5631413150001], [83.0418492270001, 19.5629834330001], [83.041921146, 19.563047543], [83.0419947120001, 19.5630423970001], [83.0420800470001, 19.562921374], [83.0421364600001, 19.562799634], [83.042039586, 19.5627418560001], [83.0420702470001, 19.562658372], [83.0420665180001, 19.562617516], [83.042005476, 19.56258889], [83.041928769, 19.562695306], [83.0418478020001, 19.562777958], [83.0418405200001, 19.562855734], [83.041779503, 19.5628906850001]]], [[[83.055831287, 19.5629252160001], [83.0558438470001, 19.563003957], [83.0558734250001, 19.5630394410001], [83.0558057790001, 19.5631845770001], [83.0558716300001, 19.5632111530001], [83.055861856, 19.563316726], [83.0559489450001, 19.563421948], [83.0561155950001, 19.5633500110001], [83.056066962, 19.56328194], [83.056026596, 19.563234123], [83.056050891, 19.5631802020001], [83.0561067800001, 19.563113011], [83.0561197160001, 19.5630087750001], [83.056024575, 19.5629321690001], [83.0559844810001, 19.5629794600001], [83.0559547190001, 19.563037347], [83.0558875080001, 19.562995819], [83.055909533, 19.562940079], [83.0559822120001, 19.562857341], [83.0560537690001, 19.562824054], [83.0561140500001, 19.5627490360001], [83.05617039, 19.5625512350001], [83.0560150970001, 19.562454626], [83.0559495090001, 19.5625624410001], [83.0558983550001, 19.5626871380001], [83.0558620790001, 19.5628339560001], [83.055872068, 19.562904512], [83.055831287, 19.5629252160001]]], [[[83.0589768510001, 19.5633733120001], [83.0588553040001, 19.5633430940001], [83.0587254500001, 19.5633098980001], [83.0585414990001, 19.563306185], [83.058465314, 19.563340308], [83.058455365, 19.5632974800001], [83.0583878, 19.5632654], [83.058364259, 19.5633100740001], [83.0583178270001, 19.5634572220001], [83.0583954580001, 19.563518023], [83.058351246, 19.563605449], [83.05830696, 19.5637145900001], [83.0583343010001, 19.563750489], [83.058311884, 19.5638524240001], [83.058495253, 19.563896057], [83.0585228020001, 19.5638307560001], [83.058501511, 19.563886258], [83.0587022920001, 19.5638507960001], [83.058785893, 19.563869804], [83.0588746230001, 19.563857295], [83.0589160000001, 19.5637320000001], [83.0589126150001, 19.5636921560001], [83.0589610270001, 19.5636943820001], [83.058974951, 19.563625458], [83.058940465, 19.5635989800001], [83.0589503200001, 19.5634635800001], [83.0589768510001, 19.5633733120001]], [[83.058617552, 19.563709515], [83.058597622, 19.563819691], [83.058525821, 19.5638228870001], [83.058523742, 19.5638283070001], [83.0584653290001, 19.5637651110001], [83.0584018160001, 19.563660882], [83.058379614, 19.5636231410001], [83.0584203500001, 19.5634847480001], [83.058481505, 19.5634477740001], [83.0585291100001, 19.5634588350001], [83.058614332, 19.563491626], [83.0586890100001, 19.5635227650001], [83.0587141280001, 19.5635472170001], [83.05872007, 19.56361651], [83.058617552, 19.563709515]]], [[[83.0613052990001, 19.5636059], [83.0612691970001, 19.563604567], [83.0611853070001, 19.563562695], [83.061096128, 19.5635970160001], [83.0610508920001, 19.563778068], [83.060839371, 19.5638029510001], [83.0607477180001, 19.563896809], [83.0607616920001, 19.564039344], [83.0609381800001, 19.5640065310001], [83.060976973, 19.563958218], [83.0611265060001, 19.563955553], [83.061194867, 19.5639077170001], [83.0612666170001, 19.563968679], [83.0614748260001, 19.5641224300001], [83.061565903, 19.5637896640001], [83.061513624, 19.56370078], [83.0613794110001, 19.5635783430001], [83.0613052990001, 19.5636059]]], [[[83.0445517430001, 19.565737213], [83.0444994550001, 19.565731251], [83.0445661530001, 19.5658098700001], [83.0445846270001, 19.565814425], [83.044582464, 19.565877103], [83.04460571, 19.56593782], [83.0448648570001, 19.5658537470001], [83.0448802070001, 19.565960601], [83.0449094840001, 19.565990949], [83.0449573640001, 19.566003946], [83.0451071630001, 19.565783964], [83.045187216, 19.5657497290001], [83.0451668110001, 19.565620682], [83.044970274, 19.5656575300001], [83.0449044900001, 19.565644021], [83.0447444330001, 19.5656217920001], [83.044719166, 19.5656586420001], [83.0445937710001, 19.565724704], [83.0445517430001, 19.565737213]]], [[[83.0448454940001, 19.566077208], [83.044876506, 19.566093811], [83.044915792, 19.5661499450001], [83.044876548, 19.566221636], [83.044965152, 19.5662001370001], [83.0449985700001, 19.566239207], [83.0449621910001, 19.5663438], [83.044996021, 19.56638637], [83.045015037, 19.566402458], [83.0450260680001, 19.5663470170001], [83.0450772670001, 19.566357774], [83.0451149960001, 19.566306045], [83.045213753, 19.5663413300001], [83.0453597040001, 19.566241753], [83.0452974150001, 19.5661665330001], [83.045300642, 19.566140004], [83.045232807, 19.566054364], [83.0451873220001, 19.5659959070001], [83.045197757, 19.5659428220001], [83.045154381, 19.565906741], [83.0451631770001, 19.5658805210001], [83.0451161110001, 19.5658123580001], [83.0450258810001, 19.5659096900001], [83.0449752330001, 19.5660209270001], [83.0448818420001, 19.5659915740001], [83.0448090500001, 19.566046505], [83.0448454940001, 19.566077208]]], [[[83.048230818, 19.566846067], [83.0481382440001, 19.5668225430001], [83.0480464280001, 19.567146316], [83.0480576350001, 19.567321087], [83.048252, 19.5674161000001], [83.0483154790001, 19.567435244], [83.0484205120001, 19.567306854], [83.0483357570001, 19.5671520080001], [83.0484556040001, 19.5671092040001], [83.0482951290001, 19.5669577080001], [83.04838721, 19.566878037], [83.0485102110001, 19.5670657690001], [83.0486451780001, 19.566931063], [83.0486141320001, 19.5667725210001], [83.048527832, 19.56673448], [83.048448625, 19.5667938610001], [83.0483574130001, 19.5667962690001], [83.04833282, 19.5667721570001], [83.048359641, 19.56668954], [83.048258945, 19.5666806630001], [83.048244869, 19.56663587], [83.048321441, 19.5665738010001], [83.0483995070001, 19.5665301760001], [83.0485273070001, 19.566617228], [83.048596552, 19.5665897580001], [83.0487445580001, 19.566453418], [83.0488103370001, 19.5663957720001], [83.0487742830001, 19.566287819], [83.0487098300001, 19.5662594520001], [83.04864323, 19.5663146690001], [83.048574333, 19.5662614820001], [83.0485090560001, 19.5663182390001], [83.0484627960001, 19.566290608], [83.0484127270001, 19.566354935], [83.0483312710001, 19.566376441], [83.0482262070001, 19.5664727160001], [83.0481548430001, 19.566607748], [83.048187414, 19.5666637160001], [83.048224749, 19.5666940560001], [83.048274871, 19.566753792], [83.048230818, 19.566846067]]], [[[83.0584011000001, 19.5687728], [83.0587084900001, 19.568724737], [83.0588428230001, 19.5686821570001], [83.0588155070001, 19.5686465090001], [83.0588619980001, 19.5685025540001], [83.0581671, 19.5682718], [83.0581418, 19.5683633], [83.0581703000001, 19.5684236000001], [83.0583403000001, 19.5686517], [83.0584011000001, 19.5687728]]], [[[83.054908686, 19.569681474], [83.054917291, 19.5697480530001], [83.0549707220001, 19.569834251], [83.0550484780001, 19.5699260000001], [83.0551245300001, 19.569923266], [83.0553569830001, 19.5697957790001], [83.0553579340001, 19.569740843], [83.05538913, 19.5697146160001], [83.0554056340001, 19.5696798130001], [83.0553510930001, 19.569509555], [83.055258757, 19.5694452710001], [83.055130019, 19.5695636090001], [83.054908686, 19.569681474]]], [[[83.0583385260001, 19.569892619], [83.058309201, 19.569883938], [83.0582490460001, 19.569891957], [83.0582711910001, 19.569945413], [83.058218169, 19.5700036860001], [83.058127433, 19.5699765680001], [83.058137581, 19.5699476350001], [83.058096682, 19.56993228], [83.0580796900001, 19.5699003820001], [83.0579813530001, 19.5699262530001], [83.0579664030001, 19.5699637720001], [83.0579585990001, 19.570001394], [83.0579740580001, 19.570044594], [83.058021495, 19.5700444930001], [83.0580407630001, 19.57009766], [83.0580104620001, 19.570136183], [83.0580536470001, 19.570176271], [83.05806454, 19.570214687], [83.0580872670001, 19.570247291], [83.058091329, 19.570302396], [83.0581163510001, 19.570358605], [83.0581489200001, 19.5704478420001], [83.0581827410001, 19.5704622960001], [83.0582188320001, 19.5704972410001], [83.058247667, 19.5705106500001], [83.058251205, 19.5704829860001], [83.0582766270001, 19.570459752], [83.058291287, 19.570475717], [83.058301665, 19.5704907360001], [83.0582336370001, 19.5705472920001], [83.058246458, 19.5705932270001], [83.058316888, 19.570609232], [83.0583422030001, 19.5705882620001], [83.0583397130001, 19.5705333990001], [83.0584027240001, 19.570482069], [83.058450087, 19.5704818950001], [83.0584913760001, 19.570449809], [83.0585615780001, 19.5704227040001], [83.0585620080001, 19.5704062080001], [83.0585492850001, 19.57035739], [83.058547881, 19.5703575260001], [83.058609114, 19.570250646], [83.0585709850001, 19.570216546], [83.0585951900001, 19.5701995970001], [83.0586347160001, 19.570198023], [83.058654216, 19.570161759], [83.0587131130001, 19.5701001], [83.058777864, 19.570047683], [83.058711702, 19.569894053], [83.0586798, 19.569853234], [83.0586295520001, 19.5698693360001], [83.0585796550001, 19.569880475], [83.0584612580001, 19.5698892680001], [83.058438789, 19.5699046130001], [83.0584009040001, 19.569881749], [83.0583385260001, 19.569892619]]], [[[83.0535603700001, 19.570879335], [83.0536701840001, 19.5708756390001], [83.0537149, 19.5708018], [83.0539505780001, 19.570502705], [83.0538417120001, 19.570439277], [83.0536401000001, 19.5705685], [83.0535262640001, 19.570687637], [83.0534110290001, 19.570710343], [83.0534943150001, 19.5708069090001], [83.0535603700001, 19.570879335]]], [[[83.057101264, 19.57117845], [83.0570835670001, 19.570916052], [83.0570332840001, 19.570900297], [83.057080215, 19.570824526], [83.0570649700001, 19.5708022520001], [83.0571100930001, 19.570697237], [83.0569788990001, 19.5706676820001], [83.056881268, 19.570706887], [83.0568217520001, 19.570708574], [83.0567996350001, 19.5707841440001], [83.0567773990001, 19.570930033], [83.0568076850001, 19.5710017870001], [83.0568219400001, 19.57114461], [83.0569143220001, 19.571197538], [83.057101264, 19.57117845]]], [[[83.0578369680001, 19.571106382], [83.0578609330001, 19.571182547], [83.057804246, 19.5712668780001], [83.0578973820001, 19.571357655], [83.057892671, 19.5714038450001], [83.0579320430001, 19.5714143760001], [83.057961564, 19.5715113590001], [83.058064813, 19.5714961630001], [83.058103407, 19.571377924], [83.058078676, 19.57130977], [83.0580214330001, 19.5712731950001], [83.0580874770001, 19.571218136], [83.0580453530001, 19.571205102], [83.058086679, 19.571121814], [83.058076869, 19.5710085220001], [83.0581432810001, 19.570909525], [83.0581206040001, 19.570845611], [83.0580673790001, 19.5708408730001], [83.0580894390001, 19.570927112], [83.0580278750001, 19.571016666], [83.0579794400001, 19.570977643], [83.057965193, 19.5709224300001], [83.058048215, 19.5708317290001], [83.0580795550001, 19.5707529530001], [83.0581565950001, 19.5707632530001], [83.0582271550001, 19.5707204120001], [83.05822385, 19.570644594], [83.0581829650001, 19.5706215210001], [83.058029886, 19.5706972], [83.0579202530001, 19.5707706700001], [83.0577178290001, 19.5708933450001], [83.0577577670001, 19.570969259], [83.05775414, 19.571016994], [83.0577571730001, 19.5710663790001], [83.0578369680001, 19.571106382]]], [[[83.0532469140001, 19.570787937], [83.0532050250001, 19.570827459], [83.053229936, 19.570978601], [83.0531511440001, 19.5710166600001], [83.05317848, 19.5711377390001], [83.0531238440001, 19.5711135940001], [83.0531164650001, 19.571301808], [83.0530684, 19.5713967], [83.053080181, 19.5715779880001], [83.0532242140001, 19.5716694490001], [83.0532816880001, 19.5716946150001], [83.053477028, 19.5715377650001], [83.0533800810001, 19.5714313020001], [83.0534892360001, 19.5713472620001], [83.0535522760001, 19.5713340230001], [83.0536309020001, 19.5712547140001], [83.053610259, 19.5711656030001], [83.0535036960001, 19.571075466], [83.053499334, 19.5710159240001], [83.053503124, 19.5709051200001], [83.0533316990001, 19.5708644860001], [83.0532469140001, 19.570787937]]], [[[83.0529478000001, 19.57197246], [83.0530771790001, 19.571869443], [83.0530511160001, 19.5717509890001], [83.0529309, 19.5714086], [83.0530124000001, 19.571222], [83.0527943000001, 19.5711365], [83.0520896, 19.5708228], [83.0520450000001, 19.57077], [83.051951, 19.5709741000001], [83.0518166000001, 19.57106], [83.0517066890001, 19.5710909380001], [83.0515210330001, 19.5712142940001], [83.0524567720001, 19.5723319140001], [83.052629983, 19.5723731900001], [83.0527792970001, 19.5721563170001], [83.052678896, 19.5720843010001], [83.052636776, 19.57211111], [83.0526102730001, 19.5721056300001], [83.052847861, 19.5718563930001], [83.0529478000001, 19.57197246]]], [[[83.0576502630001, 19.572259791], [83.0574968430001, 19.5723471740001], [83.0575150980001, 19.5724864310001], [83.057486877, 19.5726364560001], [83.0573754930001, 19.572835323], [83.0580390470001, 19.5728864640001], [83.0580552370001, 19.57282825], [83.0580903040001, 19.5727434200001], [83.0581639310001, 19.5727281260001], [83.0581963820001, 19.572746684], [83.0582674920001, 19.572666962], [83.058417073, 19.572371742], [83.0584159300001, 19.5722159640001], [83.0583465820001, 19.5721759840001], [83.0583219850001, 19.5720447780001], [83.0581489590001, 19.572001383], [83.0580655940001, 19.571927347], [83.0579873130001, 19.571852204], [83.057928798, 19.5718630170001], [83.0579210650001, 19.5719721410001], [83.0578639080001, 19.5719879210001], [83.057828321, 19.571952031], [83.0578678470001, 19.5718571240001], [83.0577860590001, 19.571827522], [83.0577774490001, 19.5717771600001], [83.05780151, 19.571666957], [83.0577627370001, 19.5716421770001], [83.057515601, 19.5720777720001], [83.057560734, 19.5720874200001], [83.057638313, 19.572049871], [83.0577300520001, 19.5720484830001], [83.0577237630001, 19.5721642290001], [83.0576596070001, 19.5722530960001], [83.0576502630001, 19.572259791]]], [[[83.038844436, 19.5743963090001], [83.0388575540001, 19.5744027170001], [83.0388826720001, 19.5743946600001], [83.0389023340001, 19.5743841350001], [83.038926287, 19.5743658480001], [83.0389688820001, 19.574370559], [83.038985644, 19.574346592], [83.038989004, 19.574321803], [83.0390065030001, 19.574298664], [83.0390221220001, 19.57429175], [83.039036154, 19.5743070670001], [83.0390319790001, 19.5743349310001], [83.039058186, 19.5743408590001], [83.039113645, 19.57430656], [83.039146341, 19.574320893], [83.0391753920001, 19.574308639], [83.0392376980001, 19.574321022], [83.0392197910001, 19.5742850610001], [83.039184048, 19.574279651], [83.0391759890001, 19.5742464260001], [83.0392034130001, 19.5742269780001], [83.0392302820001, 19.574223513], [83.0392397680001, 19.574265939], [83.0392260520001, 19.5742842170001], [83.0392392050001, 19.5743239440001], [83.0392733770001, 19.5742914050001], [83.0392925850001, 19.5742692750001], [83.03933132, 19.5742700170001], [83.0393581260001, 19.5742372060001], [83.039364607, 19.5741870160001], [83.039357404, 19.574137568], [83.0393488440001, 19.5741185800001], [83.0393199480001, 19.574092706], [83.039316021, 19.574071293], [83.039330744, 19.5740547840001], [83.0393096350001, 19.573982514], [83.0391828830001, 19.574024685], [83.0391601730001, 19.5740837270001], [83.0391133310001, 19.574108021], [83.0390851050001, 19.5741095400001], [83.0390509120001, 19.5741085400001], [83.039016588, 19.5740551220001], [83.038910704, 19.5740848610001], [83.038867479, 19.574120328], [83.038726248, 19.5741560010001], [83.038841979, 19.574377419], [83.038844436, 19.5743963090001]]], [[[83.038596908, 19.5744008930001], [83.038560686, 19.5744204330001], [83.0385093250001, 19.574426283], [83.0384358680001, 19.5744357670001], [83.0383916260001, 19.5742685660001], [83.0381291900001, 19.5743266380001], [83.0381313400001, 19.5743469660001], [83.0381184270001, 19.574422026], [83.0380406210001, 19.574491713], [83.0379903340001, 19.5745718040001], [83.0378727570001, 19.5746923460001], [83.0379046260001, 19.5747182000001], [83.0379600300001, 19.5747101050001], [83.038069911, 19.5747093730001], [83.0380965830001, 19.5746739620001], [83.03814241, 19.574662598], [83.038171391, 19.5746802680001], [83.0382157860001, 19.5746749370001], [83.038255323, 19.5746523710001], [83.038287933, 19.5746362850001], [83.0383263800001, 19.5746142670001], [83.038351338, 19.574624247], [83.0383972760001, 19.5745935950001], [83.0384368190001, 19.574586552], [83.038471681, 19.574571446], [83.038463719, 19.5745323840001], [83.0385036600001, 19.5745114220001], [83.038511214, 19.574498783], [83.038566818, 19.5745070780001], [83.0385749320001, 19.57447396], [83.0386001860001, 19.574471832], [83.038615743, 19.574496912], [83.0387137760001, 19.5744546240001], [83.03875014, 19.5744099890001], [83.038788835, 19.5743870420001], [83.038739289, 19.574317707], [83.038728253, 19.5742472090001], [83.0386816990001, 19.574219408], [83.038656512, 19.574236532], [83.03860926, 19.574263617], [83.0386112130001, 19.574289978], [83.038640737, 19.5743538300001], [83.038621967, 19.574380445], [83.038596908, 19.5744008930001]]], [[[83.0513869150001, 19.574464329], [83.051320731, 19.574523132], [83.0512437240001, 19.574532661], [83.051153786, 19.574531404], [83.051120768, 19.574504914], [83.0510844520001, 19.574532321], [83.0511843370001, 19.5746972740001], [83.051291168, 19.574843055], [83.0514290350001, 19.5748178220001], [83.0514769860001, 19.57478021], [83.0515251030001, 19.5747830940001], [83.05158154, 19.5747686920001], [83.0516240800001, 19.5746844600001], [83.0516017320001, 19.5746622460001], [83.051583667, 19.574618049], [83.0516647630001, 19.5745411560001], [83.0516937230001, 19.574439092], [83.051590977, 19.574339944], [83.0515077960001, 19.5743421780001], [83.0514364950001, 19.57438706], [83.051374589, 19.5743746580001], [83.05135038, 19.57440022], [83.0513869150001, 19.574464329]]], [[[83.0509437200001, 19.574627284], [83.0508530960001, 19.5747330890001], [83.0508925070001, 19.574794151], [83.0508633040001, 19.5748309680001], [83.0508179780001, 19.574938633], [83.050741804, 19.5749767290001], [83.0507931050001, 19.5750383750001], [83.050884706, 19.575098484], [83.0509137610001, 19.5749830660001], [83.0509670150001, 19.574915194], [83.051032321, 19.574878126], [83.0511208770001, 19.574954371], [83.0510875790001, 19.5750083240001], [83.0511183450001, 19.575062217], [83.0510386610001, 19.5751040160001], [83.051053003, 19.5751240380001], [83.0508876700001, 19.575203253], [83.0509118320001, 19.5752388070001], [83.0509755800001, 19.5753360740001], [83.051087695, 19.575285525], [83.051126647, 19.5752559850001], [83.0510846970001, 19.57520707], [83.0511061940001, 19.5751682280001], [83.0511517840001, 19.575165794], [83.05116816, 19.575119386], [83.0512005730001, 19.575113387], [83.051229752, 19.5750690560001], [83.051254267, 19.5750741260001], [83.0512888680001, 19.5750206820001], [83.051308562, 19.5749448720001], [83.051271537, 19.574889698], [83.051287674, 19.574845668], [83.0510665560001, 19.574539981], [83.050982602, 19.5746040110001], [83.0509437200001, 19.574627284]]], [[[83.0480303300001, 19.5747441460001], [83.047844366, 19.574760682], [83.0476265760001, 19.5748413040001], [83.0476229340001, 19.574867178], [83.047653698, 19.575006423], [83.047722466, 19.575143208], [83.048002529, 19.574982908], [83.0480829840001, 19.5749468330001], [83.0482598790001, 19.574949969], [83.0482873670001, 19.574844076], [83.0481856930001, 19.5747955890001], [83.0480303300001, 19.5747441460001]]], [[[83.0532654530001, 19.5751382330001], [83.0533041250001, 19.5751829320001], [83.0532707940001, 19.5751980920001], [83.0532959760001, 19.575250506], [83.053344516, 19.575316431], [83.053306203, 19.5753582410001], [83.0533303780001, 19.5753720230001], [83.0533550980001, 19.5753605580001], [83.053390999, 19.575431205], [83.0533598120001, 19.575477677], [83.053393349, 19.5754904660001], [83.0534517740001, 19.5754515840001], [83.053495588, 19.5754892250001], [83.0534628190001, 19.5755493790001], [83.0535399670001, 19.5754879730001], [83.053597784, 19.575469415], [83.053579196, 19.575368703], [83.053582046, 19.57532409], [83.0536168390001, 19.575255537], [83.0536121710001, 19.5751844860001], [83.0534354160001, 19.575229049], [83.0534066230001, 19.575223527], [83.0534049880001, 19.5751809270001], [83.0534299720001, 19.5751556880001], [83.0534987670001, 19.575180904], [83.053461531, 19.575218815], [83.0536164760001, 19.575182913], [83.0536191100001, 19.575085847], [83.0535727120001, 19.575068872], [83.05352708, 19.5750021700001], [83.053488481, 19.57496266], [83.053435172, 19.574930877], [83.05339121, 19.574877207], [83.053304929, 19.5749412100001], [83.05337532, 19.574938876], [83.053389231, 19.5749916190001], [83.0533278930001, 19.575042196], [83.0531962680001, 19.575005769], [83.0531613520001, 19.5750646770001], [83.053178626, 19.575103402], [83.0532654530001, 19.5751382330001]]], [[[83.0476881480001, 19.5755214700001], [83.0477494360001, 19.5754778300001], [83.047825114, 19.575498979], [83.0479144480001, 19.5755296560001], [83.04795312, 19.5754998400001], [83.0479577730001, 19.575426781], [83.048035703, 19.575285798], [83.0480654630001, 19.5752002880001], [83.048048404, 19.5751723590001], [83.0481281680001, 19.575073004], [83.0482175800001, 19.5750046810001], [83.0482598410001, 19.574951261], [83.048084509, 19.57494817], [83.048006941, 19.5749822970001], [83.0477219410001, 19.575145057], [83.0476520920001, 19.575006547], [83.0476184380001, 19.574854573], [83.0474467130001, 19.574949109], [83.0473075620001, 19.5750187940001], [83.047434449, 19.575050941], [83.0475015710001, 19.574972244], [83.0475590890001, 19.575028655], [83.047519229, 19.5750855200001], [83.0475021330001, 19.575058653], [83.047431412, 19.575059132], [83.047325023, 19.575102142], [83.0472256020001, 19.5750643810001], [83.0471914600001, 19.5751879090001], [83.0470726500001, 19.5752934220001], [83.0470450990001, 19.5752544590001], [83.0469991640001, 19.575349363], [83.046924781, 19.5754581030001], [83.0468633410001, 19.5755439870001], [83.046912359, 19.5756008820001], [83.047025105, 19.5755439320001], [83.0471075790001, 19.575523493], [83.0471848010001, 19.575516447], [83.0471917690001, 19.575482257], [83.0472229740001, 19.575394154], [83.047323153, 19.5754971850001], [83.047431739, 19.575547036], [83.0476208630001, 19.575607733], [83.0476881480001, 19.5755214700001]]], [[[83.0506336400001, 19.5753850420001], [83.050738402, 19.5753256300001], [83.050791958, 19.5753941520001], [83.0508523140001, 19.575353572], [83.0508380970001, 19.5752848770001], [83.0508113560001, 19.5751799510001], [83.0507947350001, 19.575202539], [83.050730603, 19.5752086540001], [83.0507081740001, 19.575184302], [83.0505253210001, 19.5752215360001], [83.0507068430001, 19.5751844280001], [83.0507097610001, 19.5750858500001], [83.050664053, 19.575052624], [83.050631283, 19.575079116], [83.0505753290001, 19.5750776200001], [83.0505641340001, 19.5750056260001], [83.0504806810001, 19.5749573000001], [83.050349162, 19.575060455], [83.0502454850001, 19.575159103], [83.0501149900001, 19.5752483960001], [83.0503967750001, 19.575594994], [83.0504447050001, 19.575583646], [83.0504441740001, 19.575582286], [83.0504842650001, 19.5756194310001], [83.0505173340001, 19.5755388810001], [83.050504285, 19.5754798680001], [83.0505358820001, 19.575449996], [83.050568475, 19.5754789270001], [83.0505976460001, 19.5754745300001], [83.0506336400001, 19.5753850420001]], [[83.0503695990001, 19.575485745], [83.050381422, 19.5754277950001], [83.050426396, 19.575418895], [83.0504462750001, 19.575477822], [83.0504688230001, 19.5755239530001], [83.050443633, 19.575580901], [83.0504217740001, 19.5755249270001], [83.0503961920001, 19.575528627], [83.0503695990001, 19.575485745]]], [[[83.0389271590001, 19.574976959], [83.0387654340001, 19.5748427250001], [83.0385892460001, 19.5749771700001], [83.0386305070001, 19.57507034], [83.038746157, 19.575013068], [83.0388037340001, 19.5750984640001], [83.038646698, 19.575342601], [83.038956774, 19.5754054440001], [83.0391288800001, 19.5753117150001], [83.0393810610001, 19.575308835], [83.0394494330001, 19.575389713], [83.039426844, 19.575538292], [83.0397407080001, 19.5757477710001], [83.0398805300001, 19.575940674], [83.0399049370001, 19.5761101360001], [83.0400052110001, 19.576209347], [83.040269632, 19.5762590310001], [83.0401989270001, 19.576132042], [83.0401110080001, 19.5761054910001], [83.0402420730001, 19.575897544], [83.0403103090001, 19.5756317280001], [83.0404325160001, 19.5754414730001], [83.0403956260001, 19.5753005390001], [83.0405272880001, 19.5752595880001], [83.040565986, 19.5753130740001], [83.040532339, 19.575418729], [83.040609364, 19.575479011], [83.0406788930001, 19.5753907180001], [83.0408144130001, 19.5754037840001], [83.0409633680001, 19.575552956], [83.0408591560001, 19.5755193360001], [83.0407991710001, 19.5754501550001], [83.040715623, 19.575550557], [83.040650063, 19.5756448760001], [83.0405661840001, 19.5756919140001], [83.0404892400001, 19.5756861290001], [83.040479926, 19.5756804100001], [83.0403694390001, 19.5757489810001], [83.0403479510001, 19.5758529670001], [83.040559301, 19.575942277], [83.0405224040001, 19.5759877030001], [83.040452761, 19.57599126], [83.0404060500001, 19.575944094], [83.0403174900001, 19.575940835], [83.0402464490001, 19.5759702990001], [83.0402926560001, 19.5762222600001], [83.0405052310001, 19.5763120120001], [83.0408478000001, 19.5762346000001], [83.0413516, 19.576239], [83.0417035, 19.5761746000001], [83.0418821000001, 19.5759630000001], [83.042210664, 19.5755601880001], [83.0420786220001, 19.5753595900001], [83.041880054, 19.575293717], [83.0416120090001, 19.5752017250001], [83.0415051960001, 19.575137028], [83.041567118, 19.5750035350001], [83.0414498860001, 19.574944175], [83.041385022, 19.575152701], [83.0412834690001, 19.575156013], [83.04113212, 19.5752046590001], [83.040917876, 19.57504921], [83.040758113, 19.575105352], [83.0406361120001, 19.575196508], [83.0405571260001, 19.575051365], [83.0405199720001, 19.5747097300001], [83.040332864, 19.574686313], [83.0403033850001, 19.574630599], [83.0402402340001, 19.5746738140001], [83.040171457, 19.57472604], [83.040110247, 19.574685909], [83.0401132600001, 19.574671492], [83.0399943790001, 19.5745695310001], [83.039699904, 19.5745039980001], [83.039425071, 19.574397619], [83.039291797, 19.5745983310001], [83.0394665260001, 19.574613738], [83.0393234470001, 19.57469315], [83.0392393650001, 19.5748111300001], [83.0391131420001, 19.574974775], [83.0390460990001, 19.574868505], [83.0389271590001, 19.574976959]], [[83.0402922520001, 19.575215083], [83.0399578340001, 19.5754799380001], [83.03954285, 19.5752736090001], [83.0397644830001, 19.574963246], [83.0400763760001, 19.574847984], [83.0400776590001, 19.574841846], [83.0402253350001, 19.574917886], [83.0404316990001, 19.5751772830001], [83.0402922520001, 19.575215083]]], [[[83.0499058360001, 19.576092681], [83.0499529190001, 19.5760371980001], [83.0499074850001, 19.576095176], [83.049965517, 19.5760924730001], [83.050068901, 19.576088127], [83.0501908520001, 19.576051942], [83.0503293180001, 19.5760059350001], [83.0504027250001, 19.5759876060001], [83.0504298650001, 19.57596181], [83.0504267460001, 19.5759239820001], [83.050390555, 19.5758435930001], [83.05033439, 19.5757791680001], [83.0503140700001, 19.5757254480001], [83.0502855290001, 19.575684209], [83.050279275, 19.5756409570001], [83.050274023, 19.5756225440001], [83.050229196, 19.575601141], [83.0502174360001, 19.575634312], [83.050177111, 19.5756568040001], [83.0501440470001, 19.57566574], [83.050145209, 19.5756982780001], [83.0501657470001, 19.575729704], [83.050199816, 19.5757816490001], [83.0502632100001, 19.575834865], [83.0503341250001, 19.575865982], [83.0503885460001, 19.5759323930001], [83.0503467510001, 19.575974865], [83.0503087290001, 19.575933537], [83.0502451850001, 19.575920519], [83.0501957220001, 19.575948818], [83.0501468100001, 19.5759798080001], [83.0501019860001, 19.5759454020001], [83.050011119, 19.5759106670001], [83.049983732, 19.575876855], [83.0499448890001, 19.575886832], [83.0498388930001, 19.575920303], [83.049824255, 19.5758636690001], [83.0498893220001, 19.5758285530001], [83.049933508, 19.5757757590001], [83.0499280650001, 19.5757239820001], [83.0498604730001, 19.575703517], [83.0498508300001, 19.57561917], [83.0498956060001, 19.5755459980001], [83.0499523540001, 19.5755547580001], [83.0499701350001, 19.5756260850001], [83.050011646, 19.5756733970001], [83.050060317, 19.575659532], [83.050118065, 19.575628389], [83.0501420530001, 19.575585871], [83.050193924, 19.575573719], [83.050256689, 19.575551368], [83.0502644950001, 19.5755148650001], [83.0502487580001, 19.5754747940001], [83.0502097070001, 19.57549363], [83.0501788600001, 19.575460745], [83.0502387230001, 19.575415261], [83.0501960980001, 19.5753498710001], [83.050151429, 19.575319958], [83.0501194700001, 19.5753256130001], [83.0501147620001, 19.5752484500001], [83.050010506, 19.575343402], [83.050037075, 19.575373429], [83.050078139, 19.5753480710001], [83.0501077420001, 19.575393514], [83.0501422880001, 19.575468385], [83.050122129, 19.5755164670001], [83.0500851300001, 19.5755440290001], [83.0500120300001, 19.575589575], [83.0499985610001, 19.575558175], [83.0499895940001, 19.575491255], [83.0499036290001, 19.57551454], [83.0498336840001, 19.575564415], [83.0498144690001, 19.5756133730001], [83.049741403, 19.5756335500001], [83.0497378790001, 19.575584651], [83.049681504, 19.575706229], [83.0496344360001, 19.5757957590001], [83.0496619790001, 19.5758179170001], [83.049715738, 19.575866337], [83.049714953, 19.57595121], [83.0496443010001, 19.576040022], [83.0497359730001, 19.57607434], [83.049852285, 19.5761182840001], [83.0499058360001, 19.576092681]], [[83.049902064, 19.576050938], [83.0499136450001, 19.576003557], [83.0499656790001, 19.575985716], [83.0499529190001, 19.5760371980001], [83.049902064, 19.576050938]]], [[[83.0369530460001, 19.5761665200001], [83.0369394480001, 19.576142716], [83.036936928, 19.576114607], [83.0369569840001, 19.5760676240001], [83.0368859870001, 19.5760323120001], [83.0368349770001, 19.5761173110001], [83.037144986, 19.576278729], [83.0371238340001, 19.576343665], [83.037271053, 19.5763977400001], [83.0374324700001, 19.576438787], [83.0375000650001, 19.5762769840001], [83.0370979510001, 19.576160671], [83.037058013, 19.5762099290001], [83.0369530460001, 19.5761665200001]]], [[[83.0618076360001, 19.5852966250001], [83.0619009170001, 19.585155602], [83.0619692510001, 19.5851106380001], [83.0619649120001, 19.585040126], [83.0620820550001, 19.5849236280001], [83.061972504, 19.5847979340001], [83.0619757580001, 19.5847100500001], [83.0618217360001, 19.584595596], [83.0614229000001, 19.5849766000001], [83.061384618, 19.585120857], [83.0614312580001, 19.585290494], [83.061693747, 19.585367137], [83.0618076360001, 19.5852966250001]]], [[[83.040126048, 19.585371111], [83.040086386, 19.5852897340001], [83.04001852, 19.5853005290001], [83.039977096, 19.585372772], [83.0399541800001, 19.5853835670001], [83.039919807, 19.5853752630001], [83.039906586, 19.5853287620001], [83.0398633990001, 19.5853088330001], [83.0398166860001, 19.5853578260001], [83.0397840750001, 19.585366129], [83.039773499, 19.5853545040001], [83.0397294300001, 19.5853611470001], [83.0397338370001, 19.585392702], [83.0396968190001, 19.5854109700001], [83.039670378, 19.585405988], [83.039668615, 19.5853628080001], [83.0395575630001, 19.5853852280001], [83.0396095630001, 19.585413461], [83.0395804780001, 19.5854466760001], [83.0395416980001, 19.5854466760001], [83.0395293590001, 19.585428408], [83.0395558000001, 19.585386058], [83.0393425070001, 19.5853802450001], [83.03936366, 19.58571821], [83.0396236650001, 19.585732326], [83.0398563480001, 19.585650119], [83.0399233320001, 19.5856849950001], [83.0399982490001, 19.585669217], [83.039977096, 19.5855405090001], [83.040096082, 19.585517258], [83.040126048, 19.585371111]]], [[[83.0377209440001, 19.585759889], [83.0376695830001, 19.58572809], [83.037637299, 19.5858151910001], [83.037621157, 19.5858718760001], [83.037550718, 19.5859009100001], [83.037537511, 19.585970038], [83.0378970400001, 19.586274201], [83.0380232420001, 19.5865009400001], [83.038365163, 19.586531356], [83.0383725, 19.586487114], [83.0384267970001, 19.586466376], [83.0383358120001, 19.586088938], [83.038277113, 19.5858580510001], [83.0381494440001, 19.585772332], [83.038158249, 19.585815192], [83.0381171590001, 19.5858193390001], [83.0381054200001, 19.58576542], [83.037860353, 19.5857612720001], [83.0378280690001, 19.5858138090001], [83.037760566, 19.5858138090001], [83.0377209440001, 19.585759889]]], [[[83.0388214960001, 19.586343718], [83.0388812250001, 19.5863213150001], [83.0389142070001, 19.586247744], [83.0389318360001, 19.5862147190001], [83.038910344, 19.586189464], [83.038864883, 19.586199594], [83.0388453040001, 19.586170039], [83.03882286, 19.5861672080001], [83.03880976, 19.586153977], [83.0387992860001, 19.5861273240001], [83.038803584, 19.58608988], [83.0386949470001, 19.5860400830001], [83.0386569, 19.5860232520001], [83.0385594190001, 19.5859842290001], [83.0385187210001, 19.5859781510001], [83.038472326, 19.585960286], [83.038405448, 19.585950612], [83.0383975870001, 19.5859625580001], [83.0383943580001, 19.5859900040001], [83.03837135, 19.5859972430001], [83.0383497940001, 19.5859919170001], [83.038344318, 19.585977644], [83.038344792, 19.5859604660001], [83.0383484800001, 19.585941088], [83.038307724, 19.5859405940001], [83.0383394730001, 19.586064977], [83.0383397800001, 19.586091835], [83.038408405, 19.586281925], [83.03847562, 19.5865267940001], [83.0387116260001, 19.586535541], [83.0388214960001, 19.586343718]]], [[[83.0399290380001, 19.58701403], [83.039894094, 19.5870901640001], [83.039967259, 19.587165268], [83.0399028300001, 19.5871940760001], [83.039834032, 19.587177614], [83.0398034560001, 19.5871313170001], [83.0396199950001, 19.587170412], [83.03967678, 19.5874327650001], [83.039769526, 19.5874799960001], [83.0398195640001, 19.587482494], [83.0397930520001, 19.587534982], [83.039819101, 19.587640171], [83.040064558, 19.587602571], [83.0400698750001, 19.587745646], [83.040138578, 19.587733074], [83.0402280340001, 19.587565007], [83.0401908370001, 19.5874126200001], [83.0403636630001, 19.5872012720001], [83.0405081700001, 19.586789368], [83.0408040880001, 19.5863551320001], [83.0397289190001, 19.586476614], [83.039564302, 19.5869348100001], [83.0396178110001, 19.5871662970001], [83.0398034560001, 19.5871292590001], [83.0398263880001, 19.587069587], [83.039912658, 19.5869955110001], [83.0399290380001, 19.58701403]]], [[[83.0531279960001, 19.587405554], [83.0531293010001, 19.5873686620001], [83.052963532, 19.5873391480001], [83.052633298, 19.587588784], [83.052744246, 19.587753569], [83.0531475750001, 19.5879589350001], [83.0535991990001, 19.587478107], [83.053212838, 19.5873858780001], [83.0531554070001, 19.58742277], [83.0531279960001, 19.587405554]]], [[[83.056742995, 19.58823499], [83.0567745380001, 19.5882295860001], [83.056840493, 19.5882728120001], [83.0568419270001, 19.58831874], [83.056972402, 19.588332248], [83.0571172150001, 19.5884376110001], [83.057201809, 19.58843626], [83.0572132790001, 19.5883781750001], [83.0571745660001, 19.5883700700001], [83.0571760000001, 19.588349808], [83.0572032420001, 19.5883363], [83.057188904, 19.5881701500001], [83.057256292, 19.588040472], [83.0571903370001, 19.5880094030001], [83.057153059, 19.5880350690001], [83.0569752690001, 19.5879958960001], [83.056970967, 19.587922952], [83.0567415610001, 19.5878743230001], [83.056499251, 19.5878959360001], [83.0564332970001, 19.5879688800001], [83.0563601740001, 19.587909444], [83.0561637440001, 19.587951318], [83.0561737800001, 19.5882160780001], [83.0566598350001, 19.5882984780001], [83.05674873, 19.588291724], [83.056742995, 19.58823499]]], [[[83.0569060330001, 19.58838157], [83.056914868, 19.5883308530001], [83.0568614320001, 19.588341223], [83.0567772150001, 19.588328463], [83.0566666060001, 19.5885638990001], [83.056561388, 19.5888905530001], [83.0567506070001, 19.5889912910001], [83.056879822, 19.5890046970001], [83.0569218050001, 19.588588342], [83.0570531660001, 19.5885990040001], [83.057051389, 19.588552808], [83.0571416510001, 19.5885599440001], [83.0571366460001, 19.588515681], [83.0570837710001, 19.5884965490001], [83.057055808, 19.5884631600001], [83.0570103140001, 19.588503809], [83.0569479070001, 19.5884471270001], [83.056960281, 19.5883683760001], [83.0569060330001, 19.58838157]]], [[[83.0623689400001, 19.5888087540001], [83.0623324630001, 19.5888485180001], [83.0623006060001, 19.5888148330001], [83.0623300880001, 19.588735478], [83.0621363640001, 19.5883988690001], [83.0621124950001, 19.588418505], [83.0619820580001, 19.5886524950001], [83.0621275290001, 19.5891058460001], [83.0622429460001, 19.5890461170001], [83.0622192120001, 19.5890095520001], [83.0623727670001, 19.588914131], [83.0623925, 19.5888770170001], [83.0623689400001, 19.5888087540001]]], [[[83.060979521, 19.589497303], [83.0610883140001, 19.589656618], [83.061204203, 19.589595343], [83.0613330990001, 19.589607598], [83.0614537180001, 19.589665531], [83.061506932, 19.589695611], [83.0616157250001, 19.5897914230001], [83.061687141, 19.589788377], [83.0617439870001, 19.5897558090001], [83.061704809, 19.5897051490001], [83.061677155, 19.5897377160001], [83.0616525730001, 19.5897160050001], [83.061684836, 19.589677647], [83.061720941, 19.589720347], [83.061760887, 19.5896971880001], [83.061787773, 19.5897521910001], [83.0617455230001, 19.589757257], [83.0617094180001, 19.5897789680001], [83.0617155640001, 19.589818049], [83.0617670340001, 19.589892854], [83.0618072400001, 19.5898705720001], [83.0618770090001, 19.589688976], [83.0617812240001, 19.589437192], [83.0617008670001, 19.5889825940001], [83.0616322800001, 19.588989279], [83.061503384, 19.5890683800001], [83.0614679080001, 19.589046098], [83.0613271870001, 19.589119628], [83.0611119660001, 19.589080634], [83.060979521, 19.589497303]]], [[[83.0579747420001, 19.5895028250001], [83.057855207, 19.589989115], [83.0583670280001, 19.5902051300001], [83.0586071810001, 19.5896717470001], [83.0584909070001, 19.5894936120001], [83.0584507010001, 19.589513063], [83.0583672000001, 19.5894319], [83.0579747420001, 19.5895028250001]]], [[[83.0606334300001, 19.590716876], [83.0605800380001, 19.590693431], [83.060562442, 19.590641186], [83.0605195950001, 19.5906411730001], [83.0603324450001, 19.5905261130001], [83.0602706550001, 19.590627983], [83.060328552, 19.590702692], [83.0603846020001, 19.5906677450001], [83.060439536, 19.5906750570001], [83.0604781380001, 19.5907447870001], [83.06042969, 19.590820288], [83.0603800010001, 19.590887024], [83.0603316400001, 19.5908485360001], [83.060337969, 19.5908054700001], [83.060295018, 19.5907802610001], [83.0602364330001, 19.5909355590001], [83.0603946360001, 19.5911854660001], [83.0605414620001, 19.5911142040001], [83.0604936460001, 19.5910688970001], [83.060486483, 19.5910031], [83.0605248360001, 19.5909477980001], [83.0605542550001, 19.590965672], [83.0605427300001, 19.5910344860001], [83.060599252, 19.591035506], [83.060611695, 19.5909463950001], [83.060580218, 19.5909289030001], [83.0605906270001, 19.590863025], [83.0606633730001, 19.5909756090001], [83.06063966, 19.5910238320001], [83.0606728760001, 19.5910809150001], [83.0609161820001, 19.591004356], [83.06074189, 19.5907181900001], [83.060668004, 19.5907469910001], [83.0606334300001, 19.590716876]]], [[[83.0625300080001, 19.5911250610001], [83.0624448730001, 19.590982624], [83.062365674, 19.5909188840001], [83.0622268760001, 19.591057361], [83.062152058, 19.591126725], [83.062060618, 19.5912239420001], [83.062009114, 19.591274318], [83.061948215, 19.5913169340001], [83.0620355940001, 19.5914434540001], [83.0619487280001, 19.5913193860001], [83.0618183940001, 19.5913674880001], [83.0616925620001, 19.5913938850001], [83.061711249, 19.591479034], [83.0617344880001, 19.5914744360001], [83.0617094770001, 19.5914846850001], [83.0617178700001, 19.5915707610001], [83.061777577, 19.5916515760001], [83.0618066230001, 19.591763708], [83.0619145960001, 19.5917509280001], [83.0619269590001, 19.5918371650001], [83.062005373, 19.591842522], [83.0620102020001, 19.5919286600001], [83.062421978, 19.5913601930001], [83.0625009, 19.5912726], [83.0625300080001, 19.5911250610001]], [[83.062081183, 19.5914150850001], [83.06211217, 19.5914250340001], [83.062127097, 19.5914732750001], [83.0620638030001, 19.5915020090001], [83.062061704, 19.5914834770001], [83.0620477150001, 19.5914850250001], [83.0620318970001, 19.591468326], [83.062036602, 19.591444913], [83.0620375250001, 19.59144625], [83.062081183, 19.5914150850001]]], [[[83.0604646130001, 19.591718354], [83.0604624200001, 19.5916904630001], [83.0601937770001, 19.5917534770001], [83.0603341290001, 19.5923299020001], [83.06059729, 19.59230201], [83.060600579, 19.5921770150001], [83.060547947, 19.5921315620001], [83.060601676, 19.5920830100001], [83.06064115, 19.5921098690001], [83.060604965, 19.5921759820001], [83.060601676, 19.5923030430001], [83.060777117, 19.5922803170001], [83.0608670300001, 19.5920819770001], [83.0609448810001, 19.5919073960001], [83.0607979490001, 19.5918640100001], [83.0607727300001, 19.5918919010001], [83.060737642, 19.5918681420001], [83.060549043, 19.591678067], [83.0604646130001, 19.5916914960001], [83.0604668060001, 19.591716288], [83.0604931220001, 19.59173385], [83.0604887360001, 19.591766906], [83.0604635160001, 19.591771038], [83.0604404900001, 19.5917514110001], [83.0604646130001, 19.591718354]]], [[[83.0609316040001, 19.5930842080001], [83.060962439, 19.593131113], [83.0612728980001, 19.59309138], [83.0612927170001, 19.593023551], [83.0612602570001, 19.5930014580001], [83.0612314150001, 19.5929404130001], [83.061227795, 19.59285235], [83.0612223530001, 19.592769509], [83.06120796, 19.5927290240001], [83.0612312520001, 19.592676758], [83.0612545540001, 19.592663282], [83.061259856, 19.5926212950001], [83.0612937700001, 19.592560893], [83.0611523640001, 19.5925391440001], [83.0610313120001, 19.592514035], [83.0609558210001, 19.592507805], [83.0609382660001, 19.592471404], [83.060768737, 19.5924329420001], [83.0606695810001, 19.5925058820001], [83.0606377380001, 19.592598062], [83.0607026150001, 19.5926686330001], [83.0606905060001, 19.5927309680001], [83.0607118510001, 19.592811528], [83.0607118730001, 19.592951043], [83.0606911790001, 19.593138294], [83.0609316040001, 19.5930842080001]]], [[[83.0625263030001, 19.5930505480001], [83.0625537860001, 19.592987421], [83.0625230000001, 19.5929048510001], [83.06233946, 19.592936396], [83.0623027770001, 19.5930027200001], [83.0622213500001, 19.59295071], [83.0620937310001, 19.592916326], [83.0619644000001, 19.5928484], [83.0619719000001, 19.5930114], [83.062552908, 19.5934842610001], [83.0627483740001, 19.593510737], [83.062838399, 19.5935542230001], [83.0629813080001, 19.593577168], [83.0628941990001, 19.5933195800001], [83.0628556200001, 19.5932860730001], [83.0628329620001, 19.5932102420001], [83.062828568, 19.593177853], [83.0627909900001, 19.593159282], [83.062744143, 19.593116423], [83.062718127, 19.59300897], [83.062628369, 19.5929752710001], [83.062671611, 19.5930707270001], [83.0626257340001, 19.5931431500001], [83.0625933050001, 19.593204326], [83.06251237, 19.5931334520001], [83.0624732310001, 19.5930713230001], [83.0625263030001, 19.5930505480001]]], [[[83.0643327240001, 19.572020218], [83.064224295, 19.572211748], [83.0640127520001, 19.57235022], [83.0641004190001, 19.572628595], [83.063928192, 19.572746495], [83.0639027500001, 19.572610071], [83.0635877490001, 19.5726808690001], [83.0635638240001, 19.5729355720001], [83.0633516730001, 19.572837937], [83.063460955, 19.572697813], [83.063316758, 19.572603223], [83.0630706960001, 19.5731920590001], [83.062889146, 19.573098326], [83.062586917, 19.573502687], [83.0621989350001, 19.5737521240001], [83.0619956900001, 19.573674097], [83.0617349730001, 19.57369376], [83.0616003000001, 19.5739951], [83.0616803, 19.5742855], [83.061844319, 19.5743187460001], [83.0621037340001, 19.574262479], [83.062231932, 19.5743499110001], [83.0624312530001, 19.5748532330001], [83.062677222, 19.574833126], [83.062830412, 19.574708533], [83.063033036, 19.5744912050001], [83.0632447350001, 19.5742789340001], [83.0639091880001, 19.573809946], [83.0640224370001, 19.573340506], [83.0643125820001, 19.573428893], [83.064760553, 19.5729768160001], [83.0646793590001, 19.5727840930001], [83.064537498, 19.572613485], [83.064634052, 19.5724868730001], [83.064524706, 19.5724067100001], [83.0643327240001, 19.572020218]]], [[[83.0912837280001, 19.577624627], [83.0912523960001, 19.5776759670001], [83.0912687430001, 19.577824853], [83.0912864520001, 19.5778466730001], [83.091291901, 19.5779198320001], [83.0913327690001, 19.577950636], [83.091347753, 19.5780751360001], [83.091396795, 19.578145728], [83.09152076, 19.5782150370001], [83.091545281, 19.5782458410001], [83.0916338280001, 19.5781983520001], [83.091849064, 19.5777131880001], [83.0916460880001, 19.5776734], [83.0916079450001, 19.5776579980001], [83.091601133, 19.5776348950001], [83.0913232330001, 19.577588688], [83.0912837280001, 19.577624627]]], [[[83.093653503, 19.578085795], [83.0936257810001, 19.578138649], [83.093681465, 19.578251998], [83.0937028590001, 19.5782285450001], [83.0937497140001, 19.5782578710001], [83.0937328140001, 19.578272989], [83.0937380340001, 19.5783075200001], [83.093720191, 19.5783218760001], [83.0936669180001, 19.5783041460001], [83.0936573590001, 19.578274671], [83.0936787900001, 19.578254515], [83.0936239960001, 19.5781411340001], [83.0935840670001, 19.578166541], [83.0934929410001, 19.578188938], [83.0934955820001, 19.578274795], [83.093541805, 19.578366874], [83.093520674, 19.578475128], [83.0936118000001, 19.5784788610001], [83.0936421170001, 19.5784227710001], [83.093733243, 19.5784364580001], [83.093778145, 19.5784862310001], [83.0939630380001, 19.5783953960001], [83.0939564350001, 19.5783829530001], [83.094048881, 19.578321982], [83.09408718, 19.5782323920001], [83.0941558540001, 19.57827221], [83.0941954740001, 19.578248568], [83.0942588650001, 19.5781751540001], [83.0942166040001, 19.5781390700001], [83.094233773, 19.578107962], [83.0942879200001, 19.5780967630001], [83.094320936, 19.5780669000001], [83.0941545330001, 19.577845414], [83.0941558540001, 19.577796886], [83.094100386, 19.5778279940001], [83.0940066200001, 19.5777458690001], [83.093928701, 19.5777831990001], [83.0939181360001, 19.5778329710001], [83.093829709, 19.5778442660001], [83.093825747, 19.577806937], [83.0936606650001, 19.577847999], [83.093503507, 19.577966207], [83.0935642570001, 19.5780545530001], [83.0936313180001, 19.578013625], [83.0936539510001, 19.5780283400001], [83.093653503, 19.578085795]]], [[[83.080917189, 19.5791282610001], [83.0809853470001, 19.5793475090001], [83.080942184, 19.579414104], [83.081208814, 19.579595726], [83.0814292190001, 19.579901781], [83.081554698, 19.579939159], [83.0816761150001, 19.5798415850001], [83.0816880180001, 19.5797630770001], [83.081571362, 19.579761956], [83.0815439830001, 19.579756348], [83.0815416030001, 19.579730553], [83.0815154140001, 19.579748497], [83.081496369, 19.579775414], [83.08149875, 19.579816911], [83.0815225570001, 19.5798202760001], [83.0815237470001, 19.5798516790001], [83.0815035110001, 19.5798842030001], [83.0814868460001, 19.5798707450001], [83.0814773230001, 19.5798281260001], [83.081496369, 19.5798157890001], [83.081491607, 19.5797742930001], [83.0814749420001, 19.5797541050001], [83.0814725610001, 19.579729431], [83.0814451830001, 19.5797215800001], [83.0814380400001, 19.579647559], [83.0814689900001, 19.579657653], [83.0815368410001, 19.5797081220001], [83.081542793, 19.579673354], [83.0815701710001, 19.579644194], [83.0815987400001, 19.5796655030001], [83.0816142150001, 19.5796755970001], [83.0817249190001, 19.579667746], [83.0817915800001, 19.579612791], [83.0818463360001, 19.5794894210001], [83.081832052, 19.57945914], [83.0818106250001, 19.5794411950001], [83.0814701790001, 19.5792886680001], [83.0814642270001, 19.5793178270001], [83.0815142230001, 19.5793761470001], [83.0815618380001, 19.5793772690001], [83.0815618380001, 19.5793963350001], [83.0814904160001, 19.5794243730001], [83.0814047090001, 19.579322314], [83.0814308970001, 19.579258386], [83.081060694, 19.5790733330001], [83.0810297450001, 19.5791002500001], [83.0810118890001, 19.5790935210001], [83.080988082, 19.579048659], [83.0809519950001, 19.579079092], [83.0809539000001, 19.5791008090001], [83.080917189, 19.5791282610001]]], [[[83.082257128, 19.580317049], [83.082302623, 19.580317048], [83.0823507280001, 19.580380016], [83.0824990850001, 19.5804674080001], [83.082584018, 19.580386338], [83.0825988860001, 19.5804212090001], [83.082647804, 19.5804037550001], [83.082664331, 19.5804243860001], [83.082584367, 19.5804674070001], [83.0828437710001, 19.5805622130001], [83.0828752610001, 19.580494609], [83.0829276680001, 19.5804881990001], [83.08287863, 19.580571917], [83.0834141860001, 19.580320176], [83.0832487500001, 19.580186396], [83.0828532880001, 19.580007934], [83.082553669, 19.579994374], [83.0821553210001, 19.579801048], [83.0818991200001, 19.580246797], [83.081979226, 19.580270146], [83.081996604, 19.5803847610001], [83.0822514830001, 19.5803642290001], [83.082257128, 19.580317049]]], [[[83.0638921710001, 19.5810126390001], [83.0638730540001, 19.581020944], [83.0638512950001, 19.580998833], [83.0638124120001, 19.5810388690001], [83.0637524050001, 19.581103329], [83.06374766, 19.5811116100001], [83.063722554, 19.581116772], [83.0636482890001, 19.581175893], [83.063587612, 19.5812420440001], [83.0637274750001, 19.5814700940001], [83.0638094770001, 19.581442092], [83.0639660250001, 19.5814353580001], [83.0641031580001, 19.581418505], [83.0642939560001, 19.58127008], [83.064279324, 19.581226588], [83.064234583, 19.581202198], [83.064161852, 19.5811826510001], [83.0640777470001, 19.5811641940001], [83.0640404280001, 19.5812032430001], [83.0639876770001, 19.5811297970001], [83.0639551030001, 19.581145699], [83.0639244590001, 19.5810947160001], [83.0639401450001, 19.581079419], [83.0638921710001, 19.5810126390001]]], [[[83.0648515930001, 19.581461674], [83.065011525, 19.5816142310001], [83.065142096, 19.5814877460001], [83.065246001, 19.58142537], [83.0652322080001, 19.581385518], [83.065131061, 19.581350865], [83.065118188, 19.5812616330001], [83.0649610140001, 19.5811290020001], [83.064651139, 19.5814088270001], [83.064755044, 19.5814677380001], [83.0648515930001, 19.581461674]]], [[[83.0665639160001, 19.581790174], [83.0665766500001, 19.5818465880001], [83.0666889140001, 19.5818335810001], [83.0667519200001, 19.5818772970001], [83.0667992910001, 19.5818600260001], [83.0668347930001, 19.581880229], [83.0668216920001, 19.5819368890001], [83.0668763800001, 19.5819919470001], [83.0669610420001, 19.581941494], [83.067054785, 19.581990617], [83.0671653800001, 19.581853596], [83.0673720060001, 19.5816964310001], [83.067339292, 19.581659369], [83.0672742940001, 19.5816537960001], [83.067263289, 19.5815991330001], [83.067231292, 19.58157945], [83.0671975020001, 19.581606106], [83.067075446, 19.5815758000001], [83.067072646, 19.5816248570001], [83.0670048640001, 19.5816449020001], [83.066944735, 19.5816252920001], [83.0669303010001, 19.5815796270001], [83.0668607160001, 19.581597313], [83.066824087, 19.581451013], [83.0666897990001, 19.581462258], [83.0666388990001, 19.581495284], [83.0665891570001, 19.5816022760001], [83.0666210150001, 19.581646542], [83.066591396, 19.581707927], [83.066510871, 19.5817462580001], [83.0665639160001, 19.581790174]]], [[[83.0676326670001, 19.5827036850001], [83.0676121270001, 19.5826637760001], [83.0675685560001, 19.582664181], [83.067543297, 19.582651728], [83.067549511, 19.5826217490001], [83.0675840230001, 19.5826276170001], [83.0676262360001, 19.5826038180001], [83.0676473660001, 19.5825612580001], [83.0676587570001, 19.582539963], [83.0676732480001, 19.5825201640001], [83.067727254, 19.582516146], [83.067723051, 19.582476226], [83.067703581, 19.582477456], [83.0676840720001, 19.582476505], [83.0676089250001, 19.582488165], [83.067551398, 19.5824837120001], [83.067545453, 19.5825117000001], [83.0675682030001, 19.5825439130001], [83.0675221600001, 19.5825631720001], [83.067483897, 19.5825351020001], [83.067476023, 19.582561157], [83.067425595, 19.5826009210001], [83.0674248290001, 19.5826522300001], [83.067380138, 19.5827265200001], [83.06739708, 19.5827662950001], [83.0674094010001, 19.5827639190001], [83.067413936, 19.5827277650001], [83.0674370830001, 19.582718146], [83.0674675600001, 19.582718232], [83.0675033570001, 19.582700549], [83.067521055, 19.5827298070001], [83.067510365, 19.582754461], [83.067491589, 19.5827648490001], [83.0674805290001, 19.5827491310001], [83.067465009, 19.5827560450001], [83.06744611, 19.582760563], [83.0673948630001, 19.582768812], [83.0673907830001, 19.58282445], [83.067380379, 19.582902565], [83.06745563, 19.5828624480001], [83.067471557, 19.582835866], [83.0674669360001, 19.5828149980001], [83.067477458, 19.582791715], [83.067512455, 19.5827926270001], [83.0675338600001, 19.582868976], [83.067450901, 19.5828950010001], [83.0674542770001, 19.5828651360001], [83.067380304, 19.582903968], [83.067366194, 19.5829674780001], [83.067331213, 19.583027585], [83.0673549000001, 19.58304252], [83.0673783990001, 19.5830139600001], [83.067469203, 19.583015216], [83.067520594, 19.5830293550001], [83.0675287620001, 19.5830496950001], [83.067604283, 19.583040112], [83.0676174120001, 19.582928607], [83.067586276, 19.5828836650001], [83.0676054610001, 19.5828336050001], [83.0675992430001, 19.582785696], [83.067632964, 19.582761562], [83.0676021350001, 19.582726597], [83.0676326670001, 19.5827036850001]]], [[[83.068439756, 19.582766764], [83.0684721090001, 19.582689256], [83.068423173, 19.582660881], [83.0683958160001, 19.582616247], [83.068364278, 19.5826379000001], [83.0683132830001, 19.5826744410001], [83.0682810960001, 19.582683968], [83.068237534, 19.5827019130001], [83.068209675, 19.582717288], [83.0682278210001, 19.5828198950001], [83.0682511670001, 19.5828942310001], [83.0683098000001, 19.5829386], [83.068335001, 19.582964717], [83.0684056790001, 19.5830267330001], [83.0684564190001, 19.582991817], [83.068479848, 19.582925849], [83.0684361900001, 19.582891654], [83.068407505, 19.5828870340001], [83.0684045570001, 19.582819982], [83.068439756, 19.582766764]]], [[[83.066428864, 19.5828830460001], [83.0663759020001, 19.5828575670001], [83.0663602650001, 19.5828400710001], [83.066350427, 19.582745301], [83.0663056600001, 19.582733519], [83.0662833160001, 19.5827046540001], [83.0663188570001, 19.582660467], [83.0662351920001, 19.5826108160001], [83.0662097160001, 19.5825771520001], [83.0661492450001, 19.5826050040001], [83.0661257530001, 19.582546489], [83.0661174050001, 19.582513358], [83.0660410780001, 19.5825009970001], [83.0659020030001, 19.582573241], [83.0658692790001, 19.5825559400001], [83.065797622, 19.5825919330001], [83.0657809140001, 19.582721583], [83.06578719, 19.582907101], [83.0658329240001, 19.583054363], [83.0658183140001, 19.58316295], [83.0658200990001, 19.583338149], [83.0658869530001, 19.5834283890001], [83.0659575910001, 19.5833426020001], [83.0659835070001, 19.58332742], [83.0661837270001, 19.5831044450001], [83.0662705840001, 19.5830169600001], [83.0663259600001, 19.5830618570001], [83.0664652020001, 19.582940251], [83.066428864, 19.5828830460001]]], [[[83.0940464970001, 19.5834740560001], [83.0940455880001, 19.5833493540001], [83.0940101940001, 19.583348175], [83.0939751710001, 19.583280077], [83.0938830840001, 19.583250892], [83.0938222890001, 19.58313745], [83.09354891, 19.5831489560001], [83.0934104840001, 19.583266055], [83.093480318, 19.58338243], [83.093534736, 19.5833836140001], [83.0936596430001, 19.5834656860001], [83.0936505210001, 19.5835040170001], [83.093710458, 19.583496817], [83.0937371750001, 19.5835678820001], [83.0936421310001, 19.5836249160001], [83.0936283200001, 19.583579985], [83.09359894, 19.5835715110001], [83.0935741820001, 19.583615181], [83.093441553, 19.5835690910001], [83.0933826900001, 19.5834489690001], [83.093442376, 19.5834513560001], [83.0934777300001, 19.583385982], [83.093406712, 19.583266055], [83.0932408510001, 19.583475252], [83.0936595050001, 19.584000593], [83.0939573460001, 19.583787134], [83.0940246960001, 19.5837846540001], [83.094048802, 19.583754942], [83.0940232140001, 19.5836103180001], [83.0939711950001, 19.583555796], [83.0939663780001, 19.583478843], [83.0940464970001, 19.5834740560001]]], [[[83.067720448, 19.5842214510001], [83.0676952850001, 19.5841650890001], [83.0677247420001, 19.5841591120001], [83.0677389400001, 19.58408802], [83.0677336460001, 19.584056762], [83.0677778950001, 19.584014198], [83.0678171810001, 19.5839424810001], [83.067875803, 19.5838589730001], [83.067892423, 19.58375482], [83.0675417560001, 19.583911582], [83.067570302, 19.583951058], [83.0675067830001, 19.584040348], [83.067501738, 19.584102618], [83.0674052620001, 19.5841520970001], [83.0673639710001, 19.584200235], [83.0673909290001, 19.5842342550001], [83.067487768, 19.584317836], [83.0675505340001, 19.5843501090001], [83.067671692, 19.5843281150001], [83.0676695110001, 19.5842920040001], [83.067700357, 19.5842838020001], [83.067720448, 19.5842214510001]]], [[[83.0708025000001, 19.5845036000001], [83.0707272000001, 19.5843142000001], [83.0705628000001, 19.5843419], [83.0704758910001, 19.5844436150001], [83.07053799, 19.58461973], [83.0705511560001, 19.5846573470001], [83.0708025000001, 19.5845036000001]]], [[[83.093620017, 19.5847258150001], [83.093663409, 19.5847017670001], [83.0936880820001, 19.584736236], [83.0936719170001, 19.584764292], [83.093616614, 19.5847506650001], [83.0936208680001, 19.584729823], [83.0935562060001, 19.5847137910001], [83.093551952, 19.584741045], [83.09352813, 19.5847578790001], [83.0934855890001, 19.5847522670001], [83.0934507060001, 19.584717799], [83.0934268830001, 19.5847699020001], [83.093478782, 19.5848741090001], [83.0934124190001, 19.5849149900001], [83.09339285, 19.5850175940001], [83.093431987, 19.5850264110001], [83.0934277330001, 19.5850576730001], [83.09339285, 19.5850560700001], [83.0934447490001, 19.5851530630001], [83.09362257, 19.5851161900001], [83.09369574, 19.5851234040001], [83.094054783, 19.5850448480001], [83.0940760540001, 19.5850079750001], [83.0940386180001, 19.5849286170001], [83.094022452, 19.5849157920001], [83.09399948, 19.5848059740001], [83.094013944, 19.584729021], [83.0935391900001, 19.584644053], [83.0935587590001, 19.584712188], [83.093620017, 19.5847258150001]]], [[[83.0872858420001, 19.585308593], [83.0872858420001, 19.5852204820001], [83.0872578930001, 19.5851971880001], [83.0870998730001, 19.585362269], [83.0872869170001, 19.5854736740001], [83.0873352900001, 19.585436202], [83.0873610900001, 19.5854594950001], [83.0873535650001, 19.5855050700001], [83.0874750360001, 19.58560736], [83.0874911600001, 19.5855557090001], [83.0874696610001, 19.585498993], [83.0874922350001, 19.5854402530001], [83.087545983, 19.585451393], [83.087567483, 19.585418985], [83.087542758, 19.5852498520001], [83.087553508, 19.5852255460001], [83.0875352340001, 19.5851870610001], [83.0875696320001, 19.5851414860001], [83.0876083310001, 19.5851506010001], [83.0876212310001, 19.5851921240001], [83.0875943560001, 19.585204278], [83.0876438050001, 19.585247827], [83.0877362510001, 19.585118192], [83.0876061810001, 19.584964251], [83.087554583, 19.5850138770001], [83.0874073130001, 19.5850280560001], [83.0872600430001, 19.585195163], [83.0872836920001, 19.5852133920001], [83.0874008630001, 19.585255929], [83.0873944140001, 19.5853126440001], [83.087329916, 19.5853632820001], [83.0872858420001, 19.585308593]]], [[[83.093825973, 19.585335048], [83.093878746, 19.5853327880001], [83.0938751470001, 19.5853734670001], [83.093842764, 19.5853825070001], [83.0938127800001, 19.585425447], [83.0939675000001, 19.5854875960001], [83.094077843, 19.5855825150001], [83.0941342140001, 19.5855214960001], [83.0942373610001, 19.5855158460001], [83.094261348, 19.5853825070001], [83.0941749930001, 19.585345218], [83.0941534040001, 19.585311318], [83.0940826400001, 19.585340698], [83.0940550540001, 19.5853135780001], [83.0941797900001, 19.585211879], [83.0940982320001, 19.5850706300001], [83.093931518, 19.5851203500001], [83.0939938860001, 19.585179109], [83.0939878890001, 19.5852243090001], [83.0939243220001, 19.5852446490001], [83.093877546, 19.58512826], [83.0937573, 19.5851497], [83.0936220780001, 19.5851711990001], [83.0936472650001, 19.5852197890001], [83.0936400690001, 19.5852808080001], [83.0935801000001, 19.585326008], [83.0935801000001, 19.585346348], [83.093806783, 19.5854220570001], [83.0938391660001, 19.585380247], [83.093825973, 19.585335048]]], [[[83.0730460220001, 19.5857387130001], [83.0730112250001, 19.585675195], [83.073017748, 19.585488738], [83.072889435, 19.5855850410001], [83.0728307150001, 19.5855338170001], [83.072739373, 19.5856014340001], [83.072558864, 19.585521525], [83.0722783150001, 19.5855461140001], [83.0710844880001, 19.5850838100001], [83.070684643, 19.585876736], [83.0706678650001, 19.586087481], [83.071621334, 19.587004226], [83.0723706890001, 19.5862718860001], [83.072295194, 19.5861928570001], [83.0723483190001, 19.5860874840001], [83.0726307250001, 19.5860743120001], [83.0726167450001, 19.5861691470001], [83.0727705310001, 19.5861349], [83.0730068770001, 19.5860255690001], [83.0730460220001, 19.5857387130001]]], [[[83.093422681, 19.585925192], [83.0934901960001, 19.58591247], [83.093524474, 19.5859545500001], [83.0934839640001, 19.585991737], [83.0935099320001, 19.5860152230001], [83.093546287, 19.5859966300001], [83.0935784870001, 19.586018159], [83.093546287, 19.586069047], [83.0935909510001, 19.5860749180001], [83.0936117250001, 19.586098405], [83.0935691380001, 19.586111127], [83.0935369380001, 19.5860876400001], [83.0934891580001, 19.5860563250001], [83.093456958, 19.5860612180001], [83.0934590350001, 19.58608079], [83.0934393000001, 19.586093512], [83.093436184, 19.5861209130001], [83.0933946360001, 19.58610917], [83.093389442, 19.58608079], [83.0933530870001, 19.5860758970001], [83.0933229650001, 19.586097426], [83.0933084230001, 19.586078833], [83.0933146550001, 19.586051432], [83.0933499710001, 19.5860455600001], [83.0933530870001, 19.5860729610001], [83.0933904810001, 19.5860778540001], [83.0934164480001, 19.5860455600001], [83.0934507260001, 19.5860475170001], [83.0934559190001, 19.5860279450001], [83.0934050230001, 19.586007395], [83.0934164480001, 19.5859682500001], [83.093422681, 19.585928128], [83.0933946360001, 19.5859046410001], [83.0933624360001, 19.5859193200001], [83.093356203, 19.585899748], [83.0933759390001, 19.5858762610001], [83.093346855, 19.585822438], [83.0929947340001, 19.5859662930001], [83.093035243, 19.586187458], [83.093076791, 19.586172779], [83.0931256100001, 19.586220731], [83.0931557330001, 19.5862099660001], [83.0931858550001, 19.58623541], [83.0931796230001, 19.5862862970001], [83.0932440230001, 19.586340121], [83.093440339, 19.586360671], [83.0934850030001, 19.586264768], [83.093537977, 19.586280426], [83.0935618680001, 19.586250089], [83.0935743320001, 19.5862598750001], [83.093601339, 19.5863303350001], [83.0936418480001, 19.5862911900001], [83.0936595060001, 19.586295105], [83.0937176740001, 19.586254003], [83.0937176740001, 19.5862138800001], [83.093879713, 19.586131677], [83.0935701770001, 19.585731427], [83.0933499710001, 19.585821459], [83.0933790550001, 19.5858733260001], [83.0934039840001, 19.5858645180001], [83.0934164480001, 19.585886047], [83.0933956740001, 19.5859036620001], [83.093422681, 19.585925192]]], [[[83.069466156, 19.5858942580001], [83.0693832320001, 19.585965586], [83.0693778990001, 19.586016135], [83.0693343660001, 19.586064059], [83.0692755460001, 19.586081746], [83.069279699, 19.586098855], [83.0693568350001, 19.5861217730001], [83.0694238230001, 19.586162782], [83.0693960090001, 19.5861875200001], [83.0694603150001, 19.5862274360001], [83.0694895490001, 19.5862157990001], [83.069541234, 19.5862248660001], [83.069542095, 19.5862695010001], [83.069750216, 19.5860386900001], [83.0696392880001, 19.585851609], [83.0696077710001, 19.585832867], [83.069583793, 19.5858518100001], [83.0695374850001, 19.5858689620001], [83.06949461, 19.5858386040001], [83.069466156, 19.5858942580001]]], [[[83.0700096020001, 19.586183825], [83.070004167, 19.5862207380001], [83.07003862, 19.586284887], [83.0700717560001, 19.5863300680001], [83.0701262910001, 19.586388105], [83.0701661910001, 19.5864418460001], [83.0703486950001, 19.586309833], [83.070354535, 19.586286968], [83.0703370620001, 19.5862649860001], [83.0703473350001, 19.5862346220001], [83.070324235, 19.5861706740001], [83.070289372, 19.586100545], [83.0702668960001, 19.586071858], [83.0702246640001, 19.586017725], [83.07019747, 19.5860165450001], [83.0701715610001, 19.5860224100001], [83.0701625610001, 19.586016124], [83.0701531970001, 19.586045459], [83.070140908, 19.586067573], [83.0701206630001, 19.586099157], [83.0700740030001, 19.5860977880001], [83.070041234, 19.5861239920001], [83.070016772, 19.586145989], [83.0700096020001, 19.586183825]]], [[[83.069592631, 19.5862910490001], [83.0697708640001, 19.586391027], [83.069847559, 19.586431138], [83.069937349, 19.5863291090001], [83.06979498, 19.5860989080001], [83.069592631, 19.5862910490001]]], [[[83.070252447, 19.5863895150001], [83.070313298, 19.58644845], [83.0703544890001, 19.5864992140001], [83.0703889540001, 19.586560536], [83.070453306, 19.5865238110001], [83.0705342310001, 19.586600139], [83.0706003650001, 19.5866942050001], [83.0706609320001, 19.586739041], [83.0707117270001, 19.5866962370001], [83.07073016, 19.5866606430001], [83.0707691050001, 19.586681669], [83.0707478320001, 19.586724014], [83.0708233376061, 19.5866741503199], [83.0708020340001, 19.58665992], [83.07079651, 19.5866393540001], [83.0707447070001, 19.5865601960001], [83.0706994590001, 19.5865070020001], [83.0706569450001, 19.586469665], [83.0706164710001, 19.586420387], [83.07058091, 19.586355591], [83.070537705, 19.586306678], [83.0705312690001, 19.58628552], [83.0704560180001, 19.586199922], [83.0704000970001, 19.586258587], [83.070417665, 19.5862854870001], [83.070409838, 19.586329645], [83.0704035580001, 19.5863605390001], [83.0703806510001, 19.586375015], [83.070344269, 19.586347237], [83.070331276, 19.586333956], [83.0702996810001, 19.586348894], [83.070252447, 19.5863895150001]]], [[[83.0710004480001, 19.586979469], [83.071115261, 19.586954506], [83.0711476440001, 19.587008591], [83.0711064290001, 19.587068222], [83.0712271300001, 19.5872055130001], [83.0712786490001, 19.5871999660001], [83.0713757980001, 19.5872595970001], [83.0714317320001, 19.587159749], [83.0715229940001, 19.587084863], [83.0714832510001, 19.587011363], [83.0715112170001, 19.5869073550001], [83.0711991620001, 19.5866272260001], [83.0710799330001, 19.586501029], [83.0706972250001, 19.5867617440001], [83.070761991, 19.587052968], [83.0708282290001, 19.587048807], [83.0709430420001, 19.5871250800001], [83.0710313590001, 19.587098731], [83.0709857290001, 19.587061288], [83.0710004480001, 19.586979469]]], [[[83.0673411230001, 19.587274802], [83.0673737990001, 19.587252419], [83.0673722220001, 19.587222293], [83.067348909, 19.5872163820001], [83.067361179, 19.5871591850001], [83.067353912, 19.5871151530001], [83.067333105, 19.587034535], [83.067325838, 19.5869235120001], [83.0672858400001, 19.586916187], [83.0672572440001, 19.5869152110001], [83.0672224410001, 19.5868903100001], [83.0672182100001, 19.5868681900001], [83.0671209380001, 19.5868654990001], [83.0671009930001, 19.5868813450001], [83.0670621740001, 19.5868856010001], [83.0669892430001, 19.586926668], [83.066959862, 19.586958972], [83.066947031, 19.587006081], [83.066891238, 19.5869912650001], [83.0668250430001, 19.587003521], [83.0668308130001, 19.587034896], [83.066833015, 19.5870781450001], [83.0667896670001, 19.587102675], [83.066730814, 19.587112328], [83.0667091400001, 19.5870663200001], [83.0667147650001, 19.587066335], [83.0667417750001, 19.5870178070001], [83.0666702230001, 19.5869990040001], [83.0666949270001, 19.5871064340001], [83.0666737940001, 19.587175137], [83.0667025100001, 19.587183118], [83.0667214600001, 19.5872012900001], [83.066714978, 19.587232015], [83.0667343220001, 19.5872443910001], [83.0667510160001, 19.587323783], [83.066820969, 19.58732781], [83.066847582, 19.587386066], [83.066845958, 19.587425889], [83.0668701810001, 19.5874979340001], [83.0670454090001, 19.587455504], [83.0671231410001, 19.5874656180001], [83.067373896, 19.587455833], [83.0673723370001, 19.58739415], [83.067340738, 19.5873748020001], [83.067369338, 19.587313995], [83.0673472880001, 19.5873034540001], [83.0673447680001, 19.5873039480001], [83.0673411230001, 19.587274802]], [[83.0672126370001, 19.5873298240001], [83.0671736130001, 19.5873537030001], [83.0671250010001, 19.587362123], [83.0670851690001, 19.587327671], [83.0671015550001, 19.5872783340001], [83.0671425850001, 19.587227635], [83.067219756, 19.587229629], [83.0672499330001, 19.5872428340001], [83.0672530730001, 19.587275462], [83.0672184220001, 19.587328691], [83.0672126370001, 19.5873298240001]]], [[[83.072323903, 19.5873966240001], [83.072343033, 19.5872588440001], [83.0720917290001, 19.5870912660001], [83.0720154000001, 19.5871513000001], [83.0720024570001, 19.5871979020001], [83.0721773660001, 19.5872836940001], [83.0721140380001, 19.5873878100001], [83.0721552530001, 19.587410918], [83.072268572, 19.5874717460001], [83.072323903, 19.5873966240001]]], [[[83.0725533360001, 19.587629556], [83.072559342, 19.587628813], [83.072602477, 19.587551686], [83.0727015720001, 19.587517904], [83.0727397100001, 19.5874669450001], [83.0727060180001, 19.587453898], [83.0727352790001, 19.5874348610001], [83.0728941470001, 19.5873293500001], [83.072931295, 19.587277892], [83.0728535380001, 19.5871747950001], [83.0728222020001, 19.5870942930001], [83.0726650540001, 19.5871023130001], [83.0726388890001, 19.5871575730001], [83.0725815660001, 19.587200646], [83.0725164240001, 19.5871926840001], [83.072428223, 19.5872510500001], [83.0724100030001, 19.587307273], [83.072374842, 19.5873053930001], [83.072353148, 19.5873741790001], [83.07246659, 19.587389434], [83.072469895, 19.5874534390001], [83.0724020490001, 19.5874907780001], [83.072453431, 19.587539785], [83.0724109590001, 19.58759315], [83.0724436900001, 19.587645594], [83.0725533360001, 19.587629556]]], [[[83.068644367, 19.5876316530001], [83.0686773960001, 19.5876461890001], [83.0687120010001, 19.5875428030001], [83.068675467, 19.5873828220001], [83.0686137800001, 19.5873951940001], [83.0685724240001, 19.587395214], [83.0685747480001, 19.587350375], [83.0684593410001, 19.5873602390001], [83.0684327810001, 19.5873964790001], [83.0684068150001, 19.5873997250001], [83.068405366, 19.5873616740001], [83.0683611060001, 19.587376743], [83.068269435, 19.5874014820001], [83.0681368310001, 19.5874345140001], [83.0680618970001, 19.5874780930001], [83.0681074400001, 19.5876431940001], [83.068174771, 19.5876554540001], [83.0682271840001, 19.5876091600001], [83.0682545340001, 19.587649465], [83.0682972170001, 19.587617241], [83.0685869120001, 19.5875870670001], [83.068644367, 19.5876316530001]]], [[[83.0667351700001, 19.587372768], [83.0667547530001, 19.58734674], [83.066747051, 19.58733234], [83.0666860170001, 19.587330901], [83.0666062930001, 19.5873530220001], [83.0664923050001, 19.5873618150001], [83.066440797, 19.58737232], [83.0663939900001, 19.5873716470001], [83.06636753, 19.5873568590001], [83.0663478100001, 19.5873678840001], [83.0663522070001, 19.587420391], [83.0663841300001, 19.5874493750001], [83.0663476070001, 19.58745924], [83.0663652010001, 19.5875187180001], [83.066387896, 19.587520742], [83.0664010190001, 19.5875604940001], [83.066371121, 19.587596924], [83.066389148, 19.5876937350001], [83.0664227720001, 19.5876962130001], [83.0664423850001, 19.587716388], [83.0664343700001, 19.5877468210001], [83.0664054540001, 19.5877627630001], [83.0664004050001, 19.5878657280001], [83.0664471790001, 19.587929995], [83.066789338, 19.5878986720001], [83.0669365200001, 19.587870523], [83.0669290440001, 19.587786275], [83.0669051500001, 19.5877255190001], [83.0668960290001, 19.5876930100001], [83.0669014330001, 19.5876691010001], [83.0669071510001, 19.5876261170001], [83.066900355, 19.587573132], [83.066873425, 19.5875292330001], [83.0668493370001, 19.5874396990001], [83.0668148760001, 19.587460208], [83.0667863580001, 19.5874809590001], [83.066751138, 19.587482558], [83.066714694, 19.587442729], [83.0667146040001, 19.587407355], [83.0667351700001, 19.587372768]]], [[[83.067135788, 19.5881744280001], [83.0669780330001, 19.588022569], [83.0669694270001, 19.5878779450001], [83.0664638970001, 19.587954057], [83.0664757930001, 19.5881114960001], [83.0665513800001, 19.588362768], [83.0669186600001, 19.588578258], [83.067135788, 19.5881744280001]]], [[[83.0644279000001, 19.5885431], [83.0646432, 19.588755], [83.0648122000001, 19.5885341000001], [83.0647872000001, 19.5885384000001], [83.0647858, 19.5883322], [83.0646635000001, 19.5882261], [83.0644311, 19.5885220000001], [83.0644279000001, 19.5885431]]], [[[83.0633663720001, 19.5884338340001], [83.063308675, 19.588425988], [83.0632211610001, 19.5884213100001], [83.063265653, 19.5888192150001], [83.0636762250001, 19.5888669990001], [83.063651963, 19.5887840340001], [83.0636860170001, 19.588764414], [83.0636293140001, 19.588619604], [83.0635692420001, 19.5886136770001], [83.063564683, 19.5885539920001], [83.06350616, 19.5885799750001], [83.0633663720001, 19.5884338340001]]], [[[83.064221811, 19.58895669], [83.0642595020001, 19.588948701], [83.0642717520001, 19.5889593540001], [83.0642689250001, 19.588978884], [83.0643895380001, 19.5890152810001], [83.064544073, 19.588874129], [83.064065392, 19.588585612], [83.063733708, 19.588895436], [83.0637751680001, 19.5888909970001], [83.0637808220001, 19.588905201], [83.0638175710001, 19.588911415], [83.0638420700001, 19.5888963240001], [83.0638675120001, 19.588911415], [83.0642105030001, 19.588977109], [83.064221811, 19.58895669]]], [[[83.0635806320001, 19.5890476230001], [83.0636053850001, 19.5890089920001], [83.063619761, 19.5889748500001], [83.063656241, 19.5889562950001], [83.0637078280001, 19.58898034], [83.0637256210001, 19.588892269], [83.0636791810001, 19.58886856], [83.0632718750001, 19.5888271850001], [83.063303616, 19.5891029090001], [83.0634087160001, 19.5891326340001], [83.0635356770001, 19.58919031], [83.063627324, 19.5891995920001], [83.063629721, 19.5891722050001], [83.063669234, 19.589096308], [83.0636573950001, 19.5890687510001], [83.0635806320001, 19.5890476230001]]], [[[83.0711872000001, 19.589278526], [83.0711943410001, 19.5893616380001], [83.0713830890001, 19.589356568], [83.0714224050001, 19.5892307780001], [83.0714103000001, 19.589109659], [83.071337697, 19.5890765890001], [83.071315478, 19.5887657540001], [83.0711551810001, 19.5887737460001], [83.0710265960001, 19.5888431500001], [83.0711464840001, 19.589221563], [83.0711970630001, 19.589261584], [83.0711872000001, 19.589278526]]], [[[83.0719857710001, 19.5889850520001], [83.071957728, 19.5889535810001], [83.071899182, 19.588969505], [83.0718630150001, 19.588954308], [83.0718219710001, 19.58897354], [83.0717784270001, 19.588997797], [83.0717444080001, 19.588977576], [83.071717323, 19.5890112600001], [83.071681357, 19.589004301], [83.071684039, 19.5889498400001], [83.0716768200001, 19.5889238300001], [83.0715157600001, 19.5888923740001], [83.0715807620001, 19.5890436460001], [83.0716111350001, 19.589129993], [83.071645979, 19.5891643200001], [83.0716021980001, 19.5892031430001], [83.071662642, 19.589286185], [83.071639561, 19.5893503570001], [83.071950739, 19.589326365], [83.0720068480001, 19.589289724], [83.0720206180001, 19.5892528480001], [83.072056966, 19.58911275], [83.0721533890001, 19.5890104380001], [83.0721010020001, 19.5890124200001], [83.072036428, 19.5890310930001], [83.0719857710001, 19.5889850520001]]], [[[83.070712154, 19.589025894], [83.07066273, 19.589104585], [83.0706806540001, 19.589252147], [83.070666606, 19.589268243], [83.070631409, 19.589283392], [83.07062641, 19.5893261630001], [83.070706773, 19.5893972260001], [83.07083479, 19.589454102], [83.070873175, 19.589432227], [83.070951951, 19.589393708], [83.071030578, 19.589427238], [83.071068869, 19.589412281], [83.0710403020001, 19.589373267], [83.071020053, 19.5893455200001], [83.0709856330001, 19.589281983], [83.070916846, 19.5892563260001], [83.070942825, 19.5892078800001], [83.0709238160001, 19.5891825350001], [83.0708168410001, 19.5891055810001], [83.0708098140001, 19.5890588390001], [83.0707916380001, 19.589031092], [83.07074077, 19.588998175], [83.070712154, 19.589025894]]], [[[83.063458079, 19.589183393], [83.063418438, 19.5891804840001], [83.0633512050001, 19.589185727], [83.063321946, 19.5891940920001], [83.0633600800001, 19.5893308300001], [83.0634089120001, 19.5895646490001], [83.06361938, 19.5896627180001], [83.0638112730001, 19.5897473650001], [83.0638945810001, 19.5896048380001], [83.0639693690001, 19.589432856], [83.06378204, 19.5893472110001], [83.0636795990001, 19.589261971], [83.0636165060001, 19.5892355730001], [83.063485852, 19.5892048530001], [83.063455085, 19.5892061000001], [83.063458079, 19.589183393]]], [[[83.0644151820001, 19.591130048], [83.0644139070001, 19.5911037720001], [83.0644452830001, 19.5910813290001], [83.0644775430001, 19.5911107580001], [83.0644518600001, 19.5911713360001], [83.064467246, 19.591212135], [83.0644905780001, 19.591230717], [83.0645245330001, 19.5912095850001], [83.0645704200001, 19.5911980390001], [83.064563793, 19.591160545], [83.06455035, 19.5911343670001], [83.064516983, 19.591110583], [83.064517214, 19.591064955], [83.0645628870001, 19.5910766050001], [83.0645925740001, 19.5910722130001], [83.0646037060001, 19.591044878], [83.064601662, 19.590998332], [83.0645905700001, 19.5909567850001], [83.0645500030001, 19.5909494410001], [83.0645384380001, 19.590916873], [83.06451001, 19.590901289], [83.0645089590001, 19.590881053], [83.0644599130001, 19.5908199140001], [83.0644107420001, 19.590812639], [83.0643234450001, 19.590832504], [83.0642894600001, 19.590843749], [83.06426028, 19.590872743], [83.0642223890001, 19.590911492], [83.064174194, 19.5909556460001], [83.0641295360001, 19.5909428370001], [83.064103582, 19.591096008], [83.0641612420001, 19.591115275], [83.064162191, 19.591162513], [83.064197629, 19.591188667], [83.0642278660001, 19.591220836], [83.0642323770001, 19.5912188840001], [83.0642890400001, 19.591250948], [83.064268025, 19.5913264440001], [83.064212453, 19.5913543720001], [83.0642732210001, 19.591406819], [83.0643205170001, 19.5914600620001], [83.064407766, 19.59149591], [83.0644459110001, 19.5914232710001], [83.064448945, 19.591416039], [83.0644415880001, 19.5914288720001], [83.064423984, 19.5914151370001], [83.0643758450001, 19.5914231620001], [83.064311859, 19.5913828180001], [83.0643115930001, 19.591355396], [83.0643262620001, 19.5912701680001], [83.0643389050001, 19.5912205860001], [83.0644072210001, 19.5912056550001], [83.0644283940001, 19.591188323], [83.0644125760001, 19.5911689180001], [83.0644151820001, 19.591130048]], [[83.064207976, 19.5911354580001], [83.0641737760001, 19.591084413], [83.0641936480001, 19.5910523680001], [83.0642406710001, 19.5910092460001], [83.0642928400001, 19.591008635], [83.064336509, 19.5909764900001], [83.0643575870001, 19.591032636], [83.0643171820001, 19.5910576370001], [83.064300432, 19.5910687580001], [83.0643130110001, 19.591118335], [83.0642827190001, 19.5911331620001], [83.0643035940001, 19.591178174], [83.0642812830001, 19.5912001400001], [83.0642576070001, 19.5912079670001], [83.064271901, 19.591201782], [83.064251353, 19.5911573810001], [83.064207976, 19.5911354580001]]], [[[83.064686581, 19.591268483], [83.0647065030001, 19.591263272], [83.0647283480001, 19.5912251720001], [83.0647377330001, 19.59119866], [83.0647679590001, 19.591167006], [83.0647157800001, 19.5911377780001], [83.0647089350001, 19.5910990420001], [83.064700567, 19.591075835], [83.0646529470001, 19.5910546110001], [83.0646354450001, 19.591087153], [83.0645843230001, 19.5910932890001], [83.0646102420001, 19.5911407610001], [83.0646265060001, 19.5911742120001], [83.0646655030001, 19.591192918], [83.06472462, 19.591227202], [83.064706012, 19.591259499], [83.064686581, 19.591268483]]], [[[83.0629001830001, 19.591633738], [83.062884588, 19.5917646520001], [83.062927583, 19.5917373030001], [83.062939069, 19.5917175500001], [83.0629550740001, 19.5916701460001], [83.0630146030001, 19.591665259], [83.063037745, 19.591671557], [83.0630800970001, 19.59173528], [83.063084669, 19.591825833], [83.063113468, 19.59181719], [83.0631745850001, 19.5918143970001], [83.0632232520001, 19.591740541], [83.063323412, 19.591740364], [83.0633444310001, 19.5918293230001], [83.0633946660001, 19.591869429], [83.0633596550001, 19.5919422380001], [83.063405516, 19.591989362], [83.0634622250001, 19.5919220600001], [83.0634212100001, 19.591838819], [83.0634539270001, 19.5917809810001], [83.0634147260001, 19.591749571], [83.063417675, 19.5916910820001], [83.063473785, 19.5916127570001], [83.063532373, 19.591673207], [83.063601813, 19.59153931], [83.0636424880001, 19.5915003640001], [83.063654586, 19.591425406], [83.063585812, 19.5913562430001], [83.063612806, 19.591310047], [83.0635962440001, 19.591268359], [83.0635254000001, 19.591237484], [83.0635015330001, 19.5911694700001], [83.063459832, 19.591164265], [83.0634591150001, 19.591165527], [83.0634117590001, 19.591150118], [83.0634341690001, 19.5910748640001], [83.063485079, 19.591050555], [83.0635068280001, 19.59107629], [83.0635400240001, 19.5911158910001], [83.0635927340001, 19.5911249070001], [83.0636918710001, 19.591146092], [83.063740012, 19.5911379090001], [83.0637706030001, 19.5910385080001], [83.0638600090001, 19.591005237], [83.0638991150001, 19.5910578100001], [83.063894287, 19.5911165160001], [83.0638897730001, 19.591116954], [83.06379386, 19.591162443], [83.0637527480001, 19.591176112], [83.063847599, 19.591257071], [83.0638992090001, 19.591219665], [83.063998349, 19.591000937], [83.0639369260001, 19.590873969], [83.0639619720001, 19.5908030690001], [83.0639955120001, 19.5908255300001], [83.063990204, 19.5907365320001], [83.0639064430001, 19.5906861190001], [83.0638790390001, 19.590723945], [83.0638367710001, 19.5907007010001], [83.063778175, 19.590754078], [83.063720194, 19.5907501190001], [83.0636784760001, 19.5907259050001], [83.063707374, 19.590649796], [83.0636111330001, 19.5906203710001], [83.063490351, 19.5905555800001], [83.063266271, 19.590546094], [83.0632209140001, 19.590610757], [83.063175739, 19.5906632570001], [83.0630669390001, 19.590708663], [83.0630411590001, 19.5907876580001], [83.0631080350001, 19.590762377], [83.0631125730001, 19.590759914], [83.0631695610001, 19.590769913], [83.0631741130001, 19.5908152330001], [83.0631716570001, 19.5908178080001], [83.0631394280001, 19.5908671010001], [83.0630967650001, 19.590864805], [83.063055837, 19.5908390340001], [83.063114285, 19.590762392], [83.0630436370001, 19.590797814], [83.0629774910001, 19.590836305], [83.062991304, 19.590889503], [83.0629482320001, 19.5909575910001], [83.0629044300001, 19.590966677], [83.0628570430001, 19.5910664680001], [83.062819758, 19.5910996320001], [83.0627953440001, 19.591147087], [83.062760268, 19.5911873530001], [83.0626961310001, 19.591226668], [83.0626569, 19.5912392610001], [83.0626355690001, 19.5913384830001], [83.062678201, 19.5913851980001], [83.062734107, 19.591424069], [83.0627654950001, 19.59144158], [83.0627628970001, 19.59151064], [83.062712703, 19.5915827060001], [83.0626837550001, 19.59159383], [83.0626365940001, 19.5915715400001], [83.0626155680001, 19.5916981620001], [83.06267625, 19.591751], [83.062849408, 19.5918708080001], [83.062828057, 19.591843462], [83.0627654900001, 19.591808373], [83.0627309910001, 19.591776037], [83.0626768270001, 19.59170241], [83.062741525, 19.5916066410001], [83.062815146, 19.5915699170001], [83.0629001830001, 19.591633738]], [[83.0632201540001, 19.5916901730001], [83.0631558860001, 19.591689688], [83.063143348, 19.5916598760001], [83.0631771710001, 19.5915954450001], [83.0632366950001, 19.5915754870001], [83.063266345, 19.5915638110001], [83.0632641710001, 19.591502819], [83.063220668, 19.5915036230001], [83.0632085930001, 19.591473035], [83.063173567, 19.591512876], [83.063135677, 19.59148794], [83.0630749150001, 19.5914849660001], [83.0630540820001, 19.591419424], [83.063005709, 19.591439269], [83.063009568, 19.5913844520001], [83.063043147, 19.591359805], [83.063106879, 19.5913627960001], [83.063133764, 19.59130737], [83.0632251640001, 19.591269997], [83.0632497620001, 19.5913132740001], [83.0632599750001, 19.591333677], [83.063213966, 19.591399138], [83.0632323390001, 19.5914390500001], [83.063310265, 19.591406208], [83.0633520600001, 19.591448207], [83.063337221, 19.5913780060001], [83.0633332570001, 19.5913323710001], [83.063333927, 19.591291202], [83.0633556050001, 19.591223503], [83.0633807310001, 19.5912004350001], [83.06341919, 19.591228185], [83.0634376890001, 19.591203224], [83.063416121, 19.5912411690001], [83.0634747650001, 19.5912591640001], [83.063478547, 19.5912853830001], [83.06344512, 19.5913337650001], [83.0634378060001, 19.591334127], [83.063372751, 19.5913618170001], [83.0633416350001, 19.5913850540001], [83.0633563170001, 19.591459372], [83.0633733320001, 19.591508619], [83.063341145, 19.591567712], [83.0633483930001, 19.5916130530001], [83.0633167340001, 19.59168606], [83.063289759, 19.591689618], [83.0632773730001, 19.591647113], [83.0632201540001, 19.5916901730001]]], [[[83.064656471, 19.591282635], [83.0646709310001, 19.5912757180001], [83.064686581, 19.591268483], [83.0646732550001, 19.5912719680001], [83.064656471, 19.591282635]]], [[[83.0644233770001, 19.5912553740001], [83.064382133, 19.5912863560001], [83.06435651, 19.591318734], [83.0643700270001, 19.5913428320001], [83.0643923260001, 19.591375296], [83.0644528030001, 19.591405686], [83.0644483170001, 19.5913840310001], [83.0644852820001, 19.591368307], [83.064542848, 19.5913751360001], [83.06453989, 19.591402916], [83.064538128, 19.5914583310001], [83.064556704, 19.5914737570001], [83.064627085, 19.5914421850001], [83.0646593490001, 19.5914244430001], [83.0646547410001, 19.591373978], [83.0646529410001, 19.5913419560001], [83.0646262760001, 19.591329268], [83.0646265330001, 19.591301662], [83.064656471, 19.591282635], [83.0646287740001, 19.591295884], [83.0645703800001, 19.5912945060001], [83.06453429, 19.5912936660001], [83.0644954700001, 19.5913322480001], [83.064465576, 19.5913176170001], [83.064451116, 19.591288161], [83.0644233770001, 19.5912553740001]]], [[[83.064448945, 19.591416039], [83.0644544150001, 19.591406496], [83.0644528030001, 19.591405686], [83.0644529630001, 19.591406459], [83.064448945, 19.591416039]]], [[[83.064052094, 19.591514026], [83.064040446, 19.591498572], [83.0640602670001, 19.591459566], [83.0640543360001, 19.5914362680001], [83.064078029, 19.5913905690001], [83.0640538380001, 19.5913802630001], [83.0639986290001, 19.591541572], [83.0640286540001, 19.5915475640001], [83.064017993, 19.591574746], [83.0639860370001, 19.59160924], [83.0640509980001, 19.591632561], [83.0640794280001, 19.59164665], [83.0641127380001, 19.591660205], [83.0641322100001, 19.5916856000001], [83.064174339, 19.5916904330001], [83.064144147, 19.59175874], [83.0641599740001, 19.5917708280001], [83.064188705, 19.591753785], [83.0642030720001, 19.591782618], [83.0642192330001, 19.5917718960001], [83.0642311870001, 19.5917376840001], [83.0642435290001, 19.59170491], [83.0643120190001, 19.5916880500001], [83.064361653, 19.591721222], [83.0643947440001, 19.591653185], [83.0643433820001, 19.591647161], [83.064364411, 19.591598988], [83.0643621770001, 19.591598795], [83.0643371360001, 19.591576956], [83.0643721160001, 19.5915524860001], [83.0643782760001, 19.5915045300001], [83.064335988, 19.5914761810001], [83.0642200300001, 19.5914201750001], [83.0641797640001, 19.5913655950001], [83.0641617750001, 19.5913784100001], [83.0641573410001, 19.591403481], [83.06414111, 19.591420467], [83.064117433, 19.591440264], [83.0641163930001, 19.591455254], [83.064118926, 19.5914854230001], [83.0641261380001, 19.591504161], [83.0641156340001, 19.5915339700001], [83.064070857, 19.591532316], [83.064052094, 19.591514026]], [[83.064289198, 19.5916732650001], [83.0642605140001, 19.5916855400001], [83.064230712, 19.591657668], [83.0642186310001, 19.5916354870001], [83.064206003, 19.591596742], [83.064264747, 19.5915778400001], [83.0643090600001, 19.5915942930001], [83.064309839, 19.591594376], [83.0643027510001, 19.591609555], [83.064289198, 19.5916732650001]]], [[[83.062849408, 19.5918708080001], [83.0628899290001, 19.591922707], [83.0629516120001, 19.5919658650001], [83.0629765310001, 19.5919587650001], [83.062849408, 19.5918708080001]]], [[[83.064017511, 19.591952561], [83.063967694, 19.59198007], [83.0639395250001, 19.5919664800001], [83.063945237, 19.5918984960001], [83.063889427, 19.591937396], [83.0638912470001, 19.5919832770001], [83.0638397180001, 19.592032826], [83.06381688, 19.5920725570001], [83.0637611280001, 19.592041044], [83.0637820040001, 19.592002732], [83.0637426060001, 19.5920164030001], [83.0637551500001, 19.5919556860001], [83.0637512660001, 19.5919178090001], [83.0637154360001, 19.591965046], [83.0636830710001, 19.591958907], [83.0636857530001, 19.591913145], [83.063632172, 19.5918870400001], [83.063536389, 19.5919255470001], [83.0635043, 19.5919892000001], [83.0634967, 19.5920499000001], [83.063855856, 19.5921409800001], [83.063902924, 19.5920654990001], [83.06394506, 19.5920798870001], [83.0639817680001, 19.592101111], [83.064031103, 19.5920669340001], [83.0640383400001, 19.5920012930001], [83.064017511, 19.591952561]]], [[[83.0632017230001, 19.5921475480001], [83.0632288850001, 19.5920749900001], [83.063286664, 19.5920080170001], [83.0633939240001, 19.59199218], [83.0632921860001, 19.591934539], [83.0631822270001, 19.591956184], [83.0630881020001, 19.59195477], [83.063032472, 19.591942825], [83.0629765310001, 19.5919587650001], [83.063017657, 19.5919872200001], [83.0630866710001, 19.592060546], [83.063141907, 19.5922055290001], [83.0632017230001, 19.5921475480001]]]]}, "properties": {"site_id": "FCF_GV_EMU_Kalahandi_1", "name": "FCF_GV_EMU_Kalahandi_1", "n_member_parcels": 234}}]}